date,station_name_as_reported,generation_mu,month_cumulative_mu,source_daily_average_mu,reported_maximum_output_mw,reported_maximum_output_time,planned_shutdown_reported,forced_shutdown_reported,machines_available_reported,mp_reported,ep_reported,classification,source_sha256
2024-04-01,Idukki,6.47,6.47,6.47,610,22,1,,5,2,5,official_observed_reference,639f65d845161859ef54c427426c2bac2ccff6c3b7b53c2c09b31973bc2b805e
2024-04-01,Sabarigiri,5.3936,5.3936,5.3936,301.6,2,,,6,6,6,official_observed_reference,639f65d845161859ef54c427426c2bac2ccff6c3b7b53c2c09b31973bc2b805e
2024-04-01,Idamalayar,0.9157,0.9157,0.9157,62,,,,2,1,2,official_observed_reference,639f65d845161859ef54c427426c2bac2ccff6c3b7b53c2c09b31973bc2b805e
2024-04-01,Sholayar,0.9151,0.9151,0.9151,54.4,20,,,3,2,3,official_observed_reference,639f65d845161859ef54c427426c2bac2ccff6c3b7b53c2c09b31973bc2b805e
2024-04-01,Pallivasal,0.481,0.481,0.481,20.4,23,,2,4,4,4,official_observed_reference,639f65d845161859ef54c427426c2bac2ccff6c3b7b53c2c09b31973bc2b805e
2024-04-01,Kuttiadi,1.8222,1.8222,1.8222,193.4,21,1,,5,,5,official_observed_reference,639f65d845161859ef54c427426c2bac2ccff6c3b7b53c2c09b31973bc2b805e
2024-04-01,Panniar,0.4613,0.4613,0.4613,30.6,2,,,2,,2,official_observed_reference,639f65d845161859ef54c427426c2bac2ccff6c3b7b53c2c09b31973bc2b805e
2024-04-01,Neriamangalam,0.4396,0.4396,0.4396,75.2,23,,,4,,2,official_observed_reference,639f65d845161859ef54c427426c2bac2ccff6c3b7b53c2c09b31973bc2b805e
2024-04-01,Lower Periyar,0.441,0.441,0.441,164,23,,,3,,,official_observed_reference,639f65d845161859ef54c427426c2bac2ccff6c3b7b53c2c09b31973bc2b805e
2024-04-01,"Poringalkuthu, PLBE",0.3587,0.3587,0.3587,42.86,22,1,,5,1,1,official_observed_reference,639f65d845161859ef54c427426c2bac2ccff6c3b7b53c2c09b31973bc2b805e
2024-04-01,Sengulam,0.32,0.32,0.32,51.2,22,,,4,,4,official_observed_reference,639f65d845161859ef54c427426c2bac2ccff6c3b7b53c2c09b31973bc2b805e
2024-04-01,Kakkad,0.7337,0.7337,0.7337,36.56,6,,,2,2,2,official_observed_reference,639f65d845161859ef54c427426c2bac2ccff6c3b7b53c2c09b31973bc2b805e
2024-04-01,Kallada,0.2031,0.2031,0.2031,12.4,5,,,2,2,2,official_observed_reference,639f65d845161859ef54c427426c2bac2ccff6c3b7b53c2c09b31973bc2b805e
2024-04-01,Malankara,0.0785,0.0785,0.0785,4.5,21,,,2,2,2,official_observed_reference,639f65d845161859ef54c427426c2bac2ccff6c3b7b53c2c09b31973bc2b805e
2024-04-01,Maniyar,0.0858,0.0858,0.0858,,,,,3,2,2,official_observed_reference,639f65d845161859ef54c427426c2bac2ccff6c3b7b53c2c09b31973bc2b805e
2024-04-01,Kuthungal,0.2174,0.2174,0.2174,14.2,7,,,3,1,2,official_observed_reference,639f65d845161859ef54c427426c2bac2ccff6c3b7b53c2c09b31973bc2b805e
2024-04-02,Idukki,7.997,14.467,7.2335,604,2,1,,5,3,5,official_observed_reference,f30fab34482757e7387789fcb6b3f15478d06dff9df4e355ab0f1fd1f0747819
2024-04-02,Sabarigiri,5.5354,10.929,5.4645,305.6,23,,,6,5,6,official_observed_reference,f30fab34482757e7387789fcb6b3f15478d06dff9df4e355ab0f1fd1f0747819
2024-04-02,Idamalayar,1.3248,2.2405,1.1203,62.4,3,,,2,2,2,official_observed_reference,f30fab34482757e7387789fcb6b3f15478d06dff9df4e355ab0f1fd1f0747819
2024-04-02,Sholayar,1.0328,1.9479,0.974,54.4,,,,3,2,3,official_observed_reference,f30fab34482757e7387789fcb6b3f15478d06dff9df4e355ab0f1fd1f0747819
2024-04-02,Pallivasal,0.4831,0.9641,0.4821,20.4,11,,2,4,4,4,official_observed_reference,f30fab34482757e7387789fcb6b3f15478d06dff9df4e355ab0f1fd1f0747819
2024-04-02,Kuttiadi,1.6599,3.4821,1.7411,194,22,1,,5,,5,official_observed_reference,f30fab34482757e7387789fcb6b3f15478d06dff9df4e355ab0f1fd1f0747819
2024-04-02,Panniar,0.3872,0.8485,0.4243,31,17,,,2,,2,official_observed_reference,f30fab34482757e7387789fcb6b3f15478d06dff9df4e355ab0f1fd1f0747819
2024-04-02,Neriamangalam,0.4483,0.8879,0.444,75.4,22,,,4,,2,official_observed_reference,f30fab34482757e7387789fcb6b3f15478d06dff9df4e355ab0f1fd1f0747819
2024-04-02,Lower Periyar,0.455,0.896,0.448,160,22,,,3,,,official_observed_reference,f30fab34482757e7387789fcb6b3f15478d06dff9df4e355ab0f1fd1f0747819
2024-04-02,"Poringalkuthu, PLBE",0.3507,0.7093,0.3547,51.84,22,1,,5,1,1,official_observed_reference,f30fab34482757e7387789fcb6b3f15478d06dff9df4e355ab0f1fd1f0747819
2024-04-02,Sengulam,0.327,0.647,0.3235,50.4,21,,,4,,4,official_observed_reference,f30fab34482757e7387789fcb6b3f15478d06dff9df4e355ab0f1fd1f0747819
2024-04-02,Kakkad,0.7257,1.4594,0.7297,35.68,,,,2,2,2,official_observed_reference,f30fab34482757e7387789fcb6b3f15478d06dff9df4e355ab0f1fd1f0747819
2024-04-02,Kallada,0.2026,0.4057,0.2029,12.2,6,,,2,1,2,official_observed_reference,f30fab34482757e7387789fcb6b3f15478d06dff9df4e355ab0f1fd1f0747819
2024-04-02,Malankara,0.112,0.1904,0.0952,5.4,13,,,2,2,2,official_observed_reference,f30fab34482757e7387789fcb6b3f15478d06dff9df4e355ab0f1fd1f0747819
2024-04-02,Maniyar,0.0671,0.1529,0.0765,,,,,3,1,2,official_observed_reference,f30fab34482757e7387789fcb6b3f15478d06dff9df4e355ab0f1fd1f0747819
2024-04-02,Kuthungal,0.218,0.4354,0.2177,14.4,18,,,3,2,2,official_observed_reference,f30fab34482757e7387789fcb6b3f15478d06dff9df4e355ab0f1fd1f0747819
2024-04-03,Idukki,8.876,23.343,7.781,610,23,,1,5,3,5,official_observed_reference,3491f21da2494d7a16e66ca74fac544b6b6c2102be641ef7940bc0840e007512
2024-04-03,Sabarigiri,5.4651,16.3941,5.4647,301,,,,6,6,6,official_observed_reference,3491f21da2494d7a16e66ca74fac544b6b6c2102be641ef7940bc0840e007512
2024-04-03,Idamalayar,1.0969,3.3374,1.1125,62.4,16,,,2,2,2,official_observed_reference,3491f21da2494d7a16e66ca74fac544b6b6c2102be641ef7940bc0840e007512
2024-04-03,Sholayar,0.8688,2.8167,0.9389,54.4,,,,3,2,3,official_observed_reference,3491f21da2494d7a16e66ca74fac544b6b6c2102be641ef7940bc0840e007512
2024-04-03,Pallivasal,0.485,1.4491,0.483,20.4,2,,2,4,4,4,official_observed_reference,3491f21da2494d7a16e66ca74fac544b6b6c2102be641ef7940bc0840e007512
2024-04-03,Kuttiadi,1.9551,5.4372,1.8124,193.8,23,1,,5,,5,official_observed_reference,3491f21da2494d7a16e66ca74fac544b6b6c2102be641ef7940bc0840e007512
2024-04-03,Panniar,0.3801,1.2286,0.4095,30.6,1,,,2,,2,official_observed_reference,3491f21da2494d7a16e66ca74fac544b6b6c2102be641ef7940bc0840e007512
2024-04-03,Neriamangalam,0.4006,1.2885,0.4295,75.2,,,,4,,3,official_observed_reference,3491f21da2494d7a16e66ca74fac544b6b6c2102be641ef7940bc0840e007512
2024-04-03,Lower Periyar,0.726,1.622,0.5407,160,,,,3,,2,official_observed_reference,3491f21da2494d7a16e66ca74fac544b6b6c2102be641ef7940bc0840e007512
2024-04-03,"Poringalkuthu, PLBE",0.4138,1.1231,0.3744,51.78,,,,6,1,2,official_observed_reference,3491f21da2494d7a16e66ca74fac544b6b6c2102be641ef7940bc0840e007512
2024-04-03,Sengulam,0.3319,0.9789,0.3263,51.2,21,,,4,,4,official_observed_reference,3491f21da2494d7a16e66ca74fac544b6b6c2102be641ef7940bc0840e007512
2024-04-03,Kakkad,0.7571,2.2165,0.7388,37,3,,,2,2,2,official_observed_reference,3491f21da2494d7a16e66ca74fac544b6b6c2102be641ef7940bc0840e007512
2024-04-03,Kallada,0.196,0.6017,0.2006,12.2,6,,,2,2,2,official_observed_reference,3491f21da2494d7a16e66ca74fac544b6b6c2102be641ef7940bc0840e007512
2024-04-03,Malankara,0.1164,0.3068,0.1023,5.55,6,,,2,2,2,official_observed_reference,3491f21da2494d7a16e66ca74fac544b6b6c2102be641ef7940bc0840e007512
2024-04-03,Maniyar,0.0699,0.2228,0.0743,,,,,3,2,2,official_observed_reference,3491f21da2494d7a16e66ca74fac544b6b6c2102be641ef7940bc0840e007512
2024-04-03,Kuthungal,0.2125,0.6479,0.216,13,8,,,3,2,2,official_observed_reference,3491f21da2494d7a16e66ca74fac544b6b6c2102be641ef7940bc0840e007512
2024-04-04,Idukki,9.555,32.898,8.2245,634,22,,1,5,5,5,official_observed_reference,a6a3733ac9b9b590d31808be27ff7d92ef2ee85ef43b8dd6eaa17eb3954cb4df
2024-04-04,Sabarigiri,6.004,22.3981,5.5995,303.2,23,,,6,6,6,official_observed_reference,a6a3733ac9b9b590d31808be27ff7d92ef2ee85ef43b8dd6eaa17eb3954cb4df
2024-04-04,Idamalayar,1.2438,4.5812,1.1453,61.2,6,,,2,2,2,official_observed_reference,a6a3733ac9b9b590d31808be27ff7d92ef2ee85ef43b8dd6eaa17eb3954cb4df
2024-04-04,Sholayar,0.8354,3.6521,0.913,54.6,20,,,3,2,3,official_observed_reference,a6a3733ac9b9b590d31808be27ff7d92ef2ee85ef43b8dd6eaa17eb3954cb4df
2024-04-04,Pallivasal,0.4854,1.9345,0.4836,20.4,6,,2,4,4,4,official_observed_reference,a6a3733ac9b9b590d31808be27ff7d92ef2ee85ef43b8dd6eaa17eb3954cb4df
2024-04-04,Kuttiadi,2.3524,7.7896,1.9474,190,16,1,,5,,5,official_observed_reference,a6a3733ac9b9b590d31808be27ff7d92ef2ee85ef43b8dd6eaa17eb3954cb4df
2024-04-04,Panniar,0.4125,1.6411,0.4103,30.6,,,,2,,2,official_observed_reference,a6a3733ac9b9b590d31808be27ff7d92ef2ee85ef43b8dd6eaa17eb3954cb4df
2024-04-04,Neriamangalam,0.5257,1.8142,0.4536,60.6,21,,,4,,3,official_observed_reference,a6a3733ac9b9b590d31808be27ff7d92ef2ee85ef43b8dd6eaa17eb3954cb4df
2024-04-04,Lower Periyar,0.695,2.317,0.5793,158,22,,,3,,3,official_observed_reference,a6a3733ac9b9b590d31808be27ff7d92ef2ee85ef43b8dd6eaa17eb3954cb4df
2024-04-04,"Poringalkuthu, PLBE",0.4957,1.6188,0.4047,51.72,,,,6,1,5,official_observed_reference,a6a3733ac9b9b590d31808be27ff7d92ef2ee85ef43b8dd6eaa17eb3954cb4df
2024-04-04,Sengulam,0.2959,1.2748,0.3187,51.4,19,,,4,,4,official_observed_reference,a6a3733ac9b9b590d31808be27ff7d92ef2ee85ef43b8dd6eaa17eb3954cb4df
2024-04-04,Kakkad,0.8024,3.0189,0.7547,36.4,7,,,2,2,2,official_observed_reference,a6a3733ac9b9b590d31808be27ff7d92ef2ee85ef43b8dd6eaa17eb3954cb4df
2024-04-04,Kallada,0.1988,0.8005,0.2001,12.6,17,,,2,2,2,official_observed_reference,a6a3733ac9b9b590d31808be27ff7d92ef2ee85ef43b8dd6eaa17eb3954cb4df
2024-04-04,Malankara,0.1139,0.4208,0.1052,5.55,2,,,2,2,2,official_observed_reference,a6a3733ac9b9b590d31808be27ff7d92ef2ee85ef43b8dd6eaa17eb3954cb4df
2024-04-04,Maniyar,0.0872,0.31,0.0775,,,,,3,2,2,official_observed_reference,a6a3733ac9b9b590d31808be27ff7d92ef2ee85ef43b8dd6eaa17eb3954cb4df
2024-04-04,Kuthungal,0.1972,0.8451,0.2113,8.8,,,,3,2,2,official_observed_reference,a6a3733ac9b9b590d31808be27ff7d92ef2ee85ef43b8dd6eaa17eb3954cb4df
2024-04-05,Idukki,9.91,42.808,8.5616,618,,,1,5,4,5,official_observed_reference,a2d60470b4237965d7090561348f280c7789806f672472d841f5d939c319de84
2024-04-05,Sabarigiri,6.2252,28.6233,5.7247,309.2,5,,,6,6,6,official_observed_reference,a2d60470b4237965d7090561348f280c7789806f672472d841f5d939c319de84
2024-04-05,Idamalayar,1.1405,5.7217,1.1443,61.6,22,,,2,2,2,official_observed_reference,a2d60470b4237965d7090561348f280c7789806f672472d841f5d939c319de84
2024-04-05,Sholayar,0.844,4.4961,0.8992,54.4,20,,,3,2,3,official_observed_reference,a2d60470b4237965d7090561348f280c7789806f672472d841f5d939c319de84
2024-04-05,Pallivasal,0.4853,2.4198,0.484,20.4,8,,2,4,4,4,official_observed_reference,a2d60470b4237965d7090561348f280c7789806f672472d841f5d939c319de84
2024-04-05,Kuttiadi,1.9265,9.7161,1.9432,192.2,22,1,,5,,5,official_observed_reference,a2d60470b4237965d7090561348f280c7789806f672472d841f5d939c319de84
2024-04-05,Panniar,0.6332,2.2743,0.4549,30.6,15,,,2,1,2,official_observed_reference,a2d60470b4237965d7090561348f280c7789806f672472d841f5d939c319de84
2024-04-05,Neriamangalam,0.6629,2.4771,0.4954,61,20,,,4,,3,official_observed_reference,a2d60470b4237965d7090561348f280c7789806f672472d841f5d939c319de84
2024-04-05,Lower Periyar,0.774,3.091,0.6182,152,22,,,3,,3,official_observed_reference,a2d60470b4237965d7090561348f280c7789806f672472d841f5d939c319de84
2024-04-05,"Poringalkuthu, PLBE",0.5212,2.14,0.428,51.52,23,,,6,1,6,official_observed_reference,a2d60470b4237965d7090561348f280c7789806f672472d841f5d939c319de84
2024-04-05,Sengulam,0.3609,1.6357,0.3271,51.4,22,,,4,,4,official_observed_reference,a2d60470b4237965d7090561348f280c7789806f672472d841f5d939c319de84
2024-04-05,Kakkad,0.8476,3.8665,0.7733,36.24,6,,,2,2,2,official_observed_reference,a2d60470b4237965d7090561348f280c7789806f672472d841f5d939c319de84
2024-04-05,Kallada,0.1897,0.9902,0.198,12.6,18,,,2,1,2,official_observed_reference,a2d60470b4237965d7090561348f280c7789806f672472d841f5d939c319de84
2024-04-05,Malankara,0.1179,0.5387,0.1077,6,11,,,2,2,2,official_observed_reference,a2d60470b4237965d7090561348f280c7789806f672472d841f5d939c319de84
2024-04-05,Maniyar,0.094,0.404,0.0808,,,,,3,2,2,official_observed_reference,a2d60470b4237965d7090561348f280c7789806f672472d841f5d939c319de84
2024-04-05,Kuthungal,0.2054,1.0505,0.2101,11.2,18,,,3,2,2,official_observed_reference,a2d60470b4237965d7090561348f280c7789806f672472d841f5d939c319de84
2024-04-06,Idukki,9.129,51.937,8.6562,618,22,,1,5,5,5,official_observed_reference,9c8a11a3d8a40acfc8692704bb1747dfa073cac49a22d88adafcc5a004bc8608
2024-04-06,Sabarigiri,5.2308,33.8541,5.6424,301,1,,,6,6,6,official_observed_reference,9c8a11a3d8a40acfc8692704bb1747dfa073cac49a22d88adafcc5a004bc8608
2024-04-06,Idamalayar,1.1294,6.8511,1.1419,61.8,,,,2,2,2,official_observed_reference,9c8a11a3d8a40acfc8692704bb1747dfa073cac49a22d88adafcc5a004bc8608
2024-04-06,Sholayar,0.8296,5.3257,0.8876,54.6,21,,,3,2,3,official_observed_reference,9c8a11a3d8a40acfc8692704bb1747dfa073cac49a22d88adafcc5a004bc8608
2024-04-06,Pallivasal,0.4861,2.9059,0.4843,20.4,3,,2,4,4,4,official_observed_reference,9c8a11a3d8a40acfc8692704bb1747dfa073cac49a22d88adafcc5a004bc8608
2024-04-06,Kuttiadi,1.8598,11.5759,1.9293,194,22,1,,5,,5,official_observed_reference,9c8a11a3d8a40acfc8692704bb1747dfa073cac49a22d88adafcc5a004bc8608
2024-04-06,Panniar,0.5405,2.8148,0.4691,30.6,1,,,2,2,2,official_observed_reference,9c8a11a3d8a40acfc8692704bb1747dfa073cac49a22d88adafcc5a004bc8608
2024-04-06,Neriamangalam,0.443,2.9201,0.4867,60.6,,1,,3,,1,official_observed_reference,9c8a11a3d8a40acfc8692704bb1747dfa073cac49a22d88adafcc5a004bc8608
2024-04-06,Lower Periyar,0.688,3.779,0.6298,156,22,,,3,,1,official_observed_reference,9c8a11a3d8a40acfc8692704bb1747dfa073cac49a22d88adafcc5a004bc8608
2024-04-06,"Poringalkuthu, PLBE",0.4392,2.5792,0.4299,51.56,22,,,6,1,1,official_observed_reference,9c8a11a3d8a40acfc8692704bb1747dfa073cac49a22d88adafcc5a004bc8608
2024-04-06,Sengulam,0.2177,1.8534,0.3089,51.2,23,,,4,,2,official_observed_reference,9c8a11a3d8a40acfc8692704bb1747dfa073cac49a22d88adafcc5a004bc8608
2024-04-06,Kakkad,0.6841,4.5506,0.7584,35.76,1,,,2,2,2,official_observed_reference,9c8a11a3d8a40acfc8692704bb1747dfa073cac49a22d88adafcc5a004bc8608
2024-04-06,Kallada,0.1964,1.1866,0.1978,12.4,7,,,2,2,2,official_observed_reference,9c8a11a3d8a40acfc8692704bb1747dfa073cac49a22d88adafcc5a004bc8608
2024-04-06,Malankara,0.1173,0.656,0.1093,6,9,,,2,2,2,official_observed_reference,9c8a11a3d8a40acfc8692704bb1747dfa073cac49a22d88adafcc5a004bc8608
2024-04-06,Maniyar,0.0812,0.4852,0.0809,,,,,3,2,2,official_observed_reference,9c8a11a3d8a40acfc8692704bb1747dfa073cac49a22d88adafcc5a004bc8608
2024-04-06,Kuthungal,0.2043,1.2548,0.2091,11,18,,,3,2,2,official_observed_reference,9c8a11a3d8a40acfc8692704bb1747dfa073cac49a22d88adafcc5a004bc8608
2024-04-07,Idukki,6.784,58.721,8.3887,608,,,1,5,,4,official_observed_reference,c0ac07ead6b75e55972c604fb39421dd46135b6134c7158396faf1c5b585ac3b
2024-04-07,Sabarigiri,4.4377,38.2918,5.4703,301.8,,,,6,,6,official_observed_reference,c0ac07ead6b75e55972c604fb39421dd46135b6134c7158396faf1c5b585ac3b
2024-04-07,Idamalayar,0.816,7.6671,1.0953,62.6,1,,,2,1,2,official_observed_reference,c0ac07ead6b75e55972c604fb39421dd46135b6134c7158396faf1c5b585ac3b
2024-04-07,Sholayar,0.8306,6.1563,0.8795,54.6,5,,,3,2,3,official_observed_reference,c0ac07ead6b75e55972c604fb39421dd46135b6134c7158396faf1c5b585ac3b
2024-04-07,Pallivasal,0.4849,3.3908,0.4844,20.4,3,,2,4,1,4,official_observed_reference,c0ac07ead6b75e55972c604fb39421dd46135b6134c7158396faf1c5b585ac3b
2024-04-07,Kuttiadi,1.4608,13.0367,1.8624,187.2,22,1,,5,1,5,official_observed_reference,c0ac07ead6b75e55972c604fb39421dd46135b6134c7158396faf1c5b585ac3b
2024-04-07,Panniar,0.6369,3.4517,0.4931,30.4,,,,2,2,2,official_observed_reference,c0ac07ead6b75e55972c604fb39421dd46135b6134c7158396faf1c5b585ac3b
2024-04-07,Neriamangalam,0.6287,3.5488,0.507,60.2,,1,,3,1,2,official_observed_reference,c0ac07ead6b75e55972c604fb39421dd46135b6134c7158396faf1c5b585ac3b
2024-04-07,Lower Periyar,0.341,4.12,0.5886,154,,,,3,,,official_observed_reference,c0ac07ead6b75e55972c604fb39421dd46135b6134c7158396faf1c5b585ac3b
2024-04-07,"Poringalkuthu, PLBE",0.3209,2.9001,0.4143,51.54,,,,6,2,1,official_observed_reference,c0ac07ead6b75e55972c604fb39421dd46135b6134c7158396faf1c5b585ac3b
2024-04-07,Sengulam,0.3363,2.1897,0.3128,50.8,,,,4,4,2,official_observed_reference,c0ac07ead6b75e55972c604fb39421dd46135b6134c7158396faf1c5b585ac3b
2024-04-07,Kakkad,0.597,5.1476,0.7354,36.3,6,,,2,2,2,official_observed_reference,c0ac07ead6b75e55972c604fb39421dd46135b6134c7158396faf1c5b585ac3b
2024-04-07,Kallada,0.1996,1.3862,0.198,13.6,5,,,2,2,2,official_observed_reference,c0ac07ead6b75e55972c604fb39421dd46135b6134c7158396faf1c5b585ac3b
2024-04-07,Malankara,0.1023,0.7583,0.1083,5.4,3,,,2,2,1,official_observed_reference,c0ac07ead6b75e55972c604fb39421dd46135b6134c7158396faf1c5b585ac3b
2024-04-07,Maniyar,0.0574,0.5426,0.0775,,,,,3,,,official_observed_reference,c0ac07ead6b75e55972c604fb39421dd46135b6134c7158396faf1c5b585ac3b
2024-04-07,Kuthungal,0.2026,1.4574,0.2082,10.8,6,,,3,,,official_observed_reference,c0ac07ead6b75e55972c604fb39421dd46135b6134c7158396faf1c5b585ac3b
2024-04-08,Idukki,7.568,66.289,8.2861,612,23,,1,5,4,5,official_observed_reference,26427c2cf1942b034fe5525e0c1ff8cc008aa06a830326fca6a57f7d84af3f34
2024-04-08,Sabarigiri,6.0133,44.3051,5.5381,301.8,21,,,6,6,6,official_observed_reference,26427c2cf1942b034fe5525e0c1ff8cc008aa06a830326fca6a57f7d84af3f34
2024-04-08,Idamalayar,1.181,8.8481,1.106,60.4,,,,2,2,2,official_observed_reference,26427c2cf1942b034fe5525e0c1ff8cc008aa06a830326fca6a57f7d84af3f34
2024-04-08,Sholayar,0.9538,7.1101,0.8888,54.6,19,,,3,2,3,official_observed_reference,26427c2cf1942b034fe5525e0c1ff8cc008aa06a830326fca6a57f7d84af3f34
2024-04-08,Pallivasal,0.4848,3.8756,0.4845,20.4,8,,2,4,4,4,official_observed_reference,26427c2cf1942b034fe5525e0c1ff8cc008aa06a830326fca6a57f7d84af3f34
2024-04-08,Kuttiadi,1.643,14.6797,1.835,191.4,,1,,5,,5,official_observed_reference,26427c2cf1942b034fe5525e0c1ff8cc008aa06a830326fca6a57f7d84af3f34
2024-04-08,Panniar,0.4114,3.8631,0.4829,30.4,,,,2,,2,official_observed_reference,26427c2cf1942b034fe5525e0c1ff8cc008aa06a830326fca6a57f7d84af3f34
2024-04-08,Neriamangalam,0.3282,3.877,0.4846,48.8,23,1,,3,,3,official_observed_reference,26427c2cf1942b034fe5525e0c1ff8cc008aa06a830326fca6a57f7d84af3f34
2024-04-08,Lower Periyar,0.605,4.725,0.5906,154,22,,,3,,3,official_observed_reference,26427c2cf1942b034fe5525e0c1ff8cc008aa06a830326fca6a57f7d84af3f34
2024-04-08,"Poringalkuthu, PLBE",0.4436,3.3436,0.418,51.16,22,,,6,1,6,official_observed_reference,26427c2cf1942b034fe5525e0c1ff8cc008aa06a830326fca6a57f7d84af3f34
2024-04-08,Sengulam,0.3569,2.5466,0.3183,51,22,,,4,1,4,official_observed_reference,26427c2cf1942b034fe5525e0c1ff8cc008aa06a830326fca6a57f7d84af3f34
2024-04-08,Kakkad,0.7909,5.9385,0.7423,36.94,3,,,2,2,2,official_observed_reference,26427c2cf1942b034fe5525e0c1ff8cc008aa06a830326fca6a57f7d84af3f34
2024-04-08,Kallada,0.1972,1.5834,0.1979,12.2,6,,,2,2,2,official_observed_reference,26427c2cf1942b034fe5525e0c1ff8cc008aa06a830326fca6a57f7d84af3f34
2024-04-08,Malankara,0.0774,0.8357,0.1045,4.8,8,,,2,2,2,official_observed_reference,26427c2cf1942b034fe5525e0c1ff8cc008aa06a830326fca6a57f7d84af3f34
2024-04-08,Maniyar,0.0852,0.6277,0.0785,,,,,3,2,2,official_observed_reference,26427c2cf1942b034fe5525e0c1ff8cc008aa06a830326fca6a57f7d84af3f34
2024-04-08,Kuthungal,0.1986,1.656,0.207,10.4,19,,,3,1,2,official_observed_reference,26427c2cf1942b034fe5525e0c1ff8cc008aa06a830326fca6a57f7d84af3f34
2024-04-09,Idukki,7.184,73.473,8.1637,616,22,,1,5,1,5,official_observed_reference,c8db897526213dd032c891f93ab5e0885cee2c008c6489ff4f2418fca189190c
2024-04-09,Sabarigiri,6.0326,50.3377,5.5931,301,16,,,6,5,6,official_observed_reference,c8db897526213dd032c891f93ab5e0885cee2c008c6489ff4f2418fca189190c
2024-04-09,Idamalayar,1.2361,10.0842,1.1205,60.8,23,,,2,2,2,official_observed_reference,c8db897526213dd032c891f93ab5e0885cee2c008c6489ff4f2418fca189190c
2024-04-09,Sholayar,1.0156,8.1257,0.9029,54.6,2,,,3,2,3,official_observed_reference,c8db897526213dd032c891f93ab5e0885cee2c008c6489ff4f2418fca189190c
2024-04-09,Pallivasal,0.4866,4.3622,0.4847,20.4,1,,2,4,4,4,official_observed_reference,c8db897526213dd032c891f93ab5e0885cee2c008c6489ff4f2418fca189190c
2024-04-09,Kuttiadi,1.9479,16.6276,1.8475,188.8,23,1,,5,,5,official_observed_reference,c8db897526213dd032c891f93ab5e0885cee2c008c6489ff4f2418fca189190c
2024-04-09,Panniar,0.4643,4.3274,0.4808,30.4,,,,2,,2,official_observed_reference,c8db897526213dd032c891f93ab5e0885cee2c008c6489ff4f2418fca189190c
2024-04-09,Neriamangalam,0.4307,4.3077,0.4786,61,21,1,,3,,3,official_observed_reference,c8db897526213dd032c891f93ab5e0885cee2c008c6489ff4f2418fca189190c
2024-04-09,Lower Periyar,0.523,5.248,0.5831,160,23,,,3,,3,official_observed_reference,c8db897526213dd032c891f93ab5e0885cee2c008c6489ff4f2418fca189190c
2024-04-09,"Poringalkuthu, PLBE",0.3648,3.7084,0.412,43.02,22,,,6,1,5,official_observed_reference,c8db897526213dd032c891f93ab5e0885cee2c008c6489ff4f2418fca189190c
2024-04-09,Sengulam,0.3298,2.8764,0.3196,50.8,22,,,4,,4,official_observed_reference,c8db897526213dd032c891f93ab5e0885cee2c008c6489ff4f2418fca189190c
2024-04-09,Kakkad,0.8255,6.7639,0.7515,36.84,1,,,2,2,2,official_observed_reference,c8db897526213dd032c891f93ab5e0885cee2c008c6489ff4f2418fca189190c
2024-04-09,Kallada,0.1685,1.7519,0.1947,11.8,6,,,2,,2,official_observed_reference,c8db897526213dd032c891f93ab5e0885cee2c008c6489ff4f2418fca189190c
2024-04-09,Malankara,0.0987,0.9344,0.1038,5.4,2,,,2,2,2,official_observed_reference,c8db897526213dd032c891f93ab5e0885cee2c008c6489ff4f2418fca189190c
2024-04-09,Maniyar,0.0918,0.7195,0.0799,,,,,3,1,2,official_observed_reference,c8db897526213dd032c891f93ab5e0885cee2c008c6489ff4f2418fca189190c
2024-04-09,Kuthungal,0.194,1.85,0.2056,9,18,,,3,2,2,official_observed_reference,c8db897526213dd032c891f93ab5e0885cee2c008c6489ff4f2418fca189190c
2024-04-10,Idukki,6.03,79.503,7.9503,576,,,2,4,3,4,official_observed_reference,20e47e49a7c0e6975e4197df5d772e0ec52401903616b09a9946a8ad9ea36172
2024-04-10,Sabarigiri,3.8651,54.2028,5.4203,302,23,,,6,4,6,official_observed_reference,20e47e49a7c0e6975e4197df5d772e0ec52401903616b09a9946a8ad9ea36172
2024-04-10,Idamalayar,1.0061,11.0903,1.109,59.8,4,,,2,2,2,official_observed_reference,20e47e49a7c0e6975e4197df5d772e0ec52401903616b09a9946a8ad9ea36172
2024-04-10,Sholayar,0.7467,8.8724,0.8872,54.6,23,,,3,2,3,official_observed_reference,20e47e49a7c0e6975e4197df5d772e0ec52401903616b09a9946a8ad9ea36172
2024-04-10,Pallivasal,0.4664,4.8286,0.4829,20.4,1,,2,4,4,4,official_observed_reference,20e47e49a7c0e6975e4197df5d772e0ec52401903616b09a9946a8ad9ea36172
2024-04-10,Kuttiadi,1.5074,18.135,1.8135,192.4,,1,,5,,3,official_observed_reference,20e47e49a7c0e6975e4197df5d772e0ec52401903616b09a9946a8ad9ea36172
2024-04-10,Panniar,0.298,4.6254,0.4625,30.2,,,,2,,,official_observed_reference,20e47e49a7c0e6975e4197df5d772e0ec52401903616b09a9946a8ad9ea36172
2024-04-10,Neriamangalam,0.2674,4.5751,0.4575,60.8,,1,,3,,,official_observed_reference,20e47e49a7c0e6975e4197df5d772e0ec52401903616b09a9946a8ad9ea36172
2024-04-10,Lower Periyar,0.453,5.701,0.5701,158,23,,,3,,,official_observed_reference,20e47e49a7c0e6975e4197df5d772e0ec52401903616b09a9946a8ad9ea36172
2024-04-10,"Poringalkuthu, PLBE",0.3926,4.101,0.4101,51.6,23,,,6,1,1,official_observed_reference,20e47e49a7c0e6975e4197df5d772e0ec52401903616b09a9946a8ad9ea36172
2024-04-10,Sengulam,0.2564,3.1328,0.3133,50.8,22,,,4,,2,official_observed_reference,20e47e49a7c0e6975e4197df5d772e0ec52401903616b09a9946a8ad9ea36172
2024-04-10,Kakkad,0.5963,7.3603,0.736,36.56,2,,,2,2,2,official_observed_reference,20e47e49a7c0e6975e4197df5d772e0ec52401903616b09a9946a8ad9ea36172
2024-04-10,Kallada,0.1732,1.9251,0.1925,11.8,6,,,2,2,2,official_observed_reference,20e47e49a7c0e6975e4197df5d772e0ec52401903616b09a9946a8ad9ea36172
2024-04-10,Malankara,0.0753,1.0097,0.101,5.4,3,,,2,2,2,official_observed_reference,20e47e49a7c0e6975e4197df5d772e0ec52401903616b09a9946a8ad9ea36172
2024-04-10,Maniyar,0.0592,0.7787,0.0779,,,,,3,1,2,official_observed_reference,20e47e49a7c0e6975e4197df5d772e0ec52401903616b09a9946a8ad9ea36172
2024-04-10,Kuthungal,0.1992,2.0492,0.2049,14,6,,,3,2,2,official_observed_reference,20e47e49a7c0e6975e4197df5d772e0ec52401903616b09a9946a8ad9ea36172
2024-04-11,Idukki,6.337,85.84,7.8036,578,22,,1,5,2,5,official_observed_reference,308f3a826fe7dbbb5437777ebbe646a5e599d9404295550149f0636a69dce7a5
2024-04-11,Sabarigiri,5.2563,59.4591,5.4054,302.4,22,,,6,6,6,official_observed_reference,308f3a826fe7dbbb5437777ebbe646a5e599d9404295550149f0636a69dce7a5
2024-04-11,Idamalayar,1.3007,12.391,1.1265,59.8,,,,2,2,2,official_observed_reference,308f3a826fe7dbbb5437777ebbe646a5e599d9404295550149f0636a69dce7a5
2024-04-11,Sholayar,0.7607,9.6331,0.8757,54.636,,,,3,2,3,official_observed_reference,308f3a826fe7dbbb5437777ebbe646a5e599d9404295550149f0636a69dce7a5
2024-04-11,Pallivasal,0.4831,5.3117,0.4829,20.6,13,,2,4,4,4,official_observed_reference,308f3a826fe7dbbb5437777ebbe646a5e599d9404295550149f0636a69dce7a5
2024-04-11,Kuttiadi,1.6222,19.7572,1.7961,190.6,22,1,,5,,5,official_observed_reference,308f3a826fe7dbbb5437777ebbe646a5e599d9404295550149f0636a69dce7a5
2024-04-11,Panniar,0.266,4.8914,0.4447,30.2,15,,,2,,2,official_observed_reference,308f3a826fe7dbbb5437777ebbe646a5e599d9404295550149f0636a69dce7a5
2024-04-11,Neriamangalam,0.3621,4.9372,0.4488,34.2,18,1,,3,,2,official_observed_reference,308f3a826fe7dbbb5437777ebbe646a5e599d9404295550149f0636a69dce7a5
2024-04-11,Lower Periyar,0.283,5.984,0.544,150,22,,,3,,,official_observed_reference,308f3a826fe7dbbb5437777ebbe646a5e599d9404295550149f0636a69dce7a5
2024-04-11,"Poringalkuthu, PLBE",0.2883,4.3893,0.399,48.64,22,,,6,1,1,official_observed_reference,308f3a826fe7dbbb5437777ebbe646a5e599d9404295550149f0636a69dce7a5
2024-04-11,Sengulam,0.2913,3.4241,0.3113,50.8,19,,,4,,4,official_observed_reference,308f3a826fe7dbbb5437777ebbe646a5e599d9404295550149f0636a69dce7a5
2024-04-11,Kakkad,0.737,8.0972,0.7361,35.44,21,,,2,1,2,official_observed_reference,308f3a826fe7dbbb5437777ebbe646a5e599d9404295550149f0636a69dce7a5
2024-04-11,Kallada,0.1744,2.0995,0.1909,11.6,5,,,2,1,2,official_observed_reference,308f3a826fe7dbbb5437777ebbe646a5e599d9404295550149f0636a69dce7a5
2024-04-11,Malankara,0.0735,1.0832,0.0985,3.6,6,,,2,1,1,official_observed_reference,308f3a826fe7dbbb5437777ebbe646a5e599d9404295550149f0636a69dce7a5
2024-04-11,Maniyar,0.0769,0.8557,0.0778,,,,,3,1,2,official_observed_reference,308f3a826fe7dbbb5437777ebbe646a5e599d9404295550149f0636a69dce7a5
2024-04-11,Kuthungal,0.195,2.2442,0.204,12,18,,,3,1,2,official_observed_reference,308f3a826fe7dbbb5437777ebbe646a5e599d9404295550149f0636a69dce7a5
2024-04-12,Idukki,4.531,90.371,7.5309,386,2,,1,5,3,4,official_observed_reference,1cfc6ac6fd81c34420a731c82af0c7843a2e4bb5bb950e66b4ba67f8a00d9b2a
2024-04-12,Sabarigiri,3.9462,63.4053,5.2838,300.6,16,,,6,5,6,official_observed_reference,1cfc6ac6fd81c34420a731c82af0c7843a2e4bb5bb950e66b4ba67f8a00d9b2a
2024-04-12,Idamalayar,0.9323,13.3233,1.1103,57.2,,,,2,2,2,official_observed_reference,1cfc6ac6fd81c34420a731c82af0c7843a2e4bb5bb950e66b4ba67f8a00d9b2a
2024-04-12,Sholayar,0.6026,10.2357,0.853,49,,,,3,2,2,official_observed_reference,1cfc6ac6fd81c34420a731c82af0c7843a2e4bb5bb950e66b4ba67f8a00d9b2a
2024-04-12,Pallivasal,0.4612,5.7729,0.4811,20.2,2,,2,4,4,4,official_observed_reference,1cfc6ac6fd81c34420a731c82af0c7843a2e4bb5bb950e66b4ba67f8a00d9b2a
2024-04-12,Kuttiadi,1.03,20.7872,1.7323,169.8,23,1,,5,,4,official_observed_reference,1cfc6ac6fd81c34420a731c82af0c7843a2e4bb5bb950e66b4ba67f8a00d9b2a
2024-04-12,Panniar,0.0756,4.967,0.4139,23.4,19,,,2,,2,official_observed_reference,1cfc6ac6fd81c34420a731c82af0c7843a2e4bb5bb950e66b4ba67f8a00d9b2a
2024-04-12,Neriamangalam,0.0948,5.032,0.4193,33.6,22,1,,3,,2,official_observed_reference,1cfc6ac6fd81c34420a731c82af0c7843a2e4bb5bb950e66b4ba67f8a00d9b2a
2024-04-12,Lower Periyar,0.394,6.378,0.5315,116,23,,,3,,2,official_observed_reference,1cfc6ac6fd81c34420a731c82af0c7843a2e4bb5bb950e66b4ba67f8a00d9b2a
2024-04-12,"Poringalkuthu, PLBE",0.2582,4.6475,0.3873,16.5,23,,,6,1,1,official_observed_reference,1cfc6ac6fd81c34420a731c82af0c7843a2e4bb5bb950e66b4ba67f8a00d9b2a
2024-04-12,Sengulam,0.2808,3.7049,0.3087,50.8,23,,,4,1,4,official_observed_reference,1cfc6ac6fd81c34420a731c82af0c7843a2e4bb5bb950e66b4ba67f8a00d9b2a
2024-04-12,Kakkad,0.5906,8.6878,0.724,35.52,12,,,2,1,2,official_observed_reference,1cfc6ac6fd81c34420a731c82af0c7843a2e4bb5bb950e66b4ba67f8a00d9b2a
2024-04-12,Kallada,0.1708,2.2703,0.1892,11.6,5,,,2,1,2,official_observed_reference,1cfc6ac6fd81c34420a731c82af0c7843a2e4bb5bb950e66b4ba67f8a00d9b2a
2024-04-12,Malankara,0.0783,1.1615,0.0968,3.6,,,,2,2,2,official_observed_reference,1cfc6ac6fd81c34420a731c82af0c7843a2e4bb5bb950e66b4ba67f8a00d9b2a
2024-04-12,Maniyar,0.0724,0.9281,0.0773,,,,,3,1,2,official_observed_reference,1cfc6ac6fd81c34420a731c82af0c7843a2e4bb5bb950e66b4ba67f8a00d9b2a
2024-04-12,Kuthungal,0.2225,2.4667,0.2056,14,19,,,3,2,2,official_observed_reference,1cfc6ac6fd81c34420a731c82af0c7843a2e4bb5bb950e66b4ba67f8a00d9b2a
2024-04-13,Idukki,3.205,93.576,7.1982,352,22,,1,5,2,3,official_observed_reference,98a97981e989f7ee96fb959179189d56461bce1abc02a52b0628ae573e916e8d
2024-04-13,Sabarigiri,3.1773,66.5826,5.1217,301.6,21,,,6,3,6,official_observed_reference,98a97981e989f7ee96fb959179189d56461bce1abc02a52b0628ae573e916e8d
2024-04-13,Idamalayar,0.4947,13.818,1.0629,57.8,19,,,2,,2,official_observed_reference,98a97981e989f7ee96fb959179189d56461bce1abc02a52b0628ae573e916e8d
2024-04-13,Sholayar,0.5424,10.7781,0.8291,36.4,,,,3,2,2,official_observed_reference,98a97981e989f7ee96fb959179189d56461bce1abc02a52b0628ae573e916e8d
2024-04-13,Pallivasal,0.4858,6.2587,0.4814,20.4,,,2,4,4,4,official_observed_reference,98a97981e989f7ee96fb959179189d56461bce1abc02a52b0628ae573e916e8d
2024-04-13,Kuttiadi,1.3107,22.0979,1.6998,192.2,22,1,,5,,5,official_observed_reference,98a97981e989f7ee96fb959179189d56461bce1abc02a52b0628ae573e916e8d
2024-04-13,Panniar,0.2278,5.1948,0.3996,30.4,20,,,2,,2,official_observed_reference,98a97981e989f7ee96fb959179189d56461bce1abc02a52b0628ae573e916e8d
2024-04-13,Neriamangalam,0.2485,5.2805,0.4062,33.2,,1,1,2,,2,official_observed_reference,98a97981e989f7ee96fb959179189d56461bce1abc02a52b0628ae573e916e8d
2024-04-13,Lower Periyar,0.396,6.774,0.5211,118,22,,,3,,2,official_observed_reference,98a97981e989f7ee96fb959179189d56461bce1abc02a52b0628ae573e916e8d
2024-04-13,"Poringalkuthu, PLBE",0.2808,4.9283,0.3791,16.5,21,,,6,1,2,official_observed_reference,98a97981e989f7ee96fb959179189d56461bce1abc02a52b0628ae573e916e8d
2024-04-13,Sengulam,0.3361,4.041,0.3108,51.4,23,,,4,,4,official_observed_reference,98a97981e989f7ee96fb959179189d56461bce1abc02a52b0628ae573e916e8d
2024-04-13,Kakkad,0.4131,9.1009,0.7001,35.68,22,,,2,1,2,official_observed_reference,98a97981e989f7ee96fb959179189d56461bce1abc02a52b0628ae573e916e8d
2024-04-13,Kallada,0.1715,2.4418,0.1878,11.8,18,,,2,,2,official_observed_reference,98a97981e989f7ee96fb959179189d56461bce1abc02a52b0628ae573e916e8d
2024-04-13,Malankara,0.0582,1.2197,0.0938,3.6,,,,2,2,2,official_observed_reference,98a97981e989f7ee96fb959179189d56461bce1abc02a52b0628ae573e916e8d
2024-04-13,Maniyar,0.0231,0.9512,0.0732,,,,,3,2,1,official_observed_reference,98a97981e989f7ee96fb959179189d56461bce1abc02a52b0628ae573e916e8d
2024-04-13,Kuthungal,0.2474,2.7141,0.2088,12.2,4,,,3,2,2,official_observed_reference,98a97981e989f7ee96fb959179189d56461bce1abc02a52b0628ae573e916e8d
2024-04-14,Idukki,3.548,97.124,6.9374,496,22,,1,5,2,3,official_observed_reference,da141908c63ef016c542449f2e8e3b9cd07eadebdf28cbacee1d80186eb3a08d
2024-04-14,Sabarigiri,2.8796,69.4622,4.9616,301.2,1,,,6,1,3,official_observed_reference,da141908c63ef016c542449f2e8e3b9cd07eadebdf28cbacee1d80186eb3a08d
2024-04-14,Idamalayar,0.7128,14.5308,1.0379,57.2,4,,,2,,1,official_observed_reference,da141908c63ef016c542449f2e8e3b9cd07eadebdf28cbacee1d80186eb3a08d
2024-04-14,Sholayar,0.4596,11.2377,0.8027,37.2,21,,,3,2,2,official_observed_reference,da141908c63ef016c542449f2e8e3b9cd07eadebdf28cbacee1d80186eb3a08d
2024-04-14,Pallivasal,0.4849,6.7436,0.4817,20.4,7,,2,4,4,4,official_observed_reference,da141908c63ef016c542449f2e8e3b9cd07eadebdf28cbacee1d80186eb3a08d
2024-04-14,Kuttiadi,1.2731,23.371,1.6694,190.8,22,1,,5,,3,official_observed_reference,da141908c63ef016c542449f2e8e3b9cd07eadebdf28cbacee1d80186eb3a08d
2024-04-14,Panniar,0.1706,5.3654,0.3832,30.8,20,,,2,,1,official_observed_reference,da141908c63ef016c542449f2e8e3b9cd07eadebdf28cbacee1d80186eb3a08d
2024-04-14,Neriamangalam,0.1723,5.4528,0.3895,33.4,20,1,1,2,,2,official_observed_reference,da141908c63ef016c542449f2e8e3b9cd07eadebdf28cbacee1d80186eb3a08d
2024-04-14,Lower Periyar,0.396,7.17,0.5121,106,22,,,3,,1,official_observed_reference,da141908c63ef016c542449f2e8e3b9cd07eadebdf28cbacee1d80186eb3a08d
2024-04-14,"Poringalkuthu, PLBE",0.2448,5.173,0.3695,16.5,15,,,6,1,1,official_observed_reference,da141908c63ef016c542449f2e8e3b9cd07eadebdf28cbacee1d80186eb3a08d
2024-04-14,Sengulam,0.333,4.374,0.3124,52,,,,4,1,2,official_observed_reference,da141908c63ef016c542449f2e8e3b9cd07eadebdf28cbacee1d80186eb3a08d
2024-04-14,Kakkad,0.3842,9.4851,0.6775,36.24,2,,,2,,1,official_observed_reference,da141908c63ef016c542449f2e8e3b9cd07eadebdf28cbacee1d80186eb3a08d
2024-04-14,Kallada,0.1711,2.6129,0.1866,11.4,5,,,2,2,2,official_observed_reference,da141908c63ef016c542449f2e8e3b9cd07eadebdf28cbacee1d80186eb3a08d
2024-04-14,Malankara,0.0447,1.2644,0.0903,2.4,,,,2,1,1,official_observed_reference,da141908c63ef016c542449f2e8e3b9cd07eadebdf28cbacee1d80186eb3a08d
2024-04-14,Maniyar,0.0406,0.9918,0.0708,,,,,3,2,,official_observed_reference,da141908c63ef016c542449f2e8e3b9cd07eadebdf28cbacee1d80186eb3a08d
2024-04-14,Kuthungal,0.2099,2.924,0.2089,11,19,,,3,2,2,official_observed_reference,da141908c63ef016c542449f2e8e3b9cd07eadebdf28cbacee1d80186eb3a08d
2024-04-15,Idukki,6.576,103.7,6.9133,620,22,,1,5,1,5,official_observed_reference,fec91ec56be24c64c9e42523ef4d295900c3ffd6bd627547b75d1030e34f09dd
2024-04-15,Sabarigiri,5.2788,74.741,4.9827,302.8,18,,,6,3,6,official_observed_reference,fec91ec56be24c64c9e42523ef4d295900c3ffd6bd627547b75d1030e34f09dd
2024-04-15,Idamalayar,1.0025,15.5333,1.0356,58.4,16,,,2,1,2,official_observed_reference,fec91ec56be24c64c9e42523ef4d295900c3ffd6bd627547b75d1030e34f09dd
2024-04-15,Sholayar,0.6247,11.8624,0.7908,54.4,21,,,3,2,3,official_observed_reference,fec91ec56be24c64c9e42523ef4d295900c3ffd6bd627547b75d1030e34f09dd
2024-04-15,Pallivasal,0.4845,7.2281,0.4819,20.4,11,,2,4,4,4,official_observed_reference,fec91ec56be24c64c9e42523ef4d295900c3ffd6bd627547b75d1030e34f09dd
2024-04-15,Kuttiadi,1.3576,24.7286,1.6486,188.4,22,1,,5,,5,official_observed_reference,fec91ec56be24c64c9e42523ef4d295900c3ffd6bd627547b75d1030e34f09dd
2024-04-15,Panniar,0.2975,5.6629,0.3775,31,22,,,2,,2,official_observed_reference,fec91ec56be24c64c9e42523ef4d295900c3ffd6bd627547b75d1030e34f09dd
2024-04-15,Neriamangalam,0.2247,5.6775,0.3785,17.2,,1,1,2,,1,official_observed_reference,fec91ec56be24c64c9e42523ef4d295900c3ffd6bd627547b75d1030e34f09dd
2024-04-15,Lower Periyar,0.356,7.526,0.5017,156,22,,,3,,1,official_observed_reference,fec91ec56be24c64c9e42523ef4d295900c3ffd6bd627547b75d1030e34f09dd
2024-04-15,"Poringalkuthu, PLBE",0.4172,5.5902,0.3727,51.06,22,,,6,1,6,official_observed_reference,fec91ec56be24c64c9e42523ef4d295900c3ffd6bd627547b75d1030e34f09dd
2024-04-15,Sengulam,0.3522,4.7262,0.3151,50.6,,,,4,,4,official_observed_reference,fec91ec56be24c64c9e42523ef4d295900c3ffd6bd627547b75d1030e34f09dd
2024-04-15,Kakkad,0.7358,10.2209,0.6814,36.26,23,,,2,1,2,official_observed_reference,fec91ec56be24c64c9e42523ef4d295900c3ffd6bd627547b75d1030e34f09dd
2024-04-15,Kallada,0.1704,2.7833,0.1856,11.6,7,,,2,1,2,official_observed_reference,fec91ec56be24c64c9e42523ef4d295900c3ffd6bd627547b75d1030e34f09dd
2024-04-15,Malankara,0.0534,1.3178,0.0879,3,19,,,2,1,1,official_observed_reference,fec91ec56be24c64c9e42523ef4d295900c3ffd6bd627547b75d1030e34f09dd
2024-04-15,Maniyar,0.0651,1.0568,0.0705,,,,,3,2,2,official_observed_reference,fec91ec56be24c64c9e42523ef4d295900c3ffd6bd627547b75d1030e34f09dd
2024-04-15,Kuthungal,0.2077,3.1317,0.2088,10.8,9,,,3,2,2,official_observed_reference,fec91ec56be24c64c9e42523ef4d295900c3ffd6bd627547b75d1030e34f09dd
2024-04-16,Idukki,8.812,112.512,7.032,618,22,,1,5,3,5,official_observed_reference,47b4fd643cdcacb226f20af0a7040f341c98a8498b3d26bd656e114d60cde31b
2024-04-16,Sabarigiri,5.6876,80.4286,5.0268,301.4,19,,,6,4,6,official_observed_reference,47b4fd643cdcacb226f20af0a7040f341c98a8498b3d26bd656e114d60cde31b
2024-04-16,Idamalayar,1.083,16.6163,1.0385,59,19,,,2,,2,official_observed_reference,47b4fd643cdcacb226f20af0a7040f341c98a8498b3d26bd656e114d60cde31b
2024-04-16,Sholayar,0.8591,12.7215,0.7951,54.6,20,,,3,2,3,official_observed_reference,47b4fd643cdcacb226f20af0a7040f341c98a8498b3d26bd656e114d60cde31b
2024-04-16,Pallivasal,0.4536,7.6817,0.4801,20.2,,,2,4,4,4,official_observed_reference,47b4fd643cdcacb226f20af0a7040f341c98a8498b3d26bd656e114d60cde31b
2024-04-16,Kuttiadi,1.7337,26.4623,1.6539,188.4,,1,,5,,5,official_observed_reference,47b4fd643cdcacb226f20af0a7040f341c98a8498b3d26bd656e114d60cde31b
2024-04-16,Panniar,0.3522,6.0151,0.3759,31,1,,,2,,2,official_observed_reference,47b4fd643cdcacb226f20af0a7040f341c98a8498b3d26bd656e114d60cde31b
2024-04-16,Neriamangalam,0.3976,6.0751,0.3797,16.8,,1,1,2,1,1,official_observed_reference,47b4fd643cdcacb226f20af0a7040f341c98a8498b3d26bd656e114d60cde31b
2024-04-16,Lower Periyar,0.496,8.022,0.5014,160,22,,,3,,3,official_observed_reference,47b4fd643cdcacb226f20af0a7040f341c98a8498b3d26bd656e114d60cde31b
2024-04-16,"Poringalkuthu, PLBE",0.3669,5.9571,0.3723,50.9,23,,,6,1,6,official_observed_reference,47b4fd643cdcacb226f20af0a7040f341c98a8498b3d26bd656e114d60cde31b
2024-04-16,Sengulam,0.2497,4.9759,0.311,50.6,23,,,4,,4,official_observed_reference,47b4fd643cdcacb226f20af0a7040f341c98a8498b3d26bd656e114d60cde31b
2024-04-16,Kakkad,0.7582,10.9791,0.6862,36.5,4,,,2,2,2,official_observed_reference,47b4fd643cdcacb226f20af0a7040f341c98a8498b3d26bd656e114d60cde31b
2024-04-16,Kallada,0.1686,2.9519,0.1845,11.8,17,,,2,1,2,official_observed_reference,47b4fd643cdcacb226f20af0a7040f341c98a8498b3d26bd656e114d60cde31b
2024-04-16,Malankara,0.1067,1.4245,0.089,5.55,9,,,2,2,2,official_observed_reference,47b4fd643cdcacb226f20af0a7040f341c98a8498b3d26bd656e114d60cde31b
2024-04-16,Maniyar,0.0801,1.1369,0.0711,,,,,3,2,2,official_observed_reference,47b4fd643cdcacb226f20af0a7040f341c98a8498b3d26bd656e114d60cde31b
2024-04-16,Kuthungal,0.2085,3.3402,0.2088,13,6,,,3,2,2,official_observed_reference,47b4fd643cdcacb226f20af0a7040f341c98a8498b3d26bd656e114d60cde31b
2024-04-17,Idukki,6.694,119.206,7.0121,610,22,,1,5,3,5,official_observed_reference,7754a5a39ed1f6022a5c65f7379bcc66f9755098ad29410c2dfb75ed3c90848d
2024-04-17,Sabarigiri,5.3594,85.788,5.0464,300.8,4,,,6,4,6,official_observed_reference,7754a5a39ed1f6022a5c65f7379bcc66f9755098ad29410c2dfb75ed3c90848d
2024-04-17,Idamalayar,0.9869,17.6032,1.0355,58.4,,,,2,1,2,official_observed_reference,7754a5a39ed1f6022a5c65f7379bcc66f9755098ad29410c2dfb75ed3c90848d
2024-04-17,Sholayar,0.9423,13.6638,0.8038,54.6,1,,,3,2,3,official_observed_reference,7754a5a39ed1f6022a5c65f7379bcc66f9755098ad29410c2dfb75ed3c90848d
2024-04-17,Pallivasal,0.4632,8.1449,0.4791,20.4,12,,2,4,4,4,official_observed_reference,7754a5a39ed1f6022a5c65f7379bcc66f9755098ad29410c2dfb75ed3c90848d
2024-04-17,Kuttiadi,1.6825,28.1448,1.6556,191.4,23,1,,5,,5,official_observed_reference,7754a5a39ed1f6022a5c65f7379bcc66f9755098ad29410c2dfb75ed3c90848d
2024-04-17,Panniar,0.3914,6.4065,0.3769,30.8,,,,2,,2,official_observed_reference,7754a5a39ed1f6022a5c65f7379bcc66f9755098ad29410c2dfb75ed3c90848d
2024-04-17,Neriamangalam,0.398,6.4731,0.3808,17,9,1,1,2,1,2,official_observed_reference,7754a5a39ed1f6022a5c65f7379bcc66f9755098ad29410c2dfb75ed3c90848d
2024-04-17,Lower Periyar,0.447,8.469,0.4982,162,23,,,3,,3,official_observed_reference,7754a5a39ed1f6022a5c65f7379bcc66f9755098ad29410c2dfb75ed3c90848d
2024-04-17,"Poringalkuthu, PLBE",0.3381,6.2951,0.3703,50.9,22,,,6,1,6,official_observed_reference,7754a5a39ed1f6022a5c65f7379bcc66f9755098ad29410c2dfb75ed3c90848d
2024-04-17,Sengulam,0.2696,5.2455,0.3086,37.8,23,,,4,1,2,official_observed_reference,7754a5a39ed1f6022a5c65f7379bcc66f9755098ad29410c2dfb75ed3c90848d
2024-04-17,Kakkad,0.7785,11.7576,0.6916,36.92,5,,,2,2,2,official_observed_reference,7754a5a39ed1f6022a5c65f7379bcc66f9755098ad29410c2dfb75ed3c90848d
2024-04-17,Kallada,0.1674,3.1193,0.1835,12.4,17,,,2,1,2,official_observed_reference,7754a5a39ed1f6022a5c65f7379bcc66f9755098ad29410c2dfb75ed3c90848d
2024-04-17,Malankara,0.1034,1.5279,0.0899,5.7,7,,,2,2,1,official_observed_reference,7754a5a39ed1f6022a5c65f7379bcc66f9755098ad29410c2dfb75ed3c90848d
2024-04-17,Maniyar,0.081,1.2179,0.0716,,,,,3,1,2,official_observed_reference,7754a5a39ed1f6022a5c65f7379bcc66f9755098ad29410c2dfb75ed3c90848d
2024-04-17,Kuthungal,0.2036,3.5438,0.2085,12,20,,,3,2,3,official_observed_reference,7754a5a39ed1f6022a5c65f7379bcc66f9755098ad29410c2dfb75ed3c90848d
2024-04-18,Idukki,7.817,127.023,7.0568,612,,,1,5,3,5,official_observed_reference,c33a8275ca8ff636ed9baf0cd3b0939067992c241599a249183c98d7a7776cba
2024-04-18,Sabarigiri,5.2724,91.0604,5.0589,302,22,,,6,6,6,official_observed_reference,c33a8275ca8ff636ed9baf0cd3b0939067992c241599a249183c98d7a7776cba
2024-04-18,Idamalayar,1.0076,18.6108,1.0339,58,20,,,2,2,2,official_observed_reference,c33a8275ca8ff636ed9baf0cd3b0939067992c241599a249183c98d7a7776cba
2024-04-18,Sholayar,0.7089,14.3727,0.7985,54.6,21,,,3,2,3,official_observed_reference,c33a8275ca8ff636ed9baf0cd3b0939067992c241599a249183c98d7a7776cba
2024-04-18,Pallivasal,0.4772,8.6221,0.479,20.4,6,,2,4,4,4,official_observed_reference,c33a8275ca8ff636ed9baf0cd3b0939067992c241599a249183c98d7a7776cba
2024-04-18,Kuttiadi,1.8314,29.9762,1.6653,194,,1,,5,,5,official_observed_reference,c33a8275ca8ff636ed9baf0cd3b0939067992c241599a249183c98d7a7776cba
2024-04-18,Panniar,0.4656,6.8721,0.3818,30.8,1,,,2,1,2,official_observed_reference,c33a8275ca8ff636ed9baf0cd3b0939067992c241599a249183c98d7a7776cba
2024-04-18,Neriamangalam,0.4181,6.8912,0.3828,27.8,8,1,1,2,2,2,official_observed_reference,c33a8275ca8ff636ed9baf0cd3b0939067992c241599a249183c98d7a7776cba
2024-04-18,Lower Periyar,0.656,9.125,0.5069,162,,,,3,,1,official_observed_reference,c33a8275ca8ff636ed9baf0cd3b0939067992c241599a249183c98d7a7776cba
2024-04-18,"Poringalkuthu, PLBE",0.3902,6.6854,0.3714,51.02,23,,,6,1,1,official_observed_reference,c33a8275ca8ff636ed9baf0cd3b0939067992c241599a249183c98d7a7776cba
2024-04-18,Sengulam,0.4114,5.6569,0.3143,52,21,,,4,1,4,official_observed_reference,c33a8275ca8ff636ed9baf0cd3b0939067992c241599a249183c98d7a7776cba
2024-04-18,Kakkad,0.7306,12.4883,0.6938,36.4,6,,,2,2,2,official_observed_reference,c33a8275ca8ff636ed9baf0cd3b0939067992c241599a249183c98d7a7776cba
2024-04-18,Kallada,0.1702,3.2895,0.1828,11.8,19,,,2,2,2,official_observed_reference,c33a8275ca8ff636ed9baf0cd3b0939067992c241599a249183c98d7a7776cba
2024-04-18,Malankara,0.1014,1.6293,0.0905,5.55,10,,,2,2,2,official_observed_reference,c33a8275ca8ff636ed9baf0cd3b0939067992c241599a249183c98d7a7776cba
2024-04-18,Maniyar,0.0745,1.2925,0.0718,,,,,3,2,2,official_observed_reference,c33a8275ca8ff636ed9baf0cd3b0939067992c241599a249183c98d7a7776cba
2024-04-18,Kuthungal,0.2001,3.7439,0.208,12.4,19,,,3,2,2,official_observed_reference,c33a8275ca8ff636ed9baf0cd3b0939067992c241599a249183c98d7a7776cba
2024-04-19,Idukki,6.518,133.541,7.0285,618,21,,1,5,2,5,official_observed_reference,bbe8cd37a923151b13ca983ba26a6bb21cd943a3d1213c42ae19a9dec33c7299
2024-04-19,Sabarigiri,4.8929,95.9533,5.0502,301.4,19,,,6,4,6,official_observed_reference,bbe8cd37a923151b13ca983ba26a6bb21cd943a3d1213c42ae19a9dec33c7299
2024-04-19,Idamalayar,0.9525,19.5633,1.0296,58.2,22,,,2,2,2,official_observed_reference,bbe8cd37a923151b13ca983ba26a6bb21cd943a3d1213c42ae19a9dec33c7299
2024-04-19,Sholayar,0.7399,15.1126,0.7954,54.6,,,,3,2,3,official_observed_reference,bbe8cd37a923151b13ca983ba26a6bb21cd943a3d1213c42ae19a9dec33c7299
2024-04-19,Pallivasal,0.4751,9.0972,0.4788,20.4,1,,2,4,4,4,official_observed_reference,bbe8cd37a923151b13ca983ba26a6bb21cd943a3d1213c42ae19a9dec33c7299
2024-04-19,Kuttiadi,1.6644,31.6406,1.6653,189.8,23,1,,5,,5,official_observed_reference,bbe8cd37a923151b13ca983ba26a6bb21cd943a3d1213c42ae19a9dec33c7299
2024-04-19,Panniar,0.4665,7.3386,0.3862,30.6,1,,,2,1,2,official_observed_reference,bbe8cd37a923151b13ca983ba26a6bb21cd943a3d1213c42ae19a9dec33c7299
2024-04-19,Neriamangalam,0.5095,7.4007,0.3895,24.6,1,1,1,2,2,2,official_observed_reference,bbe8cd37a923151b13ca983ba26a6bb21cd943a3d1213c42ae19a9dec33c7299
2024-04-19,Lower Periyar,0.636,9.761,0.5137,162,22,,,3,,1,official_observed_reference,bbe8cd37a923151b13ca983ba26a6bb21cd943a3d1213c42ae19a9dec33c7299
2024-04-19,"Poringalkuthu, PLBE",0.4037,7.089,0.3731,51.12,23,,,6,1,1,official_observed_reference,bbe8cd37a923151b13ca983ba26a6bb21cd943a3d1213c42ae19a9dec33c7299
2024-04-19,Sengulam,0.2743,5.9312,0.3122,51.4,22,,,4,,4,official_observed_reference,bbe8cd37a923151b13ca983ba26a6bb21cd943a3d1213c42ae19a9dec33c7299
2024-04-19,Kakkad,0.6701,13.1584,0.6925,36.12,6,,,2,2,2,official_observed_reference,bbe8cd37a923151b13ca983ba26a6bb21cd943a3d1213c42ae19a9dec33c7299
2024-04-19,Kallada,0.1381,3.4276,0.1804,6.6,5,,,2,1,1,official_observed_reference,bbe8cd37a923151b13ca983ba26a6bb21cd943a3d1213c42ae19a9dec33c7299
2024-04-19,Malankara,0.0896,1.7189,0.0905,5.1,7,,,2,2,1,official_observed_reference,bbe8cd37a923151b13ca983ba26a6bb21cd943a3d1213c42ae19a9dec33c7299
2024-04-19,Maniyar,0.0559,1.3484,0.071,,,,,3,1,1,official_observed_reference,bbe8cd37a923151b13ca983ba26a6bb21cd943a3d1213c42ae19a9dec33c7299
2024-04-19,Kuthungal,0.1989,3.9428,0.2075,12,19,,,3,2,2,official_observed_reference,bbe8cd37a923151b13ca983ba26a6bb21cd943a3d1213c42ae19a9dec33c7299
2024-04-20,Idukki,4.812,138.353,6.9177,612,,,1,5,2,5,official_observed_reference,82ecd7a2171fd40ba5e415d4bf0cbd7904c8a1c92ac604a49769c8b85b308a3f
2024-04-20,Sabarigiri,4.4381,100.3914,5.0196,301,19,,,6,6,6,official_observed_reference,82ecd7a2171fd40ba5e415d4bf0cbd7904c8a1c92ac604a49769c8b85b308a3f
2024-04-20,Idamalayar,0.7397,20.303,1.0152,58,,,,2,,2,official_observed_reference,82ecd7a2171fd40ba5e415d4bf0cbd7904c8a1c92ac604a49769c8b85b308a3f
2024-04-20,Sholayar,0.5902,15.7028,0.7851,54.6,21,,,3,2,3,official_observed_reference,82ecd7a2171fd40ba5e415d4bf0cbd7904c8a1c92ac604a49769c8b85b308a3f
2024-04-20,Pallivasal,0.4862,9.5834,0.4792,20.4,,,2,4,4,4,official_observed_reference,82ecd7a2171fd40ba5e415d4bf0cbd7904c8a1c92ac604a49769c8b85b308a3f
2024-04-20,Kuttiadi,1.4522,33.0928,1.6546,190.4,22,1,,5,,4,official_observed_reference,82ecd7a2171fd40ba5e415d4bf0cbd7904c8a1c92ac604a49769c8b85b308a3f
2024-04-20,Panniar,0.3818,7.7204,0.386,30.6,,,,2,2,2,official_observed_reference,82ecd7a2171fd40ba5e415d4bf0cbd7904c8a1c92ac604a49769c8b85b308a3f
2024-04-20,Neriamangalam,0.4165,7.8172,0.3909,25.2,20,1,1,2,2,2,official_observed_reference,82ecd7a2171fd40ba5e415d4bf0cbd7904c8a1c92ac604a49769c8b85b308a3f
2024-04-20,Lower Periyar,0.362,10.123,0.5062,154,23,,,3,,,official_observed_reference,82ecd7a2171fd40ba5e415d4bf0cbd7904c8a1c92ac604a49769c8b85b308a3f
2024-04-20,"Poringalkuthu, PLBE",0.3677,7.4568,0.3728,50.9,22,,,6,5,1,official_observed_reference,82ecd7a2171fd40ba5e415d4bf0cbd7904c8a1c92ac604a49769c8b85b308a3f
2024-04-20,Sengulam,0.2457,6.1769,0.3088,49.4,21,,,4,1,2,official_observed_reference,82ecd7a2171fd40ba5e415d4bf0cbd7904c8a1c92ac604a49769c8b85b308a3f
2024-04-20,Kakkad,0.6369,13.7952,0.6898,36.24,3,,,2,2,2,official_observed_reference,82ecd7a2171fd40ba5e415d4bf0cbd7904c8a1c92ac604a49769c8b85b308a3f
2024-04-20,Kallada,0.161,3.5886,0.1794,12.4,17,,,2,,2,official_observed_reference,82ecd7a2171fd40ba5e415d4bf0cbd7904c8a1c92ac604a49769c8b85b308a3f
2024-04-20,Malankara,0.0695,1.7883,0.0894,5.1,7,,,2,,2,official_observed_reference,82ecd7a2171fd40ba5e415d4bf0cbd7904c8a1c92ac604a49769c8b85b308a3f
2024-04-20,Maniyar,0.0542,1.4025,0.0701,,,,,3,1,2,official_observed_reference,82ecd7a2171fd40ba5e415d4bf0cbd7904c8a1c92ac604a49769c8b85b308a3f
2024-04-20,Kuthungal,0.1957,4.1385,0.2069,12,18,,,3,,,official_observed_reference,82ecd7a2171fd40ba5e415d4bf0cbd7904c8a1c92ac604a49769c8b85b308a3f
2024-04-21,Idukki,4.702,143.055,6.8121,600,22,,1,5,1,4,official_observed_reference,5dfc40e9b33b9dbd8923a714b59368a2bd97e24fb3176c43b1ded8ca57b5e76f
2024-04-21,Sabarigiri,3.1599,103.5513,4.931,301.6,1,,,6,,5,official_observed_reference,5dfc40e9b33b9dbd8923a714b59368a2bd97e24fb3176c43b1ded8ca57b5e76f
2024-04-21,Idamalayar,0.5934,20.8964,0.9951,58.6,1,,,2,,2,official_observed_reference,5dfc40e9b33b9dbd8923a714b59368a2bd97e24fb3176c43b1ded8ca57b5e76f
2024-04-21,Sholayar,0.489,16.1918,0.771,54.6,19,,,3,,3,official_observed_reference,5dfc40e9b33b9dbd8923a714b59368a2bd97e24fb3176c43b1ded8ca57b5e76f
2024-04-21,Pallivasal,0.4851,10.0685,0.4795,20.4,4,,2,4,4,4,official_observed_reference,5dfc40e9b33b9dbd8923a714b59368a2bd97e24fb3176c43b1ded8ca57b5e76f
2024-04-21,Kuttiadi,0.9845,34.0773,1.6227,187.2,23,1,,5,,5,official_observed_reference,5dfc40e9b33b9dbd8923a714b59368a2bd97e24fb3176c43b1ded8ca57b5e76f
2024-04-21,Panniar,0.2608,7.9812,0.3801,30.4,19,,,2,,2,official_observed_reference,5dfc40e9b33b9dbd8923a714b59368a2bd97e24fb3176c43b1ded8ca57b5e76f
2024-04-21,Neriamangalam,0.2922,8.1094,0.3862,25.4,6,1,1,2,,2,official_observed_reference,5dfc40e9b33b9dbd8923a714b59368a2bd97e24fb3176c43b1ded8ca57b5e76f
2024-04-21,Lower Periyar,0.461,10.584,0.504,162,23,,,3,,3,official_observed_reference,5dfc40e9b33b9dbd8923a714b59368a2bd97e24fb3176c43b1ded8ca57b5e76f
2024-04-21,"Poringalkuthu, PLBE",0.2514,7.7081,0.3671,23.26,,,,6,1,2,official_observed_reference,5dfc40e9b33b9dbd8923a714b59368a2bd97e24fb3176c43b1ded8ca57b5e76f
2024-04-21,Sengulam,0.3151,6.492,0.3091,37.8,23,,,4,,3,official_observed_reference,5dfc40e9b33b9dbd8923a714b59368a2bd97e24fb3176c43b1ded8ca57b5e76f
2024-04-21,Kakkad,0.4294,14.2247,0.6774,35.32,23,,,2,,2,official_observed_reference,5dfc40e9b33b9dbd8923a714b59368a2bd97e24fb3176c43b1ded8ca57b5e76f
2024-04-21,Kallada,0.1602,3.7488,0.1785,11.4,5,,,2,1,2,official_observed_reference,5dfc40e9b33b9dbd8923a714b59368a2bd97e24fb3176c43b1ded8ca57b5e76f
2024-04-21,Malankara,0.0591,1.8474,0.088,2.55,,,,2,1,2,official_observed_reference,5dfc40e9b33b9dbd8923a714b59368a2bd97e24fb3176c43b1ded8ca57b5e76f
2024-04-21,Maniyar,0.0484,1.451,0.0691,,,,,3,1,1,official_observed_reference,5dfc40e9b33b9dbd8923a714b59368a2bd97e24fb3176c43b1ded8ca57b5e76f
2024-04-21,Kuthungal,0.1931,4.3316,0.2063,12,18,,,3,2,2,official_observed_reference,5dfc40e9b33b9dbd8923a714b59368a2bd97e24fb3176c43b1ded8ca57b5e76f
2024-04-22,Idukki,5.41,148.465,6.7484,606,22,,1,5,2,5,official_observed_reference,0529eb12b0ec9d4532f35e8fe15df74e022c3a87e39a41d4be81122d253edd91
2024-04-22,Sabarigiri,4.0309,107.5822,4.8901,301,21,,,6,1,6,official_observed_reference,0529eb12b0ec9d4532f35e8fe15df74e022c3a87e39a41d4be81122d253edd91
2024-04-22,Idamalayar,0.7959,21.6923,0.986,57.4,19,,,2,,2,official_observed_reference,0529eb12b0ec9d4532f35e8fe15df74e022c3a87e39a41d4be81122d253edd91
2024-04-22,Sholayar,0.7646,16.9564,0.7707,54.6,21,,,3,2,3,official_observed_reference,0529eb12b0ec9d4532f35e8fe15df74e022c3a87e39a41d4be81122d253edd91
2024-04-22,Pallivasal,0.4858,10.5543,0.4797,20.4,1,,2,4,4,4,official_observed_reference,0529eb12b0ec9d4532f35e8fe15df74e022c3a87e39a41d4be81122d253edd91
2024-04-22,Kuttiadi,1.4334,35.5107,1.6141,186.2,20,1,,5,,5,official_observed_reference,0529eb12b0ec9d4532f35e8fe15df74e022c3a87e39a41d4be81122d253edd91
2024-04-22,Panniar,0.3847,8.3659,0.3803,30.6,20,,,2,,2,official_observed_reference,0529eb12b0ec9d4532f35e8fe15df74e022c3a87e39a41d4be81122d253edd91
2024-04-22,Neriamangalam,0.2874,8.3968,0.3817,24.2,5,1,1,2,,2,official_observed_reference,0529eb12b0ec9d4532f35e8fe15df74e022c3a87e39a41d4be81122d253edd91
2024-04-22,Lower Periyar,0.545,11.129,0.5059,152,22,,,3,,3,official_observed_reference,0529eb12b0ec9d4532f35e8fe15df74e022c3a87e39a41d4be81122d253edd91
2024-04-22,"Poringalkuthu, PLBE",0.3385,8.0466,0.3658,50.82,22,,,6,1,6,official_observed_reference,0529eb12b0ec9d4532f35e8fe15df74e022c3a87e39a41d4be81122d253edd91
2024-04-22,Sengulam,0.3517,6.8437,0.3111,51,22,,,4,,4,official_observed_reference,0529eb12b0ec9d4532f35e8fe15df74e022c3a87e39a41d4be81122d253edd91
2024-04-22,Kakkad,0.5112,14.7358,0.6698,35.78,23,,,2,,2,official_observed_reference,0529eb12b0ec9d4532f35e8fe15df74e022c3a87e39a41d4be81122d253edd91
2024-04-22,Kallada,0.1611,3.9099,0.1777,11.2,18,,,2,1,1,official_observed_reference,0529eb12b0ec9d4532f35e8fe15df74e022c3a87e39a41d4be81122d253edd91
2024-04-22,Malankara,0.0515,1.8989,0.0863,2.55,,,,2,1,1,official_observed_reference,0529eb12b0ec9d4532f35e8fe15df74e022c3a87e39a41d4be81122d253edd91
2024-04-22,Maniyar,0.0372,1.4882,0.0676,,,,,3,1,,official_observed_reference,0529eb12b0ec9d4532f35e8fe15df74e022c3a87e39a41d4be81122d253edd91
2024-04-22,Kuthungal,0.1891,4.5207,0.2055,12,18,,,3,1,2,official_observed_reference,0529eb12b0ec9d4532f35e8fe15df74e022c3a87e39a41d4be81122d253edd91
2024-04-23,Idukki,5.584,154.049,6.6978,600,,,1,5,2,5,official_observed_reference,58dde4f19216329e21b95c255e9ebc949292885a3e099a13cd10e0e67dc9c8ce
2024-04-23,Sabarigiri,3.8719,111.4541,4.8458,303.6,23,,,6,2,6,official_observed_reference,58dde4f19216329e21b95c255e9ebc949292885a3e099a13cd10e0e67dc9c8ce
2024-04-23,Idamalayar,0.8843,22.5766,0.9816,55.8,,,,2,1,2,official_observed_reference,58dde4f19216329e21b95c255e9ebc949292885a3e099a13cd10e0e67dc9c8ce
2024-04-23,Sholayar,0.6434,17.5998,0.7652,54.4,23,,,3,2,3,official_observed_reference,58dde4f19216329e21b95c255e9ebc949292885a3e099a13cd10e0e67dc9c8ce
2024-04-23,Pallivasal,0.4854,11.0397,0.48,20.4,2,,2,4,4,4,official_observed_reference,58dde4f19216329e21b95c255e9ebc949292885a3e099a13cd10e0e67dc9c8ce
2024-04-23,Kuttiadi,1.6253,37.136,1.6146,193.6,22,1,,5,,5,official_observed_reference,58dde4f19216329e21b95c255e9ebc949292885a3e099a13cd10e0e67dc9c8ce
2024-04-23,Panniar,0.3032,8.6691,0.3769,30.8,,,,2,,2,official_observed_reference,58dde4f19216329e21b95c255e9ebc949292885a3e099a13cd10e0e67dc9c8ce
2024-04-23,Neriamangalam,0.3534,8.7502,0.3804,24.4,21,1,1,2,,2,official_observed_reference,58dde4f19216329e21b95c255e9ebc949292885a3e099a13cd10e0e67dc9c8ce
2024-04-23,Lower Periyar,0.246,11.375,0.4946,142,23,,,3,,,official_observed_reference,58dde4f19216329e21b95c255e9ebc949292885a3e099a13cd10e0e67dc9c8ce
2024-04-23,"Poringalkuthu, PLBE",0.3124,8.359,0.3634,50.78,22,,,6,1,1,official_observed_reference,58dde4f19216329e21b95c255e9ebc949292885a3e099a13cd10e0e67dc9c8ce
2024-04-23,Sengulam,0.2737,7.1174,0.3095,50.4,22,,,4,,4,official_observed_reference,58dde4f19216329e21b95c255e9ebc949292885a3e099a13cd10e0e67dc9c8ce
2024-04-23,Kakkad,0.5535,15.2893,0.6648,36.12,1,,,2,1,2,official_observed_reference,58dde4f19216329e21b95c255e9ebc949292885a3e099a13cd10e0e67dc9c8ce
2024-04-23,Kallada,0.1531,4.063,0.1767,11.4,21,,,2,1,2,official_observed_reference,58dde4f19216329e21b95c255e9ebc949292885a3e099a13cd10e0e67dc9c8ce
2024-04-23,Malankara,0.0675,1.9664,0.0855,3,,,,2,2,2,official_observed_reference,58dde4f19216329e21b95c255e9ebc949292885a3e099a13cd10e0e67dc9c8ce
2024-04-23,Maniyar,,1.4882,0.0647,,,,,3,,,official_observed_reference,58dde4f19216329e21b95c255e9ebc949292885a3e099a13cd10e0e67dc9c8ce
2024-04-23,Kuthungal,0.1871,4.7078,0.2047,10.4,18,,,3,2,2,official_observed_reference,58dde4f19216329e21b95c255e9ebc949292885a3e099a13cd10e0e67dc9c8ce
2024-04-24,Idukki,6.356,160.405,6.6835,616,23,,1,5,2,5,official_observed_reference,be8024965808e826514c4489561970d0877368a82658c26fa03f68d1158f1128
2024-04-24,Sabarigiri,4.3731,115.8272,4.8261,302,1,,,6,2,6,official_observed_reference,be8024965808e826514c4489561970d0877368a82658c26fa03f68d1158f1128
2024-04-24,Idamalayar,0.7755,23.3521,0.973,55.6,17,,,2,1,1,official_observed_reference,be8024965808e826514c4489561970d0877368a82658c26fa03f68d1158f1128
2024-04-24,Sholayar,0.721,18.3208,0.7634,54.4,,,,3,2,3,official_observed_reference,be8024965808e826514c4489561970d0877368a82658c26fa03f68d1158f1128
2024-04-24,Pallivasal,0.4864,11.5261,0.4803,20.4,3,,2,4,4,4,official_observed_reference,be8024965808e826514c4489561970d0877368a82658c26fa03f68d1158f1128
2024-04-24,Kuttiadi,1.7969,38.9329,1.6222,193.2,,1,,5,,5,official_observed_reference,be8024965808e826514c4489561970d0877368a82658c26fa03f68d1158f1128
2024-04-24,Panniar,0.2377,8.9068,0.3711,30.4,,,,2,,2,official_observed_reference,be8024965808e826514c4489561970d0877368a82658c26fa03f68d1158f1128
2024-04-24,Neriamangalam,0.3037,9.0539,0.3772,24.4,19,1,1,2,,2,official_observed_reference,be8024965808e826514c4489561970d0877368a82658c26fa03f68d1158f1128
2024-04-24,Lower Periyar,0.541,11.916,0.4965,156,22,,,3,,3,official_observed_reference,be8024965808e826514c4489561970d0877368a82658c26fa03f68d1158f1128
2024-04-24,"Poringalkuthu, PLBE",0.3677,8.7267,0.3636,50.88,22,,,6,1,6,official_observed_reference,be8024965808e826514c4489561970d0877368a82658c26fa03f68d1158f1128
2024-04-24,Sengulam,0.338,7.4554,0.3106,51.2,22,,,4,,4,official_observed_reference,be8024965808e826514c4489561970d0877368a82658c26fa03f68d1158f1128
2024-04-24,Kakkad,0.6205,15.9097,0.6629,35.96,4,,,2,1,2,official_observed_reference,be8024965808e826514c4489561970d0877368a82658c26fa03f68d1158f1128
2024-04-24,Kallada,0.163,4.226,0.1761,11,19,,,2,1,2,official_observed_reference,be8024965808e826514c4489561970d0877368a82658c26fa03f68d1158f1128
2024-04-24,Malankara,0.0765,2.0429,0.0851,4.8,23,,,2,2,2,official_observed_reference,be8024965808e826514c4489561970d0877368a82658c26fa03f68d1158f1128
2024-04-24,Maniyar,,1.4882,0.062,,,,,3,,,official_observed_reference,be8024965808e826514c4489561970d0877368a82658c26fa03f68d1158f1128
2024-04-24,Kuthungal,0.2141,4.9219,0.2051,14.2,9,,,3,2,2,official_observed_reference,be8024965808e826514c4489561970d0877368a82658c26fa03f68d1158f1128
2024-04-25,Idukki,6.655,167.06,6.6824,620,22,,1,5,2,5,official_observed_reference,028c9a10c358fe045ecf55ce8e31c8efcfdb8afa1235975d54570721a21ebc92
2024-04-25,Sabarigiri,4.6092,120.4364,4.8175,301,20,,,6,5,6,official_observed_reference,028c9a10c358fe045ecf55ce8e31c8efcfdb8afa1235975d54570721a21ebc92
2024-04-25,Idamalayar,0.7823,24.1344,0.9654,55,19,,,2,1,2,official_observed_reference,028c9a10c358fe045ecf55ce8e31c8efcfdb8afa1235975d54570721a21ebc92
2024-04-25,Sholayar,0.828,19.1488,0.766,54.4,,,,3,2,3,official_observed_reference,028c9a10c358fe045ecf55ce8e31c8efcfdb8afa1235975d54570721a21ebc92
2024-04-25,Pallivasal,0.4859,12.012,0.4805,20.4,2,,2,4,4,4,official_observed_reference,028c9a10c358fe045ecf55ce8e31c8efcfdb8afa1235975d54570721a21ebc92
2024-04-25,Kuttiadi,2.334,41.2669,1.6507,189.8,22,1,,5,,5,official_observed_reference,028c9a10c358fe045ecf55ce8e31c8efcfdb8afa1235975d54570721a21ebc92
2024-04-25,Panniar,0.2991,9.2059,0.3682,30.6,20,,,2,,2,official_observed_reference,028c9a10c358fe045ecf55ce8e31c8efcfdb8afa1235975d54570721a21ebc92
2024-04-25,Neriamangalam,0.3282,9.3821,0.3753,24.6,23,1,1,2,,2,official_observed_reference,028c9a10c358fe045ecf55ce8e31c8efcfdb8afa1235975d54570721a21ebc92
2024-04-25,Lower Periyar,0.429,12.345,0.4938,160,22,,,3,,3,official_observed_reference,028c9a10c358fe045ecf55ce8e31c8efcfdb8afa1235975d54570721a21ebc92
2024-04-25,"Poringalkuthu, PLBE",0.3808,9.1074,0.3643,51.22,21,,,6,1,2,official_observed_reference,028c9a10c358fe045ecf55ce8e31c8efcfdb8afa1235975d54570721a21ebc92
2024-04-25,Sengulam,0.341,7.7964,0.3119,51.8,22,,,4,,4,official_observed_reference,028c9a10c358fe045ecf55ce8e31c8efcfdb8afa1235975d54570721a21ebc92
2024-04-25,Kakkad,0.6361,16.5458,0.6618,36.22,4,,,2,2,2,official_observed_reference,028c9a10c358fe045ecf55ce8e31c8efcfdb8afa1235975d54570721a21ebc92
2024-04-25,Kallada,0.1623,4.3883,0.1755,11,19,,,2,1,2,official_observed_reference,028c9a10c358fe045ecf55ce8e31c8efcfdb8afa1235975d54570721a21ebc92
2024-04-25,Malankara,0.0801,2.123,0.0849,5.4,1,,,2,2,2,official_observed_reference,028c9a10c358fe045ecf55ce8e31c8efcfdb8afa1235975d54570721a21ebc92
2024-04-25,Maniyar,0.0155,1.5037,0.0601,,,,,3,,1,official_observed_reference,028c9a10c358fe045ecf55ce8e31c8efcfdb8afa1235975d54570721a21ebc92
2024-04-25,Kuthungal,0.1896,5.1115,0.2045,12,19,,,3,2,2,official_observed_reference,028c9a10c358fe045ecf55ce8e31c8efcfdb8afa1235975d54570721a21ebc92
2024-04-26,Idukki,7.806,174.866,6.7256,620,22,,1,5,2,5,official_observed_reference,c55474086a4e8142a323471fed5074d20454fdddff504effe3ef220dda489d1b
2024-04-26,Sabarigiri,4.2592,124.6956,4.796,301.2,3,,,6,2,6,official_observed_reference,c55474086a4e8142a323471fed5074d20454fdddff504effe3ef220dda489d1b
2024-04-26,Idamalayar,0.7045,24.8389,0.9553,56.2,19,,,2,1,2,official_observed_reference,c55474086a4e8142a323471fed5074d20454fdddff504effe3ef220dda489d1b
2024-04-26,Sholayar,0.5813,19.7301,0.7589,54.6,,,,3,1,3,official_observed_reference,c55474086a4e8142a323471fed5074d20454fdddff504effe3ef220dda489d1b
2024-04-26,Pallivasal,0.4854,12.4974,0.4807,20.4,,,2,4,4,4,official_observed_reference,c55474086a4e8142a323471fed5074d20454fdddff504effe3ef220dda489d1b
2024-04-26,Kuttiadi,1.5892,42.8561,1.6483,189.2,21,1,,5,,5,official_observed_reference,c55474086a4e8142a323471fed5074d20454fdddff504effe3ef220dda489d1b
2024-04-26,Panniar,0.2642,9.4701,0.3642,30.2,,,,2,,2,official_observed_reference,c55474086a4e8142a323471fed5074d20454fdddff504effe3ef220dda489d1b
2024-04-26,Neriamangalam,0.3622,9.7443,0.3748,24.6,5,1,1,2,,2,official_observed_reference,c55474086a4e8142a323471fed5074d20454fdddff504effe3ef220dda489d1b
2024-04-26,Lower Periyar,0.542,12.887,0.4957,158,22,,,3,,3,official_observed_reference,c55474086a4e8142a323471fed5074d20454fdddff504effe3ef220dda489d1b
2024-04-26,"Poringalkuthu, PLBE",0.4112,9.5186,0.3661,52.16,,,,6,1,6,official_observed_reference,c55474086a4e8142a323471fed5074d20454fdddff504effe3ef220dda489d1b
2024-04-26,Sengulam,0.328,8.1244,0.3125,50.8,21,,,4,,4,official_observed_reference,c55474086a4e8142a323471fed5074d20454fdddff504effe3ef220dda489d1b
2024-04-26,Kakkad,0.5954,17.1412,0.6593,36.72,6,,,2,2,2,official_observed_reference,c55474086a4e8142a323471fed5074d20454fdddff504effe3ef220dda489d1b
2024-04-26,Kallada,0.1612,4.5495,0.175,11,18,,,2,1,2,official_observed_reference,c55474086a4e8142a323471fed5074d20454fdddff504effe3ef220dda489d1b
2024-04-26,Malankara,0.1092,2.2322,0.0859,6,6,,,2,2,2,official_observed_reference,c55474086a4e8142a323471fed5074d20454fdddff504effe3ef220dda489d1b
2024-04-26,Maniyar,0.0467,1.5504,0.0596,,,,,3,1,1,official_observed_reference,c55474086a4e8142a323471fed5074d20454fdddff504effe3ef220dda489d1b
2024-04-26,Kuthungal,0.1872,5.2987,0.2038,11.8,18,,,3,1,2,official_observed_reference,c55474086a4e8142a323471fed5074d20454fdddff504effe3ef220dda489d1b
2024-04-27,Idukki,8.244,183.11,6.7819,618,,,1,5,2,5,official_observed_reference,2354e987ec267b8abed9307a9a7055522b736cd5198e0329b22bc1cc9d0670c4
2024-04-27,Sabarigiri,5.1747,129.8703,4.81,301,3,,,6,3,6,official_observed_reference,2354e987ec267b8abed9307a9a7055522b736cd5198e0329b22bc1cc9d0670c4
2024-04-27,Idamalayar,1.127,25.9659,0.9617,57,16,,,2,1,2,official_observed_reference,2354e987ec267b8abed9307a9a7055522b736cd5198e0329b22bc1cc9d0670c4
2024-04-27,Sholayar,0.8033,20.5334,0.7605,54.4,21,,,3,2,3,official_observed_reference,2354e987ec267b8abed9307a9a7055522b736cd5198e0329b22bc1cc9d0670c4
2024-04-27,Pallivasal,0.486,12.9834,0.4809,20.4,2,,2,4,4,4,official_observed_reference,2354e987ec267b8abed9307a9a7055522b736cd5198e0329b22bc1cc9d0670c4
2024-04-27,Kuttiadi,2.0035,44.8596,1.6615,194,19,1,,5,,5,official_observed_reference,2354e987ec267b8abed9307a9a7055522b736cd5198e0329b22bc1cc9d0670c4
2024-04-27,Panniar,0.5727,10.0428,0.372,30.2,,,,2,2,2,official_observed_reference,2354e987ec267b8abed9307a9a7055522b736cd5198e0329b22bc1cc9d0670c4
2024-04-27,Neriamangalam,0.4714,10.2157,0.3784,24.6,6,1,1,2,2,2,official_observed_reference,2354e987ec267b8abed9307a9a7055522b736cd5198e0329b22bc1cc9d0670c4
2024-04-27,Lower Periyar,0.71,13.597,0.5036,160,22,,,3,,3,official_observed_reference,2354e987ec267b8abed9307a9a7055522b736cd5198e0329b22bc1cc9d0670c4
2024-04-27,"Poringalkuthu, PLBE",0.4191,9.9377,0.3681,50.68,,,,6,1,6,official_observed_reference,2354e987ec267b8abed9307a9a7055522b736cd5198e0329b22bc1cc9d0670c4
2024-04-27,Sengulam,0.3196,8.444,0.3127,51.8,21,,,4,,4,official_observed_reference,2354e987ec267b8abed9307a9a7055522b736cd5198e0329b22bc1cc9d0670c4
2024-04-27,Kakkad,0.7395,17.8807,0.6622,36.06,6,,,2,2,2,official_observed_reference,2354e987ec267b8abed9307a9a7055522b736cd5198e0329b22bc1cc9d0670c4
2024-04-27,Kallada,0.1598,4.7093,0.1744,10.8,20,,,2,1,2,official_observed_reference,2354e987ec267b8abed9307a9a7055522b736cd5198e0329b22bc1cc9d0670c4
2024-04-27,Malankara,0.0996,2.3318,0.0864,5.4,1,,,2,2,2,official_observed_reference,2354e987ec267b8abed9307a9a7055522b736cd5198e0329b22bc1cc9d0670c4
2024-04-27,Maniyar,0.0718,1.6221,0.0601,,,,,3,2,2,official_observed_reference,2354e987ec267b8abed9307a9a7055522b736cd5198e0329b22bc1cc9d0670c4
2024-04-27,Kuthungal,0.1858,5.4845,0.2031,11,18,,,3,1,2,official_observed_reference,2354e987ec267b8abed9307a9a7055522b736cd5198e0329b22bc1cc9d0670c4
2024-04-28,Idukki,7.056,190.166,6.7916,618,,,1,5,2,5,official_observed_reference,e5c555b6204ed6a3ac76c68daacf5e5bc3d6b25feb4698119fb2cda76b98300d
2024-04-28,Sabarigiri,4.3726,134.2429,4.7944,301.8,23,,,6,6,6,official_observed_reference,e5c555b6204ed6a3ac76c68daacf5e5bc3d6b25feb4698119fb2cda76b98300d
2024-04-28,Idamalayar,0.852,26.8179,0.9578,56.6,6,,,2,,2,official_observed_reference,e5c555b6204ed6a3ac76c68daacf5e5bc3d6b25feb4698119fb2cda76b98300d
2024-04-28,Sholayar,0.7357,21.2691,0.7596,54.4,,,,3,2,3,official_observed_reference,e5c555b6204ed6a3ac76c68daacf5e5bc3d6b25feb4698119fb2cda76b98300d
2024-04-28,Pallivasal,0.4856,13.469,0.481,20.4,1,,2,4,4,4,official_observed_reference,e5c555b6204ed6a3ac76c68daacf5e5bc3d6b25feb4698119fb2cda76b98300d
2024-04-28,Kuttiadi,1.6498,46.5094,1.6611,194.2,,1,,5,,5,official_observed_reference,e5c555b6204ed6a3ac76c68daacf5e5bc3d6b25feb4698119fb2cda76b98300d
2024-04-28,Panniar,0.4968,10.5396,0.3764,30.2,3,,,2,2,2,official_observed_reference,e5c555b6204ed6a3ac76c68daacf5e5bc3d6b25feb4698119fb2cda76b98300d
2024-04-28,Neriamangalam,0.5783,10.794,0.3855,24.8,22,1,1,2,2,2,official_observed_reference,e5c555b6204ed6a3ac76c68daacf5e5bc3d6b25feb4698119fb2cda76b98300d
2024-04-28,Lower Periyar,0.568,14.165,0.5059,160,,,,3,,3,official_observed_reference,e5c555b6204ed6a3ac76c68daacf5e5bc3d6b25feb4698119fb2cda76b98300d
2024-04-28,"Poringalkuthu, PLBE",0.3996,10.3374,0.3692,50.58,,,,6,1,6,official_observed_reference,e5c555b6204ed6a3ac76c68daacf5e5bc3d6b25feb4698119fb2cda76b98300d
2024-04-28,Sengulam,0.2434,8.6874,0.3103,51.2,23,,,4,1,4,official_observed_reference,e5c555b6204ed6a3ac76c68daacf5e5bc3d6b25feb4698119fb2cda76b98300d
2024-04-28,Kakkad,0.6102,18.4908,0.6604,36.58,6,,,2,2,2,official_observed_reference,e5c555b6204ed6a3ac76c68daacf5e5bc3d6b25feb4698119fb2cda76b98300d
2024-04-28,Kallada,0.1588,4.8681,0.1739,10.8,18,,,2,1,2,official_observed_reference,e5c555b6204ed6a3ac76c68daacf5e5bc3d6b25feb4698119fb2cda76b98300d
2024-04-28,Malankara,0.1143,2.4461,0.0874,6,8,,,2,2,2,official_observed_reference,e5c555b6204ed6a3ac76c68daacf5e5bc3d6b25feb4698119fb2cda76b98300d
2024-04-28,Maniyar,0.0657,1.6879,0.0603,,,,,3,1,2,official_observed_reference,e5c555b6204ed6a3ac76c68daacf5e5bc3d6b25feb4698119fb2cda76b98300d
2024-04-28,Kuthungal,0.1838,5.6683,0.2024,11,18,,,3,1,2,official_observed_reference,e5c555b6204ed6a3ac76c68daacf5e5bc3d6b25feb4698119fb2cda76b98300d
2024-04-29,Idukki,8.662,198.828,6.8561,620,23,,1,5,,5,official_observed_reference,d6322d9e423dfe78517ac55a8b38fa935709a18bfbb3cd4c19c7c0c9aa99cb2c
2024-04-29,Sabarigiri,5.7808,140.0237,4.8284,301.4,6,,,6,,6,official_observed_reference,d6322d9e423dfe78517ac55a8b38fa935709a18bfbb3cd4c19c7c0c9aa99cb2c
2024-04-29,Idamalayar,1.0413,27.8592,0.9607,58.4,1,,,2,1,2,official_observed_reference,d6322d9e423dfe78517ac55a8b38fa935709a18bfbb3cd4c19c7c0c9aa99cb2c
2024-04-29,Sholayar,0.9411,22.2102,0.7659,54.6,3,,,3,2,3,official_observed_reference,d6322d9e423dfe78517ac55a8b38fa935709a18bfbb3cd4c19c7c0c9aa99cb2c
2024-04-29,Pallivasal,0.4858,13.9548,0.4812,20.4,1,,2,4,4,4,official_observed_reference,d6322d9e423dfe78517ac55a8b38fa935709a18bfbb3cd4c19c7c0c9aa99cb2c
2024-04-29,Kuttiadi,2.0123,48.5217,1.6732,192.8,19,1,,5,,5,official_observed_reference,d6322d9e423dfe78517ac55a8b38fa935709a18bfbb3cd4c19c7c0c9aa99cb2c
2024-04-29,Panniar,0.4769,11.0165,0.3799,30.6,21,,,2,1,2,official_observed_reference,d6322d9e423dfe78517ac55a8b38fa935709a18bfbb3cd4c19c7c0c9aa99cb2c
2024-04-29,Neriamangalam,0.4493,11.2433,0.3877,25.6,22,1,1,2,2,2,official_observed_reference,d6322d9e423dfe78517ac55a8b38fa935709a18bfbb3cd4c19c7c0c9aa99cb2c
2024-04-29,Lower Periyar,0.631,14.796,0.5102,158,23,,,3,,1,official_observed_reference,d6322d9e423dfe78517ac55a8b38fa935709a18bfbb3cd4c19c7c0c9aa99cb2c
2024-04-29,"Poringalkuthu, PLBE",0.3811,10.7185,0.3696,50.5,23,,,6,1,1,official_observed_reference,d6322d9e423dfe78517ac55a8b38fa935709a18bfbb3cd4c19c7c0c9aa99cb2c
2024-04-29,Sengulam,0.3352,9.0226,0.3111,51,23,,,4,1,2,official_observed_reference,d6322d9e423dfe78517ac55a8b38fa935709a18bfbb3cd4c19c7c0c9aa99cb2c
2024-04-29,Kakkad,0.7273,19.2181,0.6627,36.24,7,,,2,,2,official_observed_reference,d6322d9e423dfe78517ac55a8b38fa935709a18bfbb3cd4c19c7c0c9aa99cb2c
2024-04-29,Kallada,0.1571,5.0252,0.1733,10.8,19,,,2,,1,official_observed_reference,d6322d9e423dfe78517ac55a8b38fa935709a18bfbb3cd4c19c7c0c9aa99cb2c
2024-04-29,Malankara,0.0938,2.54,0.0876,5.55,23,,,2,2,2,official_observed_reference,d6322d9e423dfe78517ac55a8b38fa935709a18bfbb3cd4c19c7c0c9aa99cb2c
2024-04-29,Maniyar,0.0598,1.7477,0.0603,,,,,3,2,2,official_observed_reference,d6322d9e423dfe78517ac55a8b38fa935709a18bfbb3cd4c19c7c0c9aa99cb2c
2024-04-29,Kuthungal,0.1797,5.848,0.2017,11,18,,,3,1,2,official_observed_reference,d6322d9e423dfe78517ac55a8b38fa935709a18bfbb3cd4c19c7c0c9aa99cb2c
2024-04-30,Idukki,8.212,207.04,6.9013,648,1,,1,5,3,5,official_observed_reference,7ffdb762db957c9c0bad74efa41f3a8dcabc1ae4e873e2dc51357cbd98bc631e
2024-04-30,Sabarigiri,5.5579,145.5816,4.8527,310.6,15,,,6,6,6,official_observed_reference,7ffdb762db957c9c0bad74efa41f3a8dcabc1ae4e873e2dc51357cbd98bc631e
2024-04-30,Idamalayar,1.0187,28.8779,0.9626,55.8,,,,2,2,2,official_observed_reference,7ffdb762db957c9c0bad74efa41f3a8dcabc1ae4e873e2dc51357cbd98bc631e
2024-04-30,Sholayar,1.0652,23.2754,0.7758,54.6,3,,,3,3,3,official_observed_reference,7ffdb762db957c9c0bad74efa41f3a8dcabc1ae4e873e2dc51357cbd98bc631e
2024-04-30,Pallivasal,0.486,14.4408,0.4814,20.4,4,,2,4,4,4,official_observed_reference,7ffdb762db957c9c0bad74efa41f3a8dcabc1ae4e873e2dc51357cbd98bc631e
2024-04-30,Kuttiadi,2.1941,50.7158,1.6905,188.6,19,1,,5,,5,official_observed_reference,7ffdb762db957c9c0bad74efa41f3a8dcabc1ae4e873e2dc51357cbd98bc631e
2024-04-30,Panniar,0.4451,11.4616,0.3821,30.2,,,,2,,2,official_observed_reference,7ffdb762db957c9c0bad74efa41f3a8dcabc1ae4e873e2dc51357cbd98bc631e
2024-04-30,Neriamangalam,0.4302,11.6735,0.3891,25.6,4,1,1,2,,2,official_observed_reference,7ffdb762db957c9c0bad74efa41f3a8dcabc1ae4e873e2dc51357cbd98bc631e
2024-04-30,Lower Periyar,0.448,15.244,0.5081,160,22,,,3,,,official_observed_reference,7ffdb762db957c9c0bad74efa41f3a8dcabc1ae4e873e2dc51357cbd98bc631e
2024-04-30,"Poringalkuthu, PLBE",0.389,11.1075,0.3702,50.48,,,,6,1,1,official_observed_reference,7ffdb762db957c9c0bad74efa41f3a8dcabc1ae4e873e2dc51357cbd98bc631e
2024-04-30,Sengulam,0.3482,9.3708,0.3124,51.6,22,,,4,,4,official_observed_reference,7ffdb762db957c9c0bad74efa41f3a8dcabc1ae4e873e2dc51357cbd98bc631e
2024-04-30,Kakkad,0.7961,20.0142,0.6671,36.3,1,,,2,2,2,official_observed_reference,7ffdb762db957c9c0bad74efa41f3a8dcabc1ae4e873e2dc51357cbd98bc631e
2024-04-30,Kallada,0.1538,5.179,0.1726,11,17,,,2,1,2,official_observed_reference,7ffdb762db957c9c0bad74efa41f3a8dcabc1ae4e873e2dc51357cbd98bc631e
2024-04-30,Malankara,0.1201,2.66,0.0887,5.55,1,,,2,,2,official_observed_reference,7ffdb762db957c9c0bad74efa41f3a8dcabc1ae4e873e2dc51357cbd98bc631e
2024-04-30,Maniyar,0.0816,1.8293,0.061,,,,,3,2,2,official_observed_reference,7ffdb762db957c9c0bad74efa41f3a8dcabc1ae4e873e2dc51357cbd98bc631e
2024-04-30,Kuthungal,0.1783,6.0263,0.2009,10.6,18,,,3,2,2,official_observed_reference,7ffdb762db957c9c0bad74efa41f3a8dcabc1ae4e873e2dc51357cbd98bc631e
2024-05-01,Idukki,5.185,5.185,5.185,606,,,1,5,2,3,official_observed_reference,c7b131ec8af3fd5a104ae5f9b3b0a0661e7b2ed8e1acbbadd2153cc8f91c67ca
2024-05-01,Sabarigiri,3.2037,3.2037,3.2037,302,21,,,6,1,5,official_observed_reference,c7b131ec8af3fd5a104ae5f9b3b0a0661e7b2ed8e1acbbadd2153cc8f91c67ca
2024-05-01,Idamalayar,0.6547,0.6547,0.6547,55.2,,,,2,1,2,official_observed_reference,c7b131ec8af3fd5a104ae5f9b3b0a0661e7b2ed8e1acbbadd2153cc8f91c67ca
2024-05-01,Sholayar,0.4403,0.4403,0.4403,54.6,23,,,3,2,3,official_observed_reference,c7b131ec8af3fd5a104ae5f9b3b0a0661e7b2ed8e1acbbadd2153cc8f91c67ca
2024-05-01,Pallivasal,0.4851,0.4851,0.4851,20.4,5,,2,4,4,4,official_observed_reference,c7b131ec8af3fd5a104ae5f9b3b0a0661e7b2ed8e1acbbadd2153cc8f91c67ca
2024-05-01,Kuttiadi,1.6004,1.6004,1.6004,184.6,21,1,,5,,5,official_observed_reference,c7b131ec8af3fd5a104ae5f9b3b0a0661e7b2ed8e1acbbadd2153cc8f91c67ca
2024-05-01,Panniar,0.2381,0.2381,0.2381,30.4,22,,,2,,,official_observed_reference,c7b131ec8af3fd5a104ae5f9b3b0a0661e7b2ed8e1acbbadd2153cc8f91c67ca
2024-05-01,Neriamangalam,0.3085,0.3085,0.3085,26.2,21,1,1,2,,2,official_observed_reference,c7b131ec8af3fd5a104ae5f9b3b0a0661e7b2ed8e1acbbadd2153cc8f91c67ca
2024-05-01,Lower Periyar,0.339,0.339,0.339,160,22,,,3,,3,official_observed_reference,c7b131ec8af3fd5a104ae5f9b3b0a0661e7b2ed8e1acbbadd2153cc8f91c67ca
2024-05-01,"Poringalkuthu, PLBE",0.2181,0.2181,0.2181,50.4,22,,,6,1,6,official_observed_reference,c7b131ec8af3fd5a104ae5f9b3b0a0661e7b2ed8e1acbbadd2153cc8f91c67ca
2024-05-01,Sengulam,0.2462,0.2462,0.2462,50.8,22,,,4,,4,official_observed_reference,c7b131ec8af3fd5a104ae5f9b3b0a0661e7b2ed8e1acbbadd2153cc8f91c67ca
2024-05-01,Kakkad,0.4779,0.4779,0.4779,35.9,,,,2,1,2,official_observed_reference,c7b131ec8af3fd5a104ae5f9b3b0a0661e7b2ed8e1acbbadd2153cc8f91c67ca
2024-05-01,Kallada,0.1561,0.1561,0.1561,10.6,18,,,2,1,2,official_observed_reference,c7b131ec8af3fd5a104ae5f9b3b0a0661e7b2ed8e1acbbadd2153cc8f91c67ca
2024-05-01,Malankara,0.0816,0.0816,0.0816,5.4,1,,,2,2,2,official_observed_reference,c7b131ec8af3fd5a104ae5f9b3b0a0661e7b2ed8e1acbbadd2153cc8f91c67ca
2024-05-01,Maniyar,0.04,0.04,0.04,,,,,3,2,1,official_observed_reference,c7b131ec8af3fd5a104ae5f9b3b0a0661e7b2ed8e1acbbadd2153cc8f91c67ca
2024-05-01,Kuthungal,0.1814,0.1814,0.1814,12,17,,,3,1,2,official_observed_reference,c7b131ec8af3fd5a104ae5f9b3b0a0661e7b2ed8e1acbbadd2153cc8f91c67ca
2024-05-02,Idukki,7.077,12.262,6.131,608,19,,1,5,2,5,official_observed_reference,1f582033da9a6f00a749d0ebb9890ede9536c7e64c7a0a6156bbbc65e0380944
2024-05-02,Sabarigiri,5.2804,8.4841,4.2421,301.8,2,,,6,2,6,official_observed_reference,1f582033da9a6f00a749d0ebb9890ede9536c7e64c7a0a6156bbbc65e0380944
2024-05-02,Idamalayar,0.9455,1.6002,0.8001,56.6,23,,,2,1,2,official_observed_reference,1f582033da9a6f00a749d0ebb9890ede9536c7e64c7a0a6156bbbc65e0380944
2024-05-02,Sholayar,0.9454,1.3857,0.6929,54.6,19,,,3,2,3,official_observed_reference,1f582033da9a6f00a749d0ebb9890ede9536c7e64c7a0a6156bbbc65e0380944
2024-05-02,Pallivasal,0.4857,0.9708,0.4854,20.4,10,,2,4,4,4,official_observed_reference,1f582033da9a6f00a749d0ebb9890ede9536c7e64c7a0a6156bbbc65e0380944
2024-05-02,Kuttiadi,1.9274,3.5278,1.7639,188.4,19,1,,5,,5,official_observed_reference,1f582033da9a6f00a749d0ebb9890ede9536c7e64c7a0a6156bbbc65e0380944
2024-05-02,Panniar,0.3149,0.553,0.2765,30.4,23,,,2,,2,official_observed_reference,1f582033da9a6f00a749d0ebb9890ede9536c7e64c7a0a6156bbbc65e0380944
2024-05-02,Neriamangalam,0.301,0.6095,0.3048,29,1,1,1,2,,2,official_observed_reference,1f582033da9a6f00a749d0ebb9890ede9536c7e64c7a0a6156bbbc65e0380944
2024-05-02,Lower Periyar,0.423,0.762,0.381,166,22,,,3,,3,official_observed_reference,1f582033da9a6f00a749d0ebb9890ede9536c7e64c7a0a6156bbbc65e0380944
2024-05-02,"Poringalkuthu, PLBE",0.3663,0.5844,0.2922,50.72,22,,,6,1,6,official_observed_reference,1f582033da9a6f00a749d0ebb9890ede9536c7e64c7a0a6156bbbc65e0380944
2024-05-02,Sengulam,0.3674,0.6136,0.3068,50.8,22,,,4,1,4,official_observed_reference,1f582033da9a6f00a749d0ebb9890ede9536c7e64c7a0a6156bbbc65e0380944
2024-05-02,Kakkad,0.7161,1.194,0.597,36.32,6,,,2,2,2,official_observed_reference,1f582033da9a6f00a749d0ebb9890ede9536c7e64c7a0a6156bbbc65e0380944
2024-05-02,Kallada,0.1556,0.3117,0.1559,10.6,19,,,2,1,2,official_observed_reference,1f582033da9a6f00a749d0ebb9890ede9536c7e64c7a0a6156bbbc65e0380944
2024-05-02,Malankara,0.0676,0.1492,0.0746,4.95,21,,,2,2,2,official_observed_reference,1f582033da9a6f00a749d0ebb9890ede9536c7e64c7a0a6156bbbc65e0380944
2024-05-02,Maniyar,0.071,0.1111,0.0555,,,,,3,1,2,official_observed_reference,1f582033da9a6f00a749d0ebb9890ede9536c7e64c7a0a6156bbbc65e0380944
2024-05-02,Kuthungal,0.1694,0.3508,0.1754,12,18,,,3,1,2,official_observed_reference,1f582033da9a6f00a749d0ebb9890ede9536c7e64c7a0a6156bbbc65e0380944
2024-05-03,Idukki,7.279,19.541,6.5137,602,23,,1,5,2,5,official_observed_reference,cf49cbb266a6257df461f8a4c04daad75fcd7c52d305e77e0c0596e486acf3aa
2024-05-03,Sabarigiri,5.9761,14.4602,4.8201,300.4,3,,,6,6,6,official_observed_reference,cf49cbb266a6257df461f8a4c04daad75fcd7c52d305e77e0c0596e486acf3aa
2024-05-03,Idamalayar,0.9899,2.5901,0.8634,56,1,,,2,1,2,official_observed_reference,cf49cbb266a6257df461f8a4c04daad75fcd7c52d305e77e0c0596e486acf3aa
2024-05-03,Sholayar,0.7557,2.1414,0.7138,54.6,,,,3,2,3,official_observed_reference,cf49cbb266a6257df461f8a4c04daad75fcd7c52d305e77e0c0596e486acf3aa
2024-05-03,Pallivasal,0.4867,1.4575,0.4858,20.4,,,2,4,4,4,official_observed_reference,cf49cbb266a6257df461f8a4c04daad75fcd7c52d305e77e0c0596e486acf3aa
2024-05-03,Kuttiadi,1.6689,5.1967,1.7322,191.6,22,1,,5,,5,official_observed_reference,cf49cbb266a6257df461f8a4c04daad75fcd7c52d305e77e0c0596e486acf3aa
2024-05-03,Panniar,0.2726,0.8256,0.2752,30.2,1,,,2,,2,official_observed_reference,cf49cbb266a6257df461f8a4c04daad75fcd7c52d305e77e0c0596e486acf3aa
2024-05-03,Neriamangalam,0.392,1.0015,0.3338,25.4,1,1,1,2,,2,official_observed_reference,cf49cbb266a6257df461f8a4c04daad75fcd7c52d305e77e0c0596e486acf3aa
2024-05-03,Lower Periyar,0.513,1.275,0.425,162,22,,,3,,3,official_observed_reference,cf49cbb266a6257df461f8a4c04daad75fcd7c52d305e77e0c0596e486acf3aa
2024-05-03,"Poringalkuthu, PLBE",0.2525,0.8369,0.279,50.6,22,,,6,1,6,official_observed_reference,cf49cbb266a6257df461f8a4c04daad75fcd7c52d305e77e0c0596e486acf3aa
2024-05-03,Sengulam,0.2947,0.9083,0.3028,51.2,22,,,4,,2,official_observed_reference,cf49cbb266a6257df461f8a4c04daad75fcd7c52d305e77e0c0596e486acf3aa
2024-05-03,Kakkad,0.8511,2.0451,0.6817,36.46,4,,,2,2,2,official_observed_reference,cf49cbb266a6257df461f8a4c04daad75fcd7c52d305e77e0c0596e486acf3aa
2024-05-03,Kallada,0.1541,0.4658,0.1553,10.4,18,,,2,1,2,official_observed_reference,cf49cbb266a6257df461f8a4c04daad75fcd7c52d305e77e0c0596e486acf3aa
2024-05-03,Malankara,0.1012,0.2504,0.0835,5.4,,,,2,2,2,official_observed_reference,cf49cbb266a6257df461f8a4c04daad75fcd7c52d305e77e0c0596e486acf3aa
2024-05-03,Maniyar,0.0809,0.192,0.064,,,,,3,1,2,official_observed_reference,cf49cbb266a6257df461f8a4c04daad75fcd7c52d305e77e0c0596e486acf3aa
2024-05-03,Kuthungal,0.1688,0.5196,0.1732,12,18,,,3,1,2,official_observed_reference,cf49cbb266a6257df461f8a4c04daad75fcd7c52d305e77e0c0596e486acf3aa
2024-05-04,Idukki,7.524,27.065,6.7663,614,22,,1,5,2,5,official_observed_reference,ac0e6ceeadcecb319502a38d246fa9a24a5f02afbece6e88eb398aca508175de
2024-05-04,Sabarigiri,4.605,19.0652,4.7663,301.8,5,,,6,3,6,official_observed_reference,ac0e6ceeadcecb319502a38d246fa9a24a5f02afbece6e88eb398aca508175de
2024-05-04,Idamalayar,0.9393,3.5294,0.8824,55,3,,,2,1,2,official_observed_reference,ac0e6ceeadcecb319502a38d246fa9a24a5f02afbece6e88eb398aca508175de
2024-05-04,Sholayar,0.7912,2.9326,0.7332,54.4,,,,3,2,3,official_observed_reference,ac0e6ceeadcecb319502a38d246fa9a24a5f02afbece6e88eb398aca508175de
2024-05-04,Pallivasal,0.486,1.9435,0.4859,20.4,3,,2,4,4,4,official_observed_reference,ac0e6ceeadcecb319502a38d246fa9a24a5f02afbece6e88eb398aca508175de
2024-05-04,Kuttiadi,1.6221,6.8188,1.7047,190,,1,,5,,5,official_observed_reference,ac0e6ceeadcecb319502a38d246fa9a24a5f02afbece6e88eb398aca508175de
2024-05-04,Panniar,0.4032,1.2288,0.3072,30.2,,,,2,1,2,official_observed_reference,ac0e6ceeadcecb319502a38d246fa9a24a5f02afbece6e88eb398aca508175de
2024-05-04,Neriamangalam,0.376,1.3775,0.3444,26,5,1,1,2,2,2,official_observed_reference,ac0e6ceeadcecb319502a38d246fa9a24a5f02afbece6e88eb398aca508175de
2024-05-04,Lower Periyar,0.424,1.699,0.4248,158,22,,,3,,3,official_observed_reference,ac0e6ceeadcecb319502a38d246fa9a24a5f02afbece6e88eb398aca508175de
2024-05-04,"Poringalkuthu, PLBE",0.2756,1.1125,0.2781,50.56,22,,,6,1,6,official_observed_reference,ac0e6ceeadcecb319502a38d246fa9a24a5f02afbece6e88eb398aca508175de
2024-05-04,Sengulam,0.295,1.2033,0.3008,50.6,,,,4,,4,official_observed_reference,ac0e6ceeadcecb319502a38d246fa9a24a5f02afbece6e88eb398aca508175de
2024-05-04,Kakkad,0.5868,2.6318,0.658,35.78,5,,,2,1,2,official_observed_reference,ac0e6ceeadcecb319502a38d246fa9a24a5f02afbece6e88eb398aca508175de
2024-05-04,Kallada,0.1537,0.6195,0.1549,10.2,18,,,2,1,2,official_observed_reference,ac0e6ceeadcecb319502a38d246fa9a24a5f02afbece6e88eb398aca508175de
2024-05-04,Malankara,0.1046,0.3549,0.0887,5.1,20,,,2,2,2,official_observed_reference,ac0e6ceeadcecb319502a38d246fa9a24a5f02afbece6e88eb398aca508175de
2024-05-04,Maniyar,0.0543,0.2463,0.0616,,,,,3,1,1,official_observed_reference,ac0e6ceeadcecb319502a38d246fa9a24a5f02afbece6e88eb398aca508175de
2024-05-04,Kuthungal,0.1669,0.6865,0.1716,11.2,18,,,3,2,2,official_observed_reference,ac0e6ceeadcecb319502a38d246fa9a24a5f02afbece6e88eb398aca508175de
2024-05-05,Idukki,5.43,32.495,6.499,616,2,1,1,4,2,4,official_observed_reference,9fdf22bdbcf83644e5a329c1c0da1b933eebcd7149a393ab343d94620d1afec9
2024-05-05,Sabarigiri,3.0509,22.1161,4.4232,301.4,23,,,6,,6,official_observed_reference,9fdf22bdbcf83644e5a329c1c0da1b933eebcd7149a393ab343d94620d1afec9
2024-05-05,Idamalayar,0.5646,4.094,0.8188,54.8,,,,2,,2,official_observed_reference,9fdf22bdbcf83644e5a329c1c0da1b933eebcd7149a393ab343d94620d1afec9
2024-05-05,Sholayar,0.4244,3.357,0.6714,54.6,1,,,3,,3,official_observed_reference,9fdf22bdbcf83644e5a329c1c0da1b933eebcd7149a393ab343d94620d1afec9
2024-05-05,Pallivasal,0.4855,2.429,0.4858,20.4,2,,2,4,4,4,official_observed_reference,9fdf22bdbcf83644e5a329c1c0da1b933eebcd7149a393ab343d94620d1afec9
2024-05-05,Kuttiadi,1.1699,7.9887,1.5977,187.8,22,1,,5,,5,official_observed_reference,9fdf22bdbcf83644e5a329c1c0da1b933eebcd7149a393ab343d94620d1afec9
2024-05-05,Panniar,0.2922,1.521,0.3042,30.2,20,,,2,,2,official_observed_reference,9fdf22bdbcf83644e5a329c1c0da1b933eebcd7149a393ab343d94620d1afec9
2024-05-05,Neriamangalam,0.3486,1.7261,0.3452,26.6,6,1,1,2,,2,official_observed_reference,9fdf22bdbcf83644e5a329c1c0da1b933eebcd7149a393ab343d94620d1afec9
2024-05-05,Lower Periyar,0.451,2.15,0.43,154,,,,3,,3,official_observed_reference,9fdf22bdbcf83644e5a329c1c0da1b933eebcd7149a393ab343d94620d1afec9
2024-05-05,"Poringalkuthu, PLBE",0.2559,1.3684,0.2737,50.78,23,,,6,,5,official_observed_reference,9fdf22bdbcf83644e5a329c1c0da1b933eebcd7149a393ab343d94620d1afec9
2024-05-05,Sengulam,0.3016,1.5049,0.301,51.4,23,,,4,,4,official_observed_reference,9fdf22bdbcf83644e5a329c1c0da1b933eebcd7149a393ab343d94620d1afec9
2024-05-05,Kakkad,0.4632,3.095,0.619,36.46,7,,,2,,2,official_observed_reference,9fdf22bdbcf83644e5a329c1c0da1b933eebcd7149a393ab343d94620d1afec9
2024-05-05,Kallada,0.1526,0.7721,0.1544,10.2,18,,,2,1,2,official_observed_reference,9fdf22bdbcf83644e5a329c1c0da1b933eebcd7149a393ab343d94620d1afec9
2024-05-05,Malankara,0.0921,0.447,0.0894,5.4,,,,2,2,2,official_observed_reference,9fdf22bdbcf83644e5a329c1c0da1b933eebcd7149a393ab343d94620d1afec9
2024-05-05,Maniyar,0.0337,0.28,0.056,,,,,3,1,1,official_observed_reference,9fdf22bdbcf83644e5a329c1c0da1b933eebcd7149a393ab343d94620d1afec9
2024-05-05,Kuthungal,0.1742,0.8607,0.1721,12,19,,,3,1,2,official_observed_reference,9fdf22bdbcf83644e5a329c1c0da1b933eebcd7149a393ab343d94620d1afec9
2024-05-06,Idukki,4.527,37.022,6.1703,510,23,,1,5,1,5,official_observed_reference,30181648b19b8a3cba9dd0225c906e718de8c72abbba3d4ac4af9062f3b66279
2024-05-06,Sabarigiri,3.9159,26.032,4.3387,301,,,,6,1,6,official_observed_reference,30181648b19b8a3cba9dd0225c906e718de8c72abbba3d4ac4af9062f3b66279
2024-05-06,Idamalayar,0.888,4.982,0.8303,56,22,,,2,,2,official_observed_reference,30181648b19b8a3cba9dd0225c906e718de8c72abbba3d4ac4af9062f3b66279
2024-05-06,Sholayar,0.5345,3.8915,0.6486,54.6,22,,,3,,3,official_observed_reference,30181648b19b8a3cba9dd0225c906e718de8c72abbba3d4ac4af9062f3b66279
2024-05-06,Pallivasal,0.4857,2.9147,0.4858,20.4,5,,2,4,4,4,official_observed_reference,30181648b19b8a3cba9dd0225c906e718de8c72abbba3d4ac4af9062f3b66279
2024-05-06,Kuttiadi,1.3092,9.2979,1.5497,189,,1,,5,,5,official_observed_reference,30181648b19b8a3cba9dd0225c906e718de8c72abbba3d4ac4af9062f3b66279
2024-05-06,Panniar,0.3102,1.8312,0.3052,30,,,,2,,2,official_observed_reference,30181648b19b8a3cba9dd0225c906e718de8c72abbba3d4ac4af9062f3b66279
2024-05-06,Neriamangalam,0.376,2.1021,0.3504,25,4,1,1,2,,2,official_observed_reference,30181648b19b8a3cba9dd0225c906e718de8c72abbba3d4ac4af9062f3b66279
2024-05-06,Lower Periyar,0.443,2.593,0.4322,146,22,,,3,,3,official_observed_reference,30181648b19b8a3cba9dd0225c906e718de8c72abbba3d4ac4af9062f3b66279
2024-05-06,"Poringalkuthu, PLBE",0.2339,1.6023,0.267,45.46,22,,,6,,5,official_observed_reference,30181648b19b8a3cba9dd0225c906e718de8c72abbba3d4ac4af9062f3b66279
2024-05-06,Sengulam,0.3185,1.8234,0.3039,51.2,23,,,4,,4,official_observed_reference,30181648b19b8a3cba9dd0225c906e718de8c72abbba3d4ac4af9062f3b66279
2024-05-06,Kakkad,0.5443,3.6393,0.6065,36,3,,,2,,2,official_observed_reference,30181648b19b8a3cba9dd0225c906e718de8c72abbba3d4ac4af9062f3b66279
2024-05-06,Kallada,0.1521,0.9242,0.154,10.2,18,,,2,,2,official_observed_reference,30181648b19b8a3cba9dd0225c906e718de8c72abbba3d4ac4af9062f3b66279
2024-05-06,Malankara,0.048,0.495,0.0825,3,20,,,2,1,1,official_observed_reference,30181648b19b8a3cba9dd0225c906e718de8c72abbba3d4ac4af9062f3b66279
2024-05-06,Maniyar,0.0417,0.3216,0.0536,,,,,3,1,1,official_observed_reference,30181648b19b8a3cba9dd0225c906e718de8c72abbba3d4ac4af9062f3b66279
2024-05-06,Kuthungal,0.1591,1.0198,0.17,12.6,18,,,3,1,2,official_observed_reference,30181648b19b8a3cba9dd0225c906e718de8c72abbba3d4ac4af9062f3b66279
2024-05-07,Idukki,5.243,42.265,6.0379,612,22,,1,5,1,5,official_observed_reference,079e137609dde17714575ac4fd81e0d584cba8c89b131c3d40dd90de17d605f7
2024-05-07,Sabarigiri,3.6822,29.7142,4.2449,300.6,19,,,6,1,6,official_observed_reference,079e137609dde17714575ac4fd81e0d584cba8c89b131c3d40dd90de17d605f7
2024-05-07,Idamalayar,0.5273,5.5093,0.787,54.6,20,,,2,,2,official_observed_reference,079e137609dde17714575ac4fd81e0d584cba8c89b131c3d40dd90de17d605f7
2024-05-07,Sholayar,0.4261,4.3176,0.6168,54.6,23,,,3,,3,official_observed_reference,079e137609dde17714575ac4fd81e0d584cba8c89b131c3d40dd90de17d605f7
2024-05-07,Pallivasal,0.486,3.4007,0.4858,20.4,8,,2,4,4,4,official_observed_reference,079e137609dde17714575ac4fd81e0d584cba8c89b131c3d40dd90de17d605f7
2024-05-07,Kuttiadi,1.95,11.2479,1.6068,187,21,1,,5,,5,official_observed_reference,079e137609dde17714575ac4fd81e0d584cba8c89b131c3d40dd90de17d605f7
2024-05-07,Panniar,0.2256,2.0568,0.2938,30,20,,,2,,2,official_observed_reference,079e137609dde17714575ac4fd81e0d584cba8c89b131c3d40dd90de17d605f7
2024-05-07,Neriamangalam,0.2153,2.3174,0.3311,23.8,19,1,1,2,,2,official_observed_reference,079e137609dde17714575ac4fd81e0d584cba8c89b131c3d40dd90de17d605f7
2024-05-07,Lower Periyar,0.357,2.95,0.4214,158,22,,,3,,3,official_observed_reference,079e137609dde17714575ac4fd81e0d584cba8c89b131c3d40dd90de17d605f7
2024-05-07,"Poringalkuthu, PLBE",0.2044,1.8067,0.2581,50.52,23,,,6,,5,official_observed_reference,079e137609dde17714575ac4fd81e0d584cba8c89b131c3d40dd90de17d605f7
2024-05-07,Sengulam,0.3553,2.1787,0.3112,51,22,,,4,,4,official_observed_reference,079e137609dde17714575ac4fd81e0d584cba8c89b131c3d40dd90de17d605f7
2024-05-07,Kakkad,0.4559,4.0952,0.585,35.92,23,,,2,,2,official_observed_reference,079e137609dde17714575ac4fd81e0d584cba8c89b131c3d40dd90de17d605f7
2024-05-07,Kallada,0.1495,1.0737,0.1534,10,18,,,2,1,2,official_observed_reference,079e137609dde17714575ac4fd81e0d584cba8c89b131c3d40dd90de17d605f7
2024-05-07,Malankara,0.0705,0.5655,0.0808,3.6,,,,2,1,1,official_observed_reference,079e137609dde17714575ac4fd81e0d584cba8c89b131c3d40dd90de17d605f7
2024-05-07,Maniyar,0.0329,0.3545,0.0506,,,,,3,2,1,official_observed_reference,079e137609dde17714575ac4fd81e0d584cba8c89b131c3d40dd90de17d605f7
2024-05-07,Kuthungal,0.16,1.1798,0.1685,10.4,18,,,3,1,2,official_observed_reference,079e137609dde17714575ac4fd81e0d584cba8c89b131c3d40dd90de17d605f7
2024-05-08,Idukki,4.457,46.722,5.8403,542,,,1,5,2,3,official_observed_reference,ed5cb5d8907f0f479db86e4837f937121c80d3612d46083fefe2bc1a048956f2
2024-05-08,Sabarigiri,4.1868,33.901,4.2376,300.8,3,,,6,4,6,official_observed_reference,ed5cb5d8907f0f479db86e4837f937121c80d3612d46083fefe2bc1a048956f2
2024-05-08,Idamalayar,0.8127,6.322,0.7903,55.8,5,,,2,2,2,official_observed_reference,ed5cb5d8907f0f479db86e4837f937121c80d3612d46083fefe2bc1a048956f2
2024-05-08,Sholayar,0.5159,4.8335,0.6042,54.4,,,,3,2,3,official_observed_reference,ed5cb5d8907f0f479db86e4837f937121c80d3612d46083fefe2bc1a048956f2
2024-05-08,Pallivasal,0.4858,3.8865,0.4858,20.4,,,2,4,4,4,official_observed_reference,ed5cb5d8907f0f479db86e4837f937121c80d3612d46083fefe2bc1a048956f2
2024-05-08,Kuttiadi,1.6661,12.914,1.6143,194.2,22,1,,5,,5,official_observed_reference,ed5cb5d8907f0f479db86e4837f937121c80d3612d46083fefe2bc1a048956f2
2024-05-08,Panniar,0.2451,2.3019,0.2877,29.8,21,,,2,,2,official_observed_reference,ed5cb5d8907f0f479db86e4837f937121c80d3612d46083fefe2bc1a048956f2
2024-05-08,Neriamangalam,0.3167,2.6341,0.3293,24,19,1,1,2,,2,official_observed_reference,ed5cb5d8907f0f479db86e4837f937121c80d3612d46083fefe2bc1a048956f2
2024-05-08,Lower Periyar,0.435,3.385,0.4231,154,22,,,3,,3,official_observed_reference,ed5cb5d8907f0f479db86e4837f937121c80d3612d46083fefe2bc1a048956f2
2024-05-08,"Poringalkuthu, PLBE",0.3855,2.1921,0.274,50.52,,,,6,1,5,official_observed_reference,ed5cb5d8907f0f479db86e4837f937121c80d3612d46083fefe2bc1a048956f2
2024-05-08,Sengulam,0.29,2.4687,0.3086,26.6,19,,,4,1,4,official_observed_reference,ed5cb5d8907f0f479db86e4837f937121c80d3612d46083fefe2bc1a048956f2
2024-05-08,Kakkad,0.6578,4.7531,0.5941,36.82,4,,,2,2,2,official_observed_reference,ed5cb5d8907f0f479db86e4837f937121c80d3612d46083fefe2bc1a048956f2
2024-05-08,Kallada,0.149,1.2227,0.1528,10,19,,,2,1,2,official_observed_reference,ed5cb5d8907f0f479db86e4837f937121c80d3612d46083fefe2bc1a048956f2
2024-05-08,Malankara,0.0648,0.6303,0.0788,3.6,2,,,2,,1,official_observed_reference,ed5cb5d8907f0f479db86e4837f937121c80d3612d46083fefe2bc1a048956f2
2024-05-08,Maniyar,0.0516,0.4061,0.0508,,,,,3,1,2,official_observed_reference,ed5cb5d8907f0f479db86e4837f937121c80d3612d46083fefe2bc1a048956f2
2024-05-08,Kuthungal,0.1547,1.3345,0.1668,10.2,18,,,3,2,2,official_observed_reference,ed5cb5d8907f0f479db86e4837f937121c80d3612d46083fefe2bc1a048956f2
2024-05-09,Idukki,2.929,49.651,5.5168,444,23,,1,5,2,2,official_observed_reference,913976ba29da01cbc679fa3455925f2e734917c7774f4c5eec2255fcdbc5bc71
2024-05-09,Sabarigiri,2.3887,36.2897,4.0322,301.2,21,,,6,1,6,official_observed_reference,913976ba29da01cbc679fa3455925f2e734917c7774f4c5eec2255fcdbc5bc71
2024-05-09,Idamalayar,0.4455,6.7675,0.7519,54.2,21,,,2,,2,official_observed_reference,913976ba29da01cbc679fa3455925f2e734917c7774f4c5eec2255fcdbc5bc71
2024-05-09,Sholayar,0.5593,5.3928,0.5992,54.4,19,,,3,,3,official_observed_reference,913976ba29da01cbc679fa3455925f2e734917c7774f4c5eec2255fcdbc5bc71
2024-05-09,Pallivasal,0.4759,4.3624,0.4847,20.4,13,,2,4,4,4,official_observed_reference,913976ba29da01cbc679fa3455925f2e734917c7774f4c5eec2255fcdbc5bc71
2024-05-09,Kuttiadi,1.5672,14.4812,1.609,192.6,23,1,,5,,3,official_observed_reference,913976ba29da01cbc679fa3455925f2e734917c7774f4c5eec2255fcdbc5bc71
2024-05-09,Panniar,0.1055,2.4074,0.2675,30.2,22,,,2,,1,official_observed_reference,913976ba29da01cbc679fa3455925f2e734917c7774f4c5eec2255fcdbc5bc71
2024-05-09,Neriamangalam,0.2167,2.8508,0.3168,24.2,20,1,1,2,,2,official_observed_reference,913976ba29da01cbc679fa3455925f2e734917c7774f4c5eec2255fcdbc5bc71
2024-05-09,Lower Periyar,0.299,3.684,0.4093,146,22,,,3,,3,official_observed_reference,913976ba29da01cbc679fa3455925f2e734917c7774f4c5eec2255fcdbc5bc71
2024-05-09,"Poringalkuthu, PLBE",0.2705,2.4626,0.2736,16,21,,,6,1,1,official_observed_reference,913976ba29da01cbc679fa3455925f2e734917c7774f4c5eec2255fcdbc5bc71
2024-05-09,Sengulam,0.2788,2.7475,0.3053,51,19,,,4,1,4,official_observed_reference,913976ba29da01cbc679fa3455925f2e734917c7774f4c5eec2255fcdbc5bc71
2024-05-09,Kakkad,0.3096,5.0627,0.5625,35.66,23,,,2,,2,official_observed_reference,913976ba29da01cbc679fa3455925f2e734917c7774f4c5eec2255fcdbc5bc71
2024-05-09,Kallada,0.1125,1.3352,0.1484,5.4,,,,2,1,1,official_observed_reference,913976ba29da01cbc679fa3455925f2e734917c7774f4c5eec2255fcdbc5bc71
2024-05-09,Malankara,0.039,0.6693,0.0744,3,,,,2,1,1,official_observed_reference,913976ba29da01cbc679fa3455925f2e734917c7774f4c5eec2255fcdbc5bc71
2024-05-09,Maniyar,0.0156,0.4217,0.0469,,,,,3,1,,official_observed_reference,913976ba29da01cbc679fa3455925f2e734917c7774f4c5eec2255fcdbc5bc71
2024-05-09,Kuthungal,0.1548,1.4893,0.1655,10.2,16,,,3,1,2,official_observed_reference,913976ba29da01cbc679fa3455925f2e734917c7774f4c5eec2255fcdbc5bc71
2024-05-10,Idukki,3.864,53.515,5.3515,554,23,,1,5,2,5,official_observed_reference,b870b21a4644d14148d6fc5281d5598319c9a12126672aa5852e18fc5a3ee5df
2024-05-10,Sabarigiri,2.6072,38.8969,3.8897,296,23,,,6,1,6,official_observed_reference,b870b21a4644d14148d6fc5281d5598319c9a12126672aa5852e18fc5a3ee5df
2024-05-10,Idamalayar,0.381,7.1485,0.7149,56,20,,,2,,2,official_observed_reference,b870b21a4644d14148d6fc5281d5598319c9a12126672aa5852e18fc5a3ee5df
2024-05-10,Sholayar,0.4732,5.866,0.5866,54.4,21,,,3,2,3,official_observed_reference,b870b21a4644d14148d6fc5281d5598319c9a12126672aa5852e18fc5a3ee5df
2024-05-10,Pallivasal,0.4446,4.807,0.4807,20.4,3,,2,4,4,4,official_observed_reference,b870b21a4644d14148d6fc5281d5598319c9a12126672aa5852e18fc5a3ee5df
2024-05-10,Kuttiadi,1.1857,15.6669,1.5667,187.4,23,1,,5,,5,official_observed_reference,b870b21a4644d14148d6fc5281d5598319c9a12126672aa5852e18fc5a3ee5df
2024-05-10,Panniar,0.0997,2.5071,0.2507,30,18,,,2,,2,official_observed_reference,b870b21a4644d14148d6fc5281d5598319c9a12126672aa5852e18fc5a3ee5df
2024-05-10,Neriamangalam,0.3101,3.1609,0.3161,24.4,15,1,1,2,,2,official_observed_reference,b870b21a4644d14148d6fc5281d5598319c9a12126672aa5852e18fc5a3ee5df
2024-05-10,Lower Periyar,0.881,4.565,0.4565,114,16,,,3,,2,official_observed_reference,b870b21a4644d14148d6fc5281d5598319c9a12126672aa5852e18fc5a3ee5df
2024-05-10,"Poringalkuthu, PLBE",0.3195,2.7821,0.2782,16,1,,,6,1,1,official_observed_reference,b870b21a4644d14148d6fc5281d5598319c9a12126672aa5852e18fc5a3ee5df
2024-05-10,Sengulam,0.2311,2.9786,0.2979,25,23,,,4,2,3,official_observed_reference,b870b21a4644d14148d6fc5281d5598319c9a12126672aa5852e18fc5a3ee5df
2024-05-10,Kakkad,0.3503,5.413,0.5413,35.78,1,,,2,,2,official_observed_reference,b870b21a4644d14148d6fc5281d5598319c9a12126672aa5852e18fc5a3ee5df
2024-05-10,Kallada,0.1497,1.4849,0.1485,10.6,17,,,2,1,2,official_observed_reference,b870b21a4644d14148d6fc5281d5598319c9a12126672aa5852e18fc5a3ee5df
2024-05-10,Malankara,0.0291,0.6984,0.0698,1.8,4,,,2,,2,official_observed_reference,b870b21a4644d14148d6fc5281d5598319c9a12126672aa5852e18fc5a3ee5df
2024-05-10,Maniyar,0.0177,0.4394,0.0439,,,,,3,1,1,official_observed_reference,b870b21a4644d14148d6fc5281d5598319c9a12126672aa5852e18fc5a3ee5df
2024-05-10,Kuthungal,0.1009,1.5902,0.159,7,16,,,3,1,,official_observed_reference,b870b21a4644d14148d6fc5281d5598319c9a12126672aa5852e18fc5a3ee5df
2024-05-11,Idukki,3.004,56.519,5.1381,402,23,,1,5,1,4,official_observed_reference,6766510b5845f94b3677d8e7974d0ff31c68364b6a41b5ae8429efb362f64a25
2024-05-11,Sabarigiri,2.6021,41.499,3.7726,296.4,23,,,6,1,6,official_observed_reference,6766510b5845f94b3677d8e7974d0ff31c68364b6a41b5ae8429efb362f64a25
2024-05-11,Idamalayar,0.4456,7.5941,0.6904,54.2,20,,,2,,2,official_observed_reference,6766510b5845f94b3677d8e7974d0ff31c68364b6a41b5ae8429efb362f64a25
2024-05-11,Sholayar,0.5037,6.3697,0.5791,54.4,19,,,3,,3,official_observed_reference,6766510b5845f94b3677d8e7974d0ff31c68364b6a41b5ae8429efb362f64a25
2024-05-11,Pallivasal,0.485,5.292,0.4811,20.4,9,,2,4,4,4,official_observed_reference,6766510b5845f94b3677d8e7974d0ff31c68364b6a41b5ae8429efb362f64a25
2024-05-11,Kuttiadi,0.7795,16.4464,1.4951,144.2,,1,,5,,3,official_observed_reference,6766510b5845f94b3677d8e7974d0ff31c68364b6a41b5ae8429efb362f64a25
2024-05-11,Panniar,0.0259,2.533,0.2303,15.2,,,,2,,,official_observed_reference,6766510b5845f94b3677d8e7974d0ff31c68364b6a41b5ae8429efb362f64a25
2024-05-11,Neriamangalam,0.1659,3.3268,0.3024,25.6,20,1,1,2,,2,official_observed_reference,6766510b5845f94b3677d8e7974d0ff31c68364b6a41b5ae8429efb362f64a25
2024-05-11,Lower Periyar,0.347,4.912,0.4465,162,22,,,3,,3,official_observed_reference,6766510b5845f94b3677d8e7974d0ff31c68364b6a41b5ae8429efb362f64a25
2024-05-11,"Poringalkuthu, PLBE",0.2623,3.0444,0.2768,16,12,,,6,,1,official_observed_reference,6766510b5845f94b3677d8e7974d0ff31c68364b6a41b5ae8429efb362f64a25
2024-05-11,Sengulam,0.4338,3.4124,0.3102,38.2,20,,,4,2,3,official_observed_reference,6766510b5845f94b3677d8e7974d0ff31c68364b6a41b5ae8429efb362f64a25
2024-05-11,Kakkad,0.3936,5.8066,0.5279,35.6,1,,,2,,1,official_observed_reference,6766510b5845f94b3677d8e7974d0ff31c68364b6a41b5ae8429efb362f64a25
2024-05-11,Kallada,0.1359,1.6208,0.1473,9.8,18,,,2,,2,official_observed_reference,6766510b5845f94b3677d8e7974d0ff31c68364b6a41b5ae8429efb362f64a25
2024-05-11,Malankara,0.0378,0.7362,0.0669,2.4,,,,2,,2,official_observed_reference,6766510b5845f94b3677d8e7974d0ff31c68364b6a41b5ae8429efb362f64a25
2024-05-11,Maniyar,0.0267,0.4661,0.0424,,,,,3,2,1,official_observed_reference,6766510b5845f94b3677d8e7974d0ff31c68364b6a41b5ae8429efb362f64a25
2024-05-11,Kuthungal,0.1251,1.7153,0.1559,14.4,13,,,3,,1,official_observed_reference,6766510b5845f94b3677d8e7974d0ff31c68364b6a41b5ae8429efb362f64a25
2024-05-12,Idukki,2.22,58.739,4.8949,470,22,,1,5,1,5,official_observed_reference,724093ca3a351fa566cd769e00c6e4c05198a7318ccff7b2212a529e6960029c
2024-05-12,Sabarigiri,1.9237,43.4227,3.6186,297,1,,,6,1,5,official_observed_reference,724093ca3a351fa566cd769e00c6e4c05198a7318ccff7b2212a529e6960029c
2024-05-12,Idamalayar,0.3224,7.9165,0.6597,54,,,,2,,2,official_observed_reference,724093ca3a351fa566cd769e00c6e4c05198a7318ccff7b2212a529e6960029c
2024-05-12,Sholayar,0.4497,6.8194,0.5683,54.4,21,,,3,2,3,official_observed_reference,724093ca3a351fa566cd769e00c6e4c05198a7318ccff7b2212a529e6960029c
2024-05-12,Pallivasal,0.4853,5.7773,0.4814,20.4,,,2,4,4,4,official_observed_reference,724093ca3a351fa566cd769e00c6e4c05198a7318ccff7b2212a529e6960029c
2024-05-12,Kuttiadi,0.7005,17.1469,1.4289,187.8,22,1,,5,,5,official_observed_reference,724093ca3a351fa566cd769e00c6e4c05198a7318ccff7b2212a529e6960029c
2024-05-12,Panniar,,2.533,0.2111,,,,,2,,,official_observed_reference,724093ca3a351fa566cd769e00c6e4c05198a7318ccff7b2212a529e6960029c
2024-05-12,Neriamangalam,0.0882,3.415,0.2846,25.6,22,1,1,2,,2,official_observed_reference,724093ca3a351fa566cd769e00c6e4c05198a7318ccff7b2212a529e6960029c
2024-05-12,Lower Periyar,0.143,5.055,0.4213,156,,,,3,,,official_observed_reference,724093ca3a351fa566cd769e00c6e4c05198a7318ccff7b2212a529e6960029c
2024-05-12,"Poringalkuthu, PLBE",0.1395,3.1839,0.2653,16,22,,,6,1,2,official_observed_reference,724093ca3a351fa566cd769e00c6e4c05198a7318ccff7b2212a529e6960029c
2024-05-12,Sengulam,0.3315,3.7439,0.312,50.6,22,,,4,,4,official_observed_reference,724093ca3a351fa566cd769e00c6e4c05198a7318ccff7b2212a529e6960029c
2024-05-12,Kakkad,0.2992,6.1058,0.5088,35.92,23,,,2,,2,official_observed_reference,724093ca3a351fa566cd769e00c6e4c05198a7318ccff7b2212a529e6960029c
2024-05-12,Kallada,0.1442,1.765,0.1471,9.8,21,,,2,1,2,official_observed_reference,724093ca3a351fa566cd769e00c6e4c05198a7318ccff7b2212a529e6960029c
2024-05-12,Malankara,0.0438,0.78,0.065,3,20,,,2,1,2,official_observed_reference,724093ca3a351fa566cd769e00c6e4c05198a7318ccff7b2212a529e6960029c
2024-05-12,Maniyar,0.0057,0.4718,0.0393,,,,,3,1,1,official_observed_reference,724093ca3a351fa566cd769e00c6e4c05198a7318ccff7b2212a529e6960029c
2024-05-12,Kuthungal,0.1486,1.8639,0.1553,7,1,,,3,1,1,official_observed_reference,724093ca3a351fa566cd769e00c6e4c05198a7318ccff7b2212a529e6960029c
2024-05-13,Idukki,4.805,63.544,4.888,584,22,,1,5,1,5,official_observed_reference,a0005280d938f3ec2e83a493362f99163e7d88ae062ed657927e84bbb65130ea
2024-05-13,Sabarigiri,3.063,46.4857,3.5758,297,21,,,6,1,6,official_observed_reference,a0005280d938f3ec2e83a493362f99163e7d88ae062ed657927e84bbb65130ea
2024-05-13,Idamalayar,0.5061,8.4226,0.6479,54.4,21,,,2,,2,official_observed_reference,a0005280d938f3ec2e83a493362f99163e7d88ae062ed657927e84bbb65130ea
2024-05-13,Sholayar,0.5532,7.3726,0.5671,54.4,23,,,3,,3,official_observed_reference,a0005280d938f3ec2e83a493362f99163e7d88ae062ed657927e84bbb65130ea
2024-05-13,Pallivasal,0.4849,6.2622,0.4817,20.4,8,,2,4,4,4,official_observed_reference,a0005280d938f3ec2e83a493362f99163e7d88ae062ed657927e84bbb65130ea
2024-05-13,Kuttiadi,1.3084,18.4553,1.4196,189.4,19,1,,5,,5,official_observed_reference,a0005280d938f3ec2e83a493362f99163e7d88ae062ed657927e84bbb65130ea
2024-05-13,Panniar,0.1606,2.6936,0.2072,30.2,19,,,2,,2,official_observed_reference,a0005280d938f3ec2e83a493362f99163e7d88ae062ed657927e84bbb65130ea
2024-05-13,Neriamangalam,0.2024,3.6174,0.2783,25.8,20,1,1,2,,2,official_observed_reference,a0005280d938f3ec2e83a493362f99163e7d88ae062ed657927e84bbb65130ea
2024-05-13,Lower Periyar,0.382,5.437,0.4182,140,23,,,3,,3,official_observed_reference,a0005280d938f3ec2e83a493362f99163e7d88ae062ed657927e84bbb65130ea
2024-05-13,"Poringalkuthu, PLBE",0.363,3.5469,0.2728,42.1,22,1,,5,1,5,official_observed_reference,a0005280d938f3ec2e83a493362f99163e7d88ae062ed657927e84bbb65130ea
2024-05-13,Sengulam,0.3077,4.0516,0.3117,51.2,23,,,4,,4,official_observed_reference,a0005280d938f3ec2e83a493362f99163e7d88ae062ed657927e84bbb65130ea
2024-05-13,Kakkad,0.4463,6.552,0.504,36,1,,,2,1,2,official_observed_reference,a0005280d938f3ec2e83a493362f99163e7d88ae062ed657927e84bbb65130ea
2024-05-13,Kallada,0.1263,1.8913,0.1455,9.6,18,,,2,,2,official_observed_reference,a0005280d938f3ec2e83a493362f99163e7d88ae062ed657927e84bbb65130ea
2024-05-13,Malankara,0.0513,0.8313,0.0639,3,,,,2,2,2,official_observed_reference,a0005280d938f3ec2e83a493362f99163e7d88ae062ed657927e84bbb65130ea
2024-05-13,Maniyar,0.0284,0.5002,0.0385,,,,,3,1,2,official_observed_reference,a0005280d938f3ec2e83a493362f99163e7d88ae062ed657927e84bbb65130ea
2024-05-13,Kuthungal,0.1608,2.0247,0.1557,9.2,,,,3,2,1,official_observed_reference,a0005280d938f3ec2e83a493362f99163e7d88ae062ed657927e84bbb65130ea
2024-05-14,Idukki,4.277,67.821,4.8444,618,23,,1,5,2,5,official_observed_reference,a3357241b7de17d1f8c60db6cc26ecf992521a311a79c45c44bf7145c0c6e7a9
2024-05-14,Sabarigiri,3.2921,49.7778,3.5556,300.2,21,,,6,1,6,official_observed_reference,a3357241b7de17d1f8c60db6cc26ecf992521a311a79c45c44bf7145c0c6e7a9
2024-05-14,Idamalayar,0.6961,9.1187,0.6513,54.6,1,,,2,,2,official_observed_reference,a3357241b7de17d1f8c60db6cc26ecf992521a311a79c45c44bf7145c0c6e7a9
2024-05-14,Sholayar,0.7891,8.1617,0.583,54.2,22,,,3,2,3,official_observed_reference,a3357241b7de17d1f8c60db6cc26ecf992521a311a79c45c44bf7145c0c6e7a9
2024-05-14,Pallivasal,0.4849,6.7471,0.4819,20.4,5,,2,4,4,4,official_observed_reference,a3357241b7de17d1f8c60db6cc26ecf992521a311a79c45c44bf7145c0c6e7a9
2024-05-14,Kuttiadi,1.4135,19.8688,1.4192,189.6,20,1,,5,,5,official_observed_reference,a3357241b7de17d1f8c60db6cc26ecf992521a311a79c45c44bf7145c0c6e7a9
2024-05-14,Panniar,0.0263,2.7199,0.1943,29.8,,,,2,,,official_observed_reference,a3357241b7de17d1f8c60db6cc26ecf992521a311a79c45c44bf7145c0c6e7a9
2024-05-14,Neriamangalam,0.3029,3.9203,0.28,25.6,,1,1,2,,2,official_observed_reference,a3357241b7de17d1f8c60db6cc26ecf992521a311a79c45c44bf7145c0c6e7a9
2024-05-14,Lower Periyar,0.744,6.181,0.4415,140,20,,,3,,3,official_observed_reference,a3357241b7de17d1f8c60db6cc26ecf992521a311a79c45c44bf7145c0c6e7a9
2024-05-14,"Poringalkuthu, PLBE",0.3872,3.9341,0.281,42.18,23,1,,5,1,5,official_observed_reference,a3357241b7de17d1f8c60db6cc26ecf992521a311a79c45c44bf7145c0c6e7a9
2024-05-14,Sengulam,0.3793,4.4309,0.3165,51,,,,4,,4,official_observed_reference,a3357241b7de17d1f8c60db6cc26ecf992521a311a79c45c44bf7145c0c6e7a9
2024-05-14,Kakkad,0.4777,7.0297,0.5021,37.02,,,,2,,2,official_observed_reference,a3357241b7de17d1f8c60db6cc26ecf992521a311a79c45c44bf7145c0c6e7a9
2024-05-14,Kallada,0.1435,2.0348,0.1453,9.6,18,,,2,1,2,official_observed_reference,a3357241b7de17d1f8c60db6cc26ecf992521a311a79c45c44bf7145c0c6e7a9
2024-05-14,Malankara,0.0468,0.8781,0.0627,3.6,3,,,2,2,2,official_observed_reference,a3357241b7de17d1f8c60db6cc26ecf992521a311a79c45c44bf7145c0c6e7a9
2024-05-14,Maniyar,0.0341,0.5343,0.0382,,,,,3,,2,official_observed_reference,a3357241b7de17d1f8c60db6cc26ecf992521a311a79c45c44bf7145c0c6e7a9
2024-05-14,Kuthungal,0.1387,2.1634,0.1545,6.4,,,,3,1,1,official_observed_reference,a3357241b7de17d1f8c60db6cc26ecf992521a311a79c45c44bf7145c0c6e7a9
2024-05-15,Idukki,4.841,72.662,4.8441,606,23,,1,5,2,5,official_observed_reference,f40396c6d1168ce9f3c8d45adf4c5f79b15e5dc8efeadbe755f025c7982cdcbf
2024-05-15,Sabarigiri,3.5974,53.3752,3.5583,296.2,,,,6,1,6,official_observed_reference,f40396c6d1168ce9f3c8d45adf4c5f79b15e5dc8efeadbe755f025c7982cdcbf
2024-05-15,Idamalayar,0.6281,9.7468,0.6498,54.8,,,,2,,2,official_observed_reference,f40396c6d1168ce9f3c8d45adf4c5f79b15e5dc8efeadbe755f025c7982cdcbf
2024-05-15,Sholayar,0.9038,9.0655,0.6044,54.4,,,,3,2,3,official_observed_reference,f40396c6d1168ce9f3c8d45adf4c5f79b15e5dc8efeadbe755f025c7982cdcbf
2024-05-15,Pallivasal,0.4801,7.2272,0.4818,20.4,1,,2,4,4,4,official_observed_reference,f40396c6d1168ce9f3c8d45adf4c5f79b15e5dc8efeadbe755f025c7982cdcbf
2024-05-15,Kuttiadi,0.9645,20.8333,1.3889,180.8,21,1,,5,,5,official_observed_reference,f40396c6d1168ce9f3c8d45adf4c5f79b15e5dc8efeadbe755f025c7982cdcbf
2024-05-15,Panniar,0.1946,2.9145,0.1943,30.2,19,,,2,,2,official_observed_reference,f40396c6d1168ce9f3c8d45adf4c5f79b15e5dc8efeadbe755f025c7982cdcbf
2024-05-15,Neriamangalam,0.3698,4.2901,0.286,25.6,6,1,1,2,2,2,official_observed_reference,f40396c6d1168ce9f3c8d45adf4c5f79b15e5dc8efeadbe755f025c7982cdcbf
2024-05-15,Lower Periyar,0.495,6.676,0.4451,148,22,,,3,,3,official_observed_reference,f40396c6d1168ce9f3c8d45adf4c5f79b15e5dc8efeadbe755f025c7982cdcbf
2024-05-15,"Poringalkuthu, PLBE",0.4147,4.3488,0.2899,42.16,22,1,,5,1,5,official_observed_reference,f40396c6d1168ce9f3c8d45adf4c5f79b15e5dc8efeadbe755f025c7982cdcbf
2024-05-15,Sengulam,0.313,4.7439,0.3163,51.4,21,,,4,,4,official_observed_reference,f40396c6d1168ce9f3c8d45adf4c5f79b15e5dc8efeadbe755f025c7982cdcbf
2024-05-15,Kakkad,0.4889,7.5186,0.5012,36.06,1,,,2,,2,official_observed_reference,f40396c6d1168ce9f3c8d45adf4c5f79b15e5dc8efeadbe755f025c7982cdcbf
2024-05-15,Kallada,0.1248,2.1596,0.144,9.6,19,,,2,1,2,official_observed_reference,f40396c6d1168ce9f3c8d45adf4c5f79b15e5dc8efeadbe755f025c7982cdcbf
2024-05-15,Malankara,0.0702,0.9483,0.0632,3.6,1,,,2,2,2,official_observed_reference,f40396c6d1168ce9f3c8d45adf4c5f79b15e5dc8efeadbe755f025c7982cdcbf
2024-05-15,Maniyar,0.0374,0.5718,0.0381,,,,,3,1,2,official_observed_reference,f40396c6d1168ce9f3c8d45adf4c5f79b15e5dc8efeadbe755f025c7982cdcbf
2024-05-15,Kuthungal,0.1582,2.3216,0.1548,10,9,,,3,2,2,official_observed_reference,f40396c6d1168ce9f3c8d45adf4c5f79b15e5dc8efeadbe755f025c7982cdcbf
2024-05-16,Idukki,6.142,78.804,4.9253,614,19,,1,5,2,5,official_observed_reference,bbe972b35c374943ba4405c477aa8e3e470bf5987605ff6211db4deb70b8e472
2024-05-16,Sabarigiri,3.2526,56.6278,3.5392,301,23,,,6,1,6,official_observed_reference,bbe972b35c374943ba4405c477aa8e3e470bf5987605ff6211db4deb70b8e472
2024-05-16,Idamalayar,0.361,10.1078,0.6317,53.6,,,,2,,1,official_observed_reference,bbe972b35c374943ba4405c477aa8e3e470bf5987605ff6211db4deb70b8e472
2024-05-16,Sholayar,0.8167,9.8822,0.6176,54.6,22,,,3,1,3,official_observed_reference,bbe972b35c374943ba4405c477aa8e3e470bf5987605ff6211db4deb70b8e472
2024-05-16,Pallivasal,0.4844,7.7116,0.482,20.4,7,,2,4,3,4,official_observed_reference,bbe972b35c374943ba4405c477aa8e3e470bf5987605ff6211db4deb70b8e472
2024-05-16,Kuttiadi,1.6118,22.4451,1.4028,190.8,19,1,,5,,5,official_observed_reference,bbe972b35c374943ba4405c477aa8e3e470bf5987605ff6211db4deb70b8e472
2024-05-16,Panniar,0.3028,3.2173,0.2011,30.2,,,,2,,2,official_observed_reference,bbe972b35c374943ba4405c477aa8e3e470bf5987605ff6211db4deb70b8e472
2024-05-16,Neriamangalam,0.4503,4.7404,0.2963,25.6,,1,1,2,,2,official_observed_reference,bbe972b35c374943ba4405c477aa8e3e470bf5987605ff6211db4deb70b8e472
2024-05-16,Lower Periyar,0.496,7.172,0.4483,144,23,,,3,,1,official_observed_reference,bbe972b35c374943ba4405c477aa8e3e470bf5987605ff6211db4deb70b8e472
2024-05-16,"Poringalkuthu, PLBE",0.507,4.8558,0.3035,42.36,20,1,,5,1,5,official_observed_reference,bbe972b35c374943ba4405c477aa8e3e470bf5987605ff6211db4deb70b8e472
2024-05-16,Sengulam,0.2909,5.0348,0.3147,51,23,,,4,,2,official_observed_reference,bbe972b35c374943ba4405c477aa8e3e470bf5987605ff6211db4deb70b8e472
2024-05-16,Kakkad,0.4809,7.9995,0.5,36.28,2,,,2,1,2,official_observed_reference,bbe972b35c374943ba4405c477aa8e3e470bf5987605ff6211db4deb70b8e472
2024-05-16,Kallada,0.1146,2.2742,0.1421,10.2,17,,,2,1,2,official_observed_reference,bbe972b35c374943ba4405c477aa8e3e470bf5987605ff6211db4deb70b8e472
2024-05-16,Malankara,0.0779,1.0262,0.0641,4.8,20,,,2,1,2,official_observed_reference,bbe972b35c374943ba4405c477aa8e3e470bf5987605ff6211db4deb70b8e472
2024-05-16,Maniyar,0.0453,0.617,0.0386,,,,,3,2,1,official_observed_reference,bbe972b35c374943ba4405c477aa8e3e470bf5987605ff6211db4deb70b8e472
2024-05-16,Kuthungal,0.1685,2.4901,0.1556,10,4,,,3,2,1,official_observed_reference,bbe972b35c374943ba4405c477aa8e3e470bf5987605ff6211db4deb70b8e472
2024-05-17,Idukki,4.595,83.399,4.9058,612,19,,1,5,,5,official_observed_reference,23b2ef87a9fb13ac41ab7e90a705c6d6907d2b73be4eefe4af1ba5e1208c8fd9
2024-05-17,Sabarigiri,3.2539,59.8817,3.5225,301,19,,,6,2,6,official_observed_reference,23b2ef87a9fb13ac41ab7e90a705c6d6907d2b73be4eefe4af1ba5e1208c8fd9
2024-05-17,Idamalayar,0.574,10.6818,0.6283,53,19,,,2,,2,official_observed_reference,23b2ef87a9fb13ac41ab7e90a705c6d6907d2b73be4eefe4af1ba5e1208c8fd9
2024-05-17,Sholayar,0.8087,10.6909,0.6289,54.6,21,,,3,2,3,official_observed_reference,23b2ef87a9fb13ac41ab7e90a705c6d6907d2b73be4eefe4af1ba5e1208c8fd9
2024-05-17,Pallivasal,0.4798,8.1914,0.4818,20.2,,,2,4,4,4,official_observed_reference,23b2ef87a9fb13ac41ab7e90a705c6d6907d2b73be4eefe4af1ba5e1208c8fd9
2024-05-17,Kuttiadi,1.3369,23.782,1.3989,193,19,1,,5,,5,official_observed_reference,23b2ef87a9fb13ac41ab7e90a705c6d6907d2b73be4eefe4af1ba5e1208c8fd9
2024-05-17,Panniar,0.2736,3.4909,0.2053,30.2,23,,,2,,2,official_observed_reference,23b2ef87a9fb13ac41ab7e90a705c6d6907d2b73be4eefe4af1ba5e1208c8fd9
2024-05-17,Neriamangalam,0.2607,5.0011,0.2942,26.2,20,1,1,2,,2,official_observed_reference,23b2ef87a9fb13ac41ab7e90a705c6d6907d2b73be4eefe4af1ba5e1208c8fd9
2024-05-17,Lower Periyar,0.607,7.779,0.4576,156,,,,3,,3,official_observed_reference,23b2ef87a9fb13ac41ab7e90a705c6d6907d2b73be4eefe4af1ba5e1208c8fd9
2024-05-17,"Poringalkuthu, PLBE",0.4093,5.2651,0.3097,42.4,20,1,,5,1,5,official_observed_reference,23b2ef87a9fb13ac41ab7e90a705c6d6907d2b73be4eefe4af1ba5e1208c8fd9
2024-05-17,Sengulam,0.371,5.4058,0.318,50.4,,,,4,1,4,official_observed_reference,23b2ef87a9fb13ac41ab7e90a705c6d6907d2b73be4eefe4af1ba5e1208c8fd9
2024-05-17,Kakkad,0.5015,8.501,0.5001,36.36,,,,2,1,2,official_observed_reference,23b2ef87a9fb13ac41ab7e90a705c6d6907d2b73be4eefe4af1ba5e1208c8fd9
2024-05-17,Kallada,0.066,2.3402,0.1377,9.6,20,,,2,,2,official_observed_reference,23b2ef87a9fb13ac41ab7e90a705c6d6907d2b73be4eefe4af1ba5e1208c8fd9
2024-05-17,Malankara,0.0839,1.1102,0.0653,5.55,2,,,2,2,2,official_observed_reference,23b2ef87a9fb13ac41ab7e90a705c6d6907d2b73be4eefe4af1ba5e1208c8fd9
2024-05-17,Maniyar,0.0329,0.6499,0.0382,,,,,3,1,2,official_observed_reference,23b2ef87a9fb13ac41ab7e90a705c6d6907d2b73be4eefe4af1ba5e1208c8fd9
2024-05-17,Kuthungal,0.1358,2.6259,0.1545,10.4,16,,,3,1,2,official_observed_reference,23b2ef87a9fb13ac41ab7e90a705c6d6907d2b73be4eefe4af1ba5e1208c8fd9
2024-05-18,Idukki,4.601,88,4.8889,602,21,,1,5,1,5,official_observed_reference,74e687ac0d12bc9a68c9cd67f994010cada24015e8a4f45a6cc267ad4349d4ec
2024-05-18,Sabarigiri,2.5793,62.461,3.4701,300.8,21,,,6,1,6,official_observed_reference,74e687ac0d12bc9a68c9cd67f994010cada24015e8a4f45a6cc267ad4349d4ec
2024-05-18,Idamalayar,0.37,11.0518,0.614,54,20,,,2,,2,official_observed_reference,74e687ac0d12bc9a68c9cd67f994010cada24015e8a4f45a6cc267ad4349d4ec
2024-05-18,Sholayar,0.8165,11.5074,0.6393,54.6,14,,,3,,3,official_observed_reference,74e687ac0d12bc9a68c9cd67f994010cada24015e8a4f45a6cc267ad4349d4ec
2024-05-18,Pallivasal,0.4769,8.6683,0.4816,20.2,,,2,4,4,4,official_observed_reference,74e687ac0d12bc9a68c9cd67f994010cada24015e8a4f45a6cc267ad4349d4ec
2024-05-18,Kuttiadi,1.1392,24.9212,1.3845,190.8,20,1,,5,,5,official_observed_reference,74e687ac0d12bc9a68c9cd67f994010cada24015e8a4f45a6cc267ad4349d4ec
2024-05-18,Panniar,0.159,3.6499,0.2028,30,19,,,2,,2,official_observed_reference,74e687ac0d12bc9a68c9cd67f994010cada24015e8a4f45a6cc267ad4349d4ec
2024-05-18,Neriamangalam,0.5159,5.517,0.3065,27.2,22,1,1,2,2,2,official_observed_reference,74e687ac0d12bc9a68c9cd67f994010cada24015e8a4f45a6cc267ad4349d4ec
2024-05-18,Lower Periyar,0.987,8.766,0.487,144,,,,3,1,1,official_observed_reference,74e687ac0d12bc9a68c9cd67f994010cada24015e8a4f45a6cc267ad4349d4ec
2024-05-18,"Poringalkuthu, PLBE",0.246,5.5112,0.3062,42.74,20,1,,5,,5,official_observed_reference,74e687ac0d12bc9a68c9cd67f994010cada24015e8a4f45a6cc267ad4349d4ec
2024-05-18,Sengulam,0.3633,5.7691,0.3205,51.2,21,,,4,,4,official_observed_reference,74e687ac0d12bc9a68c9cd67f994010cada24015e8a4f45a6cc267ad4349d4ec
2024-05-18,Kakkad,0.4451,8.9461,0.497,36.28,,,,2,,2,official_observed_reference,74e687ac0d12bc9a68c9cd67f994010cada24015e8a4f45a6cc267ad4349d4ec
2024-05-18,Kallada,0.0868,2.427,0.1348,9.4,15,,,2,,1,official_observed_reference,74e687ac0d12bc9a68c9cd67f994010cada24015e8a4f45a6cc267ad4349d4ec
2024-05-18,Malankara,0.0872,1.1974,0.0665,4.95,22,,,2,2,2,official_observed_reference,74e687ac0d12bc9a68c9cd67f994010cada24015e8a4f45a6cc267ad4349d4ec
2024-05-18,Maniyar,0.0581,0.7081,0.0393,,,,,3,1,2,official_observed_reference,74e687ac0d12bc9a68c9cd67f994010cada24015e8a4f45a6cc267ad4349d4ec
2024-05-18,Kuthungal,0.1367,2.7626,0.1535,6.2,6,,,3,1,1,official_observed_reference,74e687ac0d12bc9a68c9cd67f994010cada24015e8a4f45a6cc267ad4349d4ec
2024-05-19,Idukki,4.341,92.341,4.8601,592,23,,1,5,1,5,official_observed_reference,ad3942d81069303f42219962f468a40cb0c491c7c0b1f496450a7659c40f3f7a
2024-05-19,Sabarigiri,1.763,64.224,3.3802,296.2,22,,,6,,6,official_observed_reference,ad3942d81069303f42219962f468a40cb0c491c7c0b1f496450a7659c40f3f7a
2024-05-19,Idamalayar,0.3873,11.4391,0.6021,54.8,22,,,2,,2,official_observed_reference,ad3942d81069303f42219962f468a40cb0c491c7c0b1f496450a7659c40f3f7a
2024-05-19,Sholayar,0.7108,12.2182,0.6431,54.6,1,,,3,3,3,official_observed_reference,ad3942d81069303f42219962f468a40cb0c491c7c0b1f496450a7659c40f3f7a
2024-05-19,Pallivasal,0.4846,9.1529,0.4817,20.4,5,,2,4,4,4,official_observed_reference,ad3942d81069303f42219962f468a40cb0c491c7c0b1f496450a7659c40f3f7a
2024-05-19,Kuttiadi,0.7406,25.6618,1.3506,186.8,,1,,5,,5,official_observed_reference,ad3942d81069303f42219962f468a40cb0c491c7c0b1f496450a7659c40f3f7a
2024-05-19,Panniar,0.1885,3.8384,0.202,30,,,,2,,2,official_observed_reference,ad3942d81069303f42219962f468a40cb0c491c7c0b1f496450a7659c40f3f7a
2024-05-19,Neriamangalam,0.303,5.82,0.3063,25.2,,1,1,2,,2,official_observed_reference,ad3942d81069303f42219962f468a40cb0c491c7c0b1f496450a7659c40f3f7a
2024-05-19,Lower Periyar,1.068,9.834,0.5176,136,23,,,3,,3,official_observed_reference,ad3942d81069303f42219962f468a40cb0c491c7c0b1f496450a7659c40f3f7a
2024-05-19,"Poringalkuthu, PLBE",0.095,5.6062,0.2951,37.24,23,1,,5,,5,official_observed_reference,ad3942d81069303f42219962f468a40cb0c491c7c0b1f496450a7659c40f3f7a
2024-05-19,Sengulam,0.3213,6.0904,0.3205,51.2,19,,,4,,4,official_observed_reference,ad3942d81069303f42219962f468a40cb0c491c7c0b1f496450a7659c40f3f7a
2024-05-19,Kakkad,0.3619,9.308,0.4899,36.42,23,,,2,,2,official_observed_reference,ad3942d81069303f42219962f468a40cb0c491c7c0b1f496450a7659c40f3f7a
2024-05-19,Kallada,0.1377,2.5647,0.135,9.4,18,,,2,1,1,official_observed_reference,ad3942d81069303f42219962f468a40cb0c491c7c0b1f496450a7659c40f3f7a
2024-05-19,Malankara,0.1117,1.3091,0.0689,5.4,,,,2,2,2,official_observed_reference,ad3942d81069303f42219962f468a40cb0c491c7c0b1f496450a7659c40f3f7a
2024-05-19,Maniyar,0.1171,0.8252,0.0434,,,,,3,2,2,official_observed_reference,ad3942d81069303f42219962f468a40cb0c491c7c0b1f496450a7659c40f3f7a
2024-05-19,Kuthungal,0.1094,2.872,0.1512,5.4,7,,,3,1,1,official_observed_reference,ad3942d81069303f42219962f468a40cb0c491c7c0b1f496450a7659c40f3f7a
2024-05-20,Idukki,3.483,95.824,4.7912,614,23,,1,5,2,5,official_observed_reference,98b51bde9ccbf69b27736e8b1d8d4f5da972a1564d5b25dfa27e1044c703375a
2024-05-20,Sabarigiri,1.5457,65.7697,3.2885,295.4,22,,,6,1,6,official_observed_reference,98b51bde9ccbf69b27736e8b1d8d4f5da972a1564d5b25dfa27e1044c703375a
2024-05-20,Idamalayar,0.1768,11.6159,0.5808,54.8,23,,,2,,2,official_observed_reference,98b51bde9ccbf69b27736e8b1d8d4f5da972a1564d5b25dfa27e1044c703375a
2024-05-20,Sholayar,0.3795,12.5977,0.6299,54.4,1,3,,,,,official_observed_reference,98b51bde9ccbf69b27736e8b1d8d4f5da972a1564d5b25dfa27e1044c703375a
2024-05-20,Pallivasal,0.4846,9.6375,0.4819,20.4,21,,2,4,4,4,official_observed_reference,98b51bde9ccbf69b27736e8b1d8d4f5da972a1564d5b25dfa27e1044c703375a
2024-05-20,Kuttiadi,0.8211,26.4829,1.3241,190,21,1,,5,,5,official_observed_reference,98b51bde9ccbf69b27736e8b1d8d4f5da972a1564d5b25dfa27e1044c703375a
2024-05-20,Panniar,,3.8384,0.1919,,,,,2,,,official_observed_reference,98b51bde9ccbf69b27736e8b1d8d4f5da972a1564d5b25dfa27e1044c703375a
2024-05-20,Neriamangalam,0.443,6.263,0.3132,25.4,20,1,1,2,,2,official_observed_reference,98b51bde9ccbf69b27736e8b1d8d4f5da972a1564d5b25dfa27e1044c703375a
2024-05-20,Lower Periyar,1.762,11.596,0.5798,156,17,,,3,,3,official_observed_reference,98b51bde9ccbf69b27736e8b1d8d4f5da972a1564d5b25dfa27e1044c703375a
2024-05-20,"Poringalkuthu, PLBE",0.0995,5.7057,0.2853,42.98,23,1,,5,,5,official_observed_reference,98b51bde9ccbf69b27736e8b1d8d4f5da972a1564d5b25dfa27e1044c703375a
2024-05-20,Sengulam,0.366,6.4564,0.3228,38.2,21,,,4,,3,official_observed_reference,98b51bde9ccbf69b27736e8b1d8d4f5da972a1564d5b25dfa27e1044c703375a
2024-05-20,Kakkad,0.3421,9.6501,0.4825,36.34,,,,2,,2,official_observed_reference,98b51bde9ccbf69b27736e8b1d8d4f5da972a1564d5b25dfa27e1044c703375a
2024-05-20,Kallada,0.1379,2.7026,0.1351,9.2,18,,,2,1,2,official_observed_reference,98b51bde9ccbf69b27736e8b1d8d4f5da972a1564d5b25dfa27e1044c703375a
2024-05-20,Malankara,0.101,1.41,0.0705,4.65,,,,2,2,2,official_observed_reference,98b51bde9ccbf69b27736e8b1d8d4f5da972a1564d5b25dfa27e1044c703375a
2024-05-20,Maniyar,0.0945,0.9196,0.046,,,,,3,2,2,official_observed_reference,98b51bde9ccbf69b27736e8b1d8d4f5da972a1564d5b25dfa27e1044c703375a
2024-05-20,Kuthungal,0.08,2.952,0.1476,4,10,,,3,2,2,official_observed_reference,98b51bde9ccbf69b27736e8b1d8d4f5da972a1564d5b25dfa27e1044c703375a
2024-05-21,Idukki,6.043,101.867,4.8508,618,22,,1,5,2,5,official_observed_reference,befc990f4e7c0f28cae6740147a51edbdcbf8b246b803e6749a94ca154ea7f8f
2024-05-21,Sabarigiri,3.0387,68.8084,3.2766,301,21,,,6,1,6,official_observed_reference,befc990f4e7c0f28cae6740147a51edbdcbf8b246b803e6749a94ca154ea7f8f
2024-05-21,Idamalayar,0.2944,11.9103,0.5672,55.4,,,,2,,2,official_observed_reference,befc990f4e7c0f28cae6740147a51edbdcbf8b246b803e6749a94ca154ea7f8f
2024-05-21,Sholayar,,12.5977,0.5999,,,3,,,,,official_observed_reference,befc990f4e7c0f28cae6740147a51edbdcbf8b246b803e6749a94ca154ea7f8f
2024-05-21,Pallivasal,0.4618,10.0993,0.4809,20.4,2,,2,4,4,4,official_observed_reference,befc990f4e7c0f28cae6740147a51edbdcbf8b246b803e6749a94ca154ea7f8f
2024-05-21,Kuttiadi,1.0715,27.5544,1.3121,188,20,1,,5,,5,official_observed_reference,befc990f4e7c0f28cae6740147a51edbdcbf8b246b803e6749a94ca154ea7f8f
2024-05-21,Panniar,0.0758,3.9142,0.1864,15.8,20,,,2,,1,official_observed_reference,befc990f4e7c0f28cae6740147a51edbdcbf8b246b803e6749a94ca154ea7f8f
2024-05-21,Neriamangalam,0.5836,6.8466,0.326,24.6,8,1,1,2,,2,official_observed_reference,befc990f4e7c0f28cae6740147a51edbdcbf8b246b803e6749a94ca154ea7f8f
2024-05-21,Lower Periyar,1.334,12.93,0.6157,160,21,,,3,,3,official_observed_reference,befc990f4e7c0f28cae6740147a51edbdcbf8b246b803e6749a94ca154ea7f8f
2024-05-21,"Poringalkuthu, PLBE",0.2724,5.9781,0.2847,42.88,22,1,,5,,5,official_observed_reference,befc990f4e7c0f28cae6740147a51edbdcbf8b246b803e6749a94ca154ea7f8f
2024-05-21,Sengulam,0.3684,6.8248,0.325,51.2,22,,,4,,4,official_observed_reference,befc990f4e7c0f28cae6740147a51edbdcbf8b246b803e6749a94ca154ea7f8f
2024-05-21,Kakkad,0.4429,10.093,0.4806,36.4,23,,,2,,2,official_observed_reference,befc990f4e7c0f28cae6740147a51edbdcbf8b246b803e6749a94ca154ea7f8f
2024-05-21,Kallada,0.1373,2.8399,0.1352,9.2,18,,,2,1,2,official_observed_reference,befc990f4e7c0f28cae6740147a51edbdcbf8b246b803e6749a94ca154ea7f8f
2024-05-21,Malankara,0.0978,1.5078,0.0718,4.65,2,,,2,2,2,official_observed_reference,befc990f4e7c0f28cae6740147a51edbdcbf8b246b803e6749a94ca154ea7f8f
2024-05-21,Maniyar,0.081,1.0007,0.0477,,,,,3,1,2,official_observed_reference,befc990f4e7c0f28cae6740147a51edbdcbf8b246b803e6749a94ca154ea7f8f
2024-05-21,Kuthungal,0.0969,3.0489,0.1452,7.4,21,,,3,1,,official_observed_reference,befc990f4e7c0f28cae6740147a51edbdcbf8b246b803e6749a94ca154ea7f8f
2024-05-22,Idukki,11.158,113.025,5.1375,670,19,,,6,,6,official_observed_reference,d1ea39adc277ac7f61b16946ece9a75a11f6dff44ac4bb875ad1d3865d2f853e
2024-05-22,Sabarigiri,6.0654,74.8738,3.4034,305.4,7,,,6,,6,official_observed_reference,d1ea39adc277ac7f61b16946ece9a75a11f6dff44ac4bb875ad1d3865d2f853e
2024-05-22,Idamalayar,0.8403,12.7506,0.5796,55.6,20,,,2,,2,official_observed_reference,d1ea39adc277ac7f61b16946ece9a75a11f6dff44ac4bb875ad1d3865d2f853e
2024-05-22,Sholayar,,12.5977,0.5726,,,3,,,,,official_observed_reference,d1ea39adc277ac7f61b16946ece9a75a11f6dff44ac4bb875ad1d3865d2f853e
2024-05-22,Pallivasal,0.4845,10.5838,0.4811,20.4,4,,2,4,,4,official_observed_reference,d1ea39adc277ac7f61b16946ece9a75a11f6dff44ac4bb875ad1d3865d2f853e
2024-05-22,Kuttiadi,1.5446,29.099,1.3227,191.4,,2,,4,,4,official_observed_reference,d1ea39adc277ac7f61b16946ece9a75a11f6dff44ac4bb875ad1d3865d2f853e
2024-05-22,Panniar,0.1772,4.0914,0.186,30.2,20,,,2,,2,official_observed_reference,d1ea39adc277ac7f61b16946ece9a75a11f6dff44ac4bb875ad1d3865d2f853e
2024-05-22,Neriamangalam,0.5835,7.4301,0.3377,24.8,19,1,1,2,,2,official_observed_reference,d1ea39adc277ac7f61b16946ece9a75a11f6dff44ac4bb875ad1d3865d2f853e
2024-05-22,Lower Periyar,1.039,13.969,0.635,154,17,,,3,,3,official_observed_reference,d1ea39adc277ac7f61b16946ece9a75a11f6dff44ac4bb875ad1d3865d2f853e
2024-05-22,"Poringalkuthu, PLBE",0.2747,6.2527,0.2842,43.56,21,1,,5,,5,official_observed_reference,d1ea39adc277ac7f61b16946ece9a75a11f6dff44ac4bb875ad1d3865d2f853e
2024-05-22,Sengulam,0.3365,7.1613,0.3255,51.8,23,,,4,,4,official_observed_reference,d1ea39adc277ac7f61b16946ece9a75a11f6dff44ac4bb875ad1d3865d2f853e
2024-05-22,Kakkad,0.8681,10.9611,0.4982,37.12,23,,,2,,2,official_observed_reference,d1ea39adc277ac7f61b16946ece9a75a11f6dff44ac4bb875ad1d3865d2f853e
2024-05-22,Kallada,0.1367,2.9766,0.1353,9.2,18,,,2,,2,official_observed_reference,d1ea39adc277ac7f61b16946ece9a75a11f6dff44ac4bb875ad1d3865d2f853e
2024-05-22,Malankara,0.1049,1.6127,0.0733,4.65,3,,,2,2,2,official_observed_reference,d1ea39adc277ac7f61b16946ece9a75a11f6dff44ac4bb875ad1d3865d2f853e
2024-05-22,Maniyar,0.14,1.1407,0.0518,,,,,3,2,2,official_observed_reference,d1ea39adc277ac7f61b16946ece9a75a11f6dff44ac4bb875ad1d3865d2f853e
2024-05-22,Kuthungal,0.1184,3.1673,0.144,11,19,,,3,1,2,official_observed_reference,d1ea39adc277ac7f61b16946ece9a75a11f6dff44ac4bb875ad1d3865d2f853e
2024-05-23,Idukki,14.789,127.814,5.5571,748,20,,,6,6,6,official_observed_reference,2bef880cf966e8ada337772400ace61a9d438c09daf63952414cae91eb6e7b06
2024-05-23,Sabarigiri,5.8301,80.7039,3.5089,300.2,6,,,6,6,6,official_observed_reference,2bef880cf966e8ada337772400ace61a9d438c09daf63952414cae91eb6e7b06
2024-05-23,Idamalayar,1.2841,14.0347,0.6102,56.2,,,,2,2,2,official_observed_reference,2bef880cf966e8ada337772400ace61a9d438c09daf63952414cae91eb6e7b06
2024-05-23,Sholayar,,12.5977,0.5477,,,3,,,,,official_observed_reference,2bef880cf966e8ada337772400ace61a9d438c09daf63952414cae91eb6e7b06
2024-05-23,Pallivasal,0.475,11.0588,0.4808,20.4,18,,2,4,4,4,official_observed_reference,2bef880cf966e8ada337772400ace61a9d438c09daf63952414cae91eb6e7b06
2024-05-23,Kuttiadi,1.8489,30.9479,1.3456,141.8,20,2,,4,,4,official_observed_reference,2bef880cf966e8ada337772400ace61a9d438c09daf63952414cae91eb6e7b06
2024-05-23,Panniar,,4.0914,0.1779,,,,,2,,,official_observed_reference,2bef880cf966e8ada337772400ace61a9d438c09daf63952414cae91eb6e7b06
2024-05-23,Neriamangalam,0.5823,8.0124,0.3484,24.6,4,1,1,2,2,2,official_observed_reference,2bef880cf966e8ada337772400ace61a9d438c09daf63952414cae91eb6e7b06
2024-05-23,Lower Periyar,1.151,15.12,0.6574,146,22,,,3,,3,official_observed_reference,2bef880cf966e8ada337772400ace61a9d438c09daf63952414cae91eb6e7b06
2024-05-23,"Poringalkuthu, PLBE",0.718,6.9707,0.3031,43.54,15,1,,5,,5,official_observed_reference,2bef880cf966e8ada337772400ace61a9d438c09daf63952414cae91eb6e7b06
2024-05-23,Sengulam,0.3954,7.5567,0.3286,52,,,,4,1,4,official_observed_reference,2bef880cf966e8ada337772400ace61a9d438c09daf63952414cae91eb6e7b06
2024-05-23,Kakkad,0.8687,11.8298,0.5143,37.1,,,,2,2,2,official_observed_reference,2bef880cf966e8ada337772400ace61a9d438c09daf63952414cae91eb6e7b06
2024-05-23,Kallada,0.1364,3.113,0.1353,9.2,18,,,2,1,2,official_observed_reference,2bef880cf966e8ada337772400ace61a9d438c09daf63952414cae91eb6e7b06
2024-05-23,Malankara,0.0986,1.7113,0.0744,4.65,,,,2,2,2,official_observed_reference,2bef880cf966e8ada337772400ace61a9d438c09daf63952414cae91eb6e7b06
2024-05-23,Maniyar,0.1335,1.2741,0.0554,,,,,3,2,3,official_observed_reference,2bef880cf966e8ada337772400ace61a9d438c09daf63952414cae91eb6e7b06
2024-05-23,Kuthungal,0.1652,3.3325,0.1449,14,17,,,3,2,2,official_observed_reference,2bef880cf966e8ada337772400ace61a9d438c09daf63952414cae91eb6e7b06
2024-05-24,Idukki,14.56,142.374,5.9323,742,1,,,6,6,6,official_observed_reference,bb6509d72987b37abb22e3f672a62d34c0ac5065a75b0ee0347fe58a22c3449b
2024-05-24,Sabarigiri,5.3133,86.0172,3.5841,300.8,17,,,6,6,6,official_observed_reference,bb6509d72987b37abb22e3f672a62d34c0ac5065a75b0ee0347fe58a22c3449b
2024-05-24,Idamalayar,1.1517,15.1864,0.6328,54.2,,,,2,2,2,official_observed_reference,bb6509d72987b37abb22e3f672a62d34c0ac5065a75b0ee0347fe58a22c3449b
2024-05-24,Sholayar,,12.5977,0.5249,,,3,,,,,official_observed_reference,bb6509d72987b37abb22e3f672a62d34c0ac5065a75b0ee0347fe58a22c3449b
2024-05-24,Pallivasal,0.4516,11.5104,0.4796,20.4,6,,2,4,4,4,official_observed_reference,bb6509d72987b37abb22e3f672a62d34c0ac5065a75b0ee0347fe58a22c3449b
2024-05-24,Kuttiadi,1.8214,32.7693,1.3654,141.2,22,2,,4,,4,official_observed_reference,bb6509d72987b37abb22e3f672a62d34c0ac5065a75b0ee0347fe58a22c3449b
2024-05-24,Panniar,0.1329,4.2243,0.176,30.6,23,,,2,,2,official_observed_reference,bb6509d72987b37abb22e3f672a62d34c0ac5065a75b0ee0347fe58a22c3449b
2024-05-24,Neriamangalam,0.5817,8.5941,0.3581,24.6,8,1,1,2,2,2,official_observed_reference,bb6509d72987b37abb22e3f672a62d34c0ac5065a75b0ee0347fe58a22c3449b
2024-05-24,Lower Periyar,1.098,16.218,0.6758,160,21,,,3,,3,official_observed_reference,bb6509d72987b37abb22e3f672a62d34c0ac5065a75b0ee0347fe58a22c3449b
2024-05-24,"Poringalkuthu, PLBE",0.6835,7.6542,0.3189,43.1,17,1,,5,1,5,official_observed_reference,bb6509d72987b37abb22e3f672a62d34c0ac5065a75b0ee0347fe58a22c3449b
2024-05-24,Sengulam,0.2996,7.8563,0.3273,51.2,19,,,4,1,4,official_observed_reference,bb6509d72987b37abb22e3f672a62d34c0ac5065a75b0ee0347fe58a22c3449b
2024-05-24,Kakkad,0.8695,12.6993,0.5291,39.16,23,,,2,2,2,official_observed_reference,bb6509d72987b37abb22e3f672a62d34c0ac5065a75b0ee0347fe58a22c3449b
2024-05-24,Kallada,0.1382,3.2512,0.1355,9.4,20,,,2,1,2,official_observed_reference,bb6509d72987b37abb22e3f672a62d34c0ac5065a75b0ee0347fe58a22c3449b
2024-05-24,Malankara,0.0839,1.7952,0.0748,4.2,13,,,2,2,2,official_observed_reference,bb6509d72987b37abb22e3f672a62d34c0ac5065a75b0ee0347fe58a22c3449b
2024-05-24,Maniyar,0.1663,1.4405,0.06,,,,,3,3,3,official_observed_reference,bb6509d72987b37abb22e3f672a62d34c0ac5065a75b0ee0347fe58a22c3449b
2024-05-24,Kuthungal,0.1412,3.4737,0.1447,14.6,17,,,3,2,2,official_observed_reference,bb6509d72987b37abb22e3f672a62d34c0ac5065a75b0ee0347fe58a22c3449b
2024-05-25,Idukki,7.187,149.561,5.9824,736,23,,,6,2,6,official_observed_reference,9a53a304e51f8e50a919105f39607f213187828440c6611aafece688b9a8ccbb
2024-05-25,Sabarigiri,3.0716,89.0888,3.5636,301.6,19,,,6,1,6,official_observed_reference,9a53a304e51f8e50a919105f39607f213187828440c6611aafece688b9a8ccbb
2024-05-25,Idamalayar,0.6019,15.7883,0.6315,54.2,1,,,2,,2,official_observed_reference,9a53a304e51f8e50a919105f39607f213187828440c6611aafece688b9a8ccbb
2024-05-25,Sholayar,,12.5977,0.5039,,,3,,,,,official_observed_reference,9a53a304e51f8e50a919105f39607f213187828440c6611aafece688b9a8ccbb
2024-05-25,Pallivasal,0.4856,11.996,0.4798,20.4,,,2,4,4,4,official_observed_reference,9a53a304e51f8e50a919105f39607f213187828440c6611aafece688b9a8ccbb
2024-05-25,Kuttiadi,0.8988,33.6681,1.3467,143.2,19,2,,4,,4,official_observed_reference,9a53a304e51f8e50a919105f39607f213187828440c6611aafece688b9a8ccbb
2024-05-25,Panniar,0.1046,4.3289,0.1732,30.8,22,,,2,,2,official_observed_reference,9a53a304e51f8e50a919105f39607f213187828440c6611aafece688b9a8ccbb
2024-05-25,Neriamangalam,0.5948,9.1889,0.3676,26,19,1,1,2,2,2,official_observed_reference,9a53a304e51f8e50a919105f39607f213187828440c6611aafece688b9a8ccbb
2024-05-25,Lower Periyar,2.52,18.738,0.7495,168,6,,,3,3,3,official_observed_reference,9a53a304e51f8e50a919105f39607f213187828440c6611aafece688b9a8ccbb
2024-05-25,"Poringalkuthu, PLBE",0.9751,8.6292,0.3452,43.62,19,1,,5,4,5,official_observed_reference,9a53a304e51f8e50a919105f39607f213187828440c6611aafece688b9a8ccbb
2024-05-25,Sengulam,0.2887,8.145,0.3258,51.6,20,,,4,,4,official_observed_reference,9a53a304e51f8e50a919105f39607f213187828440c6611aafece688b9a8ccbb
2024-05-25,Kakkad,0.782,13.4813,0.5393,39.16,1,,,2,2,2,official_observed_reference,9a53a304e51f8e50a919105f39607f213187828440c6611aafece688b9a8ccbb
2024-05-25,Kallada,0.1402,3.3914,0.1357,9.6,18,,,2,1,2,official_observed_reference,9a53a304e51f8e50a919105f39607f213187828440c6611aafece688b9a8ccbb
2024-05-25,Malankara,0.0789,1.8741,0.075,4.5,23,,,2,2,2,official_observed_reference,9a53a304e51f8e50a919105f39607f213187828440c6611aafece688b9a8ccbb
2024-05-25,Maniyar,0.0679,1.5083,0.0603,,,,,3,2,3,official_observed_reference,9a53a304e51f8e50a919105f39607f213187828440c6611aafece688b9a8ccbb
2024-05-25,Kuthungal,0.1658,3.6395,0.1456,19.8,13,,,3,2,3,official_observed_reference,9a53a304e51f8e50a919105f39607f213187828440c6611aafece688b9a8ccbb
2024-05-26,Idukki,7.905,157.466,6.0564,744,,,,6,2,6,official_observed_reference,bc561d4fbea40de369f6e1bbaad672d547e5745135430e6d25cf64a781d5c0ca
2024-05-26,Sabarigiri,2.3385,91.4273,3.5164,300.8,2,,,6,,6,official_observed_reference,bc561d4fbea40de369f6e1bbaad672d547e5745135430e6d25cf64a781d5c0ca
2024-05-26,Idamalayar,0.656,16.4443,0.6325,55.8,22,,,2,,2,official_observed_reference,bc561d4fbea40de369f6e1bbaad672d547e5745135430e6d25cf64a781d5c0ca
2024-05-26,Sholayar,,12.5977,0.4845,,,3,,,,,official_observed_reference,bc561d4fbea40de369f6e1bbaad672d547e5745135430e6d25cf64a781d5c0ca
2024-05-26,Pallivasal,0.4699,12.4659,0.4795,20.2,,,2,4,4,4,official_observed_reference,bc561d4fbea40de369f6e1bbaad672d547e5745135430e6d25cf64a781d5c0ca
2024-05-26,Kuttiadi,1.0542,34.7223,1.3355,141.6,22,2,,4,,4,official_observed_reference,bc561d4fbea40de369f6e1bbaad672d547e5745135430e6d25cf64a781d5c0ca
2024-05-26,Panniar,0.19,4.5189,0.1738,30.8,,,,2,,2,official_observed_reference,bc561d4fbea40de369f6e1bbaad672d547e5745135430e6d25cf64a781d5c0ca
2024-05-26,Neriamangalam,0.6162,9.8051,0.3771,26.6,6,1,1,2,2,2,official_observed_reference,bc561d4fbea40de369f6e1bbaad672d547e5745135430e6d25cf64a781d5c0ca
2024-05-26,Lower Periyar,1.135,19.873,0.7643,162,21,,,3,,3,official_observed_reference,bc561d4fbea40de369f6e1bbaad672d547e5745135430e6d25cf64a781d5c0ca
2024-05-26,"Poringalkuthu, PLBE",0.4987,9.1279,0.3511,43.4,2,1,,5,,5,official_observed_reference,bc561d4fbea40de369f6e1bbaad672d547e5745135430e6d25cf64a781d5c0ca
2024-05-26,Sengulam,0.0913,8.2363,0.3168,12.8,,,,4,,1,official_observed_reference,bc561d4fbea40de369f6e1bbaad672d547e5745135430e6d25cf64a781d5c0ca
2024-05-26,Kakkad,0.4589,13.9402,0.5362,37.86,1,,,2,,2,official_observed_reference,bc561d4fbea40de369f6e1bbaad672d547e5745135430e6d25cf64a781d5c0ca
2024-05-26,Kallada,0.1392,3.5306,0.1358,9.6,18,,,2,,2,official_observed_reference,bc561d4fbea40de369f6e1bbaad672d547e5745135430e6d25cf64a781d5c0ca
2024-05-26,Malankara,0.0957,1.9698,0.0758,4.65,7,,,2,2,2,official_observed_reference,bc561d4fbea40de369f6e1bbaad672d547e5745135430e6d25cf64a781d5c0ca
2024-05-26,Maniyar,0.1276,1.6359,0.0629,,,,,3,2,3,official_observed_reference,bc561d4fbea40de369f6e1bbaad672d547e5745135430e6d25cf64a781d5c0ca
2024-05-26,Kuthungal,0.106,3.7455,0.1441,17,13,,,3,1,1,official_observed_reference,bc561d4fbea40de369f6e1bbaad672d547e5745135430e6d25cf64a781d5c0ca
2024-05-27,Idukki,10.421,167.887,6.218,746,21,,,6,5,6,official_observed_reference,906c3d910fc48a84943f7a031df32b03e0d0b2a8dcb53e643af4ff9713f665ce
2024-05-27,Sabarigiri,6.4591,97.8864,3.6254,306.4,21,,,6,6,6,official_observed_reference,906c3d910fc48a84943f7a031df32b03e0d0b2a8dcb53e643af4ff9713f665ce
2024-05-27,Idamalayar,1.0046,17.4489,0.6463,53.4,19,,,2,2,2,official_observed_reference,906c3d910fc48a84943f7a031df32b03e0d0b2a8dcb53e643af4ff9713f665ce
2024-05-27,Sholayar,,12.5977,0.4666,,,3,,,,,official_observed_reference,906c3d910fc48a84943f7a031df32b03e0d0b2a8dcb53e643af4ff9713f665ce
2024-05-27,Pallivasal,0.4845,12.9504,0.4796,20.4,3,,2,4,4,4,official_observed_reference,906c3d910fc48a84943f7a031df32b03e0d0b2a8dcb53e643af4ff9713f665ce
2024-05-27,Kuttiadi,1.4178,36.1401,1.3385,142.6,20,2,,4,2,4,official_observed_reference,906c3d910fc48a84943f7a031df32b03e0d0b2a8dcb53e643af4ff9713f665ce
2024-05-27,Panniar,0.2057,4.7246,0.175,31.2,20,,,2,,2,official_observed_reference,906c3d910fc48a84943f7a031df32b03e0d0b2a8dcb53e643af4ff9713f665ce
2024-05-27,Neriamangalam,0.6152,10.4203,0.3859,26.4,5,1,1,2,2,2,official_observed_reference,906c3d910fc48a84943f7a031df32b03e0d0b2a8dcb53e643af4ff9713f665ce
2024-05-27,Lower Periyar,1.298,21.171,0.7841,156,19,,,3,1,3,official_observed_reference,906c3d910fc48a84943f7a031df32b03e0d0b2a8dcb53e643af4ff9713f665ce
2024-05-27,"Poringalkuthu, PLBE",0.442,9.57,0.3544,42.78,20,1,,5,1,5,official_observed_reference,906c3d910fc48a84943f7a031df32b03e0d0b2a8dcb53e643af4ff9713f665ce
2024-05-27,Sengulam,0.4694,8.7057,0.3224,37.6,16,,,4,1,3,official_observed_reference,906c3d910fc48a84943f7a031df32b03e0d0b2a8dcb53e643af4ff9713f665ce
2024-05-27,Kakkad,0.8787,14.8189,0.5488,36.98,16,,,2,2,2,official_observed_reference,906c3d910fc48a84943f7a031df32b03e0d0b2a8dcb53e643af4ff9713f665ce
2024-05-27,Kallada,0.1394,3.67,0.1359,9.6,20,,,2,1,2,official_observed_reference,906c3d910fc48a84943f7a031df32b03e0d0b2a8dcb53e643af4ff9713f665ce
2024-05-27,Malankara,0.0929,2.0627,0.0764,4.5,23,,,2,2,2,official_observed_reference,906c3d910fc48a84943f7a031df32b03e0d0b2a8dcb53e643af4ff9713f665ce
2024-05-27,Maniyar,0.1808,1.8168,0.0673,,,,,3,2,3,official_observed_reference,906c3d910fc48a84943f7a031df32b03e0d0b2a8dcb53e643af4ff9713f665ce
2024-05-27,Kuthungal,0.0671,3.8126,0.1412,14,13,,,3,1,1,official_observed_reference,906c3d910fc48a84943f7a031df32b03e0d0b2a8dcb53e643af4ff9713f665ce
2024-05-28,Idukki,12.663,180.55,6.4482,740,18,,,6,6,6,official_observed_reference,5447336ed4cc28f482e074fedb9854947a353cce548dd4a9e5c7c9bea84f2c08
2024-05-28,Sabarigiri,6.2624,104.1488,3.7196,305.6,3,,,6,6,6,official_observed_reference,5447336ed4cc28f482e074fedb9854947a353cce548dd4a9e5c7c9bea84f2c08
2024-05-28,Idamalayar,1.0445,18.4934,0.6605,54.4,21,,,2,2,2,official_observed_reference,5447336ed4cc28f482e074fedb9854947a353cce548dd4a9e5c7c9bea84f2c08
2024-05-28,Sholayar,,12.5977,0.4499,,,3,,,,,official_observed_reference,5447336ed4cc28f482e074fedb9854947a353cce548dd4a9e5c7c9bea84f2c08
2024-05-28,Pallivasal,0.4838,13.4342,0.4798,20.4,1,,2,4,4,4,official_observed_reference,5447336ed4cc28f482e074fedb9854947a353cce548dd4a9e5c7c9bea84f2c08
2024-05-28,Kuttiadi,1.4044,37.5445,1.3409,141.4,19,2,,4,,4,official_observed_reference,5447336ed4cc28f482e074fedb9854947a353cce548dd4a9e5c7c9bea84f2c08
2024-05-28,Panniar,0.2642,4.9888,0.1782,30.8,20,,,2,,2,official_observed_reference,5447336ed4cc28f482e074fedb9854947a353cce548dd4a9e5c7c9bea84f2c08
2024-05-28,Neriamangalam,0.4933,10.9136,0.3898,26,9,1,1,2,2,1,official_observed_reference,5447336ed4cc28f482e074fedb9854947a353cce548dd4a9e5c7c9bea84f2c08
2024-05-28,Lower Periyar,0.932,22.103,0.7894,106,10,,,3,1,1,official_observed_reference,5447336ed4cc28f482e074fedb9854947a353cce548dd4a9e5c7c9bea84f2c08
2024-05-28,"Poringalkuthu, PLBE",0.6423,10.2123,0.3647,50.84,20,1,,5,1,5,official_observed_reference,5447336ed4cc28f482e074fedb9854947a353cce548dd4a9e5c7c9bea84f2c08
2024-05-28,Sengulam,0.3033,9.009,0.3218,50.6,21,,,4,,3,official_observed_reference,5447336ed4cc28f482e074fedb9854947a353cce548dd4a9e5c7c9bea84f2c08
2024-05-28,Kakkad,0.8882,15.7071,0.561,37.64,12,,,2,2,2,official_observed_reference,5447336ed4cc28f482e074fedb9854947a353cce548dd4a9e5c7c9bea84f2c08
2024-05-28,Kallada,0.1416,3.8116,0.1361,9.6,19,,,2,1,2,official_observed_reference,5447336ed4cc28f482e074fedb9854947a353cce548dd4a9e5c7c9bea84f2c08
2024-05-28,Malankara,0.092,2.1547,0.077,4.5,1,,,2,2,2,official_observed_reference,5447336ed4cc28f482e074fedb9854947a353cce548dd4a9e5c7c9bea84f2c08
2024-05-28,Maniyar,0.1781,1.9948,0.0712,,,,,3,3,3,official_observed_reference,5447336ed4cc28f482e074fedb9854947a353cce548dd4a9e5c7c9bea84f2c08
2024-05-28,Kuthungal,0.0552,3.8678,0.1381,7,19,,,3,1,1,official_observed_reference,5447336ed4cc28f482e074fedb9854947a353cce548dd4a9e5c7c9bea84f2c08
2024-05-29,Idukki,12.932,193.482,6.6718,746,5,,,6,6,6,official_observed_reference,7d50a93ce0f89d39391bbf9d49084656d121507f06a0e7ef4b12e0d4cff28321
2024-05-29,Sabarigiri,5.8274,109.9762,3.7923,306.4,5,,,6,6,6,official_observed_reference,7d50a93ce0f89d39391bbf9d49084656d121507f06a0e7ef4b12e0d4cff28321
2024-05-29,Idamalayar,1.0752,19.5686,0.6748,53.8,,,,2,2,2,official_observed_reference,7d50a93ce0f89d39391bbf9d49084656d121507f06a0e7ef4b12e0d4cff28321
2024-05-29,Sholayar,0.2033,12.801,0.4414,54.2,19,3,,,,3,official_observed_reference,7d50a93ce0f89d39391bbf9d49084656d121507f06a0e7ef4b12e0d4cff28321
2024-05-29,Pallivasal,0.3893,13.8235,0.4767,20.4,3,,2,4,4,4,official_observed_reference,7d50a93ce0f89d39391bbf9d49084656d121507f06a0e7ef4b12e0d4cff28321
2024-05-29,Kuttiadi,1.3642,38.9087,1.3417,141.6,20,2,,4,1,4,official_observed_reference,7d50a93ce0f89d39391bbf9d49084656d121507f06a0e7ef4b12e0d4cff28321
2024-05-29,Panniar,0.4346,5.4234,0.187,30.8,13,,,2,,2,official_observed_reference,7d50a93ce0f89d39391bbf9d49084656d121507f06a0e7ef4b12e0d4cff28321
2024-05-29,Neriamangalam,0.6885,11.6021,0.4001,42.2,20,,1,3,2,3,official_observed_reference,7d50a93ce0f89d39391bbf9d49084656d121507f06a0e7ef4b12e0d4cff28321
2024-05-29,Lower Periyar,1.117,23.22,0.8007,162,20,,,3,,3,official_observed_reference,7d50a93ce0f89d39391bbf9d49084656d121507f06a0e7ef4b12e0d4cff28321
2024-05-29,"Poringalkuthu, PLBE",0.4321,10.6443,0.367,50.98,21,,,6,1,6,official_observed_reference,7d50a93ce0f89d39391bbf9d49084656d121507f06a0e7ef4b12e0d4cff28321
2024-05-29,Sengulam,0.1835,9.1925,0.317,51.4,20,,,4,,4,official_observed_reference,7d50a93ce0f89d39391bbf9d49084656d121507f06a0e7ef4b12e0d4cff28321
2024-05-29,Kakkad,0.8737,16.5808,0.5718,37.64,23,,,2,2,2,official_observed_reference,7d50a93ce0f89d39391bbf9d49084656d121507f06a0e7ef4b12e0d4cff28321
2024-05-29,Kallada,0.1423,3.9539,0.1363,9.6,18,,,2,1,2,official_observed_reference,7d50a93ce0f89d39391bbf9d49084656d121507f06a0e7ef4b12e0d4cff28321
2024-05-29,Malankara,0.0818,2.2365,0.0771,3.6,7,,,2,1,2,official_observed_reference,7d50a93ce0f89d39391bbf9d49084656d121507f06a0e7ef4b12e0d4cff28321
2024-05-29,Maniyar,0.19,2.1848,0.0753,,,,,3,3,3,official_observed_reference,7d50a93ce0f89d39391bbf9d49084656d121507f06a0e7ef4b12e0d4cff28321
2024-05-29,Kuthungal,0.0446,3.9124,0.1349,4.2,10,,,3,1,1,official_observed_reference,7d50a93ce0f89d39391bbf9d49084656d121507f06a0e7ef4b12e0d4cff28321
2024-05-30,Idukki,12.53,206.012,6.8671,750,23,,,6,6,6,official_observed_reference,ec1dfa011ec042153a8624d1bc5ef5477e3fce7463ae69a0c03ec416383e4770
2024-05-30,Sabarigiri,5.3639,115.3401,3.8447,301.8,17,,,6,6,6,official_observed_reference,ec1dfa011ec042153a8624d1bc5ef5477e3fce7463ae69a0c03ec416383e4770
2024-05-30,Idamalayar,1.2263,20.7949,0.6932,55.2,21,,,2,1,2,official_observed_reference,ec1dfa011ec042153a8624d1bc5ef5477e3fce7463ae69a0c03ec416383e4770
2024-05-30,Sholayar,0.7172,13.5182,0.4506,54.6,23,,,3,2,3,official_observed_reference,ec1dfa011ec042153a8624d1bc5ef5477e3fce7463ae69a0c03ec416383e4770
2024-05-30,Pallivasal,0.4153,14.2388,0.4746,20.2,21,,2,4,4,4,official_observed_reference,ec1dfa011ec042153a8624d1bc5ef5477e3fce7463ae69a0c03ec416383e4770
2024-05-30,Kuttiadi,1.8429,40.7516,1.3584,141.8,19,2,,4,1,4,official_observed_reference,ec1dfa011ec042153a8624d1bc5ef5477e3fce7463ae69a0c03ec416383e4770
2024-05-30,Panniar,0.6761,6.0995,0.2033,30.8,,,,2,2,2,official_observed_reference,ec1dfa011ec042153a8624d1bc5ef5477e3fce7463ae69a0c03ec416383e4770
2024-05-30,Neriamangalam,0.8083,12.4104,0.4137,41.8,,,1,3,3,3,official_observed_reference,ec1dfa011ec042153a8624d1bc5ef5477e3fce7463ae69a0c03ec416383e4770
2024-05-30,Lower Periyar,1.128,24.348,0.8116,160,,,,3,,3,official_observed_reference,ec1dfa011ec042153a8624d1bc5ef5477e3fce7463ae69a0c03ec416383e4770
2024-05-30,"Poringalkuthu, PLBE",0.5557,11.2,0.3733,50.82,18,,,6,1,6,official_observed_reference,ec1dfa011ec042153a8624d1bc5ef5477e3fce7463ae69a0c03ec416383e4770
2024-05-30,Sengulam,0.1124,9.3049,0.3102,25.6,19,,,4,,2,official_observed_reference,ec1dfa011ec042153a8624d1bc5ef5477e3fce7463ae69a0c03ec416383e4770
2024-05-30,Kakkad,0.8795,17.4603,0.582,38.64,23,,,2,2,2,official_observed_reference,ec1dfa011ec042153a8624d1bc5ef5477e3fce7463ae69a0c03ec416383e4770
2024-05-30,Kallada,0.1523,4.1062,0.1369,9.8,22,,,2,1,2,official_observed_reference,ec1dfa011ec042153a8624d1bc5ef5477e3fce7463ae69a0c03ec416383e4770
2024-05-30,Malankara,0.0774,2.3139,0.0771,3.6,,,,2,2,2,official_observed_reference,ec1dfa011ec042153a8624d1bc5ef5477e3fce7463ae69a0c03ec416383e4770
2024-05-30,Maniyar,0.1778,2.3627,0.0788,,,,,3,3,3,official_observed_reference,ec1dfa011ec042153a8624d1bc5ef5477e3fce7463ae69a0c03ec416383e4770
2024-05-30,Kuthungal,0.0369,3.9493,0.1316,5,18,,,3,,1,official_observed_reference,ec1dfa011ec042153a8624d1bc5ef5477e3fce7463ae69a0c03ec416383e4770
2024-05-31,Idukki,14.611,220.623,7.1169,746,,,,6,6,6,official_observed_reference,cc8acbcfa38ced2dedc9cc8fb7d47da64943c835365f66a09912e6e9bf18ac84
2024-05-31,Sabarigiri,5.6829,121.023,3.904,301,9,,,6,6,6,official_observed_reference,cc8acbcfa38ced2dedc9cc8fb7d47da64943c835365f66a09912e6e9bf18ac84
2024-05-31,Idamalayar,1.2246,22.0195,0.7103,55.6,1,,,2,2,2,official_observed_reference,cc8acbcfa38ced2dedc9cc8fb7d47da64943c835365f66a09912e6e9bf18ac84
2024-05-31,Sholayar,0.608,14.1262,0.4557,54.6,,,,3,,3,official_observed_reference,cc8acbcfa38ced2dedc9cc8fb7d47da64943c835365f66a09912e6e9bf18ac84
2024-05-31,Pallivasal,0.4839,14.7227,0.4749,20.4,10,,2,4,4,4,official_observed_reference,cc8acbcfa38ced2dedc9cc8fb7d47da64943c835365f66a09912e6e9bf18ac84
2024-05-31,Kuttiadi,2.2803,43.0319,1.3881,143.4,19,2,,4,2,4,official_observed_reference,cc8acbcfa38ced2dedc9cc8fb7d47da64943c835365f66a09912e6e9bf18ac84
2024-05-31,Panniar,0.5597,6.6592,0.2148,30.4,,,,2,,2,official_observed_reference,cc8acbcfa38ced2dedc9cc8fb7d47da64943c835365f66a09912e6e9bf18ac84
2024-05-31,Neriamangalam,0.6995,13.1099,0.4229,41.4,1,,1,3,2,3,official_observed_reference,cc8acbcfa38ced2dedc9cc8fb7d47da64943c835365f66a09912e6e9bf18ac84
2024-05-31,Lower Periyar,1.087,25.435,0.8205,156,20,,,3,,3,official_observed_reference,cc8acbcfa38ced2dedc9cc8fb7d47da64943c835365f66a09912e6e9bf18ac84
2024-05-31,"Poringalkuthu, PLBE",0.5996,11.7996,0.3806,50.74,16,,,6,1,6,official_observed_reference,cc8acbcfa38ced2dedc9cc8fb7d47da64943c835365f66a09912e6e9bf18ac84
2024-05-31,Sengulam,0.3003,9.6052,0.3098,38.4,23,,,4,,3,official_observed_reference,cc8acbcfa38ced2dedc9cc8fb7d47da64943c835365f66a09912e6e9bf18ac84
2024-05-31,Kakkad,0.9036,18.3639,0.5924,38.44,,,,2,2,2,official_observed_reference,cc8acbcfa38ced2dedc9cc8fb7d47da64943c835365f66a09912e6e9bf18ac84
2024-05-31,Kallada,0.199,4.3052,0.1389,9.8,7,,,2,2,2,official_observed_reference,cc8acbcfa38ced2dedc9cc8fb7d47da64943c835365f66a09912e6e9bf18ac84
2024-05-31,Malankara,0.0822,2.3961,0.0773,4.2,15,,,2,1,1,official_observed_reference,cc8acbcfa38ced2dedc9cc8fb7d47da64943c835365f66a09912e6e9bf18ac84
2024-05-31,Maniyar,0.1002,2.4629,0.0794,,,,,3,3,3,official_observed_reference,cc8acbcfa38ced2dedc9cc8fb7d47da64943c835365f66a09912e6e9bf18ac84
2024-05-31,Kuthungal,0.0338,3.9831,0.1285,5.4,18,,,3,,1,official_observed_reference,cc8acbcfa38ced2dedc9cc8fb7d47da64943c835365f66a09912e6e9bf18ac84
2024-06-01,Idukki,15.957,15.957,15.957,746,4,,,6,6,6,official_observed_reference,713149d17091b77f6c6b578c9fb7b9eb440e67e9c6fa0aba0f2ec90f4281d97c
2024-06-01,Sabarigiri,6.0403,6.0403,6.0403,300.8,22,,,6,6,6,official_observed_reference,713149d17091b77f6c6b578c9fb7b9eb440e67e9c6fa0aba0f2ec90f4281d97c
2024-06-01,Idamalayar,1.2659,1.2659,1.2659,54.8,10,,,2,2,2,official_observed_reference,713149d17091b77f6c6b578c9fb7b9eb440e67e9c6fa0aba0f2ec90f4281d97c
2024-06-01,Sholayar,0.9379,0.9379,0.9379,54.6,1,,,3,,3,official_observed_reference,713149d17091b77f6c6b578c9fb7b9eb440e67e9c6fa0aba0f2ec90f4281d97c
2024-06-01,Pallivasal,0.4842,0.4842,0.4842,20.4,1,,2,4,4,4,official_observed_reference,713149d17091b77f6c6b578c9fb7b9eb440e67e9c6fa0aba0f2ec90f4281d97c
2024-06-01,Kuttiadi,2.4447,2.4447,2.4447,144,20,2,,4,2,4,official_observed_reference,713149d17091b77f6c6b578c9fb7b9eb440e67e9c6fa0aba0f2ec90f4281d97c
2024-06-01,Panniar,0.7256,0.7256,0.7256,30.4,2,,,2,2,2,official_observed_reference,713149d17091b77f6c6b578c9fb7b9eb440e67e9c6fa0aba0f2ec90f4281d97c
2024-06-01,Neriamangalam,0.7343,0.7343,0.7343,42.8,22,,1,3,3,3,official_observed_reference,713149d17091b77f6c6b578c9fb7b9eb440e67e9c6fa0aba0f2ec90f4281d97c
2024-06-01,Lower Periyar,1.009,1.009,1.009,158,20,,,3,,3,official_observed_reference,713149d17091b77f6c6b578c9fb7b9eb440e67e9c6fa0aba0f2ec90f4281d97c
2024-06-01,"Poringalkuthu, PLBE",0.5049,0.5049,0.5049,50.74,,,,6,1,5,official_observed_reference,713149d17091b77f6c6b578c9fb7b9eb440e67e9c6fa0aba0f2ec90f4281d97c
2024-06-01,Sengulam,0.3766,0.3766,0.3766,51,22,,,4,2,4,official_observed_reference,713149d17091b77f6c6b578c9fb7b9eb440e67e9c6fa0aba0f2ec90f4281d97c
2024-06-01,Kakkad,0.8896,0.8896,0.8896,37.94,2,,,2,2,2,official_observed_reference,713149d17091b77f6c6b578c9fb7b9eb440e67e9c6fa0aba0f2ec90f4281d97c
2024-06-01,Kallada,0.2316,0.2316,0.2316,9.8,,,,2,2,2,official_observed_reference,713149d17091b77f6c6b578c9fb7b9eb440e67e9c6fa0aba0f2ec90f4281d97c
2024-06-01,Malankara,0.0711,0.0711,0.0711,3.6,,,,2,2,2,official_observed_reference,713149d17091b77f6c6b578c9fb7b9eb440e67e9c6fa0aba0f2ec90f4281d97c
2024-06-01,Maniyar,0.2001,0.2001,0.2001,,,,,3,3,3,official_observed_reference,713149d17091b77f6c6b578c9fb7b9eb440e67e9c6fa0aba0f2ec90f4281d97c
2024-06-01,Kuthungal,0.0326,0.0326,0.0326,7.4,18,,,3,,2,official_observed_reference,713149d17091b77f6c6b578c9fb7b9eb440e67e9c6fa0aba0f2ec90f4281d97c
2024-06-02,Idukki,9.519,25.476,12.738,746,23,,,6,3,6,official_observed_reference,71589d2e5e0cce1943551bd98a554d6dcf73f8aa23e4f810e2e1c24a589eb0ca
2024-06-02,Sabarigiri,4.2966,10.3369,5.1685,301.8,20,,,6,3,6,official_observed_reference,71589d2e5e0cce1943551bd98a554d6dcf73f8aa23e4f810e2e1c24a589eb0ca
2024-06-02,Idamalayar,0.7577,2.0236,1.0118,53,19,,,2,1,2,official_observed_reference,71589d2e5e0cce1943551bd98a554d6dcf73f8aa23e4f810e2e1c24a589eb0ca
2024-06-02,Sholayar,0.488,1.4259,0.713,54.6,,,,3,,3,official_observed_reference,71589d2e5e0cce1943551bd98a554d6dcf73f8aa23e4f810e2e1c24a589eb0ca
2024-06-02,Pallivasal,0.483,0.9672,0.4836,20.2,,,2,4,4,4,official_observed_reference,71589d2e5e0cce1943551bd98a554d6dcf73f8aa23e4f810e2e1c24a589eb0ca
2024-06-02,Kuttiadi,1.0033,3.448,1.724,146.2,21,2,,4,,4,official_observed_reference,71589d2e5e0cce1943551bd98a554d6dcf73f8aa23e4f810e2e1c24a589eb0ca
2024-06-02,Panniar,0.4035,1.1291,0.5646,30.4,13,,,2,,2,official_observed_reference,71589d2e5e0cce1943551bd98a554d6dcf73f8aa23e4f810e2e1c24a589eb0ca
2024-06-02,Neriamangalam,0.7377,1.472,0.736,42.6,7,,1,3,3,3,official_observed_reference,71589d2e5e0cce1943551bd98a554d6dcf73f8aa23e4f810e2e1c24a589eb0ca
2024-06-02,Lower Periyar,0.884,1.893,0.9465,158,21,,,3,,3,official_observed_reference,71589d2e5e0cce1943551bd98a554d6dcf73f8aa23e4f810e2e1c24a589eb0ca
2024-06-02,"Poringalkuthu, PLBE",0.3573,0.8622,0.4311,42.38,,,,6,,5,official_observed_reference,71589d2e5e0cce1943551bd98a554d6dcf73f8aa23e4f810e2e1c24a589eb0ca
2024-06-02,Sengulam,0.2948,0.6714,0.3357,51.6,22,,,4,1,4,official_observed_reference,71589d2e5e0cce1943551bd98a554d6dcf73f8aa23e4f810e2e1c24a589eb0ca
2024-06-02,Kakkad,0.6793,1.5689,0.7844,37.76,2,,,2,2,2,official_observed_reference,71589d2e5e0cce1943551bd98a554d6dcf73f8aa23e4f810e2e1c24a589eb0ca
2024-06-02,Kallada,0.2305,0.4621,0.2311,9.8,,,,2,2,2,official_observed_reference,71589d2e5e0cce1943551bd98a554d6dcf73f8aa23e4f810e2e1c24a589eb0ca
2024-06-02,Malankara,0.072,0.1431,0.0716,3.6,8,,,2,2,2,official_observed_reference,71589d2e5e0cce1943551bd98a554d6dcf73f8aa23e4f810e2e1c24a589eb0ca
2024-06-02,Maniyar,0.1314,0.3315,0.1658,,,,,3,2,2,official_observed_reference,71589d2e5e0cce1943551bd98a554d6dcf73f8aa23e4f810e2e1c24a589eb0ca
2024-06-02,Kuthungal,0.035,0.0676,0.0338,7.2,18,,,3,,1,official_observed_reference,71589d2e5e0cce1943551bd98a554d6dcf73f8aa23e4f810e2e1c24a589eb0ca
2024-06-03,Idukki,13.8,39.276,13.092,748,2,,,6,6,6,official_observed_reference,bc04a401bdae5611632fd780393693f2699643f433900c319b761b2753824052
2024-06-03,Sabarigiri,6.1849,16.5218,5.5073,296.2,16,,,6,6,6,official_observed_reference,bc04a401bdae5611632fd780393693f2699643f433900c319b761b2753824052
2024-06-03,Idamalayar,1.21,3.2336,1.0779,53.6,17,,,2,2,2,official_observed_reference,bc04a401bdae5611632fd780393693f2699643f433900c319b761b2753824052
2024-06-03,Sholayar,0.7258,2.1517,0.7172,54.4,21,,,3,1,3,official_observed_reference,bc04a401bdae5611632fd780393693f2699643f433900c319b761b2753824052
2024-06-03,Pallivasal,0.484,1.4512,0.4837,20.4,7,,2,4,4,4,official_observed_reference,bc04a401bdae5611632fd780393693f2699643f433900c319b761b2753824052
2024-06-03,Kuttiadi,1.4753,4.9233,1.6411,143.4,20,2,,4,1,4,official_observed_reference,bc04a401bdae5611632fd780393693f2699643f433900c319b761b2753824052
2024-06-03,Panniar,0.7217,1.8508,0.6169,30.4,22,,,2,2,2,official_observed_reference,bc04a401bdae5611632fd780393693f2699643f433900c319b761b2753824052
2024-06-03,Neriamangalam,0.7593,2.2313,0.7438,42.4,18,,1,3,2,3,official_observed_reference,bc04a401bdae5611632fd780393693f2699643f433900c319b761b2753824052
2024-06-03,Lower Periyar,1.073,2.966,0.9887,158,19,,,3,,3,official_observed_reference,bc04a401bdae5611632fd780393693f2699643f433900c319b761b2753824052
2024-06-03,"Poringalkuthu, PLBE",0.34,1.2022,0.4007,51.86,19,,,6,,6,official_observed_reference,bc04a401bdae5611632fd780393693f2699643f433900c319b761b2753824052
2024-06-03,Sengulam,0.3273,0.9987,0.3329,51.8,19,,,4,,4,official_observed_reference,bc04a401bdae5611632fd780393693f2699643f433900c319b761b2753824052
2024-06-03,Kakkad,0.8877,2.4565,0.8188,38.3,22,,,2,2,2,official_observed_reference,bc04a401bdae5611632fd780393693f2699643f433900c319b761b2753824052
2024-06-03,Kallada,0.1654,0.6275,0.2092,9.8,7,,,2,2,2,official_observed_reference,bc04a401bdae5611632fd780393693f2699643f433900c319b761b2753824052
2024-06-03,Malankara,0.0753,0.2184,0.0728,3.6,,,,2,2,2,official_observed_reference,bc04a401bdae5611632fd780393693f2699643f433900c319b761b2753824052
2024-06-03,Maniyar,0.16,0.4916,0.1639,,,,,3,2,3,official_observed_reference,bc04a401bdae5611632fd780393693f2699643f433900c319b761b2753824052
2024-06-03,Kuthungal,0.0558,0.1234,0.0411,7.2,19,,,3,1,1,official_observed_reference,bc04a401bdae5611632fd780393693f2699643f433900c319b761b2753824052
2024-06-04,Idukki,16.572,55.848,13.962,746,6,,,6,6,6,official_observed_reference,f2cfc33a98ae61c4c7c80d62ca5f2fb6bf012dbe328d4a168b5be30c5d6c31bb
2024-06-04,Sabarigiri,6.0616,22.5834,5.6459,301,5,,,6,6,6,official_observed_reference,f2cfc33a98ae61c4c7c80d62ca5f2fb6bf012dbe328d4a168b5be30c5d6c31bb
2024-06-04,Idamalayar,1.2623,4.4959,1.124,53.2,4,,,2,2,2,official_observed_reference,f2cfc33a98ae61c4c7c80d62ca5f2fb6bf012dbe328d4a168b5be30c5d6c31bb
2024-06-04,Sholayar,1.1242,3.2759,0.819,54.6,13,,,3,2,3,official_observed_reference,f2cfc33a98ae61c4c7c80d62ca5f2fb6bf012dbe328d4a168b5be30c5d6c31bb
2024-06-04,Pallivasal,0.4773,1.9285,0.4821,20.4,13,,2,4,4,4,official_observed_reference,f2cfc33a98ae61c4c7c80d62ca5f2fb6bf012dbe328d4a168b5be30c5d6c31bb
2024-06-04,Kuttiadi,2.6381,7.5614,1.8904,192.2,19,1,,5,2,5,official_observed_reference,f2cfc33a98ae61c4c7c80d62ca5f2fb6bf012dbe328d4a168b5be30c5d6c31bb
2024-06-04,Panniar,0.7181,2.5689,0.6422,30.2,1,,,2,2,2,official_observed_reference,f2cfc33a98ae61c4c7c80d62ca5f2fb6bf012dbe328d4a168b5be30c5d6c31bb
2024-06-04,Neriamangalam,0.8462,3.0775,0.7694,42.2,20,,1,3,3,3,official_observed_reference,f2cfc33a98ae61c4c7c80d62ca5f2fb6bf012dbe328d4a168b5be30c5d6c31bb
2024-06-04,Lower Periyar,1.052,4.018,1.0045,162,21,,,3,3,3,official_observed_reference,f2cfc33a98ae61c4c7c80d62ca5f2fb6bf012dbe328d4a168b5be30c5d6c31bb
2024-06-04,"Poringalkuthu, PLBE",0.6535,1.8557,0.4639,51.9,1,,,6,1,6,official_observed_reference,f2cfc33a98ae61c4c7c80d62ca5f2fb6bf012dbe328d4a168b5be30c5d6c31bb
2024-06-04,Sengulam,0.312,1.3107,0.3277,51.8,21,,,4,,4,official_observed_reference,f2cfc33a98ae61c4c7c80d62ca5f2fb6bf012dbe328d4a168b5be30c5d6c31bb
2024-06-04,Kakkad,0.9005,3.357,0.8393,38.26,7,,,2,2,2,official_observed_reference,f2cfc33a98ae61c4c7c80d62ca5f2fb6bf012dbe328d4a168b5be30c5d6c31bb
2024-06-04,Kallada,0.1267,0.7542,0.1886,5.4,1,,,2,1,1,official_observed_reference,f2cfc33a98ae61c4c7c80d62ca5f2fb6bf012dbe328d4a168b5be30c5d6c31bb
2024-06-04,Malankara,0.0711,0.2895,0.0724,3.6,2,,,2,2,2,official_observed_reference,f2cfc33a98ae61c4c7c80d62ca5f2fb6bf012dbe328d4a168b5be30c5d6c31bb
2024-06-04,Maniyar,0.1615,0.6531,0.1633,,,,,3,2,3,official_observed_reference,f2cfc33a98ae61c4c7c80d62ca5f2fb6bf012dbe328d4a168b5be30c5d6c31bb
2024-06-04,Kuthungal,0.0438,0.1672,0.0418,6.6,19,,,3,,2,official_observed_reference,f2cfc33a98ae61c4c7c80d62ca5f2fb6bf012dbe328d4a168b5be30c5d6c31bb
2024-06-05,Idukki,12.519,68.367,13.6734,746,4,,,6,3,6,official_observed_reference,cae0adfeff499c4161780e79b042835701140608df9eaad4877d7d3439537bc9
2024-06-05,Sabarigiri,6.3514,28.9348,5.787,301,19,,,6,6,6,official_observed_reference,cae0adfeff499c4161780e79b042835701140608df9eaad4877d7d3439537bc9
2024-06-05,Idamalayar,1.1455,5.6414,1.1283,53.6,2,,,2,1,2,official_observed_reference,cae0adfeff499c4161780e79b042835701140608df9eaad4877d7d3439537bc9
2024-06-05,Sholayar,1.0291,4.305,0.861,54.6,1,,,3,1,3,official_observed_reference,cae0adfeff499c4161780e79b042835701140608df9eaad4877d7d3439537bc9
2024-06-05,Pallivasal,0.4809,2.4094,0.4819,20.4,4,,2,4,4,4,official_observed_reference,cae0adfeff499c4161780e79b042835701140608df9eaad4877d7d3439537bc9
2024-06-05,Kuttiadi,2.4402,10.0016,2.0003,191.2,,1,,5,,5,official_observed_reference,cae0adfeff499c4161780e79b042835701140608df9eaad4877d7d3439537bc9
2024-06-05,Panniar,0.5924,3.1613,0.6323,30.2,21,,,2,1,2,official_observed_reference,cae0adfeff499c4161780e79b042835701140608df9eaad4877d7d3439537bc9
2024-06-05,Neriamangalam,0.7947,3.8722,0.7744,42,5,,1,3,1,3,official_observed_reference,cae0adfeff499c4161780e79b042835701140608df9eaad4877d7d3439537bc9
2024-06-05,Lower Periyar,1.051,5.069,1.0138,164,20,,,3,,3,official_observed_reference,cae0adfeff499c4161780e79b042835701140608df9eaad4877d7d3439537bc9
2024-06-05,"Poringalkuthu, PLBE",0.4586,2.3143,0.4629,52.06,18,,,6,,6,official_observed_reference,cae0adfeff499c4161780e79b042835701140608df9eaad4877d7d3439537bc9
2024-06-05,Sengulam,0.3207,1.6314,0.3263,50.8,20,,,4,1,4,official_observed_reference,cae0adfeff499c4161780e79b042835701140608df9eaad4877d7d3439537bc9
2024-06-05,Kakkad,0.8978,4.2548,0.851,37.9,6,,,2,2,2,official_observed_reference,cae0adfeff499c4161780e79b042835701140608df9eaad4877d7d3439537bc9
2024-06-05,Kallada,0.127,0.8812,0.1762,5.4,,,,2,1,1,official_observed_reference,cae0adfeff499c4161780e79b042835701140608df9eaad4877d7d3439537bc9
2024-06-05,Malankara,0.072,0.3615,0.0723,3.6,6,,,2,1,1,official_observed_reference,cae0adfeff499c4161780e79b042835701140608df9eaad4877d7d3439537bc9
2024-06-05,Maniyar,0.1519,0.805,0.161,,,,,3,2,3,official_observed_reference,cae0adfeff499c4161780e79b042835701140608df9eaad4877d7d3439537bc9
2024-06-05,Kuthungal,0.0428,0.21,0.042,7,18,,,3,,1,official_observed_reference,cae0adfeff499c4161780e79b042835701140608df9eaad4877d7d3439537bc9
2024-06-06,Idukki,11.937,80.304,13.384,746,21,,,6,3,6,official_observed_reference,850d2e085d6959f584935be1105a7d0624d5df8918c467976f7fa03303204024
2024-06-06,Sabarigiri,6.125,35.0598,5.8433,297,21,,,6,6,6,official_observed_reference,850d2e085d6959f584935be1105a7d0624d5df8918c467976f7fa03303204024
2024-06-06,Idamalayar,1.0674,6.7088,1.1181,53,17,,,2,1,2,official_observed_reference,850d2e085d6959f584935be1105a7d0624d5df8918c467976f7fa03303204024
2024-06-06,Sholayar,0.9564,5.2614,0.8769,54.2,,,,3,2,3,official_observed_reference,850d2e085d6959f584935be1105a7d0624d5df8918c467976f7fa03303204024
2024-06-06,Pallivasal,0.4857,2.8951,0.4825,20.4,,,2,4,4,4,official_observed_reference,850d2e085d6959f584935be1105a7d0624d5df8918c467976f7fa03303204024
2024-06-06,Kuttiadi,1.2993,11.3009,1.8835,194.2,23,1,,5,,5,official_observed_reference,850d2e085d6959f584935be1105a7d0624d5df8918c467976f7fa03303204024
2024-06-06,Panniar,0.7106,3.8719,0.6453,30,,,,2,2,2,official_observed_reference,850d2e085d6959f584935be1105a7d0624d5df8918c467976f7fa03303204024
2024-06-06,Neriamangalam,0.7073,4.5795,0.7633,42.4,20,,1,3,1,3,official_observed_reference,850d2e085d6959f584935be1105a7d0624d5df8918c467976f7fa03303204024
2024-06-06,Lower Periyar,0.74,5.809,0.9682,146,23,,,3,,3,official_observed_reference,850d2e085d6959f584935be1105a7d0624d5df8918c467976f7fa03303204024
2024-06-06,"Poringalkuthu, PLBE",0.5434,2.8576,0.4763,52.14,20,,,6,1,6,official_observed_reference,850d2e085d6959f584935be1105a7d0624d5df8918c467976f7fa03303204024
2024-06-06,Sengulam,0.3182,1.9496,0.3249,51.8,19,,,4,,4,official_observed_reference,850d2e085d6959f584935be1105a7d0624d5df8918c467976f7fa03303204024
2024-06-06,Kakkad,0.8884,5.1432,0.8572,37.76,19,,,2,2,2,official_observed_reference,850d2e085d6959f584935be1105a7d0624d5df8918c467976f7fa03303204024
2024-06-06,Kallada,0.1274,1.0086,0.1681,5.4,,,,2,1,1,official_observed_reference,850d2e085d6959f584935be1105a7d0624d5df8918c467976f7fa03303204024
2024-06-06,Malankara,0.0759,0.4374,0.0729,3.6,,,,2,1,1,official_observed_reference,850d2e085d6959f584935be1105a7d0624d5df8918c467976f7fa03303204024
2024-06-06,Maniyar,0.1457,0.9507,0.1585,,,,,3,2,2,official_observed_reference,850d2e085d6959f584935be1105a7d0624d5df8918c467976f7fa03303204024
2024-06-06,Kuthungal,0.0347,0.2447,0.0408,7,18,,,3,,1,official_observed_reference,850d2e085d6959f584935be1105a7d0624d5df8918c467976f7fa03303204024
2024-06-07,Idukki,9.964,90.268,12.8954,742,,,,6,5,6,official_observed_reference,a7353aea1acaa680a3256e82ccf38d6c2ab3a9fa069eade5469ad9148902a14b
2024-06-07,Sabarigiri,6.072,41.1318,5.876,301.6,1,,,6,6,6,official_observed_reference,a7353aea1acaa680a3256e82ccf38d6c2ab3a9fa069eade5469ad9148902a14b
2024-06-07,Idamalayar,0.9919,7.7007,1.1001,53.6,21,,,2,2,2,official_observed_reference,a7353aea1acaa680a3256e82ccf38d6c2ab3a9fa069eade5469ad9148902a14b
2024-06-07,Sholayar,0.7893,6.0507,0.8644,54.2,20,,,3,3,3,official_observed_reference,a7353aea1acaa680a3256e82ccf38d6c2ab3a9fa069eade5469ad9148902a14b
2024-06-07,Pallivasal,0.486,3.3811,0.483,20.4,,,2,4,4,4,official_observed_reference,a7353aea1acaa680a3256e82ccf38d6c2ab3a9fa069eade5469ad9148902a14b
2024-06-07,Kuttiadi,1.5008,12.8017,1.8288,191.6,23,1,,5,,5,official_observed_reference,a7353aea1acaa680a3256e82ccf38d6c2ab3a9fa069eade5469ad9148902a14b
2024-06-07,Panniar,0.6125,4.4844,0.6406,29.8,,,,2,2,2,official_observed_reference,a7353aea1acaa680a3256e82ccf38d6c2ab3a9fa069eade5469ad9148902a14b
2024-06-07,Neriamangalam,0.7153,5.2948,0.7564,42.2,,,1,3,2,3,official_observed_reference,a7353aea1acaa680a3256e82ccf38d6c2ab3a9fa069eade5469ad9148902a14b
2024-06-07,Lower Periyar,1.305,7.114,1.0163,158,22,,,3,,3,official_observed_reference,a7353aea1acaa680a3256e82ccf38d6c2ab3a9fa069eade5469ad9148902a14b
2024-06-07,"Poringalkuthu, PLBE",0.5599,3.4175,0.4882,52.02,20,,,6,1,6,official_observed_reference,a7353aea1acaa680a3256e82ccf38d6c2ab3a9fa069eade5469ad9148902a14b
2024-06-07,Sengulam,0.2382,2.1878,0.3125,51.8,22,,,4,,4,official_observed_reference,a7353aea1acaa680a3256e82ccf38d6c2ab3a9fa069eade5469ad9148902a14b
2024-06-07,Kakkad,0.8879,6.0312,0.8616,37.52,22,,,2,2,2,official_observed_reference,a7353aea1acaa680a3256e82ccf38d6c2ab3a9fa069eade5469ad9148902a14b
2024-06-07,Kallada,0.1274,1.136,0.1623,5.4,,,,2,1,2,official_observed_reference,a7353aea1acaa680a3256e82ccf38d6c2ab3a9fa069eade5469ad9148902a14b
2024-06-07,Malankara,0.0755,0.5129,0.0733,3.6,11,,,2,2,2,official_observed_reference,a7353aea1acaa680a3256e82ccf38d6c2ab3a9fa069eade5469ad9148902a14b
2024-06-07,Maniyar,0.1082,1.0589,0.1513,,,,,3,3,3,official_observed_reference,a7353aea1acaa680a3256e82ccf38d6c2ab3a9fa069eade5469ad9148902a14b
2024-06-07,Kuthungal,0.0421,0.2868,0.041,7,18,,,3,,1,official_observed_reference,a7353aea1acaa680a3256e82ccf38d6c2ab3a9fa069eade5469ad9148902a14b
2024-06-08,Idukki,7.926,98.194,12.2743,762,,,,6,2,6,official_observed_reference,dcde3bc004af4ceba471e174736b6ce1297ca589da584b89fcf6a8a9dde6a831
2024-06-08,Sabarigiri,4.9653,46.0971,5.7621,301,20,,,6,6,6,official_observed_reference,dcde3bc004af4ceba471e174736b6ce1297ca589da584b89fcf6a8a9dde6a831
2024-06-08,Idamalayar,0.9166,8.6173,1.0772,54,1,,,2,2,2,official_observed_reference,dcde3bc004af4ceba471e174736b6ce1297ca589da584b89fcf6a8a9dde6a831
2024-06-08,Sholayar,0.2961,6.3468,0.7934,54,,,,3,,3,official_observed_reference,dcde3bc004af4ceba471e174736b6ce1297ca589da584b89fcf6a8a9dde6a831
2024-06-08,Pallivasal,0.4862,3.8673,0.4834,20.4,,,2,4,4,4,official_observed_reference,dcde3bc004af4ceba471e174736b6ce1297ca589da584b89fcf6a8a9dde6a831
2024-06-08,Kuttiadi,0.806,13.6077,1.701,186,,1,,5,,5,official_observed_reference,dcde3bc004af4ceba471e174736b6ce1297ca589da584b89fcf6a8a9dde6a831
2024-06-08,Panniar,0.4242,4.9086,0.6136,29.6,,,,2,,2,official_observed_reference,dcde3bc004af4ceba471e174736b6ce1297ca589da584b89fcf6a8a9dde6a831
2024-06-08,Neriamangalam,0.6886,5.9834,0.7479,42.2,,,1,3,2,3,official_observed_reference,dcde3bc004af4ceba471e174736b6ce1297ca589da584b89fcf6a8a9dde6a831
2024-06-08,Lower Periyar,1.141,8.255,1.0319,166,19,,,3,,3,official_observed_reference,dcde3bc004af4ceba471e174736b6ce1297ca589da584b89fcf6a8a9dde6a831
2024-06-08,"Poringalkuthu, PLBE",0.5451,3.9626,0.4953,52.12,22,,,6,1,6,official_observed_reference,dcde3bc004af4ceba471e174736b6ce1297ca589da584b89fcf6a8a9dde6a831
2024-06-08,Sengulam,0.4056,2.5934,0.3242,50.4,,,,4,1,4,official_observed_reference,dcde3bc004af4ceba471e174736b6ce1297ca589da584b89fcf6a8a9dde6a831
2024-06-08,Kakkad,0.8224,6.8536,0.8567,38.28,23,,,2,2,2,official_observed_reference,dcde3bc004af4ceba471e174736b6ce1297ca589da584b89fcf6a8a9dde6a831
2024-06-08,Kallada,0.1284,1.2644,0.1581,5.4,,,,2,1,1,official_observed_reference,dcde3bc004af4ceba471e174736b6ce1297ca589da584b89fcf6a8a9dde6a831
2024-06-08,Malankara,0.0764,0.5892,0.0737,3.6,15,,,2,1,1,official_observed_reference,dcde3bc004af4ceba471e174736b6ce1297ca589da584b89fcf6a8a9dde6a831
2024-06-08,Maniyar,0.155,1.2138,0.1517,,,,,3,2,3,official_observed_reference,dcde3bc004af4ceba471e174736b6ce1297ca589da584b89fcf6a8a9dde6a831
2024-06-08,Kuthungal,0.0776,0.3644,0.0456,10.2,20,,,3,,2,official_observed_reference,dcde3bc004af4ceba471e174736b6ce1297ca589da584b89fcf6a8a9dde6a831
2024-06-09,Idukki,4.973,103.167,11.463,740,22,,,6,2,3,official_observed_reference,2e3fa70d5bb2b17d22b4e408bc9e83281ae24bf2a8374c15b1e22d792e6d364a
2024-06-09,Sabarigiri,3.01,49.1071,5.4563,296.2,19,,,6,2,6,official_observed_reference,2e3fa70d5bb2b17d22b4e408bc9e83281ae24bf2a8374c15b1e22d792e6d364a
2024-06-09,Idamalayar,0.422,9.0393,1.0044,52.2,19,,,2,,2,official_observed_reference,2e3fa70d5bb2b17d22b4e408bc9e83281ae24bf2a8374c15b1e22d792e6d364a
2024-06-09,Sholayar,0.0889,6.4357,0.7151,18.2,20,,,3,,1,official_observed_reference,2e3fa70d5bb2b17d22b4e408bc9e83281ae24bf2a8374c15b1e22d792e6d364a
2024-06-09,Pallivasal,0.4858,4.3531,0.4837,20.4,,,2,4,4,4,official_observed_reference,2e3fa70d5bb2b17d22b4e408bc9e83281ae24bf2a8374c15b1e22d792e6d364a
2024-06-09,Kuttiadi,0.8257,14.4334,1.6037,167.6,22,1,,5,,3,official_observed_reference,2e3fa70d5bb2b17d22b4e408bc9e83281ae24bf2a8374c15b1e22d792e6d364a
2024-06-09,Panniar,0.1478,5.0564,0.5618,30,22,,,2,,1,official_observed_reference,2e3fa70d5bb2b17d22b4e408bc9e83281ae24bf2a8374c15b1e22d792e6d364a
2024-06-09,Neriamangalam,0.8536,6.837,0.7597,42.6,20,,1,3,3,3,official_observed_reference,2e3fa70d5bb2b17d22b4e408bc9e83281ae24bf2a8374c15b1e22d792e6d364a
2024-06-09,Lower Periyar,1.764,10.019,1.1132,140,22,,,3,1,2,official_observed_reference,2e3fa70d5bb2b17d22b4e408bc9e83281ae24bf2a8374c15b1e22d792e6d364a
2024-06-09,"Poringalkuthu, PLBE",0.4897,4.4524,0.4947,51.68,21,,,6,1,1,official_observed_reference,2e3fa70d5bb2b17d22b4e408bc9e83281ae24bf2a8374c15b1e22d792e6d364a
2024-06-09,Sengulam,0.3408,2.9342,0.326,52,22,,,4,,4,official_observed_reference,2e3fa70d5bb2b17d22b4e408bc9e83281ae24bf2a8374c15b1e22d792e6d364a
2024-06-09,Kakkad,0.691,7.5446,0.8383,38.36,,,,2,2,2,official_observed_reference,2e3fa70d5bb2b17d22b4e408bc9e83281ae24bf2a8374c15b1e22d792e6d364a
2024-06-09,Kallada,0.1333,1.3977,0.1553,5.8,23,,,2,1,1,official_observed_reference,2e3fa70d5bb2b17d22b4e408bc9e83281ae24bf2a8374c15b1e22d792e6d364a
2024-06-09,Malankara,0.0786,0.6678,0.0742,3.6,1,,,2,2,2,official_observed_reference,2e3fa70d5bb2b17d22b4e408bc9e83281ae24bf2a8374c15b1e22d792e6d364a
2024-06-09,Maniyar,0.1853,1.3991,0.1555,,,,,3,2,3,official_observed_reference,2e3fa70d5bb2b17d22b4e408bc9e83281ae24bf2a8374c15b1e22d792e6d364a
2024-06-09,Kuthungal,0.1109,0.4753,0.0528,6.4,,,,3,1,1,official_observed_reference,2e3fa70d5bb2b17d22b4e408bc9e83281ae24bf2a8374c15b1e22d792e6d364a
2024-06-10,Idukki,7.439,110.606,11.0606,734,23,,,6,4,6,official_observed_reference,e3b82df099a33961c287d5d162cf2f56c77bde857fcfa313980c7db3dfed11c3
2024-06-10,Sabarigiri,4.4404,53.5475,5.3548,301,21,,,6,3,6,official_observed_reference,e3b82df099a33961c287d5d162cf2f56c77bde857fcfa313980c7db3dfed11c3
2024-06-10,Idamalayar,0.631,9.6703,0.967,52.4,21,,,2,,2,official_observed_reference,e3b82df099a33961c287d5d162cf2f56c77bde857fcfa313980c7db3dfed11c3
2024-06-10,Sholayar,0.2363,6.672,0.6672,54.6,21,,,3,,3,official_observed_reference,e3b82df099a33961c287d5d162cf2f56c77bde857fcfa313980c7db3dfed11c3
2024-06-10,Pallivasal,0.4856,4.8387,0.4839,20.4,2,,2,4,4,4,official_observed_reference,e3b82df099a33961c287d5d162cf2f56c77bde857fcfa313980c7db3dfed11c3
2024-06-10,Kuttiadi,1.3239,15.7573,1.5757,191.6,21,1,,5,2,5,official_observed_reference,e3b82df099a33961c287d5d162cf2f56c77bde857fcfa313980c7db3dfed11c3
2024-06-10,Panniar,0.3305,5.3869,0.5387,30.4,18,,,2,,2,official_observed_reference,e3b82df099a33961c287d5d162cf2f56c77bde857fcfa313980c7db3dfed11c3
2024-06-10,Neriamangalam,0.7279,7.5649,0.7565,55.8,23,,1,3,2,3,official_observed_reference,e3b82df099a33961c287d5d162cf2f56c77bde857fcfa313980c7db3dfed11c3
2024-06-10,Lower Periyar,1.272,11.291,1.1291,158,23,,,3,,3,official_observed_reference,e3b82df099a33961c287d5d162cf2f56c77bde857fcfa313980c7db3dfed11c3
2024-06-10,"Poringalkuthu, PLBE",0.5643,5.0167,0.5017,52.28,20,,,6,1,6,official_observed_reference,e3b82df099a33961c287d5d162cf2f56c77bde857fcfa313980c7db3dfed11c3
2024-06-10,Sengulam,0.3738,3.308,0.3308,51.8,20,,,4,,4,official_observed_reference,e3b82df099a33961c287d5d162cf2f56c77bde857fcfa313980c7db3dfed11c3
2024-06-10,Kakkad,0.7647,8.3093,0.8309,38.94,1,,,2,2,2,official_observed_reference,e3b82df099a33961c287d5d162cf2f56c77bde857fcfa313980c7db3dfed11c3
2024-06-10,Kallada,0.1366,1.5343,0.1534,5.8,2,,,2,1,1,official_observed_reference,e3b82df099a33961c287d5d162cf2f56c77bde857fcfa313980c7db3dfed11c3
2024-06-10,Malankara,0.0809,0.7487,0.0749,3.6,1,,,2,2,2,official_observed_reference,e3b82df099a33961c287d5d162cf2f56c77bde857fcfa313980c7db3dfed11c3
2024-06-10,Maniyar,0.155,1.5541,0.1554,,,,,3,2,3,official_observed_reference,e3b82df099a33961c287d5d162cf2f56c77bde857fcfa313980c7db3dfed11c3
2024-06-10,Kuthungal,0.0702,0.5455,0.0546,7,18,,,3,1,1,official_observed_reference,e3b82df099a33961c287d5d162cf2f56c77bde857fcfa313980c7db3dfed11c3
2024-06-11,Idukki,8.561,119.167,10.8334,742,23,,,6,4,6,official_observed_reference,acf095356f0bafe4b08da7d8845d9acf067301713b332afccaddf86539f70692
2024-06-11,Sabarigiri,5.5633,59.1108,5.3737,296.4,17,,,6,6,6,official_observed_reference,acf095356f0bafe4b08da7d8845d9acf067301713b332afccaddf86539f70692
2024-06-11,Idamalayar,1.133,10.8033,0.9821,53,17,,,2,2,2,official_observed_reference,acf095356f0bafe4b08da7d8845d9acf067301713b332afccaddf86539f70692
2024-06-11,Sholayar,0.4084,7.0804,0.6437,54.4,19,,,3,,3,official_observed_reference,acf095356f0bafe4b08da7d8845d9acf067301713b332afccaddf86539f70692
2024-06-11,Pallivasal,0.4596,5.2983,0.4817,20.4,,,2,4,4,4,official_observed_reference,acf095356f0bafe4b08da7d8845d9acf067301713b332afccaddf86539f70692
2024-06-11,Kuttiadi,1.2613,17.0186,1.5471,190.6,19,1,,5,,5,official_observed_reference,acf095356f0bafe4b08da7d8845d9acf067301713b332afccaddf86539f70692
2024-06-11,Panniar,0.6067,5.9936,0.5449,30,10,,,2,1,2,official_observed_reference,acf095356f0bafe4b08da7d8845d9acf067301713b332afccaddf86539f70692
2024-06-11,Neriamangalam,0.7825,8.3474,0.7589,76.8,,,1,3,1,3,official_observed_reference,acf095356f0bafe4b08da7d8845d9acf067301713b332afccaddf86539f70692
2024-06-11,Lower Periyar,1.145,12.436,1.1305,160,,,,3,,3,official_observed_reference,acf095356f0bafe4b08da7d8845d9acf067301713b332afccaddf86539f70692
2024-06-11,"Poringalkuthu, PLBE",0.6483,5.665,0.515,52.32,19,,,6,2,6,official_observed_reference,acf095356f0bafe4b08da7d8845d9acf067301713b332afccaddf86539f70692
2024-06-11,Sengulam,0.2258,3.5338,0.3213,52.4,21,,,4,,4,official_observed_reference,acf095356f0bafe4b08da7d8845d9acf067301713b332afccaddf86539f70692
2024-06-11,Kakkad,0.8837,9.193,0.8357,38.04,1,,,2,2,2,official_observed_reference,acf095356f0bafe4b08da7d8845d9acf067301713b332afccaddf86539f70692
2024-06-11,Kallada,0.1378,1.6721,0.152,5.8,2,,,2,1,1,official_observed_reference,acf095356f0bafe4b08da7d8845d9acf067301713b332afccaddf86539f70692
2024-06-11,Malankara,0.0771,0.8258,0.0751,3.6,3,,,2,2,2,official_observed_reference,acf095356f0bafe4b08da7d8845d9acf067301713b332afccaddf86539f70692
2024-06-11,Maniyar,0.1776,1.7317,0.1574,,,,,3,2,3,official_observed_reference,acf095356f0bafe4b08da7d8845d9acf067301713b332afccaddf86539f70692
2024-06-11,Kuthungal,0.0502,0.5957,0.0542,6.2,17,,,3,,2,official_observed_reference,acf095356f0bafe4b08da7d8845d9acf067301713b332afccaddf86539f70692
2024-06-12,Idukki,8.067,127.234,10.6028,740,23,,,6,3,6,official_observed_reference,d54489cbf8d9251978101fa112bdc5973b73062d4e26ed8e2f7f062b4c259c38
2024-06-12,Sabarigiri,6.158,65.2688,5.4391,301,16,,,6,6,6,official_observed_reference,d54489cbf8d9251978101fa112bdc5973b73062d4e26ed8e2f7f062b4c259c38
2024-06-12,Idamalayar,1.1601,11.9634,0.997,53,5,,,2,2,2,official_observed_reference,d54489cbf8d9251978101fa112bdc5973b73062d4e26ed8e2f7f062b4c259c38
2024-06-12,Sholayar,0.3102,7.3906,0.6159,54.6,22,,,3,,3,official_observed_reference,d54489cbf8d9251978101fa112bdc5973b73062d4e26ed8e2f7f062b4c259c38
2024-06-12,Pallivasal,0.4633,5.7616,0.4801,20.6,7,,2,4,4,4,official_observed_reference,d54489cbf8d9251978101fa112bdc5973b73062d4e26ed8e2f7f062b4c259c38
2024-06-12,Kuttiadi,1.4629,18.4815,1.5401,192.8,19,1,,5,,5,official_observed_reference,d54489cbf8d9251978101fa112bdc5973b73062d4e26ed8e2f7f062b4c259c38
2024-06-12,Panniar,0.3232,6.3168,0.5264,30,17,,,2,,2,official_observed_reference,d54489cbf8d9251978101fa112bdc5973b73062d4e26ed8e2f7f062b4c259c38
2024-06-12,Neriamangalam,0.5521,8.8995,0.7416,45.2,,,1,3,,3,official_observed_reference,d54489cbf8d9251978101fa112bdc5973b73062d4e26ed8e2f7f062b4c259c38
2024-06-12,Lower Periyar,1.594,14.03,1.1692,156,,,,3,,3,official_observed_reference,d54489cbf8d9251978101fa112bdc5973b73062d4e26ed8e2f7f062b4c259c38
2024-06-12,"Poringalkuthu, PLBE",0.6461,6.3111,0.5259,52.42,19,,,6,2,6,official_observed_reference,d54489cbf8d9251978101fa112bdc5973b73062d4e26ed8e2f7f062b4c259c38
2024-06-12,Sengulam,0.3742,3.908,0.3257,52.8,,,,4,,4,official_observed_reference,d54489cbf8d9251978101fa112bdc5973b73062d4e26ed8e2f7f062b4c259c38
2024-06-12,Kakkad,0.893,10.0859,0.8405,39,9,,,2,2,2,official_observed_reference,d54489cbf8d9251978101fa112bdc5973b73062d4e26ed8e2f7f062b4c259c38
2024-06-12,Kallada,0.1387,1.8108,0.1509,5.8,,,,2,1,1,official_observed_reference,d54489cbf8d9251978101fa112bdc5973b73062d4e26ed8e2f7f062b4c259c38
2024-06-12,Malankara,0.077,0.9028,0.0752,3.6,2,,,2,2,2,official_observed_reference,d54489cbf8d9251978101fa112bdc5973b73062d4e26ed8e2f7f062b4c259c38
2024-06-12,Maniyar,0.1659,1.8976,0.1581,,,,,3,2,3,official_observed_reference,d54489cbf8d9251978101fa112bdc5973b73062d4e26ed8e2f7f062b4c259c38
2024-06-12,Kuthungal,0.0451,0.6408,0.0534,6.2,13,,,3,,1,official_observed_reference,d54489cbf8d9251978101fa112bdc5973b73062d4e26ed8e2f7f062b4c259c38
2024-06-13,Idukki,7.63,134.864,10.3742,744,22,,,6,4,6,official_observed_reference,f28dba0f0775262c8b53fc938cc381264bee71642dcf5245a64afd6c9d928124
2024-06-13,Sabarigiri,6.1887,71.4575,5.4967,300.8,1,,,6,6,6,official_observed_reference,f28dba0f0775262c8b53fc938cc381264bee71642dcf5245a64afd6c9d928124
2024-06-13,Idamalayar,1.1387,13.1021,1.0079,52,6,,,2,2,2,official_observed_reference,f28dba0f0775262c8b53fc938cc381264bee71642dcf5245a64afd6c9d928124
2024-06-13,Sholayar,0.4717,7.8623,0.6048,54.4,17,,,3,,3,official_observed_reference,f28dba0f0775262c8b53fc938cc381264bee71642dcf5245a64afd6c9d928124
2024-06-13,Pallivasal,0.4824,6.244,0.4803,20.4,12,,2,4,4,4,official_observed_reference,f28dba0f0775262c8b53fc938cc381264bee71642dcf5245a64afd6c9d928124
2024-06-13,Kuttiadi,2.0564,20.5379,1.5798,188.2,21,1,,5,,5,official_observed_reference,f28dba0f0775262c8b53fc938cc381264bee71642dcf5245a64afd6c9d928124
2024-06-13,Panniar,0.3679,6.6847,0.5142,29.8,16,,,2,,2,official_observed_reference,f28dba0f0775262c8b53fc938cc381264bee71642dcf5245a64afd6c9d928124
2024-06-13,Neriamangalam,0.5657,9.4652,0.7281,45.6,21,,1,3,,3,official_observed_reference,f28dba0f0775262c8b53fc938cc381264bee71642dcf5245a64afd6c9d928124
2024-06-13,Lower Periyar,1.077,15.107,1.1621,160,19,,,3,,3,official_observed_reference,f28dba0f0775262c8b53fc938cc381264bee71642dcf5245a64afd6c9d928124
2024-06-13,"Poringalkuthu, PLBE",0.6465,6.9576,0.5352,52.34,21,,,6,1,6,official_observed_reference,f28dba0f0775262c8b53fc938cc381264bee71642dcf5245a64afd6c9d928124
2024-06-13,Sengulam,0.3455,4.2535,0.3272,52.4,21,,,4,,4,official_observed_reference,f28dba0f0775262c8b53fc938cc381264bee71642dcf5245a64afd6c9d928124
2024-06-13,Kakkad,0.88,10.9659,0.8435,37.9,2,,,2,2,2,official_observed_reference,f28dba0f0775262c8b53fc938cc381264bee71642dcf5245a64afd6c9d928124
2024-06-13,Kallada,0.139,1.9498,0.15,5.8,,,,2,1,1,official_observed_reference,f28dba0f0775262c8b53fc938cc381264bee71642dcf5245a64afd6c9d928124
2024-06-13,Malankara,0.0775,0.9803,0.0754,3.45,,,,2,2,2,official_observed_reference,f28dba0f0775262c8b53fc938cc381264bee71642dcf5245a64afd6c9d928124
2024-06-13,Maniyar,0.1527,2.0503,0.1577,,,,,3,2,3,official_observed_reference,f28dba0f0775262c8b53fc938cc381264bee71642dcf5245a64afd6c9d928124
2024-06-13,Kuthungal,0.0389,0.6797,0.0523,5.6,18,,,3,,1,official_observed_reference,f28dba0f0775262c8b53fc938cc381264bee71642dcf5245a64afd6c9d928124
2024-06-14,Idukki,8.634,143.498,10.2499,740,22,,,6,4,6,official_observed_reference,7434f1d7f5ae823147717c8c68fb5f6df9ead4594327e2423c3de336f107007c
2024-06-14,Sabarigiri,5.9572,77.4147,5.5296,300.8,4,,,6,6,6,official_observed_reference,7434f1d7f5ae823147717c8c68fb5f6df9ead4594327e2423c3de336f107007c
2024-06-14,Idamalayar,1.1507,14.2528,1.0181,51.6,,,,2,2,2,official_observed_reference,7434f1d7f5ae823147717c8c68fb5f6df9ead4594327e2423c3de336f107007c
2024-06-14,Sholayar,0.504,8.3663,0.5976,54.4,21,,,3,,3,official_observed_reference,7434f1d7f5ae823147717c8c68fb5f6df9ead4594327e2423c3de336f107007c
2024-06-14,Pallivasal,0.482,6.726,0.4804,20.4,7,,2,4,4,4,official_observed_reference,7434f1d7f5ae823147717c8c68fb5f6df9ead4594327e2423c3de336f107007c
2024-06-14,Kuttiadi,1.8697,22.4076,1.6005,191,22,1,,5,,5,official_observed_reference,7434f1d7f5ae823147717c8c68fb5f6df9ead4594327e2423c3de336f107007c
2024-06-14,Panniar,0.4293,7.114,0.5081,29.4,,,,2,1,2,official_observed_reference,7434f1d7f5ae823147717c8c68fb5f6df9ead4594327e2423c3de336f107007c
2024-06-14,Neriamangalam,0.7972,10.2624,0.733,45,19,,1,3,2,3,official_observed_reference,7434f1d7f5ae823147717c8c68fb5f6df9ead4594327e2423c3de336f107007c
2024-06-14,Lower Periyar,1.226,16.333,1.1666,158,22,,,3,,3,official_observed_reference,7434f1d7f5ae823147717c8c68fb5f6df9ead4594327e2423c3de336f107007c
2024-06-14,"Poringalkuthu, PLBE",0.7043,7.6619,0.5473,52.3,20,,,6,2,6,official_observed_reference,7434f1d7f5ae823147717c8c68fb5f6df9ead4594327e2423c3de336f107007c
2024-06-14,Sengulam,0.3165,4.57,0.3264,50.8,19,,,4,,4,official_observed_reference,7434f1d7f5ae823147717c8c68fb5f6df9ead4594327e2423c3de336f107007c
2024-06-14,Kakkad,0.8727,11.8387,0.8456,37.58,8,,,2,2,2,official_observed_reference,7434f1d7f5ae823147717c8c68fb5f6df9ead4594327e2423c3de336f107007c
2024-06-14,Kallada,0.1393,2.0891,0.1492,6,22,,,2,1,1,official_observed_reference,7434f1d7f5ae823147717c8c68fb5f6df9ead4594327e2423c3de336f107007c
2024-06-14,Malankara,0.0816,1.0619,0.0758,3.6,1,,,2,2,2,official_observed_reference,7434f1d7f5ae823147717c8c68fb5f6df9ead4594327e2423c3de336f107007c
2024-06-14,Maniyar,0.1444,2.1947,0.1568,,,,,3,2,3,official_observed_reference,7434f1d7f5ae823147717c8c68fb5f6df9ead4594327e2423c3de336f107007c
2024-06-14,Kuthungal,0.037,0.7167,0.0512,6.6,18,,,3,,2,official_observed_reference,7434f1d7f5ae823147717c8c68fb5f6df9ead4594327e2423c3de336f107007c
2024-06-15,Idukki,11.401,154.899,10.3266,746,23,,,6,4,6,official_observed_reference,da57640a48df5cd4bd37f5f261ed021997f6c6a4ee97fb7d60a4d0e827438ce8
2024-06-15,Sabarigiri,5.9884,83.4031,5.5602,300.8,4,,,6,6,6,official_observed_reference,da57640a48df5cd4bd37f5f261ed021997f6c6a4ee97fb7d60a4d0e827438ce8
2024-06-15,Idamalayar,1.1414,15.3942,1.0263,52.2,19,,,2,2,2,official_observed_reference,da57640a48df5cd4bd37f5f261ed021997f6c6a4ee97fb7d60a4d0e827438ce8
2024-06-15,Sholayar,0.3984,8.7647,0.5843,54.6,22,,,3,,3,official_observed_reference,da57640a48df5cd4bd37f5f261ed021997f6c6a4ee97fb7d60a4d0e827438ce8
2024-06-15,Pallivasal,0.4743,7.2003,0.48,20.2,6,,2,4,4,4,official_observed_reference,da57640a48df5cd4bd37f5f261ed021997f6c6a4ee97fb7d60a4d0e827438ce8
2024-06-15,Kuttiadi,1.8704,24.278,1.6185,193.4,23,1,,5,,5,official_observed_reference,da57640a48df5cd4bd37f5f261ed021997f6c6a4ee97fb7d60a4d0e827438ce8
2024-06-15,Panniar,0.5946,7.7086,0.5139,29.4,,,,2,1,2,official_observed_reference,da57640a48df5cd4bd37f5f261ed021997f6c6a4ee97fb7d60a4d0e827438ce8
2024-06-15,Neriamangalam,0.7023,10.9647,0.731,71.8,23,,1,3,1,3,official_observed_reference,da57640a48df5cd4bd37f5f261ed021997f6c6a4ee97fb7d60a4d0e827438ce8
2024-06-15,Lower Periyar,1.229,17.562,1.1708,160,1,,,3,,3,official_observed_reference,da57640a48df5cd4bd37f5f261ed021997f6c6a4ee97fb7d60a4d0e827438ce8
2024-06-15,"Poringalkuthu, PLBE",0.6088,8.2707,0.5514,52.04,18,,,6,2,6,official_observed_reference,da57640a48df5cd4bd37f5f261ed021997f6c6a4ee97fb7d60a4d0e827438ce8
2024-06-15,Sengulam,0.3408,4.9108,0.3274,51.4,21,,,4,,4,official_observed_reference,da57640a48df5cd4bd37f5f261ed021997f6c6a4ee97fb7d60a4d0e827438ce8
2024-06-15,Kakkad,0.8636,12.7023,0.8468,37.7,5,,,2,2,2,official_observed_reference,da57640a48df5cd4bd37f5f261ed021997f6c6a4ee97fb7d60a4d0e827438ce8
2024-06-15,Kallada,0.1393,2.2284,0.1486,6,15,,,2,1,1,official_observed_reference,da57640a48df5cd4bd37f5f261ed021997f6c6a4ee97fb7d60a4d0e827438ce8
2024-06-15,Malankara,0.0861,1.148,0.0765,4.35,9,,,2,1,1,official_observed_reference,da57640a48df5cd4bd37f5f261ed021997f6c6a4ee97fb7d60a4d0e827438ce8
2024-06-15,Maniyar,0.1293,2.324,0.1549,,,,,3,2,3,official_observed_reference,da57640a48df5cd4bd37f5f261ed021997f6c6a4ee97fb7d60a4d0e827438ce8
2024-06-15,Kuthungal,0.0336,0.7503,0.05,7.4,18,,,3,,1,official_observed_reference,da57640a48df5cd4bd37f5f261ed021997f6c6a4ee97fb7d60a4d0e827438ce8
2024-06-16,Idukki,10.969,165.868,10.3668,744,4,,,6,3,6,official_observed_reference,6cc3871d12713e05307ad5ddc61367ef30361e6c0fcee0527226cf66342d0cc8
2024-06-16,Sabarigiri,5.2821,88.6852,5.5428,301.2,22,,,6,1,6,official_observed_reference,6cc3871d12713e05307ad5ddc61367ef30361e6c0fcee0527226cf66342d0cc8
2024-06-16,Idamalayar,0.8411,16.2353,1.0147,54.2,2,,,2,,2,official_observed_reference,6cc3871d12713e05307ad5ddc61367ef30361e6c0fcee0527226cf66342d0cc8
2024-06-16,Sholayar,0.5577,9.3224,0.5827,54.4,21,,,3,,3,official_observed_reference,6cc3871d12713e05307ad5ddc61367ef30361e6c0fcee0527226cf66342d0cc8
2024-06-16,Pallivasal,0.4842,7.6845,0.4803,20.4,7,,2,4,4,4,official_observed_reference,6cc3871d12713e05307ad5ddc61367ef30361e6c0fcee0527226cf66342d0cc8
2024-06-16,Kuttiadi,2.629,26.907,1.6817,193.8,2,1,,5,,5,official_observed_reference,6cc3871d12713e05307ad5ddc61367ef30361e6c0fcee0527226cf66342d0cc8
2024-06-16,Panniar,0.6175,8.3261,0.5204,29.2,,,,2,1,2,official_observed_reference,6cc3871d12713e05307ad5ddc61367ef30361e6c0fcee0527226cf66342d0cc8
2024-06-16,Neriamangalam,0.8177,11.7824,0.7364,75.4,,,1,3,1,3,official_observed_reference,6cc3871d12713e05307ad5ddc61367ef30361e6c0fcee0527226cf66342d0cc8
2024-06-16,Lower Periyar,1.069,18.631,1.1644,168,20,,,3,,3,official_observed_reference,6cc3871d12713e05307ad5ddc61367ef30361e6c0fcee0527226cf66342d0cc8
2024-06-16,"Poringalkuthu, PLBE",0.6336,8.9044,0.5565,51.9,,,,6,,6,official_observed_reference,6cc3871d12713e05307ad5ddc61367ef30361e6c0fcee0527226cf66342d0cc8
2024-06-16,Sengulam,0.3043,5.2151,0.3259,51.2,22,,,4,,4,official_observed_reference,6cc3871d12713e05307ad5ddc61367ef30361e6c0fcee0527226cf66342d0cc8
2024-06-16,Kakkad,0.7619,13.4642,0.8415,37.16,6,,,2,1,2,official_observed_reference,6cc3871d12713e05307ad5ddc61367ef30361e6c0fcee0527226cf66342d0cc8
2024-06-16,Kallada,0.1392,2.3676,0.148,5.8,,,,2,,1,official_observed_reference,6cc3871d12713e05307ad5ddc61367ef30361e6c0fcee0527226cf66342d0cc8
2024-06-16,Malankara,0.0824,1.2303,0.0769,3.6,5,,,2,2,2,official_observed_reference,6cc3871d12713e05307ad5ddc61367ef30361e6c0fcee0527226cf66342d0cc8
2024-06-16,Maniyar,0.1155,2.4394,0.1525,,,,,3,2,3,official_observed_reference,6cc3871d12713e05307ad5ddc61367ef30361e6c0fcee0527226cf66342d0cc8
2024-06-16,Kuthungal,0.0283,0.7786,0.0487,7.2,18,,,3,,1,official_observed_reference,6cc3871d12713e05307ad5ddc61367ef30361e6c0fcee0527226cf66342d0cc8
2024-06-17,Idukki,12.541,178.409,10.4946,746,20,,,6,6,6,official_observed_reference,4d3491d1aefb06a8a6fef47d8b534faf23106476492d6699ac11d78a5bdfbcb8
2024-06-17,Sabarigiri,5.5511,94.2363,5.5433,301,1,,,6,6,6,official_observed_reference,4d3491d1aefb06a8a6fef47d8b534faf23106476492d6699ac11d78a5bdfbcb8
2024-06-17,Idamalayar,0.8524,17.0877,1.0052,51,20,,,2,2,2,official_observed_reference,4d3491d1aefb06a8a6fef47d8b534faf23106476492d6699ac11d78a5bdfbcb8
2024-06-17,Sholayar,0.4553,9.7777,0.5752,54.4,1,,,3,1,3,official_observed_reference,4d3491d1aefb06a8a6fef47d8b534faf23106476492d6699ac11d78a5bdfbcb8
2024-06-17,Pallivasal,0.4841,8.1686,0.4805,20.4,14,,2,4,4,4,official_observed_reference,4d3491d1aefb06a8a6fef47d8b534faf23106476492d6699ac11d78a5bdfbcb8
2024-06-17,Kuttiadi,2.4504,29.3574,1.7269,193.2,20,1,,5,2,5,official_observed_reference,4d3491d1aefb06a8a6fef47d8b534faf23106476492d6699ac11d78a5bdfbcb8
2024-06-17,Panniar,0.6132,8.9393,0.5258,29,1,,,2,2,2,official_observed_reference,4d3491d1aefb06a8a6fef47d8b534faf23106476492d6699ac11d78a5bdfbcb8
2024-06-17,Neriamangalam,0.7879,12.5703,0.7394,76.4,1,,1,3,1,3,official_observed_reference,4d3491d1aefb06a8a6fef47d8b534faf23106476492d6699ac11d78a5bdfbcb8
2024-06-17,Lower Periyar,1.157,19.788,1.164,164,20,,,3,,3,official_observed_reference,4d3491d1aefb06a8a6fef47d8b534faf23106476492d6699ac11d78a5bdfbcb8
2024-06-17,"Poringalkuthu, PLBE",0.4713,9.3756,0.5515,51.8,20,,,6,2,6,official_observed_reference,4d3491d1aefb06a8a6fef47d8b534faf23106476492d6699ac11d78a5bdfbcb8
2024-06-17,Sengulam,0.3141,5.5292,0.3252,51.2,22,,,4,,4,official_observed_reference,4d3491d1aefb06a8a6fef47d8b534faf23106476492d6699ac11d78a5bdfbcb8
2024-06-17,Kakkad,0.7865,14.2507,0.8383,37.32,4,,,2,2,2,official_observed_reference,4d3491d1aefb06a8a6fef47d8b534faf23106476492d6699ac11d78a5bdfbcb8
2024-06-17,Kallada,0.1389,2.5065,0.1474,5.8,,,,2,1,1,official_observed_reference,4d3491d1aefb06a8a6fef47d8b534faf23106476492d6699ac11d78a5bdfbcb8
2024-06-17,Malankara,0.0883,1.3186,0.0776,4.35,7,,,2,2,2,official_observed_reference,4d3491d1aefb06a8a6fef47d8b534faf23106476492d6699ac11d78a5bdfbcb8
2024-06-17,Maniyar,0.1191,2.5585,0.1505,,,,,3,2,3,official_observed_reference,4d3491d1aefb06a8a6fef47d8b534faf23106476492d6699ac11d78a5bdfbcb8
2024-06-17,Kuthungal,0.0258,0.8044,0.0473,7.2,19,,,3,,1,official_observed_reference,4d3491d1aefb06a8a6fef47d8b534faf23106476492d6699ac11d78a5bdfbcb8
2024-06-18,Idukki,12.301,190.71,10.595,748,3,,,6,6,6,official_observed_reference,3e6f3f69565783f36ca086cd5371237ca64de0335068c4d80c17448be2a553f3
2024-06-18,Sabarigiri,5.6474,99.8837,5.5491,300.8,19,,,6,6,6,official_observed_reference,3e6f3f69565783f36ca086cd5371237ca64de0335068c4d80c17448be2a553f3
2024-06-18,Idamalayar,1.1718,18.2595,1.0144,51,17,,,2,,2,official_observed_reference,3e6f3f69565783f36ca086cd5371237ca64de0335068c4d80c17448be2a553f3
2024-06-18,Sholayar,0.2483,10.026,0.557,54.4,19,,,3,,3,official_observed_reference,3e6f3f69565783f36ca086cd5371237ca64de0335068c4d80c17448be2a553f3
2024-06-18,Pallivasal,0.484,8.6526,0.4807,20.4,6,,2,4,,4,official_observed_reference,3e6f3f69565783f36ca086cd5371237ca64de0335068c4d80c17448be2a553f3
2024-06-18,Kuttiadi,2.3462,31.7036,1.7613,190.4,,1,,5,,5,official_observed_reference,3e6f3f69565783f36ca086cd5371237ca64de0335068c4d80c17448be2a553f3
2024-06-18,Panniar,0.689,9.6283,0.5349,29,,,,2,2,2,official_observed_reference,3e6f3f69565783f36ca086cd5371237ca64de0335068c4d80c17448be2a553f3
2024-06-18,Neriamangalam,0.8223,13.3926,0.744,74,,,1,3,1,3,official_observed_reference,3e6f3f69565783f36ca086cd5371237ca64de0335068c4d80c17448be2a553f3
2024-06-18,Lower Periyar,1.174,20.962,1.1646,162,,,,3,,2,official_observed_reference,3e6f3f69565783f36ca086cd5371237ca64de0335068c4d80c17448be2a553f3
2024-06-18,"Poringalkuthu, PLBE",0.4811,9.8567,0.5476,51.52,21,,,6,,6,official_observed_reference,3e6f3f69565783f36ca086cd5371237ca64de0335068c4d80c17448be2a553f3
2024-06-18,Sengulam,0.2935,5.8227,0.3235,50.4,23,,,4,,3,official_observed_reference,3e6f3f69565783f36ca086cd5371237ca64de0335068c4d80c17448be2a553f3
2024-06-18,Kakkad,0.8335,15.0843,0.838,37.12,2,,,2,2,2,official_observed_reference,3e6f3f69565783f36ca086cd5371237ca64de0335068c4d80c17448be2a553f3
2024-06-18,Kallada,0.1386,2.6451,0.147,5.8,,,,2,1,1,official_observed_reference,3e6f3f69565783f36ca086cd5371237ca64de0335068c4d80c17448be2a553f3
2024-06-18,Malankara,0.0779,1.3964,0.0776,3.45,,,,2,2,2,official_observed_reference,3e6f3f69565783f36ca086cd5371237ca64de0335068c4d80c17448be2a553f3
2024-06-18,Maniyar,0.1188,2.6773,0.1487,,,,,3,1,2,official_observed_reference,3e6f3f69565783f36ca086cd5371237ca64de0335068c4d80c17448be2a553f3
2024-06-18,Kuthungal,0.0266,0.831,0.0462,7.2,19,,,3,,1,official_observed_reference,3e6f3f69565783f36ca086cd5371237ca64de0335068c4d80c17448be2a553f3
2024-06-19,Idukki,8.868,199.578,10.5041,652,23,,,6,6,6,official_observed_reference,1f635c6be2eb5e541e7aee1b83d34cbc75ac6186724d092005f5f443abb75bf7
2024-06-19,Sabarigiri,5.6117,105.4954,5.5524,301.2,20,,,6,6,6,official_observed_reference,1f635c6be2eb5e541e7aee1b83d34cbc75ac6186724d092005f5f443abb75bf7
2024-06-19,Idamalayar,0.716,18.9755,0.9987,51,19,,,2,1,2,official_observed_reference,1f635c6be2eb5e541e7aee1b83d34cbc75ac6186724d092005f5f443abb75bf7
2024-06-19,Sholayar,0.3361,10.3621,0.5454,54.4,18,,,3,,3,official_observed_reference,1f635c6be2eb5e541e7aee1b83d34cbc75ac6186724d092005f5f443abb75bf7
2024-06-19,Pallivasal,0.4838,9.1364,0.4809,20.4,3,,2,4,4,4,official_observed_reference,1f635c6be2eb5e541e7aee1b83d34cbc75ac6186724d092005f5f443abb75bf7
2024-06-19,Kuttiadi,1.4681,33.1717,1.7459,183.8,19,1,,5,,5,official_observed_reference,1f635c6be2eb5e541e7aee1b83d34cbc75ac6186724d092005f5f443abb75bf7
2024-06-19,Panniar,0.5235,10.1518,0.5343,28.8,1,,,2,1,2,official_observed_reference,1f635c6be2eb5e541e7aee1b83d34cbc75ac6186724d092005f5f443abb75bf7
2024-06-19,Neriamangalam,0.7415,14.1341,0.7439,59.4,1,,1,3,2,2,official_observed_reference,1f635c6be2eb5e541e7aee1b83d34cbc75ac6186724d092005f5f443abb75bf7
2024-06-19,Lower Periyar,1.386,22.348,1.1762,162,19,,,3,,3,official_observed_reference,1f635c6be2eb5e541e7aee1b83d34cbc75ac6186724d092005f5f443abb75bf7
2024-06-19,"Poringalkuthu, PLBE",0.4821,10.3389,0.5442,51.78,19,,,6,1,6,official_observed_reference,1f635c6be2eb5e541e7aee1b83d34cbc75ac6186724d092005f5f443abb75bf7
2024-06-19,Sengulam,0.2897,6.1124,0.3217,50.4,,,,4,,3,official_observed_reference,1f635c6be2eb5e541e7aee1b83d34cbc75ac6186724d092005f5f443abb75bf7
2024-06-19,Kakkad,0.8778,15.9621,0.8401,37.82,23,,,2,2,2,official_observed_reference,1f635c6be2eb5e541e7aee1b83d34cbc75ac6186724d092005f5f443abb75bf7
2024-06-19,Kallada,0.1388,2.7839,0.1465,5.8,,,,2,,1,official_observed_reference,1f635c6be2eb5e541e7aee1b83d34cbc75ac6186724d092005f5f443abb75bf7
2024-06-19,Malankara,0.0758,1.4723,0.0775,3.6,17,,,2,2,2,official_observed_reference,1f635c6be2eb5e541e7aee1b83d34cbc75ac6186724d092005f5f443abb75bf7
2024-06-19,Maniyar,0.1905,2.8679,0.1509,,,,,3,2,3,official_observed_reference,1f635c6be2eb5e541e7aee1b83d34cbc75ac6186724d092005f5f443abb75bf7
2024-06-19,Kuthungal,0.0323,0.8633,0.0454,7.2,19,,,3,1,2,official_observed_reference,1f635c6be2eb5e541e7aee1b83d34cbc75ac6186724d092005f5f443abb75bf7
2024-06-20,Idukki,6.441,206.019,10.301,638,20,,,6,4,6,official_observed_reference,587c5eda61fb31cd52a5ef29e9174f2ebb7a70c8cad8149b0532977c7c00b5d5
2024-06-20,Sabarigiri,5.6129,111.1083,5.5554,300.6,16,,,6,6,6,official_observed_reference,587c5eda61fb31cd52a5ef29e9174f2ebb7a70c8cad8149b0532977c7c00b5d5
2024-06-20,Idamalayar,1.1648,20.1403,1.007,51,1,,,2,2,2,official_observed_reference,587c5eda61fb31cd52a5ef29e9174f2ebb7a70c8cad8149b0532977c7c00b5d5
2024-06-20,Sholayar,0.3111,10.6732,0.5337,54.6,22,,,3,,3,official_observed_reference,587c5eda61fb31cd52a5ef29e9174f2ebb7a70c8cad8149b0532977c7c00b5d5
2024-06-20,Pallivasal,0.4839,9.6203,0.481,20.4,7,,2,4,4,4,official_observed_reference,587c5eda61fb31cd52a5ef29e9174f2ebb7a70c8cad8149b0532977c7c00b5d5
2024-06-20,Kuttiadi,1.7533,34.925,1.7463,190,19,1,,5,1,5,official_observed_reference,587c5eda61fb31cd52a5ef29e9174f2ebb7a70c8cad8149b0532977c7c00b5d5
2024-06-20,Panniar,0.1951,10.3469,0.5173,28.6,18,,,2,,2,official_observed_reference,587c5eda61fb31cd52a5ef29e9174f2ebb7a70c8cad8149b0532977c7c00b5d5
2024-06-20,Neriamangalam,0.8626,14.9967,0.7498,75.6,23,,1,3,2,3,official_observed_reference,587c5eda61fb31cd52a5ef29e9174f2ebb7a70c8cad8149b0532977c7c00b5d5
2024-06-20,Lower Periyar,1.124,23.472,1.1736,160,22,,,3,,3,official_observed_reference,587c5eda61fb31cd52a5ef29e9174f2ebb7a70c8cad8149b0532977c7c00b5d5
2024-06-20,"Poringalkuthu, PLBE",0.5194,10.8582,0.5429,51.94,23,,,6,1,6,official_observed_reference,587c5eda61fb31cd52a5ef29e9174f2ebb7a70c8cad8149b0532977c7c00b5d5
2024-06-20,Sengulam,0.4001,6.5125,0.3256,51.2,19,,,4,1,4,official_observed_reference,587c5eda61fb31cd52a5ef29e9174f2ebb7a70c8cad8149b0532977c7c00b5d5
2024-06-20,Kakkad,0.8958,16.8578,0.8429,38.18,19,,,2,2,2,official_observed_reference,587c5eda61fb31cd52a5ef29e9174f2ebb7a70c8cad8149b0532977c7c00b5d5
2024-06-20,Kallada,0.1388,2.9227,0.1461,5.8,,,,2,1,1,official_observed_reference,587c5eda61fb31cd52a5ef29e9174f2ebb7a70c8cad8149b0532977c7c00b5d5
2024-06-20,Malankara,0.0834,1.5557,0.0778,3.6,,,,2,2,2,official_observed_reference,587c5eda61fb31cd52a5ef29e9174f2ebb7a70c8cad8149b0532977c7c00b5d5
2024-06-20,Maniyar,0.1979,3.0658,0.1533,,,,,3,2,3,official_observed_reference,587c5eda61fb31cd52a5ef29e9174f2ebb7a70c8cad8149b0532977c7c00b5d5
2024-06-20,Kuthungal,0.0465,0.9098,0.0455,7.2,21,,,3,,2,official_observed_reference,587c5eda61fb31cd52a5ef29e9174f2ebb7a70c8cad8149b0532977c7c00b5d5
2024-06-21,Idukki,7.842,213.861,10.1839,622,23,,,6,5,5,official_observed_reference,e8e1cbc348974cc823748f79f1fa89c23fb1c5431301a77617e6dc7439b61408
2024-06-21,Sabarigiri,5.4571,116.5654,5.5507,301.4,19,,,6,6,6,official_observed_reference,e8e1cbc348974cc823748f79f1fa89c23fb1c5431301a77617e6dc7439b61408
2024-06-21,Idamalayar,1.1714,21.3117,1.0148,51.6,7,,,2,2,2,official_observed_reference,e8e1cbc348974cc823748f79f1fa89c23fb1c5431301a77617e6dc7439b61408
2024-06-21,Sholayar,0.304,10.9772,0.5227,54.4,21,,,3,,3,official_observed_reference,e8e1cbc348974cc823748f79f1fa89c23fb1c5431301a77617e6dc7439b61408
2024-06-21,Pallivasal,0.4612,10.0815,0.4801,20.4,5,,2,4,4,4,official_observed_reference,e8e1cbc348974cc823748f79f1fa89c23fb1c5431301a77617e6dc7439b61408
2024-06-21,Kuttiadi,1.3404,36.2654,1.7269,193,,1,,5,,5,official_observed_reference,e8e1cbc348974cc823748f79f1fa89c23fb1c5431301a77617e6dc7439b61408
2024-06-21,Panniar,0.2783,10.6252,0.506,28.8,20,,,2,,2,official_observed_reference,e8e1cbc348974cc823748f79f1fa89c23fb1c5431301a77617e6dc7439b61408
2024-06-21,Neriamangalam,0.5799,15.5766,0.7417,75.8,22,,,4,,4,official_observed_reference,e8e1cbc348974cc823748f79f1fa89c23fb1c5431301a77617e6dc7439b61408
2024-06-21,Lower Periyar,1.35,24.822,1.182,162,,,,3,,3,official_observed_reference,e8e1cbc348974cc823748f79f1fa89c23fb1c5431301a77617e6dc7439b61408
2024-06-21,"Poringalkuthu, PLBE",0.5522,11.4104,0.5434,52.12,19,,,6,1,6,official_observed_reference,e8e1cbc348974cc823748f79f1fa89c23fb1c5431301a77617e6dc7439b61408
2024-06-21,Sengulam,0.2953,6.8078,0.3242,51.6,21,,,4,,4,official_observed_reference,e8e1cbc348974cc823748f79f1fa89c23fb1c5431301a77617e6dc7439b61408
2024-06-21,Kakkad,0.894,17.7518,0.8453,38.72,6,,,2,2,2,official_observed_reference,e8e1cbc348974cc823748f79f1fa89c23fb1c5431301a77617e6dc7439b61408
2024-06-21,Kallada,0.139,3.0617,0.1458,5.8,,,,2,1,2,official_observed_reference,e8e1cbc348974cc823748f79f1fa89c23fb1c5431301a77617e6dc7439b61408
2024-06-21,Malankara,0.0806,1.6363,0.0779,3.6,,,,2,2,2,official_observed_reference,e8e1cbc348974cc823748f79f1fa89c23fb1c5431301a77617e6dc7439b61408
2024-06-21,Maniyar,0.2055,3.2712,0.1558,,,,,3,3,3,official_observed_reference,e8e1cbc348974cc823748f79f1fa89c23fb1c5431301a77617e6dc7439b61408
2024-06-21,Kuthungal,0.0495,0.9593,0.0457,6.4,19,,,3,,1,official_observed_reference,e8e1cbc348974cc823748f79f1fa89c23fb1c5431301a77617e6dc7439b61408
2024-06-22,Idukki,7.373,221.234,10.0561,630,23,,,6,4,6,official_observed_reference,896aa3128f39b9768a789e4f351c4ca3e2a85f77e04deda0569aa70d9f99e4e0
2024-06-22,Sabarigiri,5.7512,122.3166,5.5598,301,21,,,6,6,6,official_observed_reference,896aa3128f39b9768a789e4f351c4ca3e2a85f77e04deda0569aa70d9f99e4e0
2024-06-22,Idamalayar,1.0271,22.3388,1.0154,50.6,4,,,2,2,2,official_observed_reference,896aa3128f39b9768a789e4f351c4ca3e2a85f77e04deda0569aa70d9f99e4e0
2024-06-22,Sholayar,0.3392,11.3164,0.5144,54.6,20,,,3,,3,official_observed_reference,896aa3128f39b9768a789e4f351c4ca3e2a85f77e04deda0569aa70d9f99e4e0
2024-06-22,Pallivasal,0.4841,10.5656,0.4803,20.4,7,,2,4,4,4,official_observed_reference,896aa3128f39b9768a789e4f351c4ca3e2a85f77e04deda0569aa70d9f99e4e0
2024-06-22,Kuttiadi,1.1583,37.4237,1.7011,194.8,19,1,,5,,5,official_observed_reference,896aa3128f39b9768a789e4f351c4ca3e2a85f77e04deda0569aa70d9f99e4e0
2024-06-22,Panniar,0.4005,11.0257,0.5012,28.8,,,,2,,2,official_observed_reference,896aa3128f39b9768a789e4f351c4ca3e2a85f77e04deda0569aa70d9f99e4e0
2024-06-22,Neriamangalam,0.8164,16.393,0.7451,75.6,19,,,4,1,4,official_observed_reference,896aa3128f39b9768a789e4f351c4ca3e2a85f77e04deda0569aa70d9f99e4e0
2024-06-22,Lower Periyar,1.678,26.5,1.2045,160,21,,,3,1,3,official_observed_reference,896aa3128f39b9768a789e4f351c4ca3e2a85f77e04deda0569aa70d9f99e4e0
2024-06-22,"Poringalkuthu, PLBE",0.6279,12.0384,0.5472,52.08,23,,,6,1,6,official_observed_reference,896aa3128f39b9768a789e4f351c4ca3e2a85f77e04deda0569aa70d9f99e4e0
2024-06-22,Sengulam,0.291,7.0988,0.3227,51,20,,,4,,4,official_observed_reference,896aa3128f39b9768a789e4f351c4ca3e2a85f77e04deda0569aa70d9f99e4e0
2024-06-22,Kakkad,0.8854,18.6371,0.8471,37.62,,,,2,2,2,official_observed_reference,896aa3128f39b9768a789e4f351c4ca3e2a85f77e04deda0569aa70d9f99e4e0
2024-06-22,Kallada,0.1392,3.2009,0.1455,5.8,,,,2,1,2,official_observed_reference,896aa3128f39b9768a789e4f351c4ca3e2a85f77e04deda0569aa70d9f99e4e0
2024-06-22,Malankara,0.0783,1.7146,0.0779,3.6,,,,2,,1,official_observed_reference,896aa3128f39b9768a789e4f351c4ca3e2a85f77e04deda0569aa70d9f99e4e0
2024-06-22,Maniyar,0.1844,3.4556,0.1571,,,,,3,3,3,official_observed_reference,896aa3128f39b9768a789e4f351c4ca3e2a85f77e04deda0569aa70d9f99e4e0
2024-06-22,Kuthungal,0.043,1.0023,0.0456,7,18,,,3,,,official_observed_reference,896aa3128f39b9768a789e4f351c4ca3e2a85f77e04deda0569aa70d9f99e4e0
2024-06-23,Idukki,5.999,227.233,9.8797,632,,1,,5,2,5,official_observed_reference,8edcece5f7a0b374231ff10ab03b21b221716769744d003615b0636721aaed78
2024-06-23,Sabarigiri,3.7282,126.0448,5.4802,296,22,,,6,5,6,official_observed_reference,8edcece5f7a0b374231ff10ab03b21b221716769744d003615b0636721aaed78
2024-06-23,Idamalayar,0.9478,23.2866,1.0125,50.8,20,,,2,2,2,official_observed_reference,8edcece5f7a0b374231ff10ab03b21b221716769744d003615b0636721aaed78
2024-06-23,Sholayar,0.1821,11.4985,0.4999,54.4,,,,3,,3,official_observed_reference,8edcece5f7a0b374231ff10ab03b21b221716769744d003615b0636721aaed78
2024-06-23,Pallivasal,0.4849,11.0505,0.4805,20.4,3,,2,4,4,4,official_observed_reference,8edcece5f7a0b374231ff10ab03b21b221716769744d003615b0636721aaed78
2024-06-23,Kuttiadi,1.3602,38.7839,1.6863,191.4,21,1,,5,,5,official_observed_reference,8edcece5f7a0b374231ff10ab03b21b221716769744d003615b0636721aaed78
2024-06-23,Panniar,0.0536,11.0793,0.4817,28.6,1,,,2,,,official_observed_reference,8edcece5f7a0b374231ff10ab03b21b221716769744d003615b0636721aaed78
2024-06-23,Neriamangalam,0.8696,17.2626,0.7505,76,23,,,4,,4,official_observed_reference,8edcece5f7a0b374231ff10ab03b21b221716769744d003615b0636721aaed78
2024-06-23,Lower Periyar,1.7,28.2,1.2261,158,,,,3,,3,official_observed_reference,8edcece5f7a0b374231ff10ab03b21b221716769744d003615b0636721aaed78
2024-06-23,"Poringalkuthu, PLBE",0.5851,12.6235,0.5488,52.44,22,,,6,1,6,official_observed_reference,8edcece5f7a0b374231ff10ab03b21b221716769744d003615b0636721aaed78
2024-06-23,Sengulam,0.3805,7.4793,0.3252,50.4,19,,,4,,4,official_observed_reference,8edcece5f7a0b374231ff10ab03b21b221716769744d003615b0636721aaed78
2024-06-23,Kakkad,0.6204,19.2575,0.8373,37.3,2,,,2,2,2,official_observed_reference,8edcece5f7a0b374231ff10ab03b21b221716769744d003615b0636721aaed78
2024-06-23,Kallada,0.1395,3.3404,0.1452,6,8,,,2,1,1,official_observed_reference,8edcece5f7a0b374231ff10ab03b21b221716769744d003615b0636721aaed78
2024-06-23,Malankara,0.0738,1.7884,0.0778,3.6,,,,2,2,2,official_observed_reference,8edcece5f7a0b374231ff10ab03b21b221716769744d003615b0636721aaed78
2024-06-23,Maniyar,0.1476,3.6032,0.1567,,,,,3,2,3,official_observed_reference,8edcece5f7a0b374231ff10ab03b21b221716769744d003615b0636721aaed78
2024-06-23,Kuthungal,0.0753,1.0776,0.0469,7.4,21,,,3,1,2,official_observed_reference,8edcece5f7a0b374231ff10ab03b21b221716769744d003615b0636721aaed78
2024-06-24,Idukki,5.763,232.996,9.7082,630,22,1,,5,3,5,official_observed_reference,1a737599f18c333ac5d6977bb45f670f1708675e4659f3a1a928f7488029decc
2024-06-24,Sabarigiri,4.4958,130.5406,5.4392,300.8,,,,6,6,6,official_observed_reference,1a737599f18c333ac5d6977bb45f670f1708675e4659f3a1a928f7488029decc
2024-06-24,Idamalayar,1.0889,24.3755,1.0156,51.8,1,,,2,2,2,official_observed_reference,1a737599f18c333ac5d6977bb45f670f1708675e4659f3a1a928f7488029decc
2024-06-24,Sholayar,0.0694,11.5679,0.482,36.4,23,,,3,,,official_observed_reference,1a737599f18c333ac5d6977bb45f670f1708675e4659f3a1a928f7488029decc
2024-06-24,Pallivasal,0.4843,11.5348,0.4806,20.4,7,,2,4,4,4,official_observed_reference,1a737599f18c333ac5d6977bb45f670f1708675e4659f3a1a928f7488029decc
2024-06-24,Kuttiadi,1.7134,40.4973,1.6874,198,21,1,,5,,5,official_observed_reference,1a737599f18c333ac5d6977bb45f670f1708675e4659f3a1a928f7488029decc
2024-06-24,Panniar,0.1311,11.2104,0.4671,29,21,,,2,,2,official_observed_reference,1a737599f18c333ac5d6977bb45f670f1708675e4659f3a1a928f7488029decc
2024-06-24,Neriamangalam,0.9096,18.1722,0.7572,76.2,19,,,4,1,4,official_observed_reference,1a737599f18c333ac5d6977bb45f670f1708675e4659f3a1a928f7488029decc
2024-06-24,Lower Periyar,2.036,30.236,1.2598,162,22,,,3,1,3,official_observed_reference,1a737599f18c333ac5d6977bb45f670f1708675e4659f3a1a928f7488029decc
2024-06-24,"Poringalkuthu, PLBE",1.2504,13.8739,0.5781,52.66,14,,,6,6,6,official_observed_reference,1a737599f18c333ac5d6977bb45f670f1708675e4659f3a1a928f7488029decc
2024-06-24,Sengulam,0.3894,7.8687,0.3279,50.2,23,,,4,1,4,official_observed_reference,1a737599f18c333ac5d6977bb45f670f1708675e4659f3a1a928f7488029decc
2024-06-24,Kakkad,0.8099,20.0674,0.8361,39.12,23,,,2,2,2,official_observed_reference,1a737599f18c333ac5d6977bb45f670f1708675e4659f3a1a928f7488029decc
2024-06-24,Kallada,0.1403,3.4807,0.145,6,,,,2,,1,official_observed_reference,1a737599f18c333ac5d6977bb45f670f1708675e4659f3a1a928f7488029decc
2024-06-24,Malankara,0.0765,1.8649,0.0777,3.6,,,,2,2,2,official_observed_reference,1a737599f18c333ac5d6977bb45f670f1708675e4659f3a1a928f7488029decc
2024-06-24,Maniyar,0.188,3.7913,0.158,,,,,3,3,3,official_observed_reference,1a737599f18c333ac5d6977bb45f670f1708675e4659f3a1a928f7488029decc
2024-06-24,Kuthungal,0.0887,1.1663,0.0486,7.2,19,,,3,2,2,official_observed_reference,1a737599f18c333ac5d6977bb45f670f1708675e4659f3a1a928f7488029decc
2024-06-25,Idukki,5.825,238.821,9.5528,614,,1,,5,2,5,official_observed_reference,fba2850ef4d06b511f52e1044a25deb53bd717fb3f65320a898fe6d8821a1689
2024-06-25,Sabarigiri,4.8769,135.4175,5.4167,301.2,16,,,6,6,6,official_observed_reference,fba2850ef4d06b511f52e1044a25deb53bd717fb3f65320a898fe6d8821a1689
2024-06-25,Idamalayar,0.7913,25.1668,1.0067,51.4,22,,,2,1,2,official_observed_reference,fba2850ef4d06b511f52e1044a25deb53bd717fb3f65320a898fe6d8821a1689
2024-06-25,Sholayar,0.0927,11.6606,0.4664,36.4,,,,3,,2,official_observed_reference,fba2850ef4d06b511f52e1044a25deb53bd717fb3f65320a898fe6d8821a1689
2024-06-25,Pallivasal,0.4847,12.0195,0.4808,20.4,8,,2,4,4,4,official_observed_reference,fba2850ef4d06b511f52e1044a25deb53bd717fb3f65320a898fe6d8821a1689
2024-06-25,Kuttiadi,1.4967,41.994,1.6798,192.2,,1,,5,,4,official_observed_reference,fba2850ef4d06b511f52e1044a25deb53bd717fb3f65320a898fe6d8821a1689
2024-06-25,Panniar,0.0901,11.3005,0.452,29.2,18,,,2,,2,official_observed_reference,fba2850ef4d06b511f52e1044a25deb53bd717fb3f65320a898fe6d8821a1689
2024-06-25,Neriamangalam,1.3961,19.5683,0.7827,77.8,20,,,4,3,4,official_observed_reference,fba2850ef4d06b511f52e1044a25deb53bd717fb3f65320a898fe6d8821a1689
2024-06-25,Lower Periyar,3.236,33.472,1.3389,162,,,,3,3,3,official_observed_reference,fba2850ef4d06b511f52e1044a25deb53bd717fb3f65320a898fe6d8821a1689
2024-06-25,"Poringalkuthu, PLBE",1.2669,15.1408,0.6056,54.18,22,,,6,6,6,official_observed_reference,fba2850ef4d06b511f52e1044a25deb53bd717fb3f65320a898fe6d8821a1689
2024-06-25,Sengulam,0.5492,8.4179,0.3367,50,,,,4,,4,official_observed_reference,fba2850ef4d06b511f52e1044a25deb53bd717fb3f65320a898fe6d8821a1689
2024-06-25,Kakkad,0.9253,20.9927,0.8397,40.02,21,,,2,2,2,official_observed_reference,fba2850ef4d06b511f52e1044a25deb53bd717fb3f65320a898fe6d8821a1689
2024-06-25,Kallada,0.1417,3.6224,0.1449,6,,,,2,1,1,official_observed_reference,fba2850ef4d06b511f52e1044a25deb53bd717fb3f65320a898fe6d8821a1689
2024-06-25,Malankara,0.0759,1.9408,0.0776,3.6,,,,2,1,1,official_observed_reference,fba2850ef4d06b511f52e1044a25deb53bd717fb3f65320a898fe6d8821a1689
2024-06-25,Maniyar,0.2007,3.992,0.1597,,,,,3,3,3,official_observed_reference,fba2850ef4d06b511f52e1044a25deb53bd717fb3f65320a898fe6d8821a1689
2024-06-25,Kuthungal,0.1763,1.3426,0.0537,17,22,,,3,1,3,official_observed_reference,fba2850ef4d06b511f52e1044a25deb53bd717fb3f65320a898fe6d8821a1689
2024-06-26,Idukki,5.311,244.132,9.3897,604,19,1,,5,1,5,official_observed_reference,a3afe108f3bfb17640d2680dc7e14b8dca30deff7420d0bea76121eeb9a62a05
2024-06-26,Sabarigiri,3.5532,138.9707,5.345,300.8,,,,6,,6,official_observed_reference,a3afe108f3bfb17640d2680dc7e14b8dca30deff7420d0bea76121eeb9a62a05
2024-06-26,Idamalayar,1.1171,26.2839,1.0109,53.6,16,,,2,2,2,official_observed_reference,a3afe108f3bfb17640d2680dc7e14b8dca30deff7420d0bea76121eeb9a62a05
2024-06-26,Sholayar,0.0442,11.7048,0.4502,32.2,20,,,3,,2,official_observed_reference,a3afe108f3bfb17640d2680dc7e14b8dca30deff7420d0bea76121eeb9a62a05
2024-06-26,Pallivasal,0.4864,12.5059,0.481,20.4,3,,2,4,4,4,official_observed_reference,a3afe108f3bfb17640d2680dc7e14b8dca30deff7420d0bea76121eeb9a62a05
2024-06-26,Kuttiadi,2.2445,44.2385,1.7015,194,22,1,,5,2,5,official_observed_reference,a3afe108f3bfb17640d2680dc7e14b8dca30deff7420d0bea76121eeb9a62a05
2024-06-26,Panniar,0.0135,11.314,0.4352,15.2,20,,,2,,1,official_observed_reference,a3afe108f3bfb17640d2680dc7e14b8dca30deff7420d0bea76121eeb9a62a05
2024-06-26,Neriamangalam,1.8125,21.3808,0.8223,77.4,2,,,4,4,4,official_observed_reference,a3afe108f3bfb17640d2680dc7e14b8dca30deff7420d0bea76121eeb9a62a05
2024-06-26,Lower Periyar,3.934,37.406,1.4387,168,3,,,3,3,3,official_observed_reference,a3afe108f3bfb17640d2680dc7e14b8dca30deff7420d0bea76121eeb9a62a05
2024-06-26,"Poringalkuthu, PLBE",1.3045,16.4453,0.6325,55.54,14,,,6,6,6,official_observed_reference,a3afe108f3bfb17640d2680dc7e14b8dca30deff7420d0bea76121eeb9a62a05
2024-06-26,Sengulam,0.5165,8.9344,0.3436,51,22,,,4,4,2,official_observed_reference,a3afe108f3bfb17640d2680dc7e14b8dca30deff7420d0bea76121eeb9a62a05
2024-06-26,Kakkad,0.9258,21.9185,0.843,40.2,23,,,2,2,2,official_observed_reference,a3afe108f3bfb17640d2680dc7e14b8dca30deff7420d0bea76121eeb9a62a05
2024-06-26,Kallada,0.1452,3.7676,0.1449,6.2,9,,,2,1,1,official_observed_reference,a3afe108f3bfb17640d2680dc7e14b8dca30deff7420d0bea76121eeb9a62a05
2024-06-26,Malankara,0.0698,2.0106,0.0773,3.6,,,,2,1,1,official_observed_reference,a3afe108f3bfb17640d2680dc7e14b8dca30deff7420d0bea76121eeb9a62a05
2024-06-26,Maniyar,0.1754,4.1674,0.1603,,,,,3,3,3,official_observed_reference,a3afe108f3bfb17640d2680dc7e14b8dca30deff7420d0bea76121eeb9a62a05
2024-06-26,Kuthungal,0.4172,1.7598,0.0677,20.8,11,,,3,3,3,official_observed_reference,a3afe108f3bfb17640d2680dc7e14b8dca30deff7420d0bea76121eeb9a62a05
2024-06-27,Idukki,5.326,249.458,9.2392,580,21,1,,5,2,4,official_observed_reference,17dabe2ed79610cec915a9b0f752476a6cd6bfe87d5351b5cd568317ddb7c70e
2024-06-27,Sabarigiri,3.9199,142.8906,5.2922,300.6,21,,,6,2,6,official_observed_reference,17dabe2ed79610cec915a9b0f752476a6cd6bfe87d5351b5cd568317ddb7c70e
2024-06-27,Idamalayar,1.055,27.3389,1.0126,53.6,18,,,2,2,2,official_observed_reference,17dabe2ed79610cec915a9b0f752476a6cd6bfe87d5351b5cd568317ddb7c70e
2024-06-27,Sholayar,0.1427,11.8475,0.4388,36.2,19,,,3,,2,official_observed_reference,17dabe2ed79610cec915a9b0f752476a6cd6bfe87d5351b5cd568317ddb7c70e
2024-06-27,Pallivasal,0.4459,12.9518,0.4797,20.6,20,,2,4,4,4,official_observed_reference,17dabe2ed79610cec915a9b0f752476a6cd6bfe87d5351b5cd568317ddb7c70e
2024-06-27,Kuttiadi,2.8689,47.1074,1.7447,194.2,11,1,,5,1,5,official_observed_reference,17dabe2ed79610cec915a9b0f752476a6cd6bfe87d5351b5cd568317ddb7c70e
2024-06-27,Panniar,0.0878,11.4018,0.4223,30.4,20,,,2,,2,official_observed_reference,17dabe2ed79610cec915a9b0f752476a6cd6bfe87d5351b5cd568317ddb7c70e
2024-06-27,Neriamangalam,1.8126,23.1934,0.859,77.4,21,,,4,4,4,official_observed_reference,17dabe2ed79610cec915a9b0f752476a6cd6bfe87d5351b5cd568317ddb7c70e
2024-06-27,Lower Periyar,3.94,41.346,1.5313,168,3,,,3,3,3,official_observed_reference,17dabe2ed79610cec915a9b0f752476a6cd6bfe87d5351b5cd568317ddb7c70e
2024-06-27,"Poringalkuthu, PLBE",1.3089,17.7542,0.6576,55.14,21,,,6,6,6,official_observed_reference,17dabe2ed79610cec915a9b0f752476a6cd6bfe87d5351b5cd568317ddb7c70e
2024-06-27,Sengulam,0.3115,9.2459,0.3424,50.8,,,,4,,4,official_observed_reference,17dabe2ed79610cec915a9b0f752476a6cd6bfe87d5351b5cd568317ddb7c70e
2024-06-27,Kakkad,0.8864,22.8049,0.8446,40.08,,,,2,2,2,official_observed_reference,17dabe2ed79610cec915a9b0f752476a6cd6bfe87d5351b5cd568317ddb7c70e
2024-06-27,Kallada,0.1496,3.9172,0.1451,6.4,8,,,2,1,1,official_observed_reference,17dabe2ed79610cec915a9b0f752476a6cd6bfe87d5351b5cd568317ddb7c70e
2024-06-27,Malankara,0.0692,2.0798,0.077,3.45,,,,2,2,2,official_observed_reference,17dabe2ed79610cec915a9b0f752476a6cd6bfe87d5351b5cd568317ddb7c70e
2024-06-27,Maniyar,0.1626,4.33,0.1604,,,,,3,3,3,official_observed_reference,17dabe2ed79610cec915a9b0f752476a6cd6bfe87d5351b5cd568317ddb7c70e
2024-06-27,Kuthungal,0.3636,2.1234,0.0786,20.6,5,,,3,3,2,official_observed_reference,17dabe2ed79610cec915a9b0f752476a6cd6bfe87d5351b5cd568317ddb7c70e
2024-06-28,Idukki,5.693,255.151,9.1125,624,21,1,,5,2,5,official_observed_reference,d26120fc16c3c89b1c170d0a7412d71a8c7004e22de06ca10326bd36f9b9809c
2024-06-28,Sabarigiri,4.3866,147.2772,5.2599,300.4,23,,,6,4,6,official_observed_reference,d26120fc16c3c89b1c170d0a7412d71a8c7004e22de06ca10326bd36f9b9809c
2024-06-28,Idamalayar,0.6761,28.015,1.0005,52,,,,2,1,1,official_observed_reference,d26120fc16c3c89b1c170d0a7412d71a8c7004e22de06ca10326bd36f9b9809c
2024-06-28,Sholayar,0.5664,12.4139,0.4434,36.4,8,,,3,,2,official_observed_reference,d26120fc16c3c89b1c170d0a7412d71a8c7004e22de06ca10326bd36f9b9809c
2024-06-28,Pallivasal,0.4872,13.439,0.48,20.6,6,,2,4,4,4,official_observed_reference,d26120fc16c3c89b1c170d0a7412d71a8c7004e22de06ca10326bd36f9b9809c
2024-06-28,Kuttiadi,3.755,50.8624,1.8165,197.8,20,1,,5,5,5,official_observed_reference,d26120fc16c3c89b1c170d0a7412d71a8c7004e22de06ca10326bd36f9b9809c
2024-06-28,Panniar,0.0637,11.4655,0.4095,29.8,18,,,2,,2,official_observed_reference,d26120fc16c3c89b1c170d0a7412d71a8c7004e22de06ca10326bd36f9b9809c
2024-06-28,Neriamangalam,1.7647,24.9581,0.8914,77.4,9,,,4,4,4,official_observed_reference,d26120fc16c3c89b1c170d0a7412d71a8c7004e22de06ca10326bd36f9b9809c
2024-06-28,Lower Periyar,3.936,45.282,1.6172,168,,,,3,3,3,official_observed_reference,d26120fc16c3c89b1c170d0a7412d71a8c7004e22de06ca10326bd36f9b9809c
2024-06-28,"Poringalkuthu, PLBE",1.3079,19.0622,0.6808,55.14,14,,,6,6,6,official_observed_reference,d26120fc16c3c89b1c170d0a7412d71a8c7004e22de06ca10326bd36f9b9809c
2024-06-28,Sengulam,0.4189,9.6648,0.3452,52,20,,,4,1,4,official_observed_reference,d26120fc16c3c89b1c170d0a7412d71a8c7004e22de06ca10326bd36f9b9809c
2024-06-28,Kakkad,0.8912,23.6961,0.8463,39.06,1,,,2,2,2,official_observed_reference,d26120fc16c3c89b1c170d0a7412d71a8c7004e22de06ca10326bd36f9b9809c
2024-06-28,Kallada,0.1524,4.0696,0.1453,6.4,,,,2,1,1,official_observed_reference,d26120fc16c3c89b1c170d0a7412d71a8c7004e22de06ca10326bd36f9b9809c
2024-06-28,Malankara,0.0701,2.1499,0.0768,3.45,1,,,2,2,2,official_observed_reference,d26120fc16c3c89b1c170d0a7412d71a8c7004e22de06ca10326bd36f9b9809c
2024-06-28,Maniyar,0.1964,4.5264,0.1617,,,,,3,3,3,official_observed_reference,d26120fc16c3c89b1c170d0a7412d71a8c7004e22de06ca10326bd36f9b9809c
2024-06-28,Kuthungal,0.1815,2.3049,0.0823,10.2,14,,,3,2,2,official_observed_reference,d26120fc16c3c89b1c170d0a7412d71a8c7004e22de06ca10326bd36f9b9809c
2024-06-29,Idukki,5.126,260.277,8.9751,626,22,1,,5,2,5,official_observed_reference,7fa2209c3be1543ce7ad55d83351fdda70e6a9233399789111534562002c9ab8
2024-06-29,Sabarigiri,4.1673,151.4445,5.2222,297,21,,,6,4,6,official_observed_reference,7fa2209c3be1543ce7ad55d83351fdda70e6a9233399789111534562002c9ab8
2024-06-29,Idamalayar,0.3691,28.3841,0.9788,28.4,20,,,2,1,1,official_observed_reference,7fa2209c3be1543ce7ad55d83351fdda70e6a9233399789111534562002c9ab8
2024-06-29,Sholayar,0.8691,13.283,0.458,36.4,8,,,3,2,2,official_observed_reference,7fa2209c3be1543ce7ad55d83351fdda70e6a9233399789111534562002c9ab8
2024-06-29,Pallivasal,0.4855,13.9245,0.4802,20.4,,,2,4,4,4,official_observed_reference,7fa2209c3be1543ce7ad55d83351fdda70e6a9233399789111534562002c9ab8
2024-06-29,Kuttiadi,3.9393,54.8017,1.8897,196,22,1,,5,5,5,official_observed_reference,7fa2209c3be1543ce7ad55d83351fdda70e6a9233399789111534562002c9ab8
2024-06-29,Panniar,0.1043,11.5698,0.399,31,19,,,2,,2,official_observed_reference,7fa2209c3be1543ce7ad55d83351fdda70e6a9233399789111534562002c9ab8
2024-06-29,Neriamangalam,1.8146,26.7727,0.9232,77.6,22,,,4,4,4,official_observed_reference,7fa2209c3be1543ce7ad55d83351fdda70e6a9233399789111534562002c9ab8
2024-06-29,Lower Periyar,3.899,49.181,1.6959,166,,,,3,3,3,official_observed_reference,7fa2209c3be1543ce7ad55d83351fdda70e6a9233399789111534562002c9ab8
2024-06-29,"Poringalkuthu, PLBE",1.3124,20.3745,0.7026,55,21,,,6,5,6,official_observed_reference,7fa2209c3be1543ce7ad55d83351fdda70e6a9233399789111534562002c9ab8
2024-06-29,Sengulam,0.3825,10.0473,0.3465,50,20,,,4,1,4,official_observed_reference,7fa2209c3be1543ce7ad55d83351fdda70e6a9233399789111534562002c9ab8
2024-06-29,Kakkad,0.8055,24.5016,0.8449,38.46,1,,,2,2,2,official_observed_reference,7fa2209c3be1543ce7ad55d83351fdda70e6a9233399789111534562002c9ab8
2024-06-29,Kallada,0.1542,4.2238,0.1456,6.6,9,,,2,1,1,official_observed_reference,7fa2209c3be1543ce7ad55d83351fdda70e6a9233399789111534562002c9ab8
2024-06-29,Malankara,0.0728,2.2227,0.0766,3.45,11,,,2,2,2,official_observed_reference,7fa2209c3be1543ce7ad55d83351fdda70e6a9233399789111534562002c9ab8
2024-06-29,Maniyar,0.2005,4.7269,0.163,,,,,3,3,3,official_observed_reference,7fa2209c3be1543ce7ad55d83351fdda70e6a9233399789111534562002c9ab8
2024-06-29,Kuthungal,0.1366,2.4415,0.0842,6.4,7,,,3,1,1,official_observed_reference,7fa2209c3be1543ce7ad55d83351fdda70e6a9233399789111534562002c9ab8
2024-06-30,Idukki,5.145,265.422,8.8474,628,,1,,5,3,5,official_observed_reference,e87cde3cd4a0a56fe3869f5167c49f2cd6aea961dcee3d34db655f60ff27123c
2024-06-30,Sabarigiri,3.3604,154.8049,5.1602,300.4,21,,,6,3,6,official_observed_reference,e87cde3cd4a0a56fe3869f5167c49f2cd6aea961dcee3d34db655f60ff27123c
2024-06-30,Idamalayar,0.3694,28.7535,0.9585,29.8,19,,,2,1,2,official_observed_reference,e87cde3cd4a0a56fe3869f5167c49f2cd6aea961dcee3d34db655f60ff27123c
2024-06-30,Sholayar,0.4737,13.7567,0.4586,36.4,18,1,,2,1,2,official_observed_reference,e87cde3cd4a0a56fe3869f5167c49f2cd6aea961dcee3d34db655f60ff27123c
2024-06-30,Pallivasal,0.4855,14.41,0.4803,20.4,,,2,4,4,4,official_observed_reference,e87cde3cd4a0a56fe3869f5167c49f2cd6aea961dcee3d34db655f60ff27123c
2024-06-30,Kuttiadi,2.8274,57.6291,1.921,197,19,1,,5,4,5,official_observed_reference,e87cde3cd4a0a56fe3869f5167c49f2cd6aea961dcee3d34db655f60ff27123c
2024-06-30,Panniar,0.1552,11.725,0.3908,30.8,20,,,2,,2,official_observed_reference,e87cde3cd4a0a56fe3869f5167c49f2cd6aea961dcee3d34db655f60ff27123c
2024-06-30,Neriamangalam,1.8109,28.5836,0.9528,77.4,6,,,4,4,4,official_observed_reference,e87cde3cd4a0a56fe3869f5167c49f2cd6aea961dcee3d34db655f60ff27123c
2024-06-30,Lower Periyar,3.639,52.82,1.7607,168,,,,3,3,3,official_observed_reference,e87cde3cd4a0a56fe3869f5167c49f2cd6aea961dcee3d34db655f60ff27123c
2024-06-30,"Poringalkuthu, PLBE",1.3121,21.6866,0.7229,54.92,14,,,6,5,6,official_observed_reference,e87cde3cd4a0a56fe3869f5167c49f2cd6aea961dcee3d34db655f60ff27123c
2024-06-30,Sengulam,0.2699,10.3172,0.3439,52,23,,,4,1,4,official_observed_reference,e87cde3cd4a0a56fe3869f5167c49f2cd6aea961dcee3d34db655f60ff27123c
2024-06-30,Kakkad,0.6321,25.1337,0.8378,37.8,1,,,2,2,2,official_observed_reference,e87cde3cd4a0a56fe3869f5167c49f2cd6aea961dcee3d34db655f60ff27123c
2024-06-30,Kallada,0.1557,4.3795,0.146,6.6,1,,,2,1,2,official_observed_reference,e87cde3cd4a0a56fe3869f5167c49f2cd6aea961dcee3d34db655f60ff27123c
2024-06-30,Malankara,0.0794,2.3021,0.0767,3.6,9,,,2,1,1,official_observed_reference,e87cde3cd4a0a56fe3869f5167c49f2cd6aea961dcee3d34db655f60ff27123c
2024-06-30,Maniyar,0.1657,4.8926,0.1631,,,,,3,3,3,official_observed_reference,e87cde3cd4a0a56fe3869f5167c49f2cd6aea961dcee3d34db655f60ff27123c
2024-06-30,Kuthungal,0.1167,2.5582,0.0853,6,7,,,3,1,1,official_observed_reference,e87cde3cd4a0a56fe3869f5167c49f2cd6aea961dcee3d34db655f60ff27123c
2024-07-01,Idukki,8.966,8.966,8.966,618,1,1,,5,5,5,official_observed_reference,d2687781a8a3b9299bb53e3faca55a635b4a74adb2aa3ba7657746601ede7282
2024-07-01,Sabarigiri,5.6257,5.6257,5.6257,300.8,19,,,6,6,6,official_observed_reference,d2687781a8a3b9299bb53e3faca55a635b4a74adb2aa3ba7657746601ede7282
2024-07-01,Idamalayar,0.4459,0.4459,0.4459,30.2,18,1,,1,1,1,official_observed_reference,d2687781a8a3b9299bb53e3faca55a635b4a74adb2aa3ba7657746601ede7282
2024-07-01,Sholayar,0.4513,0.4513,0.4513,36.4,2,1,,2,,2,official_observed_reference,d2687781a8a3b9299bb53e3faca55a635b4a74adb2aa3ba7657746601ede7282
2024-07-01,Pallivasal,0.4852,0.4852,0.4852,20.4,1,,2,4,4,4,official_observed_reference,d2687781a8a3b9299bb53e3faca55a635b4a74adb2aa3ba7657746601ede7282
2024-07-01,Kuttiadi,4.3272,4.3272,4.3272,193.6,1,1,,5,5,5,official_observed_reference,d2687781a8a3b9299bb53e3faca55a635b4a74adb2aa3ba7657746601ede7282
2024-07-01,Panniar,0.5167,0.5167,0.5167,30.8,,,,2,1,2,official_observed_reference,d2687781a8a3b9299bb53e3faca55a635b4a74adb2aa3ba7657746601ede7282
2024-07-01,Neriamangalam,1.8086,1.8086,1.8086,77.4,7,,,4,4,4,official_observed_reference,d2687781a8a3b9299bb53e3faca55a635b4a74adb2aa3ba7657746601ede7282
2024-07-01,Lower Periyar,3.119,3.119,3.119,162,22,,,3,3,3,official_observed_reference,d2687781a8a3b9299bb53e3faca55a635b4a74adb2aa3ba7657746601ede7282
2024-07-01,"Poringalkuthu, PLBE",1.3137,1.3137,1.3137,55.26,12,,,6,6,6,official_observed_reference,d2687781a8a3b9299bb53e3faca55a635b4a74adb2aa3ba7657746601ede7282
2024-07-01,Sengulam,0.3889,0.3889,0.3889,51.4,1,,,4,,4,official_observed_reference,d2687781a8a3b9299bb53e3faca55a635b4a74adb2aa3ba7657746601ede7282
2024-07-01,Kakkad,0.8913,0.8913,0.8913,38.06,23,,,2,2,2,official_observed_reference,d2687781a8a3b9299bb53e3faca55a635b4a74adb2aa3ba7657746601ede7282
2024-07-01,Kallada,0.1569,0.1569,0.1569,6.6,,,,2,1,1,official_observed_reference,d2687781a8a3b9299bb53e3faca55a635b4a74adb2aa3ba7657746601ede7282
2024-07-01,Malankara,0.0745,0.0745,0.0745,3.45,,,,2,2,2,official_observed_reference,d2687781a8a3b9299bb53e3faca55a635b4a74adb2aa3ba7657746601ede7282
2024-07-01,Maniyar,0.1833,0.1833,0.1833,,,,,3,3,3,official_observed_reference,d2687781a8a3b9299bb53e3faca55a635b4a74adb2aa3ba7657746601ede7282
2024-07-01,Kuthungal,0.0992,0.0992,0.0992,4.8,1,,,3,1,1,official_observed_reference,d2687781a8a3b9299bb53e3faca55a635b4a74adb2aa3ba7657746601ede7282
2024-07-02,Idukki,8.691,17.657,8.8285,632,19,1,,5,5,5,official_observed_reference,7b91dcad4a2baa5c30eac7a62e04a96fd3cc9b2e5701eafc912551c9ed145fe9
2024-07-02,Sabarigiri,5.4726,11.0983,5.5492,300.8,19,,,6,6,6,official_observed_reference,7b91dcad4a2baa5c30eac7a62e04a96fd3cc9b2e5701eafc912551c9ed145fe9
2024-07-02,Idamalayar,0.692,1.1379,0.569,30.4,4,1,,1,1,1,official_observed_reference,7b91dcad4a2baa5c30eac7a62e04a96fd3cc9b2e5701eafc912551c9ed145fe9
2024-07-02,Sholayar,0.2248,0.6761,0.3381,36.4,19,1,,2,,2,official_observed_reference,7b91dcad4a2baa5c30eac7a62e04a96fd3cc9b2e5701eafc912551c9ed145fe9
2024-07-02,Pallivasal,0.4851,0.9703,0.4852,20.4,4,,2,4,4,4,official_observed_reference,7b91dcad4a2baa5c30eac7a62e04a96fd3cc9b2e5701eafc912551c9ed145fe9
2024-07-02,Kuttiadi,3.6675,7.9947,3.9974,196.4,19,1,,5,5,5,official_observed_reference,7b91dcad4a2baa5c30eac7a62e04a96fd3cc9b2e5701eafc912551c9ed145fe9
2024-07-02,Panniar,0.5487,1.0654,0.5327,30.8,1,,,2,1,1,official_observed_reference,7b91dcad4a2baa5c30eac7a62e04a96fd3cc9b2e5701eafc912551c9ed145fe9
2024-07-02,Neriamangalam,1.7186,3.5272,1.7636,77.2,10,,,4,4,4,official_observed_reference,7b91dcad4a2baa5c30eac7a62e04a96fd3cc9b2e5701eafc912551c9ed145fe9
2024-07-02,Lower Periyar,2.932,6.051,3.0255,166,21,,,3,3,3,official_observed_reference,7b91dcad4a2baa5c30eac7a62e04a96fd3cc9b2e5701eafc912551c9ed145fe9
2024-07-02,"Poringalkuthu, PLBE",1.3104,2.6241,1.312,54.84,6,,,6,6,6,official_observed_reference,7b91dcad4a2baa5c30eac7a62e04a96fd3cc9b2e5701eafc912551c9ed145fe9
2024-07-02,Sengulam,0.3311,0.72,0.36,51.2,,,,4,,4,official_observed_reference,7b91dcad4a2baa5c30eac7a62e04a96fd3cc9b2e5701eafc912551c9ed145fe9
2024-07-02,Kakkad,0.8856,1.777,0.8885,38.46,2,,,2,2,2,official_observed_reference,7b91dcad4a2baa5c30eac7a62e04a96fd3cc9b2e5701eafc912551c9ed145fe9
2024-07-02,Kallada,0.1577,0.3146,0.1573,6.6,,,,2,1,1,official_observed_reference,7b91dcad4a2baa5c30eac7a62e04a96fd3cc9b2e5701eafc912551c9ed145fe9
2024-07-02,Malankara,0.0751,0.1496,0.0748,3.45,1,,,2,2,2,official_observed_reference,7b91dcad4a2baa5c30eac7a62e04a96fd3cc9b2e5701eafc912551c9ed145fe9
2024-07-02,Maniyar,0.1677,0.351,0.1755,,,,,3,2,3,official_observed_reference,7b91dcad4a2baa5c30eac7a62e04a96fd3cc9b2e5701eafc912551c9ed145fe9
2024-07-02,Kuthungal,0.076,0.1752,0.0876,4,,,,3,1,1,official_observed_reference,7b91dcad4a2baa5c30eac7a62e04a96fd3cc9b2e5701eafc912551c9ed145fe9
2024-07-03,Idukki,8.816,26.473,8.8243,628,1,1,,5,4,5,official_observed_reference,ae1613c7d473dfa6b4732a1ffc45c459fa1f6ed22ee4cb0a2897cdb6bc72da66
2024-07-03,Sabarigiri,6.0493,17.1476,5.7159,300.6,20,,,6,6,6,official_observed_reference,ae1613c7d473dfa6b4732a1ffc45c459fa1f6ed22ee4cb0a2897cdb6bc72da66
2024-07-03,Idamalayar,0.6818,1.8197,0.6066,30,6,1,,1,1,1,official_observed_reference,ae1613c7d473dfa6b4732a1ffc45c459fa1f6ed22ee4cb0a2897cdb6bc72da66
2024-07-03,Sholayar,0.2221,0.8982,0.2994,36.4,,1,,2,,2,official_observed_reference,ae1613c7d473dfa6b4732a1ffc45c459fa1f6ed22ee4cb0a2897cdb6bc72da66
2024-07-03,Pallivasal,0.485,1.4553,0.4851,20.4,1,,2,4,4,4,official_observed_reference,ae1613c7d473dfa6b4732a1ffc45c459fa1f6ed22ee4cb0a2897cdb6bc72da66
2024-07-03,Kuttiadi,4.1249,12.1196,4.0399,195.8,6,1,,5,5,5,official_observed_reference,ae1613c7d473dfa6b4732a1ffc45c459fa1f6ed22ee4cb0a2897cdb6bc72da66
2024-07-03,Panniar,0.5692,1.6346,0.5449,30.8,,,,2,1,2,official_observed_reference,ae1613c7d473dfa6b4732a1ffc45c459fa1f6ed22ee4cb0a2897cdb6bc72da66
2024-07-03,Neriamangalam,1.6565,5.1837,1.7279,70.8,1,,,4,4,4,official_observed_reference,ae1613c7d473dfa6b4732a1ffc45c459fa1f6ed22ee4cb0a2897cdb6bc72da66
2024-07-03,Lower Periyar,2.642,8.693,2.8977,160,19,,,3,3,3,official_observed_reference,ae1613c7d473dfa6b4732a1ffc45c459fa1f6ed22ee4cb0a2897cdb6bc72da66
2024-07-03,"Poringalkuthu, PLBE",1.307,3.9311,1.3104,54.72,3,,,6,6,6,official_observed_reference,ae1613c7d473dfa6b4732a1ffc45c459fa1f6ed22ee4cb0a2897cdb6bc72da66
2024-07-03,Sengulam,0.3828,1.1028,0.3676,51.2,1,,,4,1,4,official_observed_reference,ae1613c7d473dfa6b4732a1ffc45c459fa1f6ed22ee4cb0a2897cdb6bc72da66
2024-07-03,Kakkad,0.8516,2.6285,0.8762,38.24,19,,,2,2,2,official_observed_reference,ae1613c7d473dfa6b4732a1ffc45c459fa1f6ed22ee4cb0a2897cdb6bc72da66
2024-07-03,Kallada,0.1985,0.5131,0.171,15.2,17,,,2,1,2,official_observed_reference,ae1613c7d473dfa6b4732a1ffc45c459fa1f6ed22ee4cb0a2897cdb6bc72da66
2024-07-03,Malankara,0.0767,0.2263,0.0754,3.45,3,,,2,2,2,official_observed_reference,ae1613c7d473dfa6b4732a1ffc45c459fa1f6ed22ee4cb0a2897cdb6bc72da66
2024-07-03,Maniyar,0.1612,0.5122,0.1707,,,,,3,2,3,official_observed_reference,ae1613c7d473dfa6b4732a1ffc45c459fa1f6ed22ee4cb0a2897cdb6bc72da66
2024-07-03,Kuthungal,0.0816,0.2568,0.0856,7.2,10,,,3,1,2,official_observed_reference,ae1613c7d473dfa6b4732a1ffc45c459fa1f6ed22ee4cb0a2897cdb6bc72da66
2024-07-04,Idukki,7.292,33.765,8.4413,624,20,1,,5,4,5,official_observed_reference,ee1197395c09506b72ef115cd4dc7b8f9922c683d4b7473ffb07e3a22d1a4a21
2024-07-04,Sabarigiri,4.7114,21.859,5.4648,305.6,,,,6,6,6,official_observed_reference,ee1197395c09506b72ef115cd4dc7b8f9922c683d4b7473ffb07e3a22d1a4a21
2024-07-04,Idamalayar,0.6911,2.5108,0.6277,30.2,14,1,,1,1,1,official_observed_reference,ee1197395c09506b72ef115cd4dc7b8f9922c683d4b7473ffb07e3a22d1a4a21
2024-07-04,Sholayar,0.2091,1.1073,0.2768,36.2,19,1,,2,,2,official_observed_reference,ee1197395c09506b72ef115cd4dc7b8f9922c683d4b7473ffb07e3a22d1a4a21
2024-07-04,Pallivasal,0.4848,1.9401,0.485,20.4,4,,2,4,4,4,official_observed_reference,ee1197395c09506b72ef115cd4dc7b8f9922c683d4b7473ffb07e3a22d1a4a21
2024-07-04,Kuttiadi,3.6897,15.8093,3.9523,194.8,21,1,,5,4,5,official_observed_reference,ee1197395c09506b72ef115cd4dc7b8f9922c683d4b7473ffb07e3a22d1a4a21
2024-07-04,Panniar,0.7354,2.37,0.5925,30.8,,,,2,2,2,official_observed_reference,ee1197395c09506b72ef115cd4dc7b8f9922c683d4b7473ffb07e3a22d1a4a21
2024-07-04,Neriamangalam,1.6532,6.8369,1.7092,72,5,,,4,4,4,official_observed_reference,ee1197395c09506b72ef115cd4dc7b8f9922c683d4b7473ffb07e3a22d1a4a21
2024-07-04,Lower Periyar,2.858,11.551,2.8878,166,4,,,3,2,3,official_observed_reference,ee1197395c09506b72ef115cd4dc7b8f9922c683d4b7473ffb07e3a22d1a4a21
2024-07-04,"Poringalkuthu, PLBE",1.3026,5.2337,1.3084,54.8,9,,,6,6,6,official_observed_reference,ee1197395c09506b72ef115cd4dc7b8f9922c683d4b7473ffb07e3a22d1a4a21
2024-07-04,Sengulam,0.3834,1.4862,0.3716,52,22,,,4,1,4,official_observed_reference,ee1197395c09506b72ef115cd4dc7b8f9922c683d4b7473ffb07e3a22d1a4a21
2024-07-04,Kakkad,0.5979,3.2265,0.8066,39.2,23,,1,1,1,1,official_observed_reference,ee1197395c09506b72ef115cd4dc7b8f9922c683d4b7473ffb07e3a22d1a4a21
2024-07-04,Kallada,0.2916,0.8047,0.2012,12.4,,,,2,2,2,official_observed_reference,ee1197395c09506b72ef115cd4dc7b8f9922c683d4b7473ffb07e3a22d1a4a21
2024-07-04,Malankara,0.0764,0.3026,0.0757,3.6,23,,,2,2,2,official_observed_reference,ee1197395c09506b72ef115cd4dc7b8f9922c683d4b7473ffb07e3a22d1a4a21
2024-07-04,Maniyar,0.1232,0.6354,0.1588,,,,,3,2,2,official_observed_reference,ee1197395c09506b72ef115cd4dc7b8f9922c683d4b7473ffb07e3a22d1a4a21
2024-07-04,Kuthungal,0.0657,0.3225,0.0806,6.4,9,,,3,,1,official_observed_reference,ee1197395c09506b72ef115cd4dc7b8f9922c683d4b7473ffb07e3a22d1a4a21
2024-07-05,Idukki,9.355,43.12,8.624,616,1,1,,5,5,5,official_observed_reference,7121caf36a6310c99e41d550625d8886b6e24fd33af05dbd218735bc7549eca4
2024-07-05,Sabarigiri,5.939,27.798,5.5596,300.8,6,,,6,6,6,official_observed_reference,7121caf36a6310c99e41d550625d8886b6e24fd33af05dbd218735bc7549eca4
2024-07-05,Idamalayar,0.678,3.1888,0.6378,30.4,19,1,,1,1,1,official_observed_reference,7121caf36a6310c99e41d550625d8886b6e24fd33af05dbd218735bc7549eca4
2024-07-05,Sholayar,0.2317,1.339,0.2678,36.4,,1,,2,,2,official_observed_reference,7121caf36a6310c99e41d550625d8886b6e24fd33af05dbd218735bc7549eca4
2024-07-05,Pallivasal,0.4848,2.4249,0.485,20.4,8,,2,4,4,4,official_observed_reference,7121caf36a6310c99e41d550625d8886b6e24fd33af05dbd218735bc7549eca4
2024-07-05,Kuttiadi,3.8546,19.6639,3.9328,193.6,20,1,,5,5,5,official_observed_reference,7121caf36a6310c99e41d550625d8886b6e24fd33af05dbd218735bc7549eca4
2024-07-05,Panniar,0.7305,3.1005,0.6201,31,6,,,2,2,2,official_observed_reference,7121caf36a6310c99e41d550625d8886b6e24fd33af05dbd218735bc7549eca4
2024-07-05,Neriamangalam,1.6416,8.4785,1.6957,70.6,14,,,4,4,4,official_observed_reference,7121caf36a6310c99e41d550625d8886b6e24fd33af05dbd218735bc7549eca4
2024-07-05,Lower Periyar,2.434,13.985,2.797,160,22,,,3,2,3,official_observed_reference,7121caf36a6310c99e41d550625d8886b6e24fd33af05dbd218735bc7549eca4
2024-07-05,"Poringalkuthu, PLBE",1.2799,6.5137,1.3027,54.4,,,,6,5,6,official_observed_reference,7121caf36a6310c99e41d550625d8886b6e24fd33af05dbd218735bc7549eca4
2024-07-05,Sengulam,0.2801,1.7663,0.3533,51,23,,,4,1,3,official_observed_reference,7121caf36a6310c99e41d550625d8886b6e24fd33af05dbd218735bc7549eca4
2024-07-05,Kakkad,0.925,4.1515,0.8303,38.98,,,,2,2,2,official_observed_reference,7121caf36a6310c99e41d550625d8886b6e24fd33af05dbd218735bc7549eca4
2024-07-05,Kallada,0.2896,1.0943,0.2189,12.6,9,,,2,2,2,official_observed_reference,7121caf36a6310c99e41d550625d8886b6e24fd33af05dbd218735bc7549eca4
2024-07-05,Malankara,0.0755,0.3782,0.0756,3.6,3,,,2,1,1,official_observed_reference,7121caf36a6310c99e41d550625d8886b6e24fd33af05dbd218735bc7549eca4
2024-07-05,Maniyar,0.1652,0.8006,0.1601,,,,,3,2,3,official_observed_reference,7121caf36a6310c99e41d550625d8886b6e24fd33af05dbd218735bc7549eca4
2024-07-05,Kuthungal,0.0609,0.3834,0.0767,5.2,11,,,3,,1,official_observed_reference,7121caf36a6310c99e41d550625d8886b6e24fd33af05dbd218735bc7549eca4
2024-07-06,Idukki,6.581,49.701,8.2835,622,21,1,,5,5,5,official_observed_reference,551f46a01248361429ae95208b60ae6a5250017ea6e973e5eac55f0a778bbfe6
2024-07-06,Sabarigiri,4.6809,32.4789,5.4132,300.6,20,,,6,5,6,official_observed_reference,551f46a01248361429ae95208b60ae6a5250017ea6e973e5eac55f0a778bbfe6
2024-07-06,Idamalayar,0.6705,3.8593,0.6432,31,,1,,1,1,1,official_observed_reference,551f46a01248361429ae95208b60ae6a5250017ea6e973e5eac55f0a778bbfe6
2024-07-06,Sholayar,0.4467,1.7857,0.2976,36.4,2,1,,2,,2,official_observed_reference,551f46a01248361429ae95208b60ae6a5250017ea6e973e5eac55f0a778bbfe6
2024-07-06,Pallivasal,0.4849,2.9098,0.485,20.4,3,,2,4,4,4,official_observed_reference,551f46a01248361429ae95208b60ae6a5250017ea6e973e5eac55f0a778bbfe6
2024-07-06,Kuttiadi,3.3118,22.9757,3.8293,192.6,22,1,,5,5,5,official_observed_reference,551f46a01248361429ae95208b60ae6a5250017ea6e973e5eac55f0a778bbfe6
2024-07-06,Panniar,0.4832,3.5837,0.5973,30.4,,,,2,1,2,official_observed_reference,551f46a01248361429ae95208b60ae6a5250017ea6e973e5eac55f0a778bbfe6
2024-07-06,Neriamangalam,1.3669,9.8454,1.6409,69.8,1,,,4,4,4,official_observed_reference,551f46a01248361429ae95208b60ae6a5250017ea6e973e5eac55f0a778bbfe6
2024-07-06,Lower Periyar,2.255,16.24,2.7067,162,,,,3,2,3,official_observed_reference,551f46a01248361429ae95208b60ae6a5250017ea6e973e5eac55f0a778bbfe6
2024-07-06,"Poringalkuthu, PLBE",1.2881,7.8018,1.3003,54.22,,,,6,5,6,official_observed_reference,551f46a01248361429ae95208b60ae6a5250017ea6e973e5eac55f0a778bbfe6
2024-07-06,Sengulam,0.4581,2.2244,0.3707,51,,,,4,1,4,official_observed_reference,551f46a01248361429ae95208b60ae6a5250017ea6e973e5eac55f0a778bbfe6
2024-07-06,Kakkad,0.7979,4.9493,0.8249,38.2,,,,2,2,2,official_observed_reference,551f46a01248361429ae95208b60ae6a5250017ea6e973e5eac55f0a778bbfe6
2024-07-06,Kallada,0.2911,1.3854,0.2309,12.4,13,,,2,1,2,official_observed_reference,551f46a01248361429ae95208b60ae6a5250017ea6e973e5eac55f0a778bbfe6
2024-07-06,Malankara,0.0711,0.4493,0.0749,3.45,8,,,2,2,2,official_observed_reference,551f46a01248361429ae95208b60ae6a5250017ea6e973e5eac55f0a778bbfe6
2024-07-06,Maniyar,0.1444,0.945,0.1575,,,,,3,2,3,official_observed_reference,551f46a01248361429ae95208b60ae6a5250017ea6e973e5eac55f0a778bbfe6
2024-07-06,Kuthungal,0.0556,0.439,0.0732,6,11,,,3,,1,official_observed_reference,551f46a01248361429ae95208b60ae6a5250017ea6e973e5eac55f0a778bbfe6
2024-07-07,Idukki,7.218,56.919,8.1313,628,20,1,,5,4,5,official_observed_reference,4af977e710003b13640373d50d463f82b7e9e711d1b462c656c799f9eb4f101d
2024-07-07,Sabarigiri,4.2821,36.761,5.2516,300.6,,,,6,5,6,official_observed_reference,4af977e710003b13640373d50d463f82b7e9e711d1b462c656c799f9eb4f101d
2024-07-07,Idamalayar,0.6589,4.5182,0.6455,30.8,21,1,,1,1,1,official_observed_reference,4af977e710003b13640373d50d463f82b7e9e711d1b462c656c799f9eb4f101d
2024-07-07,Sholayar,0.2037,1.9894,0.2842,36.4,23,1,,2,,2,official_observed_reference,4af977e710003b13640373d50d463f82b7e9e711d1b462c656c799f9eb4f101d
2024-07-07,Pallivasal,0.4848,3.3946,0.4849,20.4,9,,2,4,4,4,official_observed_reference,4af977e710003b13640373d50d463f82b7e9e711d1b462c656c799f9eb4f101d
2024-07-07,Kuttiadi,2.7878,25.7635,3.6805,192.4,19,1,,5,5,5,official_observed_reference,4af977e710003b13640373d50d463f82b7e9e711d1b462c656c799f9eb4f101d
2024-07-07,Panniar,0.3727,3.9564,0.5652,30.2,18,,,2,1,2,official_observed_reference,4af977e710003b13640373d50d463f82b7e9e711d1b462c656c799f9eb4f101d
2024-07-07,Neriamangalam,1.1961,11.0415,1.5774,71.2,22,,,4,4,4,official_observed_reference,4af977e710003b13640373d50d463f82b7e9e711d1b462c656c799f9eb4f101d
2024-07-07,Lower Periyar,1.625,17.865,2.5521,162,23,,,3,1,3,official_observed_reference,4af977e710003b13640373d50d463f82b7e9e711d1b462c656c799f9eb4f101d
2024-07-07,"Poringalkuthu, PLBE",1.2745,9.0762,1.2966,54.02,20,,,6,6,6,official_observed_reference,4af977e710003b13640373d50d463f82b7e9e711d1b462c656c799f9eb4f101d
2024-07-07,Sengulam,0.2976,2.522,0.3603,51.2,,,,4,,3,official_observed_reference,4af977e710003b13640373d50d463f82b7e9e711d1b462c656c799f9eb4f101d
2024-07-07,Kakkad,0.6674,5.6167,0.8024,36.36,5,,,2,2,2,official_observed_reference,4af977e710003b13640373d50d463f82b7e9e711d1b462c656c799f9eb4f101d
2024-07-07,Kallada,0.2921,1.6775,0.2396,12.4,14,,,2,,2,official_observed_reference,4af977e710003b13640373d50d463f82b7e9e711d1b462c656c799f9eb4f101d
2024-07-07,Malankara,0.0786,0.5279,0.0754,3.6,,,,2,2,2,official_observed_reference,4af977e710003b13640373d50d463f82b7e9e711d1b462c656c799f9eb4f101d
2024-07-07,Maniyar,0.1198,1.0647,0.1521,,,,,3,2,2,official_observed_reference,4af977e710003b13640373d50d463f82b7e9e711d1b462c656c799f9eb4f101d
2024-07-07,Kuthungal,0.0584,0.4974,0.0711,6.8,18,,,3,,1,official_observed_reference,4af977e710003b13640373d50d463f82b7e9e711d1b462c656c799f9eb4f101d
2024-07-08,Idukki,8.41,65.329,8.1661,626,20,1,,5,4,5,official_observed_reference,d9e5e1a6ec263f08e84f8d960cff702db2e09bcb0b427c32a48b43d64c8f2c95
2024-07-08,Sabarigiri,5.7227,42.4837,5.3105,302.2,21,,,6,6,6,official_observed_reference,d9e5e1a6ec263f08e84f8d960cff702db2e09bcb0b427c32a48b43d64c8f2c95
2024-07-08,Idamalayar,0.7147,5.2329,0.6541,30.8,3,1,,1,1,1,official_observed_reference,d9e5e1a6ec263f08e84f8d960cff702db2e09bcb0b427c32a48b43d64c8f2c95
2024-07-08,Sholayar,0.2277,2.2171,0.2771,36.4,20,1,,2,,2,official_observed_reference,d9e5e1a6ec263f08e84f8d960cff702db2e09bcb0b427c32a48b43d64c8f2c95
2024-07-08,Pallivasal,0.484,3.8786,0.4848,20.4,2,,2,4,4,4,official_observed_reference,d9e5e1a6ec263f08e84f8d960cff702db2e09bcb0b427c32a48b43d64c8f2c95
2024-07-08,Kuttiadi,3.5506,29.3141,3.6643,193.6,19,1,,5,5,5,official_observed_reference,d9e5e1a6ec263f08e84f8d960cff702db2e09bcb0b427c32a48b43d64c8f2c95
2024-07-08,Panniar,0.5204,4.4768,0.5596,31,18,,,2,1,2,official_observed_reference,d9e5e1a6ec263f08e84f8d960cff702db2e09bcb0b427c32a48b43d64c8f2c95
2024-07-08,Neriamangalam,1.4563,12.4978,1.5622,70.2,,,,4,4,4,official_observed_reference,d9e5e1a6ec263f08e84f8d960cff702db2e09bcb0b427c32a48b43d64c8f2c95
2024-07-08,Lower Periyar,2.705,20.57,2.5713,162,,,,3,2,2,official_observed_reference,d9e5e1a6ec263f08e84f8d960cff702db2e09bcb0b427c32a48b43d64c8f2c95
2024-07-08,"Poringalkuthu, PLBE",1.2805,10.3567,1.2946,53.9,6,,,6,6,2,official_observed_reference,d9e5e1a6ec263f08e84f8d960cff702db2e09bcb0b427c32a48b43d64c8f2c95
2024-07-08,Sengulam,0.431,2.953,0.3691,51.8,21,,,4,2,2,official_observed_reference,d9e5e1a6ec263f08e84f8d960cff702db2e09bcb0b427c32a48b43d64c8f2c95
2024-07-08,Kakkad,0.8169,6.4336,0.8042,37.4,23,,,2,2,2,official_observed_reference,d9e5e1a6ec263f08e84f8d960cff702db2e09bcb0b427c32a48b43d64c8f2c95
2024-07-08,Kallada,0.2054,1.8829,0.2354,12.2,,,,2,2,1,official_observed_reference,d9e5e1a6ec263f08e84f8d960cff702db2e09bcb0b427c32a48b43d64c8f2c95
2024-07-08,Malankara,0.0739,0.6017,0.0752,3.45,4,,,2,2,2,official_observed_reference,d9e5e1a6ec263f08e84f8d960cff702db2e09bcb0b427c32a48b43d64c8f2c95
2024-07-08,Maniyar,0.1511,1.2159,0.152,,,,,3,2,3,official_observed_reference,d9e5e1a6ec263f08e84f8d960cff702db2e09bcb0b427c32a48b43d64c8f2c95
2024-07-08,Kuthungal,0.0575,0.5549,0.0694,7.2,18,,,3,,1,official_observed_reference,d9e5e1a6ec263f08e84f8d960cff702db2e09bcb0b427c32a48b43d64c8f2c95
2024-07-09,Idukki,8.231,73.56,8.1733,622,20,1,,5,5,5,official_observed_reference,5146103fe702baf2f5e0f356b4c62023b0ca38ec03162d2ccc11d2a3060ab0eb
2024-07-09,Sabarigiri,5.7356,48.2193,5.3577,301,15,,,6,6,6,official_observed_reference,5146103fe702baf2f5e0f356b4c62023b0ca38ec03162d2ccc11d2a3060ab0eb
2024-07-09,Idamalayar,0.676,5.9089,0.6565,30.4,13,1,,1,1,1,official_observed_reference,5146103fe702baf2f5e0f356b4c62023b0ca38ec03162d2ccc11d2a3060ab0eb
2024-07-09,Sholayar,0.2041,2.4212,0.269,36.4,21,1,,2,,2,official_observed_reference,5146103fe702baf2f5e0f356b4c62023b0ca38ec03162d2ccc11d2a3060ab0eb
2024-07-09,Pallivasal,0.4844,4.363,0.4848,20.4,8,,2,4,4,4,official_observed_reference,5146103fe702baf2f5e0f356b4c62023b0ca38ec03162d2ccc11d2a3060ab0eb
2024-07-09,Kuttiadi,3.1435,32.4576,3.6064,195,19,1,,5,5,5,official_observed_reference,5146103fe702baf2f5e0f356b4c62023b0ca38ec03162d2ccc11d2a3060ab0eb
2024-07-09,Panniar,0.646,5.1228,0.5692,30.6,,,,2,2,2,official_observed_reference,5146103fe702baf2f5e0f356b4c62023b0ca38ec03162d2ccc11d2a3060ab0eb
2024-07-09,Neriamangalam,1.3454,13.8432,1.5381,74,17,,,4,4,4,official_observed_reference,5146103fe702baf2f5e0f356b4c62023b0ca38ec03162d2ccc11d2a3060ab0eb
2024-07-09,Lower Periyar,2.241,22.811,2.5346,158,18,,,3,2,3,official_observed_reference,5146103fe702baf2f5e0f356b4c62023b0ca38ec03162d2ccc11d2a3060ab0eb
2024-07-09,"Poringalkuthu, PLBE",1.2477,11.6044,1.2894,53.8,1,,,6,5,6,official_observed_reference,5146103fe702baf2f5e0f356b4c62023b0ca38ec03162d2ccc11d2a3060ab0eb
2024-07-09,Sengulam,0.3659,3.3189,0.3688,50.4,19,,,4,1,4,official_observed_reference,5146103fe702baf2f5e0f356b4c62023b0ca38ec03162d2ccc11d2a3060ab0eb
2024-07-09,Kakkad,0.8575,7.2911,0.8101,37.66,1,,,2,2,2,official_observed_reference,5146103fe702baf2f5e0f356b4c62023b0ca38ec03162d2ccc11d2a3060ab0eb
2024-07-09,Kallada,0.1436,2.0265,0.2252,6,,,,2,1,2,official_observed_reference,5146103fe702baf2f5e0f356b4c62023b0ca38ec03162d2ccc11d2a3060ab0eb
2024-07-09,Malankara,0.074,0.6757,0.0751,3.45,7,,,2,2,2,official_observed_reference,5146103fe702baf2f5e0f356b4c62023b0ca38ec03162d2ccc11d2a3060ab0eb
2024-07-09,Maniyar,0.148,1.3639,0.1515,,,,,3,2,3,official_observed_reference,5146103fe702baf2f5e0f356b4c62023b0ca38ec03162d2ccc11d2a3060ab0eb
2024-07-09,Kuthungal,0.0588,0.6137,0.0682,6.4,19,,,3,,1,official_observed_reference,5146103fe702baf2f5e0f356b4c62023b0ca38ec03162d2ccc11d2a3060ab0eb
2024-07-10,Idukki,9.763,83.323,8.3323,626,,1,,5,5,5,official_observed_reference,a2bf334c059f2d5b1c1a20da9cd6da7231b1340f7bdbf0ae93de40013f187dd6
2024-07-10,Sabarigiri,5.2445,53.4638,5.3464,302.6,19,,,6,6,6,official_observed_reference,a2bf334c059f2d5b1c1a20da9cd6da7231b1340f7bdbf0ae93de40013f187dd6
2024-07-10,Idamalayar,0.5984,6.5073,0.6507,30.4,,1,,1,1,1,official_observed_reference,a2bf334c059f2d5b1c1a20da9cd6da7231b1340f7bdbf0ae93de40013f187dd6
2024-07-10,Sholayar,0.2557,2.6769,0.2677,36.4,23,1,,2,,2,official_observed_reference,a2bf334c059f2d5b1c1a20da9cd6da7231b1340f7bdbf0ae93de40013f187dd6
2024-07-10,Pallivasal,0.4836,4.8466,0.4847,20.4,19,,2,4,4,4,official_observed_reference,a2bf334c059f2d5b1c1a20da9cd6da7231b1340f7bdbf0ae93de40013f187dd6
2024-07-10,Kuttiadi,3.1714,35.629,3.5629,192.2,20,1,,5,5,5,official_observed_reference,a2bf334c059f2d5b1c1a20da9cd6da7231b1340f7bdbf0ae93de40013f187dd6
2024-07-10,Panniar,0.6583,5.7811,0.5781,30.4,,,,2,2,2,official_observed_reference,a2bf334c059f2d5b1c1a20da9cd6da7231b1340f7bdbf0ae93de40013f187dd6
2024-07-10,Neriamangalam,1.1935,15.0367,1.5037,70.6,7,,,4,4,4,official_observed_reference,a2bf334c059f2d5b1c1a20da9cd6da7231b1340f7bdbf0ae93de40013f187dd6
2024-07-10,Lower Periyar,1.751,24.562,2.4562,160,22,,,3,1,3,official_observed_reference,a2bf334c059f2d5b1c1a20da9cd6da7231b1340f7bdbf0ae93de40013f187dd6
2024-07-10,"Poringalkuthu, PLBE",1.2441,12.8485,1.2849,53.72,3,,,6,6,6,official_observed_reference,a2bf334c059f2d5b1c1a20da9cd6da7231b1340f7bdbf0ae93de40013f187dd6
2024-07-10,Sengulam,0.3154,3.6343,0.3634,51,21,,,4,,4,official_observed_reference,a2bf334c059f2d5b1c1a20da9cd6da7231b1340f7bdbf0ae93de40013f187dd6
2024-07-10,Kakkad,0.7906,8.0817,0.8082,37.86,8,,,2,2,2,official_observed_reference,a2bf334c059f2d5b1c1a20da9cd6da7231b1340f7bdbf0ae93de40013f187dd6
2024-07-10,Kallada,0.144,2.1705,0.2171,6.2,15,,,2,1,1,official_observed_reference,a2bf334c059f2d5b1c1a20da9cd6da7231b1340f7bdbf0ae93de40013f187dd6
2024-07-10,Malankara,0.0745,0.7502,0.075,3.6,7,,,2,2,2,official_observed_reference,a2bf334c059f2d5b1c1a20da9cd6da7231b1340f7bdbf0ae93de40013f187dd6
2024-07-10,Maniyar,0.1443,1.5082,0.1508,,,,,3,2,2,official_observed_reference,a2bf334c059f2d5b1c1a20da9cd6da7231b1340f7bdbf0ae93de40013f187dd6
2024-07-10,Kuthungal,0.0514,0.6651,0.0665,7.4,18,,,3,,1,official_observed_reference,a2bf334c059f2d5b1c1a20da9cd6da7231b1340f7bdbf0ae93de40013f187dd6
2024-07-11,Idukki,10.224,93.547,8.5043,628,19,1,,5,5,5,official_observed_reference,0df98add6f5c0f5367892a5d7025556e24cad2b47c1600a9e7dc6f7edff193cd
2024-07-11,Sabarigiri,5.9257,59.3895,5.399,301.4,19,,,6,6,6,official_observed_reference,0df98add6f5c0f5367892a5d7025556e24cad2b47c1600a9e7dc6f7edff193cd
2024-07-11,Idamalayar,0.7065,7.2138,0.6558,30.8,15,1,,1,1,1,official_observed_reference,0df98add6f5c0f5367892a5d7025556e24cad2b47c1600a9e7dc6f7edff193cd
2024-07-11,Sholayar,0.2127,2.8896,0.2627,36.4,,1,,2,,2,official_observed_reference,0df98add6f5c0f5367892a5d7025556e24cad2b47c1600a9e7dc6f7edff193cd
2024-07-11,Pallivasal,0.4664,5.313,0.483,20.4,12,,2,4,4,4,official_observed_reference,0df98add6f5c0f5367892a5d7025556e24cad2b47c1600a9e7dc6f7edff193cd
2024-07-11,Kuttiadi,3.6,39.229,3.5663,194.8,19,1,,5,5,5,official_observed_reference,0df98add6f5c0f5367892a5d7025556e24cad2b47c1600a9e7dc6f7edff193cd
2024-07-11,Panniar,0.7208,6.5019,0.5911,30.2,1,,,2,2,2,official_observed_reference,0df98add6f5c0f5367892a5d7025556e24cad2b47c1600a9e7dc6f7edff193cd
2024-07-11,Neriamangalam,1.2408,16.2775,1.4798,69.8,,,,4,4,4,official_observed_reference,0df98add6f5c0f5367892a5d7025556e24cad2b47c1600a9e7dc6f7edff193cd
2024-07-11,Lower Periyar,1.827,26.389,2.399,160,,,,3,2,3,official_observed_reference,0df98add6f5c0f5367892a5d7025556e24cad2b47c1600a9e7dc6f7edff193cd
2024-07-11,"Poringalkuthu, PLBE",1.2457,14.0942,1.2813,53.54,5,,,6,6,6,official_observed_reference,0df98add6f5c0f5367892a5d7025556e24cad2b47c1600a9e7dc6f7edff193cd
2024-07-11,Sengulam,0.2758,3.9101,0.3555,51.2,21,,,4,,4,official_observed_reference,0df98add6f5c0f5367892a5d7025556e24cad2b47c1600a9e7dc6f7edff193cd
2024-07-11,Kakkad,0.8816,8.9633,0.8148,39.06,10,,,2,2,2,official_observed_reference,0df98add6f5c0f5367892a5d7025556e24cad2b47c1600a9e7dc6f7edff193cd
2024-07-11,Kallada,0.1444,2.3149,0.2104,6.2,1,,,2,1,2,official_observed_reference,0df98add6f5c0f5367892a5d7025556e24cad2b47c1600a9e7dc6f7edff193cd
2024-07-11,Malankara,0.0732,0.8234,0.0749,3.6,1,,,2,2,2,official_observed_reference,0df98add6f5c0f5367892a5d7025556e24cad2b47c1600a9e7dc6f7edff193cd
2024-07-11,Maniyar,0.154,1.6622,0.1511,,,,,3,2,3,official_observed_reference,0df98add6f5c0f5367892a5d7025556e24cad2b47c1600a9e7dc6f7edff193cd
2024-07-11,Kuthungal,0.0479,0.713,0.0648,7.2,17,,,3,,1,official_observed_reference,0df98add6f5c0f5367892a5d7025556e24cad2b47c1600a9e7dc6f7edff193cd
2024-07-12,Idukki,7.549,101.096,8.4247,616,3,1,,5,4,5,official_observed_reference,6ed9b8781b293f7b7600b74ca3960cb319f4bce27b61885717dcfd6001912c7e
2024-07-12,Sabarigiri,5.3017,64.6912,5.3909,301.2,,,,6,6,6,official_observed_reference,6ed9b8781b293f7b7600b74ca3960cb319f4bce27b61885717dcfd6001912c7e
2024-07-12,Idamalayar,0.5558,7.7696,0.6475,31,16,1,,1,1,1,official_observed_reference,6ed9b8781b293f7b7600b74ca3960cb319f4bce27b61885717dcfd6001912c7e
2024-07-12,Sholayar,0.2348,3.1244,0.2604,36.4,19,1,,2,,2,official_observed_reference,6ed9b8781b293f7b7600b74ca3960cb319f4bce27b61885717dcfd6001912c7e
2024-07-12,Pallivasal,0.4858,5.7988,0.4832,20.4,1,,2,4,4,4,official_observed_reference,6ed9b8781b293f7b7600b74ca3960cb319f4bce27b61885717dcfd6001912c7e
2024-07-12,Kuttiadi,2.32,41.549,3.4624,185.2,4,1,,5,4,5,official_observed_reference,6ed9b8781b293f7b7600b74ca3960cb319f4bce27b61885717dcfd6001912c7e
2024-07-12,Panniar,0.5897,7.0916,0.591,30.2,1,,,2,2,2,official_observed_reference,6ed9b8781b293f7b7600b74ca3960cb319f4bce27b61885717dcfd6001912c7e
2024-07-12,Neriamangalam,0.9494,17.2269,1.4356,70,19,,,4,2,4,official_observed_reference,6ed9b8781b293f7b7600b74ca3960cb319f4bce27b61885717dcfd6001912c7e
2024-07-12,Lower Periyar,1.705,28.094,2.3412,158,22,,,3,1,3,official_observed_reference,6ed9b8781b293f7b7600b74ca3960cb319f4bce27b61885717dcfd6001912c7e
2024-07-12,"Poringalkuthu, PLBE",1.2327,15.3269,1.2772,52.8,14,,,6,6,6,official_observed_reference,6ed9b8781b293f7b7600b74ca3960cb319f4bce27b61885717dcfd6001912c7e
2024-07-12,Sengulam,0.2766,4.1867,0.3489,27.6,22,,,4,1,4,official_observed_reference,6ed9b8781b293f7b7600b74ca3960cb319f4bce27b61885717dcfd6001912c7e
2024-07-12,Kakkad,0.8681,9.8315,0.8193,38.5,6,,,2,2,2,official_observed_reference,6ed9b8781b293f7b7600b74ca3960cb319f4bce27b61885717dcfd6001912c7e
2024-07-12,Kallada,0.1356,2.4505,0.2042,6.2,1,,,2,1,1,official_observed_reference,6ed9b8781b293f7b7600b74ca3960cb319f4bce27b61885717dcfd6001912c7e
2024-07-12,Malankara,0.0738,0.8972,0.0748,3.6,5,,,2,2,2,official_observed_reference,6ed9b8781b293f7b7600b74ca3960cb319f4bce27b61885717dcfd6001912c7e
2024-07-12,Maniyar,0.1712,1.8333,0.1528,,,,,3,2,3,official_observed_reference,6ed9b8781b293f7b7600b74ca3960cb319f4bce27b61885717dcfd6001912c7e
2024-07-12,Kuthungal,0.0595,0.7725,0.0644,7.2,18,,,3,,1,official_observed_reference,6ed9b8781b293f7b7600b74ca3960cb319f4bce27b61885717dcfd6001912c7e
2024-07-13,Idukki,5.406,106.502,8.1925,620,19,1,,5,2,5,official_observed_reference,ea4e053603a9a9e66dd92532345dc0e985d0bf2925bc4e35957d588784f2029b
2024-07-13,Sabarigiri,4.3164,69.0076,5.3083,301.2,20,,,6,2,6,official_observed_reference,ea4e053603a9a9e66dd92532345dc0e985d0bf2925bc4e35957d588784f2029b
2024-07-13,Idamalayar,0.6337,8.4033,0.6464,30.6,17,1,,1,1,1,official_observed_reference,ea4e053603a9a9e66dd92532345dc0e985d0bf2925bc4e35957d588784f2029b
2024-07-13,Sholayar,0.2132,3.3376,0.2567,36.4,19,1,,2,,2,official_observed_reference,ea4e053603a9a9e66dd92532345dc0e985d0bf2925bc4e35957d588784f2029b
2024-07-13,Pallivasal,0.4854,6.2842,0.4834,20.4,,,2,4,4,4,official_observed_reference,ea4e053603a9a9e66dd92532345dc0e985d0bf2925bc4e35957d588784f2029b
2024-07-13,Kuttiadi,1.846,43.395,3.3381,188.6,19,1,,5,,5,official_observed_reference,ea4e053603a9a9e66dd92532345dc0e985d0bf2925bc4e35957d588784f2029b
2024-07-13,Panniar,0.3673,7.4589,0.5738,30,,,,2,,2,official_observed_reference,ea4e053603a9a9e66dd92532345dc0e985d0bf2925bc4e35957d588784f2029b
2024-07-13,Neriamangalam,1.3947,18.6216,1.4324,70.4,7,,,4,3,4,official_observed_reference,ea4e053603a9a9e66dd92532345dc0e985d0bf2925bc4e35957d588784f2029b
2024-07-13,Lower Periyar,2.361,30.455,2.3427,164,20,,,3,2,3,official_observed_reference,ea4e053603a9a9e66dd92532345dc0e985d0bf2925bc4e35957d588784f2029b
2024-07-13,"Poringalkuthu, PLBE",1.0919,16.4188,1.263,52.58,9,,,6,5,6,official_observed_reference,ea4e053603a9a9e66dd92532345dc0e985d0bf2925bc4e35957d588784f2029b
2024-07-13,Sengulam,0.5208,4.7075,0.3621,51.6,21,,,4,,4,official_observed_reference,ea4e053603a9a9e66dd92532345dc0e985d0bf2925bc4e35957d588784f2029b
2024-07-13,Kakkad,0.7818,10.6133,0.8164,37.72,,,,2,2,2,official_observed_reference,ea4e053603a9a9e66dd92532345dc0e985d0bf2925bc4e35957d588784f2029b
2024-07-13,Kallada,0.1473,2.5978,0.1998,6.2,,,,2,1,1,official_observed_reference,ea4e053603a9a9e66dd92532345dc0e985d0bf2925bc4e35957d588784f2029b
2024-07-13,Malankara,0.0716,0.9687,0.0745,3.6,,,,2,2,2,official_observed_reference,ea4e053603a9a9e66dd92532345dc0e985d0bf2925bc4e35957d588784f2029b
2024-07-13,Maniyar,0.204,2.0374,0.1567,,,,,3,3,3,official_observed_reference,ea4e053603a9a9e66dd92532345dc0e985d0bf2925bc4e35957d588784f2029b
2024-07-13,Kuthungal,0.0897,0.8622,0.0663,7.2,,,,3,1,1,official_observed_reference,ea4e053603a9a9e66dd92532345dc0e985d0bf2925bc4e35957d588784f2029b
2024-07-14,Idukki,5.192,111.694,7.9781,484,2,1,,5,2,4,official_observed_reference,f3e4dd231113017c3c597e5d527d485e008fa7afb2aa674cbd4f90561511bb93
2024-07-14,Sabarigiri,3.298,72.3056,5.1647,300.4,22,,,6,2,6,official_observed_reference,f3e4dd231113017c3c597e5d527d485e008fa7afb2aa674cbd4f90561511bb93
2024-07-14,Idamalayar,0.4208,8.8241,0.6303,31,4,1,,1,1,1,official_observed_reference,f3e4dd231113017c3c597e5d527d485e008fa7afb2aa674cbd4f90561511bb93
2024-07-14,Sholayar,0.0163,3.3539,0.2396,30.4,,1,,2,,,official_observed_reference,f3e4dd231113017c3c597e5d527d485e008fa7afb2aa674cbd4f90561511bb93
2024-07-14,Pallivasal,0.4861,6.7703,0.4836,20.4,1,,2,4,4,4,official_observed_reference,f3e4dd231113017c3c597e5d527d485e008fa7afb2aa674cbd4f90561511bb93
2024-07-14,Kuttiadi,2.015,45.41,3.2436,191.4,,1,,5,,5,official_observed_reference,f3e4dd231113017c3c597e5d527d485e008fa7afb2aa674cbd4f90561511bb93
2024-07-14,Panniar,0.033,7.4919,0.5351,30,,,,2,,,official_observed_reference,f3e4dd231113017c3c597e5d527d485e008fa7afb2aa674cbd4f90561511bb93
2024-07-14,Neriamangalam,1.6509,20.2725,1.448,70.6,,,,4,4,4,official_observed_reference,f3e4dd231113017c3c597e5d527d485e008fa7afb2aa674cbd4f90561511bb93
2024-07-14,Lower Periyar,3.345,33.8,2.4143,162,,,,3,3,3,official_observed_reference,f3e4dd231113017c3c597e5d527d485e008fa7afb2aa674cbd4f90561511bb93
2024-07-14,"Poringalkuthu, PLBE",1.2448,17.6635,1.2617,53.48,23,,,6,5,6,official_observed_reference,f3e4dd231113017c3c597e5d527d485e008fa7afb2aa674cbd4f90561511bb93
2024-07-14,Sengulam,0.3253,5.0328,0.3595,51.4,19,,,4,,4,official_observed_reference,f3e4dd231113017c3c597e5d527d485e008fa7afb2aa674cbd4f90561511bb93
2024-07-14,Kakkad,0.6291,11.2423,0.803,37.84,,,,2,2,2,official_observed_reference,f3e4dd231113017c3c597e5d527d485e008fa7afb2aa674cbd4f90561511bb93
2024-07-14,Kallada,0.1498,2.7476,0.1963,6.4,13,,,2,1,1,official_observed_reference,f3e4dd231113017c3c597e5d527d485e008fa7afb2aa674cbd4f90561511bb93
2024-07-14,Malankara,0.0741,1.0428,0.0745,3.45,1,,,2,2,2,official_observed_reference,f3e4dd231113017c3c597e5d527d485e008fa7afb2aa674cbd4f90561511bb93
2024-07-14,Maniyar,0.1852,2.2226,0.1588,,,,,3,3,3,official_observed_reference,f3e4dd231113017c3c597e5d527d485e008fa7afb2aa674cbd4f90561511bb93
2024-07-14,Kuthungal,0.1116,0.9738,0.0696,7,21,,,3,2,2,official_observed_reference,f3e4dd231113017c3c597e5d527d485e008fa7afb2aa674cbd4f90561511bb93
2024-07-15,Idukki,4.404,116.098,7.7399,612,22,1,,5,3,4,official_observed_reference,08448616a57f0a2ac24c63d9b1316a398cd64c7d4e4f2816cca5630fd666c126
2024-07-15,Sabarigiri,3.8677,76.1733,5.0782,300.8,19,,,6,6,6,official_observed_reference,08448616a57f0a2ac24c63d9b1316a398cd64c7d4e4f2816cca5630fd666c126
2024-07-15,Idamalayar,0.4859,9.31,0.6207,31.2,19,1,,1,1,1,official_observed_reference,08448616a57f0a2ac24c63d9b1316a398cd64c7d4e4f2816cca5630fd666c126
2024-07-15,Sholayar,0.1156,3.4695,0.2313,36.2,19,1,,2,,2,official_observed_reference,08448616a57f0a2ac24c63d9b1316a398cd64c7d4e4f2816cca5630fd666c126
2024-07-15,Pallivasal,0.4855,7.2558,0.4837,20.4,13,,2,4,4,4,official_observed_reference,08448616a57f0a2ac24c63d9b1316a398cd64c7d4e4f2816cca5630fd666c126
2024-07-15,Kuttiadi,3.8729,49.2829,3.2855,197.2,19,1,,5,5,5,official_observed_reference,08448616a57f0a2ac24c63d9b1316a398cd64c7d4e4f2816cca5630fd666c126
2024-07-15,Panniar,0.0672,7.5591,0.5039,30.2,19,,,2,,2,official_observed_reference,08448616a57f0a2ac24c63d9b1316a398cd64c7d4e4f2816cca5630fd666c126
2024-07-15,Neriamangalam,1.6577,21.9302,1.462,71,19,,,4,4,4,official_observed_reference,08448616a57f0a2ac24c63d9b1316a398cd64c7d4e4f2816cca5630fd666c126
2024-07-15,Lower Periyar,3.764,37.564,2.5043,168,18,,,3,3,3,official_observed_reference,08448616a57f0a2ac24c63d9b1316a398cd64c7d4e4f2816cca5630fd666c126
2024-07-15,"Poringalkuthu, PLBE",1.2954,18.9589,1.2639,55.08,19,,,6,6,6,official_observed_reference,08448616a57f0a2ac24c63d9b1316a398cd64c7d4e4f2816cca5630fd666c126
2024-07-15,Sengulam,0.4376,5.4704,0.3647,52,20,,,4,,4,official_observed_reference,08448616a57f0a2ac24c63d9b1316a398cd64c7d4e4f2816cca5630fd666c126
2024-07-15,Kakkad,0.8813,12.1237,0.8082,40.18,22,,,2,2,2,official_observed_reference,08448616a57f0a2ac24c63d9b1316a398cd64c7d4e4f2816cca5630fd666c126
2024-07-15,Kallada,0.1529,2.9005,0.1934,6.6,22,,,2,1,2,official_observed_reference,08448616a57f0a2ac24c63d9b1316a398cd64c7d4e4f2816cca5630fd666c126
2024-07-15,Malankara,0.0733,1.1161,0.0744,3.6,10,,,2,1,1,official_observed_reference,08448616a57f0a2ac24c63d9b1316a398cd64c7d4e4f2816cca5630fd666c126
2024-07-15,Maniyar,0.1973,2.4199,0.1613,,,,,3,3,3,official_observed_reference,08448616a57f0a2ac24c63d9b1316a398cd64c7d4e4f2816cca5630fd666c126
2024-07-15,Kuthungal,0.2372,1.211,0.0807,21.4,18,,,3,1,3,official_observed_reference,08448616a57f0a2ac24c63d9b1316a398cd64c7d4e4f2816cca5630fd666c126
2024-07-16,Idukki,5.336,121.434,7.5896,620,19,1,,5,2,5,official_observed_reference,246642dbd757bdf57ee9f8a44a7572a6f660356bfb89d1d764034cf8e5a559d6
2024-07-16,Sabarigiri,1.7626,77.9359,4.871,300.6,20,,,6,,6,official_observed_reference,246642dbd757bdf57ee9f8a44a7572a6f660356bfb89d1d764034cf8e5a559d6
2024-07-16,Idamalayar,0.5336,9.8436,0.6152,32.4,15,1,,1,,1,official_observed_reference,246642dbd757bdf57ee9f8a44a7572a6f660356bfb89d1d764034cf8e5a559d6
2024-07-16,Sholayar,0.1888,3.6583,0.2286,54.6,21,1,,2,,3,official_observed_reference,246642dbd757bdf57ee9f8a44a7572a6f660356bfb89d1d764034cf8e5a559d6
2024-07-16,Pallivasal,0.4882,7.744,0.484,20.6,21,,2,4,4,4,official_observed_reference,246642dbd757bdf57ee9f8a44a7572a6f660356bfb89d1d764034cf8e5a559d6
2024-07-16,Kuttiadi,4.1527,53.4356,3.3397,192.6,8,1,,5,5,5,official_observed_reference,246642dbd757bdf57ee9f8a44a7572a6f660356bfb89d1d764034cf8e5a559d6
2024-07-16,Panniar,0.123,7.6821,0.4801,30.6,21,,,2,,2,official_observed_reference,246642dbd757bdf57ee9f8a44a7572a6f660356bfb89d1d764034cf8e5a559d6
2024-07-16,Neriamangalam,1.6663,23.5965,1.4748,72.4,20,,,4,4,4,official_observed_reference,246642dbd757bdf57ee9f8a44a7572a6f660356bfb89d1d764034cf8e5a559d6
2024-07-16,Lower Periyar,3.888,41.452,2.5908,166,8,,,3,3,3,official_observed_reference,246642dbd757bdf57ee9f8a44a7572a6f660356bfb89d1d764034cf8e5a559d6
2024-07-16,"Poringalkuthu, PLBE",1.3066,20.2655,1.2666,55.02,,,,6,6,6,official_observed_reference,246642dbd757bdf57ee9f8a44a7572a6f660356bfb89d1d764034cf8e5a559d6
2024-07-16,Sengulam,0.5496,6.02,0.3763,51.2,23,,,4,2,4,official_observed_reference,246642dbd757bdf57ee9f8a44a7572a6f660356bfb89d1d764034cf8e5a559d6
2024-07-16,Kakkad,0.6509,12.7746,0.7984,39.98,,,,2,2,2,official_observed_reference,246642dbd757bdf57ee9f8a44a7572a6f660356bfb89d1d764034cf8e5a559d6
2024-07-16,Kallada,0.1574,3.0579,0.1911,6.8,11,,,2,1,1,official_observed_reference,246642dbd757bdf57ee9f8a44a7572a6f660356bfb89d1d764034cf8e5a559d6
2024-07-16,Malankara,0.0599,1.1759,0.0735,3.3,11,,,2,2,2,official_observed_reference,246642dbd757bdf57ee9f8a44a7572a6f660356bfb89d1d764034cf8e5a559d6
2024-07-16,Maniyar,0.1226,2.5425,0.1589,,,,,3,2,3,official_observed_reference,246642dbd757bdf57ee9f8a44a7572a6f660356bfb89d1d764034cf8e5a559d6
2024-07-16,Kuthungal,0.4718,1.6828,0.1052,20.4,13,,,3,3,3,official_observed_reference,246642dbd757bdf57ee9f8a44a7572a6f660356bfb89d1d764034cf8e5a559d6
2024-07-17,Idukki,6.43,127.864,7.5214,632,23,1,,5,2,5,official_observed_reference,301ff47c30682551d18ed600d075f6fee95d92b43c2abe2080fd602bfd93648e
2024-07-17,Sabarigiri,5.7218,83.6577,4.921,301.6,6,,,6,6,6,official_observed_reference,301ff47c30682551d18ed600d075f6fee95d92b43c2abe2080fd602bfd93648e
2024-07-17,Idamalayar,0.6689,10.5125,0.6184,33,8,1,,1,1,1,official_observed_reference,301ff47c30682551d18ed600d075f6fee95d92b43c2abe2080fd602bfd93648e
2024-07-17,Sholayar,0.2948,3.9531,0.2325,54.4,19,,,3,,3,official_observed_reference,301ff47c30682551d18ed600d075f6fee95d92b43c2abe2080fd602bfd93648e
2024-07-17,Pallivasal,0.4897,8.2337,0.4843,20.6,2,,2,4,4,4,official_observed_reference,301ff47c30682551d18ed600d075f6fee95d92b43c2abe2080fd602bfd93648e
2024-07-17,Kuttiadi,4.5043,57.9399,3.4082,194.8,20,1,,5,5,5,official_observed_reference,301ff47c30682551d18ed600d075f6fee95d92b43c2abe2080fd602bfd93648e
2024-07-17,Panniar,0.2001,7.8822,0.4637,31.6,23,,,2,,2,official_observed_reference,301ff47c30682551d18ed600d075f6fee95d92b43c2abe2080fd602bfd93648e
2024-07-17,Neriamangalam,1.6688,25.2653,1.4862,71.8,20,,,4,4,4,official_observed_reference,301ff47c30682551d18ed600d075f6fee95d92b43c2abe2080fd602bfd93648e
2024-07-17,Lower Periyar,3.884,45.336,2.6668,166,3,,,3,3,3,official_observed_reference,301ff47c30682551d18ed600d075f6fee95d92b43c2abe2080fd602bfd93648e
2024-07-17,"Poringalkuthu, PLBE",1.3028,21.5684,1.2687,54.86,19,,,6,6,6,official_observed_reference,301ff47c30682551d18ed600d075f6fee95d92b43c2abe2080fd602bfd93648e
2024-07-17,Sengulam,0.464,6.484,0.3814,51.6,19,,,4,,4,official_observed_reference,301ff47c30682551d18ed600d075f6fee95d92b43c2abe2080fd602bfd93648e
2024-07-17,Kakkad,0.9144,13.689,0.8052,39.5,,,,2,2,2,official_observed_reference,301ff47c30682551d18ed600d075f6fee95d92b43c2abe2080fd602bfd93648e
2024-07-17,Kallada,0.1613,3.2192,0.1894,6.8,3,,,2,,1,official_observed_reference,301ff47c30682551d18ed600d075f6fee95d92b43c2abe2080fd602bfd93648e
2024-07-17,Malankara,0.0575,1.2335,0.0726,2.55,1,,,2,2,2,official_observed_reference,301ff47c30682551d18ed600d075f6fee95d92b43c2abe2080fd602bfd93648e
2024-07-17,Maniyar,0.1764,2.7189,0.1599,,,,,3,3,3,official_observed_reference,301ff47c30682551d18ed600d075f6fee95d92b43c2abe2080fd602bfd93648e
2024-07-17,Kuthungal,0.4538,2.1366,0.1257,20.8,7,,,3,3,3,official_observed_reference,301ff47c30682551d18ed600d075f6fee95d92b43c2abe2080fd602bfd93648e
2024-07-18,Idukki,7.286,135.15,7.5083,626,,1,,5,5,5,official_observed_reference,78b986653c4b559119363a470e55f09c3e8c4cffab45cdd087a9b55ef6b68a9b
2024-07-18,Sabarigiri,4.8772,88.5349,4.9186,301,,,,6,6,6,official_observed_reference,78b986653c4b559119363a470e55f09c3e8c4cffab45cdd087a9b55ef6b68a9b
2024-07-18,Idamalayar,0.7281,11.2406,0.6245,33.6,16,1,,1,1,1,official_observed_reference,78b986653c4b559119363a470e55f09c3e8c4cffab45cdd087a9b55ef6b68a9b
2024-07-18,Sholayar,0.2114,4.1645,0.2314,54.2,,,,3,,2,official_observed_reference,78b986653c4b559119363a470e55f09c3e8c4cffab45cdd087a9b55ef6b68a9b
2024-07-18,Pallivasal,0.4874,8.7211,0.4845,20.6,4,,2,4,4,4,official_observed_reference,78b986653c4b559119363a470e55f09c3e8c4cffab45cdd087a9b55ef6b68a9b
2024-07-18,Kuttiadi,4.5245,62.4644,3.4702,196.8,8,1,,5,5,5,official_observed_reference,78b986653c4b559119363a470e55f09c3e8c4cffab45cdd087a9b55ef6b68a9b
2024-07-18,Panniar,0.1983,8.0805,0.4489,32,19,,,2,,2,official_observed_reference,78b986653c4b559119363a470e55f09c3e8c4cffab45cdd087a9b55ef6b68a9b
2024-07-18,Neriamangalam,1.6629,26.9282,1.496,70.8,,,,4,4,4,official_observed_reference,78b986653c4b559119363a470e55f09c3e8c4cffab45cdd087a9b55ef6b68a9b
2024-07-18,Lower Periyar,3.876,49.212,2.734,168,12,,,3,3,3,official_observed_reference,78b986653c4b559119363a470e55f09c3e8c4cffab45cdd087a9b55ef6b68a9b
2024-07-18,"Poringalkuthu, PLBE",1.306,22.8743,1.2708,54.94,11,,,6,6,6,official_observed_reference,78b986653c4b559119363a470e55f09c3e8c4cffab45cdd087a9b55ef6b68a9b
2024-07-18,Sengulam,0.431,6.915,0.3842,52.4,21,,,4,,4,official_observed_reference,78b986653c4b559119363a470e55f09c3e8c4cffab45cdd087a9b55ef6b68a9b
2024-07-18,Kakkad,0.894,14.583,0.8102,38.2,6,,,2,2,2,official_observed_reference,78b986653c4b559119363a470e55f09c3e8c4cffab45cdd087a9b55ef6b68a9b
2024-07-18,Kallada,0.2401,3.4593,0.1922,14.2,15,,,2,1,2,official_observed_reference,78b986653c4b559119363a470e55f09c3e8c4cffab45cdd087a9b55ef6b68a9b
2024-07-18,Malankara,0.061,1.2944,0.0719,3.3,9,,,2,2,2,official_observed_reference,78b986653c4b559119363a470e55f09c3e8c4cffab45cdd087a9b55ef6b68a9b
2024-07-18,Maniyar,0.1648,2.8836,0.1602,,,,,3,3,3,official_observed_reference,78b986653c4b559119363a470e55f09c3e8c4cffab45cdd087a9b55ef6b68a9b
2024-07-18,Kuthungal,0.3871,2.5237,0.1402,20,19,,,3,3,3,official_observed_reference,78b986653c4b559119363a470e55f09c3e8c4cffab45cdd087a9b55ef6b68a9b
2024-07-19,Idukki,5.833,140.983,7.4202,624,20,1,,5,3,5,official_observed_reference,ca8fd50c5b02b7a3deb78ab9d2e81a186be35f5a0c896fab839979e38ae26135
2024-07-19,Sabarigiri,4.6846,93.2195,4.9063,300.8,19,,,6,5,6,official_observed_reference,ca8fd50c5b02b7a3deb78ab9d2e81a186be35f5a0c896fab839979e38ae26135
2024-07-19,Idamalayar,0.4218,11.6624,0.6138,34.4,18,1,,1,,1,official_observed_reference,ca8fd50c5b02b7a3deb78ab9d2e81a186be35f5a0c896fab839979e38ae26135
2024-07-19,Sholayar,0.2889,4.4534,0.2344,54.6,21,,,3,,3,official_observed_reference,ca8fd50c5b02b7a3deb78ab9d2e81a186be35f5a0c896fab839979e38ae26135
2024-07-19,Pallivasal,0.4884,9.2095,0.4847,20.4,,,2,4,4,4,official_observed_reference,ca8fd50c5b02b7a3deb78ab9d2e81a186be35f5a0c896fab839979e38ae26135
2024-07-19,Kuttiadi,4.639,67.1034,3.5318,201.8,19,1,,5,5,5,official_observed_reference,ca8fd50c5b02b7a3deb78ab9d2e81a186be35f5a0c896fab839979e38ae26135
2024-07-19,Panniar,0.4949,8.5754,0.4513,32.4,17,,,2,,2,official_observed_reference,ca8fd50c5b02b7a3deb78ab9d2e81a186be35f5a0c896fab839979e38ae26135
2024-07-19,Neriamangalam,1.6632,28.5914,1.5048,71.6,5,,,4,4,4,official_observed_reference,ca8fd50c5b02b7a3deb78ab9d2e81a186be35f5a0c896fab839979e38ae26135
2024-07-19,Lower Periyar,3.887,53.099,2.7947,166,5,,,3,2,3,official_observed_reference,ca8fd50c5b02b7a3deb78ab9d2e81a186be35f5a0c896fab839979e38ae26135
2024-07-19,"Poringalkuthu, PLBE",1.302,24.1763,1.2724,54.6,6,,,6,6,6,official_observed_reference,ca8fd50c5b02b7a3deb78ab9d2e81a186be35f5a0c896fab839979e38ae26135
2024-07-19,Sengulam,0.3607,7.2757,0.3829,51.2,19,,,4,,4,official_observed_reference,ca8fd50c5b02b7a3deb78ab9d2e81a186be35f5a0c896fab839979e38ae26135
2024-07-19,Kakkad,0.8458,15.4288,0.812,37.8,,,,2,2,2,official_observed_reference,ca8fd50c5b02b7a3deb78ab9d2e81a186be35f5a0c896fab839979e38ae26135
2024-07-19,Kallada,0.3364,3.7957,0.1998,14.2,2,,,2,2,2,official_observed_reference,ca8fd50c5b02b7a3deb78ab9d2e81a186be35f5a0c896fab839979e38ae26135
2024-07-19,Malankara,0.0619,1.3563,0.0714,3.3,8,,,2,2,2,official_observed_reference,ca8fd50c5b02b7a3deb78ab9d2e81a186be35f5a0c896fab839979e38ae26135
2024-07-19,Maniyar,0.1973,3.081,0.1622,,,,,3,3,3,official_observed_reference,ca8fd50c5b02b7a3deb78ab9d2e81a186be35f5a0c896fab839979e38ae26135
2024-07-19,Kuthungal,0.419,2.9427,0.1549,20,18,,,3,3,3,official_observed_reference,ca8fd50c5b02b7a3deb78ab9d2e81a186be35f5a0c896fab839979e38ae26135
2024-07-20,Idukki,6.897,147.88,7.394,724,21,1,,5,4,5,official_observed_reference,77da50de1107dcaec848481a1904d12246a616f21cdd78578fef4a053d4def4f
2024-07-20,Sabarigiri,5.1923,98.4118,4.9206,306.8,21,,,6,6,6,official_observed_reference,77da50de1107dcaec848481a1904d12246a616f21cdd78578fef4a053d4def4f
2024-07-20,Idamalayar,0.7782,12.4406,0.622,34.2,1,1,,1,1,1,official_observed_reference,77da50de1107dcaec848481a1904d12246a616f21cdd78578fef4a053d4def4f
2024-07-20,Sholayar,0.3037,4.7571,0.2379,54.4,19,,,3,,3,official_observed_reference,77da50de1107dcaec848481a1904d12246a616f21cdd78578fef4a053d4def4f
2024-07-20,Pallivasal,0.4885,9.698,0.4849,20.6,22,,2,4,4,4,official_observed_reference,77da50de1107dcaec848481a1904d12246a616f21cdd78578fef4a053d4def4f
2024-07-20,Kuttiadi,4.7437,71.8471,3.5924,203.2,7,1,,5,5,5,official_observed_reference,77da50de1107dcaec848481a1904d12246a616f21cdd78578fef4a053d4def4f
2024-07-20,Panniar,0.7725,9.3479,0.4674,32.4,3,,,2,2,2,official_observed_reference,77da50de1107dcaec848481a1904d12246a616f21cdd78578fef4a053d4def4f
2024-07-20,Neriamangalam,1.6639,30.2553,1.5128,71,12,,,4,4,4,official_observed_reference,77da50de1107dcaec848481a1904d12246a616f21cdd78578fef4a053d4def4f
2024-07-20,Lower Periyar,3.881,56.98,2.849,168,22,,,3,3,3,official_observed_reference,77da50de1107dcaec848481a1904d12246a616f21cdd78578fef4a053d4def4f
2024-07-20,"Poringalkuthu, PLBE",1.3018,25.4781,1.2739,54.4,13,,,6,5,6,official_observed_reference,77da50de1107dcaec848481a1904d12246a616f21cdd78578fef4a053d4def4f
2024-07-20,Sengulam,0.4163,7.692,0.3846,51.6,21,,,4,2,4,official_observed_reference,77da50de1107dcaec848481a1904d12246a616f21cdd78578fef4a053d4def4f
2024-07-20,Kakkad,0.8718,16.3005,0.815,37.72,1,,,2,2,2,official_observed_reference,77da50de1107dcaec848481a1904d12246a616f21cdd78578fef4a053d4def4f
2024-07-20,Kallada,0.3378,4.1335,0.2067,14.2,,,,2,2,2,official_observed_reference,77da50de1107dcaec848481a1904d12246a616f21cdd78578fef4a053d4def4f
2024-07-20,Malankara,0.0667,1.423,0.0711,3.45,5,,,2,,2,official_observed_reference,77da50de1107dcaec848481a1904d12246a616f21cdd78578fef4a053d4def4f
2024-07-20,Maniyar,0.1895,3.2705,0.1635,,,,,3,3,3,official_observed_reference,77da50de1107dcaec848481a1904d12246a616f21cdd78578fef4a053d4def4f
2024-07-20,Kuthungal,0.3633,3.306,0.1653,19.8,,,,3,3,3,official_observed_reference,77da50de1107dcaec848481a1904d12246a616f21cdd78578fef4a053d4def4f
2024-07-21,Idukki,6.53,154.41,7.3529,726,22,,,6,2,6,official_observed_reference,356ee54867859df3931df1b1fb2d9352ec1b7c465281bc3405b15ac12ee75f80
2024-07-21,Sabarigiri,3.6811,102.0929,4.8616,300.8,1,,,6,6,6,official_observed_reference,356ee54867859df3931df1b1fb2d9352ec1b7c465281bc3405b15ac12ee75f80
2024-07-21,Idamalayar,0.4675,12.9081,0.6147,35,19,1,,1,1,1,official_observed_reference,356ee54867859df3931df1b1fb2d9352ec1b7c465281bc3405b15ac12ee75f80
2024-07-21,Sholayar,0.2234,4.9805,0.2372,53.4,19,,,3,,3,official_observed_reference,356ee54867859df3931df1b1fb2d9352ec1b7c465281bc3405b15ac12ee75f80
2024-07-21,Pallivasal,0.4887,10.1867,0.4851,20.4,,,2,4,4,4,official_observed_reference,356ee54867859df3931df1b1fb2d9352ec1b7c465281bc3405b15ac12ee75f80
2024-07-21,Kuttiadi,4.482,76.3291,3.6347,199.8,15,1,,5,5,5,official_observed_reference,356ee54867859df3931df1b1fb2d9352ec1b7c465281bc3405b15ac12ee75f80
2024-07-21,Panniar,0.5602,9.9081,0.4718,32.4,,,,2,2,2,official_observed_reference,356ee54867859df3931df1b1fb2d9352ec1b7c465281bc3405b15ac12ee75f80
2024-07-21,Neriamangalam,1.663,31.9183,1.5199,71.8,12,,,4,4,4,official_observed_reference,356ee54867859df3931df1b1fb2d9352ec1b7c465281bc3405b15ac12ee75f80
2024-07-21,Lower Periyar,3.883,60.863,2.8982,166,2,,,3,3,3,official_observed_reference,356ee54867859df3931df1b1fb2d9352ec1b7c465281bc3405b15ac12ee75f80
2024-07-21,"Poringalkuthu, PLBE",1.2987,26.7768,1.2751,54.5,8,,,6,6,6,official_observed_reference,356ee54867859df3931df1b1fb2d9352ec1b7c465281bc3405b15ac12ee75f80
2024-07-21,Sengulam,0.4,8.092,0.3853,51.2,20,,,4,2,4,official_observed_reference,356ee54867859df3931df1b1fb2d9352ec1b7c465281bc3405b15ac12ee75f80
2024-07-21,Kakkad,0.6789,16.9794,0.8085,37.22,2,,,2,2,2,official_observed_reference,356ee54867859df3931df1b1fb2d9352ec1b7c465281bc3405b15ac12ee75f80
2024-07-21,Kallada,0.3384,4.4719,0.2129,14.4,4,,,2,2,2,official_observed_reference,356ee54867859df3931df1b1fb2d9352ec1b7c465281bc3405b15ac12ee75f80
2024-07-21,Malankara,0.0695,1.4924,0.0711,3.45,4,,,2,2,2,official_observed_reference,356ee54867859df3931df1b1fb2d9352ec1b7c465281bc3405b15ac12ee75f80
2024-07-21,Maniyar,0.1417,3.4122,0.1625,,,,,3,3,3,official_observed_reference,356ee54867859df3931df1b1fb2d9352ec1b7c465281bc3405b15ac12ee75f80
2024-07-21,Kuthungal,0.2886,3.5946,0.1712,17.2,10,,,3,2,2,official_observed_reference,356ee54867859df3931df1b1fb2d9352ec1b7c465281bc3405b15ac12ee75f80
2024-07-22,Idukki,7.829,162.239,7.3745,734,21,,,6,4,6,official_observed_reference,8321fd92752d14d72051d71714f75ed79bfc1a02434656e210989f671267e19b
2024-07-22,Sabarigiri,5.1598,107.2527,4.8751,304.8,17,,,6,6,6,official_observed_reference,8321fd92752d14d72051d71714f75ed79bfc1a02434656e210989f671267e19b
2024-07-22,Idamalayar,0.6808,13.5889,0.6177,34.6,5,1,,1,1,1,official_observed_reference,8321fd92752d14d72051d71714f75ed79bfc1a02434656e210989f671267e19b
2024-07-22,Sholayar,0.2606,5.2411,0.2382,54.6,19,,,3,,3,official_observed_reference,8321fd92752d14d72051d71714f75ed79bfc1a02434656e210989f671267e19b
2024-07-22,Pallivasal,0.4838,10.6705,0.485,20.4,,,2,4,4,4,official_observed_reference,8321fd92752d14d72051d71714f75ed79bfc1a02434656e210989f671267e19b
2024-07-22,Kuttiadi,4.3332,80.6623,3.6665,199,17,1,,5,5,5,official_observed_reference,8321fd92752d14d72051d71714f75ed79bfc1a02434656e210989f671267e19b
2024-07-22,Panniar,0.6355,10.5436,0.4793,32.4,3,,,2,2,2,official_observed_reference,8321fd92752d14d72051d71714f75ed79bfc1a02434656e210989f671267e19b
2024-07-22,Neriamangalam,1.6619,33.5802,1.5264,71.4,21,,,4,4,4,official_observed_reference,8321fd92752d14d72051d71714f75ed79bfc1a02434656e210989f671267e19b
2024-07-22,Lower Periyar,3.887,64.75,2.9432,168,9,,,3,3,3,official_observed_reference,8321fd92752d14d72051d71714f75ed79bfc1a02434656e210989f671267e19b
2024-07-22,"Poringalkuthu, PLBE",1.2278,28.0045,1.2729,54.32,,,,6,6,6,official_observed_reference,8321fd92752d14d72051d71714f75ed79bfc1a02434656e210989f671267e19b
2024-07-22,Sengulam,0.3741,8.4661,0.3848,51,21,,,4,1,4,official_observed_reference,8321fd92752d14d72051d71714f75ed79bfc1a02434656e210989f671267e19b
2024-07-22,Kakkad,0.7491,17.7285,0.8058,37.28,23,,,2,2,2,official_observed_reference,8321fd92752d14d72051d71714f75ed79bfc1a02434656e210989f671267e19b
2024-07-22,Kallada,0.3375,4.8094,0.2186,14.2,,,,2,2,2,official_observed_reference,8321fd92752d14d72051d71714f75ed79bfc1a02434656e210989f671267e19b
2024-07-22,Malankara,0.0734,1.5659,0.0712,3.45,1,,,2,2,2,official_observed_reference,8321fd92752d14d72051d71714f75ed79bfc1a02434656e210989f671267e19b
2024-07-22,Maniyar,0.1325,3.5447,0.1611,,,,,3,2,3,official_observed_reference,8321fd92752d14d72051d71714f75ed79bfc1a02434656e210989f671267e19b
2024-07-22,Kuthungal,0.2212,3.8158,0.1734,14.2,11,,,3,2,2,official_observed_reference,8321fd92752d14d72051d71714f75ed79bfc1a02434656e210989f671267e19b
2024-07-23,Idukki,7.404,169.643,7.3758,534,,,,6,3,3,official_observed_reference,66cc80c69af78a70df413344bf6f37460c8e7fe85f3ff467f409a05f93dbe540
2024-07-23,Sabarigiri,5.6333,112.886,4.9081,300.4,10,,,6,6,6,official_observed_reference,66cc80c69af78a70df413344bf6f37460c8e7fe85f3ff467f409a05f93dbe540
2024-07-23,Idamalayar,0.732,14.3209,0.6226,35.2,9,1,,1,1,1,official_observed_reference,66cc80c69af78a70df413344bf6f37460c8e7fe85f3ff467f409a05f93dbe540
2024-07-23,Sholayar,0.3031,5.5442,0.2411,54.6,19,,,3,,3,official_observed_reference,66cc80c69af78a70df413344bf6f37460c8e7fe85f3ff467f409a05f93dbe540
2024-07-23,Pallivasal,0.4598,11.1303,0.4839,20.6,23,,2,4,4,4,official_observed_reference,66cc80c69af78a70df413344bf6f37460c8e7fe85f3ff467f409a05f93dbe540
2024-07-23,Kuttiadi,4.6399,85.3022,3.7088,199,8,1,,5,4,5,official_observed_reference,66cc80c69af78a70df413344bf6f37460c8e7fe85f3ff467f409a05f93dbe540
2024-07-23,Panniar,0.7734,11.317,0.492,32.4,1,,,2,2,2,official_observed_reference,66cc80c69af78a70df413344bf6f37460c8e7fe85f3ff467f409a05f93dbe540
2024-07-23,Neriamangalam,1.6607,35.2409,1.5322,70.8,10,,,4,4,4,official_observed_reference,66cc80c69af78a70df413344bf6f37460c8e7fe85f3ff467f409a05f93dbe540
2024-07-23,Lower Periyar,3.888,68.638,2.9843,166,3,,,3,3,3,official_observed_reference,66cc80c69af78a70df413344bf6f37460c8e7fe85f3ff467f409a05f93dbe540
2024-07-23,"Poringalkuthu, PLBE",1.2979,29.3024,1.274,54.36,7,,,6,6,6,official_observed_reference,66cc80c69af78a70df413344bf6f37460c8e7fe85f3ff467f409a05f93dbe540
2024-07-23,Sengulam,0.3191,8.7852,0.382,51.2,19,,,4,1,4,official_observed_reference,66cc80c69af78a70df413344bf6f37460c8e7fe85f3ff467f409a05f93dbe540
2024-07-23,Kakkad,0.8796,18.6081,0.809,38.04,13,,,2,2,2,official_observed_reference,66cc80c69af78a70df413344bf6f37460c8e7fe85f3ff467f409a05f93dbe540
2024-07-23,Kallada,0.3365,5.1459,0.2237,14.2,,,,2,2,2,official_observed_reference,66cc80c69af78a70df413344bf6f37460c8e7fe85f3ff467f409a05f93dbe540
2024-07-23,Malankara,0.0766,1.6424,0.0714,3.45,11,,,2,2,2,official_observed_reference,66cc80c69af78a70df413344bf6f37460c8e7fe85f3ff467f409a05f93dbe540
2024-07-23,Maniyar,0.1516,3.6963,0.1607,,,,,3,2,3,official_observed_reference,66cc80c69af78a70df413344bf6f37460c8e7fe85f3ff467f409a05f93dbe540
2024-07-23,Kuthungal,0.1871,4.0029,0.174,12.6,13,,,3,3,3,official_observed_reference,66cc80c69af78a70df413344bf6f37460c8e7fe85f3ff467f409a05f93dbe540
2024-07-24,Idukki,7.516,177.159,7.3816,372,1,,,6,3,3,official_observed_reference,d4aa2a90df7c873def4c7109a4fc5a9af56851eee8983dc0c5b95aac0b481f7a
2024-07-24,Sabarigiri,6.1471,119.0331,4.9597,305.8,,,,6,6,6,official_observed_reference,d4aa2a90df7c873def4c7109a4fc5a9af56851eee8983dc0c5b95aac0b481f7a
2024-07-24,Idamalayar,0.7702,15.0911,0.6288,34.8,1,1,,1,1,1,official_observed_reference,d4aa2a90df7c873def4c7109a4fc5a9af56851eee8983dc0c5b95aac0b481f7a
2024-07-24,Sholayar,0.4146,5.9588,0.2483,54.6,18,,,3,,3,official_observed_reference,d4aa2a90df7c873def4c7109a4fc5a9af56851eee8983dc0c5b95aac0b481f7a
2024-07-24,Pallivasal,0.4666,11.5969,0.4832,20.4,,,2,4,4,4,official_observed_reference,d4aa2a90df7c873def4c7109a4fc5a9af56851eee8983dc0c5b95aac0b481f7a
2024-07-24,Kuttiadi,4.5764,89.8786,3.7449,199.4,9,1,,5,5,5,official_observed_reference,d4aa2a90df7c873def4c7109a4fc5a9af56851eee8983dc0c5b95aac0b481f7a
2024-07-24,Panniar,0.7368,12.0538,0.5022,32.4,,,,2,2,2,official_observed_reference,d4aa2a90df7c873def4c7109a4fc5a9af56851eee8983dc0c5b95aac0b481f7a
2024-07-24,Neriamangalam,1.6256,36.8665,1.5361,71,5,,,4,4,4,official_observed_reference,d4aa2a90df7c873def4c7109a4fc5a9af56851eee8983dc0c5b95aac0b481f7a
2024-07-24,Lower Periyar,3.881,72.519,3.0216,166,14,,,3,3,3,official_observed_reference,d4aa2a90df7c873def4c7109a4fc5a9af56851eee8983dc0c5b95aac0b481f7a
2024-07-24,"Poringalkuthu, PLBE",1.2994,30.6018,1.2751,54.38,13,,,6,6,6,official_observed_reference,d4aa2a90df7c873def4c7109a4fc5a9af56851eee8983dc0c5b95aac0b481f7a
2024-07-24,Sengulam,0.3333,9.1185,0.3799,50.4,22,,,4,,4,official_observed_reference,d4aa2a90df7c873def4c7109a4fc5a9af56851eee8983dc0c5b95aac0b481f7a
2024-07-24,Kakkad,0.8744,19.4825,0.8118,37.48,20,,,2,2,2,official_observed_reference,d4aa2a90df7c873def4c7109a4fc5a9af56851eee8983dc0c5b95aac0b481f7a
2024-07-24,Kallada,0.3349,5.4808,0.2284,14.4,5,,,2,2,2,official_observed_reference,d4aa2a90df7c873def4c7109a4fc5a9af56851eee8983dc0c5b95aac0b481f7a
2024-07-24,Malankara,0.0773,1.7198,0.0717,3.45,,,,2,2,2,official_observed_reference,d4aa2a90df7c873def4c7109a4fc5a9af56851eee8983dc0c5b95aac0b481f7a
2024-07-24,Maniyar,0.1462,3.8425,0.1601,,,,,3,2,3,official_observed_reference,d4aa2a90df7c873def4c7109a4fc5a9af56851eee8983dc0c5b95aac0b481f7a
2024-07-24,Kuthungal,0.1797,4.1826,0.1743,10.4,15,,,3,3,3,official_observed_reference,d4aa2a90df7c873def4c7109a4fc5a9af56851eee8983dc0c5b95aac0b481f7a
2024-07-25,Idukki,7.491,184.65,7.386,376,16,,,6,3,3,official_observed_reference,e50941dfbb37fffdbd7a9016e67cd580d4600428a8719c23f6cf91365447864b
2024-07-25,Sabarigiri,6.1966,125.2297,5.0092,301,15,,,6,6,6,official_observed_reference,e50941dfbb37fffdbd7a9016e67cd580d4600428a8719c23f6cf91365447864b
2024-07-25,Idamalayar,0.7988,15.8899,0.6356,35.4,23,1,,1,1,1,official_observed_reference,e50941dfbb37fffdbd7a9016e67cd580d4600428a8719c23f6cf91365447864b
2024-07-25,Sholayar,0.3559,6.3147,0.2526,54.6,18,,,3,,3,official_observed_reference,e50941dfbb37fffdbd7a9016e67cd580d4600428a8719c23f6cf91365447864b
2024-07-25,Pallivasal,0.4875,12.0844,0.4834,20.4,,,2,4,4,4,official_observed_reference,e50941dfbb37fffdbd7a9016e67cd580d4600428a8719c23f6cf91365447864b
2024-07-25,Kuttiadi,4.4115,94.2901,3.7716,197.4,18,1,,5,5,5,official_observed_reference,e50941dfbb37fffdbd7a9016e67cd580d4600428a8719c23f6cf91365447864b
2024-07-25,Panniar,0.7752,12.829,0.5132,32.4,2,,,2,2,2,official_observed_reference,e50941dfbb37fffdbd7a9016e67cd580d4600428a8719c23f6cf91365447864b
2024-07-25,Neriamangalam,1.6247,38.4912,1.5396,70,15,,,4,4,4,official_observed_reference,e50941dfbb37fffdbd7a9016e67cd580d4600428a8719c23f6cf91365447864b
2024-07-25,Lower Periyar,3.883,76.402,3.0561,166,,,,3,3,3,official_observed_reference,e50941dfbb37fffdbd7a9016e67cd580d4600428a8719c23f6cf91365447864b
2024-07-25,"Poringalkuthu, PLBE",1.3042,31.906,1.2762,54.9,22,,,6,6,6,official_observed_reference,e50941dfbb37fffdbd7a9016e67cd580d4600428a8719c23f6cf91365447864b
2024-07-25,Sengulam,0.4885,9.607,0.3843,51,23,,,4,,4,official_observed_reference,e50941dfbb37fffdbd7a9016e67cd580d4600428a8719c23f6cf91365447864b
2024-07-25,Kakkad,0.8873,20.3698,0.8148,37.78,10,,,2,2,2,official_observed_reference,e50941dfbb37fffdbd7a9016e67cd580d4600428a8719c23f6cf91365447864b
2024-07-25,Kallada,0.3332,5.814,0.2326,14.2,10,,,2,2,2,official_observed_reference,e50941dfbb37fffdbd7a9016e67cd580d4600428a8719c23f6cf91365447864b
2024-07-25,Malankara,0.079,1.7987,0.0719,3.6,1,,,2,2,2,official_observed_reference,e50941dfbb37fffdbd7a9016e67cd580d4600428a8719c23f6cf91365447864b
2024-07-25,Maniyar,0.136,3.9785,0.1591,,,,,3,2,3,official_observed_reference,e50941dfbb37fffdbd7a9016e67cd580d4600428a8719c23f6cf91365447864b
2024-07-25,Kuthungal,0.1863,4.3689,0.1748,10.2,11,,,3,1,2,official_observed_reference,e50941dfbb37fffdbd7a9016e67cd580d4600428a8719c23f6cf91365447864b
2024-07-26,Idukki,8.974,193.624,7.4471,614,20,1,,5,3,4,official_observed_reference,952a235bd91c1f7d4eac3448e3f8a2dff8d2ff8b41b2b4ce1107341760161cdc
2024-07-26,Sabarigiri,5.8641,131.0938,5.0421,301,21,,,6,6,6,official_observed_reference,952a235bd91c1f7d4eac3448e3f8a2dff8d2ff8b41b2b4ce1107341760161cdc
2024-07-26,Idamalayar,0.4767,16.3666,0.6295,35.6,22,1,,1,1,1,official_observed_reference,952a235bd91c1f7d4eac3448e3f8a2dff8d2ff8b41b2b4ce1107341760161cdc
2024-07-26,Sholayar,0.2707,6.5854,0.2533,54.2,,1,,2,,2,official_observed_reference,952a235bd91c1f7d4eac3448e3f8a2dff8d2ff8b41b2b4ce1107341760161cdc
2024-07-26,Pallivasal,0.4871,12.5715,0.4835,20.6,13,,2,4,4,4,official_observed_reference,952a235bd91c1f7d4eac3448e3f8a2dff8d2ff8b41b2b4ce1107341760161cdc
2024-07-26,Kuttiadi,4.5941,98.8842,3.8032,198.4,8,1,,5,5,5,official_observed_reference,952a235bd91c1f7d4eac3448e3f8a2dff8d2ff8b41b2b4ce1107341760161cdc
2024-07-26,Panniar,0.6114,13.4404,0.5169,32.4,,,,2,2,2,official_observed_reference,952a235bd91c1f7d4eac3448e3f8a2dff8d2ff8b41b2b4ce1107341760161cdc
2024-07-26,Neriamangalam,1.6248,40.116,1.5429,69.6,6,,,4,4,4,official_observed_reference,952a235bd91c1f7d4eac3448e3f8a2dff8d2ff8b41b2b4ce1107341760161cdc
2024-07-26,Lower Periyar,3.877,80.279,3.0877,166,7,,,3,3,3,official_observed_reference,952a235bd91c1f7d4eac3448e3f8a2dff8d2ff8b41b2b4ce1107341760161cdc
2024-07-26,"Poringalkuthu, PLBE",1.3045,33.2105,1.2773,54.88,6,,,6,6,6,official_observed_reference,952a235bd91c1f7d4eac3448e3f8a2dff8d2ff8b41b2b4ce1107341760161cdc
2024-07-26,Sengulam,0.3106,9.9176,0.3814,44.8,,,,4,,4,official_observed_reference,952a235bd91c1f7d4eac3448e3f8a2dff8d2ff8b41b2b4ce1107341760161cdc
2024-07-26,Kakkad,0.8749,21.2446,0.8171,37.56,3,,,2,2,2,official_observed_reference,952a235bd91c1f7d4eac3448e3f8a2dff8d2ff8b41b2b4ce1107341760161cdc
2024-07-26,Kallada,0.332,6.146,0.2364,14,,,,2,2,2,official_observed_reference,952a235bd91c1f7d4eac3448e3f8a2dff8d2ff8b41b2b4ce1107341760161cdc
2024-07-26,Malankara,0.0761,1.8749,0.0721,3.6,8,,,2,2,2,official_observed_reference,952a235bd91c1f7d4eac3448e3f8a2dff8d2ff8b41b2b4ce1107341760161cdc
2024-07-26,Maniyar,0.1464,4.1249,0.1587,,,,,3,2,3,official_observed_reference,952a235bd91c1f7d4eac3448e3f8a2dff8d2ff8b41b2b4ce1107341760161cdc
2024-07-26,Kuthungal,0.2894,4.6583,0.1792,14.4,11,,,3,2,2,official_observed_reference,952a235bd91c1f7d4eac3448e3f8a2dff8d2ff8b41b2b4ce1107341760161cdc
2024-07-27,Idukki,10.984,204.608,7.5781,616,20,1,,5,5,5,official_observed_reference,9976c8bf749d73cc0ca013432f9073cff37a6879357e40bb3dfd567970fbcfa3
2024-07-27,Sabarigiri,5.4743,136.5681,5.0581,301.4,19,,,6,6,6,official_observed_reference,9976c8bf749d73cc0ca013432f9073cff37a6879357e40bb3dfd567970fbcfa3
2024-07-27,Idamalayar,0.9754,17.342,0.6423,64.2,21,,,2,1,2,official_observed_reference,9976c8bf749d73cc0ca013432f9073cff37a6879357e40bb3dfd567970fbcfa3
2024-07-27,Sholayar,0.1983,6.7837,0.2512,36.2,19,1,,2,,2,official_observed_reference,9976c8bf749d73cc0ca013432f9073cff37a6879357e40bb3dfd567970fbcfa3
2024-07-27,Pallivasal,0.4881,13.0596,0.4837,20.6,7,,2,4,4,4,official_observed_reference,9976c8bf749d73cc0ca013432f9073cff37a6879357e40bb3dfd567970fbcfa3
2024-07-27,Kuttiadi,4.6413,103.5255,3.8343,198.6,12,1,,5,5,5,official_observed_reference,9976c8bf749d73cc0ca013432f9073cff37a6879357e40bb3dfd567970fbcfa3
2024-07-27,Panniar,0.612,14.0524,0.5205,32.6,12,,,2,1,2,official_observed_reference,9976c8bf749d73cc0ca013432f9073cff37a6879357e40bb3dfd567970fbcfa3
2024-07-27,Neriamangalam,1.6309,41.7469,1.5462,70,16,,,4,4,4,official_observed_reference,9976c8bf749d73cc0ca013432f9073cff37a6879357e40bb3dfd567970fbcfa3
2024-07-27,Lower Periyar,3.877,84.156,3.1169,166,,,,3,3,3,official_observed_reference,9976c8bf749d73cc0ca013432f9073cff37a6879357e40bb3dfd567970fbcfa3
2024-07-27,"Poringalkuthu, PLBE",1.2837,34.4942,1.2776,54.76,9,,,6,6,6,official_observed_reference,9976c8bf749d73cc0ca013432f9073cff37a6879357e40bb3dfd567970fbcfa3
2024-07-27,Sengulam,0.5476,10.4652,0.3876,51,20,,,4,4,4,official_observed_reference,9976c8bf749d73cc0ca013432f9073cff37a6879357e40bb3dfd567970fbcfa3
2024-07-27,Kakkad,0.8532,22.0979,0.8184,36.56,1,,,2,2,2,official_observed_reference,9976c8bf749d73cc0ca013432f9073cff37a6879357e40bb3dfd567970fbcfa3
2024-07-27,Kallada,0.3308,6.4768,0.2399,13.8,,,,2,2,2,official_observed_reference,9976c8bf749d73cc0ca013432f9073cff37a6879357e40bb3dfd567970fbcfa3
2024-07-27,Malankara,0.0771,1.952,0.0723,3.6,,,,2,2,2,official_observed_reference,9976c8bf749d73cc0ca013432f9073cff37a6879357e40bb3dfd567970fbcfa3
2024-07-27,Maniyar,0.1341,4.2591,0.1577,,,,,3,2,3,official_observed_reference,9976c8bf749d73cc0ca013432f9073cff37a6879357e40bb3dfd567970fbcfa3
2024-07-27,Kuthungal,0.2073,4.8656,0.1802,10,,,,3,2,2,official_observed_reference,9976c8bf749d73cc0ca013432f9073cff37a6879357e40bb3dfd567970fbcfa3
2024-07-28,Idukki,6.752,211.36,7.5486,622,21,1,,5,4,4,official_observed_reference,22039b42eeb6364b8a95040f7b672202a5c3f36786e5a261324eb06347a62051
2024-07-28,Sabarigiri,4.6299,141.198,5.0428,301.4,2,,,6,6,6,official_observed_reference,22039b42eeb6364b8a95040f7b672202a5c3f36786e5a261324eb06347a62051
2024-07-28,Idamalayar,1.0777,18.4197,0.6578,63.6,2,,,2,2,2,official_observed_reference,22039b42eeb6364b8a95040f7b672202a5c3f36786e5a261324eb06347a62051
2024-07-28,Sholayar,0.0476,6.8313,0.244,36.2,,1,,2,,2,official_observed_reference,22039b42eeb6364b8a95040f7b672202a5c3f36786e5a261324eb06347a62051
2024-07-28,Pallivasal,0.4869,13.5465,0.4838,20.4,,,2,4,4,4,official_observed_reference,22039b42eeb6364b8a95040f7b672202a5c3f36786e5a261324eb06347a62051
2024-07-28,Kuttiadi,4.6028,108.1283,3.8617,199,10,1,,5,5,5,official_observed_reference,22039b42eeb6364b8a95040f7b672202a5c3f36786e5a261324eb06347a62051
2024-07-28,Panniar,0.7755,14.8279,0.5296,32.4,,,,2,2,2,official_observed_reference,22039b42eeb6364b8a95040f7b672202a5c3f36786e5a261324eb06347a62051
2024-07-28,Neriamangalam,1.628,43.3749,1.5491,69.4,14,,,4,4,4,official_observed_reference,22039b42eeb6364b8a95040f7b672202a5c3f36786e5a261324eb06347a62051
2024-07-28,Lower Periyar,3.873,88.029,3.1439,166,2,,,3,3,3,official_observed_reference,22039b42eeb6364b8a95040f7b672202a5c3f36786e5a261324eb06347a62051
2024-07-28,"Poringalkuthu, PLBE",1.2436,35.7378,1.2763,54.44,6,,,6,6,6,official_observed_reference,22039b42eeb6364b8a95040f7b672202a5c3f36786e5a261324eb06347a62051
2024-07-28,Sengulam,0.3572,10.8224,0.3865,51.8,21,,,4,,4,official_observed_reference,22039b42eeb6364b8a95040f7b672202a5c3f36786e5a261324eb06347a62051
2024-07-28,Kakkad,0.7479,22.8458,0.8159,37.74,23,,,2,2,2,official_observed_reference,22039b42eeb6364b8a95040f7b672202a5c3f36786e5a261324eb06347a62051
2024-07-28,Kallada,0.3298,6.8066,0.2431,13.8,,,,2,2,2,official_observed_reference,22039b42eeb6364b8a95040f7b672202a5c3f36786e5a261324eb06347a62051
2024-07-28,Malankara,0.0735,2.0255,0.0723,3.6,,,,2,2,2,official_observed_reference,22039b42eeb6364b8a95040f7b672202a5c3f36786e5a261324eb06347a62051
2024-07-28,Maniyar,0.1335,4.3926,0.1569,,,,,3,2,3,official_observed_reference,22039b42eeb6364b8a95040f7b672202a5c3f36786e5a261324eb06347a62051
2024-07-28,Kuthungal,0.1892,5.0548,0.1805,11.6,11,,,3,1,2,official_observed_reference,22039b42eeb6364b8a95040f7b672202a5c3f36786e5a261324eb06347a62051
2024-07-29,Idukki,10.901,222.261,7.6642,618,2,1,,5,5,5,official_observed_reference,e313c6a9efd0377000d2aba26a493f33d5b01f966ce020874c6661b50bce590c
2024-07-29,Sabarigiri,5.2676,146.4656,5.0505,301.6,,,,6,6,6,official_observed_reference,e313c6a9efd0377000d2aba26a493f33d5b01f966ce020874c6661b50bce590c
2024-07-29,Idamalayar,1.414,19.8337,0.6839,64,17,,,2,2,2,official_observed_reference,e313c6a9efd0377000d2aba26a493f33d5b01f966ce020874c6661b50bce590c
2024-07-29,Sholayar,0.2051,7.0364,0.2426,36.4,21,1,,2,,2,official_observed_reference,e313c6a9efd0377000d2aba26a493f33d5b01f966ce020874c6661b50bce590c
2024-07-29,Pallivasal,0.4873,14.0338,0.4839,20.4,1,,2,4,4,4,official_observed_reference,e313c6a9efd0377000d2aba26a493f33d5b01f966ce020874c6661b50bce590c
2024-07-29,Kuttiadi,4.6894,112.8177,3.8903,201,8,1,,5,5,5,official_observed_reference,e313c6a9efd0377000d2aba26a493f33d5b01f966ce020874c6661b50bce590c
2024-07-29,Panniar,0.7748,15.6027,0.538,32.4,,,,2,2,2,official_observed_reference,e313c6a9efd0377000d2aba26a493f33d5b01f966ce020874c6661b50bce590c
2024-07-29,Neriamangalam,1.6259,45.0008,1.5518,70.2,7,,,4,4,4,official_observed_reference,e313c6a9efd0377000d2aba26a493f33d5b01f966ce020874c6661b50bce590c
2024-07-29,Lower Periyar,3.856,91.885,3.1684,166,10,,,3,3,3,official_observed_reference,e313c6a9efd0377000d2aba26a493f33d5b01f966ce020874c6661b50bce590c
2024-07-29,"Poringalkuthu, PLBE",1.3008,37.0386,1.2772,54.78,20,,,6,5,6,official_observed_reference,e313c6a9efd0377000d2aba26a493f33d5b01f966ce020874c6661b50bce590c
2024-07-29,Sengulam,0.4824,11.3048,0.3898,51.6,21,,,4,,4,official_observed_reference,e313c6a9efd0377000d2aba26a493f33d5b01f966ce020874c6661b50bce590c
2024-07-29,Kakkad,0.9015,23.7473,0.8189,38.36,3,,,2,2,2,official_observed_reference,e313c6a9efd0377000d2aba26a493f33d5b01f966ce020874c6661b50bce590c
2024-07-29,Kallada,0.333,7.1396,0.2462,14.2,23,,,2,2,2,official_observed_reference,e313c6a9efd0377000d2aba26a493f33d5b01f966ce020874c6661b50bce590c
2024-07-29,Malankara,0.066,2.0915,0.0721,3.6,1,,,2,2,2,official_observed_reference,e313c6a9efd0377000d2aba26a493f33d5b01f966ce020874c6661b50bce590c
2024-07-29,Maniyar,0.2161,4.6087,0.1589,,,,,3,3,3,official_observed_reference,e313c6a9efd0377000d2aba26a493f33d5b01f966ce020874c6661b50bce590c
2024-07-29,Kuthungal,0.2996,5.3544,0.1846,20,21,,,3,2,3,official_observed_reference,e313c6a9efd0377000d2aba26a493f33d5b01f966ce020874c6661b50bce590c
2024-07-30,Idukki,8.8,231.061,7.702,618,1,1,,5,5,5,official_observed_reference,aa16a1472e3d4f34e82c81dab7ddfc1c33f26693efc266c8c1e5f20f77eea90d
2024-07-30,Sabarigiri,6.0973,152.5629,5.0854,301.4,13,,,6,6,6,official_observed_reference,aa16a1472e3d4f34e82c81dab7ddfc1c33f26693efc266c8c1e5f20f77eea90d
2024-07-30,Idamalayar,1.4217,21.2554,0.7085,65.4,19,,,2,2,2,official_observed_reference,aa16a1472e3d4f34e82c81dab7ddfc1c33f26693efc266c8c1e5f20f77eea90d
2024-07-30,Sholayar,0.3476,7.384,0.2461,54.4,22,1,,2,,2,official_observed_reference,aa16a1472e3d4f34e82c81dab7ddfc1c33f26693efc266c8c1e5f20f77eea90d
2024-07-30,Pallivasal,0.4848,14.5186,0.484,20.4,6,,2,4,4,4,official_observed_reference,aa16a1472e3d4f34e82c81dab7ddfc1c33f26693efc266c8c1e5f20f77eea90d
2024-07-30,Kuttiadi,4.6852,117.5029,3.9168,200.2,10,1,,5,5,5,official_observed_reference,aa16a1472e3d4f34e82c81dab7ddfc1c33f26693efc266c8c1e5f20f77eea90d
2024-07-30,Panniar,0.7742,16.3769,0.5459,32.8,16,,,2,2,2,official_observed_reference,aa16a1472e3d4f34e82c81dab7ddfc1c33f26693efc266c8c1e5f20f77eea90d
2024-07-30,Neriamangalam,1.5946,46.5954,1.5532,68.8,,,,4,4,4,official_observed_reference,aa16a1472e3d4f34e82c81dab7ddfc1c33f26693efc266c8c1e5f20f77eea90d
2024-07-30,Lower Periyar,3.814,95.699,3.19,166,12,,,3,3,3,official_observed_reference,aa16a1472e3d4f34e82c81dab7ddfc1c33f26693efc266c8c1e5f20f77eea90d
2024-07-30,"Poringalkuthu, PLBE",1.2956,38.3341,1.2778,54.44,4,,,6,5,6,official_observed_reference,aa16a1472e3d4f34e82c81dab7ddfc1c33f26693efc266c8c1e5f20f77eea90d
2024-07-30,Sengulam,0.4057,11.7105,0.3904,46.6,1,,,4,2,4,official_observed_reference,aa16a1472e3d4f34e82c81dab7ddfc1c33f26693efc266c8c1e5f20f77eea90d
2024-07-30,Kakkad,0.9282,24.6755,0.8225,39.64,2,,,2,2,2,official_observed_reference,aa16a1472e3d4f34e82c81dab7ddfc1c33f26693efc266c8c1e5f20f77eea90d
2024-07-30,Kallada,0.3375,7.4771,0.2492,14.2,6,,,2,2,2,official_observed_reference,aa16a1472e3d4f34e82c81dab7ddfc1c33f26693efc266c8c1e5f20f77eea90d
2024-07-30,Malankara,0.0567,2.1482,0.0716,3,,,,2,2,2,official_observed_reference,aa16a1472e3d4f34e82c81dab7ddfc1c33f26693efc266c8c1e5f20f77eea90d
2024-07-30,Maniyar,0.1775,4.7862,0.1595,,,,,3,3,3,official_observed_reference,aa16a1472e3d4f34e82c81dab7ddfc1c33f26693efc266c8c1e5f20f77eea90d
2024-07-30,Kuthungal,0.4149,5.7693,0.1923,20.2,1,,,3,2,3,official_observed_reference,aa16a1472e3d4f34e82c81dab7ddfc1c33f26693efc266c8c1e5f20f77eea90d
2024-07-31,Idukki,7.816,238.877,7.7057,612,20,1,,5,3,5,official_observed_reference,5ebe30d0e4d2237bf8e6224afafe9709a92422a9ff117aefc5269a29a53c08ad
2024-07-31,Sabarigiri,6.8871,159.45,5.1435,301.8,21,,,6,6,6,official_observed_reference,5ebe30d0e4d2237bf8e6224afafe9709a92422a9ff117aefc5269a29a53c08ad
2024-07-31,Idamalayar,1.5013,22.7567,0.7341,66.4,18,,,2,2,2,official_observed_reference,5ebe30d0e4d2237bf8e6224afafe9709a92422a9ff117aefc5269a29a53c08ad
2024-07-31,Sholayar,0.4966,7.8806,0.2542,54.6,21,,,3,,3,official_observed_reference,5ebe30d0e4d2237bf8e6224afafe9709a92422a9ff117aefc5269a29a53c08ad
2024-07-31,Pallivasal,0.4867,15.0053,0.484,20.4,,,2,4,4,4,official_observed_reference,5ebe30d0e4d2237bf8e6224afafe9709a92422a9ff117aefc5269a29a53c08ad
2024-07-31,Kuttiadi,4.625,122.1279,3.9396,200,6,1,,5,5,5,official_observed_reference,5ebe30d0e4d2237bf8e6224afafe9709a92422a9ff117aefc5269a29a53c08ad
2024-07-31,Panniar,0.7754,17.1523,0.5533,32.6,4,,,2,2,2,official_observed_reference,5ebe30d0e4d2237bf8e6224afafe9709a92422a9ff117aefc5269a29a53c08ad
2024-07-31,Neriamangalam,1.5985,48.1939,1.5546,68.6,21,,,4,4,4,official_observed_reference,5ebe30d0e4d2237bf8e6224afafe9709a92422a9ff117aefc5269a29a53c08ad
2024-07-31,Lower Periyar,3.725,99.424,3.2072,166,4,,,3,3,3,official_observed_reference,5ebe30d0e4d2237bf8e6224afafe9709a92422a9ff117aefc5269a29a53c08ad
2024-07-31,"Poringalkuthu, PLBE",1.2835,39.6177,1.278,53.94,13,,,6,6,6,official_observed_reference,5ebe30d0e4d2237bf8e6224afafe9709a92422a9ff117aefc5269a29a53c08ad
2024-07-31,Sengulam,0.4148,12.1253,0.3911,51.2,19,,,4,2,4,official_observed_reference,5ebe30d0e4d2237bf8e6224afafe9709a92422a9ff117aefc5269a29a53c08ad
2024-07-31,Kakkad,0.8963,25.5718,0.8249,39.28,,,,2,2,2,official_observed_reference,5ebe30d0e4d2237bf8e6224afafe9709a92422a9ff117aefc5269a29a53c08ad
2024-07-31,Kallada,0.3387,7.8158,0.2521,14.2,,,,2,2,2,official_observed_reference,5ebe30d0e4d2237bf8e6224afafe9709a92422a9ff117aefc5269a29a53c08ad
2024-07-31,Malankara,0.0693,2.2175,0.0715,3.6,2,,,2,2,2,official_observed_reference,5ebe30d0e4d2237bf8e6224afafe9709a92422a9ff117aefc5269a29a53c08ad
2024-07-31,Maniyar,0.1722,4.9585,0.16,,,,,3,3,3,official_observed_reference,5ebe30d0e4d2237bf8e6224afafe9709a92422a9ff117aefc5269a29a53c08ad
2024-07-31,Kuthungal,0.3348,6.1041,0.1969,16.8,16,,,3,2,3,official_observed_reference,5ebe30d0e4d2237bf8e6224afafe9709a92422a9ff117aefc5269a29a53c08ad
2024-08-01,Idukki,11.144,11.144,11.144,618,20,1,,5,5,5,official_observed_reference,3d8441690b5c8b3b2623b09c23c6afa15ead1ec0016541e36881c595d7c704ee
2024-08-01,Sabarigiri,7.0585,7.0585,7.0585,301.8,,,,6,6,6,official_observed_reference,3d8441690b5c8b3b2623b09c23c6afa15ead1ec0016541e36881c595d7c704ee
2024-08-01,Idamalayar,1.5401,1.5401,1.5401,66.6,20,,,2,2,2,official_observed_reference,3d8441690b5c8b3b2623b09c23c6afa15ead1ec0016541e36881c595d7c704ee
2024-08-01,Sholayar,1.2916,1.2916,1.2916,54.6,8,,,3,3,3,official_observed_reference,3d8441690b5c8b3b2623b09c23c6afa15ead1ec0016541e36881c595d7c704ee
2024-08-01,Pallivasal,0.4872,0.4872,0.4872,20.4,,,2,4,4,4,official_observed_reference,3d8441690b5c8b3b2623b09c23c6afa15ead1ec0016541e36881c595d7c704ee
2024-08-01,Kuttiadi,4.6938,4.6938,4.6938,200.2,20,1,,5,5,5,official_observed_reference,3d8441690b5c8b3b2623b09c23c6afa15ead1ec0016541e36881c595d7c704ee
2024-08-01,Panniar,0.7755,0.7755,0.7755,32.4,,,,2,2,2,official_observed_reference,3d8441690b5c8b3b2623b09c23c6afa15ead1ec0016541e36881c595d7c704ee
2024-08-01,Neriamangalam,1.6093,1.6093,1.6093,69,20,,,4,4,4,official_observed_reference,3d8441690b5c8b3b2623b09c23c6afa15ead1ec0016541e36881c595d7c704ee
2024-08-01,Lower Periyar,3.893,3.893,3.893,168,22,,,3,3,3,official_observed_reference,3d8441690b5c8b3b2623b09c23c6afa15ead1ec0016541e36881c595d7c704ee
2024-08-01,"Poringalkuthu, PLBE",1.2722,1.2722,1.2722,53.64,,,,6,6,6,official_observed_reference,3d8441690b5c8b3b2623b09c23c6afa15ead1ec0016541e36881c595d7c704ee
2024-08-01,Sengulam,0.441,0.441,0.441,43.8,,,,4,2,3,official_observed_reference,3d8441690b5c8b3b2623b09c23c6afa15ead1ec0016541e36881c595d7c704ee
2024-08-01,Kakkad,0.9058,0.9058,0.9058,37.86,10,,,2,2,2,official_observed_reference,3d8441690b5c8b3b2623b09c23c6afa15ead1ec0016541e36881c595d7c704ee
2024-08-01,Kallada,0.3377,0.3377,0.3377,14.2,,,,2,2,2,official_observed_reference,3d8441690b5c8b3b2623b09c23c6afa15ead1ec0016541e36881c595d7c704ee
2024-08-01,Malankara,0.0699,0.0699,0.0699,3.6,7,,,2,2,2,official_observed_reference,3d8441690b5c8b3b2623b09c23c6afa15ead1ec0016541e36881c595d7c704ee
2024-08-01,Maniyar,0.1873,0.1873,0.1873,,,,,3,3,3,official_observed_reference,3d8441690b5c8b3b2623b09c23c6afa15ead1ec0016541e36881c595d7c704ee
2024-08-01,Kuthungal,0.3411,0.3411,0.3411,14.8,,,,3,2,2,official_observed_reference,3d8441690b5c8b3b2623b09c23c6afa15ead1ec0016541e36881c595d7c704ee
2024-08-02,Idukki,12.123,23.267,11.6335,622,20,1,,5,5,5,official_observed_reference,8ca5fd6ddc927ef9dd396ac20cd26dcb17797386eb033d29ce4b6d4bbb310831
2024-08-02,Sabarigiri,6.948,14.0065,7.0033,302,5,,,6,6,6,official_observed_reference,8ca5fd6ddc927ef9dd396ac20cd26dcb17797386eb033d29ce4b6d4bbb310831
2024-08-02,Idamalayar,1.5617,3.1018,1.5509,67.2,9,,,2,2,2,official_observed_reference,8ca5fd6ddc927ef9dd396ac20cd26dcb17797386eb033d29ce4b6d4bbb310831
2024-08-02,Sholayar,1.2848,2.5764,1.2882,54.6,9,,,3,3,3,official_observed_reference,8ca5fd6ddc927ef9dd396ac20cd26dcb17797386eb033d29ce4b6d4bbb310831
2024-08-02,Pallivasal,0.4873,0.9745,0.4873,20.6,7,,2,4,4,4,official_observed_reference,8ca5fd6ddc927ef9dd396ac20cd26dcb17797386eb033d29ce4b6d4bbb310831
2024-08-02,Kuttiadi,4.6685,9.3623,4.6812,199,10,1,,5,5,5,official_observed_reference,8ca5fd6ddc927ef9dd396ac20cd26dcb17797386eb033d29ce4b6d4bbb310831
2024-08-02,Panniar,0.7755,1.551,0.7755,32.6,21,,,2,2,2,official_observed_reference,8ca5fd6ddc927ef9dd396ac20cd26dcb17797386eb033d29ce4b6d4bbb310831
2024-08-02,Neriamangalam,1.6112,3.2205,1.6103,69,5,,,4,4,4,official_observed_reference,8ca5fd6ddc927ef9dd396ac20cd26dcb17797386eb033d29ce4b6d4bbb310831
2024-08-02,Lower Periyar,3.899,7.792,3.896,168,5,,,3,3,3,official_observed_reference,8ca5fd6ddc927ef9dd396ac20cd26dcb17797386eb033d29ce4b6d4bbb310831
2024-08-02,"Poringalkuthu, PLBE",1.2569,2.5291,1.2646,52.82,,,,6,6,6,official_observed_reference,8ca5fd6ddc927ef9dd396ac20cd26dcb17797386eb033d29ce4b6d4bbb310831
2024-08-02,Sengulam,0.3054,0.7464,0.3732,36.4,,,,4,1,,official_observed_reference,8ca5fd6ddc927ef9dd396ac20cd26dcb17797386eb033d29ce4b6d4bbb310831
2024-08-02,Kakkad,0.9054,1.8111,0.9056,38.32,9,,,2,2,2,official_observed_reference,8ca5fd6ddc927ef9dd396ac20cd26dcb17797386eb033d29ce4b6d4bbb310831
2024-08-02,Kallada,0.3367,0.6744,0.3372,14.2,,,,2,2,2,official_observed_reference,8ca5fd6ddc927ef9dd396ac20cd26dcb17797386eb033d29ce4b6d4bbb310831
2024-08-02,Malankara,0.0759,0.1458,0.0729,3.6,,,,2,2,2,official_observed_reference,8ca5fd6ddc927ef9dd396ac20cd26dcb17797386eb033d29ce4b6d4bbb310831
2024-08-02,Maniyar,0.2044,0.3917,0.1958,,,,,3,3,3,official_observed_reference,8ca5fd6ddc927ef9dd396ac20cd26dcb17797386eb033d29ce4b6d4bbb310831
2024-08-02,Kuthungal,0.2776,0.6187,0.3094,15,21,,,3,,,official_observed_reference,8ca5fd6ddc927ef9dd396ac20cd26dcb17797386eb033d29ce4b6d4bbb310831
2024-08-03,Idukki,12.607,35.874,11.958,620,,1,,5,5,5,official_observed_reference,3691a43a8b4357eda16d8527ef0d8fdff15c4d7cf58ee63914ccd9175790efd0
2024-08-03,Sabarigiri,6.2076,20.2141,6.738,301,2,,,6,6,6,official_observed_reference,3691a43a8b4357eda16d8527ef0d8fdff15c4d7cf58ee63914ccd9175790efd0
2024-08-03,Idamalayar,1.5501,4.6519,1.5506,67.4,4,,,2,,2,official_observed_reference,3691a43a8b4357eda16d8527ef0d8fdff15c4d7cf58ee63914ccd9175790efd0
2024-08-03,Sholayar,1.102,3.6784,1.2261,54.6,3,,,3,2,3,official_observed_reference,3691a43a8b4357eda16d8527ef0d8fdff15c4d7cf58ee63914ccd9175790efd0
2024-08-03,Pallivasal,0.4865,1.461,0.487,20.4,,,2,4,4,4,official_observed_reference,3691a43a8b4357eda16d8527ef0d8fdff15c4d7cf58ee63914ccd9175790efd0
2024-08-03,Kuttiadi,4.6683,14.0306,4.6769,199.8,15,1,,5,5,5,official_observed_reference,3691a43a8b4357eda16d8527ef0d8fdff15c4d7cf58ee63914ccd9175790efd0
2024-08-03,Panniar,0.7755,2.3265,0.7755,32.6,15,,,2,2,2,official_observed_reference,3691a43a8b4357eda16d8527ef0d8fdff15c4d7cf58ee63914ccd9175790efd0
2024-08-03,Neriamangalam,1.6032,4.8237,1.6079,69.6,,,,4,4,4,official_observed_reference,3691a43a8b4357eda16d8527ef0d8fdff15c4d7cf58ee63914ccd9175790efd0
2024-08-03,Lower Periyar,3.902,11.694,3.898,168,22,,,3,3,3,official_observed_reference,3691a43a8b4357eda16d8527ef0d8fdff15c4d7cf58ee63914ccd9175790efd0
2024-08-03,"Poringalkuthu, PLBE",1.2602,3.7893,1.2631,53.24,21,,,6,6,6,official_observed_reference,3691a43a8b4357eda16d8527ef0d8fdff15c4d7cf58ee63914ccd9175790efd0
2024-08-03,Sengulam,0.4734,1.2198,0.4066,50.6,20,,,4,,4,official_observed_reference,3691a43a8b4357eda16d8527ef0d8fdff15c4d7cf58ee63914ccd9175790efd0
2024-08-03,Kakkad,0.9012,2.7123,0.9041,38.54,13,,,2,2,2,official_observed_reference,3691a43a8b4357eda16d8527ef0d8fdff15c4d7cf58ee63914ccd9175790efd0
2024-08-03,Kallada,0.3346,1.009,0.3363,14.2,,,,2,2,2,official_observed_reference,3691a43a8b4357eda16d8527ef0d8fdff15c4d7cf58ee63914ccd9175790efd0
2024-08-03,Malankara,0.0762,0.222,0.074,3.6,1,,,2,2,2,official_observed_reference,3691a43a8b4357eda16d8527ef0d8fdff15c4d7cf58ee63914ccd9175790efd0
2024-08-03,Maniyar,0.1808,0.5725,0.1908,,,,,3,3,3,official_observed_reference,3691a43a8b4357eda16d8527ef0d8fdff15c4d7cf58ee63914ccd9175790efd0
2024-08-03,Kuthungal,0.32,0.9387,0.3129,16.2,14,,,3,3,3,official_observed_reference,3691a43a8b4357eda16d8527ef0d8fdff15c4d7cf58ee63914ccd9175790efd0
2024-08-04,Idukki,11.236,47.11,11.7775,620,16,1,,5,5,5,official_observed_reference,c7c974ae83f853c1eeba34dc642f0370fa366863fecd5959b8c0e449c74c0c74
2024-08-04,Sabarigiri,5.613,25.8271,6.4568,301,3,,,6,4,6,official_observed_reference,c7c974ae83f853c1eeba34dc642f0370fa366863fecd5959b8c0e449c74c0c74
2024-08-04,Idamalayar,1.3868,6.0387,1.5097,66,1,,,2,1,2,official_observed_reference,c7c974ae83f853c1eeba34dc642f0370fa366863fecd5959b8c0e449c74c0c74
2024-08-04,Sholayar,1.1827,4.8611,1.2153,54.6,,,,3,3,3,official_observed_reference,c7c974ae83f853c1eeba34dc642f0370fa366863fecd5959b8c0e449c74c0c74
2024-08-04,Pallivasal,0.4866,1.9476,0.4869,20.4,,,2,4,4,4,official_observed_reference,c7c974ae83f853c1eeba34dc642f0370fa366863fecd5959b8c0e449c74c0c74
2024-08-04,Kuttiadi,4.4421,18.4727,4.6182,197.4,,1,,5,5,5,official_observed_reference,c7c974ae83f853c1eeba34dc642f0370fa366863fecd5959b8c0e449c74c0c74
2024-08-04,Panniar,0.7759,3.1024,0.7756,32.4,,,,2,2,2,official_observed_reference,c7c974ae83f853c1eeba34dc642f0370fa366863fecd5959b8c0e449c74c0c74
2024-08-04,Neriamangalam,1.597,6.4207,1.6052,68.8,21,,,4,4,4,official_observed_reference,c7c974ae83f853c1eeba34dc642f0370fa366863fecd5959b8c0e449c74c0c74
2024-08-04,Lower Periyar,3.884,15.578,3.8945,168,3,,,3,3,3,official_observed_reference,c7c974ae83f853c1eeba34dc642f0370fa366863fecd5959b8c0e449c74c0c74
2024-08-04,"Poringalkuthu, PLBE",1.2652,5.0545,1.2636,53.36,4,,,6,6,6,official_observed_reference,c7c974ae83f853c1eeba34dc642f0370fa366863fecd5959b8c0e449c74c0c74
2024-08-04,Sengulam,0.2983,1.5181,0.3795,51.2,19,,,4,,4,official_observed_reference,c7c974ae83f853c1eeba34dc642f0370fa366863fecd5959b8c0e449c74c0c74
2024-08-04,Kakkad,0.8854,3.5976,0.8994,38.24,9,,,2,2,2,official_observed_reference,c7c974ae83f853c1eeba34dc642f0370fa366863fecd5959b8c0e449c74c0c74
2024-08-04,Kallada,0.3332,1.3422,0.3356,14.2,1,,,2,2,2,official_observed_reference,c7c974ae83f853c1eeba34dc642f0370fa366863fecd5959b8c0e449c74c0c74
2024-08-04,Malankara,0.0723,0.2943,0.0736,3.6,1,,,2,2,2,official_observed_reference,c7c974ae83f853c1eeba34dc642f0370fa366863fecd5959b8c0e449c74c0c74
2024-08-04,Maniyar,0.1657,0.7382,0.1845,,,,,3,1,3,official_observed_reference,c7c974ae83f853c1eeba34dc642f0370fa366863fecd5959b8c0e449c74c0c74
2024-08-04,Kuthungal,0.2548,1.1935,0.2984,11.2,,,,3,2,2,official_observed_reference,c7c974ae83f853c1eeba34dc642f0370fa366863fecd5959b8c0e449c74c0c74
2024-08-05,Idukki,13.897,61.007,12.2014,622,11,1,,5,5,5,official_observed_reference,7f24229b362a03437604b279ced840f580b9758b9805899ec964dec0cc5adb1e
2024-08-05,Sabarigiri,6.3212,32.1483,6.4297,301,21,,,6,6,6,official_observed_reference,7f24229b362a03437604b279ced840f580b9758b9805899ec964dec0cc5adb1e
2024-08-05,Idamalayar,1.5709,7.6096,1.5219,66.4,18,,,2,2,2,official_observed_reference,7f24229b362a03437604b279ced840f580b9758b9805899ec964dec0cc5adb1e
2024-08-05,Sholayar,1.3035,6.1646,1.2329,54.6,7,,,3,3,3,official_observed_reference,7f24229b362a03437604b279ced840f580b9758b9805899ec964dec0cc5adb1e
2024-08-05,Pallivasal,0.486,2.4336,0.4867,20.4,4,,2,4,4,4,official_observed_reference,7f24229b362a03437604b279ced840f580b9758b9805899ec964dec0cc5adb1e
2024-08-05,Kuttiadi,4.0465,22.5192,4.5038,174.4,13,1,,5,5,5,official_observed_reference,7f24229b362a03437604b279ced840f580b9758b9805899ec964dec0cc5adb1e
2024-08-05,Panniar,0.7761,3.8785,0.7757,32.4,,,,2,2,2,official_observed_reference,7f24229b362a03437604b279ced840f580b9758b9805899ec964dec0cc5adb1e
2024-08-05,Neriamangalam,1.6146,8.0353,1.6071,68.8,2,,,4,4,4,official_observed_reference,7f24229b362a03437604b279ced840f580b9758b9805899ec964dec0cc5adb1e
2024-08-05,Lower Periyar,3.876,19.454,3.8908,166,8,,,3,3,3,official_observed_reference,7f24229b362a03437604b279ced840f580b9758b9805899ec964dec0cc5adb1e
2024-08-05,"Poringalkuthu, PLBE",1.2663,6.3208,1.2642,53.22,17,,,6,6,6,official_observed_reference,7f24229b362a03437604b279ced840f580b9758b9805899ec964dec0cc5adb1e
2024-08-05,Sengulam,0.397,1.9151,0.383,51.2,21,,,4,1,4,official_observed_reference,7f24229b362a03437604b279ced840f580b9758b9805899ec964dec0cc5adb1e
2024-08-05,Kakkad,0.8023,4.4,0.88,38.54,16,,,2,2,2,official_observed_reference,7f24229b362a03437604b279ced840f580b9758b9805899ec964dec0cc5adb1e
2024-08-05,Kallada,0.3322,1.6744,0.3349,14.2,7,,,2,2,2,official_observed_reference,7f24229b362a03437604b279ced840f580b9758b9805899ec964dec0cc5adb1e
2024-08-05,Malankara,0.0717,0.366,0.0732,3.6,7,,,2,2,2,official_observed_reference,7f24229b362a03437604b279ced840f580b9758b9805899ec964dec0cc5adb1e
2024-08-05,Maniyar,0.1378,0.8759,0.1752,,,,,3,3,3,official_observed_reference,7f24229b362a03437604b279ced840f580b9758b9805899ec964dec0cc5adb1e
2024-08-05,Kuthungal,0.2379,1.4314,0.2863,14,10,,,3,2,2,official_observed_reference,7f24229b362a03437604b279ced840f580b9758b9805899ec964dec0cc5adb1e
2024-08-06,Idukki,12.552,73.559,12.2598,636,6,1,,5,5,5,official_observed_reference,3980956b475c5cc573b598ab0f1f62f40ef0a09ca0f5d956fe2517da2b184278
2024-08-06,Sabarigiri,7.0537,39.202,6.5337,301,5,,,6,6,6,official_observed_reference,3980956b475c5cc573b598ab0f1f62f40ef0a09ca0f5d956fe2517da2b184278
2024-08-06,Idamalayar,1.5865,9.1961,1.5327,67.4,18,,,2,2,2,official_observed_reference,3980956b475c5cc573b598ab0f1f62f40ef0a09ca0f5d956fe2517da2b184278
2024-08-06,Sholayar,1.2917,7.4563,1.2427,54.6,13,,,3,3,3,official_observed_reference,3980956b475c5cc573b598ab0f1f62f40ef0a09ca0f5d956fe2517da2b184278
2024-08-06,Pallivasal,0.486,2.9196,0.4866,20.4,1,,2,4,4,4,official_observed_reference,3980956b475c5cc573b598ab0f1f62f40ef0a09ca0f5d956fe2517da2b184278
2024-08-06,Kuttiadi,4.0773,26.5965,4.4328,175.8,10,1,,5,5,5,official_observed_reference,3980956b475c5cc573b598ab0f1f62f40ef0a09ca0f5d956fe2517da2b184278
2024-08-06,Panniar,0.7761,4.6546,0.7758,32.4,,,,2,2,2,official_observed_reference,3980956b475c5cc573b598ab0f1f62f40ef0a09ca0f5d956fe2517da2b184278
2024-08-06,Neriamangalam,1.6152,9.6505,1.6084,69.2,15,,,4,4,4,official_observed_reference,3980956b475c5cc573b598ab0f1f62f40ef0a09ca0f5d956fe2517da2b184278
2024-08-06,Lower Periyar,3.877,23.331,3.8885,166,,,,3,3,3,official_observed_reference,3980956b475c5cc573b598ab0f1f62f40ef0a09ca0f5d956fe2517da2b184278
2024-08-06,"Poringalkuthu, PLBE",1.2672,7.588,1.2647,53.5,9,,,6,6,6,official_observed_reference,3980956b475c5cc573b598ab0f1f62f40ef0a09ca0f5d956fe2517da2b184278
2024-08-06,Sengulam,0.4314,2.3465,0.3911,50.8,19,,,4,2,4,official_observed_reference,3980956b475c5cc573b598ab0f1f62f40ef0a09ca0f5d956fe2517da2b184278
2024-08-06,Kakkad,0.9215,5.3215,0.8869,38.62,13,,,2,2,2,official_observed_reference,3980956b475c5cc573b598ab0f1f62f40ef0a09ca0f5d956fe2517da2b184278
2024-08-06,Kallada,0.3302,2.0046,0.3341,14,,,,2,2,2,official_observed_reference,3980956b475c5cc573b598ab0f1f62f40ef0a09ca0f5d956fe2517da2b184278
2024-08-06,Malankara,0.0747,0.4407,0.0735,3.6,,,,2,2,2,official_observed_reference,3980956b475c5cc573b598ab0f1f62f40ef0a09ca0f5d956fe2517da2b184278
2024-08-06,Maniyar,0.1488,1.0247,0.1708,,,,,3,2,3,official_observed_reference,3980956b475c5cc573b598ab0f1f62f40ef0a09ca0f5d956fe2517da2b184278
2024-08-06,Kuthungal,0.2134,1.6448,0.2741,9.4,,,,3,2,2,official_observed_reference,3980956b475c5cc573b598ab0f1f62f40ef0a09ca0f5d956fe2517da2b184278
2024-08-07,Idukki,13.566,87.125,12.4464,622,2,1,,5,5,5,official_observed_reference,70427ec6fd80b577f04a5dc85e003fa3aa1fd4f558c2288af044047a25864d7f
2024-08-07,Sabarigiri,6.3852,45.5872,6.5125,301,1,,,6,6,5,official_observed_reference,70427ec6fd80b577f04a5dc85e003fa3aa1fd4f558c2288af044047a25864d7f
2024-08-07,Idamalayar,1.5575,10.7536,1.5362,67.8,,,,2,2,2,official_observed_reference,70427ec6fd80b577f04a5dc85e003fa3aa1fd4f558c2288af044047a25864d7f
2024-08-07,Sholayar,1.3032,8.7595,1.2514,54.6,,,,3,3,3,official_observed_reference,70427ec6fd80b577f04a5dc85e003fa3aa1fd4f558c2288af044047a25864d7f
2024-08-07,Pallivasal,0.4686,3.3882,0.484,20.4,,,2,4,4,4,official_observed_reference,70427ec6fd80b577f04a5dc85e003fa3aa1fd4f558c2288af044047a25864d7f
2024-08-07,Kuttiadi,4.1102,30.7067,4.3867,174.2,7,1,,5,5,5,official_observed_reference,70427ec6fd80b577f04a5dc85e003fa3aa1fd4f558c2288af044047a25864d7f
2024-08-07,Panniar,0.7761,5.4307,0.7758,32.4,,,,2,2,2,official_observed_reference,70427ec6fd80b577f04a5dc85e003fa3aa1fd4f558c2288af044047a25864d7f
2024-08-07,Neriamangalam,1.6152,11.2657,1.6094,69.2,22,,,4,4,4,official_observed_reference,70427ec6fd80b577f04a5dc85e003fa3aa1fd4f558c2288af044047a25864d7f
2024-08-07,Lower Periyar,3.876,27.207,3.8867,166,3,,,3,3,3,official_observed_reference,70427ec6fd80b577f04a5dc85e003fa3aa1fd4f558c2288af044047a25864d7f
2024-08-07,"Poringalkuthu, PLBE",1.2657,8.8537,1.2648,53.2,3,,,6,6,6,official_observed_reference,70427ec6fd80b577f04a5dc85e003fa3aa1fd4f558c2288af044047a25864d7f
2024-08-07,Sengulam,0.3007,2.6472,0.3782,50.6,18,,,4,1,4,official_observed_reference,70427ec6fd80b577f04a5dc85e003fa3aa1fd4f558c2288af044047a25864d7f
2024-08-07,Kakkad,0.907,6.2285,0.8898,38.56,6,,,2,2,2,official_observed_reference,70427ec6fd80b577f04a5dc85e003fa3aa1fd4f558c2288af044047a25864d7f
2024-08-07,Kallada,0.3296,2.3342,0.3335,13.8,,,,2,2,2,official_observed_reference,70427ec6fd80b577f04a5dc85e003fa3aa1fd4f558c2288af044047a25864d7f
2024-08-07,Malankara,0.0744,0.5151,0.0736,3.6,,,,2,2,2,official_observed_reference,70427ec6fd80b577f04a5dc85e003fa3aa1fd4f558c2288af044047a25864d7f
2024-08-07,Maniyar,0.1479,1.1725,0.1675,,,,,3,2,3,official_observed_reference,70427ec6fd80b577f04a5dc85e003fa3aa1fd4f558c2288af044047a25864d7f
2024-08-07,Kuthungal,0.2145,1.8593,0.2656,14,11,,,3,2,2,official_observed_reference,70427ec6fd80b577f04a5dc85e003fa3aa1fd4f558c2288af044047a25864d7f
2024-08-08,Idukki,12.543,99.668,12.4585,616,,1,,5,5,5,official_observed_reference,b4bf561d9329bd6f0f9e804cc126c1a0b20cb78a02f7b7ab6b9b49b9fabdbe1d
2024-08-08,Sabarigiri,6.4648,52.052,6.5065,321.6,21,,,6,6,6,official_observed_reference,b4bf561d9329bd6f0f9e804cc126c1a0b20cb78a02f7b7ab6b9b49b9fabdbe1d
2024-08-08,Idamalayar,1.5197,12.2733,1.5342,67.8,6,,,2,2,2,official_observed_reference,b4bf561d9329bd6f0f9e804cc126c1a0b20cb78a02f7b7ab6b9b49b9fabdbe1d
2024-08-08,Sholayar,1.0818,9.8413,1.2302,54.6,2,,,3,3,3,official_observed_reference,b4bf561d9329bd6f0f9e804cc126c1a0b20cb78a02f7b7ab6b9b49b9fabdbe1d
2024-08-08,Pallivasal,0.4861,3.8743,0.4843,20.4,,,2,4,4,4,official_observed_reference,b4bf561d9329bd6f0f9e804cc126c1a0b20cb78a02f7b7ab6b9b49b9fabdbe1d
2024-08-08,Kuttiadi,4.0579,34.7646,4.3456,175.4,14,1,,5,5,5,official_observed_reference,b4bf561d9329bd6f0f9e804cc126c1a0b20cb78a02f7b7ab6b9b49b9fabdbe1d
2024-08-08,Panniar,0.7761,6.2068,0.7759,32.4,,,,2,2,2,official_observed_reference,b4bf561d9329bd6f0f9e804cc126c1a0b20cb78a02f7b7ab6b9b49b9fabdbe1d
2024-08-08,Neriamangalam,1.6167,12.8824,1.6103,69.4,5,,,4,4,4,official_observed_reference,b4bf561d9329bd6f0f9e804cc126c1a0b20cb78a02f7b7ab6b9b49b9fabdbe1d
2024-08-08,Lower Periyar,3.878,31.085,3.8856,166,10,,,3,3,3,official_observed_reference,b4bf561d9329bd6f0f9e804cc126c1a0b20cb78a02f7b7ab6b9b49b9fabdbe1d
2024-08-08,"Poringalkuthu, PLBE",1.2638,10.1175,1.2647,53.22,1,,,6,5,6,official_observed_reference,b4bf561d9329bd6f0f9e804cc126c1a0b20cb78a02f7b7ab6b9b49b9fabdbe1d
2024-08-08,Sengulam,0.437,3.0842,0.3855,51.6,21,,,4,,4,official_observed_reference,b4bf561d9329bd6f0f9e804cc126c1a0b20cb78a02f7b7ab6b9b49b9fabdbe1d
2024-08-08,Kakkad,0.9034,7.1319,0.8915,38.34,3,,,2,2,2,official_observed_reference,b4bf561d9329bd6f0f9e804cc126c1a0b20cb78a02f7b7ab6b9b49b9fabdbe1d
2024-08-08,Kallada,0.3291,2.6633,0.3329,13.8,1,,,2,2,2,official_observed_reference,b4bf561d9329bd6f0f9e804cc126c1a0b20cb78a02f7b7ab6b9b49b9fabdbe1d
2024-08-08,Malankara,0.0774,0.5925,0.0741,3.6,1,,,2,2,2,official_observed_reference,b4bf561d9329bd6f0f9e804cc126c1a0b20cb78a02f7b7ab6b9b49b9fabdbe1d
2024-08-08,Maniyar,0.1272,1.2997,0.1625,,,,,3,3,3,official_observed_reference,b4bf561d9329bd6f0f9e804cc126c1a0b20cb78a02f7b7ab6b9b49b9fabdbe1d
2024-08-08,Kuthungal,0.1946,2.0539,0.2567,11.6,10,,,3,3,3,official_observed_reference,b4bf561d9329bd6f0f9e804cc126c1a0b20cb78a02f7b7ab6b9b49b9fabdbe1d
2024-08-09,Idukki,10.27,109.938,12.2153,618,20,1,,5,5,5,official_observed_reference,498c4f253e8cc5bd8b20fdc0785b7c98fda5f246d491c86b787963fdb40f227f
2024-08-09,Sabarigiri,5.3985,57.4505,6.3834,326.8,,,,6,6,5,official_observed_reference,498c4f253e8cc5bd8b20fdc0785b7c98fda5f246d491c86b787963fdb40f227f
2024-08-09,Idamalayar,1.5421,13.8154,1.535,67.6,15,,,2,2,2,official_observed_reference,498c4f253e8cc5bd8b20fdc0785b7c98fda5f246d491c86b787963fdb40f227f
2024-08-09,Sholayar,1.235,11.0763,1.2307,54.6,15,,,3,3,3,official_observed_reference,498c4f253e8cc5bd8b20fdc0785b7c98fda5f246d491c86b787963fdb40f227f
2024-08-09,Pallivasal,0.4863,4.3606,0.4845,20.4,,,2,4,4,4,official_observed_reference,498c4f253e8cc5bd8b20fdc0785b7c98fda5f246d491c86b787963fdb40f227f
2024-08-09,Kuttiadi,3.7822,38.5468,4.283,197,20,1,,5,4,5,official_observed_reference,498c4f253e8cc5bd8b20fdc0785b7c98fda5f246d491c86b787963fdb40f227f
2024-08-09,Panniar,0.7761,6.9829,0.7759,32.4,,,,2,2,2,official_observed_reference,498c4f253e8cc5bd8b20fdc0785b7c98fda5f246d491c86b787963fdb40f227f
2024-08-09,Neriamangalam,1.5667,14.4491,1.6055,69,14,,,4,4,4,official_observed_reference,498c4f253e8cc5bd8b20fdc0785b7c98fda5f246d491c86b787963fdb40f227f
2024-08-09,Lower Periyar,3.879,34.964,3.8849,166,15,,,3,3,3,official_observed_reference,498c4f253e8cc5bd8b20fdc0785b7c98fda5f246d491c86b787963fdb40f227f
2024-08-09,"Poringalkuthu, PLBE",1.2618,11.3793,1.2644,53.12,,,,6,5,6,official_observed_reference,498c4f253e8cc5bd8b20fdc0785b7c98fda5f246d491c86b787963fdb40f227f
2024-08-09,Sengulam,0.3493,3.4335,0.3815,51.4,21,,,4,,4,official_observed_reference,498c4f253e8cc5bd8b20fdc0785b7c98fda5f246d491c86b787963fdb40f227f
2024-08-09,Kakkad,0.8828,8.0147,0.8905,38.56,1,,,2,2,2,official_observed_reference,498c4f253e8cc5bd8b20fdc0785b7c98fda5f246d491c86b787963fdb40f227f
2024-08-09,Kallada,0.3278,2.9911,0.3323,13.8,1,,,2,,2,official_observed_reference,498c4f253e8cc5bd8b20fdc0785b7c98fda5f246d491c86b787963fdb40f227f
2024-08-09,Malankara,0.0756,0.6681,0.0742,3.6,1,,,2,2,2,official_observed_reference,498c4f253e8cc5bd8b20fdc0785b7c98fda5f246d491c86b787963fdb40f227f
2024-08-09,Maniyar,0.1311,1.4308,0.159,,,,,3,2,2,official_observed_reference,498c4f253e8cc5bd8b20fdc0785b7c98fda5f246d491c86b787963fdb40f227f
2024-08-09,Kuthungal,0.1825,2.2364,0.2485,9.2,15,,,3,1,2,official_observed_reference,498c4f253e8cc5bd8b20fdc0785b7c98fda5f246d491c86b787963fdb40f227f
2024-08-10,Idukki,10.613,120.551,12.0551,612,23,1,,5,5,5,official_observed_reference,53a07517f5385354c0043f03b219313f3894701f600cf0bafba32a1e9230e064
2024-08-10,Sabarigiri,5.042,62.4925,6.2493,326.2,19,,,6,6,6,official_observed_reference,53a07517f5385354c0043f03b219313f3894701f600cf0bafba32a1e9230e064
2024-08-10,Idamalayar,1.5074,15.3228,1.5323,68.2,19,,,2,2,2,official_observed_reference,53a07517f5385354c0043f03b219313f3894701f600cf0bafba32a1e9230e064
2024-08-10,Sholayar,1.0973,12.1736,1.2174,54.6,18,,,3,3,3,official_observed_reference,53a07517f5385354c0043f03b219313f3894701f600cf0bafba32a1e9230e064
2024-08-10,Pallivasal,0.4853,4.8459,0.4846,20.4,,,2,4,,4,official_observed_reference,53a07517f5385354c0043f03b219313f3894701f600cf0bafba32a1e9230e064
2024-08-10,Kuttiadi,4.5667,43.1135,4.3114,198.4,15,1,,5,5,5,official_observed_reference,53a07517f5385354c0043f03b219313f3894701f600cf0bafba32a1e9230e064
2024-08-10,Panniar,0.7762,7.7591,0.7759,32.4,,,,2,2,2,official_observed_reference,53a07517f5385354c0043f03b219313f3894701f600cf0bafba32a1e9230e064
2024-08-10,Neriamangalam,1.6084,16.0575,1.6058,69,4,,,4,4,4,official_observed_reference,53a07517f5385354c0043f03b219313f3894701f600cf0bafba32a1e9230e064
2024-08-10,Lower Periyar,3.756,38.72,3.872,164,,,,3,3,3,official_observed_reference,53a07517f5385354c0043f03b219313f3894701f600cf0bafba32a1e9230e064
2024-08-10,"Poringalkuthu, PLBE",1.2602,12.6394,1.2639,53.04,11,,,6,6,6,official_observed_reference,53a07517f5385354c0043f03b219313f3894701f600cf0bafba32a1e9230e064
2024-08-10,Sengulam,0.2714,3.7049,0.3705,51.2,22,,,4,,4,official_observed_reference,53a07517f5385354c0043f03b219313f3894701f600cf0bafba32a1e9230e064
2024-08-10,Kakkad,0.7239,8.7386,0.8739,36.22,23,,,2,2,2,official_observed_reference,53a07517f5385354c0043f03b219313f3894701f600cf0bafba32a1e9230e064
2024-08-10,Kallada,0.3264,3.3175,0.3318,13.8,1,,,2,2,2,official_observed_reference,53a07517f5385354c0043f03b219313f3894701f600cf0bafba32a1e9230e064
2024-08-10,Malankara,0.0762,0.7443,0.0744,3.6,2,,,2,2,2,official_observed_reference,53a07517f5385354c0043f03b219313f3894701f600cf0bafba32a1e9230e064
2024-08-10,Maniyar,0.0969,1.5277,0.1528,,,,,3,1,2,official_observed_reference,53a07517f5385354c0043f03b219313f3894701f600cf0bafba32a1e9230e064
2024-08-10,Kuthungal,0.2145,2.4509,0.2451,15,22,,,3,1,2,official_observed_reference,53a07517f5385354c0043f03b219313f3894701f600cf0bafba32a1e9230e064
2024-08-11,Idukki,8.421,128.972,11.7247,620,22,1,,5,5,5,official_observed_reference,ffda69a69450d2e5ff4ba4e088e5490bb1ba7e56ffde82e7ebd049c14ca46eb3
2024-08-11,Sabarigiri,4.6967,67.1892,6.1081,321,22,,,6,5,6,official_observed_reference,ffda69a69450d2e5ff4ba4e088e5490bb1ba7e56ffde82e7ebd049c14ca46eb3
2024-08-11,Idamalayar,1.4746,16.7974,1.527,69,15,,,2,2,2,official_observed_reference,ffda69a69450d2e5ff4ba4e088e5490bb1ba7e56ffde82e7ebd049c14ca46eb3
2024-08-11,Sholayar,1.1316,13.3052,1.2096,54.6,16,,,3,3,3,official_observed_reference,ffda69a69450d2e5ff4ba4e088e5490bb1ba7e56ffde82e7ebd049c14ca46eb3
2024-08-11,Pallivasal,0.4859,5.3318,0.4847,20.4,1,,2,4,4,4,official_observed_reference,ffda69a69450d2e5ff4ba4e088e5490bb1ba7e56ffde82e7ebd049c14ca46eb3
2024-08-11,Kuttiadi,4.2072,47.3207,4.3019,199.6,8,1,,5,5,5,official_observed_reference,ffda69a69450d2e5ff4ba4e088e5490bb1ba7e56ffde82e7ebd049c14ca46eb3
2024-08-11,Panniar,0.7761,8.5352,0.7759,32.4,,,,2,2,2,official_observed_reference,ffda69a69450d2e5ff4ba4e088e5490bb1ba7e56ffde82e7ebd049c14ca46eb3
2024-08-11,Neriamangalam,1.585,17.6425,1.6039,68.4,21,,,4,4,4,official_observed_reference,ffda69a69450d2e5ff4ba4e088e5490bb1ba7e56ffde82e7ebd049c14ca46eb3
2024-08-11,Lower Periyar,3.706,42.426,3.8569,164,22,,,3,3,3,official_observed_reference,ffda69a69450d2e5ff4ba4e088e5490bb1ba7e56ffde82e7ebd049c14ca46eb3
2024-08-11,"Poringalkuthu, PLBE",1.2582,13.8976,1.2634,52.9,8,,,6,6,6,official_observed_reference,ffda69a69450d2e5ff4ba4e088e5490bb1ba7e56ffde82e7ebd049c14ca46eb3
2024-08-11,Sengulam,0.3819,4.0868,0.3715,51.4,22,,,4,,4,official_observed_reference,ffda69a69450d2e5ff4ba4e088e5490bb1ba7e56ffde82e7ebd049c14ca46eb3
2024-08-11,Kakkad,0.7665,9.5051,0.8641,37.64,23,,,2,2,2,official_observed_reference,ffda69a69450d2e5ff4ba4e088e5490bb1ba7e56ffde82e7ebd049c14ca46eb3
2024-08-11,Kallada,0.3258,3.6433,0.3312,13.8,9,,,2,2,2,official_observed_reference,ffda69a69450d2e5ff4ba4e088e5490bb1ba7e56ffde82e7ebd049c14ca46eb3
2024-08-11,Malankara,0.0813,0.8256,0.0751,3.6,,,,2,2,2,official_observed_reference,ffda69a69450d2e5ff4ba4e088e5490bb1ba7e56ffde82e7ebd049c14ca46eb3
2024-08-11,Maniyar,0.1095,1.6371,0.1488,,,,,3,2,2,official_observed_reference,ffda69a69450d2e5ff4ba4e088e5490bb1ba7e56ffde82e7ebd049c14ca46eb3
2024-08-11,Kuthungal,0.3101,2.761,0.251,14.6,,,,3,2,2,official_observed_reference,ffda69a69450d2e5ff4ba4e088e5490bb1ba7e56ffde82e7ebd049c14ca46eb3
2024-08-13,Idukki,10.488,149.973,11.5364,622,21,1,,5,5,5,official_observed_reference,600f819102ff9ef76d2b59f83af25967b4d7c2e297e3421b7ad63cdf23f63ea1
2024-08-13,Sabarigiri,5.6218,78.0248,6.0019,325.6,19,,,6,6,6,official_observed_reference,600f819102ff9ef76d2b59f83af25967b4d7c2e297e3421b7ad63cdf23f63ea1
2024-08-13,Idamalayar,1.5896,19.9143,1.5319,68,5,,,2,2,2,official_observed_reference,600f819102ff9ef76d2b59f83af25967b4d7c2e297e3421b7ad63cdf23f63ea1
2024-08-13,Sholayar,1.0682,15.4857,1.1912,54.6,20,,,3,3,3,official_observed_reference,600f819102ff9ef76d2b59f83af25967b4d7c2e297e3421b7ad63cdf23f63ea1
2024-08-13,Pallivasal,0.4855,6.3021,0.4848,20.4,3,,2,4,4,4,official_observed_reference,600f819102ff9ef76d2b59f83af25967b4d7c2e297e3421b7ad63cdf23f63ea1
2024-08-13,Kuttiadi,4.4713,55.9892,4.3069,197,1,1,,5,5,5,official_observed_reference,600f819102ff9ef76d2b59f83af25967b4d7c2e297e3421b7ad63cdf23f63ea1
2024-08-13,Panniar,0.7761,10.0867,0.7759,32.4,,,,2,2,2,official_observed_reference,600f819102ff9ef76d2b59f83af25967b4d7c2e297e3421b7ad63cdf23f63ea1
2024-08-13,Neriamangalam,1.584,20.8302,1.6023,68.8,10,,,4,4,4,official_observed_reference,600f819102ff9ef76d2b59f83af25967b4d7c2e297e3421b7ad63cdf23f63ea1
2024-08-13,Lower Periyar,3.863,50.146,3.8574,166,10,,,3,3,3,official_observed_reference,600f819102ff9ef76d2b59f83af25967b4d7c2e297e3421b7ad63cdf23f63ea1
2024-08-13,"Poringalkuthu, PLBE",1.1594,16.3071,1.2544,53.18,10,,,6,6,6,official_observed_reference,600f819102ff9ef76d2b59f83af25967b4d7c2e297e3421b7ad63cdf23f63ea1
2024-08-13,Sengulam,0.3625,4.8566,0.3736,51.4,21,,,4,,4,official_observed_reference,600f819102ff9ef76d2b59f83af25967b4d7c2e297e3421b7ad63cdf23f63ea1
2024-08-13,Kakkad,0.8806,11.2037,0.8618,38.26,,,,2,2,2,official_observed_reference,600f819102ff9ef76d2b59f83af25967b4d7c2e297e3421b7ad63cdf23f63ea1
2024-08-13,Kallada,0.3224,4.2901,0.33,13.8,3,,,2,2,2,official_observed_reference,600f819102ff9ef76d2b59f83af25967b4d7c2e297e3421b7ad63cdf23f63ea1
2024-08-13,Malankara,0.0801,0.9883,0.076,3.6,,,,2,2,2,official_observed_reference,600f819102ff9ef76d2b59f83af25967b4d7c2e297e3421b7ad63cdf23f63ea1
2024-08-13,Maniyar,0.1735,1.939,0.1492,,,,,3,2,3,official_observed_reference,600f819102ff9ef76d2b59f83af25967b4d7c2e297e3421b7ad63cdf23f63ea1
2024-08-13,Kuthungal,0.3347,3.3693,0.2592,14.6,1,,,3,2,2,official_observed_reference,600f819102ff9ef76d2b59f83af25967b4d7c2e297e3421b7ad63cdf23f63ea1
2024-08-14,Idukki,11.409,161.382,11.5273,624,19,1,,5,5,5,official_observed_reference,71f4a985b01611eb3e51dde13ca5e5a495c42c35763bffabe0a0b2c9633b6e1e
2024-08-14,Sabarigiri,5.5866,83.6114,5.9722,325.8,19,,,6,6,6,official_observed_reference,71f4a985b01611eb3e51dde13ca5e5a495c42c35763bffabe0a0b2c9633b6e1e
2024-08-14,Idamalayar,1.6099,21.5242,1.5374,67.4,7,,,2,2,2,official_observed_reference,71f4a985b01611eb3e51dde13ca5e5a495c42c35763bffabe0a0b2c9633b6e1e
2024-08-14,Sholayar,1.1909,16.6766,1.1912,54.6,5,,,3,3,3,official_observed_reference,71f4a985b01611eb3e51dde13ca5e5a495c42c35763bffabe0a0b2c9633b6e1e
2024-08-14,Pallivasal,0.4851,6.7872,0.4848,20.4,6,,2,4,4,4,official_observed_reference,71f4a985b01611eb3e51dde13ca5e5a495c42c35763bffabe0a0b2c9633b6e1e
2024-08-14,Kuttiadi,4.6665,60.6557,4.3326,198,9,1,,5,5,5,official_observed_reference,71f4a985b01611eb3e51dde13ca5e5a495c42c35763bffabe0a0b2c9633b6e1e
2024-08-14,Panniar,0.7762,10.8629,0.7759,32.4,,,,2,2,2,official_observed_reference,71f4a985b01611eb3e51dde13ca5e5a495c42c35763bffabe0a0b2c9633b6e1e
2024-08-14,Neriamangalam,1.5981,22.4283,1.602,68.6,19,,,4,4,4,official_observed_reference,71f4a985b01611eb3e51dde13ca5e5a495c42c35763bffabe0a0b2c9633b6e1e
2024-08-14,Lower Periyar,3.872,54.018,3.8584,166,1,,,3,3,3,official_observed_reference,71f4a985b01611eb3e51dde13ca5e5a495c42c35763bffabe0a0b2c9633b6e1e
2024-08-14,"Poringalkuthu, PLBE",0.8963,17.2034,1.2288,37.54,13,,,6,5,5,official_observed_reference,71f4a985b01611eb3e51dde13ca5e5a495c42c35763bffabe0a0b2c9633b6e1e
2024-08-14,Sengulam,0.3998,5.2564,0.3755,52,19,,,4,2,4,official_observed_reference,71f4a985b01611eb3e51dde13ca5e5a495c42c35763bffabe0a0b2c9633b6e1e
2024-08-14,Kakkad,0.8797,12.0834,0.8631,37.98,23,,,2,2,2,official_observed_reference,71f4a985b01611eb3e51dde13ca5e5a495c42c35763bffabe0a0b2c9633b6e1e
2024-08-14,Kallada,0.3215,4.6116,0.3294,13.6,,,,2,2,2,official_observed_reference,71f4a985b01611eb3e51dde13ca5e5a495c42c35763bffabe0a0b2c9633b6e1e
2024-08-14,Malankara,0.0806,1.0689,0.0764,3.6,,,,2,2,2,official_observed_reference,71f4a985b01611eb3e51dde13ca5e5a495c42c35763bffabe0a0b2c9633b6e1e
2024-08-14,Maniyar,0.1635,2.1025,0.1502,,,,,3,2,3,official_observed_reference,71f4a985b01611eb3e51dde13ca5e5a495c42c35763bffabe0a0b2c9633b6e1e
2024-08-14,Kuthungal,0.3365,3.7058,0.2647,14.6,8,,,3,2,2,official_observed_reference,71f4a985b01611eb3e51dde13ca5e5a495c42c35763bffabe0a0b2c9633b6e1e
2024-08-15,Idukki,8.084,169.466,11.2977,680,,1,,5,5,4,official_observed_reference,15cecca024e42764e1d89ba9ad8cc4d0e4a94720ba825fa3cf3a7062dfd17caf
2024-08-15,Sabarigiri,5.1626,88.774,5.9183,325.8,,,,6,6,6,official_observed_reference,15cecca024e42764e1d89ba9ad8cc4d0e4a94720ba825fa3cf3a7062dfd17caf
2024-08-15,Idamalayar,1.5461,23.0703,1.538,67.6,18,,,2,2,2,official_observed_reference,15cecca024e42764e1d89ba9ad8cc4d0e4a94720ba825fa3cf3a7062dfd17caf
2024-08-15,Sholayar,1.1172,17.7938,1.1863,54.6,20,,,3,3,3,official_observed_reference,15cecca024e42764e1d89ba9ad8cc4d0e4a94720ba825fa3cf3a7062dfd17caf
2024-08-15,Pallivasal,0.4848,7.272,0.4848,20.4,6,,2,4,4,4,official_observed_reference,15cecca024e42764e1d89ba9ad8cc4d0e4a94720ba825fa3cf3a7062dfd17caf
2024-08-15,Kuttiadi,4.5174,65.1731,4.3449,198,20,1,,5,5,5,official_observed_reference,15cecca024e42764e1d89ba9ad8cc4d0e4a94720ba825fa3cf3a7062dfd17caf
2024-08-15,Panniar,0.7761,11.639,0.7759,32.4,1,,,2,2,2,official_observed_reference,15cecca024e42764e1d89ba9ad8cc4d0e4a94720ba825fa3cf3a7062dfd17caf
2024-08-15,Neriamangalam,1.6016,24.0299,1.602,68.6,9,,,4,4,4,official_observed_reference,15cecca024e42764e1d89ba9ad8cc4d0e4a94720ba825fa3cf3a7062dfd17caf
2024-08-15,Lower Periyar,3.871,57.889,3.8593,166,6,,,3,3,3,official_observed_reference,15cecca024e42764e1d89ba9ad8cc4d0e4a94720ba825fa3cf3a7062dfd17caf
2024-08-15,"Poringalkuthu, PLBE",0.8942,18.0976,1.2065,37.4,3,,1,5,5,5,official_observed_reference,15cecca024e42764e1d89ba9ad8cc4d0e4a94720ba825fa3cf3a7062dfd17caf
2024-08-15,Sengulam,0.3467,5.6031,0.3735,51.6,21,,,4,4,4,official_observed_reference,15cecca024e42764e1d89ba9ad8cc4d0e4a94720ba825fa3cf3a7062dfd17caf
2024-08-15,Kakkad,0.7767,12.8601,0.8573,37.98,23,,,2,2,2,official_observed_reference,15cecca024e42764e1d89ba9ad8cc4d0e4a94720ba825fa3cf3a7062dfd17caf
2024-08-15,Kallada,0.3206,4.9322,0.3288,13.4,,,,2,2,2,official_observed_reference,15cecca024e42764e1d89ba9ad8cc4d0e4a94720ba825fa3cf3a7062dfd17caf
2024-08-15,Malankara,0.0782,1.1471,0.0765,3.6,1,,,2,2,2,official_observed_reference,15cecca024e42764e1d89ba9ad8cc4d0e4a94720ba825fa3cf3a7062dfd17caf
2024-08-15,Maniyar,0.1443,2.2468,0.1498,,,,,3,2,3,official_observed_reference,15cecca024e42764e1d89ba9ad8cc4d0e4a94720ba825fa3cf3a7062dfd17caf
2024-08-15,Kuthungal,0.3174,4.0232,0.2682,14.6,8,,,3,2,2,official_observed_reference,15cecca024e42764e1d89ba9ad8cc4d0e4a94720ba825fa3cf3a7062dfd17caf
2024-08-16,Idukki,11.674,181.14,11.3213,614,19,1,,5,5,5,official_observed_reference,fa4837342b4356912ed6e1a2e62fc5eacff37e34af37a6de43aff85f30437504
2024-08-16,Sabarigiri,5.7355,94.5095,5.9068,326.6,7,,,6,6,6,official_observed_reference,fa4837342b4356912ed6e1a2e62fc5eacff37e34af37a6de43aff85f30437504
2024-08-16,Idamalayar,1.6053,24.6756,1.5422,67.6,7,,,2,2,2,official_observed_reference,fa4837342b4356912ed6e1a2e62fc5eacff37e34af37a6de43aff85f30437504
2024-08-16,Sholayar,1.1678,18.9616,1.1851,54.6,1,,,3,3,3,official_observed_reference,fa4837342b4356912ed6e1a2e62fc5eacff37e34af37a6de43aff85f30437504
2024-08-16,Pallivasal,0.4844,7.7564,0.4848,20.4,3,,2,4,4,4,official_observed_reference,fa4837342b4356912ed6e1a2e62fc5eacff37e34af37a6de43aff85f30437504
2024-08-16,Kuttiadi,4.3019,69.475,4.3422,199,19,1,,5,4,5,official_observed_reference,fa4837342b4356912ed6e1a2e62fc5eacff37e34af37a6de43aff85f30437504
2024-08-16,Panniar,0.7761,12.4151,0.7759,32.4,,,,2,2,2,official_observed_reference,fa4837342b4356912ed6e1a2e62fc5eacff37e34af37a6de43aff85f30437504
2024-08-16,Neriamangalam,1.6027,25.6326,1.602,68.6,7,,,4,4,4,official_observed_reference,fa4837342b4356912ed6e1a2e62fc5eacff37e34af37a6de43aff85f30437504
2024-08-16,Lower Periyar,3.868,61.757,3.8598,168,3,,,3,3,3,official_observed_reference,fa4837342b4356912ed6e1a2e62fc5eacff37e34af37a6de43aff85f30437504
2024-08-16,"Poringalkuthu, PLBE",0.8917,18.9893,1.1868,37.38,7,,1,5,5,5,official_observed_reference,fa4837342b4356912ed6e1a2e62fc5eacff37e34af37a6de43aff85f30437504
2024-08-16,Sengulam,0.4894,6.0925,0.3808,50.8,,,,4,1,4,official_observed_reference,fa4837342b4356912ed6e1a2e62fc5eacff37e34af37a6de43aff85f30437504
2024-08-16,Kakkad,0.8976,13.7577,0.8599,38.54,9,,,2,2,2,official_observed_reference,fa4837342b4356912ed6e1a2e62fc5eacff37e34af37a6de43aff85f30437504
2024-08-16,Kallada,0.3194,5.2516,0.3282,13.6,23,,,2,2,2,official_observed_reference,fa4837342b4356912ed6e1a2e62fc5eacff37e34af37a6de43aff85f30437504
2024-08-16,Malankara,0.0797,1.2267,0.0767,3.75,18,,,2,2,2,official_observed_reference,fa4837342b4356912ed6e1a2e62fc5eacff37e34af37a6de43aff85f30437504
2024-08-16,Maniyar,0.1763,2.4231,0.1514,,,,,3,2,3,official_observed_reference,fa4837342b4356912ed6e1a2e62fc5eacff37e34af37a6de43aff85f30437504
2024-08-16,Kuthungal,0.2462,4.2694,0.2668,14,13,,,3,2,2,official_observed_reference,fa4837342b4356912ed6e1a2e62fc5eacff37e34af37a6de43aff85f30437504
2024-08-17,Idukki,10.073,191.213,11.2478,734,22,,,6,6,6,official_observed_reference,73d96ebb94457970fdafc22451aa24f4e2fd03a14d54949cc6262b6c5782e7ac
2024-08-17,Sabarigiri,3.7546,98.2641,5.7802,325.6,23,,,6,6,6,official_observed_reference,73d96ebb94457970fdafc22451aa24f4e2fd03a14d54949cc6262b6c5782e7ac
2024-08-17,Idamalayar,1.4884,26.164,1.5391,68,21,,,2,2,2,official_observed_reference,73d96ebb94457970fdafc22451aa24f4e2fd03a14d54949cc6262b6c5782e7ac
2024-08-17,Sholayar,1.1594,20.121,1.1836,54.6,,,,3,3,3,official_observed_reference,73d96ebb94457970fdafc22451aa24f4e2fd03a14d54949cc6262b6c5782e7ac
2024-08-17,Pallivasal,0.4851,8.2415,0.4848,20.4,1,,2,4,4,4,official_observed_reference,73d96ebb94457970fdafc22451aa24f4e2fd03a14d54949cc6262b6c5782e7ac
2024-08-17,Kuttiadi,4.2884,73.7634,4.339,197.8,18,1,,5,5,5,official_observed_reference,73d96ebb94457970fdafc22451aa24f4e2fd03a14d54949cc6262b6c5782e7ac
2024-08-17,Panniar,0.6536,13.0687,0.7687,32.6,17,,,2,2,2,official_observed_reference,73d96ebb94457970fdafc22451aa24f4e2fd03a14d54949cc6262b6c5782e7ac
2024-08-17,Neriamangalam,1.6028,27.2354,1.6021,68.2,,,,4,4,4,official_observed_reference,73d96ebb94457970fdafc22451aa24f4e2fd03a14d54949cc6262b6c5782e7ac
2024-08-17,Lower Periyar,3.855,65.612,3.8595,166,5,,,3,3,3,official_observed_reference,73d96ebb94457970fdafc22451aa24f4e2fd03a14d54949cc6262b6c5782e7ac
2024-08-17,"Poringalkuthu, PLBE",0.8892,19.8785,1.1693,37.16,,,1,5,5,5,official_observed_reference,73d96ebb94457970fdafc22451aa24f4e2fd03a14d54949cc6262b6c5782e7ac
2024-08-17,Sengulam,0.6815,6.774,0.3985,50.4,,,,4,2,4,official_observed_reference,73d96ebb94457970fdafc22451aa24f4e2fd03a14d54949cc6262b6c5782e7ac
2024-08-17,Kakkad,0.9043,14.662,0.8625,40.22,1,,,2,2,2,official_observed_reference,73d96ebb94457970fdafc22451aa24f4e2fd03a14d54949cc6262b6c5782e7ac
2024-08-17,Kallada,0.3191,5.5707,0.3277,13.8,7,,,2,2,7,official_observed_reference,73d96ebb94457970fdafc22451aa24f4e2fd03a14d54949cc6262b6c5782e7ac
2024-08-17,Malankara,0.0802,1.3069,0.0769,3.6,,,,2,2,2,official_observed_reference,73d96ebb94457970fdafc22451aa24f4e2fd03a14d54949cc6262b6c5782e7ac
2024-08-17,Maniyar,0.1677,2.5908,0.1524,,,,,3,2,3,official_observed_reference,73d96ebb94457970fdafc22451aa24f4e2fd03a14d54949cc6262b6c5782e7ac
2024-08-17,Kuthungal,0.2329,4.5023,0.2648,12.2,11,,,3,2,2,official_observed_reference,73d96ebb94457970fdafc22451aa24f4e2fd03a14d54949cc6262b6c5782e7ac
2024-08-18,Idukki,7.235,198.448,11.0249,736,22,,,6,6,6,official_observed_reference,45d5561580b16c6735e19d7ba5730905c058fed3b41631f71e376e444950eef7
2024-08-18,Sabarigiri,3.8074,102.0715,5.6706,325.6,21,,,6,1,6,official_observed_reference,45d5561580b16c6735e19d7ba5730905c058fed3b41631f71e376e444950eef7
2024-08-18,Idamalayar,1.1245,27.2885,1.516,69.2,23,,,2,2,2,official_observed_reference,45d5561580b16c6735e19d7ba5730905c058fed3b41631f71e376e444950eef7
2024-08-18,Sholayar,1.113,21.234,1.1797,54.6,16,,,3,3,3,official_observed_reference,45d5561580b16c6735e19d7ba5730905c058fed3b41631f71e376e444950eef7
2024-08-18,Pallivasal,0.485,8.7265,0.4848,20.4,2,,2,4,4,4,official_observed_reference,45d5561580b16c6735e19d7ba5730905c058fed3b41631f71e376e444950eef7
2024-08-18,Kuttiadi,2.9037,76.6671,4.2593,194.2,2,1,,5,5,5,official_observed_reference,45d5561580b16c6735e19d7ba5730905c058fed3b41631f71e376e444950eef7
2024-08-18,Panniar,0.7761,13.8448,0.7692,32.4,1,,,2,2,2,official_observed_reference,45d5561580b16c6735e19d7ba5730905c058fed3b41631f71e376e444950eef7
2024-08-18,Neriamangalam,1.56,28.7954,1.5997,68.6,17,,,4,4,4,official_observed_reference,45d5561580b16c6735e19d7ba5730905c058fed3b41631f71e376e444950eef7
2024-08-18,Lower Periyar,3.807,69.419,3.8566,166,3,,,3,3,3,official_observed_reference,45d5561580b16c6735e19d7ba5730905c058fed3b41631f71e376e444950eef7
2024-08-18,"Poringalkuthu, PLBE",0.8891,20.7676,1.1538,37.16,9,,1,5,4,5,official_observed_reference,45d5561580b16c6735e19d7ba5730905c058fed3b41631f71e376e444950eef7
2024-08-18,Sengulam,0.5675,7.3415,0.4079,51,23,,,4,4,4,official_observed_reference,45d5561580b16c6735e19d7ba5730905c058fed3b41631f71e376e444950eef7
2024-08-18,Kakkad,0.8079,15.4699,0.8594,38.2,,,,2,1,2,official_observed_reference,45d5561580b16c6735e19d7ba5730905c058fed3b41631f71e376e444950eef7
2024-08-18,Kallada,0.3188,5.8895,0.3272,13.4,,,,2,,2,official_observed_reference,45d5561580b16c6735e19d7ba5730905c058fed3b41631f71e376e444950eef7
2024-08-18,Malankara,0.072,1.3789,0.0766,3.45,,,,2,2,2,official_observed_reference,45d5561580b16c6735e19d7ba5730905c058fed3b41631f71e376e444950eef7
2024-08-18,Maniyar,0.1923,2.783,0.1546,,,,,3,3,3,official_observed_reference,45d5561580b16c6735e19d7ba5730905c058fed3b41631f71e376e444950eef7
2024-08-18,Kuthungal,0.2456,4.7479,0.2638,15.4,22,,,3,2,3,official_observed_reference,45d5561580b16c6735e19d7ba5730905c058fed3b41631f71e376e444950eef7
2024-08-19,Idukki,8.914,207.362,10.9138,724,6,,,6,6,6,official_observed_reference,8608f45ace4b12fdf5f761a26ab49f8b3305fc2ea482fe00f6de125bd4ab3caf
2024-08-19,Sabarigiri,4.0389,106.1104,5.5848,327.8,18,,,6,3,6,official_observed_reference,8608f45ace4b12fdf5f761a26ab49f8b3305fc2ea482fe00f6de125bd4ab3caf
2024-08-19,Idamalayar,1.5428,28.8313,1.5174,68.8,3,,,2,2,2,official_observed_reference,8608f45ace4b12fdf5f761a26ab49f8b3305fc2ea482fe00f6de125bd4ab3caf
2024-08-19,Sholayar,1.082,22.316,1.1745,54.6,6,,,3,3,3,official_observed_reference,8608f45ace4b12fdf5f761a26ab49f8b3305fc2ea482fe00f6de125bd4ab3caf
2024-08-19,Pallivasal,0.4852,9.2117,0.4848,20.4,1,,2,4,4,4,official_observed_reference,8608f45ace4b12fdf5f761a26ab49f8b3305fc2ea482fe00f6de125bd4ab3caf
2024-08-19,Kuttiadi,3.3164,79.9835,4.2097,194.2,2,1,,5,5,5,official_observed_reference,8608f45ace4b12fdf5f761a26ab49f8b3305fc2ea482fe00f6de125bd4ab3caf
2024-08-19,Panniar,0.7762,14.621,0.7695,32.4,,,,2,2,2,official_observed_reference,8608f45ace4b12fdf5f761a26ab49f8b3305fc2ea482fe00f6de125bd4ab3caf
2024-08-19,Neriamangalam,1.6,30.3954,1.5998,68.4,7,,,4,4,4,official_observed_reference,8608f45ace4b12fdf5f761a26ab49f8b3305fc2ea482fe00f6de125bd4ab3caf
2024-08-19,Lower Periyar,3.659,73.078,3.8462,166,10,,,3,3,3,official_observed_reference,8608f45ace4b12fdf5f761a26ab49f8b3305fc2ea482fe00f6de125bd4ab3caf
2024-08-19,"Poringalkuthu, PLBE",0.8879,21.6555,1.1398,37.1,11,,1,5,4,5,official_observed_reference,8608f45ace4b12fdf5f761a26ab49f8b3305fc2ea482fe00f6de125bd4ab3caf
2024-08-19,Sengulam,0.4549,7.7964,0.4103,50.8,23,,,4,2,4,official_observed_reference,8608f45ace4b12fdf5f761a26ab49f8b3305fc2ea482fe00f6de125bd4ab3caf
2024-08-19,Kakkad,0.7532,16.2231,0.8538,37.44,,,,2,2,2,official_observed_reference,8608f45ace4b12fdf5f761a26ab49f8b3305fc2ea482fe00f6de125bd4ab3caf
2024-08-19,Kallada,0.3182,6.2077,0.3267,13.4,,,,2,2,2,official_observed_reference,8608f45ace4b12fdf5f761a26ab49f8b3305fc2ea482fe00f6de125bd4ab3caf
2024-08-19,Malankara,0.0736,1.4525,0.0764,3.45,1,,,2,2,2,official_observed_reference,8608f45ace4b12fdf5f761a26ab49f8b3305fc2ea482fe00f6de125bd4ab3caf
2024-08-19,Maniyar,0.1869,2.9699,0.1563,,,,,3,2,3,official_observed_reference,8608f45ace4b12fdf5f761a26ab49f8b3305fc2ea482fe00f6de125bd4ab3caf
2024-08-19,Kuthungal,0.2742,5.0221,0.2643,15,1,,,3,2,2,official_observed_reference,8608f45ace4b12fdf5f761a26ab49f8b3305fc2ea482fe00f6de125bd4ab3caf
2024-08-20,Idukki,7.797,215.159,10.758,736,21,,,6,4,6,official_observed_reference,f9ab1b1f378ea3acb9b3a98b28fb55d37d4235aff5fe8a48b7979aa3fbf7bc4d
2024-08-20,Sabarigiri,3.6065,109.7169,5.4858,327.6,21,,,6,3,6,official_observed_reference,f9ab1b1f378ea3acb9b3a98b28fb55d37d4235aff5fe8a48b7979aa3fbf7bc4d
2024-08-20,Idamalayar,1.4922,30.3235,1.5162,67.6,6,,,2,2,2,official_observed_reference,f9ab1b1f378ea3acb9b3a98b28fb55d37d4235aff5fe8a48b7979aa3fbf7bc4d
2024-08-20,Sholayar,1.02,23.336,1.1668,54.6,22,,,3,3,3,official_observed_reference,f9ab1b1f378ea3acb9b3a98b28fb55d37d4235aff5fe8a48b7979aa3fbf7bc4d
2024-08-20,Pallivasal,0.4845,9.6962,0.4848,20.4,13,,2,4,4,4,official_observed_reference,f9ab1b1f378ea3acb9b3a98b28fb55d37d4235aff5fe8a48b7979aa3fbf7bc4d
2024-08-20,Kuttiadi,3.0619,83.0454,4.1523,195.8,21,1,,5,5,5,official_observed_reference,f9ab1b1f378ea3acb9b3a98b28fb55d37d4235aff5fe8a48b7979aa3fbf7bc4d
2024-08-20,Panniar,0.776,15.397,0.7699,32.4,,,,2,2,2,official_observed_reference,f9ab1b1f378ea3acb9b3a98b28fb55d37d4235aff5fe8a48b7979aa3fbf7bc4d
2024-08-20,Neriamangalam,1.5984,31.9938,1.5997,68.2,,,,4,4,4,official_observed_reference,f9ab1b1f378ea3acb9b3a98b28fb55d37d4235aff5fe8a48b7979aa3fbf7bc4d
2024-08-20,Lower Periyar,3.596,76.674,3.8337,162,,,,3,3,3,official_observed_reference,f9ab1b1f378ea3acb9b3a98b28fb55d37d4235aff5fe8a48b7979aa3fbf7bc4d
2024-08-20,"Poringalkuthu, PLBE",0.8884,22.5439,1.1272,37.08,21,,1,5,5,5,official_observed_reference,f9ab1b1f378ea3acb9b3a98b28fb55d37d4235aff5fe8a48b7979aa3fbf7bc4d
2024-08-20,Sengulam,0.659,8.4554,0.4228,50.8,6,,,4,2,4,official_observed_reference,f9ab1b1f378ea3acb9b3a98b28fb55d37d4235aff5fe8a48b7979aa3fbf7bc4d
2024-08-20,Kakkad,0.6694,16.8925,0.8446,40.16,20,,,2,1,2,official_observed_reference,f9ab1b1f378ea3acb9b3a98b28fb55d37d4235aff5fe8a48b7979aa3fbf7bc4d
2024-08-20,Kallada,0.3183,6.526,0.3263,13.4,,,,2,2,2,official_observed_reference,f9ab1b1f378ea3acb9b3a98b28fb55d37d4235aff5fe8a48b7979aa3fbf7bc4d
2024-08-20,Malankara,0.0739,1.5263,0.0763,3.45,1,,,2,2,2,official_observed_reference,f9ab1b1f378ea3acb9b3a98b28fb55d37d4235aff5fe8a48b7979aa3fbf7bc4d
2024-08-20,Maniyar,0.1718,3.1417,0.1571,,,,,3,3,3,official_observed_reference,f9ab1b1f378ea3acb9b3a98b28fb55d37d4235aff5fe8a48b7979aa3fbf7bc4d
2024-08-20,Kuthungal,0.2294,5.2515,0.2626,11.6,23,,,3,2,2,official_observed_reference,f9ab1b1f378ea3acb9b3a98b28fb55d37d4235aff5fe8a48b7979aa3fbf7bc4d
2024-08-21,Idukki,7.973,223.132,10.6253,734,19,,,6,3,6,official_observed_reference,a52a4e47ba0d1cbb311aadf84e6fe942282f85f5311e01d28949b007a3664646
2024-08-21,Sabarigiri,4.1426,113.8595,5.4219,325.6,19,,,6,1,6,official_observed_reference,a52a4e47ba0d1cbb311aadf84e6fe942282f85f5311e01d28949b007a3664646
2024-08-21,Idamalayar,0.9363,31.2598,1.4886,67.8,20,,,2,,2,official_observed_reference,a52a4e47ba0d1cbb311aadf84e6fe942282f85f5311e01d28949b007a3664646
2024-08-21,Sholayar,1.0743,24.4103,1.1624,54.4,,,,3,3,3,official_observed_reference,a52a4e47ba0d1cbb311aadf84e6fe942282f85f5311e01d28949b007a3664646
2024-08-21,Pallivasal,0.4848,10.181,0.4848,20.4,5,,2,4,4,4,official_observed_reference,a52a4e47ba0d1cbb311aadf84e6fe942282f85f5311e01d28949b007a3664646
2024-08-21,Kuttiadi,2.8191,85.8645,4.0888,194.2,2,1,,5,3,5,official_observed_reference,a52a4e47ba0d1cbb311aadf84e6fe942282f85f5311e01d28949b007a3664646
2024-08-21,Panniar,0.7761,16.1731,0.7701,32.4,,,,2,2,2,official_observed_reference,a52a4e47ba0d1cbb311aadf84e6fe942282f85f5311e01d28949b007a3664646
2024-08-21,Neriamangalam,1.5747,33.5685,1.5985,68.2,17,,,4,4,4,official_observed_reference,a52a4e47ba0d1cbb311aadf84e6fe942282f85f5311e01d28949b007a3664646
2024-08-21,Lower Periyar,3.628,80.302,3.8239,160,11,,,3,3,3,official_observed_reference,a52a4e47ba0d1cbb311aadf84e6fe942282f85f5311e01d28949b007a3664646
2024-08-21,"Poringalkuthu, PLBE",0.8894,23.4333,1.1159,37.16,14,,1,5,5,5,official_observed_reference,a52a4e47ba0d1cbb311aadf84e6fe942282f85f5311e01d28949b007a3664646
2024-08-21,Sengulam,0.6603,9.1157,0.4341,51.2,21,,,4,2,4,official_observed_reference,a52a4e47ba0d1cbb311aadf84e6fe942282f85f5311e01d28949b007a3664646
2024-08-21,Kakkad,0.8747,17.7672,0.8461,39.92,13,,,2,2,2,official_observed_reference,a52a4e47ba0d1cbb311aadf84e6fe942282f85f5311e01d28949b007a3664646
2024-08-21,Kallada,0.318,6.844,0.3259,13.4,,,,2,2,2,official_observed_reference,a52a4e47ba0d1cbb311aadf84e6fe942282f85f5311e01d28949b007a3664646
2024-08-21,Malankara,0.0793,1.6056,0.0765,4.05,4,,,2,2,2,official_observed_reference,a52a4e47ba0d1cbb311aadf84e6fe942282f85f5311e01d28949b007a3664646
2024-08-21,Maniyar,0.1868,3.3285,0.1585,,,,,3,3,3,official_observed_reference,a52a4e47ba0d1cbb311aadf84e6fe942282f85f5311e01d28949b007a3664646
2024-08-21,Kuthungal,0.2813,5.5328,0.2635,14.8,11,,,3,2,2,official_observed_reference,a52a4e47ba0d1cbb311aadf84e6fe942282f85f5311e01d28949b007a3664646
2024-08-22,Idukki,8.736,231.868,10.5395,738,20,,,6,6,6,official_observed_reference,9e80ea3aa4687882e6b142948f07b94f84ac7de6152ad6b00d87d8fbcb2d3797
2024-08-22,Sabarigiri,5.377,119.2365,5.4198,325.8,18,,,6,6,6,official_observed_reference,9e80ea3aa4687882e6b142948f07b94f84ac7de6152ad6b00d87d8fbcb2d3797
2024-08-22,Idamalayar,1.4885,32.7483,1.4886,68.4,17,,,2,2,2,official_observed_reference,9e80ea3aa4687882e6b142948f07b94f84ac7de6152ad6b00d87d8fbcb2d3797
2024-08-22,Sholayar,1.1014,25.5117,1.1596,54.6,2,,,3,3,3,official_observed_reference,9e80ea3aa4687882e6b142948f07b94f84ac7de6152ad6b00d87d8fbcb2d3797
2024-08-22,Pallivasal,0.4846,10.6656,0.4848,20.4,,,2,4,4,4,official_observed_reference,9e80ea3aa4687882e6b142948f07b94f84ac7de6152ad6b00d87d8fbcb2d3797
2024-08-22,Kuttiadi,3.7109,89.5754,4.0716,196,17,1,,5,4,5,official_observed_reference,9e80ea3aa4687882e6b142948f07b94f84ac7de6152ad6b00d87d8fbcb2d3797
2024-08-22,Panniar,0.7761,16.9492,0.7704,32.4,,,,2,2,2,official_observed_reference,9e80ea3aa4687882e6b142948f07b94f84ac7de6152ad6b00d87d8fbcb2d3797
2024-08-22,Neriamangalam,1.6024,35.1709,1.5987,68.4,,,,4,4,4,official_observed_reference,9e80ea3aa4687882e6b142948f07b94f84ac7de6152ad6b00d87d8fbcb2d3797
2024-08-22,Lower Periyar,3.762,84.064,3.8211,162,,,,3,3,3,official_observed_reference,9e80ea3aa4687882e6b142948f07b94f84ac7de6152ad6b00d87d8fbcb2d3797
2024-08-22,"Poringalkuthu, PLBE",0.8874,24.3207,1.1055,37.08,,,1,5,5,5,official_observed_reference,9e80ea3aa4687882e6b142948f07b94f84ac7de6152ad6b00d87d8fbcb2d3797
2024-08-22,Sengulam,0.4822,9.5979,0.4363,51.4,23,,,4,1,4,official_observed_reference,9e80ea3aa4687882e6b142948f07b94f84ac7de6152ad6b00d87d8fbcb2d3797
2024-08-22,Kakkad,0.9138,18.681,0.8491,39.4,,,,2,2,2,official_observed_reference,9e80ea3aa4687882e6b142948f07b94f84ac7de6152ad6b00d87d8fbcb2d3797
2024-08-22,Kallada,0.2705,7.1145,0.3234,14,17,,,2,2,2,official_observed_reference,9e80ea3aa4687882e6b142948f07b94f84ac7de6152ad6b00d87d8fbcb2d3797
2024-08-22,Malankara,0.0758,1.6814,0.0764,3.6,21,,,2,2,2,official_observed_reference,9e80ea3aa4687882e6b142948f07b94f84ac7de6152ad6b00d87d8fbcb2d3797
2024-08-22,Maniyar,0.2,3.5285,0.1604,,,,,3,3,3,official_observed_reference,9e80ea3aa4687882e6b142948f07b94f84ac7de6152ad6b00d87d8fbcb2d3797
2024-08-22,Kuthungal,0.2176,5.7504,0.2614,9.8,2,,,3,2,2,official_observed_reference,9e80ea3aa4687882e6b142948f07b94f84ac7de6152ad6b00d87d8fbcb2d3797
2024-08-23,Idukki,6.335,238.203,10.3567,648,,,,6,5,5,official_observed_reference,53ad84b0e8b4acae0550294afe01ec5300b134a6e94e3ae5aa62bc09cc24d0d5
2024-08-23,Sabarigiri,5.005,124.2415,5.4018,325,21,,,6,6,6,official_observed_reference,53ad84b0e8b4acae0550294afe01ec5300b134a6e94e3ae5aa62bc09cc24d0d5
2024-08-23,Idamalayar,1.2483,33.9966,1.4781,67.8,19,,,2,2,2,official_observed_reference,53ad84b0e8b4acae0550294afe01ec5300b134a6e94e3ae5aa62bc09cc24d0d5
2024-08-23,Sholayar,1.0956,26.6073,1.1568,54.4,,,,3,3,3,official_observed_reference,53ad84b0e8b4acae0550294afe01ec5300b134a6e94e3ae5aa62bc09cc24d0d5
2024-08-23,Pallivasal,0.4795,11.1451,0.4846,20.4,4,,2,4,4,4,official_observed_reference,53ad84b0e8b4acae0550294afe01ec5300b134a6e94e3ae5aa62bc09cc24d0d5
2024-08-23,Kuttiadi,2.5631,92.1385,4.006,192.6,22,1,,5,5,5,official_observed_reference,53ad84b0e8b4acae0550294afe01ec5300b134a6e94e3ae5aa62bc09cc24d0d5
2024-08-23,Panniar,0.7761,17.7253,0.7707,32.4,,,,2,2,2,official_observed_reference,53ad84b0e8b4acae0550294afe01ec5300b134a6e94e3ae5aa62bc09cc24d0d5
2024-08-23,Neriamangalam,1.5922,36.7631,1.5984,68.2,9,,,4,4,4,official_observed_reference,53ad84b0e8b4acae0550294afe01ec5300b134a6e94e3ae5aa62bc09cc24d0d5
2024-08-23,Lower Periyar,3.213,87.277,3.7947,158,,,,3,3,3,official_observed_reference,53ad84b0e8b4acae0550294afe01ec5300b134a6e94e3ae5aa62bc09cc24d0d5
2024-08-23,"Poringalkuthu, PLBE",0.8859,25.2066,1.0959,37.04,20,,1,5,4,5,official_observed_reference,53ad84b0e8b4acae0550294afe01ec5300b134a6e94e3ae5aa62bc09cc24d0d5
2024-08-23,Sengulam,0.3194,9.9173,0.4312,50.4,,,,4,,3,official_observed_reference,53ad84b0e8b4acae0550294afe01ec5300b134a6e94e3ae5aa62bc09cc24d0d5
2024-08-23,Kakkad,0.8667,19.5477,0.8499,39.3,1,,,2,2,2,official_observed_reference,53ad84b0e8b4acae0550294afe01ec5300b134a6e94e3ae5aa62bc09cc24d0d5
2024-08-23,Kallada,0.3156,7.4301,0.323,13.2,1,,,2,2,2,official_observed_reference,53ad84b0e8b4acae0550294afe01ec5300b134a6e94e3ae5aa62bc09cc24d0d5
2024-08-23,Malankara,0.0775,1.7589,0.0765,3.6,,,,2,2,2,official_observed_reference,53ad84b0e8b4acae0550294afe01ec5300b134a6e94e3ae5aa62bc09cc24d0d5
2024-08-23,Maniyar,0.1942,3.7226,0.1619,,,,,3,3,3,official_observed_reference,53ad84b0e8b4acae0550294afe01ec5300b134a6e94e3ae5aa62bc09cc24d0d5
2024-08-23,Kuthungal,0.1997,5.9501,0.2587,11.4,11,,,3,3,3,official_observed_reference,53ad84b0e8b4acae0550294afe01ec5300b134a6e94e3ae5aa62bc09cc24d0d5
2024-08-24,Idukki,5.011,243.214,10.1339,480,23,,,6,3,5,official_observed_reference,c090495b695a1afafd4010247fbe080d92a407e59d0f26b97074e4d24c087acb
2024-08-24,Sabarigiri,4.0331,128.2746,5.3448,321.2,22,,,6,4,6,official_observed_reference,c090495b695a1afafd4010247fbe080d92a407e59d0f26b97074e4d24c087acb
2024-08-24,Idamalayar,1.4707,35.4673,1.4778,69,12,,,2,2,2,official_observed_reference,c090495b695a1afafd4010247fbe080d92a407e59d0f26b97074e4d24c087acb
2024-08-24,Sholayar,0.7802,27.3875,1.1411,54.6,1,,,3,3,3,official_observed_reference,c090495b695a1afafd4010247fbe080d92a407e59d0f26b97074e4d24c087acb
2024-08-24,Pallivasal,0.4862,11.6313,0.4846,20.4,,,2,4,4,4,official_observed_reference,c090495b695a1afafd4010247fbe080d92a407e59d0f26b97074e4d24c087acb
2024-08-24,Kuttiadi,2.753,94.8915,3.9538,193.2,18,1,,5,2,5,official_observed_reference,c090495b695a1afafd4010247fbe080d92a407e59d0f26b97074e4d24c087acb
2024-08-24,Panniar,0.7761,18.5014,0.7709,32.4,,,,2,2,2,official_observed_reference,c090495b695a1afafd4010247fbe080d92a407e59d0f26b97074e4d24c087acb
2024-08-24,Neriamangalam,1.6024,38.3655,1.5986,68.4,7,,,4,4,4,official_observed_reference,c090495b695a1afafd4010247fbe080d92a407e59d0f26b97074e4d24c087acb
2024-08-24,Lower Periyar,3.06,90.337,3.764,160,21,,,3,3,3,official_observed_reference,c090495b695a1afafd4010247fbe080d92a407e59d0f26b97074e4d24c087acb
2024-08-24,"Poringalkuthu, PLBE",0.8823,26.0889,1.087,36.96,,,1,5,5,5,official_observed_reference,c090495b695a1afafd4010247fbe080d92a407e59d0f26b97074e4d24c087acb
2024-08-24,Sengulam,0.5056,10.4229,0.4343,51.2,20,,,4,,4,official_observed_reference,c090495b695a1afafd4010247fbe080d92a407e59d0f26b97074e4d24c087acb
2024-08-24,Kakkad,0.711,20.2586,0.8441,37.66,1,,,2,2,2,official_observed_reference,c090495b695a1afafd4010247fbe080d92a407e59d0f26b97074e4d24c087acb
2024-08-24,Kallada,0.3151,7.7452,0.3227,13.2,,,,2,2,2,official_observed_reference,c090495b695a1afafd4010247fbe080d92a407e59d0f26b97074e4d24c087acb
2024-08-24,Malankara,0.0783,1.8372,0.0766,3.6,5,,,2,2,2,official_observed_reference,c090495b695a1afafd4010247fbe080d92a407e59d0f26b97074e4d24c087acb
2024-08-24,Maniyar,0.1477,3.8703,0.1613,,,,,3,2,3,official_observed_reference,c090495b695a1afafd4010247fbe080d92a407e59d0f26b97074e4d24c087acb
2024-08-24,Kuthungal,0.1762,6.1263,0.2553,8.2,21,,,3,1,1,official_observed_reference,c090495b695a1afafd4010247fbe080d92a407e59d0f26b97074e4d24c087acb
2024-08-25,Idukki,3.705,246.919,9.8768,468,22,,,6,2,4,official_observed_reference,5a502c3beb313686de97f76396c54b4a77cf80b8cfc48005b6cc53017e772095
2024-08-25,Sabarigiri,2.9262,131.2008,5.248,325.8,,,,6,2,6,official_observed_reference,5a502c3beb313686de97f76396c54b4a77cf80b8cfc48005b6cc53017e772095
2024-08-25,Idamalayar,0.7335,36.2008,1.448,67.4,,,,2,1,2,official_observed_reference,5a502c3beb313686de97f76396c54b4a77cf80b8cfc48005b6cc53017e772095
2024-08-25,Sholayar,0.5704,27.9579,1.1183,54.4,20,,,3,,3,official_observed_reference,5a502c3beb313686de97f76396c54b4a77cf80b8cfc48005b6cc53017e772095
2024-08-25,Pallivasal,0.4857,12.117,0.4847,20.4,2,,2,4,4,4,official_observed_reference,5a502c3beb313686de97f76396c54b4a77cf80b8cfc48005b6cc53017e772095
2024-08-25,Kuttiadi,1.6742,96.5657,3.8626,189.4,23,1,,5,1,5,official_observed_reference,5a502c3beb313686de97f76396c54b4a77cf80b8cfc48005b6cc53017e772095
2024-08-25,Panniar,0.776,19.2774,0.7711,32.4,1,,,2,2,2,official_observed_reference,5a502c3beb313686de97f76396c54b4a77cf80b8cfc48005b6cc53017e772095
2024-08-25,Neriamangalam,1.5716,39.9371,1.5975,68.6,6,,,4,4,4,official_observed_reference,5a502c3beb313686de97f76396c54b4a77cf80b8cfc48005b6cc53017e772095
2024-08-25,Lower Periyar,2.745,93.082,3.7233,158,,,,3,3,3,official_observed_reference,5a502c3beb313686de97f76396c54b4a77cf80b8cfc48005b6cc53017e772095
2024-08-25,"Poringalkuthu, PLBE",0.8812,26.97,1.0788,37,9,,1,5,5,5,official_observed_reference,5a502c3beb313686de97f76396c54b4a77cf80b8cfc48005b6cc53017e772095
2024-08-25,Sengulam,0.3671,10.79,0.4316,51.2,,,,4,1,4,official_observed_reference,5a502c3beb313686de97f76396c54b4a77cf80b8cfc48005b6cc53017e772095
2024-08-25,Kakkad,0.5476,20.8062,0.8322,36.92,1,,,2,1,2,official_observed_reference,5a502c3beb313686de97f76396c54b4a77cf80b8cfc48005b6cc53017e772095
2024-08-25,Kallada,0.3145,8.0597,0.3224,13.2,,,,2,2,2,official_observed_reference,5a502c3beb313686de97f76396c54b4a77cf80b8cfc48005b6cc53017e772095
2024-08-25,Malankara,0.08,1.9172,0.0767,3.6,,,,2,2,2,official_observed_reference,5a502c3beb313686de97f76396c54b4a77cf80b8cfc48005b6cc53017e772095
2024-08-25,Maniyar,0.1141,3.9844,0.1594,,,,,3,2,2,official_observed_reference,5a502c3beb313686de97f76396c54b4a77cf80b8cfc48005b6cc53017e772095
2024-08-25,Kuthungal,0.1703,6.2966,0.2519,8,5,,,3,2,2,official_observed_reference,5a502c3beb313686de97f76396c54b4a77cf80b8cfc48005b6cc53017e772095
2024-08-26,Idukki,5.388,252.307,9.7041,582,21,,,6,4,5,official_observed_reference,b6d1e364841861378dcc0a51ce8582dc5f380f9474abc33c5ef721baf8229ea4
2024-08-26,Sabarigiri,4.0636,135.2644,5.2025,325.8,23,,,6,3,6,official_observed_reference,b6d1e364841861378dcc0a51ce8582dc5f380f9474abc33c5ef721baf8229ea4
2024-08-26,Idamalayar,0.9926,37.1934,1.4305,67.8,17,,,2,2,2,official_observed_reference,b6d1e364841861378dcc0a51ce8582dc5f380f9474abc33c5ef721baf8229ea4
2024-08-26,Sholayar,0.4119,28.3698,1.0911,54.6,18,,,3,,3,official_observed_reference,b6d1e364841861378dcc0a51ce8582dc5f380f9474abc33c5ef721baf8229ea4
2024-08-26,Pallivasal,0.4859,12.6029,0.4847,20.4,3,,2,4,4,4,official_observed_reference,b6d1e364841861378dcc0a51ce8582dc5f380f9474abc33c5ef721baf8229ea4
2024-08-26,Kuttiadi,2.3515,98.9172,3.8045,191.4,22,1,,5,2,5,official_observed_reference,b6d1e364841861378dcc0a51ce8582dc5f380f9474abc33c5ef721baf8229ea4
2024-08-26,Panniar,0.776,20.0534,0.7713,32.4,,,,2,2,2,official_observed_reference,b6d1e364841861378dcc0a51ce8582dc5f380f9474abc33c5ef721baf8229ea4
2024-08-26,Neriamangalam,1.6011,41.5382,1.5976,69.4,5,,,4,4,4,official_observed_reference,b6d1e364841861378dcc0a51ce8582dc5f380f9474abc33c5ef721baf8229ea4
2024-08-26,Lower Periyar,3.021,96.103,3.6963,160,21,,,3,3,3,official_observed_reference,b6d1e364841861378dcc0a51ce8582dc5f380f9474abc33c5ef721baf8229ea4
2024-08-26,"Poringalkuthu, PLBE",0.8812,27.8512,1.0712,36.86,6,,1,5,5,5,official_observed_reference,b6d1e364841861378dcc0a51ce8582dc5f380f9474abc33c5ef721baf8229ea4
2024-08-26,Sengulam,0.4196,11.2096,0.4311,52.8,23,,,4,1,4,official_observed_reference,b6d1e364841861378dcc0a51ce8582dc5f380f9474abc33c5ef721baf8229ea4
2024-08-26,Kakkad,0.6584,21.4646,0.8256,36.76,23,,,2,1,2,official_observed_reference,b6d1e364841861378dcc0a51ce8582dc5f380f9474abc33c5ef721baf8229ea4
2024-08-26,Kallada,0.3135,8.3732,0.322,13.2,1,,,2,2,2,official_observed_reference,b6d1e364841861378dcc0a51ce8582dc5f380f9474abc33c5ef721baf8229ea4
2024-08-26,Malankara,0.0807,1.9979,0.0768,4.05,5,,,2,2,2,official_observed_reference,b6d1e364841861378dcc0a51ce8582dc5f380f9474abc33c5ef721baf8229ea4
2024-08-26,Maniyar,0.1115,4.0958,0.1575,,,,,3,2,3,official_observed_reference,b6d1e364841861378dcc0a51ce8582dc5f380f9474abc33c5ef721baf8229ea4
2024-08-26,Kuthungal,0.1738,6.4704,0.2489,10,14,,,3,1,1,official_observed_reference,b6d1e364841861378dcc0a51ce8582dc5f380f9474abc33c5ef721baf8229ea4
2024-08-27,Idukki,4.268,256.575,9.5028,520,19,1,,5,2,5,official_observed_reference,c151f72b9b7571b28be800a0212811be5bd64839eda28f7178a4654111409e24
2024-08-27,Sabarigiri,3.4013,138.6657,5.1358,321,19,,,6,2,6,official_observed_reference,c151f72b9b7571b28be800a0212811be5bd64839eda28f7178a4654111409e24
2024-08-27,Idamalayar,0.9301,38.1235,1.412,68.2,21,,,2,2,1,official_observed_reference,c151f72b9b7571b28be800a0212811be5bd64839eda28f7178a4654111409e24
2024-08-27,Sholayar,0.6291,28.9989,1.074,54.4,,,,3,3,3,official_observed_reference,c151f72b9b7571b28be800a0212811be5bd64839eda28f7178a4654111409e24
2024-08-27,Pallivasal,0.4615,13.0644,0.4839,20.6,21,,2,4,4,4,official_observed_reference,c151f72b9b7571b28be800a0212811be5bd64839eda28f7178a4654111409e24
2024-08-27,Kuttiadi,2.4129,101.3301,3.753,192,20,1,,5,1,5,official_observed_reference,c151f72b9b7571b28be800a0212811be5bd64839eda28f7178a4654111409e24
2024-08-27,Panniar,0.7762,20.8296,0.7715,32.4,,,,2,2,2,official_observed_reference,c151f72b9b7571b28be800a0212811be5bd64839eda28f7178a4654111409e24
2024-08-27,Neriamangalam,1.5952,43.1334,1.5975,68.2,1,,,4,4,4,official_observed_reference,c151f72b9b7571b28be800a0212811be5bd64839eda28f7178a4654111409e24
2024-08-27,Lower Periyar,2.681,98.784,3.6587,158,22,,,3,2,3,official_observed_reference,c151f72b9b7571b28be800a0212811be5bd64839eda28f7178a4654111409e24
2024-08-27,"Poringalkuthu, PLBE",0.8773,28.7285,1.064,36.72,16,,1,5,5,5,official_observed_reference,c151f72b9b7571b28be800a0212811be5bd64839eda28f7178a4654111409e24
2024-08-27,Sengulam,0.4097,11.6193,0.4303,51,21,,,4,1,4,official_observed_reference,c151f72b9b7571b28be800a0212811be5bd64839eda28f7178a4654111409e24
2024-08-27,Kakkad,0.5598,22.0244,0.8157,37.02,,,,2,1,2,official_observed_reference,c151f72b9b7571b28be800a0212811be5bd64839eda28f7178a4654111409e24
2024-08-27,Kallada,0.3122,8.6854,0.3217,13.2,,,,2,2,2,official_observed_reference,c151f72b9b7571b28be800a0212811be5bd64839eda28f7178a4654111409e24
2024-08-27,Malankara,0.0817,2.0795,0.077,3.6,,,,2,2,2,official_observed_reference,c151f72b9b7571b28be800a0212811be5bd64839eda28f7178a4654111409e24
2024-08-27,Maniyar,0.1008,4.1967,0.1554,,,,,3,1,2,official_observed_reference,c151f72b9b7571b28be800a0212811be5bd64839eda28f7178a4654111409e24
2024-08-27,Kuthungal,0.1622,6.6326,0.2457,7.2,11,,,3,1,1,official_observed_reference,c151f72b9b7571b28be800a0212811be5bd64839eda28f7178a4654111409e24
2024-08-28,Idukki,6.087,262.662,9.3808,610,22,1,,5,3,5,official_observed_reference,7f0c940474b72ca4cff75d06c8fc4dc8d8e0ec03dba1e2d533b2f99f05e6eb86
2024-08-28,Sabarigiri,3.8701,142.5358,5.0906,320.6,18,,,6,3,6,official_observed_reference,7f0c940474b72ca4cff75d06c8fc4dc8d8e0ec03dba1e2d533b2f99f05e6eb86
2024-08-28,Idamalayar,0.9357,39.0592,1.395,68.2,6,,,2,1,2,official_observed_reference,7f0c940474b72ca4cff75d06c8fc4dc8d8e0ec03dba1e2d533b2f99f05e6eb86
2024-08-28,Sholayar,0.8569,29.8558,1.0663,54.6,1,,,3,3,3,official_observed_reference,7f0c940474b72ca4cff75d06c8fc4dc8d8e0ec03dba1e2d533b2f99f05e6eb86
2024-08-28,Pallivasal,0.4874,13.5518,0.484,20.6,18,,2,4,4,4,official_observed_reference,7f0c940474b72ca4cff75d06c8fc4dc8d8e0ec03dba1e2d533b2f99f05e6eb86
2024-08-28,Kuttiadi,3.3844,104.7145,3.7398,178,13,1,,5,5,5,official_observed_reference,7f0c940474b72ca4cff75d06c8fc4dc8d8e0ec03dba1e2d533b2f99f05e6eb86
2024-08-28,Panniar,0.7761,21.6057,0.7716,32.4,,,,2,2,2,official_observed_reference,7f0c940474b72ca4cff75d06c8fc4dc8d8e0ec03dba1e2d533b2f99f05e6eb86
2024-08-28,Neriamangalam,1.5969,44.7303,1.5975,68.2,6,,,4,4,4,official_observed_reference,7f0c940474b72ca4cff75d06c8fc4dc8d8e0ec03dba1e2d533b2f99f05e6eb86
2024-08-28,Lower Periyar,2.482,101.266,3.6166,160,21,,,3,2,3,official_observed_reference,7f0c940474b72ca4cff75d06c8fc4dc8d8e0ec03dba1e2d533b2f99f05e6eb86
2024-08-28,"Poringalkuthu, PLBE",0.8771,29.6056,1.0573,36.74,,,1,5,4,5,official_observed_reference,7f0c940474b72ca4cff75d06c8fc4dc8d8e0ec03dba1e2d533b2f99f05e6eb86
2024-08-28,Sengulam,0.3249,11.9442,0.4266,51.2,20,,,4,1,4,official_observed_reference,7f0c940474b72ca4cff75d06c8fc4dc8d8e0ec03dba1e2d533b2f99f05e6eb86
2024-08-28,Kakkad,0.59,22.6143,0.8077,36.34,1,,,2,1,2,official_observed_reference,7f0c940474b72ca4cff75d06c8fc4dc8d8e0ec03dba1e2d533b2f99f05e6eb86
2024-08-28,Kallada,0.2632,8.9486,0.3196,13.2,,,,2,2,2,official_observed_reference,7f0c940474b72ca4cff75d06c8fc4dc8d8e0ec03dba1e2d533b2f99f05e6eb86
2024-08-28,Malankara,0.0813,2.1608,0.0772,3.6,,,,2,2,2,official_observed_reference,7f0c940474b72ca4cff75d06c8fc4dc8d8e0ec03dba1e2d533b2f99f05e6eb86
2024-08-28,Maniyar,0.097,4.2937,0.1533,,,,,3,2,2,official_observed_reference,7f0c940474b72ca4cff75d06c8fc4dc8d8e0ec03dba1e2d533b2f99f05e6eb86
2024-08-28,Kuthungal,0.1543,6.7869,0.2424,6.6,4,,,3,1,1,official_observed_reference,7f0c940474b72ca4cff75d06c8fc4dc8d8e0ec03dba1e2d533b2f99f05e6eb86
2024-08-29,Idukki,6.208,268.87,9.2714,604,18,1,,5,3,5,official_observed_reference,38d819214b4f91bbf30bb8c2e8770880767b46e3664840a61ba98747e5f142c9
2024-08-29,Sabarigiri,3.8673,146.4031,5.0484,311.2,,1,,5,3,5,official_observed_reference,38d819214b4f91bbf30bb8c2e8770880767b46e3664840a61ba98747e5f142c9
2024-08-29,Idamalayar,1.2155,40.2747,1.3888,68,17,,,2,2,2,official_observed_reference,38d819214b4f91bbf30bb8c2e8770880767b46e3664840a61ba98747e5f142c9
2024-08-29,Sholayar,1.2745,31.1303,1.0735,54.6,2,,,3,3,3,official_observed_reference,38d819214b4f91bbf30bb8c2e8770880767b46e3664840a61ba98747e5f142c9
2024-08-29,Pallivasal,0.4769,14.0287,0.4837,20.6,13,,2,4,4,4,official_observed_reference,38d819214b4f91bbf30bb8c2e8770880767b46e3664840a61ba98747e5f142c9
2024-08-29,Kuttiadi,2.8378,107.5523,3.7087,170.4,19,1,,5,3,5,official_observed_reference,38d819214b4f91bbf30bb8c2e8770880767b46e3664840a61ba98747e5f142c9
2024-08-29,Panniar,0.7761,22.3818,0.7718,32.4,,,,2,2,2,official_observed_reference,38d819214b4f91bbf30bb8c2e8770880767b46e3664840a61ba98747e5f142c9
2024-08-29,Neriamangalam,1.5886,46.3189,1.5972,69,22,,,4,4,4,official_observed_reference,38d819214b4f91bbf30bb8c2e8770880767b46e3664840a61ba98747e5f142c9
2024-08-29,Lower Periyar,2.985,104.251,3.5949,158,14,,,3,2,3,official_observed_reference,38d819214b4f91bbf30bb8c2e8770880767b46e3664840a61ba98747e5f142c9
2024-08-29,"Poringalkuthu, PLBE",0.88,30.4857,1.0512,36.84,12,,1,5,4,5,official_observed_reference,38d819214b4f91bbf30bb8c2e8770880767b46e3664840a61ba98747e5f142c9
2024-08-29,Sengulam,0.4375,12.3817,0.427,51.8,19,,,4,2,4,official_observed_reference,38d819214b4f91bbf30bb8c2e8770880767b46e3664840a61ba98747e5f142c9
2024-08-29,Kakkad,0.6967,23.311,0.8038,36.6,2,,,2,2,2,official_observed_reference,38d819214b4f91bbf30bb8c2e8770880767b46e3664840a61ba98747e5f142c9
2024-08-29,Kallada,0.3062,9.2548,0.3191,13,6,,,2,2,2,official_observed_reference,38d819214b4f91bbf30bb8c2e8770880767b46e3664840a61ba98747e5f142c9
2024-08-29,Malankara,0.0872,2.248,0.0775,4.35,4,,,2,2,2,official_observed_reference,38d819214b4f91bbf30bb8c2e8770880767b46e3664840a61ba98747e5f142c9
2024-08-29,Maniyar,0.101,4.3947,0.1515,,,,,3,2,3,official_observed_reference,38d819214b4f91bbf30bb8c2e8770880767b46e3664840a61ba98747e5f142c9
2024-08-29,Kuthungal,0.1675,6.9544,0.2398,11,10,,,3,2,2,official_observed_reference,38d819214b4f91bbf30bb8c2e8770880767b46e3664840a61ba98747e5f142c9
2024-08-30,Idukki,5.702,274.572,9.1524,600,22,1,,5,3,5,official_observed_reference,8abc9aac29cfcbddc5135d7bd0ce62c2f0b741e755393fc4f15c08695aa41243
2024-08-30,Sabarigiri,3.792,150.1951,5.0065,271.4,23,1,,5,3,5,official_observed_reference,8abc9aac29cfcbddc5135d7bd0ce62c2f0b741e755393fc4f15c08695aa41243
2024-08-30,Idamalayar,1.382,41.6567,1.3886,69,20,,,2,2,2,official_observed_reference,8abc9aac29cfcbddc5135d7bd0ce62c2f0b741e755393fc4f15c08695aa41243
2024-08-30,Sholayar,1.3033,32.4336,1.0811,54.6,3,,,3,3,3,official_observed_reference,8abc9aac29cfcbddc5135d7bd0ce62c2f0b741e755393fc4f15c08695aa41243
2024-08-30,Pallivasal,0.4888,14.5175,0.4839,20.6,4,,2,4,4,4,official_observed_reference,8abc9aac29cfcbddc5135d7bd0ce62c2f0b741e755393fc4f15c08695aa41243
2024-08-30,Kuttiadi,3.9664,111.5187,3.7173,172,22,1,,5,5,5,official_observed_reference,8abc9aac29cfcbddc5135d7bd0ce62c2f0b741e755393fc4f15c08695aa41243
2024-08-30,Panniar,0.7762,23.158,0.7719,32.4,,,,2,2,2,official_observed_reference,8abc9aac29cfcbddc5135d7bd0ce62c2f0b741e755393fc4f15c08695aa41243
2024-08-30,Neriamangalam,1.6167,47.9356,1.5979,70,18,,,4,4,4,official_observed_reference,8abc9aac29cfcbddc5135d7bd0ce62c2f0b741e755393fc4f15c08695aa41243
2024-08-30,Lower Periyar,3.807,108.058,3.6019,164,10,,,3,3,3,official_observed_reference,8abc9aac29cfcbddc5135d7bd0ce62c2f0b741e755393fc4f15c08695aa41243
2024-08-30,"Poringalkuthu, PLBE",0.8931,31.3787,1.046,37.64,16,,1,5,5,5,official_observed_reference,8abc9aac29cfcbddc5135d7bd0ce62c2f0b741e755393fc4f15c08695aa41243
2024-08-30,Sengulam,0.4498,12.8315,0.4277,51.2,23,,,4,,4,official_observed_reference,8abc9aac29cfcbddc5135d7bd0ce62c2f0b741e755393fc4f15c08695aa41243
2024-08-30,Kakkad,0.6593,23.9703,0.799,36.22,23,,,2,1,2,official_observed_reference,8abc9aac29cfcbddc5135d7bd0ce62c2f0b741e755393fc4f15c08695aa41243
2024-08-30,Kallada,0.3067,9.5615,0.3187,13,5,,,2,2,2,official_observed_reference,8abc9aac29cfcbddc5135d7bd0ce62c2f0b741e755393fc4f15c08695aa41243
2024-08-30,Malankara,0.0761,2.3241,0.0775,3.45,,,,2,2,2,official_observed_reference,8abc9aac29cfcbddc5135d7bd0ce62c2f0b741e755393fc4f15c08695aa41243
2024-08-30,Maniyar,0.1332,4.5279,0.1509,,,,,3,2,3,official_observed_reference,8abc9aac29cfcbddc5135d7bd0ce62c2f0b741e755393fc4f15c08695aa41243
2024-08-30,Kuthungal,0.2565,7.2109,0.2404,14.6,15,,,3,2,2,official_observed_reference,8abc9aac29cfcbddc5135d7bd0ce62c2f0b741e755393fc4f15c08695aa41243
2024-08-31,Idukki,5.342,279.914,9.0295,608,19,1,,5,3,5,official_observed_reference,fd635b374f2549e78e572465603d35b15ecbd3dae7fcae179d4e41e639bbbecd
2024-08-31,Sabarigiri,3.6412,153.8363,4.9625,270.4,18,1,,5,4,5,official_observed_reference,fd635b374f2549e78e572465603d35b15ecbd3dae7fcae179d4e41e639bbbecd
2024-08-31,Idamalayar,1.5574,43.2141,1.394,67.8,,,,2,2,2,official_observed_reference,fd635b374f2549e78e572465603d35b15ecbd3dae7fcae179d4e41e639bbbecd
2024-08-31,Sholayar,0.5852,33.0188,1.0651,54.6,1,,,3,3,3,official_observed_reference,fd635b374f2549e78e572465603d35b15ecbd3dae7fcae179d4e41e639bbbecd
2024-08-31,Pallivasal,0.4888,15.0063,0.4841,20.6,9,,2,4,4,4,official_observed_reference,fd635b374f2549e78e572465603d35b15ecbd3dae7fcae179d4e41e639bbbecd
2024-08-31,Kuttiadi,4.071,115.5897,3.7287,172.8,3,1,,5,5,5,official_observed_reference,fd635b374f2549e78e572465603d35b15ecbd3dae7fcae179d4e41e639bbbecd
2024-08-31,Panniar,0.7761,23.9341,0.7721,32.4,,,,2,2,2,official_observed_reference,fd635b374f2549e78e572465603d35b15ecbd3dae7fcae179d4e41e639bbbecd
2024-08-31,Neriamangalam,1.6196,49.5552,1.5986,69.2,11,,,4,4,4,official_observed_reference,fd635b374f2549e78e572465603d35b15ecbd3dae7fcae179d4e41e639bbbecd
2024-08-31,Lower Periyar,3.852,111.91,3.61,166,6,,,3,3,3,official_observed_reference,fd635b374f2549e78e572465603d35b15ecbd3dae7fcae179d4e41e639bbbecd
2024-08-31,"Poringalkuthu, PLBE",0.8915,32.2702,1.041,37.36,,,1,5,5,5,official_observed_reference,fd635b374f2549e78e572465603d35b15ecbd3dae7fcae179d4e41e639bbbecd
2024-08-31,Sengulam,0.3326,13.1641,0.4246,51.2,1,,,4,1,2,official_observed_reference,fd635b374f2549e78e572465603d35b15ecbd3dae7fcae179d4e41e639bbbecd
2024-08-31,Kakkad,0.7026,24.6729,0.7959,36.7,22,,,2,1,2,official_observed_reference,fd635b374f2549e78e572465603d35b15ecbd3dae7fcae179d4e41e639bbbecd
2024-08-31,Kallada,0.3082,9.8697,0.3184,13,5,,,2,2,2,official_observed_reference,fd635b374f2549e78e572465603d35b15ecbd3dae7fcae179d4e41e639bbbecd
2024-08-31,Malankara,0.0777,2.4018,0.0775,3.6,13,,,2,2,2,official_observed_reference,fd635b374f2549e78e572465603d35b15ecbd3dae7fcae179d4e41e639bbbecd
2024-08-31,Maniyar,0.149,4.6769,0.1509,,,,,3,2,3,official_observed_reference,fd635b374f2549e78e572465603d35b15ecbd3dae7fcae179d4e41e639bbbecd
2024-08-31,Kuthungal,0.1817,7.3926,0.2385,8.8,,,,3,2,2,official_observed_reference,fd635b374f2549e78e572465603d35b15ecbd3dae7fcae179d4e41e639bbbecd
2024-09-01,Idukki,5.503,5.503,5.503,606,21,1,,5,3,5,official_observed_reference,253916aad302e9c8987eb0a6efb20839cd4ec0df7d86f4a65d05f019f8587193
2024-09-01,Sabarigiri,2.7886,2.7886,2.7886,265.4,21,1,,5,2,5,official_observed_reference,253916aad302e9c8987eb0a6efb20839cd4ec0df7d86f4a65d05f019f8587193
2024-09-01,Idamalayar,0.9579,0.9579,0.9579,68,23,,,2,2,2,official_observed_reference,253916aad302e9c8987eb0a6efb20839cd4ec0df7d86f4a65d05f019f8587193
2024-09-01,Sholayar,0.9517,0.9517,0.9517,54.4,8,,,3,2,3,official_observed_reference,253916aad302e9c8987eb0a6efb20839cd4ec0df7d86f4a65d05f019f8587193
2024-09-01,Pallivasal,0.4886,0.4886,0.4886,20.6,7,,2,4,4,4,official_observed_reference,253916aad302e9c8987eb0a6efb20839cd4ec0df7d86f4a65d05f019f8587193
2024-09-01,Kuttiadi,3.8966,3.8966,3.8966,172.8,7,1,,5,5,5,official_observed_reference,253916aad302e9c8987eb0a6efb20839cd4ec0df7d86f4a65d05f019f8587193
2024-09-01,Panniar,0.7762,0.7762,0.7762,32.4,,,,2,2,2,official_observed_reference,253916aad302e9c8987eb0a6efb20839cd4ec0df7d86f4a65d05f019f8587193
2024-09-01,Neriamangalam,1.6174,1.6174,1.6174,69,8,,,4,4,4,official_observed_reference,253916aad302e9c8987eb0a6efb20839cd4ec0df7d86f4a65d05f019f8587193
2024-09-01,Lower Periyar,3.848,3.848,3.848,164,1,,,3,3,3,official_observed_reference,253916aad302e9c8987eb0a6efb20839cd4ec0df7d86f4a65d05f019f8587193
2024-09-01,"Poringalkuthu, PLBE",0.8894,0.8894,0.8894,37.34,13,,1,5,4,5,official_observed_reference,253916aad302e9c8987eb0a6efb20839cd4ec0df7d86f4a65d05f019f8587193
2024-09-01,Sengulam,0.4761,0.4761,0.4761,52,21,,,4,2,4,official_observed_reference,253916aad302e9c8987eb0a6efb20839cd4ec0df7d86f4a65d05f019f8587193
2024-09-01,Kakkad,0.5741,0.5741,0.5741,36.5,,,,2,1,2,official_observed_reference,253916aad302e9c8987eb0a6efb20839cd4ec0df7d86f4a65d05f019f8587193
2024-09-01,Kallada,0.3096,0.3096,0.3096,13,,,,2,2,2,official_observed_reference,253916aad302e9c8987eb0a6efb20839cd4ec0df7d86f4a65d05f019f8587193
2024-09-01,Malankara,0.0841,0.0841,0.0841,3.75,5,,,2,2,2,official_observed_reference,253916aad302e9c8987eb0a6efb20839cd4ec0df7d86f4a65d05f019f8587193
2024-09-01,Maniyar,0.1347,0.1347,0.1347,,,,,3,3,3,official_observed_reference,253916aad302e9c8987eb0a6efb20839cd4ec0df7d86f4a65d05f019f8587193
2024-09-01,Kuthungal,0.1844,0.1844,0.1844,10.6,16,,,3,2,2,official_observed_reference,253916aad302e9c8987eb0a6efb20839cd4ec0df7d86f4a65d05f019f8587193
2024-09-02,Idukki,6.259,11.762,5.881,616,19,1,,5,4,5,official_observed_reference,146203d2fd240a95b9141db64a464fe24012d699a916edbecfd852c92c6f7e43
2024-09-02,Sabarigiri,3.3432,6.1318,3.0659,270.4,19,1,,5,3,5,official_observed_reference,146203d2fd240a95b9141db64a464fe24012d699a916edbecfd852c92c6f7e43
2024-09-02,Idamalayar,1.4348,2.3927,1.1964,68,1,,,2,2,2,official_observed_reference,146203d2fd240a95b9141db64a464fe24012d699a916edbecfd852c92c6f7e43
2024-09-02,Sholayar,1.303,2.2547,1.1274,54.6,,,,3,3,3,official_observed_reference,146203d2fd240a95b9141db64a464fe24012d699a916edbecfd852c92c6f7e43
2024-09-02,Pallivasal,0.4885,0.9771,0.4886,20.6,5,,2,4,4,4,official_observed_reference,146203d2fd240a95b9141db64a464fe24012d699a916edbecfd852c92c6f7e43
2024-09-02,Kuttiadi,4.0155,7.9121,3.9561,171.6,4,1,,5,5,5,official_observed_reference,146203d2fd240a95b9141db64a464fe24012d699a916edbecfd852c92c6f7e43
2024-09-02,Panniar,0.7762,1.5524,0.7762,32.4,,,,2,2,2,official_observed_reference,146203d2fd240a95b9141db64a464fe24012d699a916edbecfd852c92c6f7e43
2024-09-02,Neriamangalam,1.6133,3.2307,1.6154,69,14,,,4,4,4,official_observed_reference,146203d2fd240a95b9141db64a464fe24012d699a916edbecfd852c92c6f7e43
2024-09-02,Lower Periyar,3.852,7.7,3.85,164,,,,3,3,3,official_observed_reference,146203d2fd240a95b9141db64a464fe24012d699a916edbecfd852c92c6f7e43
2024-09-02,"Poringalkuthu, PLBE",0.8889,1.7783,0.8891,37.14,20,,1,5,5,5,official_observed_reference,146203d2fd240a95b9141db64a464fe24012d699a916edbecfd852c92c6f7e43
2024-09-02,Sengulam,0.3579,0.834,0.417,51.2,19,,,4,2,4,official_observed_reference,146203d2fd240a95b9141db64a464fe24012d699a916edbecfd852c92c6f7e43
2024-09-02,Kakkad,0.6561,1.2302,0.6151,37.42,,,,2,1,2,official_observed_reference,146203d2fd240a95b9141db64a464fe24012d699a916edbecfd852c92c6f7e43
2024-09-02,Kallada,0.3114,0.621,0.3105,13.2,13,,,2,2,2,official_observed_reference,146203d2fd240a95b9141db64a464fe24012d699a916edbecfd852c92c6f7e43
2024-09-02,Malankara,0.0785,0.1626,0.0813,3.6,1,,,2,2,2,official_observed_reference,146203d2fd240a95b9141db64a464fe24012d699a916edbecfd852c92c6f7e43
2024-09-02,Maniyar,0.1415,0.2762,0.1381,,,,,3,3,3,official_observed_reference,146203d2fd240a95b9141db64a464fe24012d699a916edbecfd852c92c6f7e43
2024-09-02,Kuthungal,0.1721,0.3565,0.1783,7.4,9,,,3,2,2,official_observed_reference,146203d2fd240a95b9141db64a464fe24012d699a916edbecfd852c92c6f7e43
2024-09-03,Idukki,6.662,18.424,6.1413,614,20,1,,5,1,5,official_observed_reference,171d6a5ec8fc7c1ac0b26c69c8774fccc0be079728591a55001e345631edd075
2024-09-03,Sabarigiri,3.1405,9.2723,3.0908,269.6,21,1,,5,3,5,official_observed_reference,171d6a5ec8fc7c1ac0b26c69c8774fccc0be079728591a55001e345631edd075
2024-09-03,Idamalayar,1.2034,3.5961,1.1987,67.4,,,,2,2,2,official_observed_reference,171d6a5ec8fc7c1ac0b26c69c8774fccc0be079728591a55001e345631edd075
2024-09-03,Sholayar,1.3031,3.5578,1.1859,54.6,8,,,3,3,3,official_observed_reference,171d6a5ec8fc7c1ac0b26c69c8774fccc0be079728591a55001e345631edd075
2024-09-03,Pallivasal,0.4884,1.4655,0.4885,20.4,,,2,4,4,4,official_observed_reference,171d6a5ec8fc7c1ac0b26c69c8774fccc0be079728591a55001e345631edd075
2024-09-03,Kuttiadi,3.652,11.5641,3.8547,174.4,7,1,,5,5,5,official_observed_reference,171d6a5ec8fc7c1ac0b26c69c8774fccc0be079728591a55001e345631edd075
2024-09-03,Panniar,0.7761,2.3285,0.7762,32.4,,,,2,2,2,official_observed_reference,171d6a5ec8fc7c1ac0b26c69c8774fccc0be079728591a55001e345631edd075
2024-09-03,Neriamangalam,1.6168,4.8475,1.6158,69.2,17,,,4,4,4,official_observed_reference,171d6a5ec8fc7c1ac0b26c69c8774fccc0be079728591a55001e345631edd075
2024-09-03,Lower Periyar,3.842,11.542,3.8473,164,1,,,3,3,3,official_observed_reference,171d6a5ec8fc7c1ac0b26c69c8774fccc0be079728591a55001e345631edd075
2024-09-03,"Poringalkuthu, PLBE",0.8905,2.6688,0.8896,37.44,5,,1,5,5,5,official_observed_reference,171d6a5ec8fc7c1ac0b26c69c8774fccc0be079728591a55001e345631edd075
2024-09-03,Sengulam,0.424,1.258,0.4193,51.2,21,,,4,,4,official_observed_reference,171d6a5ec8fc7c1ac0b26c69c8774fccc0be079728591a55001e345631edd075
2024-09-03,Kakkad,0.6864,1.9167,0.6389,37.7,23,,,2,1,2,official_observed_reference,171d6a5ec8fc7c1ac0b26c69c8774fccc0be079728591a55001e345631edd075
2024-09-03,Kallada,0.3136,0.9346,0.3115,13.6,20,,,2,2,2,official_observed_reference,171d6a5ec8fc7c1ac0b26c69c8774fccc0be079728591a55001e345631edd075
2024-09-03,Malankara,0.081,0.2436,0.0812,3.6,,,,2,2,2,official_observed_reference,171d6a5ec8fc7c1ac0b26c69c8774fccc0be079728591a55001e345631edd075
2024-09-03,Maniyar,0.1756,0.4518,0.1506,,,,,3,3,3,official_observed_reference,171d6a5ec8fc7c1ac0b26c69c8774fccc0be079728591a55001e345631edd075
2024-09-03,Kuthungal,0.1724,0.5289,0.1763,7.6,13,,,3,2,2,official_observed_reference,171d6a5ec8fc7c1ac0b26c69c8774fccc0be079728591a55001e345631edd075
2024-09-04,Idukki,4.858,23.282,5.8205,498,22,1,1,4,1,4,official_observed_reference,4a006280a2ad00aff03a1922fd189a5120066f5a1dea996abcc41bb5c924f967
2024-09-04,Sabarigiri,3.1004,12.3727,3.0932,270.8,20,1,,5,3,5,official_observed_reference,4a006280a2ad00aff03a1922fd189a5120066f5a1dea996abcc41bb5c924f967
2024-09-04,Idamalayar,0.9552,4.5513,1.1378,68.2,19,,,2,2,2,official_observed_reference,4a006280a2ad00aff03a1922fd189a5120066f5a1dea996abcc41bb5c924f967
2024-09-04,Sholayar,1.3033,4.8611,1.2153,54.6,15,,,3,3,3,official_observed_reference,4a006280a2ad00aff03a1922fd189a5120066f5a1dea996abcc41bb5c924f967
2024-09-04,Pallivasal,0.4888,1.9543,0.4886,20.6,,,2,4,4,4,official_observed_reference,4a006280a2ad00aff03a1922fd189a5120066f5a1dea996abcc41bb5c924f967
2024-09-04,Kuttiadi,4.0022,15.5663,3.8916,172.4,1,1,,5,5,5,official_observed_reference,4a006280a2ad00aff03a1922fd189a5120066f5a1dea996abcc41bb5c924f967
2024-09-04,Panniar,0.6766,3.0051,0.7513,32.4,,,,2,2,2,official_observed_reference,4a006280a2ad00aff03a1922fd189a5120066f5a1dea996abcc41bb5c924f967
2024-09-04,Neriamangalam,1.6118,6.4593,1.6148,69.4,22,,,4,4,4,official_observed_reference,4a006280a2ad00aff03a1922fd189a5120066f5a1dea996abcc41bb5c924f967
2024-09-04,Lower Periyar,3.833,15.375,3.8438,166,10,,,3,3,3,official_observed_reference,4a006280a2ad00aff03a1922fd189a5120066f5a1dea996abcc41bb5c924f967
2024-09-04,"Poringalkuthu, PLBE",0.8936,3.5623,0.8906,,,,1,5,5,5,official_observed_reference,4a006280a2ad00aff03a1922fd189a5120066f5a1dea996abcc41bb5c924f967
2024-09-04,Sengulam,0.3092,1.5672,0.3918,51,21,,,4,,4,official_observed_reference,4a006280a2ad00aff03a1922fd189a5120066f5a1dea996abcc41bb5c924f967
2024-09-04,Kakkad,0.6793,2.5959,0.649,38,1,,,2,2,2,official_observed_reference,4a006280a2ad00aff03a1922fd189a5120066f5a1dea996abcc41bb5c924f967
2024-09-04,Kallada,0.3145,1.2491,0.3123,13.2,,,,2,2,2,official_observed_reference,4a006280a2ad00aff03a1922fd189a5120066f5a1dea996abcc41bb5c924f967
2024-09-04,Malankara,0.0756,0.3192,0.0798,3.6,,,,2,2,2,official_observed_reference,4a006280a2ad00aff03a1922fd189a5120066f5a1dea996abcc41bb5c924f967
2024-09-04,Maniyar,0.1785,0.6303,0.1576,,,,,3,3,3,official_observed_reference,4a006280a2ad00aff03a1922fd189a5120066f5a1dea996abcc41bb5c924f967
2024-09-04,Kuthungal,0.1635,0.6924,0.1731,7.2,,,,3,1,1,official_observed_reference,4a006280a2ad00aff03a1922fd189a5120066f5a1dea996abcc41bb5c924f967
2024-09-05,Idukki,5.423,28.705,5.741,602,22,1,,5,3,5,official_observed_reference,1ba778beb2fbfa82d8192013397e8323eea8d12c45a10902d9d3b7ff8dea0b60
2024-09-05,Sabarigiri,3.0009,15.3736,3.0747,271,1,1,,5,3,4,official_observed_reference,1ba778beb2fbfa82d8192013397e8323eea8d12c45a10902d9d3b7ff8dea0b60
2024-09-05,Idamalayar,0.3746,4.9259,0.9852,68,,,,2,,1,official_observed_reference,1ba778beb2fbfa82d8192013397e8323eea8d12c45a10902d9d3b7ff8dea0b60
2024-09-05,Sholayar,1.2845,6.1456,1.2291,54.6,18,,,3,3,3,official_observed_reference,1ba778beb2fbfa82d8192013397e8323eea8d12c45a10902d9d3b7ff8dea0b60
2024-09-05,Pallivasal,0.4883,2.4426,0.4885,20.6,6,,2,4,4,4,official_observed_reference,1ba778beb2fbfa82d8192013397e8323eea8d12c45a10902d9d3b7ff8dea0b60
2024-09-05,Kuttiadi,3.5902,19.1565,3.8313,172.2,4,1,,5,5,5,official_observed_reference,1ba778beb2fbfa82d8192013397e8323eea8d12c45a10902d9d3b7ff8dea0b60
2024-09-05,Panniar,0.7733,3.7784,0.7557,32.4,1,,,2,2,2,official_observed_reference,1ba778beb2fbfa82d8192013397e8323eea8d12c45a10902d9d3b7ff8dea0b60
2024-09-05,Neriamangalam,1.521,7.9803,1.5961,69.6,17,,,4,4,4,official_observed_reference,1ba778beb2fbfa82d8192013397e8323eea8d12c45a10902d9d3b7ff8dea0b60
2024-09-05,Lower Periyar,3.71,19.085,3.817,164,3,,,3,3,3,official_observed_reference,1ba778beb2fbfa82d8192013397e8323eea8d12c45a10902d9d3b7ff8dea0b60
2024-09-05,"Poringalkuthu, PLBE",0.8982,4.4605,0.8921,37.62,23,,1,5,5,5,official_observed_reference,1ba778beb2fbfa82d8192013397e8323eea8d12c45a10902d9d3b7ff8dea0b60
2024-09-05,Sengulam,0.3032,1.8704,0.3741,50.6,,,,4,,3,official_observed_reference,1ba778beb2fbfa82d8192013397e8323eea8d12c45a10902d9d3b7ff8dea0b60
2024-09-05,Kakkad,0.5865,3.1824,0.6365,37.1,2,,,2,,2,official_observed_reference,1ba778beb2fbfa82d8192013397e8323eea8d12c45a10902d9d3b7ff8dea0b60
2024-09-05,Kallada,0.2467,1.4958,0.2992,14.6,20,,,2,,2,official_observed_reference,1ba778beb2fbfa82d8192013397e8323eea8d12c45a10902d9d3b7ff8dea0b60
2024-09-05,Malankara,0.0771,0.3963,0.0793,3.6,,,,2,2,2,official_observed_reference,1ba778beb2fbfa82d8192013397e8323eea8d12c45a10902d9d3b7ff8dea0b60
2024-09-05,Maniyar,0.1424,0.7727,0.1545,,,,,3,3,2,official_observed_reference,1ba778beb2fbfa82d8192013397e8323eea8d12c45a10902d9d3b7ff8dea0b60
2024-09-05,Kuthungal,0.1434,0.8358,0.1672,6.4,8,,,3,1,1,official_observed_reference,1ba778beb2fbfa82d8192013397e8323eea8d12c45a10902d9d3b7ff8dea0b60
2024-09-07,Idukki,6.189,41.246,5.8923,604,,1,,5,3,5,official_observed_reference,d405cf3d90a37caa4efb07bee183a98bced79ca73870d24f5205946cc62664aa
2024-09-07,Sabarigiri,4.154,23.3466,3.3352,270.6,,1,,5,4,5,official_observed_reference,d405cf3d90a37caa4efb07bee183a98bced79ca73870d24f5205946cc62664aa
2024-09-07,Idamalayar,0.7386,6.4221,0.9174,67.8,18,,,2,1,2,official_observed_reference,d405cf3d90a37caa4efb07bee183a98bced79ca73870d24f5205946cc62664aa
2024-09-07,Sholayar,0.885,8.1201,1.16,54.6,21,,,3,3,3,official_observed_reference,d405cf3d90a37caa4efb07bee183a98bced79ca73870d24f5205946cc62664aa
2024-09-07,Pallivasal,0.488,3.4186,0.4884,20.6,8,,2,4,4,4,official_observed_reference,d405cf3d90a37caa4efb07bee183a98bced79ca73870d24f5205946cc62664aa
2024-09-07,Kuttiadi,3.8906,27.0262,3.8609,171.2,9,1,,5,5,5,official_observed_reference,d405cf3d90a37caa4efb07bee183a98bced79ca73870d24f5205946cc62664aa
2024-09-07,Panniar,0.7762,5.3307,0.7615,32.4,,,,2,2,2,official_observed_reference,d405cf3d90a37caa4efb07bee183a98bced79ca73870d24f5205946cc62664aa
2024-09-07,Neriamangalam,1.7433,11.4249,1.6321,76.2,5,,,4,4,4,official_observed_reference,d405cf3d90a37caa4efb07bee183a98bced79ca73870d24f5205946cc62664aa
2024-09-07,Lower Periyar,3.312,25.722,3.6746,162,19,,,3,3,3,official_observed_reference,d405cf3d90a37caa4efb07bee183a98bced79ca73870d24f5205946cc62664aa
2024-09-07,"Poringalkuthu, PLBE",0.9017,6.2655,0.8951,37.68,5,,1,5,4,5,official_observed_reference,d405cf3d90a37caa4efb07bee183a98bced79ca73870d24f5205946cc62664aa
2024-09-07,Sengulam,0.3398,2.6568,0.3795,51.6,21,,,4,,4,official_observed_reference,d405cf3d90a37caa4efb07bee183a98bced79ca73870d24f5205946cc62664aa
2024-09-07,Kakkad,0.6915,4.5859,0.6551,36.14,,,,2,2,2,official_observed_reference,d405cf3d90a37caa4efb07bee183a98bced79ca73870d24f5205946cc62664aa
2024-09-07,Kallada,0.315,2.1248,0.3035,13.2,,,,2,2,2,official_observed_reference,d405cf3d90a37caa4efb07bee183a98bced79ca73870d24f5205946cc62664aa
2024-09-07,Malankara,0.0783,0.5556,0.0794,3.6,,,,2,2,2,official_observed_reference,d405cf3d90a37caa4efb07bee183a98bced79ca73870d24f5205946cc62664aa
2024-09-07,Maniyar,0.1333,1.0551,0.1507,,,,,3,2,3,official_observed_reference,d405cf3d90a37caa4efb07bee183a98bced79ca73870d24f5205946cc62664aa
2024-09-07,Kuthungal,0.1351,1.1083,0.1583,6,,,,3,1,1,official_observed_reference,d405cf3d90a37caa4efb07bee183a98bced79ca73870d24f5205946cc62664aa
2024-09-08,Idukki,5.613,46.859,5.8574,600,,,,6,4,6,official_observed_reference,9291d4105185b50d38e425a63ddf872ffede014cfdae5149d2369495bc25a79e
2024-09-08,Sabarigiri,3.1971,26.5437,3.318,270.8,19,1,,5,4,5,official_observed_reference,9291d4105185b50d38e425a63ddf872ffede014cfdae5149d2369495bc25a79e
2024-09-08,Idamalayar,0.4569,6.879,0.8599,68.2,18,,,2,,2,official_observed_reference,9291d4105185b50d38e425a63ddf872ffede014cfdae5149d2369495bc25a79e
2024-09-08,Sholayar,0.8363,8.9564,1.1196,54.6,19,,,3,3,3,official_observed_reference,9291d4105185b50d38e425a63ddf872ffede014cfdae5149d2369495bc25a79e
2024-09-08,Pallivasal,0.4881,3.9067,0.4883,20.6,17,,2,4,4,4,official_observed_reference,9291d4105185b50d38e425a63ddf872ffede014cfdae5149d2369495bc25a79e
2024-09-08,Kuttiadi,3.6157,30.6419,3.8302,172,16,1,,5,5,5,official_observed_reference,9291d4105185b50d38e425a63ddf872ffede014cfdae5149d2369495bc25a79e
2024-09-08,Panniar,0.7761,6.1068,0.7634,32.4,,,,2,2,2,official_observed_reference,9291d4105185b50d38e425a63ddf872ffede014cfdae5149d2369495bc25a79e
2024-09-08,Neriamangalam,1.7649,13.1898,1.6487,75.6,,,,4,4,4,official_observed_reference,9291d4105185b50d38e425a63ddf872ffede014cfdae5149d2369495bc25a79e
2024-09-08,Lower Periyar,3.247,28.969,3.6211,162,,,,3,3,3,official_observed_reference,9291d4105185b50d38e425a63ddf872ffede014cfdae5149d2369495bc25a79e
2024-09-08,"Poringalkuthu, PLBE",0.9001,7.1657,0.8957,37.62,3,,1,5,4,5,official_observed_reference,9291d4105185b50d38e425a63ddf872ffede014cfdae5149d2369495bc25a79e
2024-09-08,Sengulam,0.2391,2.8959,0.362,25.6,18,2,,2,1,2,official_observed_reference,9291d4105185b50d38e425a63ddf872ffede014cfdae5149d2369495bc25a79e
2024-09-08,Kakkad,0.5598,5.1456,0.6432,35.94,23,,,2,1,2,official_observed_reference,9291d4105185b50d38e425a63ddf872ffede014cfdae5149d2369495bc25a79e
2024-09-08,Kallada,0.3152,2.44,0.305,13.2,,,,2,2,2,official_observed_reference,9291d4105185b50d38e425a63ddf872ffede014cfdae5149d2369495bc25a79e
2024-09-08,Malankara,0.0816,0.6372,0.0797,3.6,,,,2,2,2,official_observed_reference,9291d4105185b50d38e425a63ddf872ffede014cfdae5149d2369495bc25a79e
2024-09-08,Maniyar,0.1112,1.1663,0.1458,,,,,3,2,2,official_observed_reference,9291d4105185b50d38e425a63ddf872ffede014cfdae5149d2369495bc25a79e
2024-09-08,Kuthungal,0.1277,1.236,0.1545,6,17,,,3,1,1,official_observed_reference,9291d4105185b50d38e425a63ddf872ffede014cfdae5149d2369495bc25a79e
2024-09-09,Idukki,6.293,53.152,5.9058,684,19,,,6,4,6,official_observed_reference,0ee37321f6f8fedfde9be7acc436113f0df9e0b59ce168bf5a96a372c83ba0c4
2024-09-09,Sabarigiri,3.0965,29.6402,3.2934,281.8,21,1,,5,2,5,official_observed_reference,0ee37321f6f8fedfde9be7acc436113f0df9e0b59ce168bf5a96a372c83ba0c4
2024-09-09,Idamalayar,1.1855,8.0645,0.8961,68.6,7,,,2,2,2,official_observed_reference,0ee37321f6f8fedfde9be7acc436113f0df9e0b59ce168bf5a96a372c83ba0c4
2024-09-09,Sholayar,0.8752,9.8316,1.0924,54.6,18,,,3,3,3,official_observed_reference,0ee37321f6f8fedfde9be7acc436113f0df9e0b59ce168bf5a96a372c83ba0c4
2024-09-09,Pallivasal,0.4691,4.3758,0.4862,20.6,15,,2,4,4,4,official_observed_reference,0ee37321f6f8fedfde9be7acc436113f0df9e0b59ce168bf5a96a372c83ba0c4
2024-09-09,Kuttiadi,3.4368,34.0787,3.7865,171.4,,2,,4,4,4,official_observed_reference,0ee37321f6f8fedfde9be7acc436113f0df9e0b59ce168bf5a96a372c83ba0c4
2024-09-09,Panniar,0.7763,6.8831,0.7648,32.4,,,,2,2,2,official_observed_reference,0ee37321f6f8fedfde9be7acc436113f0df9e0b59ce168bf5a96a372c83ba0c4
2024-09-09,Neriamangalam,1.7703,14.9601,1.6622,76,16,,,4,4,4,official_observed_reference,0ee37321f6f8fedfde9be7acc436113f0df9e0b59ce168bf5a96a372c83ba0c4
2024-09-09,Lower Periyar,3.216,32.185,3.5761,162,,,,3,3,3,official_observed_reference,0ee37321f6f8fedfde9be7acc436113f0df9e0b59ce168bf5a96a372c83ba0c4
2024-09-09,"Poringalkuthu, PLBE",0.8499,8.0155,0.8906,37.64,2,,1,5,5,5,official_observed_reference,0ee37321f6f8fedfde9be7acc436113f0df9e0b59ce168bf5a96a372c83ba0c4
2024-09-09,Sengulam,0.4396,3.3355,0.3706,52,21,,,4,2,4,official_observed_reference,0ee37321f6f8fedfde9be7acc436113f0df9e0b59ce168bf5a96a372c83ba0c4
2024-09-09,Kakkad,0.5737,5.7194,0.6355,36,,,,2,1,2,official_observed_reference,0ee37321f6f8fedfde9be7acc436113f0df9e0b59ce168bf5a96a372c83ba0c4
2024-09-09,Kallada,0.3147,2.7547,0.3061,13.2,,,,2,2,2,official_observed_reference,0ee37321f6f8fedfde9be7acc436113f0df9e0b59ce168bf5a96a372c83ba0c4
2024-09-09,Malankara,0.0806,0.7178,0.0798,4.05,13,,,2,2,2,official_observed_reference,0ee37321f6f8fedfde9be7acc436113f0df9e0b59ce168bf5a96a372c83ba0c4
2024-09-09,Maniyar,0.1146,1.2808,0.1423,,,,,3,2,3,official_observed_reference,0ee37321f6f8fedfde9be7acc436113f0df9e0b59ce168bf5a96a372c83ba0c4
2024-09-09,Kuthungal,0.1503,1.3863,0.154,9.8,15,,,3,1,1,official_observed_reference,0ee37321f6f8fedfde9be7acc436113f0df9e0b59ce168bf5a96a372c83ba0c4
2024-09-10,Idukki,6.784,59.936,5.9936,594,23,,,6,3,6,official_observed_reference,fb4ef2779acbc7551cb847ba650ff1393b486f059108bac99a4de57abf539d8b
2024-09-10,Sabarigiri,3.5525,33.1927,3.3193,271.2,20,1,,5,3,5,official_observed_reference,fb4ef2779acbc7551cb847ba650ff1393b486f059108bac99a4de57abf539d8b
2024-09-10,Idamalayar,1.0519,9.1164,0.9116,68.6,5,,,2,2,2,official_observed_reference,fb4ef2779acbc7551cb847ba650ff1393b486f059108bac99a4de57abf539d8b
2024-09-10,Sholayar,0.8915,10.7231,1.0723,54.4,,,,3,3,3,official_observed_reference,fb4ef2779acbc7551cb847ba650ff1393b486f059108bac99a4de57abf539d8b
2024-09-10,Pallivasal,0.4904,4.8662,0.4866,20.6,1,,2,4,4,4,official_observed_reference,fb4ef2779acbc7551cb847ba650ff1393b486f059108bac99a4de57abf539d8b
2024-09-10,Kuttiadi,3.4153,37.494,3.7494,146.8,21,2,,4,4,4,official_observed_reference,fb4ef2779acbc7551cb847ba650ff1393b486f059108bac99a4de57abf539d8b
2024-09-10,Panniar,0.7761,7.6592,0.7659,32.4,,,,2,2,2,official_observed_reference,fb4ef2779acbc7551cb847ba650ff1393b486f059108bac99a4de57abf539d8b
2024-09-10,Neriamangalam,1.7183,16.6784,1.6678,77,19,,,4,4,4,official_observed_reference,fb4ef2779acbc7551cb847ba650ff1393b486f059108bac99a4de57abf539d8b
2024-09-10,Lower Periyar,3.649,35.834,3.5834,166,19,,,3,3,3,official_observed_reference,fb4ef2779acbc7551cb847ba650ff1393b486f059108bac99a4de57abf539d8b
2024-09-10,"Poringalkuthu, PLBE",0.8617,8.8772,0.8877,37.66,9,,1,5,5,5,official_observed_reference,fb4ef2779acbc7551cb847ba650ff1393b486f059108bac99a4de57abf539d8b
2024-09-10,Sengulam,0.3269,3.6624,0.3662,51.2,,,,4,1,4,official_observed_reference,fb4ef2779acbc7551cb847ba650ff1393b486f059108bac99a4de57abf539d8b
2024-09-10,Kakkad,0.6652,6.3845,0.6385,36.18,23,,,2,1,2,official_observed_reference,fb4ef2779acbc7551cb847ba650ff1393b486f059108bac99a4de57abf539d8b
2024-09-10,Kallada,0.3158,3.0705,0.3071,13.6,17,,,2,2,2,official_observed_reference,fb4ef2779acbc7551cb847ba650ff1393b486f059108bac99a4de57abf539d8b
2024-09-10,Malankara,0.0836,0.8014,0.0801,3.75,,,,2,2,2,official_observed_reference,fb4ef2779acbc7551cb847ba650ff1393b486f059108bac99a4de57abf539d8b
2024-09-10,Maniyar,0.1516,1.4325,0.1432,,,,,3,3,3,official_observed_reference,fb4ef2779acbc7551cb847ba650ff1393b486f059108bac99a4de57abf539d8b
2024-09-10,Kuthungal,0.1357,1.522,0.1522,6.4,13,,,3,2,2,official_observed_reference,fb4ef2779acbc7551cb847ba650ff1393b486f059108bac99a4de57abf539d8b
2024-09-11,Idukki,5.989,65.925,5.9932,592,20,,,6,2,6,official_observed_reference,fc5ed0590aa62895ee1dac9a0ecc7642e7575c7b0c2e1fbc0e75623311804a09
2024-09-11,Sabarigiri,3.2756,36.4683,3.3153,270.6,22,1,,5,3,5,official_observed_reference,fc5ed0590aa62895ee1dac9a0ecc7642e7575c7b0c2e1fbc0e75623311804a09
2024-09-11,Idamalayar,1.198,10.3144,0.9377,67.2,6,,,2,2,2,official_observed_reference,fc5ed0590aa62895ee1dac9a0ecc7642e7575c7b0c2e1fbc0e75623311804a09
2024-09-11,Sholayar,0.8525,11.5756,1.0523,54.4,19,,,3,3,3,official_observed_reference,fc5ed0590aa62895ee1dac9a0ecc7642e7575c7b0c2e1fbc0e75623311804a09
2024-09-11,Pallivasal,0.4878,5.354,0.4867,20.6,12,,2,4,4,4,official_observed_reference,fc5ed0590aa62895ee1dac9a0ecc7642e7575c7b0c2e1fbc0e75623311804a09
2024-09-11,Kuttiadi,3.7002,41.1942,3.7449,199,23,1,,5,4,5,official_observed_reference,fc5ed0590aa62895ee1dac9a0ecc7642e7575c7b0c2e1fbc0e75623311804a09
2024-09-11,Panniar,0.6085,8.2677,0.7516,32.4,1,,,2,2,2,official_observed_reference,fc5ed0590aa62895ee1dac9a0ecc7642e7575c7b0c2e1fbc0e75623311804a09
2024-09-11,Neriamangalam,1.7791,18.4575,1.678,76,,,,4,4,4,official_observed_reference,fc5ed0590aa62895ee1dac9a0ecc7642e7575c7b0c2e1fbc0e75623311804a09
2024-09-11,Lower Periyar,3.748,39.582,3.5984,164,19,,,3,3,3,official_observed_reference,fc5ed0590aa62895ee1dac9a0ecc7642e7575c7b0c2e1fbc0e75623311804a09
2024-09-11,"Poringalkuthu, PLBE",0.8921,9.7693,0.8881,37.74,13,,1,5,4,5,official_observed_reference,fc5ed0590aa62895ee1dac9a0ecc7642e7575c7b0c2e1fbc0e75623311804a09
2024-09-11,Sengulam,0.3916,4.054,0.3685,51.4,21,,,4,1,4,official_observed_reference,fc5ed0590aa62895ee1dac9a0ecc7642e7575c7b0c2e1fbc0e75623311804a09
2024-09-11,Kakkad,0.6031,6.9876,0.6352,36.56,23,,,2,1,2,official_observed_reference,fc5ed0590aa62895ee1dac9a0ecc7642e7575c7b0c2e1fbc0e75623311804a09
2024-09-11,Kallada,0.3163,3.3868,0.3079,13.2,1,,,2,2,2,official_observed_reference,fc5ed0590aa62895ee1dac9a0ecc7642e7575c7b0c2e1fbc0e75623311804a09
2024-09-11,Malankara,0.082,0.8834,0.0803,3.75,2,,,2,2,2,official_observed_reference,fc5ed0590aa62895ee1dac9a0ecc7642e7575c7b0c2e1fbc0e75623311804a09
2024-09-11,Maniyar,0.1577,1.5901,0.1446,,,,,3,3,3,official_observed_reference,fc5ed0590aa62895ee1dac9a0ecc7642e7575c7b0c2e1fbc0e75623311804a09
2024-09-11,Kuthungal,0.1576,1.6796,0.1527,7.4,5,,,3,3,3,official_observed_reference,fc5ed0590aa62895ee1dac9a0ecc7642e7575c7b0c2e1fbc0e75623311804a09
2024-09-12,Idukki,5.138,71.063,5.9219,694,19,,,6,1,6,official_observed_reference,560e244da51e4bd30eeace3fb7c38ed5873485b505d61f6204485f579259e704
2024-09-12,Sabarigiri,3.3163,39.7846,3.3154,270.6,22,1,,5,3,5,official_observed_reference,560e244da51e4bd30eeace3fb7c38ed5873485b505d61f6204485f579259e704
2024-09-12,Idamalayar,1.1551,11.4695,0.9558,67.6,18,,,2,2,2,official_observed_reference,560e244da51e4bd30eeace3fb7c38ed5873485b505d61f6204485f579259e704
2024-09-12,Sholayar,0.9611,12.5367,1.0447,54.4,18,,,3,3,3,official_observed_reference,560e244da51e4bd30eeace3fb7c38ed5873485b505d61f6204485f579259e704
2024-09-12,Pallivasal,0.488,5.842,0.4868,20.4,,,2,4,4,4,official_observed_reference,560e244da51e4bd30eeace3fb7c38ed5873485b505d61f6204485f579259e704
2024-09-12,Kuttiadi,4.7109,45.9051,3.8254,200.8,7,1,,5,5,5,official_observed_reference,560e244da51e4bd30eeace3fb7c38ed5873485b505d61f6204485f579259e704
2024-09-12,Panniar,0.7761,9.0438,0.7537,32.4,,,,2,2,2,official_observed_reference,560e244da51e4bd30eeace3fb7c38ed5873485b505d61f6204485f579259e704
2024-09-12,Neriamangalam,1.7496,20.2071,1.6839,76.4,6,,,4,4,4,official_observed_reference,560e244da51e4bd30eeace3fb7c38ed5873485b505d61f6204485f579259e704
2024-09-12,Lower Periyar,3.791,43.373,3.6144,164,,,,3,3,3,official_observed_reference,560e244da51e4bd30eeace3fb7c38ed5873485b505d61f6204485f579259e704
2024-09-12,"Poringalkuthu, PLBE",0.9035,10.6729,0.8894,37.78,17,,1,5,4,5,official_observed_reference,560e244da51e4bd30eeace3fb7c38ed5873485b505d61f6204485f579259e704
2024-09-12,Sengulam,0.359,4.413,0.3678,51,20,,,4,1,4,official_observed_reference,560e244da51e4bd30eeace3fb7c38ed5873485b505d61f6204485f579259e704
2024-09-12,Kakkad,0.6541,7.6417,0.6368,36.6,1,,,2,2,2,official_observed_reference,560e244da51e4bd30eeace3fb7c38ed5873485b505d61f6204485f579259e704
2024-09-12,Kallada,0.3179,3.7047,0.3087,13.4,5,,,2,2,2,official_observed_reference,560e244da51e4bd30eeace3fb7c38ed5873485b505d61f6204485f579259e704
2024-09-12,Malankara,0.0803,0.9637,0.0803,3.75,23,,,2,2,2,official_observed_reference,560e244da51e4bd30eeace3fb7c38ed5873485b505d61f6204485f579259e704
2024-09-12,Maniyar,0.1431,1.7333,0.1444,,,,,3,2,3,official_observed_reference,560e244da51e4bd30eeace3fb7c38ed5873485b505d61f6204485f579259e704
2024-09-12,Kuthungal,0.146,1.8256,0.1521,9,14,,,3,2,3,official_observed_reference,560e244da51e4bd30eeace3fb7c38ed5873485b505d61f6204485f579259e704
2024-09-13,Idukki,5.885,76.948,5.9191,728,20,,,6,1,6,official_observed_reference,06d23f7ee1ff77168c96a495f91d48e79e5067e9b1649910d7d11c4f28a7fdad
2024-09-13,Sabarigiri,3.3818,43.1664,3.3205,271.2,19,1,,5,3,5,official_observed_reference,06d23f7ee1ff77168c96a495f91d48e79e5067e9b1649910d7d11c4f28a7fdad
2024-09-13,Idamalayar,1.2826,12.7521,0.9809,67.6,1,,,2,2,2,official_observed_reference,06d23f7ee1ff77168c96a495f91d48e79e5067e9b1649910d7d11c4f28a7fdad
2024-09-13,Sholayar,0.7709,13.3076,1.0237,54.6,21,,,3,3,3,official_observed_reference,06d23f7ee1ff77168c96a495f91d48e79e5067e9b1649910d7d11c4f28a7fdad
2024-09-13,Pallivasal,0.4885,6.3305,0.487,20.6,16,,2,4,4,4,official_observed_reference,06d23f7ee1ff77168c96a495f91d48e79e5067e9b1649910d7d11c4f28a7fdad
2024-09-13,Kuttiadi,4.6466,50.5517,3.8886,199.8,6,1,,5,5,5,official_observed_reference,06d23f7ee1ff77168c96a495f91d48e79e5067e9b1649910d7d11c4f28a7fdad
2024-09-13,Panniar,0.7761,9.8199,0.7554,32.4,,,,2,2,2,official_observed_reference,06d23f7ee1ff77168c96a495f91d48e79e5067e9b1649910d7d11c4f28a7fdad
2024-09-13,Neriamangalam,1.7671,21.9742,1.6903,75.6,5,,,4,4,4,official_observed_reference,06d23f7ee1ff77168c96a495f91d48e79e5067e9b1649910d7d11c4f28a7fdad
2024-09-13,Lower Periyar,3.507,46.88,3.6062,160,4,,,3,3,3,official_observed_reference,06d23f7ee1ff77168c96a495f91d48e79e5067e9b1649910d7d11c4f28a7fdad
2024-09-13,"Poringalkuthu, PLBE",0.9032,11.5761,0.8905,37.72,7,,1,5,5,5,official_observed_reference,06d23f7ee1ff77168c96a495f91d48e79e5067e9b1649910d7d11c4f28a7fdad
2024-09-13,Sengulam,0.3707,4.7837,0.368,51.2,21,,,4,1,4,official_observed_reference,06d23f7ee1ff77168c96a495f91d48e79e5067e9b1649910d7d11c4f28a7fdad
2024-09-13,Kakkad,0.5665,8.2081,0.6314,36,23,,,2,1,2,official_observed_reference,06d23f7ee1ff77168c96a495f91d48e79e5067e9b1649910d7d11c4f28a7fdad
2024-09-13,Kallada,0.3186,4.0233,0.3095,13.4,3,,,2,2,2,official_observed_reference,06d23f7ee1ff77168c96a495f91d48e79e5067e9b1649910d7d11c4f28a7fdad
2024-09-13,Malankara,0.0836,1.0473,0.0806,3.75,,,,2,2,2,official_observed_reference,06d23f7ee1ff77168c96a495f91d48e79e5067e9b1649910d7d11c4f28a7fdad
2024-09-13,Maniyar,0.1201,1.8533,0.1426,,,,,3,1,3,official_observed_reference,06d23f7ee1ff77168c96a495f91d48e79e5067e9b1649910d7d11c4f28a7fdad
2024-09-13,Kuthungal,0.1192,1.9448,0.1496,5.4,8,,,3,1,1,official_observed_reference,06d23f7ee1ff77168c96a495f91d48e79e5067e9b1649910d7d11c4f28a7fdad
2024-09-14,Idukki,6.154,83.102,5.9359,724,23,,,6,2,6,official_observed_reference,d9c5f02b1321729467a22879f1dcfd6f4341721d1f0d67455cec6c84d68f4bce
2024-09-14,Sabarigiri,3.5467,46.7131,3.3367,272.6,19,1,,5,1,5,official_observed_reference,d9c5f02b1321729467a22879f1dcfd6f4341721d1f0d67455cec6c84d68f4bce
2024-09-14,Idamalayar,0.9095,13.6616,0.9758,68.6,18,,,2,1,2,official_observed_reference,d9c5f02b1321729467a22879f1dcfd6f4341721d1f0d67455cec6c84d68f4bce
2024-09-14,Sholayar,0.797,14.1046,1.0075,54.6,19,,,3,3,3,official_observed_reference,d9c5f02b1321729467a22879f1dcfd6f4341721d1f0d67455cec6c84d68f4bce
2024-09-14,Pallivasal,0.4876,6.8181,0.487,20.4,,,2,4,4,4,official_observed_reference,d9c5f02b1321729467a22879f1dcfd6f4341721d1f0d67455cec6c84d68f4bce
2024-09-14,Kuttiadi,4.0501,54.6018,3.9001,200.4,8,1,,5,5,5,official_observed_reference,d9c5f02b1321729467a22879f1dcfd6f4341721d1f0d67455cec6c84d68f4bce
2024-09-14,Panniar,0.7762,10.5961,0.7569,32.4,,,,2,2,2,official_observed_reference,d9c5f02b1321729467a22879f1dcfd6f4341721d1f0d67455cec6c84d68f4bce
2024-09-14,Neriamangalam,1.4741,23.4483,1.6749,75.6,22,,,4,4,4,official_observed_reference,d9c5f02b1321729467a22879f1dcfd6f4341721d1f0d67455cec6c84d68f4bce
2024-09-14,Lower Periyar,2.669,49.549,3.5392,160,19,,,3,3,3,official_observed_reference,d9c5f02b1321729467a22879f1dcfd6f4341721d1f0d67455cec6c84d68f4bce
2024-09-14,"Poringalkuthu, PLBE",0.902,12.478,0.8913,37.68,16,,1,5,5,5,official_observed_reference,d9c5f02b1321729467a22879f1dcfd6f4341721d1f0d67455cec6c84d68f4bce
2024-09-14,Sengulam,0.3184,5.1021,0.3644,51,22,,,4,,4,official_observed_reference,d9c5f02b1321729467a22879f1dcfd6f4341721d1f0d67455cec6c84d68f4bce
2024-09-14,Kakkad,0.6093,8.8174,0.6298,36.22,2,,,2,2,2,official_observed_reference,d9c5f02b1321729467a22879f1dcfd6f4341721d1f0d67455cec6c84d68f4bce
2024-09-14,Kallada,0.3184,4.3417,0.3101,13.4,,,,2,2,2,official_observed_reference,d9c5f02b1321729467a22879f1dcfd6f4341721d1f0d67455cec6c84d68f4bce
2024-09-14,Malankara,0.0878,1.1351,0.0811,3.9,3,,,2,2,2,official_observed_reference,d9c5f02b1321729467a22879f1dcfd6f4341721d1f0d67455cec6c84d68f4bce
2024-09-14,Maniyar,0.1139,1.9672,0.1405,,,,,3,2,3,official_observed_reference,d9c5f02b1321729467a22879f1dcfd6f4341721d1f0d67455cec6c84d68f4bce
2024-09-14,Kuthungal,0.1132,2.058,0.147,5.2,15,,,3,1,1,official_observed_reference,d9c5f02b1321729467a22879f1dcfd6f4341721d1f0d67455cec6c84d68f4bce
2024-09-15,Idukki,5.455,88.557,5.9038,708,22,,,6,3,5,official_observed_reference,5bfd3ce5846a6518d7e83c557b4f58b0d048b830447273ddbb596d1915078c66
2024-09-15,Sabarigiri,2.6873,49.4004,3.2934,272.6,21,1,,5,3,5,official_observed_reference,5bfd3ce5846a6518d7e83c557b4f58b0d048b830447273ddbb596d1915078c66
2024-09-15,Idamalayar,0.7275,14.3891,0.9593,68.4,19,,,2,2,1,official_observed_reference,5bfd3ce5846a6518d7e83c557b4f58b0d048b830447273ddbb596d1915078c66
2024-09-15,Sholayar,0.8416,14.9462,0.9964,54.4,20,,,3,3,3,official_observed_reference,5bfd3ce5846a6518d7e83c557b4f58b0d048b830447273ddbb596d1915078c66
2024-09-15,Pallivasal,0.4878,7.3059,0.4871,20.4,,,2,4,4,4,official_observed_reference,5bfd3ce5846a6518d7e83c557b4f58b0d048b830447273ddbb596d1915078c66
2024-09-15,Kuttiadi,3.0119,57.6137,3.8409,200.2,6,1,,5,5,5,official_observed_reference,5bfd3ce5846a6518d7e83c557b4f58b0d048b830447273ddbb596d1915078c66
2024-09-15,Panniar,0.7762,11.3723,0.7582,32.4,,,,2,2,2,official_observed_reference,5bfd3ce5846a6518d7e83c557b4f58b0d048b830447273ddbb596d1915078c66
2024-09-15,Neriamangalam,1.5197,24.968,1.6645,76,1,,,4,4,4,official_observed_reference,5bfd3ce5846a6518d7e83c557b4f58b0d048b830447273ddbb596d1915078c66
2024-09-15,Lower Periyar,3.176,52.725,3.515,158,,,,3,3,3,official_observed_reference,5bfd3ce5846a6518d7e83c557b4f58b0d048b830447273ddbb596d1915078c66
2024-09-15,"Poringalkuthu, PLBE",0.8988,13.3768,0.8918,37.98,5,,1,5,5,5,official_observed_reference,5bfd3ce5846a6518d7e83c557b4f58b0d048b830447273ddbb596d1915078c66
2024-09-15,Sengulam,0.2136,5.3157,0.3544,25.4,18,,,4,,2,official_observed_reference,5bfd3ce5846a6518d7e83c557b4f58b0d048b830447273ddbb596d1915078c66
2024-09-15,Kakkad,0.4265,9.2439,0.6163,37.12,23,,,2,1,2,official_observed_reference,5bfd3ce5846a6518d7e83c557b4f58b0d048b830447273ddbb596d1915078c66
2024-09-15,Kallada,0.3182,4.6599,0.3107,13.4,,,,2,2,2,official_observed_reference,5bfd3ce5846a6518d7e83c557b4f58b0d048b830447273ddbb596d1915078c66
2024-09-15,Malankara,0.0914,1.2266,0.0818,4.05,,,,2,2,2,official_observed_reference,5bfd3ce5846a6518d7e83c557b4f58b0d048b830447273ddbb596d1915078c66
2024-09-15,Maniyar,0.0812,2.0484,0.1366,,,,,3,1,2,official_observed_reference,5bfd3ce5846a6518d7e83c557b4f58b0d048b830447273ddbb596d1915078c66
2024-09-15,Kuthungal,0.1071,2.1651,0.1443,4.8,10,,,3,1,1,official_observed_reference,5bfd3ce5846a6518d7e83c557b4f58b0d048b830447273ddbb596d1915078c66
2024-09-16,Idukki,6.023,94.58,5.9113,658,22,,,6,3,6,official_observed_reference,5053de5d5e46c552ed93e7d191a37e9c5b4e86ceda9bdc2de476d91e63a16c83
2024-09-16,Sabarigiri,3.306,52.7064,3.2942,271.8,,1,,5,2,5,official_observed_reference,5053de5d5e46c552ed93e7d191a37e9c5b4e86ceda9bdc2de476d91e63a16c83
2024-09-16,Idamalayar,1.3038,15.6929,0.9808,68.8,,,,2,2,2,official_observed_reference,5053de5d5e46c552ed93e7d191a37e9c5b4e86ceda9bdc2de476d91e63a16c83
2024-09-16,Sholayar,0.8618,15.808,0.988,54.6,20,,,3,3,3,official_observed_reference,5053de5d5e46c552ed93e7d191a37e9c5b4e86ceda9bdc2de476d91e63a16c83
2024-09-16,Pallivasal,0.4876,7.7935,0.4871,20.6,21,,2,4,4,4,official_observed_reference,5053de5d5e46c552ed93e7d191a37e9c5b4e86ceda9bdc2de476d91e63a16c83
2024-09-16,Kuttiadi,4.1121,61.7258,3.8579,195.6,21,1,,5,5,5,official_observed_reference,5053de5d5e46c552ed93e7d191a37e9c5b4e86ceda9bdc2de476d91e63a16c83
2024-09-16,Panniar,0.7761,12.1484,0.7593,32.4,,,,2,2,2,official_observed_reference,5053de5d5e46c552ed93e7d191a37e9c5b4e86ceda9bdc2de476d91e63a16c83
2024-09-16,Neriamangalam,1.276,26.244,1.6403,74.8,18,,,4,4,4,official_observed_reference,5053de5d5e46c552ed93e7d191a37e9c5b4e86ceda9bdc2de476d91e63a16c83
2024-09-16,Lower Periyar,2.502,55.227,3.4517,162,21,,,3,3,3,official_observed_reference,5053de5d5e46c552ed93e7d191a37e9c5b4e86ceda9bdc2de476d91e63a16c83
2024-09-16,"Poringalkuthu, PLBE",0.8974,14.2742,0.8921,37.62,7,,1,5,5,5,official_observed_reference,5053de5d5e46c552ed93e7d191a37e9c5b4e86ceda9bdc2de476d91e63a16c83
2024-09-16,Sengulam,0.4117,5.7274,0.358,51.2,20,,,4,1,4,official_observed_reference,5053de5d5e46c552ed93e7d191a37e9c5b4e86ceda9bdc2de476d91e63a16c83
2024-09-16,Kakkad,0.5194,9.7633,0.6102,37.2,23,,,2,1,2,official_observed_reference,5053de5d5e46c552ed93e7d191a37e9c5b4e86ceda9bdc2de476d91e63a16c83
2024-09-16,Kallada,0.3177,4.9776,0.3111,13.4,,,,2,2,2,official_observed_reference,5053de5d5e46c552ed93e7d191a37e9c5b4e86ceda9bdc2de476d91e63a16c83
2024-09-16,Malankara,0.0919,1.3184,0.0824,4.05,,,,2,2,2,official_observed_reference,5053de5d5e46c552ed93e7d191a37e9c5b4e86ceda9bdc2de476d91e63a16c83
2024-09-16,Maniyar,0.0878,2.1361,0.1335,,,,,3,2,2,official_observed_reference,5053de5d5e46c552ed93e7d191a37e9c5b4e86ceda9bdc2de476d91e63a16c83
2024-09-16,Kuthungal,0.0988,2.2639,0.1415,4.4,1,,,3,1,1,official_observed_reference,5053de5d5e46c552ed93e7d191a37e9c5b4e86ceda9bdc2de476d91e63a16c83
2024-09-17,Idukki,7.551,102.131,6.0077,732,18,,,6,2,6,official_observed_reference,16a06499109285ad4642bf5698ec62ba5e80a52acdb4f1f6c7abb58e0be463e4
2024-09-17,Sabarigiri,5.6238,58.3302,3.4312,272.2,22,1,,5,5,5,official_observed_reference,16a06499109285ad4642bf5698ec62ba5e80a52acdb4f1f6c7abb58e0be463e4
2024-09-17,Idamalayar,1.5383,17.2312,1.0136,68.6,7,,,2,2,2,official_observed_reference,16a06499109285ad4642bf5698ec62ba5e80a52acdb4f1f6c7abb58e0be463e4
2024-09-17,Sholayar,0.8881,16.6961,0.9821,54.4,18,,,3,3,3,official_observed_reference,16a06499109285ad4642bf5698ec62ba5e80a52acdb4f1f6c7abb58e0be463e4
2024-09-17,Pallivasal,0.4874,8.2809,0.4871,20.4,1,,2,4,4,4,official_observed_reference,16a06499109285ad4642bf5698ec62ba5e80a52acdb4f1f6c7abb58e0be463e4
2024-09-17,Kuttiadi,4.0866,65.8124,3.8713,198.6,22,1,,5,5,5,official_observed_reference,16a06499109285ad4642bf5698ec62ba5e80a52acdb4f1f6c7abb58e0be463e4
2024-09-17,Panniar,0.7761,12.9245,0.7603,32.4,,,,2,2,2,official_observed_reference,16a06499109285ad4642bf5698ec62ba5e80a52acdb4f1f6c7abb58e0be463e4
2024-09-17,Neriamangalam,1.1952,27.4392,1.6141,75.2,22,,1,3,2,3,official_observed_reference,16a06499109285ad4642bf5698ec62ba5e80a52acdb4f1f6c7abb58e0be463e4
2024-09-17,Lower Periyar,2.204,57.431,3.3783,158,,,,3,1,3,official_observed_reference,16a06499109285ad4642bf5698ec62ba5e80a52acdb4f1f6c7abb58e0be463e4
2024-09-17,"Poringalkuthu, PLBE",0.8954,15.1696,0.8923,37.4,,,1,5,4,5,official_observed_reference,16a06499109285ad4642bf5698ec62ba5e80a52acdb4f1f6c7abb58e0be463e4
2024-09-17,Sengulam,0.3306,6.058,0.3564,51.6,23,,,4,1,4,official_observed_reference,16a06499109285ad4642bf5698ec62ba5e80a52acdb4f1f6c7abb58e0be463e4
2024-09-17,Kakkad,0.8678,10.6311,0.6254,37.4,2,,,2,2,2,official_observed_reference,16a06499109285ad4642bf5698ec62ba5e80a52acdb4f1f6c7abb58e0be463e4
2024-09-17,Kallada,0.3169,5.2945,0.3114,13.4,6,,,2,2,2,official_observed_reference,16a06499109285ad4642bf5698ec62ba5e80a52acdb4f1f6c7abb58e0be463e4
2024-09-17,Malankara,0.0908,1.4093,0.0829,4.5,6,,,2,2,2,official_observed_reference,16a06499109285ad4642bf5698ec62ba5e80a52acdb4f1f6c7abb58e0be463e4
2024-09-17,Maniyar,0.1222,2.2583,0.1328,,,,,3,2,2,official_observed_reference,16a06499109285ad4642bf5698ec62ba5e80a52acdb4f1f6c7abb58e0be463e4
2024-09-17,Kuthungal,0.1043,2.3682,0.1393,7,10,,,3,1,1,official_observed_reference,16a06499109285ad4642bf5698ec62ba5e80a52acdb4f1f6c7abb58e0be463e4
2024-09-18,Idukki,7.924,110.055,6.1142,730,16,,,6,5,6,official_observed_reference,f1b291ac2830ab847abb226e2fa8fbf47679405ee45b26f584368cebac5f13af
2024-09-18,Sabarigiri,5.9355,64.2657,3.5703,274.8,21,1,,5,5,5,official_observed_reference,f1b291ac2830ab847abb226e2fa8fbf47679405ee45b26f584368cebac5f13af
2024-09-18,Idamalayar,1.3834,18.6146,1.0341,69.2,2,,,2,2,2,official_observed_reference,f1b291ac2830ab847abb226e2fa8fbf47679405ee45b26f584368cebac5f13af
2024-09-18,Sholayar,0.8924,17.5885,0.9771,54.6,22,,,3,3,3,official_observed_reference,f1b291ac2830ab847abb226e2fa8fbf47679405ee45b26f584368cebac5f13af
2024-09-18,Pallivasal,0.4877,8.7686,0.4871,20.6,21,,2,4,4,4,official_observed_reference,f1b291ac2830ab847abb226e2fa8fbf47679405ee45b26f584368cebac5f13af
2024-09-18,Kuttiadi,4.0038,69.8162,3.8787,197.4,18,1,,5,5,5,official_observed_reference,f1b291ac2830ab847abb226e2fa8fbf47679405ee45b26f584368cebac5f13af
2024-09-18,Panniar,0.7031,13.6276,0.7571,32.4,,,,2,2,2,official_observed_reference,f1b291ac2830ab847abb226e2fa8fbf47679405ee45b26f584368cebac5f13af
2024-09-18,Neriamangalam,1.5269,28.9661,1.6092,75.6,5,,,4,4,4,official_observed_reference,f1b291ac2830ab847abb226e2fa8fbf47679405ee45b26f584368cebac5f13af
2024-09-18,Lower Periyar,2.519,59.95,3.3306,160,19,,,3,2,3,official_observed_reference,f1b291ac2830ab847abb226e2fa8fbf47679405ee45b26f584368cebac5f13af
2024-09-18,"Poringalkuthu, PLBE",0.817,15.9866,0.8881,37.36,3,,1,5,4,5,official_observed_reference,f1b291ac2830ab847abb226e2fa8fbf47679405ee45b26f584368cebac5f13af
2024-09-18,Sengulam,0.3529,6.4109,0.3562,51.4,19,,,4,1,4,official_observed_reference,f1b291ac2830ab847abb226e2fa8fbf47679405ee45b26f584368cebac5f13af
2024-09-18,Kakkad,0.8591,11.4901,0.6383,36.14,7,,,2,2,2,official_observed_reference,f1b291ac2830ab847abb226e2fa8fbf47679405ee45b26f584368cebac5f13af
2024-09-18,Kallada,0.269,5.5635,0.3091,13.4,18,,,2,2,2,official_observed_reference,f1b291ac2830ab847abb226e2fa8fbf47679405ee45b26f584368cebac5f13af
2024-09-18,Malankara,0.0885,1.4978,0.0832,3.9,22,,,2,2,2,official_observed_reference,f1b291ac2830ab847abb226e2fa8fbf47679405ee45b26f584368cebac5f13af
2024-09-18,Maniyar,0.0405,2.2988,0.1277,,,,,3,1,2,official_observed_reference,f1b291ac2830ab847abb226e2fa8fbf47679405ee45b26f584368cebac5f13af
2024-09-18,Kuthungal,0.0966,2.4648,0.1369,5.2,10,,,3,1,1,official_observed_reference,f1b291ac2830ab847abb226e2fa8fbf47679405ee45b26f584368cebac5f13af
2024-09-19,Idukki,9.29,119.345,6.2813,726,21,,,6,4,6,official_observed_reference,261e6f00b417a3baa2188762bf4738e2eddad290a4b7397e6204b25133ead916
2024-09-19,Sabarigiri,4.3068,68.5725,3.6091,272.8,21,1,,5,4,5,official_observed_reference,261e6f00b417a3baa2188762bf4738e2eddad290a4b7397e6204b25133ead916
2024-09-19,Idamalayar,1.3391,19.9537,1.0502,68.8,6,,,2,2,2,official_observed_reference,261e6f00b417a3baa2188762bf4738e2eddad290a4b7397e6204b25133ead916
2024-09-19,Sholayar,0.8061,18.3946,0.9681,54.6,22,,,3,3,3,official_observed_reference,261e6f00b417a3baa2188762bf4738e2eddad290a4b7397e6204b25133ead916
2024-09-19,Pallivasal,0.4871,9.2557,0.4871,20.4,,,2,4,4,4,official_observed_reference,261e6f00b417a3baa2188762bf4738e2eddad290a4b7397e6204b25133ead916
2024-09-19,Kuttiadi,3.3121,73.1283,3.8489,197.2,18,1,,5,5,5,official_observed_reference,261e6f00b417a3baa2188762bf4738e2eddad290a4b7397e6204b25133ead916
2024-09-19,Panniar,0.7761,14.4037,0.7581,32.4,,,,2,2,2,official_observed_reference,261e6f00b417a3baa2188762bf4738e2eddad290a4b7397e6204b25133ead916
2024-09-19,Neriamangalam,1.061,30.0271,1.5804,74.6,18,,,4,3,4,official_observed_reference,261e6f00b417a3baa2188762bf4738e2eddad290a4b7397e6204b25133ead916
2024-09-19,Lower Periyar,2.141,62.091,3.2679,164,19,,,3,2,3,official_observed_reference,261e6f00b417a3baa2188762bf4738e2eddad290a4b7397e6204b25133ead916
2024-09-19,"Poringalkuthu, PLBE",0.8291,16.8156,0.885,37.34,6,,1,5,5,5,official_observed_reference,261e6f00b417a3baa2188762bf4738e2eddad290a4b7397e6204b25133ead916
2024-09-19,Sengulam,0.3131,6.724,0.3539,51.4,21,,,4,1,4,official_observed_reference,261e6f00b417a3baa2188762bf4738e2eddad290a4b7397e6204b25133ead916
2024-09-19,Kakkad,0.6338,12.124,0.6381,36.2,23,,,2,1,2,official_observed_reference,261e6f00b417a3baa2188762bf4738e2eddad290a4b7397e6204b25133ead916
2024-09-19,Kallada,0.2218,5.7853,0.3045,14,18,,,2,2,2,official_observed_reference,261e6f00b417a3baa2188762bf4738e2eddad290a4b7397e6204b25133ead916
2024-09-19,Malankara,0.0932,1.5909,0.0837,4.5,,,,2,2,2,official_observed_reference,261e6f00b417a3baa2188762bf4738e2eddad290a4b7397e6204b25133ead916
2024-09-19,Maniyar,0.0772,2.376,0.1251,,,,,3,2,2,official_observed_reference,261e6f00b417a3baa2188762bf4738e2eddad290a4b7397e6204b25133ead916
2024-09-19,Kuthungal,0.0935,2.5583,0.1346,7.4,7,,,3,1,1,official_observed_reference,261e6f00b417a3baa2188762bf4738e2eddad290a4b7397e6204b25133ead916
2024-09-21,Idukki,10.131,140.693,6.6997,670,1,1,,5,4,5,official_observed_reference,b80c00cb1e2e505d7c31907b83d6650592414a812d0535bc97bd1753f29b78be
2024-09-21,Sabarigiri,4.8774,78.4941,3.7378,275.4,23,1,,5,5,5,official_observed_reference,b80c00cb1e2e505d7c31907b83d6650592414a812d0535bc97bd1753f29b78be
2024-09-21,Idamalayar,1.4089,22.8981,1.0904,68.2,19,,,2,2,2,official_observed_reference,b80c00cb1e2e505d7c31907b83d6650592414a812d0535bc97bd1753f29b78be
2024-09-21,Sholayar,0.7546,19.9752,0.9512,54.4,18,,,3,3,3,official_observed_reference,b80c00cb1e2e505d7c31907b83d6650592414a812d0535bc97bd1753f29b78be
2024-09-21,Pallivasal,0.4877,10.231,0.4872,20.6,8,,2,4,4,4,official_observed_reference,b80c00cb1e2e505d7c31907b83d6650592414a812d0535bc97bd1753f29b78be
2024-09-21,Kuttiadi,3.0183,79.6907,3.7948,198.6,23,1,,5,5,5,official_observed_reference,b80c00cb1e2e505d7c31907b83d6650592414a812d0535bc97bd1753f29b78be
2024-09-21,Panniar,0.7761,15.9559,0.7598,32.4,,,,2,2,2,official_observed_reference,b80c00cb1e2e505d7c31907b83d6650592414a812d0535bc97bd1753f29b78be
2024-09-21,Neriamangalam,1.1417,32.2408,1.5353,75.6,21,,,4,2,4,official_observed_reference,b80c00cb1e2e505d7c31907b83d6650592414a812d0535bc97bd1753f29b78be
2024-09-21,Lower Periyar,1.995,65.995,3.1426,166,19,,,3,1,3,official_observed_reference,b80c00cb1e2e505d7c31907b83d6650592414a812d0535bc97bd1753f29b78be
2024-09-21,"Poringalkuthu, PLBE",0.8847,18.588,0.8851,36.98,,,1,5,5,5,official_observed_reference,b80c00cb1e2e505d7c31907b83d6650592414a812d0535bc97bd1753f29b78be
2024-09-21,Sengulam,0.4117,7.4481,0.3547,51.4,,,,4,,4,official_observed_reference,b80c00cb1e2e505d7c31907b83d6650592414a812d0535bc97bd1753f29b78be
2024-09-21,Kakkad,0.722,13.5998,0.6476,36.18,7,,,2,2,2,official_observed_reference,b80c00cb1e2e505d7c31907b83d6650592414a812d0535bc97bd1753f29b78be
2024-09-21,Kallada,0.2241,6.2324,0.2968,13.4,5,,,2,2,2,official_observed_reference,b80c00cb1e2e505d7c31907b83d6650592414a812d0535bc97bd1753f29b78be
2024-09-21,Malankara,0.0921,1.775,0.0845,4.35,5,,,2,2,2,official_observed_reference,b80c00cb1e2e505d7c31907b83d6650592414a812d0535bc97bd1753f29b78be
2024-09-21,Maniyar,0.0887,2.5687,0.1223,,,,,3,2,3,official_observed_reference,b80c00cb1e2e505d7c31907b83d6650592414a812d0535bc97bd1753f29b78be
2024-09-21,Kuthungal,0.0851,2.7351,0.1302,7.4,10,,,3,1,1,official_observed_reference,b80c00cb1e2e505d7c31907b83d6650592414a812d0535bc97bd1753f29b78be
2024-09-22,Idukki,7.126,147.819,6.719,616,22,1,,5,5,5,official_observed_reference,ad25da3143ed9b00038ad6f21a7dbbabc302f6fd5e286c351f8c2561cadf9de3
2024-09-22,Sabarigiri,4.455,82.9491,3.7704,271,23,1,,5,5,5,official_observed_reference,ad25da3143ed9b00038ad6f21a7dbbabc302f6fd5e286c351f8c2561cadf9de3
2024-09-22,Idamalayar,1.3205,24.2186,1.1008,68.2,18,,,2,2,2,official_observed_reference,ad25da3143ed9b00038ad6f21a7dbbabc302f6fd5e286c351f8c2561cadf9de3
2024-09-22,Sholayar,0.7302,20.7054,0.9412,54.4,19,,,3,3,3,official_observed_reference,ad25da3143ed9b00038ad6f21a7dbbabc302f6fd5e286c351f8c2561cadf9de3
2024-09-22,Pallivasal,0.4877,10.7187,0.4872,20.6,7,,2,4,4,4,official_observed_reference,ad25da3143ed9b00038ad6f21a7dbbabc302f6fd5e286c351f8c2561cadf9de3
2024-09-22,Kuttiadi,2.6069,82.2976,3.7408,198.8,6,1,,5,5,4,official_observed_reference,ad25da3143ed9b00038ad6f21a7dbbabc302f6fd5e286c351f8c2561cadf9de3
2024-09-22,Panniar,0.7762,16.7321,0.7606,32.4,,,,2,2,2,official_observed_reference,ad25da3143ed9b00038ad6f21a7dbbabc302f6fd5e286c351f8c2561cadf9de3
2024-09-22,Neriamangalam,1.1488,33.3896,1.5177,75.4,22,,,4,2,4,official_observed_reference,ad25da3143ed9b00038ad6f21a7dbbabc302f6fd5e286c351f8c2561cadf9de3
2024-09-22,Lower Periyar,2,67.995,3.0907,160,19,,,3,2,3,official_observed_reference,ad25da3143ed9b00038ad6f21a7dbbabc302f6fd5e286c351f8c2561cadf9de3
2024-09-22,"Poringalkuthu, PLBE",0.8806,19.4686,0.8849,36.82,,,1,5,5,5,official_observed_reference,ad25da3143ed9b00038ad6f21a7dbbabc302f6fd5e286c351f8c2561cadf9de3
2024-09-22,Sengulam,0.3361,7.7842,0.3538,50.8,20,,,4,,4,official_observed_reference,ad25da3143ed9b00038ad6f21a7dbbabc302f6fd5e286c351f8c2561cadf9de3
2024-09-22,Kakkad,0.6337,14.2335,0.647,36.34,2,,,2,2,2,official_observed_reference,ad25da3143ed9b00038ad6f21a7dbbabc302f6fd5e286c351f8c2561cadf9de3
2024-09-22,Kallada,0.223,6.4554,0.2934,13.4,5,,,2,2,2,official_observed_reference,ad25da3143ed9b00038ad6f21a7dbbabc302f6fd5e286c351f8c2561cadf9de3
2024-09-22,Malankara,0.0935,1.8685,0.0849,4.5,7,,,2,2,2,official_observed_reference,ad25da3143ed9b00038ad6f21a7dbbabc302f6fd5e286c351f8c2561cadf9de3
2024-09-22,Maniyar,0.0909,2.6595,0.1209,,,,,3,2,2,official_observed_reference,ad25da3143ed9b00038ad6f21a7dbbabc302f6fd5e286c351f8c2561cadf9de3
2024-09-22,Kuthungal,0.0839,2.819,0.1281,7.4,8,,,3,1,1,official_observed_reference,ad25da3143ed9b00038ad6f21a7dbbabc302f6fd5e286c351f8c2561cadf9de3
2024-09-23,Idukki,12.063,159.882,6.9514,726,19,,,6,5,6,official_observed_reference,978db8265e737a69e063bc2ab3e6a71e45f33dcf662ea792daf96c7765bfbef7
2024-09-23,Sabarigiri,5.7083,88.6574,3.8547,271.6,7,1,,5,5,5,official_observed_reference,978db8265e737a69e063bc2ab3e6a71e45f33dcf662ea792daf96c7765bfbef7
2024-09-23,Idamalayar,1.627,25.8456,1.1237,68.6,19,,,2,2,2,official_observed_reference,978db8265e737a69e063bc2ab3e6a71e45f33dcf662ea792daf96c7765bfbef7
2024-09-23,Sholayar,0.8932,21.5986,0.9391,54.6,19,,,3,3,3,official_observed_reference,978db8265e737a69e063bc2ab3e6a71e45f33dcf662ea792daf96c7765bfbef7
2024-09-23,Pallivasal,0.4813,11.2,0.487,20.6,13,,2,4,4,4,official_observed_reference,978db8265e737a69e063bc2ab3e6a71e45f33dcf662ea792daf96c7765bfbef7
2024-09-23,Kuttiadi,2.9268,85.2244,3.7054,190.6,23,1,,5,4,5,official_observed_reference,978db8265e737a69e063bc2ab3e6a71e45f33dcf662ea792daf96c7765bfbef7
2024-09-23,Panniar,0.7762,17.5083,0.7612,32.4,,,,2,2,2,official_observed_reference,978db8265e737a69e063bc2ab3e6a71e45f33dcf662ea792daf96c7765bfbef7
2024-09-23,Neriamangalam,1.1753,34.5649,1.5028,75.2,20,,,4,2,4,official_observed_reference,978db8265e737a69e063bc2ab3e6a71e45f33dcf662ea792daf96c7765bfbef7
2024-09-23,Lower Periyar,2.18,70.175,3.0511,162,,,,3,3,3,official_observed_reference,978db8265e737a69e063bc2ab3e6a71e45f33dcf662ea792daf96c7765bfbef7
2024-09-23,"Poringalkuthu, PLBE",0.8766,20.3452,0.8846,36.74,6,,1,5,5,5,official_observed_reference,978db8265e737a69e063bc2ab3e6a71e45f33dcf662ea792daf96c7765bfbef7
2024-09-23,Sengulam,0.3371,8.1213,0.3531,51,21,,,4,1,4,official_observed_reference,978db8265e737a69e063bc2ab3e6a71e45f33dcf662ea792daf96c7765bfbef7
2024-09-23,Kakkad,0.8116,15.0451,0.6541,36.04,8,,,2,2,2,official_observed_reference,978db8265e737a69e063bc2ab3e6a71e45f33dcf662ea792daf96c7765bfbef7
2024-09-23,Kallada,0.2009,6.6563,0.2894,13.4,19,,,2,1,2,official_observed_reference,978db8265e737a69e063bc2ab3e6a71e45f33dcf662ea792daf96c7765bfbef7
2024-09-23,Malankara,0.0918,1.9603,0.0852,4.8,8,,,2,2,2,official_observed_reference,978db8265e737a69e063bc2ab3e6a71e45f33dcf662ea792daf96c7765bfbef7
2024-09-23,Maniyar,0.0442,2.7037,0.1176,,,,,3,2,,official_observed_reference,978db8265e737a69e063bc2ab3e6a71e45f33dcf662ea792daf96c7765bfbef7
2024-09-23,Kuthungal,0.097,2.916,0.1268,12,14,,,3,1,1,official_observed_reference,978db8265e737a69e063bc2ab3e6a71e45f33dcf662ea792daf96c7765bfbef7
2024-09-24,Idukki,8.392,168.274,7.0114,708,19,,,6,1,6,official_observed_reference,8bd0f34c95e553c427128956730d562a5e5c53dd3fa9c8571aa2d9bfcfc20445
2024-09-24,Sabarigiri,4.669,93.3264,3.8886,271,1,1,,5,2,5,official_observed_reference,8bd0f34c95e553c427128956730d562a5e5c53dd3fa9c8571aa2d9bfcfc20445
2024-09-24,Idamalayar,1.1904,27.036,1.1265,68,6,,,2,2,2,official_observed_reference,8bd0f34c95e553c427128956730d562a5e5c53dd3fa9c8571aa2d9bfcfc20445
2024-09-24,Sholayar,0.7578,22.3564,0.9315,54.4,19,,,3,3,3,official_observed_reference,8bd0f34c95e553c427128956730d562a5e5c53dd3fa9c8571aa2d9bfcfc20445
2024-09-24,Pallivasal,0.4687,11.6687,0.4862,20.4,4,,2,4,4,4,official_observed_reference,8bd0f34c95e553c427128956730d562a5e5c53dd3fa9c8571aa2d9bfcfc20445
2024-09-24,Kuttiadi,2.3429,87.5673,3.6486,192.4,21,1,,5,2,5,official_observed_reference,8bd0f34c95e553c427128956730d562a5e5c53dd3fa9c8571aa2d9bfcfc20445
2024-09-24,Panniar,0.7755,18.2838,0.7618,32.4,,,,2,2,2,official_observed_reference,8bd0f34c95e553c427128956730d562a5e5c53dd3fa9c8571aa2d9bfcfc20445
2024-09-24,Neriamangalam,0.9725,35.5374,1.4807,74.8,21,,,4,1,4,official_observed_reference,8bd0f34c95e553c427128956730d562a5e5c53dd3fa9c8571aa2d9bfcfc20445
2024-09-24,Lower Periyar,1.631,71.806,2.9919,160,19,,,3,,3,official_observed_reference,8bd0f34c95e553c427128956730d562a5e5c53dd3fa9c8571aa2d9bfcfc20445
2024-09-24,"Poringalkuthu, PLBE",0.8733,21.2185,0.8841,36.48,,,1,5,5,5,official_observed_reference,8bd0f34c95e553c427128956730d562a5e5c53dd3fa9c8571aa2d9bfcfc20445
2024-09-24,Sengulam,0.2686,8.3899,0.3496,50.4,,,,4,,4,official_observed_reference,8bd0f34c95e553c427128956730d562a5e5c53dd3fa9c8571aa2d9bfcfc20445
2024-09-24,Kakkad,0.6809,15.7259,0.6552,36.14,23,,,2,1,2,official_observed_reference,8bd0f34c95e553c427128956730d562a5e5c53dd3fa9c8571aa2d9bfcfc20445
2024-09-24,Kallada,0.2027,6.859,0.2858,13.4,19,,,2,1,2,official_observed_reference,8bd0f34c95e553c427128956730d562a5e5c53dd3fa9c8571aa2d9bfcfc20445
2024-09-24,Malankara,0.0906,2.0509,0.0855,4.2,,,,2,2,2,official_observed_reference,8bd0f34c95e553c427128956730d562a5e5c53dd3fa9c8571aa2d9bfcfc20445
2024-09-24,Maniyar,0.0032,2.7069,0.1128,,,,,3,,,official_observed_reference,8bd0f34c95e553c427128956730d562a5e5c53dd3fa9c8571aa2d9bfcfc20445
2024-09-24,Kuthungal,0.0801,2.9961,0.1248,14,13,,,3,1,1,official_observed_reference,8bd0f34c95e553c427128956730d562a5e5c53dd3fa9c8571aa2d9bfcfc20445
2024-09-25,Idukki,8.88,177.154,7.0862,722,18,,,6,6,6,official_observed_reference,867f5827d67241ffd2b113d3a176a41a8fe1ea1c29c885260267f77486559456
2024-09-25,Sabarigiri,4.6554,97.9818,3.9193,276.2,17,1,,5,5,5,official_observed_reference,867f5827d67241ffd2b113d3a176a41a8fe1ea1c29c885260267f77486559456
2024-09-25,Idamalayar,1.0097,28.0457,1.1218,68.4,22,,,2,2,2,official_observed_reference,867f5827d67241ffd2b113d3a176a41a8fe1ea1c29c885260267f77486559456
2024-09-25,Sholayar,0.8527,23.2091,0.9284,54.4,18,,,3,3,3,official_observed_reference,867f5827d67241ffd2b113d3a176a41a8fe1ea1c29c885260267f77486559456
2024-09-25,Pallivasal,0.4715,12.1402,0.4856,20.6,13,,2,4,4,4,official_observed_reference,867f5827d67241ffd2b113d3a176a41a8fe1ea1c29c885260267f77486559456
2024-09-25,Kuttiadi,2.4106,89.9779,3.5991,194,22,1,,5,2,5,official_observed_reference,867f5827d67241ffd2b113d3a176a41a8fe1ea1c29c885260267f77486559456
2024-09-25,Panniar,0.6497,18.9335,0.7573,32.4,,,,2,2,2,official_observed_reference,867f5827d67241ffd2b113d3a176a41a8fe1ea1c29c885260267f77486559456
2024-09-25,Neriamangalam,1.0239,36.5613,1.4625,75.2,,,,4,1,4,official_observed_reference,867f5827d67241ffd2b113d3a176a41a8fe1ea1c29c885260267f77486559456
2024-09-25,Lower Periyar,1.767,73.573,2.9429,162,20,,,3,,3,official_observed_reference,867f5827d67241ffd2b113d3a176a41a8fe1ea1c29c885260267f77486559456
2024-09-25,"Poringalkuthu, PLBE",0.5405,21.7591,0.8704,36.36,,,1,5,5,5,official_observed_reference,867f5827d67241ffd2b113d3a176a41a8fe1ea1c29c885260267f77486559456
2024-09-25,Sengulam,0.4183,8.8082,0.3523,50.4,20,,,4,,4,official_observed_reference,867f5827d67241ffd2b113d3a176a41a8fe1ea1c29c885260267f77486559456
2024-09-25,Kakkad,0.7161,16.442,0.6577,36.16,,,,2,2,2,official_observed_reference,867f5827d67241ffd2b113d3a176a41a8fe1ea1c29c885260267f77486559456
2024-09-25,Kallada,0.1964,7.0554,0.2822,13.4,18,,,2,,2,official_observed_reference,867f5827d67241ffd2b113d3a176a41a8fe1ea1c29c885260267f77486559456
2024-09-25,Malankara,0.0885,2.1394,0.0856,4.2,,,,2,2,2,official_observed_reference,867f5827d67241ffd2b113d3a176a41a8fe1ea1c29c885260267f77486559456
2024-09-25,Maniyar,0.0783,2.7853,0.1114,,,,,3,2,3,official_observed_reference,867f5827d67241ffd2b113d3a176a41a8fe1ea1c29c885260267f77486559456
2024-09-25,Kuthungal,0.091,3.0871,0.1235,14,13,,,3,1,1,official_observed_reference,867f5827d67241ffd2b113d3a176a41a8fe1ea1c29c885260267f77486559456
2024-09-26,Idukki,9.157,186.311,7.1658,720,22,,,6,5,6,official_observed_reference,cb97dee68e7b8f4b3f256d90d90bc7fd6963ea14504d36982cbbe3975fc546d1
2024-09-26,Sabarigiri,5.0765,103.0583,3.9638,321.6,19,,,6,5,6,official_observed_reference,cb97dee68e7b8f4b3f256d90d90bc7fd6963ea14504d36982cbbe3975fc546d1
2024-09-26,Idamalayar,1.3448,29.3905,1.1304,68.2,1,,,2,2,2,official_observed_reference,cb97dee68e7b8f4b3f256d90d90bc7fd6963ea14504d36982cbbe3975fc546d1
2024-09-26,Sholayar,0.8545,24.0636,0.9255,54.6,20,,,3,3,3,official_observed_reference,cb97dee68e7b8f4b3f256d90d90bc7fd6963ea14504d36982cbbe3975fc546d1
2024-09-26,Pallivasal,0.4867,12.6269,0.4857,20.4,,,2,4,4,4,official_observed_reference,cb97dee68e7b8f4b3f256d90d90bc7fd6963ea14504d36982cbbe3975fc546d1
2024-09-26,Kuttiadi,3.3942,93.3721,3.5912,192.6,21,1,,5,5,5,official_observed_reference,cb97dee68e7b8f4b3f256d90d90bc7fd6963ea14504d36982cbbe3975fc546d1
2024-09-26,Panniar,0.6439,19.5774,0.753,32.4,,,,2,1,2,official_observed_reference,cb97dee68e7b8f4b3f256d90d90bc7fd6963ea14504d36982cbbe3975fc546d1
2024-09-26,Neriamangalam,1.0354,37.5967,1.446,75.2,1,,,4,,4,official_observed_reference,cb97dee68e7b8f4b3f256d90d90bc7fd6963ea14504d36982cbbe3975fc546d1
2024-09-26,Lower Periyar,1.858,75.431,2.9012,160,22,,,3,2,3,official_observed_reference,cb97dee68e7b8f4b3f256d90d90bc7fd6963ea14504d36982cbbe3975fc546d1
2024-09-26,"Poringalkuthu, PLBE",0.617,22.376,0.8606,36.36,6,,1,5,5,5,official_observed_reference,cb97dee68e7b8f4b3f256d90d90bc7fd6963ea14504d36982cbbe3975fc546d1
2024-09-26,Sengulam,0.3292,9.1374,0.3514,51.2,22,,,4,,4,official_observed_reference,cb97dee68e7b8f4b3f256d90d90bc7fd6963ea14504d36982cbbe3975fc546d1
2024-09-26,Kakkad,0.6823,17.1243,0.6586,36.52,23,,,2,1,2,official_observed_reference,cb97dee68e7b8f4b3f256d90d90bc7fd6963ea14504d36982cbbe3975fc546d1
2024-09-26,Kallada,0.0902,7.1456,0.2748,13.8,18,,,2,1,2,official_observed_reference,cb97dee68e7b8f4b3f256d90d90bc7fd6963ea14504d36982cbbe3975fc546d1
2024-09-26,Malankara,0.0909,2.2303,0.0858,4.2,1,,,2,2,2,official_observed_reference,cb97dee68e7b8f4b3f256d90d90bc7fd6963ea14504d36982cbbe3975fc546d1
2024-09-26,Maniyar,0.0825,2.8678,0.1103,,,,,3,2,3,official_observed_reference,cb97dee68e7b8f4b3f256d90d90bc7fd6963ea14504d36982cbbe3975fc546d1
2024-09-26,Kuthungal,0.0779,3.165,0.1217,13.6,13,,,3,1,1,official_observed_reference,cb97dee68e7b8f4b3f256d90d90bc7fd6963ea14504d36982cbbe3975fc546d1
2024-09-27,Idukki,9.33,195.641,7.246,726,19,,,6,6,6,official_observed_reference,c85c5db33f6578e0bc61bb33db2ba2432d2509ff819aef941059cc4e8c9a94d0
2024-09-27,Sabarigiri,4.2933,107.3516,3.976,325.4,7,,,6,6,6,official_observed_reference,c85c5db33f6578e0bc61bb33db2ba2432d2509ff819aef941059cc4e8c9a94d0
2024-09-27,Idamalayar,1.0609,30.4514,1.1278,69.6,22,,,2,2,2,official_observed_reference,c85c5db33f6578e0bc61bb33db2ba2432d2509ff819aef941059cc4e8c9a94d0
2024-09-27,Sholayar,0.8472,24.9108,0.9226,54.6,19,,,3,3,3,official_observed_reference,c85c5db33f6578e0bc61bb33db2ba2432d2509ff819aef941059cc4e8c9a94d0
2024-09-27,Pallivasal,0.4863,13.1132,0.4857,20.4,1,,2,4,4,4,official_observed_reference,c85c5db33f6578e0bc61bb33db2ba2432d2509ff819aef941059cc4e8c9a94d0
2024-09-27,Kuttiadi,2.5561,95.9282,3.5529,144.4,17,1,1,4,5,4,official_observed_reference,c85c5db33f6578e0bc61bb33db2ba2432d2509ff819aef941059cc4e8c9a94d0
2024-09-27,Panniar,0.7761,20.3535,0.7538,32.4,1,,,2,2,2,official_observed_reference,c85c5db33f6578e0bc61bb33db2ba2432d2509ff819aef941059cc4e8c9a94d0
2024-09-27,Neriamangalam,1.0654,38.6621,1.4319,75.2,19,,,4,2,4,official_observed_reference,c85c5db33f6578e0bc61bb33db2ba2432d2509ff819aef941059cc4e8c9a94d0
2024-09-27,Lower Periyar,1.71,77.141,2.8571,158,,,,3,1,3,official_observed_reference,c85c5db33f6578e0bc61bb33db2ba2432d2509ff819aef941059cc4e8c9a94d0
2024-09-27,"Poringalkuthu, PLBE",0.8672,23.2433,0.8609,36.26,3,,1,5,4,5,official_observed_reference,c85c5db33f6578e0bc61bb33db2ba2432d2509ff819aef941059cc4e8c9a94d0
2024-09-27,Sengulam,0.393,9.5304,0.353,50.8,20,,,4,2,4,official_observed_reference,c85c5db33f6578e0bc61bb33db2ba2432d2509ff819aef941059cc4e8c9a94d0
2024-09-27,Kakkad,0.6798,17.8041,0.6594,36.44,,,,2,2,2,official_observed_reference,c85c5db33f6578e0bc61bb33db2ba2432d2509ff819aef941059cc4e8c9a94d0
2024-09-27,Kallada,0.0879,7.2335,0.2679,13.2,18,,,2,1,1,official_observed_reference,c85c5db33f6578e0bc61bb33db2ba2432d2509ff819aef941059cc4e8c9a94d0
2024-09-27,Malankara,0.0936,2.3239,0.0861,4.8,7,1,,2,2,2,official_observed_reference,c85c5db33f6578e0bc61bb33db2ba2432d2509ff819aef941059cc4e8c9a94d0
2024-09-27,Maniyar,0.0857,2.9535,0.1094,,,,,3,1,2,official_observed_reference,c85c5db33f6578e0bc61bb33db2ba2432d2509ff819aef941059cc4e8c9a94d0
2024-09-27,Kuthungal,0.103,3.268,0.121,14.2,13,,,3,1,1,official_observed_reference,c85c5db33f6578e0bc61bb33db2ba2432d2509ff819aef941059cc4e8c9a94d0
2024-09-28,Idukki,9.441,205.082,7.3244,708,21,,,6,5,6,official_observed_reference,dac0734f78a67fe7830278cd559f8933adc35ef9e42db619d8e2d283d6a9759f
2024-09-28,Sabarigiri,3.6712,111.0228,3.9651,321,23,,,6,4,6,official_observed_reference,dac0734f78a67fe7830278cd559f8933adc35ef9e42db619d8e2d283d6a9759f
2024-09-28,Idamalayar,1.1246,31.576,1.1277,68.6,6,,,2,2,2,official_observed_reference,dac0734f78a67fe7830278cd559f8933adc35ef9e42db619d8e2d283d6a9759f
2024-09-28,Sholayar,0.8631,25.7739,0.9205,54.6,20,,,3,3,3,official_observed_reference,dac0734f78a67fe7830278cd559f8933adc35ef9e42db619d8e2d283d6a9759f
2024-09-28,Pallivasal,0.4865,13.5997,0.4857,20.4,2,,2,4,4,4,official_observed_reference,dac0734f78a67fe7830278cd559f8933adc35ef9e42db619d8e2d283d6a9759f
2024-09-28,Kuttiadi,3.1403,99.0685,3.5382,195.4,18,1,,5,4,5,official_observed_reference,dac0734f78a67fe7830278cd559f8933adc35ef9e42db619d8e2d283d6a9759f
2024-09-28,Panniar,0.7761,21.1296,0.7546,32.4,,,,2,2,2,official_observed_reference,dac0734f78a67fe7830278cd559f8933adc35ef9e42db619d8e2d283d6a9759f
2024-09-28,Neriamangalam,1.1646,39.8267,1.4224,74.8,,,,4,4,4,official_observed_reference,dac0734f78a67fe7830278cd559f8933adc35ef9e42db619d8e2d283d6a9759f
2024-09-28,Lower Periyar,1.848,78.989,2.821,158,19,,,3,2,3,official_observed_reference,dac0734f78a67fe7830278cd559f8933adc35ef9e42db619d8e2d283d6a9759f
2024-09-28,"Poringalkuthu, PLBE",0.8646,24.1078,0.861,36.14,4,,1,5,4,5,official_observed_reference,dac0734f78a67fe7830278cd559f8933adc35ef9e42db619d8e2d283d6a9759f
2024-09-28,Sengulam,0.3396,9.87,0.3525,51.2,20,,,4,1,4,official_observed_reference,dac0734f78a67fe7830278cd559f8933adc35ef9e42db619d8e2d283d6a9759f
2024-09-28,Kakkad,0.5746,18.3787,0.6564,25.2,3,,1,1,1,1,official_observed_reference,dac0734f78a67fe7830278cd559f8933adc35ef9e42db619d8e2d283d6a9759f
2024-09-28,Kallada,0.0912,7.3247,0.2616,13.2,19,,,2,,2,official_observed_reference,dac0734f78a67fe7830278cd559f8933adc35ef9e42db619d8e2d283d6a9759f
2024-09-28,Malankara,0.0921,2.416,0.0863,4.2,,1,,2,2,2,official_observed_reference,dac0734f78a67fe7830278cd559f8933adc35ef9e42db619d8e2d283d6a9759f
2024-09-28,Maniyar,0.0626,3.0161,0.1077,,,,,3,1,2,official_observed_reference,dac0734f78a67fe7830278cd559f8933adc35ef9e42db619d8e2d283d6a9759f
2024-09-28,Kuthungal,0.1254,3.3934,0.1212,14,,,,3,1,1,official_observed_reference,dac0734f78a67fe7830278cd559f8933adc35ef9e42db619d8e2d283d6a9759f
2024-09-29,Idukki,7.716,212.798,7.3379,718,,,,6,3,6,official_observed_reference,fe20ba1395d22c162b8b63adf842c2e164166d2d1a425bef21f098fa3c6dc3d3
2024-09-29,Sabarigiri,3.4871,114.5099,3.9486,285.6,19,,,6,4,6,official_observed_reference,fe20ba1395d22c162b8b63adf842c2e164166d2d1a425bef21f098fa3c6dc3d3
2024-09-29,Idamalayar,0.9054,32.4814,1.12,68.8,17,,,2,2,2,official_observed_reference,fe20ba1395d22c162b8b63adf842c2e164166d2d1a425bef21f098fa3c6dc3d3
2024-09-29,Sholayar,0.7027,26.4766,0.913,54.6,18,,,3,3,3,official_observed_reference,fe20ba1395d22c162b8b63adf842c2e164166d2d1a425bef21f098fa3c6dc3d3
2024-09-29,Pallivasal,0.4863,14.086,0.4857,20.4,1,,2,4,4,4,official_observed_reference,fe20ba1395d22c162b8b63adf842c2e164166d2d1a425bef21f098fa3c6dc3d3
2024-09-29,Kuttiadi,1.608,100.6765,3.4716,102,21,4,,2,2,2,official_observed_reference,fe20ba1395d22c162b8b63adf842c2e164166d2d1a425bef21f098fa3c6dc3d3
2024-09-29,Panniar,0.7761,21.9057,0.7554,32.4,,,,2,2,2,official_observed_reference,fe20ba1395d22c162b8b63adf842c2e164166d2d1a425bef21f098fa3c6dc3d3
2024-09-29,Neriamangalam,0.9751,40.8018,1.407,76,1,,,4,3,4,official_observed_reference,fe20ba1395d22c162b8b63adf842c2e164166d2d1a425bef21f098fa3c6dc3d3
2024-09-29,Lower Periyar,2.028,81.017,2.7937,160,20,,,3,2,3,official_observed_reference,fe20ba1395d22c162b8b63adf842c2e164166d2d1a425bef21f098fa3c6dc3d3
2024-09-29,"Poringalkuthu, PLBE",0.5416,24.6495,0.85,36,,,1,5,5,5,official_observed_reference,fe20ba1395d22c162b8b63adf842c2e164166d2d1a425bef21f098fa3c6dc3d3
2024-09-29,Sengulam,0.3942,10.2642,0.3539,51.2,19,,,4,1,4,official_observed_reference,fe20ba1395d22c162b8b63adf842c2e164166d2d1a425bef21f098fa3c6dc3d3
2024-09-29,Kakkad,0.5746,18.9533,0.6536,39.56,19,,,2,2,1,official_observed_reference,fe20ba1395d22c162b8b63adf842c2e164166d2d1a425bef21f098fa3c6dc3d3
2024-09-29,Kallada,0.0917,7.4164,0.2557,14,18,,,2,1,2,official_observed_reference,fe20ba1395d22c162b8b63adf842c2e164166d2d1a425bef21f098fa3c6dc3d3
2024-09-29,Malankara,0.0903,2.5063,0.0864,4.8,8,1,,2,2,2,official_observed_reference,fe20ba1395d22c162b8b63adf842c2e164166d2d1a425bef21f098fa3c6dc3d3
2024-09-29,Maniyar,0.0656,3.0816,0.1063,,,,,3,1,3,official_observed_reference,fe20ba1395d22c162b8b63adf842c2e164166d2d1a425bef21f098fa3c6dc3d3
2024-09-29,Kuthungal,0.1344,3.5278,0.1216,14,23,,,3,1,1,official_observed_reference,fe20ba1395d22c162b8b63adf842c2e164166d2d1a425bef21f098fa3c6dc3d3
2024-09-30,Idukki,10.63,223.428,7.4476,730,19,,,6,6,6,official_observed_reference,0748cdd22027a503458ba95ec88a798f00e5c18e33e03113b771bad4639a4be8
2024-09-30,Sabarigiri,5.6711,120.181,4.006,331,16,,,6,6,6,official_observed_reference,0748cdd22027a503458ba95ec88a798f00e5c18e33e03113b771bad4639a4be8
2024-09-30,Idamalayar,1.438,33.9194,1.1306,68.8,,,,2,2,2,official_observed_reference,0748cdd22027a503458ba95ec88a798f00e5c18e33e03113b771bad4639a4be8
2024-09-30,Sholayar,0.9128,27.3894,0.913,54.4,22,,,3,3,3,official_observed_reference,0748cdd22027a503458ba95ec88a798f00e5c18e33e03113b771bad4639a4be8
2024-09-30,Pallivasal,0.486,14.572,0.4857,20.4,3,,2,4,4,4,official_observed_reference,0748cdd22027a503458ba95ec88a798f00e5c18e33e03113b771bad4639a4be8
2024-09-30,Kuttiadi,1.907,102.5835,3.4195,102,18,4,,2,2,2,official_observed_reference,0748cdd22027a503458ba95ec88a798f00e5c18e33e03113b771bad4639a4be8
2024-09-30,Panniar,0.7763,22.682,0.7561,32.4,,,,2,2,2,official_observed_reference,0748cdd22027a503458ba95ec88a798f00e5c18e33e03113b771bad4639a4be8
2024-09-30,Neriamangalam,1.3407,42.1425,1.4048,76.4,5,,,4,4,3,official_observed_reference,0748cdd22027a503458ba95ec88a798f00e5c18e33e03113b771bad4639a4be8
2024-09-30,Lower Periyar,2.231,83.248,2.7749,162,20,,,3,2,3,official_observed_reference,0748cdd22027a503458ba95ec88a798f00e5c18e33e03113b771bad4639a4be8
2024-09-30,"Poringalkuthu, PLBE",0.8628,25.5122,0.8504,36.04,13,,1,5,5,4,official_observed_reference,0748cdd22027a503458ba95ec88a798f00e5c18e33e03113b771bad4639a4be8
2024-09-30,Sengulam,0.3431,10.6073,0.3536,51.2,21,,,4,,4,official_observed_reference,0748cdd22027a503458ba95ec88a798f00e5c18e33e03113b771bad4639a4be8
2024-09-30,Kakkad,0.8095,19.7628,0.6588,36.84,9,,,2,2,2,official_observed_reference,0748cdd22027a503458ba95ec88a798f00e5c18e33e03113b771bad4639a4be8
2024-09-30,Kallada,0.0949,7.5113,0.2504,13.4,20,,,2,1,2,official_observed_reference,0748cdd22027a503458ba95ec88a798f00e5c18e33e03113b771bad4639a4be8
2024-09-30,Malankara,0.0939,2.6002,0.0867,4.8,9,1,,2,2,2,official_observed_reference,0748cdd22027a503458ba95ec88a798f00e5c18e33e03113b771bad4639a4be8
2024-09-30,Maniyar,0.1207,3.2024,0.1067,,,,,3,2,2,official_observed_reference,0748cdd22027a503458ba95ec88a798f00e5c18e33e03113b771bad4639a4be8
2024-09-30,Kuthungal,0.1694,3.6972,0.1232,14,,,,3,2,1,official_observed_reference,0748cdd22027a503458ba95ec88a798f00e5c18e33e03113b771bad4639a4be8
2024-10-01,Idukki,7.074,7.074,7.074,608,20,1,,5,4,5,official_observed_reference,2876b59725376d57d11fbd318697c52bcbcf7e20d1a22ed4147db0e9085670d1
2024-10-01,Sabarigiri,4.2317,4.2317,4.2317,330.6,21,,,6,3,6,official_observed_reference,2876b59725376d57d11fbd318697c52bcbcf7e20d1a22ed4147db0e9085670d1
2024-10-01,Idamalayar,0.8275,0.8275,0.8275,68.6,16,,,2,1,2,official_observed_reference,2876b59725376d57d11fbd318697c52bcbcf7e20d1a22ed4147db0e9085670d1
2024-10-01,Sholayar,0.7489,0.7489,0.7489,54.4,6,1,,2,3,2,official_observed_reference,2876b59725376d57d11fbd318697c52bcbcf7e20d1a22ed4147db0e9085670d1
2024-10-01,Pallivasal,0.4861,0.4861,0.4861,20.4,,,2,4,4,4,official_observed_reference,2876b59725376d57d11fbd318697c52bcbcf7e20d1a22ed4147db0e9085670d1
2024-10-01,Kuttiadi,1.858,1.858,1.858,102,23,4,,2,2,2,official_observed_reference,2876b59725376d57d11fbd318697c52bcbcf7e20d1a22ed4147db0e9085670d1
2024-10-01,Panniar,0.7761,0.7761,0.7761,32.4,,,,2,2,2,official_observed_reference,2876b59725376d57d11fbd318697c52bcbcf7e20d1a22ed4147db0e9085670d1
2024-10-01,Neriamangalam,1.1383,1.1383,1.1383,75.6,1,,,4,2,4,official_observed_reference,2876b59725376d57d11fbd318697c52bcbcf7e20d1a22ed4147db0e9085670d1
2024-10-01,Lower Periyar,1.617,1.617,1.617,162,21,,,3,1,3,official_observed_reference,2876b59725376d57d11fbd318697c52bcbcf7e20d1a22ed4147db0e9085670d1
2024-10-01,"Poringalkuthu, PLBE",0.2728,0.2728,0.2728,36.06,,,1,5,1,5,official_observed_reference,2876b59725376d57d11fbd318697c52bcbcf7e20d1a22ed4147db0e9085670d1
2024-10-01,Sengulam,0.3777,0.3777,0.3777,51.2,22,,,4,,4,official_observed_reference,2876b59725376d57d11fbd318697c52bcbcf7e20d1a22ed4147db0e9085670d1
2024-10-01,Kakkad,0.6078,0.6078,0.6078,37.92,23,,,2,2,2,official_observed_reference,2876b59725376d57d11fbd318697c52bcbcf7e20d1a22ed4147db0e9085670d1
2024-10-01,Kallada,0.0544,0.0544,0.0544,7.4,5,,,2,1,1,official_observed_reference,2876b59725376d57d11fbd318697c52bcbcf7e20d1a22ed4147db0e9085670d1
2024-10-01,Malankara,0.0864,0.0864,0.0864,4.8,9,1,,2,2,2,official_observed_reference,2876b59725376d57d11fbd318697c52bcbcf7e20d1a22ed4147db0e9085670d1
2024-10-01,Maniyar,0.0832,0.0832,0.0832,,,,,3,2,2,official_observed_reference,2876b59725376d57d11fbd318697c52bcbcf7e20d1a22ed4147db0e9085670d1
2024-10-01,Kuthungal,0.0988,0.0988,0.0988,4.4,,,,3,1,1,official_observed_reference,2876b59725376d57d11fbd318697c52bcbcf7e20d1a22ed4147db0e9085670d1
2024-10-02,Idukki,7.29,14.364,7.182,602,22,1,,5,3,5,official_observed_reference,3b17eb5b8cc35c8358edb979af3dcb576b28f822315c1d8b9b0f3658f34629c5
2024-10-02,Sabarigiri,4.087,8.3187,4.1594,280.8,,1,,5,4,5,official_observed_reference,3b17eb5b8cc35c8358edb979af3dcb576b28f822315c1d8b9b0f3658f34629c5
2024-10-02,Idamalayar,1.5823,2.4098,1.2049,68.8,14,,,2,2,2,official_observed_reference,3b17eb5b8cc35c8358edb979af3dcb576b28f822315c1d8b9b0f3658f34629c5
2024-10-02,Sholayar,0.6388,1.3877,0.6939,36.4,6,1,,2,2,2,official_observed_reference,3b17eb5b8cc35c8358edb979af3dcb576b28f822315c1d8b9b0f3658f34629c5
2024-10-02,Pallivasal,0.4857,0.9718,0.4859,20.4,2,,2,4,4,4,official_observed_reference,3b17eb5b8cc35c8358edb979af3dcb576b28f822315c1d8b9b0f3658f34629c5
2024-10-02,Kuttiadi,2.267,4.125,2.0625,102,11,4,,2,2,2,official_observed_reference,3b17eb5b8cc35c8358edb979af3dcb576b28f822315c1d8b9b0f3658f34629c5
2024-10-02,Panniar,0.7762,1.5523,0.7762,32.4,,,,2,2,2,official_observed_reference,3b17eb5b8cc35c8358edb979af3dcb576b28f822315c1d8b9b0f3658f34629c5
2024-10-02,Neriamangalam,0.8309,1.9692,0.9846,75.8,18,,,4,2,4,official_observed_reference,3b17eb5b8cc35c8358edb979af3dcb576b28f822315c1d8b9b0f3658f34629c5
2024-10-02,Lower Periyar,1.526,3.143,1.5715,162,18,,,3,,3,official_observed_reference,3b17eb5b8cc35c8358edb979af3dcb576b28f822315c1d8b9b0f3658f34629c5
2024-10-02,"Poringalkuthu, PLBE",0.2194,0.4922,0.2461,36.2,20,,1,5,,5,official_observed_reference,3b17eb5b8cc35c8358edb979af3dcb576b28f822315c1d8b9b0f3658f34629c5
2024-10-02,Sengulam,0.4552,0.8329,0.4165,50.6,19,,,4,2,4,official_observed_reference,3b17eb5b8cc35c8358edb979af3dcb576b28f822315c1d8b9b0f3658f34629c5
2024-10-02,Kakkad,0.6634,1.2712,0.6356,37.78,1,,,2,2,2,official_observed_reference,3b17eb5b8cc35c8358edb979af3dcb576b28f822315c1d8b9b0f3658f34629c5
2024-10-02,Kallada,0.0312,0.0856,0.0428,7.4,18,,,2,,1,official_observed_reference,3b17eb5b8cc35c8358edb979af3dcb576b28f822315c1d8b9b0f3658f34629c5
2024-10-02,Malankara,0.0894,0.1758,0.0879,4.8,9,1,,2,2,2,official_observed_reference,3b17eb5b8cc35c8358edb979af3dcb576b28f822315c1d8b9b0f3658f34629c5
2024-10-02,Maniyar,0.0986,0.1817,0.0909,,,,,3,2,2,official_observed_reference,3b17eb5b8cc35c8358edb979af3dcb576b28f822315c1d8b9b0f3658f34629c5
2024-10-02,Kuthungal,0.1034,0.2022,0.1011,7.4,7,,,3,1,1,official_observed_reference,3b17eb5b8cc35c8358edb979af3dcb576b28f822315c1d8b9b0f3658f34629c5
2024-10-03,Idukki,6.879,21.243,7.081,602,22,1,,5,5,5,official_observed_reference,44784b70f01521bb38933c47b5f5a6c56313329433a43615bae76025bf805680
2024-10-03,Sabarigiri,4.0217,12.3404,4.1135,271.2,19,1,,5,5,5,official_observed_reference,44784b70f01521bb38933c47b5f5a6c56313329433a43615bae76025bf805680
2024-10-03,Idamalayar,0.963,3.3728,1.1243,69.2,20,,,2,2,2,official_observed_reference,44784b70f01521bb38933c47b5f5a6c56313329433a43615bae76025bf805680
2024-10-03,Sholayar,0.6234,2.0111,0.6704,36.4,18,1,,2,2,2,official_observed_reference,44784b70f01521bb38933c47b5f5a6c56313329433a43615bae76025bf805680
2024-10-03,Pallivasal,0.4853,1.4571,0.4857,20.6,21,,2,4,4,4,official_observed_reference,44784b70f01521bb38933c47b5f5a6c56313329433a43615bae76025bf805680
2024-10-03,Kuttiadi,2.112,6.237,2.079,104,11,4,,2,2,2,official_observed_reference,44784b70f01521bb38933c47b5f5a6c56313329433a43615bae76025bf805680
2024-10-03,Panniar,0.7762,2.3285,0.7762,32.4,,,,2,2,2,official_observed_reference,44784b70f01521bb38933c47b5f5a6c56313329433a43615bae76025bf805680
2024-10-03,Neriamangalam,1.1448,3.114,1.038,75.2,,,,4,1,4,official_observed_reference,44784b70f01521bb38933c47b5f5a6c56313329433a43615bae76025bf805680
2024-10-03,Lower Periyar,2.085,5.228,1.7427,160,19,,,3,1,3,official_observed_reference,44784b70f01521bb38933c47b5f5a6c56313329433a43615bae76025bf805680
2024-10-03,"Poringalkuthu, PLBE",0.2842,0.7765,0.2588,36.18,,,1,5,,5,official_observed_reference,44784b70f01521bb38933c47b5f5a6c56313329433a43615bae76025bf805680
2024-10-03,Sengulam,0.3909,1.2238,0.4079,50.8,,,,4,,4,official_observed_reference,44784b70f01521bb38933c47b5f5a6c56313329433a43615bae76025bf805680
2024-10-03,Kakkad,0.6086,1.8797,0.6266,35.56,22,,,2,1,2,official_observed_reference,44784b70f01521bb38933c47b5f5a6c56313329433a43615bae76025bf805680
2024-10-03,Kallada,0.0307,0.1163,0.0388,7.4,18,,,2,,1,official_observed_reference,44784b70f01521bb38933c47b5f5a6c56313329433a43615bae76025bf805680
2024-10-03,Malankara,0.0864,0.2622,0.0874,4.2,9,1,,2,2,2,official_observed_reference,44784b70f01521bb38933c47b5f5a6c56313329433a43615bae76025bf805680
2024-10-03,Maniyar,0.0801,0.2619,0.0873,,,,,3,2,2,official_observed_reference,44784b70f01521bb38933c47b5f5a6c56313329433a43615bae76025bf805680
2024-10-03,Kuthungal,0.1026,0.3048,0.1016,7.4,10,,,3,,1,official_observed_reference,44784b70f01521bb38933c47b5f5a6c56313329433a43615bae76025bf805680
2024-10-04,Idukki,6.121,27.364,6.841,528,18,1,,5,1,5,official_observed_reference,e1dc2ecf63c7b2defd0ed1c887c9d8dcdaa46e9f98dc6b7614cec57c428d802c
2024-10-04,Sabarigiri,4.1461,16.4865,4.1216,275.4,,1,,5,1,5,official_observed_reference,e1dc2ecf63c7b2defd0ed1c887c9d8dcdaa46e9f98dc6b7614cec57c428d802c
2024-10-04,Idamalayar,1.0983,4.4711,1.1178,69.4,1,,,2,,2,official_observed_reference,e1dc2ecf63c7b2defd0ed1c887c9d8dcdaa46e9f98dc6b7614cec57c428d802c
2024-10-04,Sholayar,0.6156,2.6267,0.6567,36.4,21,1,,2,2,2,official_observed_reference,e1dc2ecf63c7b2defd0ed1c887c9d8dcdaa46e9f98dc6b7614cec57c428d802c
2024-10-04,Pallivasal,0.4807,1.9378,0.4845,20.6,13,,2,4,4,4,official_observed_reference,e1dc2ecf63c7b2defd0ed1c887c9d8dcdaa46e9f98dc6b7614cec57c428d802c
2024-10-04,Kuttiadi,2.002,8.239,2.0598,100,1,4,,2,,2,official_observed_reference,e1dc2ecf63c7b2defd0ed1c887c9d8dcdaa46e9f98dc6b7614cec57c428d802c
2024-10-04,Panniar,0.7762,3.1047,0.7762,32.4,,,,2,2,2,official_observed_reference,e1dc2ecf63c7b2defd0ed1c887c9d8dcdaa46e9f98dc6b7614cec57c428d802c
2024-10-04,Neriamangalam,0.9742,4.0882,1.0221,75.4,22,,,4,1,4,official_observed_reference,e1dc2ecf63c7b2defd0ed1c887c9d8dcdaa46e9f98dc6b7614cec57c428d802c
2024-10-04,Lower Periyar,1.448,6.676,1.669,160,19,,,3,1,3,official_observed_reference,e1dc2ecf63c7b2defd0ed1c887c9d8dcdaa46e9f98dc6b7614cec57c428d802c
2024-10-04,"Poringalkuthu, PLBE",0.548,1.3245,0.3311,36.18,3,,1,5,,5,official_observed_reference,e1dc2ecf63c7b2defd0ed1c887c9d8dcdaa46e9f98dc6b7614cec57c428d802c
2024-10-04,Sengulam,0.3817,1.6055,0.4014,50.8,19,,,4,,4,official_observed_reference,e1dc2ecf63c7b2defd0ed1c887c9d8dcdaa46e9f98dc6b7614cec57c428d802c
2024-10-04,Kakkad,0.6028,2.4825,0.6206,36.18,19,,,2,,2,official_observed_reference,e1dc2ecf63c7b2defd0ed1c887c9d8dcdaa46e9f98dc6b7614cec57c428d802c
2024-10-04,Kallada,0.0312,0.1475,0.0369,7.2,18,,,2,,1,official_observed_reference,e1dc2ecf63c7b2defd0ed1c887c9d8dcdaa46e9f98dc6b7614cec57c428d802c
2024-10-04,Malankara,0.0879,0.3501,0.0875,4.2,1,1,,2,2,2,official_observed_reference,e1dc2ecf63c7b2defd0ed1c887c9d8dcdaa46e9f98dc6b7614cec57c428d802c
2024-10-04,Maniyar,0.0868,0.3487,0.0872,,,,,3,1,2,official_observed_reference,e1dc2ecf63c7b2defd0ed1c887c9d8dcdaa46e9f98dc6b7614cec57c428d802c
2024-10-04,Kuthungal,0.0928,0.3976,0.0994,7.4,8,,,3,,1,official_observed_reference,e1dc2ecf63c7b2defd0ed1c887c9d8dcdaa46e9f98dc6b7614cec57c428d802c
2024-10-05,Idukki,6.129,33.493,6.6986,612,19,1,,5,3,5,official_observed_reference,094c297bc6def321057f6448ab0a2c0afbd1b0957a592f3a69d3e9d4a479e865
2024-10-05,Sabarigiri,3.6666,20.1531,4.0306,271.2,23,1,,5,4,5,official_observed_reference,094c297bc6def321057f6448ab0a2c0afbd1b0957a592f3a69d3e9d4a479e865
2024-10-05,Idamalayar,0.5383,5.0094,1.0019,68.4,23,,,2,,2,official_observed_reference,094c297bc6def321057f6448ab0a2c0afbd1b0957a592f3a69d3e9d4a479e865
2024-10-05,Sholayar,0.5956,3.2223,0.6445,36.4,19,1,,2,2,2,official_observed_reference,094c297bc6def321057f6448ab0a2c0afbd1b0957a592f3a69d3e9d4a479e865
2024-10-05,Pallivasal,0.485,2.4228,0.4846,20.4,2,,2,4,4,4,official_observed_reference,094c297bc6def321057f6448ab0a2c0afbd1b0957a592f3a69d3e9d4a479e865
2024-10-05,Kuttiadi,1.956,10.195,2.039,100,13,4,,2,2,2,official_observed_reference,094c297bc6def321057f6448ab0a2c0afbd1b0957a592f3a69d3e9d4a479e865
2024-10-05,Panniar,0.7761,3.8808,0.7762,32.4,,,,2,2,2,official_observed_reference,094c297bc6def321057f6448ab0a2c0afbd1b0957a592f3a69d3e9d4a479e865
2024-10-05,Neriamangalam,1.258,5.3462,1.0692,75.4,,,,4,2,4,official_observed_reference,094c297bc6def321057f6448ab0a2c0afbd1b0957a592f3a69d3e9d4a479e865
2024-10-05,Lower Periyar,2.451,9.127,1.8254,162,6,,,3,2,3,official_observed_reference,094c297bc6def321057f6448ab0a2c0afbd1b0957a592f3a69d3e9d4a479e865
2024-10-05,"Poringalkuthu, PLBE",0.5324,1.8569,0.3714,36.16,,,1,5,5,5,official_observed_reference,094c297bc6def321057f6448ab0a2c0afbd1b0957a592f3a69d3e9d4a479e865
2024-10-05,Sengulam,0.3537,1.9592,0.3918,50.8,21,,,4,,4,official_observed_reference,094c297bc6def321057f6448ab0a2c0afbd1b0957a592f3a69d3e9d4a479e865
2024-10-05,Kakkad,0.5268,3.0093,0.6019,35.5,16,,,2,1,2,official_observed_reference,094c297bc6def321057f6448ab0a2c0afbd1b0957a592f3a69d3e9d4a479e865
2024-10-05,Kallada,0.0292,0.1767,0.0353,7.2,18,,,2,,1,official_observed_reference,094c297bc6def321057f6448ab0a2c0afbd1b0957a592f3a69d3e9d4a479e865
2024-10-05,Malankara,0.0876,0.4377,0.0875,4.2,,1,,2,2,2,official_observed_reference,094c297bc6def321057f6448ab0a2c0afbd1b0957a592f3a69d3e9d4a479e865
2024-10-05,Maniyar,0.0805,0.4292,0.0858,,,,,3,1,2,official_observed_reference,094c297bc6def321057f6448ab0a2c0afbd1b0957a592f3a69d3e9d4a479e865
2024-10-05,Kuthungal,0.0888,0.4864,0.0973,7.2,11,,,3,1,1,official_observed_reference,094c297bc6def321057f6448ab0a2c0afbd1b0957a592f3a69d3e9d4a479e865
2024-10-06,Idukki,3.457,36.95,6.1583,376,19,1,,5,1,5,official_observed_reference,078c579e1d1acb65ce88b6900b5c232d5493634a055d4b49cb22092cb6402e13
2024-10-06,Sabarigiri,3.3902,23.5433,3.9239,270.6,,1,,5,3,5,official_observed_reference,078c579e1d1acb65ce88b6900b5c232d5493634a055d4b49cb22092cb6402e13
2024-10-06,Idamalayar,0.7787,5.7881,0.9647,68.2,,,,2,1,2,official_observed_reference,078c579e1d1acb65ce88b6900b5c232d5493634a055d4b49cb22092cb6402e13
2024-10-06,Sholayar,0.5222,3.7445,0.6241,36.4,21,1,,2,2,2,official_observed_reference,078c579e1d1acb65ce88b6900b5c232d5493634a055d4b49cb22092cb6402e13
2024-10-06,Pallivasal,0.4852,2.908,0.4847,20.4,,,2,4,4,4,official_observed_reference,078c579e1d1acb65ce88b6900b5c232d5493634a055d4b49cb22092cb6402e13
2024-10-06,Kuttiadi,1.903,12.098,2.0163,102,18,4,,2,2,2,official_observed_reference,078c579e1d1acb65ce88b6900b5c232d5493634a055d4b49cb22092cb6402e13
2024-10-06,Panniar,0.7738,4.6546,0.7758,32.4,,,,2,2,2,official_observed_reference,078c579e1d1acb65ce88b6900b5c232d5493634a055d4b49cb22092cb6402e13
2024-10-06,Neriamangalam,1.0791,6.4253,1.0709,76.2,22,,,4,1,4,official_observed_reference,078c579e1d1acb65ce88b6900b5c232d5493634a055d4b49cb22092cb6402e13
2024-10-06,Lower Periyar,2.035,11.162,1.8603,158,21,,,3,1,3,official_observed_reference,078c579e1d1acb65ce88b6900b5c232d5493634a055d4b49cb22092cb6402e13
2024-10-06,"Poringalkuthu, PLBE",0.3189,2.1758,0.3626,36.06,,,1,5,1,5,official_observed_reference,078c579e1d1acb65ce88b6900b5c232d5493634a055d4b49cb22092cb6402e13
2024-10-06,Sengulam,0.4108,2.37,0.395,50.8,21,,,4,1,4,official_observed_reference,078c579e1d1acb65ce88b6900b5c232d5493634a055d4b49cb22092cb6402e13
2024-10-06,Kakkad,0.4886,3.4978,0.583,36.12,2,,,2,1,2,official_observed_reference,078c579e1d1acb65ce88b6900b5c232d5493634a055d4b49cb22092cb6402e13
2024-10-06,Kallada,0.0279,0.2046,0.0341,6.6,20,,,2,,1,official_observed_reference,078c579e1d1acb65ce88b6900b5c232d5493634a055d4b49cb22092cb6402e13
2024-10-06,Malankara,0.0897,0.5274,0.0879,4.2,1,1,,2,2,2,official_observed_reference,078c579e1d1acb65ce88b6900b5c232d5493634a055d4b49cb22092cb6402e13
2024-10-06,Maniyar,0.0444,0.4735,0.0789,,,,,3,1,1,official_observed_reference,078c579e1d1acb65ce88b6900b5c232d5493634a055d4b49cb22092cb6402e13
2024-10-06,Kuthungal,0.1135,0.5999,0.1,7.4,21,,,3,1,1,official_observed_reference,078c579e1d1acb65ce88b6900b5c232d5493634a055d4b49cb22092cb6402e13
2024-10-07,Idukki,4.055,41.005,5.8579,576,18,1,,5,1,5,official_observed_reference,0cb7d267732b5fa70d4a0be2b1a7af2176de52ac874b11007854bf906d799850
2024-10-07,Sabarigiri,2.9583,26.5016,3.7859,271.4,17,1,,5,2,5,official_observed_reference,0cb7d267732b5fa70d4a0be2b1a7af2176de52ac874b11007854bf906d799850
2024-10-07,Idamalayar,0.5069,6.295,0.8993,68.4,21,,,2,,2,official_observed_reference,0cb7d267732b5fa70d4a0be2b1a7af2176de52ac874b11007854bf906d799850
2024-10-07,Sholayar,0.5736,4.3181,0.6169,36.2,19,1,,2,2,2,official_observed_reference,0cb7d267732b5fa70d4a0be2b1a7af2176de52ac874b11007854bf906d799850
2024-10-07,Pallivasal,0.464,3.372,0.4817,20.6,7,1,2,3,3,3,official_observed_reference,0cb7d267732b5fa70d4a0be2b1a7af2176de52ac874b11007854bf906d799850
2024-10-07,Kuttiadi,1.891,13.989,1.9984,102,22,4,,2,2,2,official_observed_reference,0cb7d267732b5fa70d4a0be2b1a7af2176de52ac874b11007854bf906d799850
2024-10-07,Panniar,0.561,5.2156,0.7451,32.4,17,,,2,1,2,official_observed_reference,0cb7d267732b5fa70d4a0be2b1a7af2176de52ac874b11007854bf906d799850
2024-10-07,Neriamangalam,1.3228,7.7481,1.1069,76.4,7,,,4,1,4,official_observed_reference,0cb7d267732b5fa70d4a0be2b1a7af2176de52ac874b11007854bf906d799850
2024-10-07,Lower Periyar,2.292,13.454,1.922,160,2,,,3,3,3,official_observed_reference,0cb7d267732b5fa70d4a0be2b1a7af2176de52ac874b11007854bf906d799850
2024-10-07,"Poringalkuthu, PLBE",0.2248,2.4005,0.3429,36.58,23,,1,5,1,5,official_observed_reference,0cb7d267732b5fa70d4a0be2b1a7af2176de52ac874b11007854bf906d799850
2024-10-07,Sengulam,0.4787,2.8487,0.407,51,19,,,4,2,4,official_observed_reference,0cb7d267732b5fa70d4a0be2b1a7af2176de52ac874b11007854bf906d799850
2024-10-07,Kakkad,0.4577,3.9555,0.5651,35.88,23,,,2,1,2,official_observed_reference,0cb7d267732b5fa70d4a0be2b1a7af2176de52ac874b11007854bf906d799850
2024-10-07,Kallada,0.0279,0.2325,0.0332,6.6,18,,,2,1,1,official_observed_reference,0cb7d267732b5fa70d4a0be2b1a7af2176de52ac874b11007854bf906d799850
2024-10-07,Malankara,0.09,0.6174,0.0882,4.2,1,1,,2,2,2,official_observed_reference,0cb7d267732b5fa70d4a0be2b1a7af2176de52ac874b11007854bf906d799850
2024-10-07,Maniyar,0.0467,0.5202,0.0743,,,,,3,1,2,official_observed_reference,0cb7d267732b5fa70d4a0be2b1a7af2176de52ac874b11007854bf906d799850
2024-10-07,Kuthungal,0.1158,0.7157,0.1022,7.2,,,,3,1,1,official_observed_reference,0cb7d267732b5fa70d4a0be2b1a7af2176de52ac874b11007854bf906d799850
2024-10-08,Idukki,5.309,46.314,5.7893,606,18,1,,5,2,5,official_observed_reference,69b8e04100e6adbb16f8e20d3b6a7bcb525460f54c90c9287998627484daf113
2024-10-08,Sabarigiri,3.3727,29.8743,3.7343,268,19,1,,5,4,5,official_observed_reference,69b8e04100e6adbb16f8e20d3b6a7bcb525460f54c90c9287998627484daf113
2024-10-08,Idamalayar,0.7363,7.0313,0.8789,68.2,18,,,2,1,2,official_observed_reference,69b8e04100e6adbb16f8e20d3b6a7bcb525460f54c90c9287998627484daf113
2024-10-08,Sholayar,0.7118,5.0299,0.6287,36.4,12,1,,2,2,2,official_observed_reference,69b8e04100e6adbb16f8e20d3b6a7bcb525460f54c90c9287998627484daf113
2024-10-08,Pallivasal,0.456,3.828,0.4785,20.4,12,,2,4,4,4,official_observed_reference,69b8e04100e6adbb16f8e20d3b6a7bcb525460f54c90c9287998627484daf113
2024-10-08,Kuttiadi,2.216,16.205,2.0256,102,15,4,,2,2,2,official_observed_reference,69b8e04100e6adbb16f8e20d3b6a7bcb525460f54c90c9287998627484daf113
2024-10-08,Panniar,0.6227,5.8383,0.7298,32.2,,,,2,2,2,official_observed_reference,69b8e04100e6adbb16f8e20d3b6a7bcb525460f54c90c9287998627484daf113
2024-10-08,Neriamangalam,1.2908,9.0389,1.1299,75.6,22,,,4,4,4,official_observed_reference,69b8e04100e6adbb16f8e20d3b6a7bcb525460f54c90c9287998627484daf113
2024-10-08,Lower Periyar,2.351,15.805,1.9756,162,21,,,3,3,3,official_observed_reference,69b8e04100e6adbb16f8e20d3b6a7bcb525460f54c90c9287998627484daf113
2024-10-08,"Poringalkuthu, PLBE",0.3762,2.7768,0.3471,52.24,21,,1,5,,5,official_observed_reference,69b8e04100e6adbb16f8e20d3b6a7bcb525460f54c90c9287998627484daf113
2024-10-08,Sengulam,0.3173,3.166,0.3958,38.6,,,,4,1,3,official_observed_reference,69b8e04100e6adbb16f8e20d3b6a7bcb525460f54c90c9287998627484daf113
2024-10-08,Kakkad,0.5125,4.468,0.5585,35.86,,,,2,1,2,official_observed_reference,69b8e04100e6adbb16f8e20d3b6a7bcb525460f54c90c9287998627484daf113
2024-10-08,Kallada,0.0273,0.2598,0.0325,6.6,18,,,2,,1,official_observed_reference,69b8e04100e6adbb16f8e20d3b6a7bcb525460f54c90c9287998627484daf113
2024-10-08,Malankara,0.0885,0.7059,0.0882,4.2,,1,,2,2,2,official_observed_reference,69b8e04100e6adbb16f8e20d3b6a7bcb525460f54c90c9287998627484daf113
2024-10-08,Maniyar,0.0654,0.5856,0.0732,,,,,3,1,2,official_observed_reference,69b8e04100e6adbb16f8e20d3b6a7bcb525460f54c90c9287998627484daf113
2024-10-08,Kuthungal,0.055,0.7707,0.0963,7.2,10,,,3,,,official_observed_reference,69b8e04100e6adbb16f8e20d3b6a7bcb525460f54c90c9287998627484daf113
2024-10-09,Idukki,5.308,51.622,5.7358,588,18,1,,5,3,5,official_observed_reference,e7df7fdf463dc6c6d78ca45543d39d94d61d779c8fef204e9fabfeb361c31799
2024-10-09,Sabarigiri,3.4407,33.315,3.7017,275,17,1,,5,2,5,official_observed_reference,e7df7fdf463dc6c6d78ca45543d39d94d61d779c8fef204e9fabfeb361c31799
2024-10-09,Idamalayar,0.889,7.9203,0.88,69.2,17,,,2,1,2,official_observed_reference,e7df7fdf463dc6c6d78ca45543d39d94d61d779c8fef204e9fabfeb361c31799
2024-10-09,Sholayar,0.6676,5.6975,0.6331,36.4,15,1,,2,2,2,official_observed_reference,e7df7fdf463dc6c6d78ca45543d39d94d61d779c8fef204e9fabfeb361c31799
2024-10-09,Pallivasal,0.4879,4.3159,0.4795,20.4,,,2,4,4,4,official_observed_reference,e7df7fdf463dc6c6d78ca45543d39d94d61d779c8fef204e9fabfeb361c31799
2024-10-09,Kuttiadi,2.147,18.352,2.0391,100,6,4,,2,2,2,official_observed_reference,e7df7fdf463dc6c6d78ca45543d39d94d61d779c8fef204e9fabfeb361c31799
2024-10-09,Panniar,0.5528,6.3911,0.7101,32.4,16,,,2,2,2,official_observed_reference,e7df7fdf463dc6c6d78ca45543d39d94d61d779c8fef204e9fabfeb361c31799
2024-10-09,Neriamangalam,0.9706,10.0095,1.1122,76.6,18,,,4,3,4,official_observed_reference,e7df7fdf463dc6c6d78ca45543d39d94d61d779c8fef204e9fabfeb361c31799
2024-10-09,Lower Periyar,1.722,17.527,1.9474,158,19,,,3,2,3,official_observed_reference,e7df7fdf463dc6c6d78ca45543d39d94d61d779c8fef204e9fabfeb361c31799
2024-10-09,"Poringalkuthu, PLBE",0.3383,3.1151,0.3461,52.14,17,,1,5,1,5,official_observed_reference,e7df7fdf463dc6c6d78ca45543d39d94d61d779c8fef204e9fabfeb361c31799
2024-10-09,Sengulam,0.378,3.544,0.3938,51.2,22,,,4,,4,official_observed_reference,e7df7fdf463dc6c6d78ca45543d39d94d61d779c8fef204e9fabfeb361c31799
2024-10-09,Kakkad,0.5351,5.0031,0.5559,35.48,,,,2,1,2,official_observed_reference,e7df7fdf463dc6c6d78ca45543d39d94d61d779c8fef204e9fabfeb361c31799
2024-10-09,Kallada,0.0273,0.2871,0.0319,6.6,18,,,2,,2,official_observed_reference,e7df7fdf463dc6c6d78ca45543d39d94d61d779c8fef204e9fabfeb361c31799
2024-10-09,Malankara,0.0891,0.795,0.0883,4.2,,1,,2,2,2,official_observed_reference,e7df7fdf463dc6c6d78ca45543d39d94d61d779c8fef204e9fabfeb361c31799
2024-10-09,Maniyar,0.0791,0.6647,0.0739,,,,,3,1,2,official_observed_reference,e7df7fdf463dc6c6d78ca45543d39d94d61d779c8fef204e9fabfeb361c31799
2024-10-09,Kuthungal,0.1025,0.8732,0.097,7.2,8,,,3,1,1,official_observed_reference,e7df7fdf463dc6c6d78ca45543d39d94d61d779c8fef204e9fabfeb361c31799
2024-10-10,Idukki,2.734,54.356,5.4356,448,22,1,1,4,1,4,official_observed_reference,5fd34e7f22657e3085329473230e65be647b428054510eb285f78cba561e2a53
2024-10-10,Sabarigiri,2.436,35.751,3.5751,270.8,21,1,,5,1,5,official_observed_reference,5fd34e7f22657e3085329473230e65be647b428054510eb285f78cba561e2a53
2024-10-10,Idamalayar,0.5292,8.4495,0.845,68.4,,,,2,,2,official_observed_reference,5fd34e7f22657e3085329473230e65be647b428054510eb285f78cba561e2a53
2024-10-10,Sholayar,0.7337,6.4312,0.6431,36.4,5,1,,2,2,2,official_observed_reference,5fd34e7f22657e3085329473230e65be647b428054510eb285f78cba561e2a53
2024-10-10,Pallivasal,0.488,4.8039,0.4804,20.6,7,,2,4,,4,official_observed_reference,5fd34e7f22657e3085329473230e65be647b428054510eb285f78cba561e2a53
2024-10-10,Kuttiadi,1.94,20.292,2.0292,102,12,4,,2,2,2,official_observed_reference,5fd34e7f22657e3085329473230e65be647b428054510eb285f78cba561e2a53
2024-10-10,Panniar,0.7763,7.1674,0.7167,32.4,,,,2,2,2,official_observed_reference,5fd34e7f22657e3085329473230e65be647b428054510eb285f78cba561e2a53
2024-10-10,Neriamangalam,1.0438,11.0533,1.1053,77,23,,,4,4,4,official_observed_reference,5fd34e7f22657e3085329473230e65be647b428054510eb285f78cba561e2a53
2024-10-10,Lower Periyar,1.865,19.392,1.9392,160,18,,,3,2,3,official_observed_reference,5fd34e7f22657e3085329473230e65be647b428054510eb285f78cba561e2a53
2024-10-10,"Poringalkuthu, PLBE",0.879,3.9941,0.3994,36.72,9,,1,5,5,5,official_observed_reference,5fd34e7f22657e3085329473230e65be647b428054510eb285f78cba561e2a53
2024-10-10,Sengulam,0.3591,3.9031,0.3903,51.6,,,,4,1,4,official_observed_reference,5fd34e7f22657e3085329473230e65be647b428054510eb285f78cba561e2a53
2024-10-10,Kakkad,0.3617,5.3648,0.5365,35.18,22,,,2,,2,official_observed_reference,5fd34e7f22657e3085329473230e65be647b428054510eb285f78cba561e2a53
2024-10-10,Kallada,0.0277,0.3148,0.0315,6.6,18,,,2,,2,official_observed_reference,5fd34e7f22657e3085329473230e65be647b428054510eb285f78cba561e2a53
2024-10-10,Malankara,0.0855,0.8805,0.0881,4.2,1,1,,2,2,2,official_observed_reference,5fd34e7f22657e3085329473230e65be647b428054510eb285f78cba561e2a53
2024-10-10,Maniyar,0.0502,0.7149,0.0715,,,,,3,1,2,official_observed_reference,5fd34e7f22657e3085329473230e65be647b428054510eb285f78cba561e2a53
2024-10-10,Kuthungal,0.1092,0.9824,0.0982,10.6,9,,,3,2,1,official_observed_reference,5fd34e7f22657e3085329473230e65be647b428054510eb285f78cba561e2a53
2024-10-11,Idukki,3.255,57.611,5.2374,462,18,1,1,4,,4,official_observed_reference,d6d91bf8e410306de333956cb0674ef018f752aaa29b75831c6f68579a190052
2024-10-11,Sabarigiri,2.7101,38.4611,3.4965,271.2,21,1,,5,,5,official_observed_reference,d6d91bf8e410306de333956cb0674ef018f752aaa29b75831c6f68579a190052
2024-10-11,Idamalayar,0.5552,9.0047,0.8186,68.4,,,,2,,2,official_observed_reference,d6d91bf8e410306de333956cb0674ef018f752aaa29b75831c6f68579a190052
2024-10-11,Sholayar,0.7463,7.1775,0.6525,36.4,6,1,,2,2,2,official_observed_reference,d6d91bf8e410306de333956cb0674ef018f752aaa29b75831c6f68579a190052
2024-10-11,Pallivasal,0.4881,5.292,0.4811,20.4,,,2,4,4,4,official_observed_reference,d6d91bf8e410306de333956cb0674ef018f752aaa29b75831c6f68579a190052
2024-10-11,Kuttiadi,1.885,22.177,2.0161,104,23,4,,2,2,2,official_observed_reference,d6d91bf8e410306de333956cb0674ef018f752aaa29b75831c6f68579a190052
2024-10-11,Panniar,0.6184,7.7858,0.7078,32.4,,,,2,2,2,official_observed_reference,d6d91bf8e410306de333956cb0674ef018f752aaa29b75831c6f68579a190052
2024-10-11,Neriamangalam,0.9756,12.0289,1.0935,76.6,20,,,4,2,4,official_observed_reference,d6d91bf8e410306de333956cb0674ef018f752aaa29b75831c6f68579a190052
2024-10-11,Lower Periyar,1.499,20.891,1.8992,162,18,,,3,,3,official_observed_reference,d6d91bf8e410306de333956cb0674ef018f752aaa29b75831c6f68579a190052
2024-10-11,"Poringalkuthu, PLBE",0.5523,4.5464,0.4133,36.84,23,,1,5,4,5,official_observed_reference,d6d91bf8e410306de333956cb0674ef018f752aaa29b75831c6f68579a190052
2024-10-11,Sengulam,0.3685,4.2716,0.3883,50,,,,4,1,4,official_observed_reference,d6d91bf8e410306de333956cb0674ef018f752aaa29b75831c6f68579a190052
2024-10-11,Kakkad,0.4242,5.7889,0.5263,35.84,23,,,2,,2,official_observed_reference,d6d91bf8e410306de333956cb0674ef018f752aaa29b75831c6f68579a190052
2024-10-11,Kallada,0.029,0.3438,0.0313,6.6,18,,,2,,1,official_observed_reference,d6d91bf8e410306de333956cb0674ef018f752aaa29b75831c6f68579a190052
2024-10-11,Malankara,0.0822,0.9627,0.0875,3.6,,1,,2,2,2,official_observed_reference,d6d91bf8e410306de333956cb0674ef018f752aaa29b75831c6f68579a190052
2024-10-11,Maniyar,0.0668,0.7817,0.0711,,,,,3,1,2,official_observed_reference,d6d91bf8e410306de333956cb0674ef018f752aaa29b75831c6f68579a190052
2024-10-11,Kuthungal,0.0955,1.0779,0.098,6.4,9,,,3,1,2,official_observed_reference,d6d91bf8e410306de333956cb0674ef018f752aaa29b75831c6f68579a190052
2024-10-12,Idukki,2.218,59.829,4.9858,330,18,,1,5,2,5,official_observed_reference,b63ad8d1b347f996593f0099405db3055ee9dbb806fe615c05d7dac0a5e34e25
2024-10-12,Sabarigiri,1.61,40.0711,3.3393,215,18,1,,5,1,4,official_observed_reference,b63ad8d1b347f996593f0099405db3055ee9dbb806fe615c05d7dac0a5e34e25
2024-10-12,Idamalayar,0.3785,9.3832,0.7819,68.4,18,,,2,,2,official_observed_reference,b63ad8d1b347f996593f0099405db3055ee9dbb806fe615c05d7dac0a5e34e25
2024-10-12,Sholayar,0.5471,7.7246,0.6437,36.4,9,1,,2,2,2,official_observed_reference,b63ad8d1b347f996593f0099405db3055ee9dbb806fe615c05d7dac0a5e34e25
2024-10-12,Pallivasal,0.4878,5.7798,0.4817,20.6,21,,2,4,4,4,official_observed_reference,b63ad8d1b347f996593f0099405db3055ee9dbb806fe615c05d7dac0a5e34e25
2024-10-12,Kuttiadi,1.349,23.526,1.9605,102,20,4,,2,2,2,official_observed_reference,b63ad8d1b347f996593f0099405db3055ee9dbb806fe615c05d7dac0a5e34e25
2024-10-12,Panniar,0.3268,8.1126,0.6761,32.4,18,,,2,1,2,official_observed_reference,b63ad8d1b347f996593f0099405db3055ee9dbb806fe615c05d7dac0a5e34e25
2024-10-12,Neriamangalam,1.0629,13.0918,1.091,89.8,1,,,4,1,4,official_observed_reference,b63ad8d1b347f996593f0099405db3055ee9dbb806fe615c05d7dac0a5e34e25
2024-10-12,Lower Periyar,2.068,22.959,1.9133,162,20,,,3,2,3,official_observed_reference,b63ad8d1b347f996593f0099405db3055ee9dbb806fe615c05d7dac0a5e34e25
2024-10-12,"Poringalkuthu, PLBE",0.899,5.4454,0.4538,37.82,23,,1,5,4,5,official_observed_reference,b63ad8d1b347f996593f0099405db3055ee9dbb806fe615c05d7dac0a5e34e25
2024-10-12,Sengulam,0.3726,4.6442,0.387,50.8,21,,,4,1,4,official_observed_reference,b63ad8d1b347f996593f0099405db3055ee9dbb806fe615c05d7dac0a5e34e25
2024-10-12,Kakkad,0.27,6.059,0.5049,34.96,19,,,2,,2,official_observed_reference,b63ad8d1b347f996593f0099405db3055ee9dbb806fe615c05d7dac0a5e34e25
2024-10-12,Kallada,0.0286,0.3724,0.031,6.8,18,,,2,,1,official_observed_reference,b63ad8d1b347f996593f0099405db3055ee9dbb806fe615c05d7dac0a5e34e25
2024-10-12,Malankara,0.0777,1.0404,0.0867,3.6,,1,,2,2,2,official_observed_reference,b63ad8d1b347f996593f0099405db3055ee9dbb806fe615c05d7dac0a5e34e25
2024-10-12,Maniyar,0.0566,0.8383,0.0699,,,,,3,,2,official_observed_reference,b63ad8d1b347f996593f0099405db3055ee9dbb806fe615c05d7dac0a5e34e25
2024-10-12,Kuthungal,0.1125,1.1904,0.0992,10.4,10,,,3,1,1,official_observed_reference,b63ad8d1b347f996593f0099405db3055ee9dbb806fe615c05d7dac0a5e34e25
2024-10-13,Idukki,2.119,61.948,4.7652,266,18,,1,5,1,4,official_observed_reference,a5642f6f943e5d53a765e817331730ad0c5bfcde2d209c2247b6e45161d03f78
2024-10-13,Sabarigiri,1.7625,41.8336,3.218,215,18,1,,5,1,4,official_observed_reference,a5642f6f943e5d53a765e817331730ad0c5bfcde2d209c2247b6e45161d03f78
2024-10-13,Idamalayar,0.3606,9.7438,0.7495,55,,,,2,,1,official_observed_reference,a5642f6f943e5d53a765e817331730ad0c5bfcde2d209c2247b6e45161d03f78
2024-10-13,Sholayar,0.4366,8.1612,0.6278,36.4,,1,,2,,2,official_observed_reference,a5642f6f943e5d53a765e817331730ad0c5bfcde2d209c2247b6e45161d03f78
2024-10-13,Pallivasal,0.4877,6.2675,0.4821,20.6,13,,2,4,4,4,official_observed_reference,a5642f6f943e5d53a765e817331730ad0c5bfcde2d209c2247b6e45161d03f78
2024-10-13,Kuttiadi,2.049,25.575,1.9673,100,1,4,,2,2,2,official_observed_reference,a5642f6f943e5d53a765e817331730ad0c5bfcde2d209c2247b6e45161d03f78
2024-10-13,Panniar,0.4468,8.5594,0.6584,32.4,19,,,2,,2,official_observed_reference,a5642f6f943e5d53a765e817331730ad0c5bfcde2d209c2247b6e45161d03f78
2024-10-13,Neriamangalam,1.0672,14.159,1.0892,75.8,,,,4,1,4,official_observed_reference,a5642f6f943e5d53a765e817331730ad0c5bfcde2d209c2247b6e45161d03f78
2024-10-13,Lower Periyar,1.804,24.763,1.9048,160,22,,,3,,3,official_observed_reference,a5642f6f943e5d53a765e817331730ad0c5bfcde2d209c2247b6e45161d03f78
2024-10-13,"Poringalkuthu, PLBE",0.9065,6.3518,0.4886,37.92,13,,1,5,5,5,official_observed_reference,a5642f6f943e5d53a765e817331730ad0c5bfcde2d209c2247b6e45161d03f78
2024-10-13,Sengulam,0.3236,4.9678,0.3821,38,20,,,4,,3,official_observed_reference,a5642f6f943e5d53a765e817331730ad0c5bfcde2d209c2247b6e45161d03f78
2024-10-13,Kakkad,0.2984,6.3574,0.489,35.04,18,,,2,,2,official_observed_reference,a5642f6f943e5d53a765e817331730ad0c5bfcde2d209c2247b6e45161d03f78
2024-10-13,Kallada,0.028,0.4004,0.0308,6.8,18,,,2,,1,official_observed_reference,a5642f6f943e5d53a765e817331730ad0c5bfcde2d209c2247b6e45161d03f78
2024-10-13,Malankara,0.0699,1.1103,0.0854,3.6,1,1,,2,1,2,official_observed_reference,a5642f6f943e5d53a765e817331730ad0c5bfcde2d209c2247b6e45161d03f78
2024-10-13,Maniyar,0.0624,0.9007,0.0693,,,,,3,1,2,official_observed_reference,a5642f6f943e5d53a765e817331730ad0c5bfcde2d209c2247b6e45161d03f78
2024-10-13,Kuthungal,0.1115,1.3019,0.1001,7.2,8,,,3,1,1,official_observed_reference,a5642f6f943e5d53a765e817331730ad0c5bfcde2d209c2247b6e45161d03f78
2024-10-14,Idukki,2.833,64.781,4.6272,442,18,,1,5,1,5,official_observed_reference,34ca9fede6696fc89365b0e65883a6e67eb57c19e43ac4236a1bb5316653d5fc
2024-10-14,Sabarigiri,2.5792,44.4128,3.1723,271.4,21,1,,5,2,5,official_observed_reference,34ca9fede6696fc89365b0e65883a6e67eb57c19e43ac4236a1bb5316653d5fc
2024-10-14,Idamalayar,0.4312,10.175,0.7268,68.4,18,,,2,,2,official_observed_reference,34ca9fede6696fc89365b0e65883a6e67eb57c19e43ac4236a1bb5316653d5fc
2024-10-14,Sholayar,0.4852,8.6464,0.6176,36.4,18,1,,2,2,2,official_observed_reference,34ca9fede6696fc89365b0e65883a6e67eb57c19e43ac4236a1bb5316653d5fc
2024-10-14,Pallivasal,0.4876,6.7551,0.4825,20.6,7,,2,4,4,4,official_observed_reference,34ca9fede6696fc89365b0e65883a6e67eb57c19e43ac4236a1bb5316653d5fc
2024-10-14,Kuttiadi,2.042,27.617,1.9726,100,7,4,,2,2,2,official_observed_reference,34ca9fede6696fc89365b0e65883a6e67eb57c19e43ac4236a1bb5316653d5fc
2024-10-14,Panniar,0.1476,8.707,0.6219,16.4,15,,,2,,1,official_observed_reference,34ca9fede6696fc89365b0e65883a6e67eb57c19e43ac4236a1bb5316653d5fc
2024-10-14,Neriamangalam,0.5543,14.7133,1.051,76,20,,,4,1,4,official_observed_reference,34ca9fede6696fc89365b0e65883a6e67eb57c19e43ac4236a1bb5316653d5fc
2024-10-14,Lower Periyar,1.467,26.23,1.8736,154,18,,,3,1,3,official_observed_reference,34ca9fede6696fc89365b0e65883a6e67eb57c19e43ac4236a1bb5316653d5fc
2024-10-14,"Poringalkuthu, PLBE",0.9019,7.2537,0.5181,37.76,,,1,5,5,5,official_observed_reference,34ca9fede6696fc89365b0e65883a6e67eb57c19e43ac4236a1bb5316653d5fc
2024-10-14,Sengulam,0.3558,5.3236,0.3803,37.4,21,,,4,,3,official_observed_reference,34ca9fede6696fc89365b0e65883a6e67eb57c19e43ac4236a1bb5316653d5fc
2024-10-14,Kakkad,0.4016,6.7589,0.4828,35.58,22,,,2,,2,official_observed_reference,34ca9fede6696fc89365b0e65883a6e67eb57c19e43ac4236a1bb5316653d5fc
2024-10-14,Kallada,0.0282,0.4286,0.0306,6.8,18,,,2,,1,official_observed_reference,34ca9fede6696fc89365b0e65883a6e67eb57c19e43ac4236a1bb5316653d5fc
2024-10-14,Malankara,0.0654,1.1757,0.084,3.6,1,1,,2,1,1,official_observed_reference,34ca9fede6696fc89365b0e65883a6e67eb57c19e43ac4236a1bb5316653d5fc
2024-10-14,Maniyar,0.0639,0.9646,0.0689,,,,,3,1,3,official_observed_reference,34ca9fede6696fc89365b0e65883a6e67eb57c19e43ac4236a1bb5316653d5fc
2024-10-14,Kuthungal,0.1968,1.4987,0.1071,19.2,22,,,3,1,3,official_observed_reference,34ca9fede6696fc89365b0e65883a6e67eb57c19e43ac4236a1bb5316653d5fc
2024-10-15,Idukki,3.561,68.342,4.5561,582,18,,1,5,1,5,official_observed_reference,6699bf96d1ef9fb3c9f7decb8fd253642939756c0b80551f20f65185663b9779
2024-10-15,Sabarigiri,1.9373,46.3501,3.09,272,18,1,,5,1,5,official_observed_reference,6699bf96d1ef9fb3c9f7decb8fd253642939756c0b80551f20f65185663b9779
2024-10-15,Idamalayar,0.4237,10.5987,0.7066,69.2,18,,,2,,2,official_observed_reference,6699bf96d1ef9fb3c9f7decb8fd253642939756c0b80551f20f65185663b9779
2024-10-15,Sholayar,0.7383,9.3847,0.6256,36.4,6,1,,2,2,2,official_observed_reference,6699bf96d1ef9fb3c9f7decb8fd253642939756c0b80551f20f65185663b9779
2024-10-15,Pallivasal,0.4875,7.2426,0.4828,20.4,,,2,4,4,4,official_observed_reference,6699bf96d1ef9fb3c9f7decb8fd253642939756c0b80551f20f65185663b9779
2024-10-15,Kuttiadi,1.574,29.191,1.9461,102,22,4,,2,2,2,official_observed_reference,6699bf96d1ef9fb3c9f7decb8fd253642939756c0b80551f20f65185663b9779
2024-10-15,Panniar,0.26,8.967,0.5978,32.4,17,,,2,,2,official_observed_reference,6699bf96d1ef9fb3c9f7decb8fd253642939756c0b80551f20f65185663b9779
2024-10-15,Neriamangalam,1.1565,15.8698,1.058,77.4,19,,,4,4,4,official_observed_reference,6699bf96d1ef9fb3c9f7decb8fd253642939756c0b80551f20f65185663b9779
2024-10-15,Lower Periyar,2.075,28.305,1.887,164,1,,,3,2,3,official_observed_reference,6699bf96d1ef9fb3c9f7decb8fd253642939756c0b80551f20f65185663b9779
2024-10-15,"Poringalkuthu, PLBE",0.9418,8.1954,0.5464,53.66,19,,1,5,5,5,official_observed_reference,6699bf96d1ef9fb3c9f7decb8fd253642939756c0b80551f20f65185663b9779
2024-10-15,Sengulam,0.4412,5.7648,0.3843,49.6,18,,,4,,4,official_observed_reference,6699bf96d1ef9fb3c9f7decb8fd253642939756c0b80551f20f65185663b9779
2024-10-15,Kakkad,0.2829,7.0418,0.4695,35.96,17,,,2,,2,official_observed_reference,6699bf96d1ef9fb3c9f7decb8fd253642939756c0b80551f20f65185663b9779
2024-10-15,Kallada,0.0292,0.4578,0.0305,6.8,18,,,2,,1,official_observed_reference,6699bf96d1ef9fb3c9f7decb8fd253642939756c0b80551f20f65185663b9779
2024-10-15,Malankara,0.0543,1.23,0.082,3.6,13,1,,2,2,2,official_observed_reference,6699bf96d1ef9fb3c9f7decb8fd253642939756c0b80551f20f65185663b9779
2024-10-15,Maniyar,0.0608,1.0254,0.0684,,,,,3,,2,official_observed_reference,6699bf96d1ef9fb3c9f7decb8fd253642939756c0b80551f20f65185663b9779
2024-10-15,Kuthungal,0.283,1.7817,0.1188,19,,,,3,3,2,official_observed_reference,6699bf96d1ef9fb3c9f7decb8fd253642939756c0b80551f20f65185663b9779
2024-10-16,Idukki,3.666,72.008,4.5005,598,18,,1,5,1,5,official_observed_reference,a0cb546a423956cb0246b80cab5fb1f7011dacd4e9d888c10ae692b3022bde7e
2024-10-16,Sabarigiri,2.3516,48.7017,3.0439,270.6,21,1,,5,1,5,official_observed_reference,a0cb546a423956cb0246b80cab5fb1f7011dacd4e9d888c10ae692b3022bde7e
2024-10-16,Idamalayar,0.4633,11.062,0.6914,69.2,21,,,2,,2,official_observed_reference,a0cb546a423956cb0246b80cab5fb1f7011dacd4e9d888c10ae692b3022bde7e
2024-10-16,Sholayar,0.7608,10.1455,0.6341,36.4,9,1,,2,2,2,official_observed_reference,a0cb546a423956cb0246b80cab5fb1f7011dacd4e9d888c10ae692b3022bde7e
2024-10-16,Pallivasal,0.4871,7.7297,0.4831,20.4,2,,2,4,4,4,official_observed_reference,a0cb546a423956cb0246b80cab5fb1f7011dacd4e9d888c10ae692b3022bde7e
2024-10-16,Kuttiadi,1.627,30.818,1.9261,102,23,4,,2,2,2,official_observed_reference,a0cb546a423956cb0246b80cab5fb1f7011dacd4e9d888c10ae692b3022bde7e
2024-10-16,Panniar,0.6172,9.5842,0.599,32.4,,,,2,2,2,official_observed_reference,a0cb546a423956cb0246b80cab5fb1f7011dacd4e9d888c10ae692b3022bde7e
2024-10-16,Neriamangalam,1.4345,17.3043,1.0815,76.6,20,,,4,4,4,official_observed_reference,a0cb546a423956cb0246b80cab5fb1f7011dacd4e9d888c10ae692b3022bde7e
2024-10-16,Lower Periyar,2.21,30.515,1.9072,160,20,,,3,2,3,official_observed_reference,a0cb546a423956cb0246b80cab5fb1f7011dacd4e9d888c10ae692b3022bde7e
2024-10-16,"Poringalkuthu, PLBE",1.0573,9.2527,0.5783,53.78,11,,1,5,5,5,official_observed_reference,a0cb546a423956cb0246b80cab5fb1f7011dacd4e9d888c10ae692b3022bde7e
2024-10-16,Sengulam,0.312,6.0768,0.3798,49.8,18,,,4,1,4,official_observed_reference,a0cb546a423956cb0246b80cab5fb1f7011dacd4e9d888c10ae692b3022bde7e
2024-10-16,Kakkad,0.3528,7.3946,0.4622,35.76,21,,,2,,2,official_observed_reference,a0cb546a423956cb0246b80cab5fb1f7011dacd4e9d888c10ae692b3022bde7e
2024-10-16,Kallada,0.029,0.4868,0.0304,6.8,18,,,2,,1,official_observed_reference,a0cb546a423956cb0246b80cab5fb1f7011dacd4e9d888c10ae692b3022bde7e
2024-10-16,Malankara,0.0399,1.2699,0.0794,2.4,12,1,,2,1,2,official_observed_reference,a0cb546a423956cb0246b80cab5fb1f7011dacd4e9d888c10ae692b3022bde7e
2024-10-16,Maniyar,0.0636,1.0889,0.0681,,,,,3,,3,official_observed_reference,a0cb546a423956cb0246b80cab5fb1f7011dacd4e9d888c10ae692b3022bde7e
2024-10-16,Kuthungal,0.1671,1.9488,0.1218,8,10,,,3,2,2,official_observed_reference,a0cb546a423956cb0246b80cab5fb1f7011dacd4e9d888c10ae692b3022bde7e
2024-10-17,Idukki,3.956,75.964,4.4685,710,18,,,6,1,6,official_observed_reference,070d9fd7f423f8be4dcf2bd62af48e83c3fa02fbee7646c495af8f50bcd56b1f
2024-10-17,Sabarigiri,2.1767,50.8784,2.9928,271.6,19,1,,5,1,5,official_observed_reference,070d9fd7f423f8be4dcf2bd62af48e83c3fa02fbee7646c495af8f50bcd56b1f
2024-10-17,Idamalayar,0.6275,11.6895,0.6876,69.8,21,,,2,,2,official_observed_reference,070d9fd7f423f8be4dcf2bd62af48e83c3fa02fbee7646c495af8f50bcd56b1f
2024-10-17,Sholayar,0.8689,11.0144,0.6479,36.4,1,1,,2,2,2,official_observed_reference,070d9fd7f423f8be4dcf2bd62af48e83c3fa02fbee7646c495af8f50bcd56b1f
2024-10-17,Pallivasal,0.4874,8.2171,0.4834,20.4,,,2,4,4,4,official_observed_reference,070d9fd7f423f8be4dcf2bd62af48e83c3fa02fbee7646c495af8f50bcd56b1f
2024-10-17,Kuttiadi,1.2159,32.0339,1.8843,145.8,22,2,,4,2,4,official_observed_reference,070d9fd7f423f8be4dcf2bd62af48e83c3fa02fbee7646c495af8f50bcd56b1f
2024-10-17,Panniar,0.7762,10.3604,0.6094,32.4,,,,2,2,2,official_observed_reference,070d9fd7f423f8be4dcf2bd62af48e83c3fa02fbee7646c495af8f50bcd56b1f
2024-10-17,Neriamangalam,1.4598,18.7641,1.1038,76.6,17,,,4,3,4,official_observed_reference,070d9fd7f423f8be4dcf2bd62af48e83c3fa02fbee7646c495af8f50bcd56b1f
2024-10-17,Lower Periyar,2.14,32.655,1.9209,160,21,,,3,2,3,official_observed_reference,070d9fd7f423f8be4dcf2bd62af48e83c3fa02fbee7646c495af8f50bcd56b1f
2024-10-17,"Poringalkuthu, PLBE",1.2763,10.529,0.6194,53.7,5,,,6,5,6,official_observed_reference,070d9fd7f423f8be4dcf2bd62af48e83c3fa02fbee7646c495af8f50bcd56b1f
2024-10-17,Sengulam,0.3796,6.4564,0.3798,50,18,,,4,,4,official_observed_reference,070d9fd7f423f8be4dcf2bd62af48e83c3fa02fbee7646c495af8f50bcd56b1f
2024-10-17,Kakkad,0.3518,7.7464,0.4557,34.96,22,,,2,,2,official_observed_reference,070d9fd7f423f8be4dcf2bd62af48e83c3fa02fbee7646c495af8f50bcd56b1f
2024-10-17,Kallada,0.03,0.5168,0.0304,6.8,18,,,2,,1,official_observed_reference,070d9fd7f423f8be4dcf2bd62af48e83c3fa02fbee7646c495af8f50bcd56b1f
2024-10-17,Malankara,0.0585,1.3284,0.0781,3,4,1,,2,2,2,official_observed_reference,070d9fd7f423f8be4dcf2bd62af48e83c3fa02fbee7646c495af8f50bcd56b1f
2024-10-17,Maniyar,0.0565,1.1455,0.0674,,,,,3,,1,official_observed_reference,070d9fd7f423f8be4dcf2bd62af48e83c3fa02fbee7646c495af8f50bcd56b1f
2024-10-17,Kuthungal,0.1481,2.0969,0.1233,7.4,16,,,3,2,2,official_observed_reference,070d9fd7f423f8be4dcf2bd62af48e83c3fa02fbee7646c495af8f50bcd56b1f
2024-10-18,Idukki,3.994,79.958,4.4421,618,18,1,,5,2,5,official_observed_reference,6f9c044ccb9a923cfc931be323d0a4492c2fade80c4fe3f8dbea5aadc37c3879
2024-10-18,Sabarigiri,2.3454,53.2238,2.9569,275.4,20,1,,5,1,5,official_observed_reference,6f9c044ccb9a923cfc931be323d0a4492c2fade80c4fe3f8dbea5aadc37c3879
2024-10-18,Idamalayar,0.7556,12.4451,0.6914,68.8,16,,,2,,2,official_observed_reference,6f9c044ccb9a923cfc931be323d0a4492c2fade80c4fe3f8dbea5aadc37c3879
2024-10-18,Sholayar,0.8576,11.872,0.6596,36.4,9,1,,2,2,2,official_observed_reference,6f9c044ccb9a923cfc931be323d0a4492c2fade80c4fe3f8dbea5aadc37c3879
2024-10-18,Pallivasal,0.4873,8.7044,0.4836,20.6,7,,2,4,4,4,official_observed_reference,6f9c044ccb9a923cfc931be323d0a4492c2fade80c4fe3f8dbea5aadc37c3879
2024-10-18,Kuttiadi,1.6112,33.6451,1.8692,149,18,2,,4,2,4,official_observed_reference,6f9c044ccb9a923cfc931be323d0a4492c2fade80c4fe3f8dbea5aadc37c3879
2024-10-18,Panniar,0.6979,11.0583,0.6144,32.4,,,,2,2,2,official_observed_reference,6f9c044ccb9a923cfc931be323d0a4492c2fade80c4fe3f8dbea5aadc37c3879
2024-10-18,Neriamangalam,1.1198,19.8839,1.1047,72.6,21,,,4,4,4,official_observed_reference,6f9c044ccb9a923cfc931be323d0a4492c2fade80c4fe3f8dbea5aadc37c3879
2024-10-18,Lower Periyar,1.817,34.472,1.9151,162,17,,,3,2,3,official_observed_reference,6f9c044ccb9a923cfc931be323d0a4492c2fade80c4fe3f8dbea5aadc37c3879
2024-10-18,"Poringalkuthu, PLBE",1.273,11.802,0.6557,53.22,2,,,6,6,6,official_observed_reference,6f9c044ccb9a923cfc931be323d0a4492c2fade80c4fe3f8dbea5aadc37c3879
2024-10-18,Sengulam,0.3894,6.8458,0.3803,50.2,21,,,4,1,4,official_observed_reference,6f9c044ccb9a923cfc931be323d0a4492c2fade80c4fe3f8dbea5aadc37c3879
2024-10-18,Kakkad,0.306,8.0524,0.4474,36.14,21,,,2,,2,official_observed_reference,6f9c044ccb9a923cfc931be323d0a4492c2fade80c4fe3f8dbea5aadc37c3879
2024-10-18,Kallada,0.0294,0.5462,0.0303,6.8,18,,,2,,1,official_observed_reference,6f9c044ccb9a923cfc931be323d0a4492c2fade80c4fe3f8dbea5aadc37c3879
2024-10-18,Malankara,0.0702,1.3986,0.0777,3.6,6,1,,2,,2,official_observed_reference,6f9c044ccb9a923cfc931be323d0a4492c2fade80c4fe3f8dbea5aadc37c3879
2024-10-18,Maniyar,0.0656,1.2111,0.0673,,,,,3,1,2,official_observed_reference,6f9c044ccb9a923cfc931be323d0a4492c2fade80c4fe3f8dbea5aadc37c3879
2024-10-18,Kuthungal,0.1258,2.2227,0.1235,7,12,,,3,1,1,official_observed_reference,6f9c044ccb9a923cfc931be323d0a4492c2fade80c4fe3f8dbea5aadc37c3879
2024-10-19,Idukki,3.684,83.642,4.4022,512,18,1,,5,1,5,official_observed_reference,3d31b94516e77b69f51e777e006827b7d904eb768da01b0292bf5557decf244c
2024-10-19,Sabarigiri,2.9631,56.1869,2.9572,266.2,18,1,,5,2,5,official_observed_reference,3d31b94516e77b69f51e777e006827b7d904eb768da01b0292bf5557decf244c
2024-10-19,Idamalayar,0.4939,12.939,0.681,68.8,19,,,2,,2,official_observed_reference,3d31b94516e77b69f51e777e006827b7d904eb768da01b0292bf5557decf244c
2024-10-19,Sholayar,0.8687,12.7407,0.6706,36.4,3,1,,2,2,2,official_observed_reference,3d31b94516e77b69f51e777e006827b7d904eb768da01b0292bf5557decf244c
2024-10-19,Pallivasal,0.4677,9.1721,0.4827,20.4,,,2,4,4,4,official_observed_reference,3d31b94516e77b69f51e777e006827b7d904eb768da01b0292bf5557decf244c
2024-10-19,Kuttiadi,2.3573,36.0024,1.8949,148.6,23,2,,4,2,4,official_observed_reference,3d31b94516e77b69f51e777e006827b7d904eb768da01b0292bf5557decf244c
2024-10-19,Panniar,0.6754,11.7337,0.6176,32.4,,,,2,2,2,official_observed_reference,3d31b94516e77b69f51e777e006827b7d904eb768da01b0292bf5557decf244c
2024-10-19,Neriamangalam,1.4045,21.2884,1.1204,76.4,22,,,4,4,4,official_observed_reference,3d31b94516e77b69f51e777e006827b7d904eb768da01b0292bf5557decf244c
2024-10-19,Lower Periyar,2.267,36.739,1.9336,160,19,,,3,2,3,official_observed_reference,3d31b94516e77b69f51e777e006827b7d904eb768da01b0292bf5557decf244c
2024-10-19,"Poringalkuthu, PLBE",1.268,13.07,0.6879,53.3,11,,,6,6,6,official_observed_reference,3d31b94516e77b69f51e777e006827b7d904eb768da01b0292bf5557decf244c
2024-10-19,Sengulam,0.3572,7.203,0.3791,50.2,18,,,4,1,4,official_observed_reference,3d31b94516e77b69f51e777e006827b7d904eb768da01b0292bf5557decf244c
2024-10-19,Kakkad,0.4753,8.5277,0.4488,37.14,23,,,2,1,2,official_observed_reference,3d31b94516e77b69f51e777e006827b7d904eb768da01b0292bf5557decf244c
2024-10-19,Kallada,0.0293,0.5755,0.0303,6.8,18,,,2,,2,official_observed_reference,3d31b94516e77b69f51e777e006827b7d904eb768da01b0292bf5557decf244c
2024-10-19,Malankara,0.0753,1.4739,0.0776,3.6,,1,,2,2,2,official_observed_reference,3d31b94516e77b69f51e777e006827b7d904eb768da01b0292bf5557decf244c
2024-10-19,Maniyar,0.0727,1.2838,0.0676,,,,,3,1,3,official_observed_reference,3d31b94516e77b69f51e777e006827b7d904eb768da01b0292bf5557decf244c
2024-10-19,Kuthungal,0.1149,2.3376,0.123,5.8,22,,,3,1,1,official_observed_reference,3d31b94516e77b69f51e777e006827b7d904eb768da01b0292bf5557decf244c
2024-10-20,Idukki,4.242,87.884,4.3942,602,19,1,,5,1,5,official_observed_reference,5fdd6a2603e8b669d76374dc039a0691c35a30db48824a59a77853aa4fc8e1de
2024-10-20,Sabarigiri,2.027,58.2139,2.9107,215,22,1,,5,2,3,official_observed_reference,5fdd6a2603e8b669d76374dc039a0691c35a30db48824a59a77853aa4fc8e1de
2024-10-20,Idamalayar,0.8118,13.7508,0.6875,69.8,5,,,2,1,2,official_observed_reference,5fdd6a2603e8b669d76374dc039a0691c35a30db48824a59a77853aa4fc8e1de
2024-10-20,Sholayar,1.2005,13.9412,0.6971,54.4,2,1,,2,2,2,official_observed_reference,5fdd6a2603e8b669d76374dc039a0691c35a30db48824a59a77853aa4fc8e1de
2024-10-20,Pallivasal,0.4857,9.6578,0.4829,20.4,5,,2,4,4,4,official_observed_reference,5fdd6a2603e8b669d76374dc039a0691c35a30db48824a59a77853aa4fc8e1de
2024-10-20,Kuttiadi,1.7439,37.7463,1.8873,147,17,2,,4,2,4,official_observed_reference,5fdd6a2603e8b669d76374dc039a0691c35a30db48824a59a77853aa4fc8e1de
2024-10-20,Panniar,0.5208,12.2545,0.6127,32.4,18,,,2,2,2,official_observed_reference,5fdd6a2603e8b669d76374dc039a0691c35a30db48824a59a77853aa4fc8e1de
2024-10-20,Neriamangalam,1.3484,22.6368,1.1318,72.6,7,,,4,4,4,official_observed_reference,5fdd6a2603e8b669d76374dc039a0691c35a30db48824a59a77853aa4fc8e1de
2024-10-20,Lower Periyar,2.03,38.769,1.9385,162,21,,,3,2,3,official_observed_reference,5fdd6a2603e8b669d76374dc039a0691c35a30db48824a59a77853aa4fc8e1de
2024-10-20,"Poringalkuthu, PLBE",1.2642,14.3342,0.7167,52.8,4,,,6,6,6,official_observed_reference,5fdd6a2603e8b669d76374dc039a0691c35a30db48824a59a77853aa4fc8e1de
2024-10-20,Sengulam,0.3019,7.5049,0.3752,50.2,19,,,4,,4,official_observed_reference,5fdd6a2603e8b669d76374dc039a0691c35a30db48824a59a77853aa4fc8e1de
2024-10-20,Kakkad,0.4321,8.9598,0.448,37.3,,,,2,1,1,official_observed_reference,5fdd6a2603e8b669d76374dc039a0691c35a30db48824a59a77853aa4fc8e1de
2024-10-20,Kallada,0.0299,0.6054,0.0303,6.8,18,,,2,,1,official_observed_reference,5fdd6a2603e8b669d76374dc039a0691c35a30db48824a59a77853aa4fc8e1de
2024-10-20,Malankara,0.0843,1.5582,0.0779,4.2,6,1,,2,2,2,official_observed_reference,5fdd6a2603e8b669d76374dc039a0691c35a30db48824a59a77853aa4fc8e1de
2024-10-20,Maniyar,0.1011,1.3848,0.0692,,,,,3,3,3,official_observed_reference,5fdd6a2603e8b669d76374dc039a0691c35a30db48824a59a77853aa4fc8e1de
2024-10-20,Kuthungal,0.146,2.4836,0.1242,10,23,,,3,1,1,official_observed_reference,5fdd6a2603e8b669d76374dc039a0691c35a30db48824a59a77853aa4fc8e1de
2024-10-21,Idukki,4.015,91.899,4.3761,610,18,1,,5,1,5,official_observed_reference,d6fe387b6882ba5164442a0b806b41215c4b84c3bb5aa5cf13236f7d36924090
2024-10-21,Sabarigiri,2.1012,60.3151,2.8721,269.4,21,1,,5,,5,official_observed_reference,d6fe387b6882ba5164442a0b806b41215c4b84c3bb5aa5cf13236f7d36924090
2024-10-21,Idamalayar,0.5457,14.2965,0.6808,69,17,,,2,,2,official_observed_reference,d6fe387b6882ba5164442a0b806b41215c4b84c3bb5aa5cf13236f7d36924090
2024-10-21,Sholayar,1.3031,15.2443,0.7259,54.6,18,,,3,3,3,official_observed_reference,d6fe387b6882ba5164442a0b806b41215c4b84c3bb5aa5cf13236f7d36924090
2024-10-21,Pallivasal,0.4856,10.1434,0.483,20.4,,,2,4,4,4,official_observed_reference,d6fe387b6882ba5164442a0b806b41215c4b84c3bb5aa5cf13236f7d36924090
2024-10-21,Kuttiadi,1.8855,39.6318,1.8872,147,20,2,,4,2,4,official_observed_reference,d6fe387b6882ba5164442a0b806b41215c4b84c3bb5aa5cf13236f7d36924090
2024-10-21,Panniar,0.4889,12.7434,0.6068,32.2,,,,2,1,2,official_observed_reference,d6fe387b6882ba5164442a0b806b41215c4b84c3bb5aa5cf13236f7d36924090
2024-10-21,Neriamangalam,1.7485,24.3853,1.1612,76.2,14,,,4,4,4,official_observed_reference,d6fe387b6882ba5164442a0b806b41215c4b84c3bb5aa5cf13236f7d36924090
2024-10-21,Lower Periyar,2.847,41.616,1.9817,160,,,,3,2,3,official_observed_reference,d6fe387b6882ba5164442a0b806b41215c4b84c3bb5aa5cf13236f7d36924090
2024-10-21,"Poringalkuthu, PLBE",1.2647,15.5989,0.7428,52.86,6,,,6,5,6,official_observed_reference,d6fe387b6882ba5164442a0b806b41215c4b84c3bb5aa5cf13236f7d36924090
2024-10-21,Sengulam,0.5088,8.0137,0.3816,50.2,18,,,4,1,4,official_observed_reference,d6fe387b6882ba5164442a0b806b41215c4b84c3bb5aa5cf13236f7d36924090
2024-10-21,Kakkad,0.5557,9.5155,0.4531,36.46,23,,,2,1,2,official_observed_reference,d6fe387b6882ba5164442a0b806b41215c4b84c3bb5aa5cf13236f7d36924090
2024-10-21,Kallada,0.0298,0.6352,0.0302,6.8,18,,,2,,1,official_observed_reference,d6fe387b6882ba5164442a0b806b41215c4b84c3bb5aa5cf13236f7d36924090
2024-10-21,Malankara,0.087,1.6452,0.0783,4.2,2,1,,2,2,2,official_observed_reference,d6fe387b6882ba5164442a0b806b41215c4b84c3bb5aa5cf13236f7d36924090
2024-10-21,Maniyar,0.126,1.5109,0.0719,,,,,3,3,2,official_observed_reference,d6fe387b6882ba5164442a0b806b41215c4b84c3bb5aa5cf13236f7d36924090
2024-10-21,Kuthungal,0.4113,2.8949,0.1379,19.6,7,,,3,2,3,official_observed_reference,d6fe387b6882ba5164442a0b806b41215c4b84c3bb5aa5cf13236f7d36924090
2024-10-22,Idukki,4.003,95.902,4.3592,588,22,1,,5,1,5,official_observed_reference,4063fe91a9c13b65a9d98c900a29c9317bbbfaf5cb159aca1761dc4a3f7e86bd
2024-10-22,Sabarigiri,2.437,62.7521,2.8524,270.4,21,1,,5,1,5,official_observed_reference,4063fe91a9c13b65a9d98c900a29c9317bbbfaf5cb159aca1761dc4a3f7e86bd
2024-10-22,Idamalayar,0.7767,15.0732,0.6851,68.6,22,,,2,1,2,official_observed_reference,4063fe91a9c13b65a9d98c900a29c9317bbbfaf5cb159aca1761dc4a3f7e86bd
2024-10-22,Sholayar,1.3029,16.5472,0.7521,54.6,13,,,3,3,3,official_observed_reference,4063fe91a9c13b65a9d98c900a29c9317bbbfaf5cb159aca1761dc4a3f7e86bd
2024-10-22,Pallivasal,0.4633,10.6067,0.4821,20.6,23,,2,4,4,4,official_observed_reference,4063fe91a9c13b65a9d98c900a29c9317bbbfaf5cb159aca1761dc4a3f7e86bd
2024-10-22,Kuttiadi,1.9828,41.6146,1.8916,149,22,2,,4,2,4,official_observed_reference,4063fe91a9c13b65a9d98c900a29c9317bbbfaf5cb159aca1761dc4a3f7e86bd
2024-10-22,Panniar,0.6277,13.3711,0.6078,32.4,18,,,2,2,2,official_observed_reference,4063fe91a9c13b65a9d98c900a29c9317bbbfaf5cb159aca1761dc4a3f7e86bd
2024-10-22,Neriamangalam,1.7027,26.088,1.1858,75,8,,,4,4,4,official_observed_reference,4063fe91a9c13b65a9d98c900a29c9317bbbfaf5cb159aca1761dc4a3f7e86bd
2024-10-22,Lower Periyar,2.499,44.115,2.0052,164,17,,,3,3,3,official_observed_reference,4063fe91a9c13b65a9d98c900a29c9317bbbfaf5cb159aca1761dc4a3f7e86bd
2024-10-22,"Poringalkuthu, PLBE",1.2639,16.8628,0.7665,52.84,23,,,6,5,6,official_observed_reference,4063fe91a9c13b65a9d98c900a29c9317bbbfaf5cb159aca1761dc4a3f7e86bd
2024-10-22,Sengulam,0.4013,8.415,0.3825,50.4,21,,,4,1,4,official_observed_reference,4063fe91a9c13b65a9d98c900a29c9317bbbfaf5cb159aca1761dc4a3f7e86bd
2024-10-22,Kakkad,0.4585,9.974,0.4534,36.3,23,,,2,,2,official_observed_reference,4063fe91a9c13b65a9d98c900a29c9317bbbfaf5cb159aca1761dc4a3f7e86bd
2024-10-22,Kallada,0.0304,0.6656,0.0303,7,19,,,2,,1,official_observed_reference,4063fe91a9c13b65a9d98c900a29c9317bbbfaf5cb159aca1761dc4a3f7e86bd
2024-10-22,Malankara,0.0879,1.7331,0.0788,4.2,,1,,2,2,2,official_observed_reference,4063fe91a9c13b65a9d98c900a29c9317bbbfaf5cb159aca1761dc4a3f7e86bd
2024-10-22,Maniyar,0.1252,1.636,0.0744,,,,,3,1,3,official_observed_reference,4063fe91a9c13b65a9d98c900a29c9317bbbfaf5cb159aca1761dc4a3f7e86bd
2024-10-22,Kuthungal,0.3538,3.2487,0.1477,19,13,,,3,2,3,official_observed_reference,4063fe91a9c13b65a9d98c900a29c9317bbbfaf5cb159aca1761dc4a3f7e86bd
2024-10-23,Idukki,2.775,98.677,4.2903,408,17,1,,5,1,5,official_observed_reference,e8bb5869485e3df1767792342968741efe3e21568837bae4afefd7d3bbedd6a1
2024-10-23,Sabarigiri,2.4872,65.2393,2.8365,265.8,20,1,,5,1,5,official_observed_reference,e8bb5869485e3df1767792342968741efe3e21568837bae4afefd7d3bbedd6a1
2024-10-23,Idamalayar,0.6237,15.6969,0.6825,68.6,,,,2,,2,official_observed_reference,e8bb5869485e3df1767792342968741efe3e21568837bae4afefd7d3bbedd6a1
2024-10-23,Sholayar,1.3031,17.8503,0.7761,54.4,,,,3,3,3,official_observed_reference,e8bb5869485e3df1767792342968741efe3e21568837bae4afefd7d3bbedd6a1
2024-10-23,Pallivasal,0.4635,11.0702,0.4813,20.6,14,,2,4,4,4,official_observed_reference,e8bb5869485e3df1767792342968741efe3e21568837bae4afefd7d3bbedd6a1
2024-10-23,Kuttiadi,2.0606,43.6752,1.8989,148.8,22,2,,4,1,4,official_observed_reference,e8bb5869485e3df1767792342968741efe3e21568837bae4afefd7d3bbedd6a1
2024-10-23,Panniar,0.7761,14.1472,0.6151,32.4,,,,2,2,2,official_observed_reference,e8bb5869485e3df1767792342968741efe3e21568837bae4afefd7d3bbedd6a1
2024-10-23,Neriamangalam,1.6197,27.7077,1.2047,75.2,2,,,4,4,4,official_observed_reference,e8bb5869485e3df1767792342968741efe3e21568837bae4afefd7d3bbedd6a1
2024-10-23,Lower Periyar,2.624,46.739,2.0321,158,,,,3,1,3,official_observed_reference,e8bb5869485e3df1767792342968741efe3e21568837bae4afefd7d3bbedd6a1
2024-10-23,"Poringalkuthu, PLBE",1.1765,18.0393,0.7843,53.72,22,,,6,5,6,official_observed_reference,e8bb5869485e3df1767792342968741efe3e21568837bae4afefd7d3bbedd6a1
2024-10-23,Sengulam,0.317,8.732,0.3797,50.2,21,,,4,1,4,official_observed_reference,e8bb5869485e3df1767792342968741efe3e21568837bae4afefd7d3bbedd6a1
2024-10-23,Kakkad,0.5252,10.4992,0.4565,36.18,,,,2,,2,official_observed_reference,e8bb5869485e3df1767792342968741efe3e21568837bae4afefd7d3bbedd6a1
2024-10-23,Kallada,0.0299,0.6955,0.0302,7,18,,,2,,2,official_observed_reference,e8bb5869485e3df1767792342968741efe3e21568837bae4afefd7d3bbedd6a1
2024-10-23,Malankara,0.0859,1.819,0.0791,4.2,5,1,,2,2,2,official_observed_reference,e8bb5869485e3df1767792342968741efe3e21568837bae4afefd7d3bbedd6a1
2024-10-23,Maniyar,0.1505,1.7865,0.0777,,,,,3,2,3,official_observed_reference,e8bb5869485e3df1767792342968741efe3e21568837bae4afefd7d3bbedd6a1
2024-10-23,Kuthungal,0.2828,3.5315,0.1535,20,19,,,3,2,3,official_observed_reference,e8bb5869485e3df1767792342968741efe3e21568837bae4afefd7d3bbedd6a1
2024-10-24,Idukki,4.161,102.838,4.2849,576,19,1,,5,1,5,official_observed_reference,14906ba1b07b1cfb2f2a13a3448846608a7ccdc750d5353ba006612ee43587e3
2024-10-24,Sabarigiri,2.4076,67.6469,2.8186,271.6,18,1,,5,1,5,official_observed_reference,14906ba1b07b1cfb2f2a13a3448846608a7ccdc750d5353ba006612ee43587e3
2024-10-24,Idamalayar,0.5657,16.2626,0.6776,68,17,,,2,,2,official_observed_reference,14906ba1b07b1cfb2f2a13a3448846608a7ccdc750d5353ba006612ee43587e3
2024-10-24,Sholayar,1.2384,19.0887,0.7954,54.6,,,,3,3,3,official_observed_reference,14906ba1b07b1cfb2f2a13a3448846608a7ccdc750d5353ba006612ee43587e3
2024-10-24,Pallivasal,0.4777,11.5479,0.4812,20.6,6,,2,4,4,4,official_observed_reference,14906ba1b07b1cfb2f2a13a3448846608a7ccdc750d5353ba006612ee43587e3
2024-10-24,Kuttiadi,1.7788,45.454,1.8939,147.4,20,2,,4,1,4,official_observed_reference,14906ba1b07b1cfb2f2a13a3448846608a7ccdc750d5353ba006612ee43587e3
2024-10-24,Panniar,0.7762,14.9234,0.6218,32.4,,,,2,2,2,official_observed_reference,14906ba1b07b1cfb2f2a13a3448846608a7ccdc750d5353ba006612ee43587e3
2024-10-24,Neriamangalam,1.7712,29.4789,1.2283,76.4,7,,,4,4,4,official_observed_reference,14906ba1b07b1cfb2f2a13a3448846608a7ccdc750d5353ba006612ee43587e3
2024-10-24,Lower Periyar,2.723,49.462,2.0609,156,,,,3,1,3,official_observed_reference,14906ba1b07b1cfb2f2a13a3448846608a7ccdc750d5353ba006612ee43587e3
2024-10-24,"Poringalkuthu, PLBE",1.2852,19.3245,0.8052,54.06,23,,,6,6,6,official_observed_reference,14906ba1b07b1cfb2f2a13a3448846608a7ccdc750d5353ba006612ee43587e3
2024-10-24,Sengulam,0.3355,9.0675,0.3778,33.8,19,,,4,,3,official_observed_reference,14906ba1b07b1cfb2f2a13a3448846608a7ccdc750d5353ba006612ee43587e3
2024-10-24,Kakkad,0.4396,10.9388,0.4558,35.78,14,,,2,1,2,official_observed_reference,14906ba1b07b1cfb2f2a13a3448846608a7ccdc750d5353ba006612ee43587e3
2024-10-24,Kallada,0.0308,0.7263,0.0303,7,18,,,2,,1,official_observed_reference,14906ba1b07b1cfb2f2a13a3448846608a7ccdc750d5353ba006612ee43587e3
2024-10-24,Malankara,0.0872,1.9061,0.0794,3.75,,1,,2,2,2,official_observed_reference,14906ba1b07b1cfb2f2a13a3448846608a7ccdc750d5353ba006612ee43587e3
2024-10-24,Maniyar,0.1381,1.9246,0.0802,,,,,3,2,3,official_observed_reference,14906ba1b07b1cfb2f2a13a3448846608a7ccdc750d5353ba006612ee43587e3
2024-10-24,Kuthungal,0.3469,3.8784,0.1616,19.2,1,,,3,3,2,official_observed_reference,14906ba1b07b1cfb2f2a13a3448846608a7ccdc750d5353ba006612ee43587e3
2024-10-25,Idukki,3.665,106.503,4.2601,540,18,1,,5,1,5,official_observed_reference,6e3463b219b874c606710af4c715ba8f1cc5338b95a9be1c7247f4eaed3839cc
2024-10-25,Sabarigiri,2.2721,69.919,2.7968,271,20,1,,5,1,5,official_observed_reference,6e3463b219b874c606710af4c715ba8f1cc5338b95a9be1c7247f4eaed3839cc
2024-10-25,Idamalayar,0.5,16.7626,0.6705,69.6,18,,,2,,2,official_observed_reference,6e3463b219b874c606710af4c715ba8f1cc5338b95a9be1c7247f4eaed3839cc
2024-10-25,Sholayar,1.3031,20.3918,0.8157,54.6,8,,,3,3,3,official_observed_reference,6e3463b219b874c606710af4c715ba8f1cc5338b95a9be1c7247f4eaed3839cc
2024-10-25,Pallivasal,0.4899,12.0378,0.4815,20.6,2,,2,4,4,4,official_observed_reference,6e3463b219b874c606710af4c715ba8f1cc5338b95a9be1c7247f4eaed3839cc
2024-10-25,Kuttiadi,2.3646,47.8186,1.9127,145,17,2,,4,2,4,official_observed_reference,6e3463b219b874c606710af4c715ba8f1cc5338b95a9be1c7247f4eaed3839cc
2024-10-25,Panniar,0.6821,15.6055,0.6242,32.4,,,,2,2,2,official_observed_reference,6e3463b219b874c606710af4c715ba8f1cc5338b95a9be1c7247f4eaed3839cc
2024-10-25,Neriamangalam,1.7747,31.2536,1.2501,76,5,,,4,4,4,official_observed_reference,6e3463b219b874c606710af4c715ba8f1cc5338b95a9be1c7247f4eaed3839cc
2024-10-25,Lower Periyar,2.771,52.233,2.0893,162,18,,,3,2,3,official_observed_reference,6e3463b219b874c606710af4c715ba8f1cc5338b95a9be1c7247f4eaed3839cc
2024-10-25,"Poringalkuthu, PLBE",1.2853,20.6099,0.8244,54.04,19,,,6,6,1,official_observed_reference,6e3463b219b874c606710af4c715ba8f1cc5338b95a9be1c7247f4eaed3839cc
2024-10-25,Sengulam,0.4323,9.4998,0.38,37.6,19,,,4,2,3,official_observed_reference,6e3463b219b874c606710af4c715ba8f1cc5338b95a9be1c7247f4eaed3839cc
2024-10-25,Kakkad,0.3592,11.2979,0.4519,36.14,22,,,2,,2,official_observed_reference,6e3463b219b874c606710af4c715ba8f1cc5338b95a9be1c7247f4eaed3839cc
2024-10-25,Kallada,0.0316,0.7579,0.0303,7.2,19,,,2,,1,official_observed_reference,6e3463b219b874c606710af4c715ba8f1cc5338b95a9be1c7247f4eaed3839cc
2024-10-25,Malankara,0.0883,1.9944,0.0798,3.9,1,1,,2,2,2,official_observed_reference,6e3463b219b874c606710af4c715ba8f1cc5338b95a9be1c7247f4eaed3839cc
2024-10-25,Maniyar,0.1023,2.0269,0.0811,,,,,3,1,2,official_observed_reference,6e3463b219b874c606710af4c715ba8f1cc5338b95a9be1c7247f4eaed3839cc
2024-10-25,Kuthungal,0.2371,4.1155,0.1646,14.6,13,,,3,2,2,official_observed_reference,6e3463b219b874c606710af4c715ba8f1cc5338b95a9be1c7247f4eaed3839cc
2024-10-27,Idukki,3.367,112.862,4.1801,520,22,1,,5,1,5,official_observed_reference,d8721d4b0b8443f91096315afdeffe4d5f3604080dc371bd7c75d5da38b0ce96
2024-10-27,Sabarigiri,2.2551,74.0458,2.7424,271.2,22,1,,5,,5,official_observed_reference,d8721d4b0b8443f91096315afdeffe4d5f3604080dc371bd7c75d5da38b0ce96
2024-10-27,Idamalayar,0.5102,17.8144,0.6598,68.4,18,,,2,,2,official_observed_reference,d8721d4b0b8443f91096315afdeffe4d5f3604080dc371bd7c75d5da38b0ce96
2024-10-27,Sholayar,1.3031,22.9977,0.8518,54.6,7,,,3,3,3,official_observed_reference,d8721d4b0b8443f91096315afdeffe4d5f3604080dc371bd7c75d5da38b0ce96
2024-10-27,Pallivasal,0.4895,13.0168,0.4821,20.6,5,,2,4,4,4,official_observed_reference,d8721d4b0b8443f91096315afdeffe4d5f3604080dc371bd7c75d5da38b0ce96
2024-10-27,Kuttiadi,1.4137,51.4788,1.9066,145.8,21,2,,4,1,4,official_observed_reference,d8721d4b0b8443f91096315afdeffe4d5f3604080dc371bd7c75d5da38b0ce96
2024-10-27,Panniar,0.5014,16.6378,0.6162,32.4,,,,2,2,2,official_observed_reference,d8721d4b0b8443f91096315afdeffe4d5f3604080dc371bd7c75d5da38b0ce96
2024-10-27,Neriamangalam,1.301,34.2983,1.2703,74,7,,,4,4,3,official_observed_reference,d8721d4b0b8443f91096315afdeffe4d5f3604080dc371bd7c75d5da38b0ce96
2024-10-27,Lower Periyar,2.449,57.207,2.1188,164,,,,3,2,3,official_observed_reference,d8721d4b0b8443f91096315afdeffe4d5f3604080dc371bd7c75d5da38b0ce96
2024-10-27,"Poringalkuthu, PLBE",1.2803,23.1726,0.8582,53.92,6,,,6,6,6,official_observed_reference,d8721d4b0b8443f91096315afdeffe4d5f3604080dc371bd7c75d5da38b0ce96
2024-10-27,Sengulam,0.378,10.2587,0.38,50.4,20,,,4,1,4,official_observed_reference,d8721d4b0b8443f91096315afdeffe4d5f3604080dc371bd7c75d5da38b0ce96
2024-10-27,Kakkad,0.4322,12.095,0.448,35.98,,,,2,,2,official_observed_reference,d8721d4b0b8443f91096315afdeffe4d5f3604080dc371bd7c75d5da38b0ce96
2024-10-27,Kallada,0.0332,0.8236,0.0305,8.8,17,,,2,,1,official_observed_reference,d8721d4b0b8443f91096315afdeffe4d5f3604080dc371bd7c75d5da38b0ce96
2024-10-27,Malankara,0.0842,2.1659,0.0802,3.9,4,1,,2,2,2,official_observed_reference,d8721d4b0b8443f91096315afdeffe4d5f3604080dc371bd7c75d5da38b0ce96
2024-10-27,Maniyar,0.1005,2.2209,0.0823,,,,,3,1,2,official_observed_reference,d8721d4b0b8443f91096315afdeffe4d5f3604080dc371bd7c75d5da38b0ce96
2024-10-27,Kuthungal,0.2268,4.5649,0.1691,12.4,18,,,3,2,2,official_observed_reference,d8721d4b0b8443f91096315afdeffe4d5f3604080dc371bd7c75d5da38b0ce96
2024-10-28,Idukki,4.348,117.21,4.1861,484,17,1,1,4,1,4,official_observed_reference,dd82288501998fbc6be0f316b089ce9cb8c8114aaf15fe32cd9273a226ae6255
2024-10-28,Sabarigiri,2.2629,76.3087,2.7253,270.2,20,1,,5,5,5,official_observed_reference,dd82288501998fbc6be0f316b089ce9cb8c8114aaf15fe32cd9273a226ae6255
2024-10-28,Idamalayar,0.9518,18.7662,0.6702,68,17,,,2,1,2,official_observed_reference,dd82288501998fbc6be0f316b089ce9cb8c8114aaf15fe32cd9273a226ae6255
2024-10-28,Sholayar,1.3029,24.3006,0.8679,54.6,11,,,3,3,3,official_observed_reference,dd82288501998fbc6be0f316b089ce9cb8c8114aaf15fe32cd9273a226ae6255
2024-10-28,Pallivasal,0.4892,13.506,0.4824,20.6,5,,2,4,4,4,official_observed_reference,dd82288501998fbc6be0f316b089ce9cb8c8114aaf15fe32cd9273a226ae6255
2024-10-28,Kuttiadi,3.3766,54.8554,1.9591,199.4,20,1,,5,,5,official_observed_reference,dd82288501998fbc6be0f316b089ce9cb8c8114aaf15fe32cd9273a226ae6255
2024-10-28,Panniar,0.5952,17.233,0.6155,32.4,,,,2,1,2,official_observed_reference,dd82288501998fbc6be0f316b089ce9cb8c8114aaf15fe32cd9273a226ae6255
2024-10-28,Neriamangalam,1.3613,35.6596,1.2736,72.4,21,,,4,3,4,official_observed_reference,dd82288501998fbc6be0f316b089ce9cb8c8114aaf15fe32cd9273a226ae6255
2024-10-28,Lower Periyar,2.111,59.318,2.1185,162,21,,,3,1,3,official_observed_reference,dd82288501998fbc6be0f316b089ce9cb8c8114aaf15fe32cd9273a226ae6255
2024-10-28,"Poringalkuthu, PLBE",1.2752,24.4478,0.8731,53.68,7,,,6,5,6,official_observed_reference,dd82288501998fbc6be0f316b089ce9cb8c8114aaf15fe32cd9273a226ae6255
2024-10-28,Sengulam,0.336,10.5947,0.3784,50.4,22,,,4,1,4,official_observed_reference,dd82288501998fbc6be0f316b089ce9cb8c8114aaf15fe32cd9273a226ae6255
2024-10-28,Kakkad,0.3688,12.4637,0.4451,35.82,,,1,1,,1,official_observed_reference,dd82288501998fbc6be0f316b089ce9cb8c8114aaf15fe32cd9273a226ae6255
2024-10-28,Kallada,0.0337,0.8573,0.0306,9.4,17,,,2,,1,official_observed_reference,dd82288501998fbc6be0f316b089ce9cb8c8114aaf15fe32cd9273a226ae6255
2024-10-28,Malankara,0.0798,2.2457,0.0802,3.75,5,1,,2,2,2,official_observed_reference,dd82288501998fbc6be0f316b089ce9cb8c8114aaf15fe32cd9273a226ae6255
2024-10-28,Maniyar,0.0716,2.2926,0.0819,,,,,3,1,3,official_observed_reference,dd82288501998fbc6be0f316b089ce9cb8c8114aaf15fe32cd9273a226ae6255
2024-10-28,Kuthungal,0.1839,4.7488,0.1696,13.6,17,,,3,1,2,official_observed_reference,dd82288501998fbc6be0f316b089ce9cb8c8114aaf15fe32cd9273a226ae6255
2024-10-29,Idukki,4.264,121.474,4.1888,486,18,1,1,4,2,4,official_observed_reference,1aeed98a90180fd599c67c02c6b456bc2192cf7b217f8eed0d3f1f40e297a7cf
2024-10-29,Sabarigiri,2.1476,78.4563,2.7054,212,21,1,1,4,2,4,official_observed_reference,1aeed98a90180fd599c67c02c6b456bc2192cf7b217f8eed0d3f1f40e297a7cf
2024-10-29,Idamalayar,1.2838,20.05,0.6914,68.8,14,,,2,2,2,official_observed_reference,1aeed98a90180fd599c67c02c6b456bc2192cf7b217f8eed0d3f1f40e297a7cf
2024-10-29,Sholayar,1.303,25.6036,0.8829,54.6,16,,,3,3,3,official_observed_reference,1aeed98a90180fd599c67c02c6b456bc2192cf7b217f8eed0d3f1f40e297a7cf
2024-10-29,Pallivasal,0.4893,13.9953,0.4826,20.6,1,,2,4,4,4,official_observed_reference,1aeed98a90180fd599c67c02c6b456bc2192cf7b217f8eed0d3f1f40e297a7cf
2024-10-29,Kuttiadi,2.8035,57.6589,1.9882,195.8,21,1,,5,4,5,official_observed_reference,1aeed98a90180fd599c67c02c6b456bc2192cf7b217f8eed0d3f1f40e297a7cf
2024-10-29,Panniar,0.7762,18.0092,0.621,32.4,,,,2,2,2,official_observed_reference,1aeed98a90180fd599c67c02c6b456bc2192cf7b217f8eed0d3f1f40e297a7cf
2024-10-29,Neriamangalam,1.6476,37.3072,1.2865,70.8,3,,,4,4,4,official_observed_reference,1aeed98a90180fd599c67c02c6b456bc2192cf7b217f8eed0d3f1f40e297a7cf
2024-10-29,Lower Periyar,2.5,61.818,2.1317,162,18,,,3,2,3,official_observed_reference,1aeed98a90180fd599c67c02c6b456bc2192cf7b217f8eed0d3f1f40e297a7cf
2024-10-29,"Poringalkuthu, PLBE",1.2701,25.7179,0.8868,53.5,3,,,6,6,6,official_observed_reference,1aeed98a90180fd599c67c02c6b456bc2192cf7b217f8eed0d3f1f40e297a7cf
2024-10-29,Sengulam,0.3655,10.9602,0.3779,50,18,,,4,1,4,official_observed_reference,1aeed98a90180fd599c67c02c6b456bc2192cf7b217f8eed0d3f1f40e297a7cf
2024-10-29,Kakkad,0.4322,12.896,0.4447,25.2,,,1,1,1,1,official_observed_reference,1aeed98a90180fd599c67c02c6b456bc2192cf7b217f8eed0d3f1f40e297a7cf
2024-10-29,Kallada,0.034,0.8913,0.0307,9.6,17,,,2,,1,official_observed_reference,1aeed98a90180fd599c67c02c6b456bc2192cf7b217f8eed0d3f1f40e297a7cf
2024-10-29,Malankara,0.0802,2.3258,0.0802,3.6,,1,,2,2,2,official_observed_reference,1aeed98a90180fd599c67c02c6b456bc2192cf7b217f8eed0d3f1f40e297a7cf
2024-10-29,Maniyar,0.0708,2.3634,0.0815,,,,,3,2,3,official_observed_reference,1aeed98a90180fd599c67c02c6b456bc2192cf7b217f8eed0d3f1f40e297a7cf
2024-10-29,Kuthungal,0.1726,4.9214,0.1697,7.6,13,,,3,1,1,official_observed_reference,1aeed98a90180fd599c67c02c6b456bc2192cf7b217f8eed0d3f1f40e297a7cf
2024-10-30,Idukki,4.381,125.855,4.1952,484,22,1,1,4,2,4,official_observed_reference,50bf37b292ab1361f300aaba52546278fb626c92d860745d97f8115144adeead
2024-10-30,Sabarigiri,3.462,81.9183,2.7306,271.2,18,1,,5,2,5,official_observed_reference,50bf37b292ab1361f300aaba52546278fb626c92d860745d97f8115144adeead
2024-10-30,Idamalayar,1.2432,21.2932,0.7098,68,6,,,2,2,2,official_observed_reference,50bf37b292ab1361f300aaba52546278fb626c92d860745d97f8115144adeead
2024-10-30,Sholayar,1.2958,26.8994,0.8966,54.6,21,,,3,3,3,official_observed_reference,50bf37b292ab1361f300aaba52546278fb626c92d860745d97f8115144adeead
2024-10-30,Pallivasal,0.489,14.4843,0.4828,20.6,12,,2,4,4,4,official_observed_reference,50bf37b292ab1361f300aaba52546278fb626c92d860745d97f8115144adeead
2024-10-30,Kuttiadi,2.9406,60.5995,2.02,200,21,1,,5,2,5,official_observed_reference,50bf37b292ab1361f300aaba52546278fb626c92d860745d97f8115144adeead
2024-10-30,Panniar,0.6852,18.6944,0.6231,32.4,,,,2,2,2,official_observed_reference,50bf37b292ab1361f300aaba52546278fb626c92d860745d97f8115144adeead
2024-10-30,Neriamangalam,1.3441,38.6513,1.2884,71,16,,,4,4,4,official_observed_reference,50bf37b292ab1361f300aaba52546278fb626c92d860745d97f8115144adeead
2024-10-30,Lower Periyar,2.126,63.944,2.1315,162,18,,,3,2,3,official_observed_reference,50bf37b292ab1361f300aaba52546278fb626c92d860745d97f8115144adeead
2024-10-30,"Poringalkuthu, PLBE",1.2365,26.9544,0.8985,52.84,,,,6,6,6,official_observed_reference,50bf37b292ab1361f300aaba52546278fb626c92d860745d97f8115144adeead
2024-10-30,Sengulam,0.3323,11.2925,0.3764,50.8,18,,,4,,4,official_observed_reference,50bf37b292ab1361f300aaba52546278fb626c92d860745d97f8115144adeead
2024-10-30,Kakkad,0.6108,13.5067,0.4502,35.52,23,,,2,1,2,official_observed_reference,50bf37b292ab1361f300aaba52546278fb626c92d860745d97f8115144adeead
2024-10-30,Kallada,0.0319,0.9232,0.0308,7.4,18,,,2,,1,official_observed_reference,50bf37b292ab1361f300aaba52546278fb626c92d860745d97f8115144adeead
2024-10-30,Malankara,0.0793,2.4051,0.0802,3.6,,1,,2,2,2,official_observed_reference,50bf37b292ab1361f300aaba52546278fb626c92d860745d97f8115144adeead
2024-10-30,Maniyar,0.0981,2.4615,0.082,,,,,3,1,2,official_observed_reference,50bf37b292ab1361f300aaba52546278fb626c92d860745d97f8115144adeead
2024-10-30,Kuthungal,0.1641,5.0855,0.1695,7.2,1,,,3,1,1,official_observed_reference,50bf37b292ab1361f300aaba52546278fb626c92d860745d97f8115144adeead
2024-10-31,Idukki,3.111,128.966,4.1602,446,22,1,1,4,1,4,official_observed_reference,a6e0193fd145f0a88ffec35b1bdf38317218e374b8dd405cd96c11876038fbd5
2024-10-31,Sabarigiri,2.6714,84.5897,2.7287,270.8,,1,,5,2,5,official_observed_reference,a6e0193fd145f0a88ffec35b1bdf38317218e374b8dd405cd96c11876038fbd5
2024-10-31,Idamalayar,1.0857,22.3789,0.7219,68.8,16,,,2,2,2,official_observed_reference,a6e0193fd145f0a88ffec35b1bdf38317218e374b8dd405cd96c11876038fbd5
2024-10-31,Sholayar,1.2446,28.144,0.9079,54.6,15,,,3,3,3,official_observed_reference,a6e0193fd145f0a88ffec35b1bdf38317218e374b8dd405cd96c11876038fbd5
2024-10-31,Pallivasal,0.489,14.9733,0.483,20.6,1,,2,4,4,4,official_observed_reference,a6e0193fd145f0a88ffec35b1bdf38317218e374b8dd405cd96c11876038fbd5
2024-10-31,Kuttiadi,2.2052,62.8047,2.026,198,,1,,5,2,5,official_observed_reference,a6e0193fd145f0a88ffec35b1bdf38317218e374b8dd405cd96c11876038fbd5
2024-10-31,Panniar,0.7763,19.4707,0.6281,32.4,,,,2,2,2,official_observed_reference,a6e0193fd145f0a88ffec35b1bdf38317218e374b8dd405cd96c11876038fbd5
2024-10-31,Neriamangalam,1.0986,39.7499,1.2823,70.4,,,,4,2,4,official_observed_reference,a6e0193fd145f0a88ffec35b1bdf38317218e374b8dd405cd96c11876038fbd5
2024-10-31,Lower Periyar,1.582,65.526,2.1137,158,21,,,3,1,3,official_observed_reference,a6e0193fd145f0a88ffec35b1bdf38317218e374b8dd405cd96c11876038fbd5
2024-10-31,"Poringalkuthu, PLBE",1.26,28.2144,0.9101,52.66,8,,,6,5,6,official_observed_reference,a6e0193fd145f0a88ffec35b1bdf38317218e374b8dd405cd96c11876038fbd5
2024-10-31,Sengulam,0.3105,11.603,0.3743,38.6,19,,,4,,4,official_observed_reference,a6e0193fd145f0a88ffec35b1bdf38317218e374b8dd405cd96c11876038fbd5
2024-10-31,Kakkad,0.3897,13.8964,0.4483,36.34,21,,,2,1,2,official_observed_reference,a6e0193fd145f0a88ffec35b1bdf38317218e374b8dd405cd96c11876038fbd5
2024-10-31,Kallada,0.0332,0.9564,0.0309,7.4,18,,,2,,1,official_observed_reference,a6e0193fd145f0a88ffec35b1bdf38317218e374b8dd405cd96c11876038fbd5
2024-10-31,Malankara,0.0776,2.4827,0.0801,3.6,,1,,2,2,2,official_observed_reference,a6e0193fd145f0a88ffec35b1bdf38317218e374b8dd405cd96c11876038fbd5
2024-10-31,Maniyar,0.083,2.5445,0.0821,,,,,3,1,3,official_observed_reference,a6e0193fd145f0a88ffec35b1bdf38317218e374b8dd405cd96c11876038fbd5
2024-10-31,Kuthungal,0.1569,5.2424,0.1691,7.2,19,,,3,1,1,official_observed_reference,a6e0193fd145f0a88ffec35b1bdf38317218e374b8dd405cd96c11876038fbd5
2024-11-01,Idukki,1.772,1.772,1.772,284,18,1,1,4,1,4,official_observed_reference,1c417bd1aee34102f66b2de16f63d6225debed28e686a375e46054058a204ce0
2024-11-01,Sabarigiri,1.7597,1.7597,1.7597,266.8,22,1,,5,1,5,official_observed_reference,1c417bd1aee34102f66b2de16f63d6225debed28e686a375e46054058a204ce0
2024-11-01,Idamalayar,0.884,0.884,0.884,68.4,19,,,2,1,2,official_observed_reference,1c417bd1aee34102f66b2de16f63d6225debed28e686a375e46054058a204ce0
2024-11-01,Sholayar,1.1423,1.1423,1.1423,54.4,4,,,3,3,3,official_observed_reference,1c417bd1aee34102f66b2de16f63d6225debed28e686a375e46054058a204ce0
2024-11-01,Pallivasal,0.4746,0.4746,0.4746,20.6,,,2,4,4,4,official_observed_reference,1c417bd1aee34102f66b2de16f63d6225debed28e686a375e46054058a204ce0
2024-11-01,Kuttiadi,1.3175,1.3175,1.3175,192.4,22,1,,5,1,5,official_observed_reference,1c417bd1aee34102f66b2de16f63d6225debed28e686a375e46054058a204ce0
2024-11-01,Panniar,0.7742,0.7742,0.7742,32.4,,,,2,2,2,official_observed_reference,1c417bd1aee34102f66b2de16f63d6225debed28e686a375e46054058a204ce0
2024-11-01,Neriamangalam,1.6613,1.6613,1.6613,70.4,11,,,4,4,4,official_observed_reference,1c417bd1aee34102f66b2de16f63d6225debed28e686a375e46054058a204ce0
2024-11-01,Lower Periyar,2.744,2.744,2.744,160,19,,,3,3,3,official_observed_reference,1c417bd1aee34102f66b2de16f63d6225debed28e686a375e46054058a204ce0
2024-11-01,"Poringalkuthu, PLBE",1.2169,1.2169,1.2169,52.48,4,,,6,5,6,official_observed_reference,1c417bd1aee34102f66b2de16f63d6225debed28e686a375e46054058a204ce0
2024-11-01,Sengulam,0.4404,0.4404,0.4404,50.6,21,,,4,2,4,official_observed_reference,1c417bd1aee34102f66b2de16f63d6225debed28e686a375e46054058a204ce0
2024-11-01,Kakkad,0.3353,0.3353,0.3353,35.86,,,,2,,2,official_observed_reference,1c417bd1aee34102f66b2de16f63d6225debed28e686a375e46054058a204ce0
2024-11-01,Kallada,0.0322,0.0322,0.0322,7.4,18,,,2,,1,official_observed_reference,1c417bd1aee34102f66b2de16f63d6225debed28e686a375e46054058a204ce0
2024-11-01,Malankara,0.0707,0.0707,0.0707,3.45,,1,,2,2,2,official_observed_reference,1c417bd1aee34102f66b2de16f63d6225debed28e686a375e46054058a204ce0
2024-11-01,Maniyar,0.0806,0.0806,0.0806,,,,,3,1,3,official_observed_reference,1c417bd1aee34102f66b2de16f63d6225debed28e686a375e46054058a204ce0
2024-11-01,Kuthungal,0.1949,0.1949,0.1949,14,18,,,3,1,2,official_observed_reference,1c417bd1aee34102f66b2de16f63d6225debed28e686a375e46054058a204ce0
2024-11-02,Idukki,2.197,3.969,1.9845,274,19,1,1,4,2,4,official_observed_reference,b60a5c1ac1a82e0930ab5ba4081d4aa78f926e75f3f1b379567ccf689d9311ad
2024-11-02,Sabarigiri,2.4024,4.1621,2.0811,255.6,18,1,,5,3,5,official_observed_reference,b60a5c1ac1a82e0930ab5ba4081d4aa78f926e75f3f1b379567ccf689d9311ad
2024-11-02,Idamalayar,1.008,1.892,0.946,69.8,17,,,2,1,2,official_observed_reference,b60a5c1ac1a82e0930ab5ba4081d4aa78f926e75f3f1b379567ccf689d9311ad
2024-11-02,Sholayar,1.1571,2.2994,1.1497,54.6,3,,,3,3,3,official_observed_reference,b60a5c1ac1a82e0930ab5ba4081d4aa78f926e75f3f1b379567ccf689d9311ad
2024-11-02,Pallivasal,0.474,0.9486,0.4743,20.4,1,,2,4,4,4,official_observed_reference,b60a5c1ac1a82e0930ab5ba4081d4aa78f926e75f3f1b379567ccf689d9311ad
2024-11-02,Kuttiadi,1.6611,2.9786,1.4893,168.2,19,1,,5,1,5,official_observed_reference,b60a5c1ac1a82e0930ab5ba4081d4aa78f926e75f3f1b379567ccf689d9311ad
2024-11-02,Panniar,0.7727,1.5469,0.7735,32.4,7,,,2,2,2,official_observed_reference,b60a5c1ac1a82e0930ab5ba4081d4aa78f926e75f3f1b379567ccf689d9311ad
2024-11-02,Neriamangalam,1.2447,2.906,1.453,72.8,22,,,4,2,4,official_observed_reference,b60a5c1ac1a82e0930ab5ba4081d4aa78f926e75f3f1b379567ccf689d9311ad
2024-11-02,Lower Periyar,1.779,4.523,2.2615,162,18,,,3,,3,official_observed_reference,b60a5c1ac1a82e0930ab5ba4081d4aa78f926e75f3f1b379567ccf689d9311ad
2024-11-02,"Poringalkuthu, PLBE",1.2415,2.4584,1.2292,52.56,6,,,6,6,6,official_observed_reference,b60a5c1ac1a82e0930ab5ba4081d4aa78f926e75f3f1b379567ccf689d9311ad
2024-11-02,Sengulam,0.303,0.7434,0.3717,32.6,18,,,4,,4,official_observed_reference,b60a5c1ac1a82e0930ab5ba4081d4aa78f926e75f3f1b379567ccf689d9311ad
2024-11-02,Kakkad,0.469,0.8043,0.4021,36,21,,,2,1,2,official_observed_reference,b60a5c1ac1a82e0930ab5ba4081d4aa78f926e75f3f1b379567ccf689d9311ad
2024-11-02,Kallada,0.0334,0.0656,0.0328,7.6,18,,,2,,1,official_observed_reference,b60a5c1ac1a82e0930ab5ba4081d4aa78f926e75f3f1b379567ccf689d9311ad
2024-11-02,Malankara,0.0587,0.1295,0.0647,2.55,,1,,2,1,2,official_observed_reference,b60a5c1ac1a82e0930ab5ba4081d4aa78f926e75f3f1b379567ccf689d9311ad
2024-11-02,Maniyar,0.0833,0.1639,0.0819,,,,,3,2,3,official_observed_reference,b60a5c1ac1a82e0930ab5ba4081d4aa78f926e75f3f1b379567ccf689d9311ad
2024-11-02,Kuthungal,0.2746,0.4695,0.2348,19.8,21,,,3,2,3,official_observed_reference,b60a5c1ac1a82e0930ab5ba4081d4aa78f926e75f3f1b379567ccf689d9311ad
2024-11-03,Idukki,1.243,5.212,1.7373,108,6,1,1,4,1,2,official_observed_reference,376903935fc6b8c546a2ea6756cbbade56418c230471f3dc2ec3f9a7c06d5736
2024-11-03,Sabarigiri,1.3827,5.5448,1.8483,269.4,21,1,,5,,5,official_observed_reference,376903935fc6b8c546a2ea6756cbbade56418c230471f3dc2ec3f9a7c06d5736
2024-11-03,Idamalayar,0.5623,2.4543,0.8181,68.8,,,,2,,2,official_observed_reference,376903935fc6b8c546a2ea6756cbbade56418c230471f3dc2ec3f9a7c06d5736
2024-11-03,Sholayar,0.7399,3.0393,1.0131,54.4,20,,,3,3,3,official_observed_reference,376903935fc6b8c546a2ea6756cbbade56418c230471f3dc2ec3f9a7c06d5736
2024-11-03,Pallivasal,0.4866,1.4352,0.4784,20.6,15,,2,4,4,4,official_observed_reference,376903935fc6b8c546a2ea6756cbbade56418c230471f3dc2ec3f9a7c06d5736
2024-11-03,Kuttiadi,0.7472,3.7258,1.2419,165.4,18,1,,5,,5,official_observed_reference,376903935fc6b8c546a2ea6756cbbade56418c230471f3dc2ec3f9a7c06d5736
2024-11-03,Panniar,0.7751,2.322,0.774,32.4,1,,,2,2,2,official_observed_reference,376903935fc6b8c546a2ea6756cbbade56418c230471f3dc2ec3f9a7c06d5736
2024-11-03,Neriamangalam,1.6587,4.5647,1.5216,73.6,5,,,4,4,4,official_observed_reference,376903935fc6b8c546a2ea6756cbbade56418c230471f3dc2ec3f9a7c06d5736
2024-11-03,Lower Periyar,3.369,7.892,2.6307,162,6,,,3,3,3,official_observed_reference,376903935fc6b8c546a2ea6756cbbade56418c230471f3dc2ec3f9a7c06d5736
2024-11-03,"Poringalkuthu, PLBE",0.5726,3.031,1.0103,52.84,22,,,6,1,6,official_observed_reference,376903935fc6b8c546a2ea6756cbbade56418c230471f3dc2ec3f9a7c06d5736
2024-11-03,Sengulam,0.4533,1.1967,0.3989,50,22,,,4,,4,official_observed_reference,376903935fc6b8c546a2ea6756cbbade56418c230471f3dc2ec3f9a7c06d5736
2024-11-03,Kakkad,0.2936,1.0978,0.3659,35.5,22,,,2,,2,official_observed_reference,376903935fc6b8c546a2ea6756cbbade56418c230471f3dc2ec3f9a7c06d5736
2024-11-03,Kallada,0.033,0.0986,0.0329,7.6,18,,,2,,1,official_observed_reference,376903935fc6b8c546a2ea6756cbbade56418c230471f3dc2ec3f9a7c06d5736
2024-11-03,Malankara,0.0588,0.1883,0.0628,2.55,,1,,2,1,1,official_observed_reference,376903935fc6b8c546a2ea6756cbbade56418c230471f3dc2ec3f9a7c06d5736
2024-11-03,Maniyar,0.1261,0.29,0.0967,,,,,3,2,3,official_observed_reference,376903935fc6b8c546a2ea6756cbbade56418c230471f3dc2ec3f9a7c06d5736
2024-11-03,Kuthungal,0.4302,0.8997,0.2999,19.8,8,,,3,3,3,official_observed_reference,376903935fc6b8c546a2ea6756cbbade56418c230471f3dc2ec3f9a7c06d5736
2024-11-04,Idukki,2.338,7.55,1.8875,430,18,1,,5,1,5,official_observed_reference,4ee0af6f043dea94ad07a97f797708bf4af08a7ceca6288b675a2013d88c237e
2024-11-04,Sabarigiri,1.9266,7.4714,1.8679,266.2,18,1,,5,1,5,official_observed_reference,4ee0af6f043dea94ad07a97f797708bf4af08a7ceca6288b675a2013d88c237e
2024-11-04,Idamalayar,1.2099,3.6642,0.9161,68.6,6,,,2,2,2,official_observed_reference,4ee0af6f043dea94ad07a97f797708bf4af08a7ceca6288b675a2013d88c237e
2024-11-04,Sholayar,0.9399,3.9792,0.9948,54.6,18,,,3,3,3,official_observed_reference,4ee0af6f043dea94ad07a97f797708bf4af08a7ceca6288b675a2013d88c237e
2024-11-04,Pallivasal,0.4865,1.9217,0.4804,20.4,,,2,4,4,4,official_observed_reference,4ee0af6f043dea94ad07a97f797708bf4af08a7ceca6288b675a2013d88c237e
2024-11-04,Kuttiadi,1.2321,4.9579,1.2395,192,21,1,,5,,5,official_observed_reference,4ee0af6f043dea94ad07a97f797708bf4af08a7ceca6288b675a2013d88c237e
2024-11-04,Panniar,0.7762,3.0982,0.7746,32.4,,,,2,2,2,official_observed_reference,4ee0af6f043dea94ad07a97f797708bf4af08a7ceca6288b675a2013d88c237e
2024-11-04,Neriamangalam,1.403,5.9677,1.4919,70.8,2,,,4,3,3,official_observed_reference,4ee0af6f043dea94ad07a97f797708bf4af08a7ceca6288b675a2013d88c237e
2024-11-04,Lower Periyar,2.645,10.537,2.6343,156,19,,,3,2,3,official_observed_reference,4ee0af6f043dea94ad07a97f797708bf4af08a7ceca6288b675a2013d88c237e
2024-11-04,"Poringalkuthu, PLBE",1.2671,4.298,1.0745,53.36,17,,,6,6,6,official_observed_reference,4ee0af6f043dea94ad07a97f797708bf4af08a7ceca6288b675a2013d88c237e
2024-11-04,Sengulam,0.304,1.5007,0.3752,38.2,18,,,4,,4,official_observed_reference,4ee0af6f043dea94ad07a97f797708bf4af08a7ceca6288b675a2013d88c237e
2024-11-04,Kakkad,0.3573,1.4551,0.3638,35.84,21,,,2,,2,official_observed_reference,4ee0af6f043dea94ad07a97f797708bf4af08a7ceca6288b675a2013d88c237e
2024-11-04,Kallada,0.0331,0.1317,0.0329,7.6,18,,,2,,1,official_observed_reference,4ee0af6f043dea94ad07a97f797708bf4af08a7ceca6288b675a2013d88c237e
2024-11-04,Malankara,0.057,0.2453,0.0613,2.55,1,1,,2,2,2,official_observed_reference,4ee0af6f043dea94ad07a97f797708bf4af08a7ceca6288b675a2013d88c237e
2024-11-04,Maniyar,0.123,0.4131,0.1033,,,,,3,1,3,official_observed_reference,4ee0af6f043dea94ad07a97f797708bf4af08a7ceca6288b675a2013d88c237e
2024-11-04,Kuthungal,0.3936,1.2933,0.3233,20.2,7,,,3,3,2,official_observed_reference,4ee0af6f043dea94ad07a97f797708bf4af08a7ceca6288b675a2013d88c237e
2024-11-05,Idukki,3.829,11.379,2.2758,616,18,1,,5,1,5,official_observed_reference,64668c1df3c96316d83cd4fa550bbea8c9be7f60d3e86a8bf168d41a6a5845bd
2024-11-05,Sabarigiri,1.9872,9.4586,1.8917,271,18,1,,5,,5,official_observed_reference,64668c1df3c96316d83cd4fa550bbea8c9be7f60d3e86a8bf168d41a6a5845bd
2024-11-05,Idamalayar,0.5287,4.1929,0.8386,68.6,7,,,2,2,,official_observed_reference,64668c1df3c96316d83cd4fa550bbea8c9be7f60d3e86a8bf168d41a6a5845bd
2024-11-05,Sholayar,0.99,4.9692,0.9938,54.6,23,,,3,3,3,official_observed_reference,64668c1df3c96316d83cd4fa550bbea8c9be7f60d3e86a8bf168d41a6a5845bd
2024-11-05,Pallivasal,0.4405,2.3622,0.4724,20.4,,,2,4,4,3,official_observed_reference,64668c1df3c96316d83cd4fa550bbea8c9be7f60d3e86a8bf168d41a6a5845bd
2024-11-05,Kuttiadi,1.3892,6.3471,1.2694,193.2,17,1,,5,1,5,official_observed_reference,64668c1df3c96316d83cd4fa550bbea8c9be7f60d3e86a8bf168d41a6a5845bd
2024-11-05,Panniar,0.7762,3.8744,0.7749,32.4,,,,2,2,2,official_observed_reference,64668c1df3c96316d83cd4fa550bbea8c9be7f60d3e86a8bf168d41a6a5845bd
2024-11-05,Neriamangalam,1.6892,7.6569,1.5314,72.4,6,,,4,4,4,official_observed_reference,64668c1df3c96316d83cd4fa550bbea8c9be7f60d3e86a8bf168d41a6a5845bd
2024-11-05,Lower Periyar,2.655,13.192,2.6384,158,18,,,3,2,3,official_observed_reference,64668c1df3c96316d83cd4fa550bbea8c9be7f60d3e86a8bf168d41a6a5845bd
2024-11-05,"Poringalkuthu, PLBE",1.2661,5.5641,1.1128,53.3,1,,,6,6,6,official_observed_reference,64668c1df3c96316d83cd4fa550bbea8c9be7f60d3e86a8bf168d41a6a5845bd
2024-11-05,Sengulam,0.4363,1.937,0.3874,50.4,21,,,4,2,4,official_observed_reference,64668c1df3c96316d83cd4fa550bbea8c9be7f60d3e86a8bf168d41a6a5845bd
2024-11-05,Kakkad,0.2726,1.7277,0.3455,36.12,23,,,2,,2,official_observed_reference,64668c1df3c96316d83cd4fa550bbea8c9be7f60d3e86a8bf168d41a6a5845bd
2024-11-05,Kallada,0.0331,0.1648,0.033,7.6,18,,,2,,1,official_observed_reference,64668c1df3c96316d83cd4fa550bbea8c9be7f60d3e86a8bf168d41a6a5845bd
2024-11-05,Malankara,0.0482,0.2934,0.0587,3.15,9,1,,2,2,1,official_observed_reference,64668c1df3c96316d83cd4fa550bbea8c9be7f60d3e86a8bf168d41a6a5845bd
2024-11-05,Maniyar,0.1021,0.5152,0.103,,,,,3,2,3,official_observed_reference,64668c1df3c96316d83cd4fa550bbea8c9be7f60d3e86a8bf168d41a6a5845bd
2024-11-05,Kuthungal,0.2947,1.588,0.3176,16.2,8,,,3,3,2,official_observed_reference,64668c1df3c96316d83cd4fa550bbea8c9be7f60d3e86a8bf168d41a6a5845bd
2024-11-06,Idukki,4.345,15.724,2.6207,554,22,1,,5,2,5,official_observed_reference,284fcb93fa4ae5703f6f5638ef25cf2ba293e847ef6400be5b53d5d1c6f27c5d
2024-11-06,Sabarigiri,2.3791,11.8377,1.973,270.6,20,1,,5,2,5,official_observed_reference,284fcb93fa4ae5703f6f5638ef25cf2ba293e847ef6400be5b53d5d1c6f27c5d
2024-11-06,Idamalayar,,4.1929,0.6988,,,2,,,,,official_observed_reference,284fcb93fa4ae5703f6f5638ef25cf2ba293e847ef6400be5b53d5d1c6f27c5d
2024-11-06,Sholayar,1.1354,6.1046,1.0174,54.6,,,,3,3,3,official_observed_reference,284fcb93fa4ae5703f6f5638ef25cf2ba293e847ef6400be5b53d5d1c6f27c5d
2024-11-06,Pallivasal,0.4866,2.8488,0.4748,20.4,2,,2,4,4,4,official_observed_reference,284fcb93fa4ae5703f6f5638ef25cf2ba293e847ef6400be5b53d5d1c6f27c5d
2024-11-06,Kuttiadi,1.6219,7.969,1.3282,195.2,17,1,,5,,5,official_observed_reference,284fcb93fa4ae5703f6f5638ef25cf2ba293e847ef6400be5b53d5d1c6f27c5d
2024-11-06,Panniar,0.7762,4.6506,0.7751,32.4,,,,2,2,2,official_observed_reference,284fcb93fa4ae5703f6f5638ef25cf2ba293e847ef6400be5b53d5d1c6f27c5d
2024-11-06,Neriamangalam,1.3536,9.0105,1.5018,70.4,20,,,4,3,4,official_observed_reference,284fcb93fa4ae5703f6f5638ef25cf2ba293e847ef6400be5b53d5d1c6f27c5d
2024-11-06,Lower Periyar,2.227,15.419,2.5698,158,,,,3,2,3,official_observed_reference,284fcb93fa4ae5703f6f5638ef25cf2ba293e847ef6400be5b53d5d1c6f27c5d
2024-11-06,"Poringalkuthu, PLBE",1.0319,6.596,1.0993,52.72,,,,6,6,6,official_observed_reference,284fcb93fa4ae5703f6f5638ef25cf2ba293e847ef6400be5b53d5d1c6f27c5d
2024-11-06,Sengulam,0.3183,2.2553,0.3759,50.6,18,,,4,,4,official_observed_reference,284fcb93fa4ae5703f6f5638ef25cf2ba293e847ef6400be5b53d5d1c6f27c5d
2024-11-06,Kakkad,0.4171,2.1448,0.3575,36.5,23,,,2,,2,official_observed_reference,284fcb93fa4ae5703f6f5638ef25cf2ba293e847ef6400be5b53d5d1c6f27c5d
2024-11-06,Kallada,0.0334,0.1982,0.033,7.6,18,,,2,,1,official_observed_reference,284fcb93fa4ae5703f6f5638ef25cf2ba293e847ef6400be5b53d5d1c6f27c5d
2024-11-06,Malankara,0.042,0.3354,0.0559,3,21,1,,2,1,1,official_observed_reference,284fcb93fa4ae5703f6f5638ef25cf2ba293e847ef6400be5b53d5d1c6f27c5d
2024-11-06,Maniyar,0.0902,0.6054,0.1009,,,,,3,1,2,official_observed_reference,284fcb93fa4ae5703f6f5638ef25cf2ba293e847ef6400be5b53d5d1c6f27c5d
2024-11-06,Kuthungal,0.2348,1.8228,0.3038,14,10,,,3,2,2,official_observed_reference,284fcb93fa4ae5703f6f5638ef25cf2ba293e847ef6400be5b53d5d1c6f27c5d
2024-11-07,Idukki,4.931,20.655,2.9507,604,20,1,,5,2,5,official_observed_reference,50d88809dff0a79c2caf1d6f10ed49e78cf3f5d39ffd9821976bdd334e84957b
2024-11-07,Sabarigiri,2.3861,14.2238,2.032,271,20,1,,5,2,5,official_observed_reference,50d88809dff0a79c2caf1d6f10ed49e78cf3f5d39ffd9821976bdd334e84957b
2024-11-07,Idamalayar,,4.1929,0.599,,,2,,,,,official_observed_reference,50d88809dff0a79c2caf1d6f10ed49e78cf3f5d39ffd9821976bdd334e84957b
2024-11-07,Sholayar,0.7555,6.8601,0.98,54.6,21,,,3,2,3,official_observed_reference,50d88809dff0a79c2caf1d6f10ed49e78cf3f5d39ffd9821976bdd334e84957b
2024-11-07,Pallivasal,0.4865,3.3353,0.4765,20.4,,,2,4,4,4,official_observed_reference,50d88809dff0a79c2caf1d6f10ed49e78cf3f5d39ffd9821976bdd334e84957b
2024-11-07,Kuttiadi,1.9803,9.9493,1.4213,194.2,20,1,,5,1,5,official_observed_reference,50d88809dff0a79c2caf1d6f10ed49e78cf3f5d39ffd9821976bdd334e84957b
2024-11-07,Panniar,0.7763,5.4269,0.7753,32.4,,,,2,2,2,official_observed_reference,50d88809dff0a79c2caf1d6f10ed49e78cf3f5d39ffd9821976bdd334e84957b
2024-11-07,Neriamangalam,1.2162,10.2267,1.461,71,1,,,4,3,4,official_observed_reference,50d88809dff0a79c2caf1d6f10ed49e78cf3f5d39ffd9821976bdd334e84957b
2024-11-07,Lower Periyar,1.959,17.378,2.4826,160,18,,,3,2,3,official_observed_reference,50d88809dff0a79c2caf1d6f10ed49e78cf3f5d39ffd9821976bdd334e84957b
2024-11-07,"Poringalkuthu, PLBE",0.7001,7.2961,1.0423,52.12,,,,6,1,6,official_observed_reference,50d88809dff0a79c2caf1d6f10ed49e78cf3f5d39ffd9821976bdd334e84957b
2024-11-07,Sengulam,0.3171,2.5724,0.3675,51,21,,,4,,4,official_observed_reference,50d88809dff0a79c2caf1d6f10ed49e78cf3f5d39ffd9821976bdd334e84957b
2024-11-07,Kakkad,0.4704,2.6152,0.3736,36.34,,,,2,1,2,official_observed_reference,50d88809dff0a79c2caf1d6f10ed49e78cf3f5d39ffd9821976bdd334e84957b
2024-11-07,Kallada,0.0333,0.2315,0.0331,7.6,18,,,2,,1,official_observed_reference,50d88809dff0a79c2caf1d6f10ed49e78cf3f5d39ffd9821976bdd334e84957b
2024-11-07,Malankara,0.0651,0.4005,0.0572,4.2,15,1,,2,1,2,official_observed_reference,50d88809dff0a79c2caf1d6f10ed49e78cf3f5d39ffd9821976bdd334e84957b
2024-11-07,Maniyar,0.0918,0.6973,0.0996,,,,,3,2,2,official_observed_reference,50d88809dff0a79c2caf1d6f10ed49e78cf3f5d39ffd9821976bdd334e84957b
2024-11-07,Kuthungal,0.202,2.0248,0.2893,14,13,,,3,2,2,official_observed_reference,50d88809dff0a79c2caf1d6f10ed49e78cf3f5d39ffd9821976bdd334e84957b
2024-11-08,Idukki,4.177,24.832,3.104,600,18,1,,5,3,5,official_observed_reference,017e19856edb55f9c26a7ea1ec4bad7dcf5ddf7155cc95f1c600c49eb004bdfe
2024-11-08,Sabarigiri,2.772,16.9958,2.1245,271,21,1,,5,2,5,official_observed_reference,017e19856edb55f9c26a7ea1ec4bad7dcf5ddf7155cc95f1c600c49eb004bdfe
2024-11-08,Idamalayar,,4.1929,0.5241,,,2,,,,,official_observed_reference,017e19856edb55f9c26a7ea1ec4bad7dcf5ddf7155cc95f1c600c49eb004bdfe
2024-11-08,Sholayar,0.6262,7.4863,0.9358,39.6,,,1,2,1,2,official_observed_reference,017e19856edb55f9c26a7ea1ec4bad7dcf5ddf7155cc95f1c600c49eb004bdfe
2024-11-08,Pallivasal,0.4863,3.8216,0.4777,20.6,22,,2,4,4,4,official_observed_reference,017e19856edb55f9c26a7ea1ec4bad7dcf5ddf7155cc95f1c600c49eb004bdfe
2024-11-08,Kuttiadi,1.8362,11.7855,1.4732,195.2,22,1,,5,1,5,official_observed_reference,017e19856edb55f9c26a7ea1ec4bad7dcf5ddf7155cc95f1c600c49eb004bdfe
2024-11-08,Panniar,0.7762,6.2031,0.7754,32.4,,,,2,2,2,official_observed_reference,017e19856edb55f9c26a7ea1ec4bad7dcf5ddf7155cc95f1c600c49eb004bdfe
2024-11-08,Neriamangalam,1.1851,11.4118,1.4265,71.4,22,,,4,3,4,official_observed_reference,017e19856edb55f9c26a7ea1ec4bad7dcf5ddf7155cc95f1c600c49eb004bdfe
2024-11-08,Lower Periyar,2.05,19.428,2.4285,162,19,,,3,1,3,official_observed_reference,017e19856edb55f9c26a7ea1ec4bad7dcf5ddf7155cc95f1c600c49eb004bdfe
2024-11-08,"Poringalkuthu, PLBE",0.6238,7.9199,0.99,52.56,17,,,6,1,6,official_observed_reference,017e19856edb55f9c26a7ea1ec4bad7dcf5ddf7155cc95f1c600c49eb004bdfe
2024-11-08,Sengulam,0.3,2.8724,0.3591,51.2,19,,,4,,4,official_observed_reference,017e19856edb55f9c26a7ea1ec4bad7dcf5ddf7155cc95f1c600c49eb004bdfe
2024-11-08,Kakkad,0.459,3.0742,0.3843,35.48,22,,,2,,2,official_observed_reference,017e19856edb55f9c26a7ea1ec4bad7dcf5ddf7155cc95f1c600c49eb004bdfe
2024-11-08,Kallada,0.0486,0.2801,0.035,7.6,18,,,2,,2,official_observed_reference,017e19856edb55f9c26a7ea1ec4bad7dcf5ddf7155cc95f1c600c49eb004bdfe
2024-11-08,Malankara,0.0918,0.4923,0.0615,4.2,,1,,2,2,2,official_observed_reference,017e19856edb55f9c26a7ea1ec4bad7dcf5ddf7155cc95f1c600c49eb004bdfe
2024-11-08,Maniyar,0.1003,0.7976,0.0997,,,,,3,,3,official_observed_reference,017e19856edb55f9c26a7ea1ec4bad7dcf5ddf7155cc95f1c600c49eb004bdfe
2024-11-08,Kuthungal,0.2499,2.2747,0.2843,12.4,11,,,3,2,2,official_observed_reference,017e19856edb55f9c26a7ea1ec4bad7dcf5ddf7155cc95f1c600c49eb004bdfe
2024-11-09,Idukki,4.035,28.867,3.2074,592,18,1,,5,1,5,official_observed_reference,47501f3fcaa299cbc3b54ba78f761da7802ee222ebb2cb82c5d2346603d47070
2024-11-09,Sabarigiri,2.1201,19.1159,2.124,271,20,1,,5,,5,official_observed_reference,47501f3fcaa299cbc3b54ba78f761da7802ee222ebb2cb82c5d2346603d47070
2024-11-09,Idamalayar,,4.1929,0.4659,,,2,,,,,official_observed_reference,47501f3fcaa299cbc3b54ba78f761da7802ee222ebb2cb82c5d2346603d47070
2024-11-09,Sholayar,0.9298,8.4161,0.9351,54.4,16,,1,2,2,3,official_observed_reference,47501f3fcaa299cbc3b54ba78f761da7802ee222ebb2cb82c5d2346603d47070
2024-11-09,Pallivasal,0.4863,4.3079,0.4787,20.4,1,,2,4,4,4,official_observed_reference,47501f3fcaa299cbc3b54ba78f761da7802ee222ebb2cb82c5d2346603d47070
2024-11-09,Kuttiadi,2.1065,13.892,1.5436,194.8,22,1,,5,2,5,official_observed_reference,47501f3fcaa299cbc3b54ba78f761da7802ee222ebb2cb82c5d2346603d47070
2024-11-09,Panniar,0.7763,6.9794,0.7755,32.4,,,,2,2,2,official_observed_reference,47501f3fcaa299cbc3b54ba78f761da7802ee222ebb2cb82c5d2346603d47070
2024-11-09,Neriamangalam,1.6804,13.0922,1.4547,72.6,17,,,4,4,4,official_observed_reference,47501f3fcaa299cbc3b54ba78f761da7802ee222ebb2cb82c5d2346603d47070
2024-11-09,Lower Periyar,2.565,21.993,2.4437,162,21,,,3,2,3,official_observed_reference,47501f3fcaa299cbc3b54ba78f761da7802ee222ebb2cb82c5d2346603d47070
2024-11-09,"Poringalkuthu, PLBE",0.5892,8.5091,0.9455,52.56,19,,,6,2,6,official_observed_reference,47501f3fcaa299cbc3b54ba78f761da7802ee222ebb2cb82c5d2346603d47070
2024-11-09,Sengulam,0.373,3.2454,0.3606,51.2,19,,,4,,4,official_observed_reference,47501f3fcaa299cbc3b54ba78f761da7802ee222ebb2cb82c5d2346603d47070
2024-11-09,Kakkad,0.2961,3.3703,0.3745,36.22,22,,,2,,2,official_observed_reference,47501f3fcaa299cbc3b54ba78f761da7802ee222ebb2cb82c5d2346603d47070
2024-11-09,Kallada,0.1183,0.3984,0.0443,10.8,17,,,2,1,1,official_observed_reference,47501f3fcaa299cbc3b54ba78f761da7802ee222ebb2cb82c5d2346603d47070
2024-11-09,Malankara,0.0864,0.5787,0.0643,4.2,1,1,,2,2,2,official_observed_reference,47501f3fcaa299cbc3b54ba78f761da7802ee222ebb2cb82c5d2346603d47070
2024-11-09,Maniyar,0.0585,0.8561,0.0951,,,,,3,,2,official_observed_reference,47501f3fcaa299cbc3b54ba78f761da7802ee222ebb2cb82c5d2346603d47070
2024-11-09,Kuthungal,0.267,2.5417,0.2824,12.6,9,,,3,2,2,official_observed_reference,47501f3fcaa299cbc3b54ba78f761da7802ee222ebb2cb82c5d2346603d47070
2024-11-10,Idukki,3.875,32.742,3.2742,602,22,1,,5,1,5,official_observed_reference,625b9d66cec1e4c302596b45641a700f398412f9bdfcfba27b170089ab8cf121
2024-11-10,Sabarigiri,2.791,21.9069,2.1907,270.4,23,1,,5,2,5,official_observed_reference,625b9d66cec1e4c302596b45641a700f398412f9bdfcfba27b170089ab8cf121
2024-11-10,Idamalayar,,4.1929,0.4193,,,2,,,,,official_observed_reference,625b9d66cec1e4c302596b45641a700f398412f9bdfcfba27b170089ab8cf121
2024-11-10,Sholayar,1.0257,9.4418,0.9442,54.6,20,,1,2,3,3,official_observed_reference,625b9d66cec1e4c302596b45641a700f398412f9bdfcfba27b170089ab8cf121
2024-11-10,Pallivasal,0.4862,4.7941,0.4794,20.4,1,,2,4,4,4,official_observed_reference,625b9d66cec1e4c302596b45641a700f398412f9bdfcfba27b170089ab8cf121
2024-11-10,Kuttiadi,2.5641,16.4561,1.6456,194.8,22,1,,5,3,5,official_observed_reference,625b9d66cec1e4c302596b45641a700f398412f9bdfcfba27b170089ab8cf121
2024-11-10,Panniar,0.7761,7.7555,0.7756,32.4,1,,,2,2,2,official_observed_reference,625b9d66cec1e4c302596b45641a700f398412f9bdfcfba27b170089ab8cf121
2024-11-10,Neriamangalam,1.2693,14.3615,1.4362,71,20,,,4,4,4,official_observed_reference,625b9d66cec1e4c302596b45641a700f398412f9bdfcfba27b170089ab8cf121
2024-11-10,Lower Periyar,1.893,23.886,2.3886,160,22,,,3,2,3,official_observed_reference,625b9d66cec1e4c302596b45641a700f398412f9bdfcfba27b170089ab8cf121
2024-11-10,"Poringalkuthu, PLBE",0.5964,9.1054,0.9105,52.78,1,,,6,1,6,official_observed_reference,625b9d66cec1e4c302596b45641a700f398412f9bdfcfba27b170089ab8cf121
2024-11-10,Sengulam,0.3441,3.5895,0.359,50.6,19,,,4,,4,official_observed_reference,625b9d66cec1e4c302596b45641a700f398412f9bdfcfba27b170089ab8cf121
2024-11-10,Kakkad,0.4492,3.8195,0.382,36.08,,,,2,1,2,official_observed_reference,625b9d66cec1e4c302596b45641a700f398412f9bdfcfba27b170089ab8cf121
2024-11-10,Kallada,0.0342,0.4326,0.0433,7.8,21,,,2,,1,official_observed_reference,625b9d66cec1e4c302596b45641a700f398412f9bdfcfba27b170089ab8cf121
2024-11-10,Malankara,0.0849,0.6636,0.0664,4.2,3,1,,2,2,2,official_observed_reference,625b9d66cec1e4c302596b45641a700f398412f9bdfcfba27b170089ab8cf121
2024-11-10,Maniyar,0.0905,0.9466,0.0947,,,,,3,2,3,official_observed_reference,625b9d66cec1e4c302596b45641a700f398412f9bdfcfba27b170089ab8cf121
2024-11-10,Kuthungal,0.2072,2.7489,0.2749,12.4,14,,,3,2,3,official_observed_reference,625b9d66cec1e4c302596b45641a700f398412f9bdfcfba27b170089ab8cf121
2024-11-11,Idukki,5.674,38.416,3.4924,606,16,1,,5,3,5,official_observed_reference,313a87b475172c4e1dbb98aceb441bbf3b0b0b4beec80b8e7f3f8552318db720
2024-11-11,Sabarigiri,2.9513,24.8582,2.2598,271,20,1,,5,3,5,official_observed_reference,313a87b475172c4e1dbb98aceb441bbf3b0b0b4beec80b8e7f3f8552318db720
2024-11-11,Idamalayar,,4.1929,0.3812,,,2,,,,,official_observed_reference,313a87b475172c4e1dbb98aceb441bbf3b0b0b4beec80b8e7f3f8552318db720
2024-11-11,Sholayar,0.9597,10.4015,0.9456,54.6,18,,1,2,3,3,official_observed_reference,313a87b475172c4e1dbb98aceb441bbf3b0b0b4beec80b8e7f3f8552318db720
2024-11-11,Pallivasal,0.4869,5.281,0.4801,20.4,,,2,4,4,4,official_observed_reference,313a87b475172c4e1dbb98aceb441bbf3b0b0b4beec80b8e7f3f8552318db720
2024-11-11,Kuttiadi,2.3684,18.8245,1.7113,195.2,22,1,,5,4,4,official_observed_reference,313a87b475172c4e1dbb98aceb441bbf3b0b0b4beec80b8e7f3f8552318db720
2024-11-11,Panniar,0.7763,8.5318,0.7756,32.4,,,,2,2,2,official_observed_reference,313a87b475172c4e1dbb98aceb441bbf3b0b0b4beec80b8e7f3f8552318db720
2024-11-11,Neriamangalam,1.4685,15.83,1.4391,71.6,19,,,4,4,4,official_observed_reference,313a87b475172c4e1dbb98aceb441bbf3b0b0b4beec80b8e7f3f8552318db720
2024-11-11,Lower Periyar,2.26,26.146,2.3769,158,,1,,2,2,2,official_observed_reference,313a87b475172c4e1dbb98aceb441bbf3b0b0b4beec80b8e7f3f8552318db720
2024-11-11,"Poringalkuthu, PLBE",0.8582,9.9637,0.9058,52.16,1,,,6,5,6,official_observed_reference,313a87b475172c4e1dbb98aceb441bbf3b0b0b4beec80b8e7f3f8552318db720
2024-11-11,Sengulam,0.334,3.9235,0.3567,50.6,19,,,4,,4,official_observed_reference,313a87b475172c4e1dbb98aceb441bbf3b0b0b4beec80b8e7f3f8552318db720
2024-11-11,Kakkad,0.4336,4.2531,0.3866,36.12,20,,,2,,2,official_observed_reference,313a87b475172c4e1dbb98aceb441bbf3b0b0b4beec80b8e7f3f8552318db720
2024-11-11,Kallada,0.0345,0.4671,0.0425,8,17,,,2,,1,official_observed_reference,313a87b475172c4e1dbb98aceb441bbf3b0b0b4beec80b8e7f3f8552318db720
2024-11-11,Malankara,0.0842,0.7478,0.068,4.2,,1,,2,2,2,official_observed_reference,313a87b475172c4e1dbb98aceb441bbf3b0b0b4beec80b8e7f3f8552318db720
2024-11-11,Maniyar,0.0751,1.0217,0.0929,,,,,3,1,3,official_observed_reference,313a87b475172c4e1dbb98aceb441bbf3b0b0b4beec80b8e7f3f8552318db720
2024-11-11,Kuthungal,0.1756,2.9245,0.2659,8.4,19,,,3,2,2,official_observed_reference,313a87b475172c4e1dbb98aceb441bbf3b0b0b4beec80b8e7f3f8552318db720
2024-11-12,Idukki,6.705,45.121,3.7601,610,17,1,,5,3,5,official_observed_reference,762ddcaf08e1cb3f3230c5e12ea8c8029ae95d311287d960f26e507b40cb2a46
2024-11-12,Sabarigiri,3.941,28.7992,2.3999,275.8,17,1,,5,3,5,official_observed_reference,762ddcaf08e1cb3f3230c5e12ea8c8029ae95d311287d960f26e507b40cb2a46
2024-11-12,Idamalayar,,4.1929,0.3494,,,2,,,,,official_observed_reference,762ddcaf08e1cb3f3230c5e12ea8c8029ae95d311287d960f26e507b40cb2a46
2024-11-12,Sholayar,0.7953,11.1968,0.9331,54.6,19,,1,2,3,3,official_observed_reference,762ddcaf08e1cb3f3230c5e12ea8c8029ae95d311287d960f26e507b40cb2a46
2024-11-12,Pallivasal,0.4871,5.7681,0.4807,20.4,,,2,4,4,4,official_observed_reference,762ddcaf08e1cb3f3230c5e12ea8c8029ae95d311287d960f26e507b40cb2a46
2024-11-12,Kuttiadi,2.6841,21.5086,1.7924,194.8,17,1,,5,2,5,official_observed_reference,762ddcaf08e1cb3f3230c5e12ea8c8029ae95d311287d960f26e507b40cb2a46
2024-11-12,Panniar,0.7761,9.3079,0.7757,32.4,,,,2,2,2,official_observed_reference,762ddcaf08e1cb3f3230c5e12ea8c8029ae95d311287d960f26e507b40cb2a46
2024-11-12,Neriamangalam,0.9389,16.7689,1.3974,71,18,,,4,2,4,official_observed_reference,762ddcaf08e1cb3f3230c5e12ea8c8029ae95d311287d960f26e507b40cb2a46
2024-11-12,Lower Periyar,1.564,27.71,2.3092,106,,1,,2,2,2,official_observed_reference,762ddcaf08e1cb3f3230c5e12ea8c8029ae95d311287d960f26e507b40cb2a46
2024-11-12,"Poringalkuthu, PLBE",0.4467,10.4103,0.8675,52.28,20,,,6,2,6,official_observed_reference,762ddcaf08e1cb3f3230c5e12ea8c8029ae95d311287d960f26e507b40cb2a46
2024-11-12,Sengulam,0.3869,4.3104,0.3592,50.8,21,,,4,1,4,official_observed_reference,762ddcaf08e1cb3f3230c5e12ea8c8029ae95d311287d960f26e507b40cb2a46
2024-11-12,Kakkad,0.5939,4.847,0.4039,36.04,,,,2,1,2,official_observed_reference,762ddcaf08e1cb3f3230c5e12ea8c8029ae95d311287d960f26e507b40cb2a46
2024-11-12,Kallada,0.0463,0.5134,0.0428,8.8,16,,,2,,1,official_observed_reference,762ddcaf08e1cb3f3230c5e12ea8c8029ae95d311287d960f26e507b40cb2a46
2024-11-12,Malankara,0.0877,0.8355,0.0696,4.35,19,1,,2,2,2,official_observed_reference,762ddcaf08e1cb3f3230c5e12ea8c8029ae95d311287d960f26e507b40cb2a46
2024-11-12,Maniyar,0.0836,1.1052,0.0921,,,,,3,1,2,official_observed_reference,762ddcaf08e1cb3f3230c5e12ea8c8029ae95d311287d960f26e507b40cb2a46
2024-11-12,Kuthungal,0.1434,3.0679,0.2557,7.4,11,,,3,1,1,official_observed_reference,762ddcaf08e1cb3f3230c5e12ea8c8029ae95d311287d960f26e507b40cb2a46
2024-11-13,Idukki,5.259,50.38,3.8754,600,18,1,,5,3,5,official_observed_reference,a6fc535b188ea4b9d2e2e9b5e6a4a8f35be92eb0a69437a239948276850886c3
2024-11-13,Sabarigiri,3.2614,32.0606,2.4662,276.2,21,1,,5,3,5,official_observed_reference,a6fc535b188ea4b9d2e2e9b5e6a4a8f35be92eb0a69437a239948276850886c3
2024-11-13,Idamalayar,,4.1929,0.3225,,,2,,,,,official_observed_reference,a6fc535b188ea4b9d2e2e9b5e6a4a8f35be92eb0a69437a239948276850886c3
2024-11-13,Sholayar,0.6742,11.871,0.9132,54.4,17,,1,2,1,3,official_observed_reference,a6fc535b188ea4b9d2e2e9b5e6a4a8f35be92eb0a69437a239948276850886c3
2024-11-13,Pallivasal,0.4873,6.2554,0.4812,20.6,18,,2,4,4,4,official_observed_reference,a6fc535b188ea4b9d2e2e9b5e6a4a8f35be92eb0a69437a239948276850886c3
2024-11-13,Kuttiadi,1.7832,23.2918,1.7917,185,21,1,,5,1,5,official_observed_reference,a6fc535b188ea4b9d2e2e9b5e6a4a8f35be92eb0a69437a239948276850886c3
2024-11-13,Panniar,0.6767,9.9846,0.768,32.4,,,,2,2,2,official_observed_reference,a6fc535b188ea4b9d2e2e9b5e6a4a8f35be92eb0a69437a239948276850886c3
2024-11-13,Neriamangalam,1.1501,17.919,1.3784,51.8,19,1,,3,3,3,official_observed_reference,a6fc535b188ea4b9d2e2e9b5e6a4a8f35be92eb0a69437a239948276850886c3
2024-11-13,Lower Periyar,1.978,29.688,2.2837,102,,1,,2,2,2,official_observed_reference,a6fc535b188ea4b9d2e2e9b5e6a4a8f35be92eb0a69437a239948276850886c3
2024-11-13,"Poringalkuthu, PLBE",0.3347,10.745,0.8265,52.32,23,,,6,,6,official_observed_reference,a6fc535b188ea4b9d2e2e9b5e6a4a8f35be92eb0a69437a239948276850886c3
2024-11-13,Sengulam,0.2974,4.6078,0.3544,51.6,22,,,4,,4,official_observed_reference,a6fc535b188ea4b9d2e2e9b5e6a4a8f35be92eb0a69437a239948276850886c3
2024-11-13,Kakkad,0.5118,5.3588,0.4122,36.04,22,,,2,1,2,official_observed_reference,a6fc535b188ea4b9d2e2e9b5e6a4a8f35be92eb0a69437a239948276850886c3
2024-11-13,Kallada,0.034,0.5474,0.0421,7.6,18,,,2,,1,official_observed_reference,a6fc535b188ea4b9d2e2e9b5e6a4a8f35be92eb0a69437a239948276850886c3
2024-11-13,Malankara,0.0893,0.9248,0.0711,4.2,,1,,2,2,2,official_observed_reference,a6fc535b188ea4b9d2e2e9b5e6a4a8f35be92eb0a69437a239948276850886c3
2024-11-13,Maniyar,0.0804,1.1856,0.0912,,,,,3,1,2,official_observed_reference,a6fc535b188ea4b9d2e2e9b5e6a4a8f35be92eb0a69437a239948276850886c3
2024-11-13,Kuthungal,0.168,3.2359,0.2489,12.2,16,,,3,1,2,official_observed_reference,a6fc535b188ea4b9d2e2e9b5e6a4a8f35be92eb0a69437a239948276850886c3
2024-11-14,Idukki,4.986,55.366,3.9547,572,22,1,,5,2,5,official_observed_reference,46e1d87737621a3d715d5031275f30c3e5a4a1f107abacc69c17bbd46272651f
2024-11-14,Sabarigiri,3.0233,35.0839,2.506,270.4,19,1,,5,2,5,official_observed_reference,46e1d87737621a3d715d5031275f30c3e5a4a1f107abacc69c17bbd46272651f
2024-11-14,Idamalayar,,4.1929,0.2995,,,2,,,,,official_observed_reference,46e1d87737621a3d715d5031275f30c3e5a4a1f107abacc69c17bbd46272651f
2024-11-14,Sholayar,0.5749,12.4459,0.889,54.6,22,,,3,1,3,official_observed_reference,46e1d87737621a3d715d5031275f30c3e5a4a1f107abacc69c17bbd46272651f
2024-11-14,Pallivasal,0.4818,6.7372,0.4812,20.6,7,,2,4,4,4,official_observed_reference,46e1d87737621a3d715d5031275f30c3e5a4a1f107abacc69c17bbd46272651f
2024-11-14,Kuttiadi,1.9377,25.2295,1.8021,196,17,1,,5,1,5,official_observed_reference,46e1d87737621a3d715d5031275f30c3e5a4a1f107abacc69c17bbd46272651f
2024-11-14,Panniar,0.7761,10.7607,0.7686,32.4,,,,2,2,2,official_observed_reference,46e1d87737621a3d715d5031275f30c3e5a4a1f107abacc69c17bbd46272651f
2024-11-14,Neriamangalam,1.2378,19.1568,1.3683,52.4,18,1,,3,3,3,official_observed_reference,46e1d87737621a3d715d5031275f30c3e5a4a1f107abacc69c17bbd46272651f
2024-11-14,Lower Periyar,1.9,31.588,2.2563,104,19,1,,2,2,2,official_observed_reference,46e1d87737621a3d715d5031275f30c3e5a4a1f107abacc69c17bbd46272651f
2024-11-14,"Poringalkuthu, PLBE",0.3329,11.0779,0.7913,51.98,22,,,6,,6,official_observed_reference,46e1d87737621a3d715d5031275f30c3e5a4a1f107abacc69c17bbd46272651f
2024-11-14,Sengulam,0.3701,4.9779,0.3556,50.4,18,,,4,,4,official_observed_reference,46e1d87737621a3d715d5031275f30c3e5a4a1f107abacc69c17bbd46272651f
2024-11-14,Kakkad,0.4121,5.7709,0.4122,36.1,23,,,2,,2,official_observed_reference,46e1d87737621a3d715d5031275f30c3e5a4a1f107abacc69c17bbd46272651f
2024-11-14,Kallada,0.0338,0.5812,0.0415,7.6,18,,,2,,1,official_observed_reference,46e1d87737621a3d715d5031275f30c3e5a4a1f107abacc69c17bbd46272651f
2024-11-14,Malankara,0.0878,1.0127,0.0723,4.2,,1,,2,2,2,official_observed_reference,46e1d87737621a3d715d5031275f30c3e5a4a1f107abacc69c17bbd46272651f
2024-11-14,Maniyar,0.0632,1.2489,0.0892,,,,,3,1,3,official_observed_reference,46e1d87737621a3d715d5031275f30c3e5a4a1f107abacc69c17bbd46272651f
2024-11-14,Kuthungal,0.1463,3.3822,0.2416,6.4,7,,,3,1,1,official_observed_reference,46e1d87737621a3d715d5031275f30c3e5a4a1f107abacc69c17bbd46272651f
2024-11-15,Idukki,4.645,60.011,4.0007,562,19,,,6,2,6,official_observed_reference,2f00c6f8f82dc6111951c7404d2d4025be9ae7278091489d09995b7cff792018
2024-11-15,Sabarigiri,3.3268,38.4107,2.5607,271,18,1,,5,3,5,official_observed_reference,2f00c6f8f82dc6111951c7404d2d4025be9ae7278091489d09995b7cff792018
2024-11-15,Idamalayar,,4.1929,0.2795,,,2,,,,,official_observed_reference,2f00c6f8f82dc6111951c7404d2d4025be9ae7278091489d09995b7cff792018
2024-11-15,Sholayar,0.9058,13.3517,0.8901,54.6,19,,,3,2,3,official_observed_reference,2f00c6f8f82dc6111951c7404d2d4025be9ae7278091489d09995b7cff792018
2024-11-15,Pallivasal,0.486,7.2232,0.4815,20.6,13,,2,4,4,4,official_observed_reference,2f00c6f8f82dc6111951c7404d2d4025be9ae7278091489d09995b7cff792018
2024-11-15,Kuttiadi,1.9044,27.1339,1.8089,191.4,21,1,,5,2,5,official_observed_reference,2f00c6f8f82dc6111951c7404d2d4025be9ae7278091489d09995b7cff792018
2024-11-15,Panniar,0.7746,11.5353,0.769,32.4,,,,2,2,2,official_observed_reference,2f00c6f8f82dc6111951c7404d2d4025be9ae7278091489d09995b7cff792018
2024-11-15,Neriamangalam,1.1312,20.288,1.3525,52,,1,,3,3,3,official_observed_reference,2f00c6f8f82dc6111951c7404d2d4025be9ae7278091489d09995b7cff792018
2024-11-15,Lower Periyar,1.682,33.27,2.218,104,18,1,,2,2,2,official_observed_reference,2f00c6f8f82dc6111951c7404d2d4025be9ae7278091489d09995b7cff792018
2024-11-15,"Poringalkuthu, PLBE",0.3224,11.4003,0.76,43.84,21,1,,6,1,5,official_observed_reference,2f00c6f8f82dc6111951c7404d2d4025be9ae7278091489d09995b7cff792018
2024-11-15,Sengulam,0.3719,5.3498,0.3567,50.4,21,,,4,2,4,official_observed_reference,2f00c6f8f82dc6111951c7404d2d4025be9ae7278091489d09995b7cff792018
2024-11-15,Kakkad,0.5685,6.3394,0.4226,36.08,,,,2,1,2,official_observed_reference,2f00c6f8f82dc6111951c7404d2d4025be9ae7278091489d09995b7cff792018
2024-11-15,Kallada,0.0335,0.6147,0.041,7.6,18,,,2,,1,official_observed_reference,2f00c6f8f82dc6111951c7404d2d4025be9ae7278091489d09995b7cff792018
2024-11-15,Malankara,0.086,1.0986,0.0732,4.2,8,1,,2,2,2,official_observed_reference,2f00c6f8f82dc6111951c7404d2d4025be9ae7278091489d09995b7cff792018
2024-11-15,Maniyar,0.0835,1.3323,0.0888,,,,,3,1,2,official_observed_reference,2f00c6f8f82dc6111951c7404d2d4025be9ae7278091489d09995b7cff792018
2024-11-15,Kuthungal,0.1549,3.5371,0.2358,7,22,,,3,1,1,official_observed_reference,2f00c6f8f82dc6111951c7404d2d4025be9ae7278091489d09995b7cff792018
2024-11-16,Idukki,4.65,64.661,4.0413,690,18,,,6,2,6,official_observed_reference,a95bbbef861975b8f052a5179b5c0bd3d2b51d03f50590ddcf773eef2aa5423c
2024-11-16,Sabarigiri,2.263,40.6737,2.5421,271.8,18,1,,5,,5,official_observed_reference,a95bbbef861975b8f052a5179b5c0bd3d2b51d03f50590ddcf773eef2aa5423c
2024-11-16,Idamalayar,,4.1929,0.2621,,,2,,,,,official_observed_reference,a95bbbef861975b8f052a5179b5c0bd3d2b51d03f50590ddcf773eef2aa5423c
2024-11-16,Sholayar,0.8476,14.1993,0.8875,54.4,19,,,3,2,3,official_observed_reference,a95bbbef861975b8f052a5179b5c0bd3d2b51d03f50590ddcf773eef2aa5423c
2024-11-16,Pallivasal,0.4862,7.7094,0.4818,20.4,,,2,4,4,4,official_observed_reference,a95bbbef861975b8f052a5179b5c0bd3d2b51d03f50590ddcf773eef2aa5423c
2024-11-16,Kuttiadi,1.481,28.6149,1.7884,192.8,21,1,,5,,5,official_observed_reference,a95bbbef861975b8f052a5179b5c0bd3d2b51d03f50590ddcf773eef2aa5423c
2024-11-16,Panniar,0.7761,12.3114,0.7695,32.4,,,,2,2,2,official_observed_reference,a95bbbef861975b8f052a5179b5c0bd3d2b51d03f50590ddcf773eef2aa5423c
2024-11-16,Neriamangalam,1.0903,21.3783,1.3361,52.2,22,1,,3,3,3,official_observed_reference,a95bbbef861975b8f052a5179b5c0bd3d2b51d03f50590ddcf773eef2aa5423c
2024-11-16,Lower Periyar,1.91,35.18,2.1988,104,,1,,2,2,2,official_observed_reference,a95bbbef861975b8f052a5179b5c0bd3d2b51d03f50590ddcf773eef2aa5423c
2024-11-16,"Poringalkuthu, PLBE",0.2675,11.6678,0.7292,43.84,21,1,,5,,5,official_observed_reference,a95bbbef861975b8f052a5179b5c0bd3d2b51d03f50590ddcf773eef2aa5423c
2024-11-16,Sengulam,0.303,5.6528,0.3533,50.4,20,,,4,,4,official_observed_reference,a95bbbef861975b8f052a5179b5c0bd3d2b51d03f50590ddcf773eef2aa5423c
2024-11-16,Kakkad,0.2985,6.6379,0.4149,35.84,23,,,2,,2,official_observed_reference,a95bbbef861975b8f052a5179b5c0bd3d2b51d03f50590ddcf773eef2aa5423c
2024-11-16,Kallada,0.0291,0.6438,0.0402,7.6,19,,,2,,1,official_observed_reference,a95bbbef861975b8f052a5179b5c0bd3d2b51d03f50590ddcf773eef2aa5423c
2024-11-16,Malankara,0.0797,1.1783,0.0736,3.6,,1,,2,,2,official_observed_reference,a95bbbef861975b8f052a5179b5c0bd3d2b51d03f50590ddcf773eef2aa5423c
2024-11-16,Maniyar,0.0393,1.3717,0.0857,,,,,3,,2,official_observed_reference,a95bbbef861975b8f052a5179b5c0bd3d2b51d03f50590ddcf773eef2aa5423c
2024-11-16,Kuthungal,0.1572,3.6943,0.2309,7.4,4,,,3,1,2,official_observed_reference,a95bbbef861975b8f052a5179b5c0bd3d2b51d03f50590ddcf773eef2aa5423c
2024-11-18,Idukki,3.256,70.763,3.9313,600,17,,,6,1,5,official_observed_reference,a145f6a83c65efec7ab5bf40b9bd04c35ff9a6fb1e93986f221d1a9077a482f4
2024-11-18,Sabarigiri,3.5328,47.5935,2.6441,265.8,17,1,,5,3,5,official_observed_reference,a145f6a83c65efec7ab5bf40b9bd04c35ff9a6fb1e93986f221d1a9077a482f4
2024-11-18,Idamalayar,,4.1929,0.2329,,,2,,,,,official_observed_reference,a145f6a83c65efec7ab5bf40b9bd04c35ff9a6fb1e93986f221d1a9077a482f4
2024-11-18,Sholayar,0.7527,15.82,0.8789,54.4,18,,,3,2,3,official_observed_reference,a145f6a83c65efec7ab5bf40b9bd04c35ff9a6fb1e93986f221d1a9077a482f4
2024-11-18,Pallivasal,0.4861,8.6819,0.4823,20.4,,,2,4,4,4,official_observed_reference,a145f6a83c65efec7ab5bf40b9bd04c35ff9a6fb1e93986f221d1a9077a482f4
2024-11-18,Kuttiadi,1.382,31.1444,1.7302,199.8,19,1,,5,,5,official_observed_reference,a145f6a83c65efec7ab5bf40b9bd04c35ff9a6fb1e93986f221d1a9077a482f4
2024-11-18,Panniar,0.7762,13.8637,0.7702,32.4,,,,2,2,2,official_observed_reference,a145f6a83c65efec7ab5bf40b9bd04c35ff9a6fb1e93986f221d1a9077a482f4
2024-11-18,Neriamangalam,1.2259,23.8308,1.3239,52.4,20,1,,3,3,3,official_observed_reference,a145f6a83c65efec7ab5bf40b9bd04c35ff9a6fb1e93986f221d1a9077a482f4
2024-11-18,Lower Periyar,1.642,38.7,2.15,106,,1,,2,2,2,official_observed_reference,a145f6a83c65efec7ab5bf40b9bd04c35ff9a6fb1e93986f221d1a9077a482f4
2024-11-18,"Poringalkuthu, PLBE",0.2586,12.1805,0.6767,43.7,21,1,,5,1,5,official_observed_reference,a145f6a83c65efec7ab5bf40b9bd04c35ff9a6fb1e93986f221d1a9077a482f4
2024-11-18,Sengulam,0.3363,6.3423,0.3524,50.6,18,,,4,1,4,official_observed_reference,a145f6a83c65efec7ab5bf40b9bd04c35ff9a6fb1e93986f221d1a9077a482f4
2024-11-18,Kakkad,0.5373,7.6931,0.4274,35.36,18,,,2,1,2,official_observed_reference,a145f6a83c65efec7ab5bf40b9bd04c35ff9a6fb1e93986f221d1a9077a482f4
2024-11-18,Kallada,0.0333,0.7101,0.0395,7.6,18,,,2,,1,official_observed_reference,a145f6a83c65efec7ab5bf40b9bd04c35ff9a6fb1e93986f221d1a9077a482f4
2024-11-18,Malankara,0.059,1.3095,0.0728,3.3,,1,,2,2,2,official_observed_reference,a145f6a83c65efec7ab5bf40b9bd04c35ff9a6fb1e93986f221d1a9077a482f4
2024-11-18,Maniyar,0.0635,1.5063,0.0837,,,,,3,1,2,official_observed_reference,a145f6a83c65efec7ab5bf40b9bd04c35ff9a6fb1e93986f221d1a9077a482f4
2024-11-18,Kuthungal,0.138,3.9862,0.2215,6.2,8,,,3,1,1,official_observed_reference,a145f6a83c65efec7ab5bf40b9bd04c35ff9a6fb1e93986f221d1a9077a482f4
2024-11-19,Idukki,3.674,74.437,3.9177,602,18,1,,5,1,5,official_observed_reference,1c1ebccd8f3c0aa2dd9ef788a9c8fc29ae7b31fe5b3de77834abcf01f0787d5c
2024-11-19,Sabarigiri,3.0771,50.6706,2.6669,273.2,23,1,,5,2,5,official_observed_reference,1c1ebccd8f3c0aa2dd9ef788a9c8fc29ae7b31fe5b3de77834abcf01f0787d5c
2024-11-19,Idamalayar,,4.1929,0.2207,,,2,,,,,official_observed_reference,1c1ebccd8f3c0aa2dd9ef788a9c8fc29ae7b31fe5b3de77834abcf01f0787d5c
2024-11-19,Sholayar,0.7612,16.5812,0.8727,54.6,18,,,3,2,3,official_observed_reference,1c1ebccd8f3c0aa2dd9ef788a9c8fc29ae7b31fe5b3de77834abcf01f0787d5c
2024-11-19,Pallivasal,0.4864,9.1683,0.4825,20.4,,,2,4,4,4,official_observed_reference,1c1ebccd8f3c0aa2dd9ef788a9c8fc29ae7b31fe5b3de77834abcf01f0787d5c
2024-11-19,Kuttiadi,1.0002,32.1446,1.6918,145.6,20,2,,4,,4,official_observed_reference,1c1ebccd8f3c0aa2dd9ef788a9c8fc29ae7b31fe5b3de77834abcf01f0787d5c
2024-11-19,Panniar,0.7761,14.6398,0.7705,32.4,,,,2,2,2,official_observed_reference,1c1ebccd8f3c0aa2dd9ef788a9c8fc29ae7b31fe5b3de77834abcf01f0787d5c
2024-11-19,Neriamangalam,1.2318,25.0626,1.3191,52.2,22,1,,3,3,3,official_observed_reference,1c1ebccd8f3c0aa2dd9ef788a9c8fc29ae7b31fe5b3de77834abcf01f0787d5c
2024-11-19,Lower Periyar,1.782,40.482,2.1306,104,17,1,,2,2,2,official_observed_reference,1c1ebccd8f3c0aa2dd9ef788a9c8fc29ae7b31fe5b3de77834abcf01f0787d5c
2024-11-19,"Poringalkuthu, PLBE",0.2927,12.4732,0.6565,43.6,22,1,,5,1,5,official_observed_reference,1c1ebccd8f3c0aa2dd9ef788a9c8fc29ae7b31fe5b3de77834abcf01f0787d5c
2024-11-19,Sengulam,0.3752,6.7175,0.3536,51.2,21,,,4,1,4,official_observed_reference,1c1ebccd8f3c0aa2dd9ef788a9c8fc29ae7b31fe5b3de77834abcf01f0787d5c
2024-11-19,Kakkad,0.4995,8.1926,0.4312,35.3,20,,,2,1,2,official_observed_reference,1c1ebccd8f3c0aa2dd9ef788a9c8fc29ae7b31fe5b3de77834abcf01f0787d5c
2024-11-19,Kallada,0.0341,0.7442,0.0392,7.6,18,,,2,,1,official_observed_reference,1c1ebccd8f3c0aa2dd9ef788a9c8fc29ae7b31fe5b3de77834abcf01f0787d5c
2024-11-19,Malankara,0.052,1.3615,0.0717,3,1,1,,2,2,2,official_observed_reference,1c1ebccd8f3c0aa2dd9ef788a9c8fc29ae7b31fe5b3de77834abcf01f0787d5c
2024-11-19,Maniyar,0.0601,1.5664,0.0824,,,,,3,1,2,official_observed_reference,1c1ebccd8f3c0aa2dd9ef788a9c8fc29ae7b31fe5b3de77834abcf01f0787d5c
2024-11-19,Kuthungal,0.13,4.1162,0.2166,6,10,,,3,1,1,official_observed_reference,1c1ebccd8f3c0aa2dd9ef788a9c8fc29ae7b31fe5b3de77834abcf01f0787d5c
2024-11-20,Idukki,3.151,77.588,3.8794,496,17,1,,5,1,5,official_observed_reference,e77cd64a72877f6fb9e94792cfb16befb7ee4a47cfc3b6ddb1c01d260eaf30c5
2024-11-20,Sabarigiri,3.3314,54.002,2.7001,270.6,22,1,,5,2,5,official_observed_reference,e77cd64a72877f6fb9e94792cfb16befb7ee4a47cfc3b6ddb1c01d260eaf30c5
2024-11-20,Idamalayar,,4.1929,0.2096,,,2,,,,,official_observed_reference,e77cd64a72877f6fb9e94792cfb16befb7ee4a47cfc3b6ddb1c01d260eaf30c5
2024-11-20,Sholayar,0.7114,17.2926,0.8646,54.6,18,,,3,2,3,official_observed_reference,e77cd64a72877f6fb9e94792cfb16befb7ee4a47cfc3b6ddb1c01d260eaf30c5
2024-11-20,Pallivasal,0.4863,9.6546,0.4827,20.4,,,2,4,4,4,official_observed_reference,e77cd64a72877f6fb9e94792cfb16befb7ee4a47cfc3b6ddb1c01d260eaf30c5
2024-11-20,Kuttiadi,1.2096,33.3542,1.6677,146.2,22,2,,4,,4,official_observed_reference,e77cd64a72877f6fb9e94792cfb16befb7ee4a47cfc3b6ddb1c01d260eaf30c5
2024-11-20,Panniar,0.651,15.2908,0.7645,32.4,,,,2,2,2,official_observed_reference,e77cd64a72877f6fb9e94792cfb16befb7ee4a47cfc3b6ddb1c01d260eaf30c5
2024-11-20,Neriamangalam,0.6669,25.7295,1.2865,51.6,1,1,,3,3,3,official_observed_reference,e77cd64a72877f6fb9e94792cfb16befb7ee4a47cfc3b6ddb1c01d260eaf30c5
2024-11-20,Lower Periyar,1.455,41.937,2.0969,104,17,1,,2,1,2,official_observed_reference,e77cd64a72877f6fb9e94792cfb16befb7ee4a47cfc3b6ddb1c01d260eaf30c5
2024-11-20,"Poringalkuthu, PLBE",0.2441,12.7173,0.6359,37.88,22,1,,5,,5,official_observed_reference,e77cd64a72877f6fb9e94792cfb16befb7ee4a47cfc3b6ddb1c01d260eaf30c5
2024-11-20,Sengulam,0.3573,7.0748,0.3537,50.6,19,,,4,1,4,official_observed_reference,e77cd64a72877f6fb9e94792cfb16befb7ee4a47cfc3b6ddb1c01d260eaf30c5
2024-11-20,Kakkad,0.5342,8.7268,0.4363,35.82,22,,,2,1,2,official_observed_reference,e77cd64a72877f6fb9e94792cfb16befb7ee4a47cfc3b6ddb1c01d260eaf30c5
2024-11-20,Kallada,0.2103,0.9545,0.0477,15.2,14,,,2,,1,official_observed_reference,e77cd64a72877f6fb9e94792cfb16befb7ee4a47cfc3b6ddb1c01d260eaf30c5
2024-11-20,Malankara,0.059,1.4205,0.071,3,,1,,2,2,2,official_observed_reference,e77cd64a72877f6fb9e94792cfb16befb7ee4a47cfc3b6ddb1c01d260eaf30c5
2024-11-20,Maniyar,0.0617,1.6281,0.0814,,,,,3,1,3,official_observed_reference,e77cd64a72877f6fb9e94792cfb16befb7ee4a47cfc3b6ddb1c01d260eaf30c5
2024-11-20,Kuthungal,0.1336,4.2498,0.2125,6.4,9,,,3,1,2,official_observed_reference,e77cd64a72877f6fb9e94792cfb16befb7ee4a47cfc3b6ddb1c01d260eaf30c5
2024-11-21,Idukki,3.78,81.368,3.8747,580,18,1,,5,1,5,official_observed_reference,1b761125eae9da83aa41b7249d1816bcd10327087b45e9c93f8a5fe3beb78af5
2024-11-21,Sabarigiri,3.5268,57.5288,2.7395,271,20,1,,5,3,5,official_observed_reference,1b761125eae9da83aa41b7249d1816bcd10327087b45e9c93f8a5fe3beb78af5
2024-11-21,Idamalayar,,4.1929,0.1997,,,2,,,,,official_observed_reference,1b761125eae9da83aa41b7249d1816bcd10327087b45e9c93f8a5fe3beb78af5
2024-11-21,Sholayar,0.7511,18.0437,0.8592,54.6,17,,,3,2,3,official_observed_reference,1b761125eae9da83aa41b7249d1816bcd10327087b45e9c93f8a5fe3beb78af5
2024-11-21,Pallivasal,0.4863,10.1409,0.4829,20.4,,,2,4,4,4,official_observed_reference,1b761125eae9da83aa41b7249d1816bcd10327087b45e9c93f8a5fe3beb78af5
2024-11-21,Kuttiadi,1.1409,34.4951,1.6426,144.6,20,2,,4,,4,official_observed_reference,1b761125eae9da83aa41b7249d1816bcd10327087b45e9c93f8a5fe3beb78af5
2024-11-21,Panniar,0.7004,15.9912,0.7615,32.4,,,,2,2,2,official_observed_reference,1b761125eae9da83aa41b7249d1816bcd10327087b45e9c93f8a5fe3beb78af5
2024-11-21,Neriamangalam,0.9421,26.6716,1.2701,52.2,19,1,,3,3,3,official_observed_reference,1b761125eae9da83aa41b7249d1816bcd10327087b45e9c93f8a5fe3beb78af5
2024-11-21,Lower Periyar,1.569,43.506,2.0717,156,18,,,3,1,3,official_observed_reference,1b761125eae9da83aa41b7249d1816bcd10327087b45e9c93f8a5fe3beb78af5
2024-11-21,"Poringalkuthu, PLBE",0.2555,12.9728,0.6178,43.06,20,1,,5,,5,official_observed_reference,1b761125eae9da83aa41b7249d1816bcd10327087b45e9c93f8a5fe3beb78af5
2024-11-21,Sengulam,0.3048,7.3796,0.3514,50.6,18,,,4,1,4,official_observed_reference,1b761125eae9da83aa41b7249d1816bcd10327087b45e9c93f8a5fe3beb78af5
2024-11-21,Kakkad,0.519,9.2458,0.4403,35.56,17,,,2,1,2,official_observed_reference,1b761125eae9da83aa41b7249d1816bcd10327087b45e9c93f8a5fe3beb78af5
2024-11-21,Kallada,0.1654,1.1199,0.0533,15.2,1,,,2,,2,official_observed_reference,1b761125eae9da83aa41b7249d1816bcd10327087b45e9c93f8a5fe3beb78af5
2024-11-21,Malankara,0.06,1.4805,0.0705,3.3,22,1,,2,2,2,official_observed_reference,1b761125eae9da83aa41b7249d1816bcd10327087b45e9c93f8a5fe3beb78af5
2024-11-21,Maniyar,0.0638,1.6919,0.0806,,,,,3,1,3,official_observed_reference,1b761125eae9da83aa41b7249d1816bcd10327087b45e9c93f8a5fe3beb78af5
2024-11-21,Kuthungal,0.1321,4.3819,0.2087,6.4,13,,,3,2,2,official_observed_reference,1b761125eae9da83aa41b7249d1816bcd10327087b45e9c93f8a5fe3beb78af5
2024-11-22,Idukki,4.673,86.041,3.911,598,18,1,,5,2,5,official_observed_reference,b2468aa616f9dd02576c19e13f55a6f8a564b71a403fab24d35aa214b6221854
2024-11-22,Sabarigiri,3.1328,60.6616,2.7573,271,22,1,,5,3,5,official_observed_reference,b2468aa616f9dd02576c19e13f55a6f8a564b71a403fab24d35aa214b6221854
2024-11-22,Idamalayar,,4.1929,0.1906,,,2,,,,,official_observed_reference,b2468aa616f9dd02576c19e13f55a6f8a564b71a403fab24d35aa214b6221854
2024-11-22,Sholayar,0.7396,18.7833,0.8538,54.6,18,,,3,2,3,official_observed_reference,b2468aa616f9dd02576c19e13f55a6f8a564b71a403fab24d35aa214b6221854
2024-11-22,Pallivasal,0.4671,10.608,0.4822,20.4,1,,2,4,4,4,official_observed_reference,b2468aa616f9dd02576c19e13f55a6f8a564b71a403fab24d35aa214b6221854
2024-11-22,Kuttiadi,1.353,35.8481,1.6295,147,19,2,,4,2,4,official_observed_reference,b2468aa616f9dd02576c19e13f55a6f8a564b71a403fab24d35aa214b6221854
2024-11-22,Panniar,0.7127,16.7039,0.7593,32.4,,,,2,2,2,official_observed_reference,b2468aa616f9dd02576c19e13f55a6f8a564b71a403fab24d35aa214b6221854
2024-11-22,Neriamangalam,0.7902,27.4618,1.2483,52,22,1,,3,2,3,official_observed_reference,b2468aa616f9dd02576c19e13f55a6f8a564b71a403fab24d35aa214b6221854
2024-11-22,Lower Periyar,1.149,44.655,2.0298,158,18,,,3,1,3,official_observed_reference,b2468aa616f9dd02576c19e13f55a6f8a564b71a403fab24d35aa214b6221854
2024-11-22,"Poringalkuthu, PLBE",0.2799,13.2526,0.6024,43.16,21,1,,5,1,5,official_observed_reference,b2468aa616f9dd02576c19e13f55a6f8a564b71a403fab24d35aa214b6221854
2024-11-22,Sengulam,0.3904,7.77,0.3532,44.8,20,,,4,3,3,official_observed_reference,b2468aa616f9dd02576c19e13f55a6f8a564b71a403fab24d35aa214b6221854
2024-11-22,Kakkad,0.4783,9.7241,0.442,35.84,23,,,2,1,2,official_observed_reference,b2468aa616f9dd02576c19e13f55a6f8a564b71a403fab24d35aa214b6221854
2024-11-22,Kallada,0.0634,1.1833,0.0538,15.2,20,,,2,,2,official_observed_reference,b2468aa616f9dd02576c19e13f55a6f8a564b71a403fab24d35aa214b6221854
2024-11-22,Malankara,0.0718,1.5523,0.0706,3.6,21,1,,2,2,2,official_observed_reference,b2468aa616f9dd02576c19e13f55a6f8a564b71a403fab24d35aa214b6221854
2024-11-22,Maniyar,0.0486,1.7405,0.0791,,,,,3,1,2,official_observed_reference,b2468aa616f9dd02576c19e13f55a6f8a564b71a403fab24d35aa214b6221854
2024-11-22,Kuthungal,0.1236,4.5055,0.2048,7,16,,,3,1,1,official_observed_reference,b2468aa616f9dd02576c19e13f55a6f8a564b71a403fab24d35aa214b6221854
2024-11-23,Idukki,5.888,91.929,3.9969,606,17,1,,5,4,5,official_observed_reference,310bbc1573de19f19e75ebece061cae84b2cfe1076109047ec732ec91a58ba28
2024-11-23,Sabarigiri,3.5695,64.2311,2.7927,272.2,18,1,,5,3,5,official_observed_reference,310bbc1573de19f19e75ebece061cae84b2cfe1076109047ec732ec91a58ba28
2024-11-23,Idamalayar,0.2766,4.4695,0.1943,37.2,17,1,,1,,1,official_observed_reference,310bbc1573de19f19e75ebece061cae84b2cfe1076109047ec732ec91a58ba28
2024-11-23,Sholayar,0.6487,19.432,0.8449,36.4,8,,,3,2,2,official_observed_reference,310bbc1573de19f19e75ebece061cae84b2cfe1076109047ec732ec91a58ba28
2024-11-23,Pallivasal,0.4856,11.0936,0.4823,20.4,,,2,4,4,4,official_observed_reference,310bbc1573de19f19e75ebece061cae84b2cfe1076109047ec732ec91a58ba28
2024-11-23,Kuttiadi,1.3987,37.2468,1.6194,145.2,22,2,,4,2,4,official_observed_reference,310bbc1573de19f19e75ebece061cae84b2cfe1076109047ec732ec91a58ba28
2024-11-23,Panniar,0.6184,17.3223,0.7531,32.4,5,,,2,2,2,official_observed_reference,310bbc1573de19f19e75ebece061cae84b2cfe1076109047ec732ec91a58ba28
2024-11-23,Neriamangalam,0.4719,27.9337,1.2145,51.8,,1,,3,1,2,official_observed_reference,310bbc1573de19f19e75ebece061cae84b2cfe1076109047ec732ec91a58ba28
2024-11-23,Lower Periyar,1.068,45.723,1.988,154,18,,,3,,3,official_observed_reference,310bbc1573de19f19e75ebece061cae84b2cfe1076109047ec732ec91a58ba28
2024-11-23,"Poringalkuthu, PLBE",0.2088,13.4614,0.5853,42.86,18,1,,5,1,5,official_observed_reference,310bbc1573de19f19e75ebece061cae84b2cfe1076109047ec732ec91a58ba28
2024-11-23,Sengulam,0.3566,8.1266,0.3533,51.2,17,,,4,,4,official_observed_reference,310bbc1573de19f19e75ebece061cae84b2cfe1076109047ec732ec91a58ba28
2024-11-23,Kakkad,0.5185,10.2426,0.4453,35.88,19,,,2,1,2,official_observed_reference,310bbc1573de19f19e75ebece061cae84b2cfe1076109047ec732ec91a58ba28
2024-11-23,Kallada,0.0711,1.2544,0.0545,22.2,17,,,2,,2,official_observed_reference,310bbc1573de19f19e75ebece061cae84b2cfe1076109047ec732ec91a58ba28
2024-11-23,Malankara,0.0761,1.6283,0.0708,3.6,1,1,,2,2,2,official_observed_reference,310bbc1573de19f19e75ebece061cae84b2cfe1076109047ec732ec91a58ba28
2024-11-23,Maniyar,0.0663,1.8068,0.0786,,,,,3,1,2,official_observed_reference,310bbc1573de19f19e75ebece061cae84b2cfe1076109047ec732ec91a58ba28
2024-11-23,Kuthungal,0.1075,4.613,0.2006,5.2,13,,,3,1,1,official_observed_reference,310bbc1573de19f19e75ebece061cae84b2cfe1076109047ec732ec91a58ba28
2024-11-24,Idukki,4.306,96.235,4.0098,532,22,1,,5,2,5,official_observed_reference,a1c742ec60e253ce6116ef084e5c70965ce5f969d47e5e7d346b0b117cd16ee0
2024-11-24,Sabarigiri,3.0302,67.2613,2.8026,277.4,21,1,,5,1,5,official_observed_reference,a1c742ec60e253ce6116ef084e5c70965ce5f969d47e5e7d346b0b117cd16ee0
2024-11-24,Idamalayar,0.4776,4.9471,0.2061,37,,1,,1,1,,official_observed_reference,a1c742ec60e253ce6116ef084e5c70965ce5f969d47e5e7d346b0b117cd16ee0
2024-11-24,Sholayar,0.4327,19.8647,0.8277,36.2,18,,,3,,2,official_observed_reference,a1c742ec60e253ce6116ef084e5c70965ce5f969d47e5e7d346b0b117cd16ee0
2024-11-24,Pallivasal,0.4853,11.5789,0.4825,20.4,1,,2,4,4,4,official_observed_reference,a1c742ec60e253ce6116ef084e5c70965ce5f969d47e5e7d346b0b117cd16ee0
2024-11-24,Kuttiadi,1.076,38.3228,1.5968,145.8,20,2,,4,,4,official_observed_reference,a1c742ec60e253ce6116ef084e5c70965ce5f969d47e5e7d346b0b117cd16ee0
2024-11-24,Panniar,0.3056,17.6279,0.7345,32.4,17,,,2,,2,official_observed_reference,a1c742ec60e253ce6116ef084e5c70965ce5f969d47e5e7d346b0b117cd16ee0
2024-11-24,Neriamangalam,0.8575,28.7912,1.1996,51.6,20,1,,3,2,3,official_observed_reference,a1c742ec60e253ce6116ef084e5c70965ce5f969d47e5e7d346b0b117cd16ee0
2024-11-24,Lower Periyar,1.304,47.027,1.9595,160,18,,,3,1,3,official_observed_reference,a1c742ec60e253ce6116ef084e5c70965ce5f969d47e5e7d346b0b117cd16ee0
2024-11-24,"Poringalkuthu, PLBE",0.4146,13.876,0.5782,43.18,20,1,,5,1,5,official_observed_reference,a1c742ec60e253ce6116ef084e5c70965ce5f969d47e5e7d346b0b117cd16ee0
2024-11-24,Sengulam,0.3733,8.4999,0.3542,51,19,,,4,,4,official_observed_reference,a1c742ec60e253ce6116ef084e5c70965ce5f969d47e5e7d346b0b117cd16ee0
2024-11-24,Kakkad,0.4791,10.7216,0.4467,24.86,20,,,2,1,1,official_observed_reference,a1c742ec60e253ce6116ef084e5c70965ce5f969d47e5e7d346b0b117cd16ee0
2024-11-24,Kallada,0.072,1.3264,0.0553,17,17,,,2,,2,official_observed_reference,a1c742ec60e253ce6116ef084e5c70965ce5f969d47e5e7d346b0b117cd16ee0
2024-11-24,Malankara,0.0821,1.7104,0.0713,3.6,,1,,2,2,2,official_observed_reference,a1c742ec60e253ce6116ef084e5c70965ce5f969d47e5e7d346b0b117cd16ee0
2024-11-24,Maniyar,0.0518,1.8585,0.0774,,,,,3,1,2,official_observed_reference,a1c742ec60e253ce6116ef084e5c70965ce5f969d47e5e7d346b0b117cd16ee0
2024-11-24,Kuthungal,0.1017,4.7147,0.1964,4.8,8,,,3,1,1,official_observed_reference,a1c742ec60e253ce6116ef084e5c70965ce5f969d47e5e7d346b0b117cd16ee0
2024-11-25,Idukki,5.396,101.631,4.0652,612,18,1,,5,3,5,official_observed_reference,9ac7a9aa291528b2ac52b29a681528d0bf175333941714dccebc54be24c2928d
2024-11-25,Sabarigiri,3.3088,70.5701,2.8228,271.6,17,1,,5,3,5,official_observed_reference,9ac7a9aa291528b2ac52b29a681528d0bf175333941714dccebc54be24c2928d
2024-11-25,Idamalayar,0.5748,5.5219,0.2209,37,8,1,,1,1,1,official_observed_reference,9ac7a9aa291528b2ac52b29a681528d0bf175333941714dccebc54be24c2928d
2024-11-25,Sholayar,0.6489,20.5136,0.8205,36.4,7,,,3,2,2,official_observed_reference,9ac7a9aa291528b2ac52b29a681528d0bf175333941714dccebc54be24c2928d
2024-11-25,Pallivasal,0.4861,12.065,0.4826,20.4,5,,2,4,4,4,official_observed_reference,9ac7a9aa291528b2ac52b29a681528d0bf175333941714dccebc54be24c2928d
2024-11-25,Kuttiadi,1.1302,39.453,1.5781,146.2,20,2,,4,,4,official_observed_reference,9ac7a9aa291528b2ac52b29a681528d0bf175333941714dccebc54be24c2928d
2024-11-25,Panniar,0.6865,18.3144,0.7326,32.4,3,,,2,2,2,official_observed_reference,9ac7a9aa291528b2ac52b29a681528d0bf175333941714dccebc54be24c2928d
2024-11-25,Neriamangalam,0.7877,29.5789,1.1832,53,17,1,,3,2,3,official_observed_reference,9ac7a9aa291528b2ac52b29a681528d0bf175333941714dccebc54be24c2928d
2024-11-25,Lower Periyar,1.314,48.341,1.9336,156,17,,,3,1,3,official_observed_reference,9ac7a9aa291528b2ac52b29a681528d0bf175333941714dccebc54be24c2928d
2024-11-25,"Poringalkuthu, PLBE",0.4728,14.3488,0.574,43.26,17,1,,5,1,5,official_observed_reference,9ac7a9aa291528b2ac52b29a681528d0bf175333941714dccebc54be24c2928d
2024-11-25,Sengulam,0.3737,8.8736,0.3549,51.2,17,,,4,2,4,official_observed_reference,9ac7a9aa291528b2ac52b29a681528d0bf175333941714dccebc54be24c2928d
2024-11-25,Kakkad,0.5573,11.2789,0.4512,35.84,22,,,2,1,2,official_observed_reference,9ac7a9aa291528b2ac52b29a681528d0bf175333941714dccebc54be24c2928d
2024-11-25,Kallada,0.0761,1.4025,0.0561,15,18,,,2,,2,official_observed_reference,9ac7a9aa291528b2ac52b29a681528d0bf175333941714dccebc54be24c2928d
2024-11-25,Malankara,0.0803,1.7907,0.0716,3.6,1,1,,2,2,2,official_observed_reference,9ac7a9aa291528b2ac52b29a681528d0bf175333941714dccebc54be24c2928d
2024-11-25,Maniyar,0.0661,1.9246,0.077,,,,,3,1,3,official_observed_reference,9ac7a9aa291528b2ac52b29a681528d0bf175333941714dccebc54be24c2928d
2024-11-25,Kuthungal,0.1008,4.8155,0.1926,4.6,7,,,3,1,1,official_observed_reference,9ac7a9aa291528b2ac52b29a681528d0bf175333941714dccebc54be24c2928d
2024-11-26,Idukki,6.856,108.487,4.1726,610,17,1,,5,4,5,official_observed_reference,6bfda5950b8c842f4447c196f7777be972f3355c37cf77fc544e3883e66b725b
2024-11-26,Sabarigiri,3.6965,74.2666,2.8564,271.2,22,1,,5,3,5,official_observed_reference,6bfda5950b8c842f4447c196f7777be972f3355c37cf77fc544e3883e66b725b
2024-11-26,Idamalayar,0.688,6.2099,0.2388,36.8,9,1,,1,1,1,official_observed_reference,6bfda5950b8c842f4447c196f7777be972f3355c37cf77fc544e3883e66b725b
2024-11-26,Sholayar,0.6614,21.175,0.8144,41.6,22,1,,2,2,2,official_observed_reference,6bfda5950b8c842f4447c196f7777be972f3355c37cf77fc544e3883e66b725b
2024-11-26,Pallivasal,0.4869,12.5519,0.4828,20.4,2,,2,4,4,4,official_observed_reference,6bfda5950b8c842f4447c196f7777be972f3355c37cf77fc544e3883e66b725b
2024-11-26,Kuttiadi,1.3441,40.7971,1.5691,145,17,2,,4,,4,official_observed_reference,6bfda5950b8c842f4447c196f7777be972f3355c37cf77fc544e3883e66b725b
2024-11-26,Panniar,0.6307,18.9451,0.7287,32.4,,,,2,1,2,official_observed_reference,6bfda5950b8c842f4447c196f7777be972f3355c37cf77fc544e3883e66b725b
2024-11-26,Neriamangalam,0.6547,30.2336,1.1628,52,20,1,,3,1,3,official_observed_reference,6bfda5950b8c842f4447c196f7777be972f3355c37cf77fc544e3883e66b725b
2024-11-26,Lower Periyar,0.969,49.31,1.8965,156,18,,,3,1,3,official_observed_reference,6bfda5950b8c842f4447c196f7777be972f3355c37cf77fc544e3883e66b725b
2024-11-26,"Poringalkuthu, PLBE",0.4567,14.8055,0.5694,43.3,17,1,,5,1,5,official_observed_reference,6bfda5950b8c842f4447c196f7777be972f3355c37cf77fc544e3883e66b725b
2024-11-26,Sengulam,0.31,9.1836,0.3532,50.8,22,,,4,1,4,official_observed_reference,6bfda5950b8c842f4447c196f7777be972f3355c37cf77fc544e3883e66b725b
2024-11-26,Kakkad,0.5941,11.873,0.4567,35.82,22,,,2,1,2,official_observed_reference,6bfda5950b8c842f4447c196f7777be972f3355c37cf77fc544e3883e66b725b
2024-11-26,Kallada,0.0678,1.4703,0.0566,15.2,19,,,2,,2,official_observed_reference,6bfda5950b8c842f4447c196f7777be972f3355c37cf77fc544e3883e66b725b
2024-11-26,Malankara,0.0818,1.8725,0.072,3.6,,1,,2,2,2,official_observed_reference,6bfda5950b8c842f4447c196f7777be972f3355c37cf77fc544e3883e66b725b
2024-11-26,Maniyar,0.0709,1.9955,0.0768,,,,,3,1,2,official_observed_reference,6bfda5950b8c842f4447c196f7777be972f3355c37cf77fc544e3883e66b725b
2024-11-26,Kuthungal,0.098,4.9135,0.189,4.4,1,,,3,1,1,official_observed_reference,6bfda5950b8c842f4447c196f7777be972f3355c37cf77fc544e3883e66b725b
2024-11-27,Idukki,4.629,113.116,4.1895,562,16,1,,5,4,5,official_observed_reference,63d362427493fd76d5729046b9190cb4c9a3caf17f9a677b23dd8bcf6429134d
2024-11-27,Sabarigiri,3.354,77.6206,2.8748,271,22,1,,5,3,5,official_observed_reference,63d362427493fd76d5729046b9190cb4c9a3caf17f9a677b23dd8bcf6429134d
2024-11-27,Idamalayar,0.8678,7.0777,0.2621,72.8,21,,,2,1,2,official_observed_reference,63d362427493fd76d5729046b9190cb4c9a3caf17f9a677b23dd8bcf6429134d
2024-11-27,Sholayar,0.7402,21.9152,0.8117,54.4,17,1,,2,2,3,official_observed_reference,63d362427493fd76d5729046b9190cb4c9a3caf17f9a677b23dd8bcf6429134d
2024-11-27,Pallivasal,0.4668,13.0187,0.4822,20.4,,,2,4,4,4,official_observed_reference,63d362427493fd76d5729046b9190cb4c9a3caf17f9a677b23dd8bcf6429134d
2024-11-27,Kuttiadi,1.4198,42.2169,1.5636,145.6,22,2,,4,1,4,official_observed_reference,63d362427493fd76d5729046b9190cb4c9a3caf17f9a677b23dd8bcf6429134d
2024-11-27,Panniar,0.5137,19.4588,0.7207,32.4,16,,,2,1,2,official_observed_reference,63d362427493fd76d5729046b9190cb4c9a3caf17f9a677b23dd8bcf6429134d
2024-11-27,Neriamangalam,0.542,30.7756,1.1398,51.8,20,1,,3,2,3,official_observed_reference,63d362427493fd76d5729046b9190cb4c9a3caf17f9a677b23dd8bcf6429134d
2024-11-27,Lower Periyar,0.992,50.302,1.863,156,18,,,3,1,3,official_observed_reference,63d362427493fd76d5729046b9190cb4c9a3caf17f9a677b23dd8bcf6429134d
2024-11-27,"Poringalkuthu, PLBE",0.4641,15.2696,0.5655,43.06,20,1,,5,1,5,official_observed_reference,63d362427493fd76d5729046b9190cb4c9a3caf17f9a677b23dd8bcf6429134d
2024-11-27,Sengulam,0.3748,9.5584,0.354,51,18,,,4,1,4,official_observed_reference,63d362427493fd76d5729046b9190cb4c9a3caf17f9a677b23dd8bcf6429134d
2024-11-27,Kakkad,0.4871,12.3602,0.4578,35.48,17,,,2,1,2,official_observed_reference,63d362427493fd76d5729046b9190cb4c9a3caf17f9a677b23dd8bcf6429134d
2024-11-27,Kallada,0.0698,1.5401,0.057,15.2,19,,,2,,2,official_observed_reference,63d362427493fd76d5729046b9190cb4c9a3caf17f9a677b23dd8bcf6429134d
2024-11-27,Malankara,0.0834,1.9559,0.0724,4.05,20,1,,2,2,2,official_observed_reference,63d362427493fd76d5729046b9190cb4c9a3caf17f9a677b23dd8bcf6429134d
2024-11-27,Maniyar,0.0625,2.058,0.0762,,,,,3,1,2,official_observed_reference,63d362427493fd76d5729046b9190cb4c9a3caf17f9a677b23dd8bcf6429134d
2024-11-27,Kuthungal,0.1154,5.0289,0.1863,7,10,,,3,1,1,official_observed_reference,63d362427493fd76d5729046b9190cb4c9a3caf17f9a677b23dd8bcf6429134d
2024-11-28,Idukki,4.722,117.838,4.2085,628,20,1,,5,3,5,official_observed_reference,cbd03993244115c093e180d2587ef2df85a2ae9a7d4125c6297cde529bb45ec8
2024-11-28,Sabarigiri,3.0023,80.6229,2.8794,271.2,17,1,,5,3,5,official_observed_reference,cbd03993244115c093e180d2587ef2df85a2ae9a7d4125c6297cde529bb45ec8
2024-11-28,Idamalayar,0.8288,7.9065,0.2824,70.8,19,,,2,1,2,official_observed_reference,cbd03993244115c093e180d2587ef2df85a2ae9a7d4125c6297cde529bb45ec8
2024-11-28,Sholayar,0.7317,22.6469,0.8088,54.6,17,1,,2,2,3,official_observed_reference,cbd03993244115c093e180d2587ef2df85a2ae9a7d4125c6297cde529bb45ec8
2024-11-28,Pallivasal,0.4373,13.456,0.4806,20.6,7,,2,4,4,4,official_observed_reference,cbd03993244115c093e180d2587ef2df85a2ae9a7d4125c6297cde529bb45ec8
2024-11-28,Kuttiadi,1.0625,43.2794,1.5457,144.2,19,2,,4,,4,official_observed_reference,cbd03993244115c093e180d2587ef2df85a2ae9a7d4125c6297cde529bb45ec8
2024-11-28,Panniar,0.5025,19.9613,0.7129,32.4,17,,,2,1,2,official_observed_reference,cbd03993244115c093e180d2587ef2df85a2ae9a7d4125c6297cde529bb45ec8
2024-11-28,Neriamangalam,0.4766,31.2522,1.1162,52.4,22,1,,3,,3,official_observed_reference,cbd03993244115c093e180d2587ef2df85a2ae9a7d4125c6297cde529bb45ec8
2024-11-28,Lower Periyar,0.844,51.146,1.8266,158,19,,,3,1,3,official_observed_reference,cbd03993244115c093e180d2587ef2df85a2ae9a7d4125c6297cde529bb45ec8
2024-11-28,"Poringalkuthu, PLBE",0.421,15.6906,0.5604,42.64,18,1,,5,1,5,official_observed_reference,cbd03993244115c093e180d2587ef2df85a2ae9a7d4125c6297cde529bb45ec8
2024-11-28,Sengulam,0.3552,9.9136,0.3541,51.2,20,,,4,1,4,official_observed_reference,cbd03993244115c093e180d2587ef2df85a2ae9a7d4125c6297cde529bb45ec8
2024-11-28,Kakkad,0.4412,12.8014,0.4572,36.16,20,,,2,1,2,official_observed_reference,cbd03993244115c093e180d2587ef2df85a2ae9a7d4125c6297cde529bb45ec8
2024-11-28,Kallada,0.0642,1.6043,0.0573,15.2,18,,,2,,2,official_observed_reference,cbd03993244115c093e180d2587ef2df85a2ae9a7d4125c6297cde529bb45ec8
2024-11-28,Malankara,0.0768,2.0327,0.0726,3.45,,1,,2,2,2,official_observed_reference,cbd03993244115c093e180d2587ef2df85a2ae9a7d4125c6297cde529bb45ec8
2024-11-28,Maniyar,0.0548,2.1128,0.0755,,,,,3,1,3,official_observed_reference,cbd03993244115c093e180d2587ef2df85a2ae9a7d4125c6297cde529bb45ec8
2024-11-28,Kuthungal,0.0969,5.1258,0.1831,4.6,3,,,3,1,1,official_observed_reference,cbd03993244115c093e180d2587ef2df85a2ae9a7d4125c6297cde529bb45ec8
2024-11-29,Idukki,6.237,124.075,4.2784,606,16,1,,5,3,5,official_observed_reference,15d1094ba6aec514f447e7f2a5063d2938949d12821b15dceade25821797dbf3
2024-11-29,Sabarigiri,3.4799,84.1028,2.9001,274.8,17,1,,5,3,5,official_observed_reference,15d1094ba6aec514f447e7f2a5063d2938949d12821b15dceade25821797dbf3
2024-11-29,Idamalayar,0.8879,8.7944,0.3033,71.4,22,,,2,1,2,official_observed_reference,15d1094ba6aec514f447e7f2a5063d2938949d12821b15dceade25821797dbf3
2024-11-29,Sholayar,0.6544,23.3013,0.8035,54.6,18,1,,2,2,3,official_observed_reference,15d1094ba6aec514f447e7f2a5063d2938949d12821b15dceade25821797dbf3
2024-11-29,Pallivasal,0.4856,13.9416,0.4807,20.4,,,2,4,4,4,official_observed_reference,15d1094ba6aec514f447e7f2a5063d2938949d12821b15dceade25821797dbf3
2024-11-29,Kuttiadi,1.177,44.4564,1.533,149.6,17,2,,4,1,4,official_observed_reference,15d1094ba6aec514f447e7f2a5063d2938949d12821b15dceade25821797dbf3
2024-11-29,Panniar,0.5954,20.5567,0.7089,32.4,15,,,2,2,2,official_observed_reference,15d1094ba6aec514f447e7f2a5063d2938949d12821b15dceade25821797dbf3
2024-11-29,Neriamangalam,0.6739,31.9261,1.1009,50.8,20,1,,3,2,3,official_observed_reference,15d1094ba6aec514f447e7f2a5063d2938949d12821b15dceade25821797dbf3
2024-11-29,Lower Periyar,1.091,52.237,1.8013,158,17,,,3,2,3,official_observed_reference,15d1094ba6aec514f447e7f2a5063d2938949d12821b15dceade25821797dbf3
2024-11-29,"Poringalkuthu, PLBE",0.4508,16.1414,0.5566,43.12,20,1,,5,1,5,official_observed_reference,15d1094ba6aec514f447e7f2a5063d2938949d12821b15dceade25821797dbf3
2024-11-29,Sengulam,0.4118,10.3254,0.356,52,23,,,4,2,4,official_observed_reference,15d1094ba6aec514f447e7f2a5063d2938949d12821b15dceade25821797dbf3
2024-11-29,Kakkad,0.5408,13.3422,0.4601,35.6,17,,,2,1,2,official_observed_reference,15d1094ba6aec514f447e7f2a5063d2938949d12821b15dceade25821797dbf3
2024-11-29,Kallada,0.0672,1.6715,0.0576,15.2,18,,,2,,2,official_observed_reference,15d1094ba6aec514f447e7f2a5063d2938949d12821b15dceade25821797dbf3
2024-11-29,Malankara,0.0724,2.105,0.0726,4.35,22,1,,2,2,2,official_observed_reference,15d1094ba6aec514f447e7f2a5063d2938949d12821b15dceade25821797dbf3
2024-11-29,Maniyar,0.0567,2.1695,0.0748,,,,,3,1,2,official_observed_reference,15d1094ba6aec514f447e7f2a5063d2938949d12821b15dceade25821797dbf3
2024-11-29,Kuthungal,0.0985,5.2243,0.1801,4.8,11,,,3,1,1,official_observed_reference,15d1094ba6aec514f447e7f2a5063d2938949d12821b15dceade25821797dbf3
2024-12-01,Idukki,2.856,2.856,2.856,366,18,1,,5,2,5,official_observed_reference,0120d88dd7289c2f9c0a8dc73b76496ab08eb6f6249fb82f68d5b6ba19f6c939
2024-12-01,Sabarigiri,1.4089,1.4089,1.4089,255.6,18,1,,5,2,5,official_observed_reference,0120d88dd7289c2f9c0a8dc73b76496ab08eb6f6249fb82f68d5b6ba19f6c939
2024-12-01,Idamalayar,0.4344,0.4344,0.4344,69,19,,,2,,2,official_observed_reference,0120d88dd7289c2f9c0a8dc73b76496ab08eb6f6249fb82f68d5b6ba19f6c939
2024-12-01,Sholayar,0.2292,0.2292,0.2292,20.4,22,1,,2,,2,official_observed_reference,0120d88dd7289c2f9c0a8dc73b76496ab08eb6f6249fb82f68d5b6ba19f6c939
2024-12-01,Pallivasal,0.1988,0.1988,0.1988,14.6,20,,2,4,3,3,official_observed_reference,0120d88dd7289c2f9c0a8dc73b76496ab08eb6f6249fb82f68d5b6ba19f6c939
2024-12-01,Kuttiadi,0.7008,0.7008,0.7008,142.2,20,2,,4,,4,official_observed_reference,0120d88dd7289c2f9c0a8dc73b76496ab08eb6f6249fb82f68d5b6ba19f6c939
2024-12-01,Panniar,0.3975,0.3975,0.3975,32.2,,,,2,1,2,official_observed_reference,0120d88dd7289c2f9c0a8dc73b76496ab08eb6f6249fb82f68d5b6ba19f6c939
2024-12-01,Neriamangalam,0.8974,0.8974,0.8974,51.8,19,1,,3,3,3,official_observed_reference,0120d88dd7289c2f9c0a8dc73b76496ab08eb6f6249fb82f68d5b6ba19f6c939
2024-12-01,Lower Periyar,1.41,1.41,1.41,158,1,,,3,1,2,official_observed_reference,0120d88dd7289c2f9c0a8dc73b76496ab08eb6f6249fb82f68d5b6ba19f6c939
2024-12-01,"Poringalkuthu, PLBE",0.148,0.148,0.148,37.48,20,1,,5,,5,official_observed_reference,0120d88dd7289c2f9c0a8dc73b76496ab08eb6f6249fb82f68d5b6ba19f6c939
2024-12-01,Sengulam,0.5049,0.5049,0.5049,52,21,,,4,2,4,official_observed_reference,0120d88dd7289c2f9c0a8dc73b76496ab08eb6f6249fb82f68d5b6ba19f6c939
2024-12-01,Kakkad,0.3881,0.3881,0.3881,37.66,20,,,2,1,2,official_observed_reference,0120d88dd7289c2f9c0a8dc73b76496ab08eb6f6249fb82f68d5b6ba19f6c939
2024-12-01,Kallada,0.1185,0.1185,0.1185,15.2,5,,,2,,2,official_observed_reference,0120d88dd7289c2f9c0a8dc73b76496ab08eb6f6249fb82f68d5b6ba19f6c939
2024-12-01,Malankara,0.0849,0.0849,0.0849,4.65,4,1,,2,2,2,official_observed_reference,0120d88dd7289c2f9c0a8dc73b76496ab08eb6f6249fb82f68d5b6ba19f6c939
2024-12-01,Maniyar,0.0966,0.0966,0.0966,,,,,3,2,3,official_observed_reference,0120d88dd7289c2f9c0a8dc73b76496ab08eb6f6249fb82f68d5b6ba19f6c939
2024-12-01,Kuthungal,0.0912,0.0912,0.0912,4.4,22,,,3,1,1,official_observed_reference,0120d88dd7289c2f9c0a8dc73b76496ab08eb6f6249fb82f68d5b6ba19f6c939
2024-12-02,Idukki,2.01,4.866,2.433,384,17,1,,5,1,4,official_observed_reference,9f54f37bb0ae8fb97c4532d8c2354e435800592f6f6e5e3edecf7835eecc5c4c
2024-12-02,Sabarigiri,1.1311,2.54,1.27,246.8,18,1,,5,,5,official_observed_reference,9f54f37bb0ae8fb97c4532d8c2354e435800592f6f6e5e3edecf7835eecc5c4c
2024-12-02,Idamalayar,0.6334,1.0678,0.5339,73.4,20,,,2,1,2,official_observed_reference,9f54f37bb0ae8fb97c4532d8c2354e435800592f6f6e5e3edecf7835eecc5c4c
2024-12-02,Sholayar,0.2972,0.5264,0.2632,36.2,18,1,,2,,2,official_observed_reference,9f54f37bb0ae8fb97c4532d8c2354e435800592f6f6e5e3edecf7835eecc5c4c
2024-12-02,Pallivasal,0.3761,0.5749,0.2875,20.4,20,,2,4,4,4,official_observed_reference,9f54f37bb0ae8fb97c4532d8c2354e435800592f6f6e5e3edecf7835eecc5c4c
2024-12-02,Kuttiadi,1.2638,1.9646,0.9823,144.2,20,2,,4,1,4,official_observed_reference,9f54f37bb0ae8fb97c4532d8c2354e435800592f6f6e5e3edecf7835eecc5c4c
2024-12-02,Panniar,0.3062,0.7037,0.3519,32.4,16,,,2,1,2,official_observed_reference,9f54f37bb0ae8fb97c4532d8c2354e435800592f6f6e5e3edecf7835eecc5c4c
2024-12-02,Neriamangalam,0.8149,1.7123,0.8562,51.6,22,1,,3,1,3,official_observed_reference,9f54f37bb0ae8fb97c4532d8c2354e435800592f6f6e5e3edecf7835eecc5c4c
2024-12-02,Lower Periyar,2.105,3.515,1.7575,160,20,,,3,1,3,official_observed_reference,9f54f37bb0ae8fb97c4532d8c2354e435800592f6f6e5e3edecf7835eecc5c4c
2024-12-02,"Poringalkuthu, PLBE",0.3383,0.4863,0.2431,42.9,20,1,,5,,5,official_observed_reference,9f54f37bb0ae8fb97c4532d8c2354e435800592f6f6e5e3edecf7835eecc5c4c
2024-12-02,Sengulam,0.719,1.2239,0.612,51.4,19,,,4,2,4,official_observed_reference,9f54f37bb0ae8fb97c4532d8c2354e435800592f6f6e5e3edecf7835eecc5c4c
2024-12-02,Kakkad,0.3276,0.7158,0.3579,35.68,19,,,2,,2,official_observed_reference,9f54f37bb0ae8fb97c4532d8c2354e435800592f6f6e5e3edecf7835eecc5c4c
2024-12-02,Kallada,0.1355,0.254,0.127,15.2,5,,,2,,2,official_observed_reference,9f54f37bb0ae8fb97c4532d8c2354e435800592f6f6e5e3edecf7835eecc5c4c
2024-12-02,Malankara,0.0775,0.1624,0.0812,3.45,,1,,2,2,2,official_observed_reference,9f54f37bb0ae8fb97c4532d8c2354e435800592f6f6e5e3edecf7835eecc5c4c
2024-12-02,Maniyar,0.1394,0.236,0.118,,,,,3,2,3,official_observed_reference,9f54f37bb0ae8fb97c4532d8c2354e435800592f6f6e5e3edecf7835eecc5c4c
2024-12-02,Kuthungal,0.1216,0.2128,0.1064,6,1,,,3,1,1,official_observed_reference,9f54f37bb0ae8fb97c4532d8c2354e435800592f6f6e5e3edecf7835eecc5c4c
2024-12-02,PES-Pallivasal,0.72,1.437,0.7185,,,,,,,,official_observed_reference,9f54f37bb0ae8fb97c4532d8c2354e435800592f6f6e5e3edecf7835eecc5c4c
2024-12-03,Idukki,3.081,7.947,2.649,584,17,1,,5,1,5,official_observed_reference,12f242f40a9ac7cf2e954c41223cb3865a43c7cf2a424121a4593e958d35e410
2024-12-03,Sabarigiri,0.8875,3.4275,1.1425,215,18,1,,5,1,4,official_observed_reference,12f242f40a9ac7cf2e954c41223cb3865a43c7cf2a424121a4593e958d35e410
2024-12-03,Idamalayar,0.4278,1.4956,0.4985,71.2,20,,,2,,2,official_observed_reference,12f242f40a9ac7cf2e954c41223cb3865a43c7cf2a424121a4593e958d35e410
2024-12-03,Sholayar,0.2034,0.7298,0.2433,36.4,18,1,,2,,2,official_observed_reference,12f242f40a9ac7cf2e954c41223cb3865a43c7cf2a424121a4593e958d35e410
2024-12-03,Pallivasal,0.4779,1.0528,0.3509,20.4,,,2,4,4,4,official_observed_reference,12f242f40a9ac7cf2e954c41223cb3865a43c7cf2a424121a4593e958d35e410
2024-12-03,Kuttiadi,2.1601,4.1247,1.3749,142.8,21,2,,4,4,4,official_observed_reference,12f242f40a9ac7cf2e954c41223cb3865a43c7cf2a424121a4593e958d35e410
2024-12-03,Panniar,0.1792,0.8829,0.2943,32.4,18,,,2,,2,official_observed_reference,12f242f40a9ac7cf2e954c41223cb3865a43c7cf2a424121a4593e958d35e410
2024-12-03,Neriamangalam,1.058,2.7703,0.9234,51.2,10,1,,3,3,3,official_observed_reference,12f242f40a9ac7cf2e954c41223cb3865a43c7cf2a424121a4593e958d35e410
2024-12-03,Lower Periyar,1.809,5.324,1.7747,106,12,,,3,2,2,official_observed_reference,12f242f40a9ac7cf2e954c41223cb3865a43c7cf2a424121a4593e958d35e410
2024-12-03,"Poringalkuthu, PLBE",0.2722,0.7584,0.2528,43.3,19,1,,5,,5,official_observed_reference,12f242f40a9ac7cf2e954c41223cb3865a43c7cf2a424121a4593e958d35e410
2024-12-03,Sengulam,0.6861,1.91,0.6367,51,,,,4,4,3,official_observed_reference,12f242f40a9ac7cf2e954c41223cb3865a43c7cf2a424121a4593e958d35e410
2024-12-03,Kakkad,0.1922,0.908,0.3027,19.04,20,,,2,,1,official_observed_reference,12f242f40a9ac7cf2e954c41223cb3865a43c7cf2a424121a4593e958d35e410
2024-12-03,Kallada,0.2411,0.4951,0.165,15.2,7,,,2,2,2,official_observed_reference,12f242f40a9ac7cf2e954c41223cb3865a43c7cf2a424121a4593e958d35e410
2024-12-03,Malankara,0.0494,0.2118,0.0706,3.3,,1,,2,2,2,official_observed_reference,12f242f40a9ac7cf2e954c41223cb3865a43c7cf2a424121a4593e958d35e410
2024-12-03,Maniyar,0.0875,0.3235,0.1078,,,,,3,1,2,official_observed_reference,12f242f40a9ac7cf2e954c41223cb3865a43c7cf2a424121a4593e958d35e410
2024-12-03,Kuthungal,0.1411,0.3539,0.118,8.2,11,,,3,1,1,official_observed_reference,12f242f40a9ac7cf2e954c41223cb3865a43c7cf2a424121a4593e958d35e410
2024-12-03,PES-Pallivasal,0.357,1.794,0.598,,,,,,,,official_observed_reference,12f242f40a9ac7cf2e954c41223cb3865a43c7cf2a424121a4593e958d35e410
2024-12-04,Idukki,3.949,11.896,2.974,566,18,1,,5,3,5,official_observed_reference,9c5872244b1a17d5bbf6132d6ee422b7a2b9e06d113a3a4cf505c6cc0ec2944c
2024-12-04,Sabarigiri,2.0474,5.4749,1.3687,270.8,18,1,,5,2,5,official_observed_reference,9c5872244b1a17d5bbf6132d6ee422b7a2b9e06d113a3a4cf505c6cc0ec2944c
2024-12-04,Idamalayar,0.8908,2.3864,0.5966,71,19,,,2,1,2,official_observed_reference,9c5872244b1a17d5bbf6132d6ee422b7a2b9e06d113a3a4cf505c6cc0ec2944c
2024-12-04,Sholayar,0.376,1.1058,0.2765,36.4,19,1,,2,1,2,official_observed_reference,9c5872244b1a17d5bbf6132d6ee422b7a2b9e06d113a3a4cf505c6cc0ec2944c
2024-12-04,Pallivasal,0.4426,1.4954,0.3739,20.4,,,2,4,4,4,official_observed_reference,9c5872244b1a17d5bbf6132d6ee422b7a2b9e06d113a3a4cf505c6cc0ec2944c
2024-12-04,Kuttiadi,1.0068,5.1315,1.2829,146.4,17,2,,4,,4,official_observed_reference,9c5872244b1a17d5bbf6132d6ee422b7a2b9e06d113a3a4cf505c6cc0ec2944c
2024-12-04,Panniar,0.2625,1.1454,0.2864,32.4,17,,,2,,2,official_observed_reference,9c5872244b1a17d5bbf6132d6ee422b7a2b9e06d113a3a4cf505c6cc0ec2944c
2024-12-04,Neriamangalam,0.4816,3.2519,0.813,51.6,18,1,,3,,3,official_observed_reference,9c5872244b1a17d5bbf6132d6ee422b7a2b9e06d113a3a4cf505c6cc0ec2944c
2024-12-04,Lower Periyar,0.915,6.239,1.5598,104,20,,,3,,2,official_observed_reference,9c5872244b1a17d5bbf6132d6ee422b7a2b9e06d113a3a4cf505c6cc0ec2944c
2024-12-04,"Poringalkuthu, PLBE",0.2551,1.0136,0.2534,43.06,18,1,,5,,5,official_observed_reference,9c5872244b1a17d5bbf6132d6ee422b7a2b9e06d113a3a4cf505c6cc0ec2944c
2024-12-04,Sengulam,0.3675,2.2775,0.5694,38.2,18,,,4,2,3,official_observed_reference,9c5872244b1a17d5bbf6132d6ee422b7a2b9e06d113a3a4cf505c6cc0ec2944c
2024-12-04,Kakkad,0.334,1.2419,0.3105,35.18,19,,,2,,2,official_observed_reference,9c5872244b1a17d5bbf6132d6ee422b7a2b9e06d113a3a4cf505c6cc0ec2944c
2024-12-04,Kallada,0.2396,0.7347,0.1837,15.2,18,,,2,2,2,official_observed_reference,9c5872244b1a17d5bbf6132d6ee422b7a2b9e06d113a3a4cf505c6cc0ec2944c
2024-12-04,Malankara,0.0476,0.2594,0.0649,3.3,20,1,,2,1,2,official_observed_reference,9c5872244b1a17d5bbf6132d6ee422b7a2b9e06d113a3a4cf505c6cc0ec2944c
2024-12-04,Maniyar,0.0796,0.4031,0.1008,,,,,3,1,3,official_observed_reference,9c5872244b1a17d5bbf6132d6ee422b7a2b9e06d113a3a4cf505c6cc0ec2944c
2024-12-04,Kuthungal,0.1164,0.4703,0.1176,6.4,13,,,3,1,1,official_observed_reference,9c5872244b1a17d5bbf6132d6ee422b7a2b9e06d113a3a4cf505c6cc0ec2944c
2024-12-04,PES-Pallivasal,0.085,1.879,0.4698,,,,,,,,official_observed_reference,9c5872244b1a17d5bbf6132d6ee422b7a2b9e06d113a3a4cf505c6cc0ec2944c
2024-12-05,Idukki,5.214,17.11,3.422,606,19,1,,5,4,5,official_observed_reference,ab1988c0ccce8fa03611ba7a6c29ed9d0c1606c14561b907913c5a9b249ec679
2024-12-05,Sabarigiri,2.3918,7.8667,1.5733,320.8,18,,,6,2,6,official_observed_reference,ab1988c0ccce8fa03611ba7a6c29ed9d0c1606c14561b907913c5a9b249ec679
2024-12-05,Idamalayar,1.0248,3.4112,0.6822,71,18,,,2,2,2,official_observed_reference,ab1988c0ccce8fa03611ba7a6c29ed9d0c1606c14561b907913c5a9b249ec679
2024-12-05,Sholayar,0.4274,1.5332,0.3066,36.4,18,1,,2,1,2,official_observed_reference,ab1988c0ccce8fa03611ba7a6c29ed9d0c1606c14561b907913c5a9b249ec679
2024-12-05,Pallivasal,0.4281,1.9235,0.3847,20.6,3,,2,4,4,4,official_observed_reference,ab1988c0ccce8fa03611ba7a6c29ed9d0c1606c14561b907913c5a9b249ec679
2024-12-05,Kuttiadi,0.9191,6.0506,1.2101,144.6,18,2,,4,,4,official_observed_reference,ab1988c0ccce8fa03611ba7a6c29ed9d0c1606c14561b907913c5a9b249ec679
2024-12-05,Panniar,0.3227,1.4681,0.2936,32.4,16,,,2,,2,official_observed_reference,ab1988c0ccce8fa03611ba7a6c29ed9d0c1606c14561b907913c5a9b249ec679
2024-12-05,Neriamangalam,0.4363,3.6882,0.7376,52.4,19,1,,3,,3,official_observed_reference,ab1988c0ccce8fa03611ba7a6c29ed9d0c1606c14561b907913c5a9b249ec679
2024-12-05,Lower Periyar,1.186,7.425,1.485,104,17,,,3,1,2,official_observed_reference,ab1988c0ccce8fa03611ba7a6c29ed9d0c1606c14561b907913c5a9b249ec679
2024-12-05,"Poringalkuthu, PLBE",0.4507,1.4643,0.2929,43.22,21,1,,5,1,5,official_observed_reference,ab1988c0ccce8fa03611ba7a6c29ed9d0c1606c14561b907913c5a9b249ec679
2024-12-05,Sengulam,0.3461,2.6236,0.5247,38.2,17,,,4,,3,official_observed_reference,ab1988c0ccce8fa03611ba7a6c29ed9d0c1606c14561b907913c5a9b249ec679
2024-12-05,Kakkad,0.4245,1.6664,0.3333,36.02,20,,,2,1,2,official_observed_reference,ab1988c0ccce8fa03611ba7a6c29ed9d0c1606c14561b907913c5a9b249ec679
2024-12-05,Kallada,0.2417,0.9764,0.1953,16.8,17,,,2,2,2,official_observed_reference,ab1988c0ccce8fa03611ba7a6c29ed9d0c1606c14561b907913c5a9b249ec679
2024-12-05,Malankara,0.07,0.3294,0.0659,3.45,,1,,2,2,2,official_observed_reference,ab1988c0ccce8fa03611ba7a6c29ed9d0c1606c14561b907913c5a9b249ec679
2024-12-05,Maniyar,0.0811,0.4841,0.0968,,,,,3,1,2,official_observed_reference,ab1988c0ccce8fa03611ba7a6c29ed9d0c1606c14561b907913c5a9b249ec679
2024-12-05,Kuthungal,0.1021,0.5724,0.1145,4.6,,,,3,1,1,official_observed_reference,ab1988c0ccce8fa03611ba7a6c29ed9d0c1606c14561b907913c5a9b249ec679
2024-12-05,PES-Pallivasal,0.184,2.063,0.4126,,,,,,,,official_observed_reference,ab1988c0ccce8fa03611ba7a6c29ed9d0c1606c14561b907913c5a9b249ec679
2024-12-06,Idukki,5.382,22.492,3.7487,686,18,,,6,3,6,official_observed_reference,1730d0eacb2c10889b1d4dfa00fce3c77a4caa05b43ec97f820fbdcd7d63a9f3
2024-12-06,Sabarigiri,2.7744,10.6411,1.7735,270.8,18,,,6,3,5,official_observed_reference,1730d0eacb2c10889b1d4dfa00fce3c77a4caa05b43ec97f820fbdcd7d63a9f3
2024-12-06,Idamalayar,0.8603,4.2715,0.7119,71.4,23,,,2,1,2,official_observed_reference,1730d0eacb2c10889b1d4dfa00fce3c77a4caa05b43ec97f820fbdcd7d63a9f3
2024-12-06,Sholayar,0.4887,2.0219,0.337,54.4,22,1,,2,1,2,official_observed_reference,1730d0eacb2c10889b1d4dfa00fce3c77a4caa05b43ec97f820fbdcd7d63a9f3
2024-12-06,Pallivasal,0.4233,2.3468,0.3911,20.6,1,,2,4,4,4,official_observed_reference,1730d0eacb2c10889b1d4dfa00fce3c77a4caa05b43ec97f820fbdcd7d63a9f3
2024-12-06,Kuttiadi,1.1023,7.1529,1.1922,145.6,21,2,,4,,4,official_observed_reference,1730d0eacb2c10889b1d4dfa00fce3c77a4caa05b43ec97f820fbdcd7d63a9f3
2024-12-06,Panniar,0.4198,1.8879,0.3147,32.4,16,,,2,1,2,official_observed_reference,1730d0eacb2c10889b1d4dfa00fce3c77a4caa05b43ec97f820fbdcd7d63a9f3
2024-12-06,Neriamangalam,0.5204,4.2086,0.7014,53,20,1,,3,,3,official_observed_reference,1730d0eacb2c10889b1d4dfa00fce3c77a4caa05b43ec97f820fbdcd7d63a9f3
2024-12-06,Lower Periyar,0.914,8.339,1.3898,104,18,1,,2,1,2,official_observed_reference,1730d0eacb2c10889b1d4dfa00fce3c77a4caa05b43ec97f820fbdcd7d63a9f3
2024-12-06,"Poringalkuthu, PLBE",0.393,1.8573,0.3095,52.06,22,1,,5,1,5,official_observed_reference,1730d0eacb2c10889b1d4dfa00fce3c77a4caa05b43ec97f820fbdcd7d63a9f3
2024-12-06,Sengulam,0.446,3.0696,0.5116,38.2,20,1,,3,1,3,official_observed_reference,1730d0eacb2c10889b1d4dfa00fce3c77a4caa05b43ec97f820fbdcd7d63a9f3
2024-12-06,Kakkad,0.4134,2.0798,0.3466,35.62,21,,,2,1,2,official_observed_reference,1730d0eacb2c10889b1d4dfa00fce3c77a4caa05b43ec97f820fbdcd7d63a9f3
2024-12-06,Kallada,0.1563,1.1327,0.1888,15.2,5,,,2,2,2,official_observed_reference,1730d0eacb2c10889b1d4dfa00fce3c77a4caa05b43ec97f820fbdcd7d63a9f3
2024-12-06,Malankara,0.0755,0.4049,0.0675,3.6,20,1,,2,1,2,official_observed_reference,1730d0eacb2c10889b1d4dfa00fce3c77a4caa05b43ec97f820fbdcd7d63a9f3
2024-12-06,Maniyar,0.0796,0.5637,0.094,,,,,3,1,2,official_observed_reference,1730d0eacb2c10889b1d4dfa00fce3c77a4caa05b43ec97f820fbdcd7d63a9f3
2024-12-06,Kuthungal,0.0964,0.6688,0.1115,4.4,,,,3,1,1,official_observed_reference,1730d0eacb2c10889b1d4dfa00fce3c77a4caa05b43ec97f820fbdcd7d63a9f3
2024-12-06,PES-Pallivasal,0.17,2.233,0.3722,,,,,,,,official_observed_reference,1730d0eacb2c10889b1d4dfa00fce3c77a4caa05b43ec97f820fbdcd7d63a9f3
2024-12-07,Idukki,3.971,26.463,3.7804,488,19,,,6,3,6,official_observed_reference,0fc10094e4f252a2ca74761183b34bef5ad4748e4253ae9b232a459b14237fc6
2024-12-07,Sabarigiri,2.218,12.8591,1.837,270.8,18,1,,5,2,5,official_observed_reference,0fc10094e4f252a2ca74761183b34bef5ad4748e4253ae9b232a459b14237fc6
2024-12-07,Idamalayar,0.996,5.2675,0.7525,74.2,20,,,2,1,2,official_observed_reference,0fc10094e4f252a2ca74761183b34bef5ad4748e4253ae9b232a459b14237fc6
2024-12-07,Sholayar,0.5984,2.6203,0.3743,54.6,21,,,3,1,3,official_observed_reference,0fc10094e4f252a2ca74761183b34bef5ad4748e4253ae9b232a459b14237fc6
2024-12-07,Pallivasal,0.4303,2.7771,0.3967,22.8,20,,2,4,4,4,official_observed_reference,0fc10094e4f252a2ca74761183b34bef5ad4748e4253ae9b232a459b14237fc6
2024-12-07,Kuttiadi,0.8421,7.995,1.1421,142.6,19,2,,4,,4,official_observed_reference,0fc10094e4f252a2ca74761183b34bef5ad4748e4253ae9b232a459b14237fc6
2024-12-07,Panniar,0.2978,2.1857,0.3122,32.4,17,,,2,1,2,official_observed_reference,0fc10094e4f252a2ca74761183b34bef5ad4748e4253ae9b232a459b14237fc6
2024-12-07,Neriamangalam,0.4719,4.6805,0.6686,52,21,1,,3,,3,official_observed_reference,0fc10094e4f252a2ca74761183b34bef5ad4748e4253ae9b232a459b14237fc6
2024-12-07,Lower Periyar,1.245,9.584,1.3691,104,16,1,,2,1,2,official_observed_reference,0fc10094e4f252a2ca74761183b34bef5ad4748e4253ae9b232a459b14237fc6
2024-12-07,"Poringalkuthu, PLBE",0.4597,2.317,0.331,52.28,17,,,6,,6,official_observed_reference,0fc10094e4f252a2ca74761183b34bef5ad4748e4253ae9b232a459b14237fc6
2024-12-07,Sengulam,0.4007,3.4703,0.4958,38,17,1,,3,1,3,official_observed_reference,0fc10094e4f252a2ca74761183b34bef5ad4748e4253ae9b232a459b14237fc6
2024-12-07,Kakkad,0.3647,2.4445,0.3492,35.46,19,,,2,1,2,official_observed_reference,0fc10094e4f252a2ca74761183b34bef5ad4748e4253ae9b232a459b14237fc6
2024-12-07,Kallada,0.1217,1.2544,0.1792,15.2,6,,,2,2,2,official_observed_reference,0fc10094e4f252a2ca74761183b34bef5ad4748e4253ae9b232a459b14237fc6
2024-12-07,Malankara,0.0819,0.4868,0.0695,3.75,5,1,,2,2,2,official_observed_reference,0fc10094e4f252a2ca74761183b34bef5ad4748e4253ae9b232a459b14237fc6
2024-12-07,Maniyar,0.0645,0.6282,0.0897,,,,,3,1,3,official_observed_reference,0fc10094e4f252a2ca74761183b34bef5ad4748e4253ae9b232a459b14237fc6
2024-12-07,Kuthungal,0.0841,0.7529,0.1076,3.6,,,,3,1,1,official_observed_reference,0fc10094e4f252a2ca74761183b34bef5ad4748e4253ae9b232a459b14237fc6
2024-12-07,PES-Pallivasal,0.186,2.419,0.3456,,,,,1,,1,official_observed_reference,0fc10094e4f252a2ca74761183b34bef5ad4748e4253ae9b232a459b14237fc6
2024-12-08,Idukki,2.58,29.043,3.6304,330,18,,,6,2,4,official_observed_reference,0fe241ce8382b1e27da698786f0d7390b4959b9db141584ca6bd033b10990ab0
2024-12-08,Sabarigiri,2.2749,15.134,1.8918,280.4,19,1,,5,1,5,official_observed_reference,0fe241ce8382b1e27da698786f0d7390b4959b9db141584ca6bd033b10990ab0
2024-12-08,Idamalayar,1.0468,6.3143,0.7893,74.6,7,,,2,2,2,official_observed_reference,0fe241ce8382b1e27da698786f0d7390b4959b9db141584ca6bd033b10990ab0
2024-12-08,Sholayar,0.2718,2.8921,0.3615,36.4,18,1,,2,1,2,official_observed_reference,0fe241ce8382b1e27da698786f0d7390b4959b9db141584ca6bd033b10990ab0
2024-12-08,Pallivasal,0.4675,3.2446,0.4056,20.6,5,,2,4,4,4,official_observed_reference,0fe241ce8382b1e27da698786f0d7390b4959b9db141584ca6bd033b10990ab0
2024-12-08,Kuttiadi,1.6143,9.6093,1.2012,145.4,18,2,,4,2,4,official_observed_reference,0fe241ce8382b1e27da698786f0d7390b4959b9db141584ca6bd033b10990ab0
2024-12-08,Panniar,0.2825,2.4682,0.3085,32.4,16,,,2,,2,official_observed_reference,0fe241ce8382b1e27da698786f0d7390b4959b9db141584ca6bd033b10990ab0
2024-12-08,Neriamangalam,0.7035,5.384,0.673,52,,1,,3,2,3,official_observed_reference,0fe241ce8382b1e27da698786f0d7390b4959b9db141584ca6bd033b10990ab0
2024-12-08,Lower Periyar,1.176,10.76,1.345,104,18,1,,2,1,2,official_observed_reference,0fe241ce8382b1e27da698786f0d7390b4959b9db141584ca6bd033b10990ab0
2024-12-08,"Poringalkuthu, PLBE",0.3575,2.6745,0.3343,52.04,20,,,6,1,6,official_observed_reference,0fe241ce8382b1e27da698786f0d7390b4959b9db141584ca6bd033b10990ab0
2024-12-08,Sengulam,0.3678,3.8381,0.4798,38.4,21,1,,3,,3,official_observed_reference,0fe241ce8382b1e27da698786f0d7390b4959b9db141584ca6bd033b10990ab0
2024-12-08,Kakkad,0.3591,2.8036,0.3504,35.52,18,,,2,1,2,official_observed_reference,0fe241ce8382b1e27da698786f0d7390b4959b9db141584ca6bd033b10990ab0
2024-12-08,Kallada,0.1236,1.378,0.1723,15.2,5,,,2,2,2,official_observed_reference,0fe241ce8382b1e27da698786f0d7390b4959b9db141584ca6bd033b10990ab0
2024-12-08,Malankara,0.0729,0.5597,0.07,3.6,,1,,2,2,2,official_observed_reference,0fe241ce8382b1e27da698786f0d7390b4959b9db141584ca6bd033b10990ab0
2024-12-08,Maniyar,0.0524,0.6806,0.0851,,,,,3,1,2,official_observed_reference,0fe241ce8382b1e27da698786f0d7390b4959b9db141584ca6bd033b10990ab0
2024-12-08,Kuthungal,0.0864,0.8393,0.1049,5.6,18,,,3,1,1,official_observed_reference,0fe241ce8382b1e27da698786f0d7390b4959b9db141584ca6bd033b10990ab0
2024-12-08,PES-Pallivasal,0.092,2.511,0.3139,,,,,1,,,official_observed_reference,0fe241ce8382b1e27da698786f0d7390b4959b9db141584ca6bd033b10990ab0
2024-12-09,Idukki,4.385,33.428,3.7142,698,18,,,6,1,6,official_observed_reference,5fa1837321c49798e3f8e0b3c52cf134cbd27c7e889fa70c484196498b836a4a
2024-12-09,Sabarigiri,2.2923,17.4263,1.9363,276.4,21,1,,5,1,5,official_observed_reference,5fa1837321c49798e3f8e0b3c52cf134cbd27c7e889fa70c484196498b836a4a
2024-12-09,Idamalayar,0.7566,7.0709,0.7857,71.4,18,,,2,1,2,official_observed_reference,5fa1837321c49798e3f8e0b3c52cf134cbd27c7e889fa70c484196498b836a4a
2024-12-09,Sholayar,0.3943,3.2864,0.3652,36.4,17,1,,2,1,2,official_observed_reference,5fa1837321c49798e3f8e0b3c52cf134cbd27c7e889fa70c484196498b836a4a
2024-12-09,Pallivasal,0.4821,3.7267,0.4141,20.6,5,,2,4,4,4,official_observed_reference,5fa1837321c49798e3f8e0b3c52cf134cbd27c7e889fa70c484196498b836a4a
2024-12-09,Kuttiadi,1.1734,10.7827,1.1981,145.2,17,2,,4,,4,official_observed_reference,5fa1837321c49798e3f8e0b3c52cf134cbd27c7e889fa70c484196498b836a4a
2024-12-09,Panniar,0.4394,2.9076,0.3231,32.4,15,,,2,1,2,official_observed_reference,5fa1837321c49798e3f8e0b3c52cf134cbd27c7e889fa70c484196498b836a4a
2024-12-09,Neriamangalam,0.5268,5.9108,0.6568,52,22,1,,3,1,3,official_observed_reference,5fa1837321c49798e3f8e0b3c52cf134cbd27c7e889fa70c484196498b836a4a
2024-12-09,Lower Periyar,0.971,11.731,1.3034,104,21,1,,2,1,2,official_observed_reference,5fa1837321c49798e3f8e0b3c52cf134cbd27c7e889fa70c484196498b836a4a
2024-12-09,"Poringalkuthu, PLBE",0.2449,2.9194,0.3244,43.28,20,1,,5,1,5,official_observed_reference,5fa1837321c49798e3f8e0b3c52cf134cbd27c7e889fa70c484196498b836a4a
2024-12-09,Sengulam,0.4222,4.2603,0.4734,38.4,18,1,,3,1,3,official_observed_reference,5fa1837321c49798e3f8e0b3c52cf134cbd27c7e889fa70c484196498b836a4a
2024-12-09,Kakkad,0.355,3.1585,0.3509,24.98,20,1,,1,1,1,official_observed_reference,5fa1837321c49798e3f8e0b3c52cf134cbd27c7e889fa70c484196498b836a4a
2024-12-09,Kallada,0.123,1.501,0.1668,15.2,5,,,2,2,2,official_observed_reference,5fa1837321c49798e3f8e0b3c52cf134cbd27c7e889fa70c484196498b836a4a
2024-12-09,Malankara,0.0674,0.6272,0.0697,3.3,1,1,,2,2,2,official_observed_reference,5fa1837321c49798e3f8e0b3c52cf134cbd27c7e889fa70c484196498b836a4a
2024-12-09,Maniyar,0.0498,0.7304,0.0812,,,,,3,1,2,official_observed_reference,5fa1837321c49798e3f8e0b3c52cf134cbd27c7e889fa70c484196498b836a4a
2024-12-09,Kuthungal,0.085,0.9243,0.1027,5.8,11,,,3,1,1,official_observed_reference,5fa1837321c49798e3f8e0b3c52cf134cbd27c7e889fa70c484196498b836a4a
2024-12-09,PES-Pallivasal,0.098,2.609,0.2899,,,,,1,,1,official_observed_reference,5fa1837321c49798e3f8e0b3c52cf134cbd27c7e889fa70c484196498b836a4a
2024-12-10,Idukki,4.175,37.603,3.7603,704,17,,,6,1,6,official_observed_reference,707c1bf94c4033b8203a4b18a702707fc12db338fe7c77c0150a3f4a20166f9c
2024-12-10,Sabarigiri,1.6025,19.0288,1.9029,277,17,1,,5,1,5,official_observed_reference,707c1bf94c4033b8203a4b18a702707fc12db338fe7c77c0150a3f4a20166f9c
2024-12-10,Idamalayar,0.8776,7.9485,0.7949,74.6,19,,,2,1,2,official_observed_reference,707c1bf94c4033b8203a4b18a702707fc12db338fe7c77c0150a3f4a20166f9c
2024-12-10,Sholayar,0.4478,3.7342,0.3734,36.4,21,1,,2,1,2,official_observed_reference,707c1bf94c4033b8203a4b18a702707fc12db338fe7c77c0150a3f4a20166f9c
2024-12-10,Pallivasal,0.4286,4.1553,0.4155,24.2,10,,2,4,4,4,official_observed_reference,707c1bf94c4033b8203a4b18a702707fc12db338fe7c77c0150a3f4a20166f9c
2024-12-10,Kuttiadi,2.1238,12.9065,1.2907,194.4,20,1,,5,,5,official_observed_reference,707c1bf94c4033b8203a4b18a702707fc12db338fe7c77c0150a3f4a20166f9c
2024-12-10,Panniar,0.4986,3.4062,0.3406,32.4,18,,,2,1,2,official_observed_reference,707c1bf94c4033b8203a4b18a702707fc12db338fe7c77c0150a3f4a20166f9c
2024-12-10,Neriamangalam,0.5795,6.4903,0.649,51.2,18,1,,3,1,3,official_observed_reference,707c1bf94c4033b8203a4b18a702707fc12db338fe7c77c0150a3f4a20166f9c
2024-12-10,Lower Periyar,1.049,12.78,1.278,104,17,1,,2,1,2,official_observed_reference,707c1bf94c4033b8203a4b18a702707fc12db338fe7c77c0150a3f4a20166f9c
2024-12-10,"Poringalkuthu, PLBE",0.3745,3.2939,0.3294,43.18,18,1,,5,1,5,official_observed_reference,707c1bf94c4033b8203a4b18a702707fc12db338fe7c77c0150a3f4a20166f9c
2024-12-10,Sengulam,0.3871,4.6474,0.4647,39,21,1,,3,1,3,official_observed_reference,707c1bf94c4033b8203a4b18a702707fc12db338fe7c77c0150a3f4a20166f9c
2024-12-10,Kakkad,0.3563,3.5148,0.3515,24.86,19,1,,1,1,1,official_observed_reference,707c1bf94c4033b8203a4b18a702707fc12db338fe7c77c0150a3f4a20166f9c
2024-12-10,Kallada,0.1174,1.6184,0.1618,15.2,5,,,2,2,2,official_observed_reference,707c1bf94c4033b8203a4b18a702707fc12db338fe7c77c0150a3f4a20166f9c
2024-12-10,Malankara,0.0613,0.6884,0.0688,3.3,,1,,2,2,2,official_observed_reference,707c1bf94c4033b8203a4b18a702707fc12db338fe7c77c0150a3f4a20166f9c
2024-12-10,Maniyar,0.0517,0.782,0.0782,,,,,3,1,3,official_observed_reference,707c1bf94c4033b8203a4b18a702707fc12db338fe7c77c0150a3f4a20166f9c
2024-12-10,Kuthungal,0.0901,1.0144,0.1014,5.6,9,,,3,1,2,official_observed_reference,707c1bf94c4033b8203a4b18a702707fc12db338fe7c77c0150a3f4a20166f9c
2024-12-10,PES-Pallivasal,0.155,2.764,0.2764,,,,,1,,,official_observed_reference,707c1bf94c4033b8203a4b18a702707fc12db338fe7c77c0150a3f4a20166f9c
2024-12-11,Idukki,3.559,41.162,3.742,608,18,1,,5,1,5,official_observed_reference,dc2ccb1b7e4fe08cd5fe88fa6cb0529e72c2f311bf5929e690a9df7e59807505
2024-12-11,Sabarigiri,2.184,21.2128,1.9284,269.4,18,1,,5,2,5,official_observed_reference,dc2ccb1b7e4fe08cd5fe88fa6cb0529e72c2f311bf5929e690a9df7e59807505
2024-12-11,Idamalayar,0.6998,8.6483,0.7862,68.8,17,,,2,1,2,official_observed_reference,dc2ccb1b7e4fe08cd5fe88fa6cb0529e72c2f311bf5929e690a9df7e59807505
2024-12-11,Sholayar,0.4266,4.1608,0.3783,36.4,17,1,,2,1,2,official_observed_reference,dc2ccb1b7e4fe08cd5fe88fa6cb0529e72c2f311bf5929e690a9df7e59807505
2024-12-11,Pallivasal,0.0959,4.2512,0.3865,18.6,18,,2,4,2,4,official_observed_reference,dc2ccb1b7e4fe08cd5fe88fa6cb0529e72c2f311bf5929e690a9df7e59807505
2024-12-11,Kuttiadi,1.5156,14.4221,1.3111,196.8,20,1,,5,2,5,official_observed_reference,dc2ccb1b7e4fe08cd5fe88fa6cb0529e72c2f311bf5929e690a9df7e59807505
2024-12-11,Panniar,0.407,3.8132,0.3467,32.4,18,,,2,1,2,official_observed_reference,dc2ccb1b7e4fe08cd5fe88fa6cb0529e72c2f311bf5929e690a9df7e59807505
2024-12-11,Neriamangalam,0.4546,6.9449,0.6314,52.2,19,1,,3,1,3,official_observed_reference,dc2ccb1b7e4fe08cd5fe88fa6cb0529e72c2f311bf5929e690a9df7e59807505
2024-12-11,Lower Periyar,0.932,13.712,1.2465,104,19,1,,2,,2,official_observed_reference,dc2ccb1b7e4fe08cd5fe88fa6cb0529e72c2f311bf5929e690a9df7e59807505
2024-12-11,"Poringalkuthu, PLBE",0.3921,3.686,0.3351,42.96,18,1,,5,1,5,official_observed_reference,dc2ccb1b7e4fe08cd5fe88fa6cb0529e72c2f311bf5929e690a9df7e59807505
2024-12-11,Sengulam,0.3667,5.0141,0.4558,38.2,19,1,,3,1,3,official_observed_reference,dc2ccb1b7e4fe08cd5fe88fa6cb0529e72c2f311bf5929e690a9df7e59807505
2024-12-11,Kakkad,0.3097,3.8245,0.3477,35.62,19,,,2,,2,official_observed_reference,dc2ccb1b7e4fe08cd5fe88fa6cb0529e72c2f311bf5929e690a9df7e59807505
2024-12-11,Kallada,0.1203,1.7387,0.1581,18.2,4,,,2,2,2,official_observed_reference,dc2ccb1b7e4fe08cd5fe88fa6cb0529e72c2f311bf5929e690a9df7e59807505
2024-12-11,Malankara,0.061,0.7494,0.0681,3.3,13,1,,2,2,2,official_observed_reference,dc2ccb1b7e4fe08cd5fe88fa6cb0529e72c2f311bf5929e690a9df7e59807505
2024-12-11,Maniyar,0.043,0.825,0.075,,,,,3,,2,official_observed_reference,dc2ccb1b7e4fe08cd5fe88fa6cb0529e72c2f311bf5929e690a9df7e59807505
2024-12-11,Kuthungal,0.083,1.0974,0.0998,4.4,,,,3,2,2,official_observed_reference,dc2ccb1b7e4fe08cd5fe88fa6cb0529e72c2f311bf5929e690a9df7e59807505
2024-12-11,PES-Pallivasal,0.531,3.295,0.2995,,,,,1,,,official_observed_reference,dc2ccb1b7e4fe08cd5fe88fa6cb0529e72c2f311bf5929e690a9df7e59807505
2024-12-12,Idukki,3.833,44.995,3.7496,594,16,1,,5,2,5,official_observed_reference,ddbf709841c4b9f0cbd3220c0ca09f8e76699d8fe34aadacbf7d905757163f4c
2024-12-12,Sabarigiri,2.0373,23.2501,1.9375,295.8,18,,,6,4,6,official_observed_reference,ddbf709841c4b9f0cbd3220c0ca09f8e76699d8fe34aadacbf7d905757163f4c
2024-12-12,Idamalayar,0.872,9.5203,0.7934,70.4,22,,,2,1,2,official_observed_reference,ddbf709841c4b9f0cbd3220c0ca09f8e76699d8fe34aadacbf7d905757163f4c
2024-12-12,Sholayar,0.4543,4.6151,0.3846,36.4,20,1,,2,1,2,official_observed_reference,ddbf709841c4b9f0cbd3220c0ca09f8e76699d8fe34aadacbf7d905757163f4c
2024-12-12,Pallivasal,0.1808,4.432,0.3693,20.4,12,,2,4,,4,official_observed_reference,ddbf709841c4b9f0cbd3220c0ca09f8e76699d8fe34aadacbf7d905757163f4c
2024-12-12,Kuttiadi,1.9614,16.3835,1.3653,193.2,20,1,,5,3,5,official_observed_reference,ddbf709841c4b9f0cbd3220c0ca09f8e76699d8fe34aadacbf7d905757163f4c
2024-12-12,Panniar,0.5413,4.3545,0.3629,32.4,14,,,2,1,2,official_observed_reference,ddbf709841c4b9f0cbd3220c0ca09f8e76699d8fe34aadacbf7d905757163f4c
2024-12-12,Neriamangalam,0.7091,7.654,0.6378,52,23,1,,3,2,3,official_observed_reference,ddbf709841c4b9f0cbd3220c0ca09f8e76699d8fe34aadacbf7d905757163f4c
2024-12-12,Lower Periyar,1.185,14.897,1.2414,116,19,1,,2,2,2,official_observed_reference,ddbf709841c4b9f0cbd3220c0ca09f8e76699d8fe34aadacbf7d905757163f4c
2024-12-12,"Poringalkuthu, PLBE",0.1212,3.8072,0.3173,42.88,18,1,,5,,5,official_observed_reference,ddbf709841c4b9f0cbd3220c0ca09f8e76699d8fe34aadacbf7d905757163f4c
2024-12-12,Sengulam,0.3859,5.4,0.45,51,19,,,4,1,4,official_observed_reference,ddbf709841c4b9f0cbd3220c0ca09f8e76699d8fe34aadacbf7d905757163f4c
2024-12-12,Kakkad,0.4033,4.2279,0.3523,35.4,19,,,2,,2,official_observed_reference,ddbf709841c4b9f0cbd3220c0ca09f8e76699d8fe34aadacbf7d905757163f4c
2024-12-12,Kallada,0.1174,1.8561,0.1547,15.2,5,,,2,2,2,official_observed_reference,ddbf709841c4b9f0cbd3220c0ca09f8e76699d8fe34aadacbf7d905757163f4c
2024-12-12,Malankara,0.0541,0.8035,0.067,3.3,7,1,,2,1,1,official_observed_reference,ddbf709841c4b9f0cbd3220c0ca09f8e76699d8fe34aadacbf7d905757163f4c
2024-12-12,Maniyar,0.0603,0.8853,0.0738,,,,,3,1,2,official_observed_reference,ddbf709841c4b9f0cbd3220c0ca09f8e76699d8fe34aadacbf7d905757163f4c
2024-12-12,Kuthungal,0.0862,1.1836,0.0986,5.4,12,,,3,1,1,official_observed_reference,ddbf709841c4b9f0cbd3220c0ca09f8e76699d8fe34aadacbf7d905757163f4c
2024-12-12,PES-Pallivasal,0.459,3.754,0.3128,,,,,1,,1,official_observed_reference,ddbf709841c4b9f0cbd3220c0ca09f8e76699d8fe34aadacbf7d905757163f4c
2024-12-13,Idukki,2.987,47.982,3.6909,468,17,1,,5,1,5,official_observed_reference,f8d4332519360b4cf24428b5a6c56d7d95c133d70d3033ab85253392ed9a7f6c
2024-12-13,Sabarigiri,1.501,24.7511,1.9039,320.6,17,,,6,1,6,official_observed_reference,f8d4332519360b4cf24428b5a6c56d7d95c133d70d3033ab85253392ed9a7f6c
2024-12-13,Idamalayar,0.6335,10.1538,0.7811,69.8,18,,,2,,2,official_observed_reference,f8d4332519360b4cf24428b5a6c56d7d95c133d70d3033ab85253392ed9a7f6c
2024-12-13,Sholayar,0.4039,5.019,0.3861,36.2,18,1,,2,1,2,official_observed_reference,f8d4332519360b4cf24428b5a6c56d7d95c133d70d3033ab85253392ed9a7f6c
2024-12-13,Pallivasal,0.3527,4.7847,0.3681,20.6,7,,2,4,4,4,official_observed_reference,f8d4332519360b4cf24428b5a6c56d7d95c133d70d3033ab85253392ed9a7f6c
2024-12-13,Kuttiadi,1.0513,17.4348,1.3411,145.2,21,1,,5,1,5,official_observed_reference,f8d4332519360b4cf24428b5a6c56d7d95c133d70d3033ab85253392ed9a7f6c
2024-12-13,Panniar,0.1432,4.4977,0.346,32.4,18,,,2,,2,official_observed_reference,f8d4332519360b4cf24428b5a6c56d7d95c133d70d3033ab85253392ed9a7f6c
2024-12-13,Neriamangalam,0.4156,8.0696,0.6207,52.6,18,1,,3,,3,official_observed_reference,f8d4332519360b4cf24428b5a6c56d7d95c133d70d3033ab85253392ed9a7f6c
2024-12-13,Lower Periyar,1.458,16.355,1.2581,140,19,,,3,1,3,official_observed_reference,f8d4332519360b4cf24428b5a6c56d7d95c133d70d3033ab85253392ed9a7f6c
2024-12-13,"Poringalkuthu, PLBE",0.0944,3.9016,0.3001,45.86,18,,,6,,6,official_observed_reference,f8d4332519360b4cf24428b5a6c56d7d95c133d70d3033ab85253392ed9a7f6c
2024-12-13,Sengulam,0.7193,6.1193,0.4707,51,17,,,4,3,4,official_observed_reference,f8d4332519360b4cf24428b5a6c56d7d95c133d70d3033ab85253392ed9a7f6c
2024-12-13,Kakkad,0.3753,4.6032,0.3541,35.88,18,,,2,,2,official_observed_reference,f8d4332519360b4cf24428b5a6c56d7d95c133d70d3033ab85253392ed9a7f6c
2024-12-13,Kallada,0.29,2.1461,0.1651,15.4,17,,,2,2,2,official_observed_reference,f8d4332519360b4cf24428b5a6c56d7d95c133d70d3033ab85253392ed9a7f6c
2024-12-13,Malankara,0.071,0.8744,0.0673,3.45,20,1,,2,1,2,official_observed_reference,f8d4332519360b4cf24428b5a6c56d7d95c133d70d3033ab85253392ed9a7f6c
2024-12-13,Maniyar,0.1014,0.9867,0.0759,,,,,3,,2,official_observed_reference,f8d4332519360b4cf24428b5a6c56d7d95c133d70d3033ab85253392ed9a7f6c
2024-12-13,Kuthungal,0.3011,1.4847,0.1142,19.2,14,,,3,1,3,official_observed_reference,f8d4332519360b4cf24428b5a6c56d7d95c133d70d3033ab85253392ed9a7f6c
2024-12-13,PES-Pallivasal,0.709,4.463,0.3433,,,,,1,1,1,official_observed_reference,f8d4332519360b4cf24428b5a6c56d7d95c133d70d3033ab85253392ed9a7f6c
2024-12-14,Idukki,2.754,50.736,3.624,526,18,1,,5,2,5,official_observed_reference,2fccacbb24080008b019086d75b4f0661b91815535441094acb33bfd04144d98
2024-12-14,Sabarigiri,1.3991,26.1502,1.8679,295.4,18,,,6,1,6,official_observed_reference,2fccacbb24080008b019086d75b4f0661b91815535441094acb33bfd04144d98
2024-12-14,Idamalayar,0.556,10.7098,0.765,70,21,,,2,,2,official_observed_reference,2fccacbb24080008b019086d75b4f0661b91815535441094acb33bfd04144d98
2024-12-14,Sholayar,0.4153,5.4343,0.3882,36.2,17,1,,2,1,2,official_observed_reference,2fccacbb24080008b019086d75b4f0661b91815535441094acb33bfd04144d98
2024-12-14,Pallivasal,0.1684,4.9531,0.3538,20.4,,,2,4,2,3,official_observed_reference,2fccacbb24080008b019086d75b4f0661b91815535441094acb33bfd04144d98
2024-12-14,Kuttiadi,0.769,18.2038,1.3003,167.6,17,1,,5,,5,official_observed_reference,2fccacbb24080008b019086d75b4f0661b91815535441094acb33bfd04144d98
2024-12-14,Panniar,0.49,4.9877,0.3563,32.4,9,,,2,,2,official_observed_reference,2fccacbb24080008b019086d75b4f0661b91815535441094acb33bfd04144d98
2024-12-14,Neriamangalam,0.7634,8.833,0.6309,52.4,18,1,,3,2,3,official_observed_reference,2fccacbb24080008b019086d75b4f0661b91815535441094acb33bfd04144d98
2024-12-14,Lower Periyar,1.974,18.329,1.3092,144,18,,,3,2,3,official_observed_reference,2fccacbb24080008b019086d75b4f0661b91815535441094acb33bfd04144d98
2024-12-14,"Poringalkuthu, PLBE",0.1646,4.0662,0.2904,52.18,17,,,6,,6,official_observed_reference,2fccacbb24080008b019086d75b4f0661b91815535441094acb33bfd04144d98
2024-12-14,Sengulam,0.557,6.6763,0.4769,51,18,,,4,3,4,official_observed_reference,2fccacbb24080008b019086d75b4f0661b91815535441094acb33bfd04144d98
2024-12-14,Kakkad,0.2582,4.8613,0.3472,35.52,19,,,2,,2,official_observed_reference,2fccacbb24080008b019086d75b4f0661b91815535441094acb33bfd04144d98
2024-12-14,Kallada,0.3641,2.5102,0.1793,15.4,1,,,2,2,2,official_observed_reference,2fccacbb24080008b019086d75b4f0661b91815535441094acb33bfd04144d98
2024-12-14,Malankara,0.0709,0.9453,0.0675,3.45,1,1,,2,2,2,official_observed_reference,2fccacbb24080008b019086d75b4f0661b91815535441094acb33bfd04144d98
2024-12-14,Maniyar,0.0751,1.0618,0.0758,,,,,3,1,2,official_observed_reference,2fccacbb24080008b019086d75b4f0661b91815535441094acb33bfd04144d98
2024-12-14,Kuthungal,0.2961,1.7808,0.1272,14.8,,,,3,2,2,official_observed_reference,2fccacbb24080008b019086d75b4f0661b91815535441094acb33bfd04144d98
2024-12-14,PES-Pallivasal,0.831,5.294,0.3781,,,,,1,,2,official_observed_reference,2fccacbb24080008b019086d75b4f0661b91815535441094acb33bfd04144d98
2024-12-15,Idukki,2.083,52.819,3.5213,350,18,1,,5,2,4,official_observed_reference,ee169d5b1cd802a16ebcf32425875e347170b8fdd53fed204dc32c5bfd36f22c
2024-12-15,Sabarigiri,1.2987,27.4489,1.8299,276.4,18,,,6,1,5,official_observed_reference,ee169d5b1cd802a16ebcf32425875e347170b8fdd53fed204dc32c5bfd36f22c
2024-12-15,Idamalayar,0.8625,11.5723,0.7715,73.8,20,,,2,2,2,official_observed_reference,ee169d5b1cd802a16ebcf32425875e347170b8fdd53fed204dc32c5bfd36f22c
2024-12-15,Sholayar,0.4069,5.8412,0.3894,36.4,17,1,,2,1,5,official_observed_reference,ee169d5b1cd802a16ebcf32425875e347170b8fdd53fed204dc32c5bfd36f22c
2024-12-15,Pallivasal,0.0153,4.9684,0.3312,7.6,17,,2,4,,,official_observed_reference,ee169d5b1cd802a16ebcf32425875e347170b8fdd53fed204dc32c5bfd36f22c
2024-12-15,Kuttiadi,0.9383,19.1421,1.2761,154,20,1,,5,,5,official_observed_reference,ee169d5b1cd802a16ebcf32425875e347170b8fdd53fed204dc32c5bfd36f22c
2024-12-15,Panniar,0.3717,5.3594,0.3573,32.4,16,,,2,,2,official_observed_reference,ee169d5b1cd802a16ebcf32425875e347170b8fdd53fed204dc32c5bfd36f22c
2024-12-15,Neriamangalam,0.7629,9.5959,0.6397,51.8,22,1,,3,3,3,official_observed_reference,ee169d5b1cd802a16ebcf32425875e347170b8fdd53fed204dc32c5bfd36f22c
2024-12-15,Lower Periyar,1.437,19.766,1.3177,118,1,,,3,2,2,official_observed_reference,ee169d5b1cd802a16ebcf32425875e347170b8fdd53fed204dc32c5bfd36f22c
2024-12-15,"Poringalkuthu, PLBE",0.2621,4.3282,0.2885,52.86,19,,,6,,6,official_observed_reference,ee169d5b1cd802a16ebcf32425875e347170b8fdd53fed204dc32c5bfd36f22c
2024-12-15,Sengulam,0.6501,7.3264,0.4884,44.4,19,,,4,4,4,official_observed_reference,ee169d5b1cd802a16ebcf32425875e347170b8fdd53fed204dc32c5bfd36f22c
2024-12-15,Kakkad,0.1873,5.0487,0.3366,24.44,21,,,2,,1,official_observed_reference,ee169d5b1cd802a16ebcf32425875e347170b8fdd53fed204dc32c5bfd36f22c
2024-12-15,Kallada,0.3616,2.8718,0.1915,15.2,,,,2,2,2,official_observed_reference,ee169d5b1cd802a16ebcf32425875e347170b8fdd53fed204dc32c5bfd36f22c
2024-12-15,Malankara,0.0563,1.0016,0.0668,2.4,,1,,2,1,2,official_observed_reference,ee169d5b1cd802a16ebcf32425875e347170b8fdd53fed204dc32c5bfd36f22c
2024-12-15,Maniyar,0.0501,1.1119,0.0741,,,,,3,1,2,official_observed_reference,ee169d5b1cd802a16ebcf32425875e347170b8fdd53fed204dc32c5bfd36f22c
2024-12-15,Kuthungal,0.2386,2.0194,0.1346,12,,,,3,2,2,official_observed_reference,ee169d5b1cd802a16ebcf32425875e347170b8fdd53fed204dc32c5bfd36f22c
2024-12-15,PES-Pallivasal,0.925,6.219,0.4146,,,,,2,,2,official_observed_reference,ee169d5b1cd802a16ebcf32425875e347170b8fdd53fed204dc32c5bfd36f22c
2024-12-17,Idukki,3.238,59.69,3.5112,598,18,1,,5,2,5,official_observed_reference,4438c18d493351ef84ec517c1e7eb3fd100520df71aeb4676cc6eafda7c67a9b
2024-12-17,Sabarigiri,1.7096,30.6793,1.8047,267.2,19,1,,5,1,5,official_observed_reference,4438c18d493351ef84ec517c1e7eb3fd100520df71aeb4676cc6eafda7c67a9b
2024-12-17,Idamalayar,0.9241,13.1689,0.7746,74.2,19,,,2,2,2,official_observed_reference,4438c18d493351ef84ec517c1e7eb3fd100520df71aeb4676cc6eafda7c67a9b
2024-12-17,Sholayar,0.5007,6.8368,0.4022,36.4,7,1,,2,2,2,official_observed_reference,4438c18d493351ef84ec517c1e7eb3fd100520df71aeb4676cc6eafda7c67a9b
2024-12-17,Pallivasal,0.3424,5.4295,0.3194,20.4,11,,2,4,4,4,official_observed_reference,4438c18d493351ef84ec517c1e7eb3fd100520df71aeb4676cc6eafda7c67a9b
2024-12-17,Kuttiadi,1.45,21.8368,1.2845,176.4,19,2,,4,2,4,official_observed_reference,4438c18d493351ef84ec517c1e7eb3fd100520df71aeb4676cc6eafda7c67a9b
2024-12-17,Panniar,0.6265,6.5063,0.3827,32.4,6,,,2,2,2,official_observed_reference,4438c18d493351ef84ec517c1e7eb3fd100520df71aeb4676cc6eafda7c67a9b
2024-12-17,Neriamangalam,0.8233,11.1138,0.6538,52.2,6,1,,3,3,3,official_observed_reference,4438c18d493351ef84ec517c1e7eb3fd100520df71aeb4676cc6eafda7c67a9b
2024-12-17,Lower Periyar,1.226,22.349,1.3146,154,18,,,3,2,3,official_observed_reference,4438c18d493351ef84ec517c1e7eb3fd100520df71aeb4676cc6eafda7c67a9b
2024-12-17,"Poringalkuthu, PLBE",0.2558,4.9049,0.2885,43.4,17,1,,5,1,5,official_observed_reference,4438c18d493351ef84ec517c1e7eb3fd100520df71aeb4676cc6eafda7c67a9b
2024-12-17,Sengulam,0.3439,8.1994,0.4823,50.8,18,,,4,2,4,official_observed_reference,4438c18d493351ef84ec517c1e7eb3fd100520df71aeb4676cc6eafda7c67a9b
2024-12-17,Kakkad,0.26,5.6304,0.3312,35.66,17,,,2,,2,official_observed_reference,4438c18d493351ef84ec517c1e7eb3fd100520df71aeb4676cc6eafda7c67a9b
2024-12-17,Kallada,0.3612,3.5144,0.2067,15.2,,,,2,,2,official_observed_reference,4438c18d493351ef84ec517c1e7eb3fd100520df71aeb4676cc6eafda7c67a9b
2024-12-17,Malankara,0.0379,1.0811,0.0636,2.4,23,1,,2,1,2,official_observed_reference,4438c18d493351ef84ec517c1e7eb3fd100520df71aeb4676cc6eafda7c67a9b
2024-12-17,Maniyar,0.0474,1.2268,0.0722,,,,,3,,3,official_observed_reference,4438c18d493351ef84ec517c1e7eb3fd100520df71aeb4676cc6eafda7c67a9b
2024-12-17,Kuthungal,0.1714,2.3731,0.1396,10.4,11,,,3,1,1,official_observed_reference,4438c18d493351ef84ec517c1e7eb3fd100520df71aeb4676cc6eafda7c67a9b
2024-12-17,PES-Pallivasal,0.466,7.489,0.4405,,,,,2,1,1,official_observed_reference,4438c18d493351ef84ec517c1e7eb3fd100520df71aeb4676cc6eafda7c67a9b
2024-12-18,Idukki,4.446,64.136,3.5631,604,19,1,,5,3,5,official_observed_reference,55958ad3aa43ad34ab1e7081455c9e893c91bdc02e46aa69a1bacf5e74cee520
2024-12-18,Sabarigiri,2.1771,32.8564,1.8254,271.2,18,1,,5,2,5,official_observed_reference,55958ad3aa43ad34ab1e7081455c9e893c91bdc02e46aa69a1bacf5e74cee520
2024-12-18,Idamalayar,1.1377,14.3066,0.7948,74.8,19,,,2,2,2,official_observed_reference,55958ad3aa43ad34ab1e7081455c9e893c91bdc02e46aa69a1bacf5e74cee520
2024-12-18,Sholayar,0.5937,7.4305,0.4128,36.4,7,1,,2,2,2,official_observed_reference,55958ad3aa43ad34ab1e7081455c9e893c91bdc02e46aa69a1bacf5e74cee520
2024-12-18,Pallivasal,0.1476,5.5771,0.3098,20.4,17,,2,4,1,4,official_observed_reference,55958ad3aa43ad34ab1e7081455c9e893c91bdc02e46aa69a1bacf5e74cee520
2024-12-18,Kuttiadi,1.6266,23.4634,1.3035,174.8,22,2,,4,2,4,official_observed_reference,55958ad3aa43ad34ab1e7081455c9e893c91bdc02e46aa69a1bacf5e74cee520
2024-12-18,Panniar,0.6508,7.1571,0.3976,32.4,1,,,2,2,2,official_observed_reference,55958ad3aa43ad34ab1e7081455c9e893c91bdc02e46aa69a1bacf5e74cee520
2024-12-18,Neriamangalam,0.7085,11.8223,0.6568,52.2,18,1,,3,2,3,official_observed_reference,55958ad3aa43ad34ab1e7081455c9e893c91bdc02e46aa69a1bacf5e74cee520
2024-12-18,Lower Periyar,1.278,23.627,1.3126,158,18,,,3,2,3,official_observed_reference,55958ad3aa43ad34ab1e7081455c9e893c91bdc02e46aa69a1bacf5e74cee520
2024-12-18,"Poringalkuthu, PLBE",0.2411,5.1461,0.2859,43.16,17,1,,5,1,5,official_observed_reference,55958ad3aa43ad34ab1e7081455c9e893c91bdc02e46aa69a1bacf5e74cee520
2024-12-18,Sengulam,0.454,8.6534,0.4807,38.2,7,1,,3,3,3,official_observed_reference,55958ad3aa43ad34ab1e7081455c9e893c91bdc02e46aa69a1bacf5e74cee520
2024-12-18,Kakkad,0.2857,5.9161,0.3287,35.96,22,,,2,,2,official_observed_reference,55958ad3aa43ad34ab1e7081455c9e893c91bdc02e46aa69a1bacf5e74cee520
2024-12-18,Kallada,0.3618,3.8762,0.2153,15.2,,,,2,2,2,official_observed_reference,55958ad3aa43ad34ab1e7081455c9e893c91bdc02e46aa69a1bacf5e74cee520
2024-12-18,Malankara,0.0618,1.1429,0.0635,3.45,21,1,,2,2,2,official_observed_reference,55958ad3aa43ad34ab1e7081455c9e893c91bdc02e46aa69a1bacf5e74cee520
2024-12-18,Maniyar,0.0348,1.2615,0.0701,,,,,3,1,2,official_observed_reference,55958ad3aa43ad34ab1e7081455c9e893c91bdc02e46aa69a1bacf5e74cee520
2024-12-18,Kuthungal,0.1523,2.5254,0.1403,7,8,,,3,1,1,official_observed_reference,55958ad3aa43ad34ab1e7081455c9e893c91bdc02e46aa69a1bacf5e74cee520
2024-12-18,PES-Pallivasal,0.561,8.05,0.4472,,,,,2,1,1,official_observed_reference,55958ad3aa43ad34ab1e7081455c9e893c91bdc02e46aa69a1bacf5e74cee520
2024-12-19,Idukki,6.138,70.274,3.6986,612,17,1,,5,5,5,official_observed_reference,b0be2245f52c656c152a81c3905a67153d7574006dd8725930c95b706c3c6bfc
2024-12-19,Sabarigiri,3.2779,36.1343,1.9018,273,21,1,,5,5,5,official_observed_reference,b0be2245f52c656c152a81c3905a67153d7574006dd8725930c95b706c3c6bfc
2024-12-19,Idamalayar,1.1523,15.4589,0.8136,73.8,18,,,2,2,2,official_observed_reference,b0be2245f52c656c152a81c3905a67153d7574006dd8725930c95b706c3c6bfc
2024-12-19,Sholayar,0.5796,8.0101,0.4216,36.4,8,1,,2,2,2,official_observed_reference,b0be2245f52c656c152a81c3905a67153d7574006dd8725930c95b706c3c6bfc
2024-12-19,Pallivasal,0.1423,5.7194,0.301,23,16,,2,4,,4,official_observed_reference,b0be2245f52c656c152a81c3905a67153d7574006dd8725930c95b706c3c6bfc
2024-12-19,Kuttiadi,2.2363,25.6997,1.3526,174,23,2,,4,4,4,official_observed_reference,b0be2245f52c656c152a81c3905a67153d7574006dd8725930c95b706c3c6bfc
2024-12-19,Panniar,0.7762,7.9333,0.4175,32.4,,,,2,2,2,official_observed_reference,b0be2245f52c656c152a81c3905a67153d7574006dd8725930c95b706c3c6bfc
2024-12-19,Neriamangalam,0.852,12.6743,0.6671,51.8,20,1,,3,2,3,official_observed_reference,b0be2245f52c656c152a81c3905a67153d7574006dd8725930c95b706c3c6bfc
2024-12-19,Lower Periyar,1.155,24.782,1.3043,160,8,,,3,3,3,official_observed_reference,b0be2245f52c656c152a81c3905a67153d7574006dd8725930c95b706c3c6bfc
2024-12-19,"Poringalkuthu, PLBE",0.3502,5.4963,0.2893,43.72,20,1,,5,1,5,official_observed_reference,b0be2245f52c656c152a81c3905a67153d7574006dd8725930c95b706c3c6bfc
2024-12-19,Sengulam,0.3937,9.0471,0.4762,38.2,19,1,,3,2,3,official_observed_reference,b0be2245f52c656c152a81c3905a67153d7574006dd8725930c95b706c3c6bfc
2024-12-19,Kakkad,0.4863,6.4024,0.337,35.88,19,,,2,2,2,official_observed_reference,b0be2245f52c656c152a81c3905a67153d7574006dd8725930c95b706c3c6bfc
2024-12-19,Kallada,0.3611,4.2373,0.223,15.2,,,,2,2,2,official_observed_reference,b0be2245f52c656c152a81c3905a67153d7574006dd8725930c95b706c3c6bfc
2024-12-19,Malankara,0.0798,1.2227,0.0644,3.75,23,1,,2,2,2,official_observed_reference,b0be2245f52c656c152a81c3905a67153d7574006dd8725930c95b706c3c6bfc
2024-12-19,Maniyar,0.0778,1.3393,0.0705,,,,,3,1,2,official_observed_reference,b0be2245f52c656c152a81c3905a67153d7574006dd8725930c95b706c3c6bfc
2024-12-19,Kuthungal,0.1423,2.6677,0.1404,8.2,11,,,3,2,2,official_observed_reference,b0be2245f52c656c152a81c3905a67153d7574006dd8725930c95b706c3c6bfc
2024-12-19,PES-Pallivasal,0.572,8.622,0.4538,,,,,2,,,official_observed_reference,b0be2245f52c656c152a81c3905a67153d7574006dd8725930c95b706c3c6bfc
2024-12-20,Idukki,7.018,77.292,3.8646,606,16,1,,5,3,5,official_observed_reference,963d27e54cd607914925ad83771437360774ae5fa04b3ec693725a8d93f1382a
2024-12-20,Sabarigiri,2.857,38.9913,1.9496,271.8,7,1,,5,5,5,official_observed_reference,963d27e54cd607914925ad83771437360774ae5fa04b3ec693725a8d93f1382a
2024-12-20,Idamalayar,1.232,16.6909,0.8345,73.6,,,,2,2,2,official_observed_reference,963d27e54cd607914925ad83771437360774ae5fa04b3ec693725a8d93f1382a
2024-12-20,Sholayar,0.4052,8.4153,0.4208,36.4,20,1,,2,1,2,official_observed_reference,963d27e54cd607914925ad83771437360774ae5fa04b3ec693725a8d93f1382a
2024-12-20,Pallivasal,0.1139,5.8333,0.2917,19.2,19,,2,4,1,3,official_observed_reference,963d27e54cd607914925ad83771437360774ae5fa04b3ec693725a8d93f1382a
2024-12-20,Kuttiadi,2.1173,27.817,1.3909,170.6,22,2,,4,4,4,official_observed_reference,963d27e54cd607914925ad83771437360774ae5fa04b3ec693725a8d93f1382a
2024-12-20,Panniar,0.7764,8.7097,0.4355,32.4,,,,2,2,2,official_observed_reference,963d27e54cd607914925ad83771437360774ae5fa04b3ec693725a8d93f1382a
2024-12-20,Neriamangalam,0.87,13.5443,0.6772,52.4,8,1,,3,3,3,official_observed_reference,963d27e54cd607914925ad83771437360774ae5fa04b3ec693725a8d93f1382a
2024-12-20,Lower Periyar,1.436,26.218,1.3109,158,8,,,3,3,3,official_observed_reference,963d27e54cd607914925ad83771437360774ae5fa04b3ec693725a8d93f1382a
2024-12-20,"Poringalkuthu, PLBE",0.2822,5.7785,0.2889,43.38,19,1,,5,,5,official_observed_reference,963d27e54cd607914925ad83771437360774ae5fa04b3ec693725a8d93f1382a
2024-12-20,Sengulam,0.4041,9.4512,0.4726,38.4,21,1,,3,2,3,official_observed_reference,963d27e54cd607914925ad83771437360774ae5fa04b3ec693725a8d93f1382a
2024-12-20,Kakkad,0.4402,6.8425,0.3421,35.68,19,,,2,2,2,official_observed_reference,963d27e54cd607914925ad83771437360774ae5fa04b3ec693725a8d93f1382a
2024-12-20,Kallada,0.3611,4.5984,0.2299,15.2,,,,2,2,2,official_observed_reference,963d27e54cd607914925ad83771437360774ae5fa04b3ec693725a8d93f1382a
2024-12-20,Malankara,0.0879,1.3106,0.0655,4.35,19,1,,2,2,2,official_observed_reference,963d27e54cd607914925ad83771437360774ae5fa04b3ec693725a8d93f1382a
2024-12-20,Maniyar,0.0624,1.4017,0.0701,,,,,3,1,2,official_observed_reference,963d27e54cd607914925ad83771437360774ae5fa04b3ec693725a8d93f1382a
2024-12-20,Kuthungal,0.1366,2.8043,0.1402,7,15,,,3,2,2,official_observed_reference,963d27e54cd607914925ad83771437360774ae5fa04b3ec693725a8d93f1382a
2024-12-20,PES-Pallivasal,0.662,9.284,0.4642,,,,,2,,1,official_observed_reference,963d27e54cd607914925ad83771437360774ae5fa04b3ec693725a8d93f1382a
2024-12-21,Idukki,5.03,82.322,3.9201,596,18,1,,5,4,5,official_observed_reference,a0e9c9077b873e0eedea09d18483c8f80c202be1b50bee334f074305c7da49fc
2024-12-21,Sabarigiri,1.9673,40.9586,1.9504,270.8,7,1,,5,5,5,official_observed_reference,a0e9c9077b873e0eedea09d18483c8f80c202be1b50bee334f074305c7da49fc
2024-12-21,Idamalayar,1.0369,17.7278,0.8442,70.4,16,,,2,2,2,official_observed_reference,a0e9c9077b873e0eedea09d18483c8f80c202be1b50bee334f074305c7da49fc
2024-12-21,Sholayar,0.4956,8.9109,0.4243,36.2,7,1,,2,2,2,official_observed_reference,a0e9c9077b873e0eedea09d18483c8f80c202be1b50bee334f074305c7da49fc
2024-12-21,Pallivasal,0.164,5.9973,0.2856,20.4,17,,2,4,2,4,official_observed_reference,a0e9c9077b873e0eedea09d18483c8f80c202be1b50bee334f074305c7da49fc
2024-12-21,Kuttiadi,2.1828,29.9998,1.4286,172.4,7,2,,4,4,4,official_observed_reference,a0e9c9077b873e0eedea09d18483c8f80c202be1b50bee334f074305c7da49fc
2024-12-21,Panniar,0.7762,9.4859,0.4517,32.4,1,,,2,2,2,official_observed_reference,a0e9c9077b873e0eedea09d18483c8f80c202be1b50bee334f074305c7da49fc
2024-12-21,Neriamangalam,0.7846,14.3289,0.6823,51.8,,1,,3,3,3,official_observed_reference,a0e9c9077b873e0eedea09d18483c8f80c202be1b50bee334f074305c7da49fc
2024-12-21,Lower Periyar,1.108,27.326,1.3012,160,18,,,3,3,3,official_observed_reference,a0e9c9077b873e0eedea09d18483c8f80c202be1b50bee334f074305c7da49fc
2024-12-21,"Poringalkuthu, PLBE",0.2766,6.0551,0.2883,43.24,7,1,,5,4,5,official_observed_reference,a0e9c9077b873e0eedea09d18483c8f80c202be1b50bee334f074305c7da49fc
2024-12-21,Sengulam,0.5011,9.9523,0.4739,37.8,,1,,3,3,3,official_observed_reference,a0e9c9077b873e0eedea09d18483c8f80c202be1b50bee334f074305c7da49fc
2024-12-21,Kakkad,0.3284,7.171,0.3415,35.44,7,,,2,2,2,official_observed_reference,a0e9c9077b873e0eedea09d18483c8f80c202be1b50bee334f074305c7da49fc
2024-12-21,Kallada,0.2593,4.8577,0.2313,15.2,6,,,2,2,2,official_observed_reference,a0e9c9077b873e0eedea09d18483c8f80c202be1b50bee334f074305c7da49fc
2024-12-21,Malankara,0.0914,1.4021,0.0668,4.5,1,1,,2,2,2,official_observed_reference,a0e9c9077b873e0eedea09d18483c8f80c202be1b50bee334f074305c7da49fc
2024-12-21,Maniyar,0.0486,1.4503,0.0691,,,,,3,,2,official_observed_reference,a0e9c9077b873e0eedea09d18483c8f80c202be1b50bee334f074305c7da49fc
2024-12-21,Kuthungal,0.1164,2.9207,0.1391,5.2,1,,,3,2,2,official_observed_reference,a0e9c9077b873e0eedea09d18483c8f80c202be1b50bee334f074305c7da49fc
2024-12-21,PES-Pallivasal,0.738,10.022,0.4772,,,,,2,,1,official_observed_reference,a0e9c9077b873e0eedea09d18483c8f80c202be1b50bee334f074305c7da49fc
2024-12-22,Idukki,2.645,84.967,3.8621,430,7,1,,5,4,4,official_observed_reference,e73fb5782d1d5cccaa0e25910b08964e222ef7d13320f06317960dedb619c983
2024-12-22,Sabarigiri,0.645,41.6036,1.8911,115,7,1,,5,2,2,official_observed_reference,e73fb5782d1d5cccaa0e25910b08964e222ef7d13320f06317960dedb619c983
2024-12-22,Idamalayar,0.6068,18.3346,0.8334,73.4,17,,,2,,2,official_observed_reference,e73fb5782d1d5cccaa0e25910b08964e222ef7d13320f06317960dedb619c983
2024-12-22,Sholayar,0.4439,9.3548,0.4252,36.4,17,1,,2,1,2,official_observed_reference,e73fb5782d1d5cccaa0e25910b08964e222ef7d13320f06317960dedb619c983
2024-12-22,Pallivasal,0.0863,6.0836,0.2765,11,10,,2,4,1,1,official_observed_reference,e73fb5782d1d5cccaa0e25910b08964e222ef7d13320f06317960dedb619c983
2024-12-22,Kuttiadi,1.2844,31.2842,1.422,170.8,19,2,,4,2,4,official_observed_reference,e73fb5782d1d5cccaa0e25910b08964e222ef7d13320f06317960dedb619c983
2024-12-22,Panniar,0.7743,10.2602,0.4664,32.4,,,,2,2,2,official_observed_reference,e73fb5782d1d5cccaa0e25910b08964e222ef7d13320f06317960dedb619c983
2024-12-22,Neriamangalam,0.6692,14.9981,0.6817,51.6,22,1,,3,1,3,official_observed_reference,e73fb5782d1d5cccaa0e25910b08964e222ef7d13320f06317960dedb619c983
2024-12-22,Lower Periyar,1.344,28.67,1.3032,164,19,,,3,1,3,official_observed_reference,e73fb5782d1d5cccaa0e25910b08964e222ef7d13320f06317960dedb619c983
2024-12-22,"Poringalkuthu, PLBE",0.0955,6.1506,0.2796,16.5,20,1,,5,,2,official_observed_reference,e73fb5782d1d5cccaa0e25910b08964e222ef7d13320f06317960dedb619c983
2024-12-22,Sengulam,0.5048,10.4571,0.4753,38.2,21,1,,3,3,3,official_observed_reference,e73fb5782d1d5cccaa0e25910b08964e222ef7d13320f06317960dedb619c983
2024-12-22,Kakkad,0.114,7.285,0.3311,18.96,19,,,2,,1,official_observed_reference,e73fb5782d1d5cccaa0e25910b08964e222ef7d13320f06317960dedb619c983
2024-12-22,Kallada,0.1214,4.9791,0.2263,15.2,5,,,2,2,2,official_observed_reference,e73fb5782d1d5cccaa0e25910b08964e222ef7d13320f06317960dedb619c983
2024-12-22,Malankara,0.0867,1.4888,0.0677,4.35,,1,,2,2,2,official_observed_reference,e73fb5782d1d5cccaa0e25910b08964e222ef7d13320f06317960dedb619c983
2024-12-22,Maniyar,0.0206,1.4709,0.0669,,,,,3,,2,official_observed_reference,e73fb5782d1d5cccaa0e25910b08964e222ef7d13320f06317960dedb619c983
2024-12-22,Kuthungal,0.1055,3.0262,0.1376,4.6,8,,,3,1,1,official_observed_reference,e73fb5782d1d5cccaa0e25910b08964e222ef7d13320f06317960dedb619c983
2024-12-22,PES-Pallivasal,0.746,10.768,0.4895,,,,,2,1,2,official_observed_reference,e73fb5782d1d5cccaa0e25910b08964e222ef7d13320f06317960dedb619c983
2024-12-23,Idukki,4.637,89.604,3.8958,550,18,1,,5,3,5,official_observed_reference,244ba99865041fcf71f403b25eb0df04eb2884b60c91ec669fd747f07a78f747
2024-12-23,Sabarigiri,1.757,43.3606,1.8852,266,17,1,,5,2,5,official_observed_reference,244ba99865041fcf71f403b25eb0df04eb2884b60c91ec669fd747f07a78f747
2024-12-23,Idamalayar,1.2306,19.5652,0.8507,74.8,23,,,2,2,2,official_observed_reference,244ba99865041fcf71f403b25eb0df04eb2884b60c91ec669fd747f07a78f747
2024-12-23,Sholayar,0.4015,9.7563,0.4242,36.2,17,1,,2,1,2,official_observed_reference,244ba99865041fcf71f403b25eb0df04eb2884b60c91ec669fd747f07a78f747
2024-12-23,Pallivasal,0.1841,6.2677,0.2725,20.6,18,,2,4,1,2,official_observed_reference,244ba99865041fcf71f403b25eb0df04eb2884b60c91ec669fd747f07a78f747
2024-12-23,Kuttiadi,1.5508,32.835,1.4276,170.4,22,2,,4,1,4,official_observed_reference,244ba99865041fcf71f403b25eb0df04eb2884b60c91ec669fd747f07a78f747
2024-12-23,Panniar,0.7717,11.0319,0.4796,32.4,5,,,2,2,2,official_observed_reference,244ba99865041fcf71f403b25eb0df04eb2884b60c91ec669fd747f07a78f747
2024-12-23,Neriamangalam,1.0868,16.0849,0.6993,51.2,17,1,,3,3,3,official_observed_reference,244ba99865041fcf71f403b25eb0df04eb2884b60c91ec669fd747f07a78f747
2024-12-23,Lower Periyar,0.972,29.642,1.2888,156,16,,,3,,3,official_observed_reference,244ba99865041fcf71f403b25eb0df04eb2884b60c91ec669fd747f07a78f747
2024-12-23,"Poringalkuthu, PLBE",0.3103,6.4609,0.2809,43.24,16,1,,5,2,5,official_observed_reference,244ba99865041fcf71f403b25eb0df04eb2884b60c91ec669fd747f07a78f747
2024-12-23,Sengulam,0.4948,10.9519,0.4762,37.8,17,1,,3,2,3,official_observed_reference,244ba99865041fcf71f403b25eb0df04eb2884b60c91ec669fd747f07a78f747
2024-12-23,Kakkad,0.2698,7.5548,0.3285,35.3,17,,,2,,2,official_observed_reference,244ba99865041fcf71f403b25eb0df04eb2884b60c91ec669fd747f07a78f747
2024-12-23,Kallada,0.1174,5.0965,0.2216,15.2,7,,,2,2,2,official_observed_reference,244ba99865041fcf71f403b25eb0df04eb2884b60c91ec669fd747f07a78f747
2024-12-23,Malankara,0.0683,1.5571,0.0677,3.6,1,1,,2,1,1,official_observed_reference,244ba99865041fcf71f403b25eb0df04eb2884b60c91ec669fd747f07a78f747
2024-12-23,Maniyar,0.0298,1.5007,0.0652,,,,,3,,3,official_observed_reference,244ba99865041fcf71f403b25eb0df04eb2884b60c91ec669fd747f07a78f747
2024-12-23,Kuthungal,0.1201,3.1463,0.1368,6.4,11,,,3,1,1,official_observed_reference,244ba99865041fcf71f403b25eb0df04eb2884b60c91ec669fd747f07a78f747
2024-12-23,PES-Pallivasal,0.732,11.5,0.5,,,,,2,1,2,official_observed_reference,244ba99865041fcf71f403b25eb0df04eb2884b60c91ec669fd747f07a78f747
2024-12-24,Idukki,4.45,94.054,3.9189,592,17,1,,5,3,5,official_observed_reference,6ebb86685b25c8e7dca8f840ab637c13805fc9474d0952c7465b24213430e1d5
2024-12-24,Sabarigiri,1.3761,44.7367,1.864,266.2,17,1,,5,2,5,official_observed_reference,6ebb86685b25c8e7dca8f840ab637c13805fc9474d0952c7465b24213430e1d5
2024-12-24,Idamalayar,1.2953,20.8605,0.8692,71.4,19,,,2,2,2,official_observed_reference,6ebb86685b25c8e7dca8f840ab637c13805fc9474d0952c7465b24213430e1d5
2024-12-24,Sholayar,0.4401,10.1964,0.4249,54.4,18,1,,2,1,3,official_observed_reference,6ebb86685b25c8e7dca8f840ab637c13805fc9474d0952c7465b24213430e1d5
2024-12-24,Pallivasal,0.3155,6.5832,0.2743,20.6,1,,2,4,4,4,official_observed_reference,6ebb86685b25c8e7dca8f840ab637c13805fc9474d0952c7465b24213430e1d5
2024-12-24,Kuttiadi,1.5122,34.3472,1.4311,169.8,19,2,,4,2,4,official_observed_reference,6ebb86685b25c8e7dca8f840ab637c13805fc9474d0952c7465b24213430e1d5
2024-12-24,Panniar,0.7739,11.8058,0.4919,32.4,1,,,2,2,2,official_observed_reference,6ebb86685b25c8e7dca8f840ab637c13805fc9474d0952c7465b24213430e1d5
2024-12-24,Neriamangalam,0.778,16.8629,0.7026,50.6,,1,,3,2,2,official_observed_reference,6ebb86685b25c8e7dca8f840ab637c13805fc9474d0952c7465b24213430e1d5
2024-12-24,Lower Periyar,0.948,30.59,1.2746,162,17,,,3,1,3,official_observed_reference,6ebb86685b25c8e7dca8f840ab637c13805fc9474d0952c7465b24213430e1d5
2024-12-24,"Poringalkuthu, PLBE",0.2237,6.6846,0.2785,43.1,18,1,,5,1,5,official_observed_reference,6ebb86685b25c8e7dca8f840ab637c13805fc9474d0952c7465b24213430e1d5
2024-12-24,Sengulam,0.4579,11.4098,0.4754,38.4,20,1,,3,2,3,official_observed_reference,6ebb86685b25c8e7dca8f840ab637c13805fc9474d0952c7465b24213430e1d5
2024-12-24,Kakkad,0.2195,7.7743,0.3239,35.88,18,,,2,,2,official_observed_reference,6ebb86685b25c8e7dca8f840ab637c13805fc9474d0952c7465b24213430e1d5
2024-12-24,Kallada,0.1217,5.2182,0.2174,17,17,,,2,2,2,official_observed_reference,6ebb86685b25c8e7dca8f840ab637c13805fc9474d0952c7465b24213430e1d5
2024-12-24,Malankara,0.0693,1.6264,0.0678,3.6,7,1,,2,1,1,official_observed_reference,6ebb86685b25c8e7dca8f840ab637c13805fc9474d0952c7465b24213430e1d5
2024-12-24,Maniyar,0.0235,1.5243,0.0635,,,,,3,,2,official_observed_reference,6ebb86685b25c8e7dca8f840ab637c13805fc9474d0952c7465b24213430e1d5
2024-12-24,Kuthungal,0.1022,3.2485,0.1354,7.4,14,,,3,,1,official_observed_reference,6ebb86685b25c8e7dca8f840ab637c13805fc9474d0952c7465b24213430e1d5
2024-12-24,PES-Pallivasal,0.41,11.91,0.4963,,,,,2,,,official_observed_reference,6ebb86685b25c8e7dca8f840ab637c13805fc9474d0952c7465b24213430e1d5
2024-12-25,Idukki,3.071,97.125,3.885,588,17,1,,5,1,5,official_observed_reference,27b45fffdb27a37a4580b836113a290292347c87ddacc01b220a1fbff317a1f8
2024-12-25,Sabarigiri,1.1884,45.9251,1.837,266.4,17,1,,5,,5,official_observed_reference,27b45fffdb27a37a4580b836113a290292347c87ddacc01b220a1fbff317a1f8
2024-12-25,Idamalayar,1.201,22.0615,0.8825,71.2,6,,,2,,2,official_observed_reference,27b45fffdb27a37a4580b836113a290292347c87ddacc01b220a1fbff317a1f8
2024-12-25,Sholayar,0.4308,10.6272,0.4251,54.4,17,1,,2,,3,official_observed_reference,27b45fffdb27a37a4580b836113a290292347c87ddacc01b220a1fbff317a1f8
2024-12-25,Pallivasal,0.4615,7.0447,0.2818,20.6,2,,2,4,4,4,official_observed_reference,27b45fffdb27a37a4580b836113a290292347c87ddacc01b220a1fbff317a1f8
2024-12-25,Kuttiadi,1.0635,35.4107,1.4164,168,17,2,,4,,4,official_observed_reference,27b45fffdb27a37a4580b836113a290292347c87ddacc01b220a1fbff317a1f8
2024-12-25,Panniar,0.667,12.4728,0.4989,32.4,,,,2,,2,official_observed_reference,27b45fffdb27a37a4580b836113a290292347c87ddacc01b220a1fbff317a1f8
2024-12-25,Neriamangalam,0.7,17.5629,0.7025,53,20,1,,3,1,3,official_observed_reference,27b45fffdb27a37a4580b836113a290292347c87ddacc01b220a1fbff317a1f8
2024-12-25,Lower Periyar,1.12,31.71,1.2684,144,18,,,3,,3,official_observed_reference,27b45fffdb27a37a4580b836113a290292347c87ddacc01b220a1fbff317a1f8
2024-12-25,"Poringalkuthu, PLBE",0.1435,6.8281,0.2731,43.08,18,1,,5,,5,official_observed_reference,27b45fffdb27a37a4580b836113a290292347c87ddacc01b220a1fbff317a1f8
2024-12-25,Sengulam,0.3267,11.7365,0.4695,38.2,23,1,,3,,3,official_observed_reference,27b45fffdb27a37a4580b836113a290292347c87ddacc01b220a1fbff317a1f8
2024-12-25,Kakkad,0.196,7.9703,0.3188,35.9,17,,,2,,2,official_observed_reference,27b45fffdb27a37a4580b836113a290292347c87ddacc01b220a1fbff317a1f8
2024-12-25,Kallada,0.1169,5.3351,0.2134,15.6,18,,,2,,2,official_observed_reference,27b45fffdb27a37a4580b836113a290292347c87ddacc01b220a1fbff317a1f8
2024-12-25,Malankara,0.0618,1.6882,0.0675,3.6,,1,,2,1,1,official_observed_reference,27b45fffdb27a37a4580b836113a290292347c87ddacc01b220a1fbff317a1f8
2024-12-25,Maniyar,0.0225,1.5468,0.0619,,,,,3,,2,official_observed_reference,27b45fffdb27a37a4580b836113a290292347c87ddacc01b220a1fbff317a1f8
2024-12-25,Kuthungal,0.0994,3.3479,0.1339,6.6,10,,,3,,1,official_observed_reference,27b45fffdb27a37a4580b836113a290292347c87ddacc01b220a1fbff317a1f8
2024-12-25,PES-Pallivasal,0.134,12.044,0.4818,,,,,2,,,official_observed_reference,27b45fffdb27a37a4580b836113a290292347c87ddacc01b220a1fbff317a1f8
2024-12-26,Idukki,4.785,101.91,3.9196,556,17,1,,5,2,5,official_observed_reference,91d8e8772017c3184eada3a1fb5425d02a5c46db87ecbe0f354fafaeeb45458f
2024-12-26,Sabarigiri,1.3786,47.3037,1.8194,266.2,18,1,,5,,4,official_observed_reference,91d8e8772017c3184eada3a1fb5425d02a5c46db87ecbe0f354fafaeeb45458f
2024-12-26,Idamalayar,1.0342,23.0957,0.8883,70.4,9,,,2,2,2,official_observed_reference,91d8e8772017c3184eada3a1fb5425d02a5c46db87ecbe0f354fafaeeb45458f
2024-12-26,Sholayar,0.5415,11.1687,0.4296,54.6,18,1,,2,1,3,official_observed_reference,91d8e8772017c3184eada3a1fb5425d02a5c46db87ecbe0f354fafaeeb45458f
2024-12-26,Pallivasal,0.4584,7.5031,0.2886,20.6,,,2,4,4,4,official_observed_reference,91d8e8772017c3184eada3a1fb5425d02a5c46db87ecbe0f354fafaeeb45458f
2024-12-26,Kuttiadi,1.2239,36.6346,1.409,169.4,18,2,,4,1,4,official_observed_reference,91d8e8772017c3184eada3a1fb5425d02a5c46db87ecbe0f354fafaeeb45458f
2024-12-26,Panniar,0.7132,13.186,0.5072,32.4,,,,2,2,2,official_observed_reference,91d8e8772017c3184eada3a1fb5425d02a5c46db87ecbe0f354fafaeeb45458f
2024-12-26,Neriamangalam,0.8924,18.4553,0.7098,52,9,1,,3,3,3,official_observed_reference,91d8e8772017c3184eada3a1fb5425d02a5c46db87ecbe0f354fafaeeb45458f
2024-12-26,Lower Periyar,1.352,33.062,1.2716,160,19,,,3,3,3,official_observed_reference,91d8e8772017c3184eada3a1fb5425d02a5c46db87ecbe0f354fafaeeb45458f
2024-12-26,"Poringalkuthu, PLBE",0.1906,7.0186,0.2699,43.2,18,1,,5,1,5,official_observed_reference,91d8e8772017c3184eada3a1fb5425d02a5c46db87ecbe0f354fafaeeb45458f
2024-12-26,Sengulam,0.4302,12.1667,0.468,38.4,18,1,,3,2,3,official_observed_reference,91d8e8772017c3184eada3a1fb5425d02a5c46db87ecbe0f354fafaeeb45458f
2024-12-26,Kakkad,0.2119,8.1822,0.3147,35.44,19,,,2,,2,official_observed_reference,91d8e8772017c3184eada3a1fb5425d02a5c46db87ecbe0f354fafaeeb45458f
2024-12-26,Kallada,0.1209,5.456,0.2098,15.4,5,,,2,2,2,official_observed_reference,91d8e8772017c3184eada3a1fb5425d02a5c46db87ecbe0f354fafaeeb45458f
2024-12-26,Malankara,0.0633,1.7515,0.0674,3.6,18,1,,2,2,2,official_observed_reference,91d8e8772017c3184eada3a1fb5425d02a5c46db87ecbe0f354fafaeeb45458f
2024-12-26,Maniyar,0.0188,1.5656,0.0602,,,,,3,,2,official_observed_reference,91d8e8772017c3184eada3a1fb5425d02a5c46db87ecbe0f354fafaeeb45458f
2024-12-26,Kuthungal,0.0958,3.4437,0.1325,6.2,9,,,3,1,1,official_observed_reference,91d8e8772017c3184eada3a1fb5425d02a5c46db87ecbe0f354fafaeeb45458f
2024-12-26,PES-Pallivasal,,12.044,0.4632,,,,,2,,,official_observed_reference,91d8e8772017c3184eada3a1fb5425d02a5c46db87ecbe0f354fafaeeb45458f
2024-12-27,Idukki,3.398,105.308,3.9003,448,19,1,,5,3,5,official_observed_reference,0f31d8783853568a2f57a738f05bd16af23225ed50b8c5a22da6ef31bb66e795
2024-12-27,Sabarigiri,2.5862,49.8899,1.8478,271.2,19,1,,5,3,5,official_observed_reference,0f31d8783853568a2f57a738f05bd16af23225ed50b8c5a22da6ef31bb66e795
2024-12-27,Idamalayar,1.1277,24.2234,0.8972,69.4,7,,,2,2,2,official_observed_reference,0f31d8783853568a2f57a738f05bd16af23225ed50b8c5a22da6ef31bb66e795
2024-12-27,Sholayar,0.4569,11.6256,0.4306,54.6,18,,,3,1,3,official_observed_reference,0f31d8783853568a2f57a738f05bd16af23225ed50b8c5a22da6ef31bb66e795
2024-12-27,Pallivasal,0.4417,7.9448,0.2943,21.2,8,,2,4,4,4,official_observed_reference,0f31d8783853568a2f57a738f05bd16af23225ed50b8c5a22da6ef31bb66e795
2024-12-27,Kuttiadi,2.045,38.6796,1.4326,169.2,22,2,,4,3,4,official_observed_reference,0f31d8783853568a2f57a738f05bd16af23225ed50b8c5a22da6ef31bb66e795
2024-12-27,Panniar,,13.186,0.4884,,,2,,,,,official_observed_reference,0f31d8783853568a2f57a738f05bd16af23225ed50b8c5a22da6ef31bb66e795
2024-12-27,Neriamangalam,0.1328,18.5881,0.6884,62.2,1,4,,,,,official_observed_reference,0f31d8783853568a2f57a738f05bd16af23225ed50b8c5a22da6ef31bb66e795
2024-12-27,Lower Periyar,0.783,33.845,1.2535,162,17,,,3,,3,official_observed_reference,0f31d8783853568a2f57a738f05bd16af23225ed50b8c5a22da6ef31bb66e795
2024-12-27,"Poringalkuthu, PLBE",0.2644,7.283,0.2697,43.68,18,1,,5,,5,official_observed_reference,0f31d8783853568a2f57a738f05bd16af23225ed50b8c5a22da6ef31bb66e795
2024-12-27,Sengulam,,12.1667,0.4506,,,4,,,,,official_observed_reference,0f31d8783853568a2f57a738f05bd16af23225ed50b8c5a22da6ef31bb66e795
2024-12-27,Kakkad,0.3653,8.5475,0.3166,35.56,17,,,2,,2,official_observed_reference,0f31d8783853568a2f57a738f05bd16af23225ed50b8c5a22da6ef31bb66e795
2024-12-27,Kallada,0.1223,5.5783,0.2066,17.2,4,,,2,,2,official_observed_reference,0f31d8783853568a2f57a738f05bd16af23225ed50b8c5a22da6ef31bb66e795
2024-12-27,Malankara,0.0725,1.824,0.0676,3.6,,1,,2,,2,official_observed_reference,0f31d8783853568a2f57a738f05bd16af23225ed50b8c5a22da6ef31bb66e795
2024-12-27,Maniyar,0.044,1.6096,0.0596,,,,,3,1,2,official_observed_reference,0f31d8783853568a2f57a738f05bd16af23225ed50b8c5a22da6ef31bb66e795
2024-12-27,Kuthungal,0.0921,3.5358,0.131,7.2,12,,,3,1,1,official_observed_reference,0f31d8783853568a2f57a738f05bd16af23225ed50b8c5a22da6ef31bb66e795
2024-12-27,PES-Pallivasal,,12.044,0.4461,,,2,,,,,official_observed_reference,0f31d8783853568a2f57a738f05bd16af23225ed50b8c5a22da6ef31bb66e795
2024-12-28,Idukki,2.797,108.105,3.8609,478,18,1,,5,1,5,official_observed_reference,da5e383a0f2ee207685733f1ef7fde53b6f579082e13378e166502a5bcf7fc63
2024-12-28,Sabarigiri,1.1095,50.9994,1.8214,253.2,18,1,,5,1,5,official_observed_reference,da5e383a0f2ee207685733f1ef7fde53b6f579082e13378e166502a5bcf7fc63
2024-12-28,Idamalayar,0.995,25.2184,0.9007,71.6,22,,,2,2,2,official_observed_reference,da5e383a0f2ee207685733f1ef7fde53b6f579082e13378e166502a5bcf7fc63
2024-12-28,Sholayar,0.3124,11.938,0.4264,54.4,18,,,3,1,3,official_observed_reference,da5e383a0f2ee207685733f1ef7fde53b6f579082e13378e166502a5bcf7fc63
2024-12-28,Pallivasal,0.4384,8.3832,0.2994,20.6,18,,2,4,4,4,official_observed_reference,da5e383a0f2ee207685733f1ef7fde53b6f579082e13378e166502a5bcf7fc63
2024-12-28,Kuttiadi,0.9241,39.6037,1.4144,169,19,2,,4,,4,official_observed_reference,da5e383a0f2ee207685733f1ef7fde53b6f579082e13378e166502a5bcf7fc63
2024-12-28,Panniar,,13.186,0.4709,,,2,,,,,official_observed_reference,da5e383a0f2ee207685733f1ef7fde53b6f579082e13378e166502a5bcf7fc63
2024-12-28,Neriamangalam,,18.5881,0.6639,,,4,,,,,official_observed_reference,da5e383a0f2ee207685733f1ef7fde53b6f579082e13378e166502a5bcf7fc63
2024-12-28,Lower Periyar,1.319,35.164,1.2559,160,18,,,3,,3,official_observed_reference,da5e383a0f2ee207685733f1ef7fde53b6f579082e13378e166502a5bcf7fc63
2024-12-28,"Poringalkuthu, PLBE",0.0961,7.3791,0.2635,37.88,19,1,,5,,5,official_observed_reference,da5e383a0f2ee207685733f1ef7fde53b6f579082e13378e166502a5bcf7fc63
2024-12-28,Sengulam,,12.1667,0.4345,,,4,,,,,official_observed_reference,da5e383a0f2ee207685733f1ef7fde53b6f579082e13378e166502a5bcf7fc63
2024-12-28,Kakkad,0.1918,8.7393,0.3121,35.42,18,,,2,,2,official_observed_reference,da5e383a0f2ee207685733f1ef7fde53b6f579082e13378e166502a5bcf7fc63
2024-12-28,Kallada,0.1222,5.7005,0.2036,15.6,7,,,2,2,2,official_observed_reference,da5e383a0f2ee207685733f1ef7fde53b6f579082e13378e166502a5bcf7fc63
2024-12-28,Malankara,0.0575,1.8815,0.0672,2.55,1,1,,2,2,2,official_observed_reference,da5e383a0f2ee207685733f1ef7fde53b6f579082e13378e166502a5bcf7fc63
2024-12-28,Maniyar,0.0239,1.6335,0.0583,,,,,3,,2,official_observed_reference,da5e383a0f2ee207685733f1ef7fde53b6f579082e13378e166502a5bcf7fc63
2024-12-28,Kuthungal,0.0915,3.6273,0.1295,6.6,11,,,3,,1,official_observed_reference,da5e383a0f2ee207685733f1ef7fde53b6f579082e13378e166502a5bcf7fc63
2024-12-28,PES-Pallivasal,,12.044,0.4301,,,2,,,,,official_observed_reference,da5e383a0f2ee207685733f1ef7fde53b6f579082e13378e166502a5bcf7fc63
2024-12-29,Idukki,3.153,111.258,3.8365,460,19,1,,5,1,5,official_observed_reference,9367fff99ba99adcb3800f6fe88917ec2f7186a21e8192cd6fd50e04f9080d06
2024-12-29,Sabarigiri,1.465,52.4644,1.8091,255.8,20,1,,5,,5,official_observed_reference,9367fff99ba99adcb3800f6fe88917ec2f7186a21e8192cd6fd50e04f9080d06
2024-12-29,Idamalayar,0.9901,26.2085,0.9037,71,18,,,2,1,2,official_observed_reference,9367fff99ba99adcb3800f6fe88917ec2f7186a21e8192cd6fd50e04f9080d06
2024-12-29,Sholayar,0.332,12.27,0.4231,54.4,18,,,3,,3,official_observed_reference,9367fff99ba99adcb3800f6fe88917ec2f7186a21e8192cd6fd50e04f9080d06
2024-12-29,Pallivasal,0.4202,8.8034,0.3036,20.6,19,,2,4,4,4,official_observed_reference,9367fff99ba99adcb3800f6fe88917ec2f7186a21e8192cd6fd50e04f9080d06
2024-12-29,Kuttiadi,1.2389,40.8426,1.4084,171,19,2,,4,,4,official_observed_reference,9367fff99ba99adcb3800f6fe88917ec2f7186a21e8192cd6fd50e04f9080d06
2024-12-29,Panniar,,13.186,0.4547,,,2,,,,,official_observed_reference,9367fff99ba99adcb3800f6fe88917ec2f7186a21e8192cd6fd50e04f9080d06
2024-12-29,Neriamangalam,,18.5881,0.641,,,4,,,,,official_observed_reference,9367fff99ba99adcb3800f6fe88917ec2f7186a21e8192cd6fd50e04f9080d06
2024-12-29,Lower Periyar,0.253,35.417,1.2213,154,,,,3,,,official_observed_reference,9367fff99ba99adcb3800f6fe88917ec2f7186a21e8192cd6fd50e04f9080d06
2024-12-29,"Poringalkuthu, PLBE",0.1465,7.5256,0.2595,37.78,19,1,,5,,5,official_observed_reference,9367fff99ba99adcb3800f6fe88917ec2f7186a21e8192cd6fd50e04f9080d06
2024-12-29,Sengulam,,12.1667,0.4195,,,4,,,,,official_observed_reference,9367fff99ba99adcb3800f6fe88917ec2f7186a21e8192cd6fd50e04f9080d06
2024-12-29,Kakkad,0.1669,8.9061,0.3071,24.86,19,,,2,,1,official_observed_reference,9367fff99ba99adcb3800f6fe88917ec2f7186a21e8192cd6fd50e04f9080d06
2024-12-29,Kallada,0.1215,5.822,0.2008,16,4,,,2,2,2,official_observed_reference,9367fff99ba99adcb3800f6fe88917ec2f7186a21e8192cd6fd50e04f9080d06
2024-12-29,Malankara,0.0558,1.9373,0.0668,2.4,,1,,2,2,2,official_observed_reference,9367fff99ba99adcb3800f6fe88917ec2f7186a21e8192cd6fd50e04f9080d06
2024-12-29,Maniyar,0.0124,1.6459,0.0568,,,,,3,,1,official_observed_reference,9367fff99ba99adcb3800f6fe88917ec2f7186a21e8192cd6fd50e04f9080d06
2024-12-29,Kuthungal,0.0878,3.7151,0.1281,6.4,15,,,3,,1,official_observed_reference,9367fff99ba99adcb3800f6fe88917ec2f7186a21e8192cd6fd50e04f9080d06
2024-12-29,PES-Pallivasal,,12.044,0.4153,,,2,,,,,official_observed_reference,9367fff99ba99adcb3800f6fe88917ec2f7186a21e8192cd6fd50e04f9080d06
2024-12-30,Idukki,5.787,117.045,3.9015,602,19,1,,5,3,5,official_observed_reference,484e67c69ea0dfb1f68a9471ab9cb59bd3d15d5a2f3088262dda0ab0aef2951e
2024-12-30,Sabarigiri,2.8868,55.3512,1.845,321,20,,,6,4,6,official_observed_reference,484e67c69ea0dfb1f68a9471ab9cb59bd3d15d5a2f3088262dda0ab0aef2951e
2024-12-30,Idamalayar,1.2481,27.4566,0.9152,72,20,,,2,2,2,official_observed_reference,484e67c69ea0dfb1f68a9471ab9cb59bd3d15d5a2f3088262dda0ab0aef2951e
2024-12-30,Sholayar,0.2794,12.5494,0.4183,54.6,20,,,3,1,3,official_observed_reference,484e67c69ea0dfb1f68a9471ab9cb59bd3d15d5a2f3088262dda0ab0aef2951e
2024-12-30,Pallivasal,0.4287,9.2321,0.3077,20.6,17,,2,4,4,4,official_observed_reference,484e67c69ea0dfb1f68a9471ab9cb59bd3d15d5a2f3088262dda0ab0aef2951e
2024-12-30,Kuttiadi,2.0237,42.8663,1.4289,194.8,20,1,,5,3,5,official_observed_reference,484e67c69ea0dfb1f68a9471ab9cb59bd3d15d5a2f3088262dda0ab0aef2951e
2024-12-30,Panniar,,13.186,0.4395,,,2,,,,,official_observed_reference,484e67c69ea0dfb1f68a9471ab9cb59bd3d15d5a2f3088262dda0ab0aef2951e
2024-12-30,Neriamangalam,,18.5881,0.6196,,,4,,,,,official_observed_reference,484e67c69ea0dfb1f68a9471ab9cb59bd3d15d5a2f3088262dda0ab0aef2951e
2024-12-30,Lower Periyar,,35.417,1.1806,,,,,3,,,official_observed_reference,484e67c69ea0dfb1f68a9471ab9cb59bd3d15d5a2f3088262dda0ab0aef2951e
2024-12-30,"Poringalkuthu, PLBE",0.2867,7.8123,0.2604,43.1,18,1,,5,1,5,official_observed_reference,484e67c69ea0dfb1f68a9471ab9cb59bd3d15d5a2f3088262dda0ab0aef2951e
2024-12-30,Sengulam,,12.1667,0.4056,,,4,,,,,official_observed_reference,484e67c69ea0dfb1f68a9471ab9cb59bd3d15d5a2f3088262dda0ab0aef2951e
2024-12-30,Kakkad,0.4631,9.3692,0.3123,35.98,22,,,2,1,2,official_observed_reference,484e67c69ea0dfb1f68a9471ab9cb59bd3d15d5a2f3088262dda0ab0aef2951e
2024-12-30,Kallada,0.1429,5.9649,0.1988,15.2,5,,,2,2,2,official_observed_reference,484e67c69ea0dfb1f68a9471ab9cb59bd3d15d5a2f3088262dda0ab0aef2951e
2024-12-30,Malankara,0.0573,1.9946,0.0665,3.15,23,1,,2,2,2,official_observed_reference,484e67c69ea0dfb1f68a9471ab9cb59bd3d15d5a2f3088262dda0ab0aef2951e
2024-12-30,Maniyar,0.0506,1.6964,0.0565,,,,,3,1,,official_observed_reference,484e67c69ea0dfb1f68a9471ab9cb59bd3d15d5a2f3088262dda0ab0aef2951e
2024-12-30,Kuthungal,0.0837,3.7988,0.1266,6.2,13,,,3,2,2,official_observed_reference,484e67c69ea0dfb1f68a9471ab9cb59bd3d15d5a2f3088262dda0ab0aef2951e
2024-12-30,PES-Pallivasal,,12.044,0.4015,,,2,,,,,official_observed_reference,484e67c69ea0dfb1f68a9471ab9cb59bd3d15d5a2f3088262dda0ab0aef2951e
2024-12-31,Idukki,4.471,121.516,3.9199,604,18,1,,5,4,5,official_observed_reference,01f43dd76b507a1e49f668e5baf985fa3b696985e9bb0eb72b7ed9f716b22c4a
2024-12-31,Sabarigiri,2.0179,57.3691,1.8506,325.8,18,,,6,4,6,official_observed_reference,01f43dd76b507a1e49f668e5baf985fa3b696985e9bb0eb72b7ed9f716b22c4a
2024-12-31,Idamalayar,1.3297,28.7863,0.9286,74,7,,,2,2,2,official_observed_reference,01f43dd76b507a1e49f668e5baf985fa3b696985e9bb0eb72b7ed9f716b22c4a
2024-12-31,Sholayar,0.401,12.9504,0.4178,54.4,17,,,3,1,3,official_observed_reference,01f43dd76b507a1e49f668e5baf985fa3b696985e9bb0eb72b7ed9f716b22c4a
2024-12-31,Pallivasal,0.4424,9.6745,0.3121,20.6,19,,2,4,4,4,official_observed_reference,01f43dd76b507a1e49f668e5baf985fa3b696985e9bb0eb72b7ed9f716b22c4a
2024-12-31,Kuttiadi,2.1216,44.9879,1.4512,196.8,23,1,,5,3,5,official_observed_reference,01f43dd76b507a1e49f668e5baf985fa3b696985e9bb0eb72b7ed9f716b22c4a
2024-12-31,Panniar,,13.186,0.4254,,,2,,,,,official_observed_reference,01f43dd76b507a1e49f668e5baf985fa3b696985e9bb0eb72b7ed9f716b22c4a
2024-12-31,Neriamangalam,,18.5881,0.5996,,,4,,,,,official_observed_reference,01f43dd76b507a1e49f668e5baf985fa3b696985e9bb0eb72b7ed9f716b22c4a
2024-12-31,Lower Periyar,,35.417,1.1425,,,,,3,,,official_observed_reference,01f43dd76b507a1e49f668e5baf985fa3b696985e9bb0eb72b7ed9f716b22c4a
2024-12-31,"Poringalkuthu, PLBE",0.3464,8.1587,0.2632,51.66,19,1,,5,1,5,official_observed_reference,01f43dd76b507a1e49f668e5baf985fa3b696985e9bb0eb72b7ed9f716b22c4a
2024-12-31,Sengulam,,12.1667,0.3925,,,4,,,,,official_observed_reference,01f43dd76b507a1e49f668e5baf985fa3b696985e9bb0eb72b7ed9f716b22c4a
2024-12-31,Kakkad,0.3207,9.6899,0.3126,35.8,19,,,2,,2,official_observed_reference,01f43dd76b507a1e49f668e5baf985fa3b696985e9bb0eb72b7ed9f716b22c4a
2024-12-31,Kallada,0.1634,6.1283,0.1977,15.2,5,,,2,2,2,official_observed_reference,01f43dd76b507a1e49f668e5baf985fa3b696985e9bb0eb72b7ed9f716b22c4a
2024-12-31,Malankara,0.062,2.0565,0.0663,3.3,21,1,,2,2,2,official_observed_reference,01f43dd76b507a1e49f668e5baf985fa3b696985e9bb0eb72b7ed9f716b22c4a
2024-12-31,Maniyar,0.0466,1.743,0.0562,,,,,3,1,1,official_observed_reference,01f43dd76b507a1e49f668e5baf985fa3b696985e9bb0eb72b7ed9f716b22c4a
2024-12-31,Kuthungal,0.0844,3.8832,0.1253,7.6,7,,,3,1,2,official_observed_reference,01f43dd76b507a1e49f668e5baf985fa3b696985e9bb0eb72b7ed9f716b22c4a
2024-12-31,PES-Pallivasal,,12.044,0.3885,,,2,,,,,official_observed_reference,01f43dd76b507a1e49f668e5baf985fa3b696985e9bb0eb72b7ed9f716b22c4a
2025-01-01,Idukki,3.079,3.079,3.079,650,19,,,6,2,6,official_observed_reference,bb5f16c56b1bfb1b3ac7b33d2a946593e3e02bada66412c16997d1b1927dcdca
2025-01-01,Sabarigiri,1.4511,1.4511,1.4511,281.4,17,,,6,1,6,official_observed_reference,bb5f16c56b1bfb1b3ac7b33d2a946593e3e02bada66412c16997d1b1927dcdca
2025-01-01,Idamalayar,1.2691,1.2691,1.2691,75.6,23,,,2,2,2,official_observed_reference,bb5f16c56b1bfb1b3ac7b33d2a946593e3e02bada66412c16997d1b1927dcdca
2025-01-01,Sholayar,0.4358,0.4358,0.4358,54.4,17,,,3,1,3,official_observed_reference,bb5f16c56b1bfb1b3ac7b33d2a946593e3e02bada66412c16997d1b1927dcdca
2025-01-01,Pallivasal,0.423,0.423,0.423,20.4,19,,2,4,4,4,official_observed_reference,bb5f16c56b1bfb1b3ac7b33d2a946593e3e02bada66412c16997d1b1927dcdca
2025-01-01,Kuttiadi,1.3748,1.3748,1.3748,193.2,18,1,,5,1,5,official_observed_reference,bb5f16c56b1bfb1b3ac7b33d2a946593e3e02bada66412c16997d1b1927dcdca
2025-01-01,Panniar,,,,,,2,,,,,official_observed_reference,bb5f16c56b1bfb1b3ac7b33d2a946593e3e02bada66412c16997d1b1927dcdca
2025-01-01,Neriamangalam,,,,,,4,,,,,official_observed_reference,bb5f16c56b1bfb1b3ac7b33d2a946593e3e02bada66412c16997d1b1927dcdca
2025-01-01,Lower Periyar,,,,,,,,3,,,official_observed_reference,bb5f16c56b1bfb1b3ac7b33d2a946593e3e02bada66412c16997d1b1927dcdca
2025-01-01,"Poringalkuthu, PLBE",0.3096,0.3096,0.3096,46.22,18,,,6,1,6,official_observed_reference,bb5f16c56b1bfb1b3ac7b33d2a946593e3e02bada66412c16997d1b1927dcdca
2025-01-01,Sengulam,,,,,,4,,,,,official_observed_reference,bb5f16c56b1bfb1b3ac7b33d2a946593e3e02bada66412c16997d1b1927dcdca
2025-01-01,Kakkad,0.234,0.234,0.234,35.38,18,,,2,,2,official_observed_reference,bb5f16c56b1bfb1b3ac7b33d2a946593e3e02bada66412c16997d1b1927dcdca
2025-01-01,Kallada,0.1651,0.1651,0.1651,15.4,9,,,2,2,2,official_observed_reference,bb5f16c56b1bfb1b3ac7b33d2a946593e3e02bada66412c16997d1b1927dcdca
2025-01-01,Malankara,0.0633,0.0633,0.0633,3.3,,1,,2,1,1,official_observed_reference,bb5f16c56b1bfb1b3ac7b33d2a946593e3e02bada66412c16997d1b1927dcdca
2025-01-01,Maniyar,0.0251,0.0251,0.0251,,,,,3,2,,official_observed_reference,bb5f16c56b1bfb1b3ac7b33d2a946593e3e02bada66412c16997d1b1927dcdca
2025-01-01,Kuthungal,0.0802,0.0802,0.0802,6.2,20,,,3,,1,official_observed_reference,bb5f16c56b1bfb1b3ac7b33d2a946593e3e02bada66412c16997d1b1927dcdca
2025-01-01,PES-Pallivasal,,,,,,2,,,,,official_observed_reference,bb5f16c56b1bfb1b3ac7b33d2a946593e3e02bada66412c16997d1b1927dcdca
2025-01-02,Idukki,4.727,7.806,3.903,718,17,,,6,2,6,official_observed_reference,604ef08cd2f11bda80d4acf119d4a0e9e0ca933668e0669ae0b82f02f82efdae
2025-01-02,Sabarigiri,2.0809,3.532,1.766,325.4,19,,,6,2,6,official_observed_reference,604ef08cd2f11bda80d4acf119d4a0e9e0ca933668e0669ae0b82f02f82efdae
2025-01-02,Idamalayar,1.0419,2.311,1.1555,74,18,,,2,2,2,official_observed_reference,604ef08cd2f11bda80d4acf119d4a0e9e0ca933668e0669ae0b82f02f82efdae
2025-01-02,Sholayar,0.5339,0.9697,0.4849,54.6,20,,,3,1,3,official_observed_reference,604ef08cd2f11bda80d4acf119d4a0e9e0ca933668e0669ae0b82f02f82efdae
2025-01-02,Pallivasal,0.4183,0.8413,0.4207,20.4,17,,2,4,4,4,official_observed_reference,604ef08cd2f11bda80d4acf119d4a0e9e0ca933668e0669ae0b82f02f82efdae
2025-01-02,Kuttiadi,1.1884,2.5632,1.2816,188.6,17,1,,5,,5,official_observed_reference,604ef08cd2f11bda80d4acf119d4a0e9e0ca933668e0669ae0b82f02f82efdae
2025-01-02,Panniar,,,,,,2,,,,,official_observed_reference,604ef08cd2f11bda80d4acf119d4a0e9e0ca933668e0669ae0b82f02f82efdae
2025-01-02,Neriamangalam,,,,,,4,,,,,official_observed_reference,604ef08cd2f11bda80d4acf119d4a0e9e0ca933668e0669ae0b82f02f82efdae
2025-01-02,Lower Periyar,,,,,,,,3,,,official_observed_reference,604ef08cd2f11bda80d4acf119d4a0e9e0ca933668e0669ae0b82f02f82efdae
2025-01-02,"Poringalkuthu, PLBE",0.2671,0.5767,0.2884,51.98,18,,,6,1,6,official_observed_reference,604ef08cd2f11bda80d4acf119d4a0e9e0ca933668e0669ae0b82f02f82efdae
2025-01-02,Sengulam,,,,,,4,,,,,official_observed_reference,604ef08cd2f11bda80d4acf119d4a0e9e0ca933668e0669ae0b82f02f82efdae
2025-01-02,Kakkad,0.3291,0.5631,0.2816,36.04,20,,,2,1,2,official_observed_reference,604ef08cd2f11bda80d4acf119d4a0e9e0ca933668e0669ae0b82f02f82efdae
2025-01-02,Kallada,0.177,0.3421,0.1711,15.4,9,,,2,2,2,official_observed_reference,604ef08cd2f11bda80d4acf119d4a0e9e0ca933668e0669ae0b82f02f82efdae
2025-01-02,Malankara,0.0475,0.1108,0.0554,3.15,1,1,,2,1,1,official_observed_reference,604ef08cd2f11bda80d4acf119d4a0e9e0ca933668e0669ae0b82f02f82efdae
2025-01-02,Maniyar,0.033,0.0581,0.029,,,,,3,,2,official_observed_reference,604ef08cd2f11bda80d4acf119d4a0e9e0ca933668e0669ae0b82f02f82efdae
2025-01-02,Kuthungal,0.0698,0.15,0.075,7.2,19,,,3,,1,official_observed_reference,604ef08cd2f11bda80d4acf119d4a0e9e0ca933668e0669ae0b82f02f82efdae
2025-01-02,PES-Pallivasal,,,,,,2,,,,,official_observed_reference,604ef08cd2f11bda80d4acf119d4a0e9e0ca933668e0669ae0b82f02f82efdae
2025-01-03,Idukki,5.158,12.964,4.3213,732,19,,,6,3,6,official_observed_reference,9be7d82cb7013ace28ca9b87bb0647d7bfe493bfb2d86d60510c54d1c775bbff
2025-01-03,Sabarigiri,2.2187,5.7507,1.9169,326.2,19,,,6,4,6,official_observed_reference,9be7d82cb7013ace28ca9b87bb0647d7bfe493bfb2d86d60510c54d1c775bbff
2025-01-03,Idamalayar,1.2665,3.5775,1.1925,74.2,5,,,2,2,2,official_observed_reference,9be7d82cb7013ace28ca9b87bb0647d7bfe493bfb2d86d60510c54d1c775bbff
2025-01-03,Sholayar,0.5165,1.4862,0.4954,54.6,21,,,3,1,3,official_observed_reference,9be7d82cb7013ace28ca9b87bb0647d7bfe493bfb2d86d60510c54d1c775bbff
2025-01-03,Pallivasal,0.3982,1.2395,0.4132,20.4,8,,2,4,4,4,official_observed_reference,9be7d82cb7013ace28ca9b87bb0647d7bfe493bfb2d86d60510c54d1c775bbff
2025-01-03,Kuttiadi,1.6514,4.2146,1.4049,194.8,18,1,,5,3,5,official_observed_reference,9be7d82cb7013ace28ca9b87bb0647d7bfe493bfb2d86d60510c54d1c775bbff
2025-01-03,Panniar,,,,,,2,,,,,official_observed_reference,9be7d82cb7013ace28ca9b87bb0647d7bfe493bfb2d86d60510c54d1c775bbff
2025-01-03,Neriamangalam,,,,,,4,,,,,official_observed_reference,9be7d82cb7013ace28ca9b87bb0647d7bfe493bfb2d86d60510c54d1c775bbff
2025-01-03,Lower Periyar,,,,,,,,3,,,official_observed_reference,9be7d82cb7013ace28ca9b87bb0647d7bfe493bfb2d86d60510c54d1c775bbff
2025-01-03,"Poringalkuthu, PLBE",0.2218,0.7985,0.2662,51.82,18,,,6,1,6,official_observed_reference,9be7d82cb7013ace28ca9b87bb0647d7bfe493bfb2d86d60510c54d1c775bbff
2025-01-03,Sengulam,,,,,,4,,,,,official_observed_reference,9be7d82cb7013ace28ca9b87bb0647d7bfe493bfb2d86d60510c54d1c775bbff
2025-01-03,Kakkad,0.2715,0.8346,0.2782,36.02,20,,,2,1,2,official_observed_reference,9be7d82cb7013ace28ca9b87bb0647d7bfe493bfb2d86d60510c54d1c775bbff
2025-01-03,Kallada,0.1764,0.5185,0.1728,15.2,5,,,2,2,2,official_observed_reference,9be7d82cb7013ace28ca9b87bb0647d7bfe493bfb2d86d60510c54d1c775bbff
2025-01-03,Malankara,0.032,0.1428,0.0476,2.25,6,1,,2,2,1,official_observed_reference,9be7d82cb7013ace28ca9b87bb0647d7bfe493bfb2d86d60510c54d1c775bbff
2025-01-03,Maniyar,0.0378,0.0958,0.0319,,,,,3,,1,official_observed_reference,9be7d82cb7013ace28ca9b87bb0647d7bfe493bfb2d86d60510c54d1c775bbff
2025-01-03,Kuthungal,0.0672,0.2172,0.0724,7,18,,,3,,1,official_observed_reference,9be7d82cb7013ace28ca9b87bb0647d7bfe493bfb2d86d60510c54d1c775bbff
2025-01-03,PES-Pallivasal,,,,,,2,,,,,official_observed_reference,9be7d82cb7013ace28ca9b87bb0647d7bfe493bfb2d86d60510c54d1c775bbff
2025-01-04,Idukki,5.136,18.1,4.525,700,18,,,6,4,6,official_observed_reference,a6475f7c817db5f6ca7b563b53899d98a577470f59f5c51c2989d0d7e770dba8
2025-01-04,Sabarigiri,2.3684,8.1191,2.0298,325.8,17,,,6,4,6,official_observed_reference,a6475f7c817db5f6ca7b563b53899d98a577470f59f5c51c2989d0d7e770dba8
2025-01-04,Idamalayar,1.3336,4.9111,1.2278,72.2,,,,2,2,2,official_observed_reference,a6475f7c817db5f6ca7b563b53899d98a577470f59f5c51c2989d0d7e770dba8
2025-01-04,Sholayar,0.4435,1.9297,0.4824,54.6,19,,,3,2,3,official_observed_reference,a6475f7c817db5f6ca7b563b53899d98a577470f59f5c51c2989d0d7e770dba8
2025-01-04,Pallivasal,0.3895,1.629,0.4073,20,21,,2,4,4,4,official_observed_reference,a6475f7c817db5f6ca7b563b53899d98a577470f59f5c51c2989d0d7e770dba8
2025-01-04,Kuttiadi,1.5335,5.7481,1.437,193.6,18,1,,5,4,5,official_observed_reference,a6475f7c817db5f6ca7b563b53899d98a577470f59f5c51c2989d0d7e770dba8
2025-01-04,Panniar,,,,,,2,,,,,official_observed_reference,a6475f7c817db5f6ca7b563b53899d98a577470f59f5c51c2989d0d7e770dba8
2025-01-04,Neriamangalam,,,,,,4,,,,,official_observed_reference,a6475f7c817db5f6ca7b563b53899d98a577470f59f5c51c2989d0d7e770dba8
2025-01-04,Lower Periyar,0.567,0.567,0.1418,104,19,,,3,,2,official_observed_reference,a6475f7c817db5f6ca7b563b53899d98a577470f59f5c51c2989d0d7e770dba8
2025-01-04,"Poringalkuthu, PLBE",0.2655,1.064,0.266,51.92,19,,,6,1,6,official_observed_reference,a6475f7c817db5f6ca7b563b53899d98a577470f59f5c51c2989d0d7e770dba8
2025-01-04,Sengulam,,,,,,4,,,,,official_observed_reference,a6475f7c817db5f6ca7b563b53899d98a577470f59f5c51c2989d0d7e770dba8
2025-01-04,Kakkad,0.3683,1.2029,0.3007,36.1,20,,,2,1,2,official_observed_reference,a6475f7c817db5f6ca7b563b53899d98a577470f59f5c51c2989d0d7e770dba8
2025-01-04,Kallada,0.1765,0.695,0.1738,15.2,6,,,2,2,2,official_observed_reference,a6475f7c817db5f6ca7b563b53899d98a577470f59f5c51c2989d0d7e770dba8
2025-01-04,Malankara,0.0335,0.1763,0.0441,2.7,21,1,,2,1,1,official_observed_reference,a6475f7c817db5f6ca7b563b53899d98a577470f59f5c51c2989d0d7e770dba8
2025-01-04,Maniyar,0.0425,0.1384,0.0346,,,,,3,,2,official_observed_reference,a6475f7c817db5f6ca7b563b53899d98a577470f59f5c51c2989d0d7e770dba8
2025-01-04,Kuthungal,0.0664,0.2836,0.0709,7,18,,,3,,1,official_observed_reference,a6475f7c817db5f6ca7b563b53899d98a577470f59f5c51c2989d0d7e770dba8
2025-01-04,PES-Pallivasal,,,,,,2,,,,,official_observed_reference,a6475f7c817db5f6ca7b563b53899d98a577470f59f5c51c2989d0d7e770dba8
2025-01-05,Idukki,4.682,22.782,4.5564,650,19,,,6,4,6,official_observed_reference,49802f918be492f70969f97c360a88e06f0f6a0dfd3fa3cf884e2b8787257f47
2025-01-05,Sabarigiri,1.9754,10.0945,2.0189,326.6,21,,,6,2,6,official_observed_reference,49802f918be492f70969f97c360a88e06f0f6a0dfd3fa3cf884e2b8787257f47
2025-01-05,Idamalayar,1.165,6.0761,1.2152,72.2,17,,,2,2,2,official_observed_reference,49802f918be492f70969f97c360a88e06f0f6a0dfd3fa3cf884e2b8787257f47
2025-01-05,Sholayar,0.4923,2.422,0.4844,54.6,18,,,3,1,3,official_observed_reference,49802f918be492f70969f97c360a88e06f0f6a0dfd3fa3cf884e2b8787257f47
2025-01-05,Pallivasal,0.3667,1.9957,0.3991,15.8,5,,2,4,4,4,official_observed_reference,49802f918be492f70969f97c360a88e06f0f6a0dfd3fa3cf884e2b8787257f47
2025-01-05,Kuttiadi,1.3571,7.1052,1.421,190.2,20,1,,5,2,5,official_observed_reference,49802f918be492f70969f97c360a88e06f0f6a0dfd3fa3cf884e2b8787257f47
2025-01-05,Panniar,,,,,,2,,,,,official_observed_reference,49802f918be492f70969f97c360a88e06f0f6a0dfd3fa3cf884e2b8787257f47
2025-01-05,Neriamangalam,,,,,,4,,,,,official_observed_reference,49802f918be492f70969f97c360a88e06f0f6a0dfd3fa3cf884e2b8787257f47
2025-01-05,Lower Periyar,,0.567,0.1134,,,,,3,,,official_observed_reference,49802f918be492f70969f97c360a88e06f0f6a0dfd3fa3cf884e2b8787257f47
2025-01-05,"Poringalkuthu, PLBE",0.2389,1.3029,0.2606,52.24,19,,,6,1,6,official_observed_reference,49802f918be492f70969f97c360a88e06f0f6a0dfd3fa3cf884e2b8787257f47
2025-01-05,Sengulam,,,,,,4,,,,,official_observed_reference,49802f918be492f70969f97c360a88e06f0f6a0dfd3fa3cf884e2b8787257f47
2025-01-05,Kakkad,0.262,1.4649,0.293,36.2,21,,,2,,2,official_observed_reference,49802f918be492f70969f97c360a88e06f0f6a0dfd3fa3cf884e2b8787257f47
2025-01-05,Kallada,0.1807,0.8757,0.1751,15.8,4,,,2,2,2,official_observed_reference,49802f918be492f70969f97c360a88e06f0f6a0dfd3fa3cf884e2b8787257f47
2025-01-05,Malankara,0.0548,0.2312,0.0462,2.7,20,1,,2,,1,official_observed_reference,49802f918be492f70969f97c360a88e06f0f6a0dfd3fa3cf884e2b8787257f47
2025-01-05,Maniyar,0.0239,0.1622,0.0324,,,,,3,,2,official_observed_reference,49802f918be492f70969f97c360a88e06f0f6a0dfd3fa3cf884e2b8787257f47
2025-01-05,Kuthungal,0.0642,0.3478,0.0696,7,18,,,3,,2,official_observed_reference,49802f918be492f70969f97c360a88e06f0f6a0dfd3fa3cf884e2b8787257f47
2025-01-05,PES-Pallivasal,,,,,,2,,,,,official_observed_reference,49802f918be492f70969f97c360a88e06f0f6a0dfd3fa3cf884e2b8787257f47
2025-01-06,Idukki,6.783,29.565,4.9275,738,19,,,6,6,6,official_observed_reference,694652f7ad72e214c0e3815d9c76a015f07aad07d5d5833835fe6f8bea131b12
2025-01-06,Sabarigiri,2.3409,12.4354,2.0726,326.6,19,,,6,6,6,official_observed_reference,694652f7ad72e214c0e3815d9c76a015f07aad07d5d5833835fe6f8bea131b12
2025-01-06,Idamalayar,1.2547,7.3308,1.2218,71,20,,,2,2,2,official_observed_reference,694652f7ad72e214c0e3815d9c76a015f07aad07d5d5833835fe6f8bea131b12
2025-01-06,Sholayar,0.5781,3.0001,0.5,54.4,8,,,3,3,3,official_observed_reference,694652f7ad72e214c0e3815d9c76a015f07aad07d5d5833835fe6f8bea131b12
2025-01-06,Pallivasal,0.3346,2.3303,0.3884,20.6,18,,2,4,4,4,official_observed_reference,694652f7ad72e214c0e3815d9c76a015f07aad07d5d5833835fe6f8bea131b12
2025-01-06,Kuttiadi,1.3066,8.4118,1.402,144.2,21,2,,4,4,4,official_observed_reference,694652f7ad72e214c0e3815d9c76a015f07aad07d5d5833835fe6f8bea131b12
2025-01-06,Panniar,0.2274,0.2274,0.0379,32.4,17,,,2,,2,official_observed_reference,694652f7ad72e214c0e3815d9c76a015f07aad07d5d5833835fe6f8bea131b12
2025-01-06,Neriamangalam,,,,,,4,,,,,official_observed_reference,694652f7ad72e214c0e3815d9c76a015f07aad07d5d5833835fe6f8bea131b12
2025-01-06,Lower Periyar,0.444,1.011,0.1685,102,18,1,,2,,2,official_observed_reference,694652f7ad72e214c0e3815d9c76a015f07aad07d5d5833835fe6f8bea131b12
2025-01-06,"Poringalkuthu, PLBE",0.1897,1.4926,0.2488,36.22,18,1,,5,,5,official_observed_reference,694652f7ad72e214c0e3815d9c76a015f07aad07d5d5833835fe6f8bea131b12
2025-01-06,Sengulam,0.1408,0.1408,0.0235,38.2,21,,,4,,2,official_observed_reference,694652f7ad72e214c0e3815d9c76a015f07aad07d5d5833835fe6f8bea131b12
2025-01-06,Kakkad,0.4112,1.8761,0.3127,24.8,19,1,,1,1,1,official_observed_reference,694652f7ad72e214c0e3815d9c76a015f07aad07d5d5833835fe6f8bea131b12
2025-01-06,Kallada,0.1817,1.0574,0.1762,15.6,20,,,2,2,2,official_observed_reference,694652f7ad72e214c0e3815d9c76a015f07aad07d5d5833835fe6f8bea131b12
2025-01-06,Malankara,0.0912,0.3224,0.0537,5.1,22,1,,2,,1,official_observed_reference,694652f7ad72e214c0e3815d9c76a015f07aad07d5d5833835fe6f8bea131b12
2025-01-06,Maniyar,0.0375,0.1997,0.0333,,,,,3,1,1,official_observed_reference,694652f7ad72e214c0e3815d9c76a015f07aad07d5d5833835fe6f8bea131b12
2025-01-06,Kuthungal,0.0624,0.4102,0.0684,7.2,18,,,3,,1,official_observed_reference,694652f7ad72e214c0e3815d9c76a015f07aad07d5d5833835fe6f8bea131b12
2025-01-06,PES-Pallivasal,0.119,0.119,0.0198,,,2,,,,1,official_observed_reference,694652f7ad72e214c0e3815d9c76a015f07aad07d5d5833835fe6f8bea131b12
2025-01-07,Idukki,6.678,36.243,5.1776,732,18,,,6,6,6,official_observed_reference,f85967c51c49dccbb71ed5224e8166868cdb51bee8a348acfe7cc7dad2c8c68d
2025-01-07,Sabarigiri,2.5665,15.0019,2.1431,325.8,7,,,6,6,6,official_observed_reference,f85967c51c49dccbb71ed5224e8166868cdb51bee8a348acfe7cc7dad2c8c68d
2025-01-07,Idamalayar,1.2362,8.567,1.2239,74.2,18,,,2,2,2,official_observed_reference,f85967c51c49dccbb71ed5224e8166868cdb51bee8a348acfe7cc7dad2c8c68d
2025-01-07,Sholayar,0.6242,3.6243,0.5178,54.4,7,,,3,3,3,official_observed_reference,f85967c51c49dccbb71ed5224e8166868cdb51bee8a348acfe7cc7dad2c8c68d
2025-01-07,Pallivasal,0.1786,2.5089,0.3584,19.6,18,,2,4,4,4,official_observed_reference,f85967c51c49dccbb71ed5224e8166868cdb51bee8a348acfe7cc7dad2c8c68d
2025-01-07,Kuttiadi,1.6481,10.0599,1.4371,147.4,18,2,,4,4,4,official_observed_reference,f85967c51c49dccbb71ed5224e8166868cdb51bee8a348acfe7cc7dad2c8c68d
2025-01-07,Panniar,0.6312,0.8586,0.1227,32.4,,,,2,2,2,official_observed_reference,f85967c51c49dccbb71ed5224e8166868cdb51bee8a348acfe7cc7dad2c8c68d
2025-01-07,Neriamangalam,,,,,,4,,,,,official_observed_reference,f85967c51c49dccbb71ed5224e8166868cdb51bee8a348acfe7cc7dad2c8c68d
2025-01-07,Lower Periyar,0.242,1.253,0.179,100,18,1,,2,2,1,official_observed_reference,f85967c51c49dccbb71ed5224e8166868cdb51bee8a348acfe7cc7dad2c8c68d
2025-01-07,"Poringalkuthu, PLBE",0.2286,1.7211,0.2459,36.06,8,1,,5,4,1,official_observed_reference,f85967c51c49dccbb71ed5224e8166868cdb51bee8a348acfe7cc7dad2c8c68d
2025-01-07,Sengulam,0.179,0.3198,0.0457,25.4,21,,,4,2,,official_observed_reference,f85967c51c49dccbb71ed5224e8166868cdb51bee8a348acfe7cc7dad2c8c68d
2025-01-07,Kakkad,0.3882,2.2643,0.3235,24.98,20,1,,1,1,1,official_observed_reference,f85967c51c49dccbb71ed5224e8166868cdb51bee8a348acfe7cc7dad2c8c68d
2025-01-07,Kallada,0.1843,1.2417,0.1774,17,4,,,2,2,2,official_observed_reference,f85967c51c49dccbb71ed5224e8166868cdb51bee8a348acfe7cc7dad2c8c68d
2025-01-07,Malankara,0.1015,0.4238,0.0605,5.25,,1,,2,2,2,official_observed_reference,f85967c51c49dccbb71ed5224e8166868cdb51bee8a348acfe7cc7dad2c8c68d
2025-01-07,Maniyar,0.029,0.2287,0.0327,,,,,3,1,2,official_observed_reference,f85967c51c49dccbb71ed5224e8166868cdb51bee8a348acfe7cc7dad2c8c68d
2025-01-07,Kuthungal,0.0603,0.4705,0.0672,7.2,17,,,3,1,2,official_observed_reference,f85967c51c49dccbb71ed5224e8166868cdb51bee8a348acfe7cc7dad2c8c68d
2025-01-07,PES-Pallivasal,0.296,0.415,0.0593,,,2,,,,,official_observed_reference,f85967c51c49dccbb71ed5224e8166868cdb51bee8a348acfe7cc7dad2c8c68d
2025-01-08,Idukki,6.873,43.116,5.3895,728,18,,,6,6,6,official_observed_reference,2240823ebdc3dea52c9ae69096ec2918bd7cef1091087af8e7492dd4a5287bae
2025-01-08,Sabarigiri,2.426,17.4279,2.1785,323,19,,,6,5,6,official_observed_reference,2240823ebdc3dea52c9ae69096ec2918bd7cef1091087af8e7492dd4a5287bae
2025-01-08,Idamalayar,0.954,9.521,1.1901,74,6,,,2,2,2,official_observed_reference,2240823ebdc3dea52c9ae69096ec2918bd7cef1091087af8e7492dd4a5287bae
2025-01-08,Sholayar,0.5435,4.1678,0.521,54.6,19,,,3,3,3,official_observed_reference,2240823ebdc3dea52c9ae69096ec2918bd7cef1091087af8e7492dd4a5287bae
2025-01-08,Pallivasal,0.1327,2.6416,0.3302,17,18,,2,4,1,3,official_observed_reference,2240823ebdc3dea52c9ae69096ec2918bd7cef1091087af8e7492dd4a5287bae
2025-01-08,Kuttiadi,1.3158,11.3757,1.422,140.8,7,2,,4,4,4,official_observed_reference,2240823ebdc3dea52c9ae69096ec2918bd7cef1091087af8e7492dd4a5287bae
2025-01-08,Panniar,0.5208,1.3794,0.1724,32.4,8,,,2,,2,official_observed_reference,2240823ebdc3dea52c9ae69096ec2918bd7cef1091087af8e7492dd4a5287bae
2025-01-08,Neriamangalam,0.679,0.679,0.0849,76.4,20,,,4,,4,official_observed_reference,2240823ebdc3dea52c9ae69096ec2918bd7cef1091087af8e7492dd4a5287bae
2025-01-08,Lower Periyar,0.772,2.025,0.2531,156,19,,,3,2,3,official_observed_reference,2240823ebdc3dea52c9ae69096ec2918bd7cef1091087af8e7492dd4a5287bae
2025-01-08,"Poringalkuthu, PLBE",0.1986,1.9197,0.24,35.84,7,1,,5,4,5,official_observed_reference,2240823ebdc3dea52c9ae69096ec2918bd7cef1091087af8e7492dd4a5287bae
2025-01-08,Sengulam,0.2385,0.5583,0.0698,38.4,21,,,4,,3,official_observed_reference,2240823ebdc3dea52c9ae69096ec2918bd7cef1091087af8e7492dd4a5287bae
2025-01-08,Kakkad,0.3913,2.6556,0.332,24.84,9,1,,1,1,1,official_observed_reference,2240823ebdc3dea52c9ae69096ec2918bd7cef1091087af8e7492dd4a5287bae
2025-01-08,Kallada,0.1981,1.4398,0.18,15.6,16,,,2,2,2,official_observed_reference,2240823ebdc3dea52c9ae69096ec2918bd7cef1091087af8e7492dd4a5287bae
2025-01-08,Malankara,0.086,0.5099,0.0637,4.8,12,1,,2,2,2,official_observed_reference,2240823ebdc3dea52c9ae69096ec2918bd7cef1091087af8e7492dd4a5287bae
2025-01-08,Maniyar,0.0178,0.2466,0.0308,,,,,3,,1,official_observed_reference,2240823ebdc3dea52c9ae69096ec2918bd7cef1091087af8e7492dd4a5287bae
2025-01-08,Kuthungal,0.0594,0.5299,0.0662,7.2,18,,,3,1,1,official_observed_reference,2240823ebdc3dea52c9ae69096ec2918bd7cef1091087af8e7492dd4a5287bae
2025-01-08,PES-Pallivasal,0.542,0.957,0.1196,,,2,,,,2,official_observed_reference,2240823ebdc3dea52c9ae69096ec2918bd7cef1091087af8e7492dd4a5287bae
2025-01-09,Idukki,6.184,49.3,5.4778,728,19,,,6,6,6,official_observed_reference,8d55959b487e1abc85d5cb1a70ac5b9d0d71dfdf3c75db555ad0c679125cb7b4
2025-01-09,Sabarigiri,2.9415,20.3694,2.2633,326,20,,,6,6,6,official_observed_reference,8d55959b487e1abc85d5cb1a70ac5b9d0d71dfdf3c75db555ad0c679125cb7b4
2025-01-09,Idamalayar,0.342,9.863,1.0959,46.4,17,,,2,,2,official_observed_reference,8d55959b487e1abc85d5cb1a70ac5b9d0d71dfdf3c75db555ad0c679125cb7b4
2025-01-09,Sholayar,0.5669,4.7347,0.5261,54.4,17,,,3,2,3,official_observed_reference,8d55959b487e1abc85d5cb1a70ac5b9d0d71dfdf3c75db555ad0c679125cb7b4
2025-01-09,Pallivasal,0.225,2.8666,0.3185,22.6,13,,2,4,1,4,official_observed_reference,8d55959b487e1abc85d5cb1a70ac5b9d0d71dfdf3c75db555ad0c679125cb7b4
2025-01-09,Kuttiadi,1.4166,12.7923,1.4214,144,19,2,,4,3,4,official_observed_reference,8d55959b487e1abc85d5cb1a70ac5b9d0d71dfdf3c75db555ad0c679125cb7b4
2025-01-09,Panniar,0.7763,2.1557,0.2395,32.4,,,,2,2,2,official_observed_reference,8d55959b487e1abc85d5cb1a70ac5b9d0d71dfdf3c75db555ad0c679125cb7b4
2025-01-09,Neriamangalam,0.8113,1.4903,0.1656,75.6,,,,4,3,4,official_observed_reference,8d55959b487e1abc85d5cb1a70ac5b9d0d71dfdf3c75db555ad0c679125cb7b4
2025-01-09,Lower Periyar,0.927,2.952,0.328,156,19,,,3,2,3,official_observed_reference,8d55959b487e1abc85d5cb1a70ac5b9d0d71dfdf3c75db555ad0c679125cb7b4
2025-01-09,"Poringalkuthu, PLBE",0.2124,2.1321,0.2369,36.5,20,1,,5,1,5,official_observed_reference,8d55959b487e1abc85d5cb1a70ac5b9d0d71dfdf3c75db555ad0c679125cb7b4
2025-01-09,Sengulam,0.4341,0.9924,0.1103,38.4,7,,,4,3,3,official_observed_reference,8d55959b487e1abc85d5cb1a70ac5b9d0d71dfdf3c75db555ad0c679125cb7b4
2025-01-09,Kakkad,0.4435,3.0992,0.3444,24.9,18,1,,1,1,1,official_observed_reference,8d55959b487e1abc85d5cb1a70ac5b9d0d71dfdf3c75db555ad0c679125cb7b4
2025-01-09,Kallada,0.1979,1.6377,0.182,15.4,6,,,2,2,2,official_observed_reference,8d55959b487e1abc85d5cb1a70ac5b9d0d71dfdf3c75db555ad0c679125cb7b4
2025-01-09,Malankara,0.1007,0.6106,0.0678,4.8,1,1,,2,2,2,official_observed_reference,8d55959b487e1abc85d5cb1a70ac5b9d0d71dfdf3c75db555ad0c679125cb7b4
2025-01-09,Maniyar,0.0276,0.2742,0.0305,,,,,3,1,1,official_observed_reference,8d55959b487e1abc85d5cb1a70ac5b9d0d71dfdf3c75db555ad0c679125cb7b4
2025-01-09,Kuthungal,0.0581,0.588,0.0653,7.6,21,,,3,,1,official_observed_reference,8d55959b487e1abc85d5cb1a70ac5b9d0d71dfdf3c75db555ad0c679125cb7b4
2025-01-09,PES-Pallivasal,0.485,1.442,0.1602,,,,,2,1,2,official_observed_reference,8d55959b487e1abc85d5cb1a70ac5b9d0d71dfdf3c75db555ad0c679125cb7b4
2025-01-10,Idukki,7.022,56.322,5.6322,738,19,,,6,6,6,official_observed_reference,bf70f77e74b5f18fdde171e238dce728d789cdd72b24e86250781d7bbabb0e6f
2025-01-10,Sabarigiri,2.8618,23.2312,2.3231,325.8,8,,,6,6,6,official_observed_reference,bf70f77e74b5f18fdde171e238dce728d789cdd72b24e86250781d7bbabb0e6f
2025-01-10,Idamalayar,0.8692,10.7322,1.0732,45,17,,,2,2,1,official_observed_reference,bf70f77e74b5f18fdde171e238dce728d789cdd72b24e86250781d7bbabb0e6f
2025-01-10,Sholayar,0.5637,5.2984,0.5298,54.6,20,,,3,3,3,official_observed_reference,bf70f77e74b5f18fdde171e238dce728d789cdd72b24e86250781d7bbabb0e6f
2025-01-10,Pallivasal,0.1007,2.9673,0.2967,13.2,17,,2,4,1,3,official_observed_reference,bf70f77e74b5f18fdde171e238dce728d789cdd72b24e86250781d7bbabb0e6f
2025-01-10,Kuttiadi,1.2866,14.0789,1.4079,143.2,7,2,,4,4,3,official_observed_reference,bf70f77e74b5f18fdde171e238dce728d789cdd72b24e86250781d7bbabb0e6f
2025-01-10,Panniar,0.7754,2.9311,0.2931,32.4,,,,2,2,2,official_observed_reference,bf70f77e74b5f18fdde171e238dce728d789cdd72b24e86250781d7bbabb0e6f
2025-01-10,Neriamangalam,1.1186,2.6089,0.2609,76.8,7,,,4,4,4,official_observed_reference,bf70f77e74b5f18fdde171e238dce728d789cdd72b24e86250781d7bbabb0e6f
2025-01-10,Lower Periyar,1.255,4.207,0.4207,158,8,,,3,3,3,official_observed_reference,bf70f77e74b5f18fdde171e238dce728d789cdd72b24e86250781d7bbabb0e6f
2025-01-10,"Poringalkuthu, PLBE",0.3506,2.4827,0.2483,36.7,7,1,,5,5,5,official_observed_reference,bf70f77e74b5f18fdde171e238dce728d789cdd72b24e86250781d7bbabb0e6f
2025-01-10,Sengulam,0.431,1.4234,0.1423,51.2,21,,,4,2,4,official_observed_reference,bf70f77e74b5f18fdde171e238dce728d789cdd72b24e86250781d7bbabb0e6f
2025-01-10,Kakkad,0.4601,3.5593,0.3559,25.34,20,1,,1,1,1,official_observed_reference,bf70f77e74b5f18fdde171e238dce728d789cdd72b24e86250781d7bbabb0e6f
2025-01-10,Kallada,0.1974,1.8351,0.1835,15.4,4,,,2,2,2,official_observed_reference,bf70f77e74b5f18fdde171e238dce728d789cdd72b24e86250781d7bbabb0e6f
2025-01-10,Malankara,0.0875,0.698,0.0698,4.95,21,1,,2,2,2,official_observed_reference,bf70f77e74b5f18fdde171e238dce728d789cdd72b24e86250781d7bbabb0e6f
2025-01-10,Maniyar,0.0287,0.3029,0.0303,,,,,3,1,1,official_observed_reference,bf70f77e74b5f18fdde171e238dce728d789cdd72b24e86250781d7bbabb0e6f
2025-01-10,Kuthungal,0.0541,0.6421,0.0642,7.2,16,,,3,,1,official_observed_reference,bf70f77e74b5f18fdde171e238dce728d789cdd72b24e86250781d7bbabb0e6f
2025-01-10,PES-Pallivasal,0.615,2.057,0.2057,,,,,2,,2,official_observed_reference,bf70f77e74b5f18fdde171e238dce728d789cdd72b24e86250781d7bbabb0e6f
2025-01-11,Idukki,8.852,65.174,5.9249,608,16,,,6,5,5,official_observed_reference,597f84ef003c935117826c82a20e674d5f9531138d463e71c95e4ad615758788
2025-01-11,Sabarigiri,3.5053,26.7365,2.4306,331.2,18,,,6,5,6,official_observed_reference,597f84ef003c935117826c82a20e674d5f9531138d463e71c95e4ad615758788
2025-01-11,Idamalayar,0.826,11.5582,1.0507,71.8,21,,,2,1,1,official_observed_reference,597f84ef003c935117826c82a20e674d5f9531138d463e71c95e4ad615758788
2025-01-11,Sholayar,0.7058,6.0042,0.5458,54.6,21,,,3,3,3,official_observed_reference,597f84ef003c935117826c82a20e674d5f9531138d463e71c95e4ad615758788
2025-01-11,Pallivasal,0.1027,3.07,0.2791,17.8,20,,2,4,1,3,official_observed_reference,597f84ef003c935117826c82a20e674d5f9531138d463e71c95e4ad615758788
2025-01-11,Kuttiadi,1.2789,15.3578,1.3962,94.8,19,2,,4,3,3,official_observed_reference,597f84ef003c935117826c82a20e674d5f9531138d463e71c95e4ad615758788
2025-01-11,Panniar,0.7764,3.7075,0.337,32.4,,,,2,2,2,official_observed_reference,597f84ef003c935117826c82a20e674d5f9531138d463e71c95e4ad615758788
2025-01-11,Neriamangalam,1.0924,3.7013,0.3365,77.4,19,,,4,2,4,official_observed_reference,597f84ef003c935117826c82a20e674d5f9531138d463e71c95e4ad615758788
2025-01-11,Lower Periyar,1.202,5.409,0.4917,158,19,,,3,2,3,official_observed_reference,597f84ef003c935117826c82a20e674d5f9531138d463e71c95e4ad615758788
2025-01-11,"Poringalkuthu, PLBE",0.1717,2.6544,0.2413,36.1,18,1,,5,,5,official_observed_reference,597f84ef003c935117826c82a20e674d5f9531138d463e71c95e4ad615758788
2025-01-11,Sengulam,0.3413,1.7647,0.1604,51,17,,,4,1,4,official_observed_reference,597f84ef003c935117826c82a20e674d5f9531138d463e71c95e4ad615758788
2025-01-11,Kakkad,0.5795,4.1388,0.3763,25.18,21,1,,1,1,1,official_observed_reference,597f84ef003c935117826c82a20e674d5f9531138d463e71c95e4ad615758788
2025-01-11,Kallada,0.1957,2.0308,0.1846,15.2,5,,,2,2,2,official_observed_reference,597f84ef003c935117826c82a20e674d5f9531138d463e71c95e4ad615758788
2025-01-11,Malankara,0.107,0.805,0.0732,4.95,2,1,,2,2,2,official_observed_reference,597f84ef003c935117826c82a20e674d5f9531138d463e71c95e4ad615758788
2025-01-11,Maniyar,0.0319,0.3348,0.0304,,,,,3,1,1,official_observed_reference,597f84ef003c935117826c82a20e674d5f9531138d463e71c95e4ad615758788
2025-01-11,Kuthungal,0.053,0.6951,0.0632,7.2,17,,,3,,1,official_observed_reference,597f84ef003c935117826c82a20e674d5f9531138d463e71c95e4ad615758788
2025-01-11,PES-Pallivasal,0.562,2.619,0.2381,,,,,2,,2,official_observed_reference,597f84ef003c935117826c82a20e674d5f9531138d463e71c95e4ad615758788
2025-01-12,Idukki,5.598,70.772,5.8977,678,18,,,6,,6,official_observed_reference,e3ef0d7bbfff8be0e0b925aa2e9441cbcf8af1321ace19f1bf1eca168f60e579
2025-01-12,Sabarigiri,2.8729,29.6094,2.4675,281.4,8,,,6,,5,official_observed_reference,e3ef0d7bbfff8be0e0b925aa2e9441cbcf8af1321ace19f1bf1eca168f60e579
2025-01-12,Idamalayar,1.1421,12.7003,1.0584,71.6,8,,,2,,2,official_observed_reference,e3ef0d7bbfff8be0e0b925aa2e9441cbcf8af1321ace19f1bf1eca168f60e579
2025-01-12,Sholayar,0.4672,6.4714,0.5393,54.4,8,,,3,,3,official_observed_reference,e3ef0d7bbfff8be0e0b925aa2e9441cbcf8af1321ace19f1bf1eca168f60e579
2025-01-12,Pallivasal,0.16,3.23,0.2692,20.4,21,,2,4,,4,official_observed_reference,e3ef0d7bbfff8be0e0b925aa2e9441cbcf8af1321ace19f1bf1eca168f60e579
2025-01-12,Kuttiadi,0.743,16.1008,1.3417,95.8,8,2,,4,,3,official_observed_reference,e3ef0d7bbfff8be0e0b925aa2e9441cbcf8af1321ace19f1bf1eca168f60e579
2025-01-12,Panniar,0.7762,4.4837,0.3736,32.4,,,,2,,2,official_observed_reference,e3ef0d7bbfff8be0e0b925aa2e9441cbcf8af1321ace19f1bf1eca168f60e579
2025-01-12,Neriamangalam,0.6655,4.3668,0.3639,73.4,18,,,4,,4,official_observed_reference,e3ef0d7bbfff8be0e0b925aa2e9441cbcf8af1321ace19f1bf1eca168f60e579
2025-01-12,Lower Periyar,0.487,5.896,0.4913,126,18,,,3,,3,official_observed_reference,e3ef0d7bbfff8be0e0b925aa2e9441cbcf8af1321ace19f1bf1eca168f60e579
2025-01-12,"Poringalkuthu, PLBE",0.1068,2.7611,0.2301,36.18,18,1,,5,,5,official_observed_reference,e3ef0d7bbfff8be0e0b925aa2e9441cbcf8af1321ace19f1bf1eca168f60e579
2025-01-12,Sengulam,0.2728,2.0375,0.1698,51.2,18,,,4,,4,official_observed_reference,e3ef0d7bbfff8be0e0b925aa2e9441cbcf8af1321ace19f1bf1eca168f60e579
2025-01-12,Kakkad,0.4855,4.6243,0.3854,25,20,1,,1,,1,official_observed_reference,e3ef0d7bbfff8be0e0b925aa2e9441cbcf8af1321ace19f1bf1eca168f60e579
2025-01-12,Kallada,0.1999,2.2307,0.1859,15.2,6,,,2,,2,official_observed_reference,e3ef0d7bbfff8be0e0b925aa2e9441cbcf8af1321ace19f1bf1eca168f60e579
2025-01-12,Malankara,0.108,0.913,0.0761,4.8,,1,,2,2,2,official_observed_reference,e3ef0d7bbfff8be0e0b925aa2e9441cbcf8af1321ace19f1bf1eca168f60e579
2025-01-12,Maniyar,0.0271,0.3619,0.0302,,,,,3,,1,official_observed_reference,e3ef0d7bbfff8be0e0b925aa2e9441cbcf8af1321ace19f1bf1eca168f60e579
2025-01-12,Kuthungal,0.0546,0.7497,0.0625,7.6,22,,,3,,1,official_observed_reference,e3ef0d7bbfff8be0e0b925aa2e9441cbcf8af1321ace19f1bf1eca168f60e579
2025-01-12,PES-Pallivasal,0.464,3.083,0.2569,,,,,2,,2,official_observed_reference,e3ef0d7bbfff8be0e0b925aa2e9441cbcf8af1321ace19f1bf1eca168f60e579
2025-01-13,Idukki,7.715,78.487,6.0375,718,18,,,6,6,6,official_observed_reference,f873201f4d34240441569c07c31466e74e4fdc154b673e1c5df94c7b56236e5d
2025-01-13,Sabarigiri,3.0859,32.6953,2.515,327.2,17,,,6,5,6,official_observed_reference,f873201f4d34240441569c07c31466e74e4fdc154b673e1c5df94c7b56236e5d
2025-01-13,Idamalayar,1.282,13.9823,1.0756,71.2,18,,,2,2,2,official_observed_reference,f873201f4d34240441569c07c31466e74e4fdc154b673e1c5df94c7b56236e5d
2025-01-13,Sholayar,0.5237,6.9951,0.5381,54.6,7,,,3,3,3,official_observed_reference,f873201f4d34240441569c07c31466e74e4fdc154b673e1c5df94c7b56236e5d
2025-01-13,Pallivasal,0.3451,3.5751,0.275,20.6,1,,2,4,4,4,official_observed_reference,f873201f4d34240441569c07c31466e74e4fdc154b673e1c5df94c7b56236e5d
2025-01-13,Kuttiadi,0.9834,17.0842,1.3142,94.8,9,2,,4,3,3,official_observed_reference,f873201f4d34240441569c07c31466e74e4fdc154b673e1c5df94c7b56236e5d
2025-01-13,Panniar,0.5184,5.0021,0.3848,32.4,,,,2,2,1,official_observed_reference,f873201f4d34240441569c07c31466e74e4fdc154b673e1c5df94c7b56236e5d
2025-01-13,Neriamangalam,0.7055,5.0723,0.3902,77,18,,,4,1,4,official_observed_reference,f873201f4d34240441569c07c31466e74e4fdc154b673e1c5df94c7b56236e5d
2025-01-13,Lower Periyar,0.708,6.604,0.508,156,18,,,3,2,3,official_observed_reference,f873201f4d34240441569c07c31466e74e4fdc154b673e1c5df94c7b56236e5d
2025-01-13,"Poringalkuthu, PLBE",0.2043,2.9655,0.2281,35.86,7,1,,5,4,5,official_observed_reference,f873201f4d34240441569c07c31466e74e4fdc154b673e1c5df94c7b56236e5d
2025-01-13,Sengulam,0.3769,2.4144,0.1857,51.2,19,,,4,1,4,official_observed_reference,f873201f4d34240441569c07c31466e74e4fdc154b673e1c5df94c7b56236e5d
2025-01-13,Kakkad,0.5078,5.1321,0.3948,25,21,1,,1,1,1,official_observed_reference,f873201f4d34240441569c07c31466e74e4fdc154b673e1c5df94c7b56236e5d
2025-01-13,Kallada,0.1982,2.4289,0.1868,15.6,4,,,2,2,2,official_observed_reference,f873201f4d34240441569c07c31466e74e4fdc154b673e1c5df94c7b56236e5d
2025-01-13,Malankara,0.0988,1.0118,0.0778,5.25,4,1,,2,2,2,official_observed_reference,f873201f4d34240441569c07c31466e74e4fdc154b673e1c5df94c7b56236e5d
2025-01-13,Maniyar,0.021,0.3828,0.0294,,,,,3,1,1,official_observed_reference,f873201f4d34240441569c07c31466e74e4fdc154b673e1c5df94c7b56236e5d
2025-01-13,Kuthungal,0.0402,0.7899,0.0608,7.2,17,,,3,,1,official_observed_reference,f873201f4d34240441569c07c31466e74e4fdc154b673e1c5df94c7b56236e5d
2025-01-13,PES-Pallivasal,0.147,3.23,0.2485,,,,,2,,,official_observed_reference,f873201f4d34240441569c07c31466e74e4fdc154b673e1c5df94c7b56236e5d
2025-01-14,Idukki,5.478,83.965,5.9975,720,9,,,6,6,6,official_observed_reference,b3ad479dee10f9e22d6b0e8c7f08bc19cf03011f95112b4c600731d473ef74ab
2025-01-14,Sabarigiri,2.1836,34.8789,2.4914,335.8,8,,,6,6,6,official_observed_reference,b3ad479dee10f9e22d6b0e8c7f08bc19cf03011f95112b4c600731d473ef74ab
2025-01-14,Idamalayar,1.1778,15.1601,1.0829,70.8,9,,,2,2,2,official_observed_reference,b3ad479dee10f9e22d6b0e8c7f08bc19cf03011f95112b4c600731d473ef74ab
2025-01-14,Sholayar,0.4502,7.4453,0.5318,54.4,8,,,3,3,3,official_observed_reference,b3ad479dee10f9e22d6b0e8c7f08bc19cf03011f95112b4c600731d473ef74ab
2025-01-14,Pallivasal,0.0883,3.6634,0.2617,15.2,16,,2,4,1,2,official_observed_reference,b3ad479dee10f9e22d6b0e8c7f08bc19cf03011f95112b4c600731d473ef74ab
2025-01-14,Kuttiadi,1.0907,18.1749,1.2982,94,20,2,,4,3,3,official_observed_reference,b3ad479dee10f9e22d6b0e8c7f08bc19cf03011f95112b4c600731d473ef74ab
2025-01-14,Panniar,0.297,5.2991,0.3785,16.2,,,,2,1,1,official_observed_reference,b3ad479dee10f9e22d6b0e8c7f08bc19cf03011f95112b4c600731d473ef74ab
2025-01-14,Neriamangalam,0.5929,5.6652,0.4047,76.8,21,,,4,4,4,official_observed_reference,b3ad479dee10f9e22d6b0e8c7f08bc19cf03011f95112b4c600731d473ef74ab
2025-01-14,Lower Periyar,0.699,7.303,0.5216,156,18,,,3,2,3,official_observed_reference,b3ad479dee10f9e22d6b0e8c7f08bc19cf03011f95112b4c600731d473ef74ab
2025-01-14,"Poringalkuthu, PLBE",0.0527,3.0182,0.2156,35.96,18,1,,5,1,5,official_observed_reference,b3ad479dee10f9e22d6b0e8c7f08bc19cf03011f95112b4c600731d473ef74ab
2025-01-14,Sengulam,0.2797,2.6941,0.1924,50.6,18,,,4,1,4,official_observed_reference,b3ad479dee10f9e22d6b0e8c7f08bc19cf03011f95112b4c600731d473ef74ab
2025-01-14,Kakkad,0.4192,5.5512,0.3965,25.06,10,1,,1,1,1,official_observed_reference,b3ad479dee10f9e22d6b0e8c7f08bc19cf03011f95112b4c600731d473ef74ab
2025-01-14,Kallada,0.1965,2.6254,0.1875,15.4,21,,,2,2,2,official_observed_reference,b3ad479dee10f9e22d6b0e8c7f08bc19cf03011f95112b4c600731d473ef74ab
2025-01-14,Malankara,0.1007,1.1124,0.0795,4.8,,1,,2,2,2,official_observed_reference,b3ad479dee10f9e22d6b0e8c7f08bc19cf03011f95112b4c600731d473ef74ab
2025-01-14,Maniyar,0.0142,0.3971,0.0284,,,,,3,,,official_observed_reference,b3ad479dee10f9e22d6b0e8c7f08bc19cf03011f95112b4c600731d473ef74ab
2025-01-14,Kuthungal,0.0321,0.822,0.0587,7.2,19,,,3,1,1,official_observed_reference,b3ad479dee10f9e22d6b0e8c7f08bc19cf03011f95112b4c600731d473ef74ab
2025-01-14,PES-Pallivasal,0.565,3.795,0.2711,,,,,2,,,official_observed_reference,b3ad479dee10f9e22d6b0e8c7f08bc19cf03011f95112b4c600731d473ef74ab
2025-01-15,Idukki,5.763,89.728,5.9819,748,9,,,6,5,6,official_observed_reference,5cf58fe8710d8cfc7f002cc40b74e61294820e328f5aa6394e842eac878c7947
2025-01-15,Sabarigiri,2.5944,37.4733,2.4982,321,8,,,6,6,6,official_observed_reference,5cf58fe8710d8cfc7f002cc40b74e61294820e328f5aa6394e842eac878c7947
2025-01-15,Idamalayar,0.8743,16.0344,1.069,71.4,7,,,2,2,2,official_observed_reference,5cf58fe8710d8cfc7f002cc40b74e61294820e328f5aa6394e842eac878c7947
2025-01-15,Sholayar,0.3525,7.7978,0.5199,36.4,8,,,3,2,2,official_observed_reference,5cf58fe8710d8cfc7f002cc40b74e61294820e328f5aa6394e842eac878c7947
2025-01-15,Pallivasal,0.19,3.8534,0.2569,20.6,17,,2,4,,4,official_observed_reference,5cf58fe8710d8cfc7f002cc40b74e61294820e328f5aa6394e842eac878c7947
2025-01-15,Kuttiadi,0.9183,19.0932,1.2729,95,20,3,,3,3,3,official_observed_reference,5cf58fe8710d8cfc7f002cc40b74e61294820e328f5aa6394e842eac878c7947
2025-01-15,Panniar,0.3881,5.6872,0.3791,16.2,,1,,1,1,1,official_observed_reference,5cf58fe8710d8cfc7f002cc40b74e61294820e328f5aa6394e842eac878c7947
2025-01-15,Neriamangalam,0.5507,6.2159,0.4144,75.6,7,,,4,4,3,official_observed_reference,5cf58fe8710d8cfc7f002cc40b74e61294820e328f5aa6394e842eac878c7947
2025-01-15,Lower Periyar,0.758,8.061,0.5374,162,8,,,3,3,3,official_observed_reference,5cf58fe8710d8cfc7f002cc40b74e61294820e328f5aa6394e842eac878c7947
2025-01-15,"Poringalkuthu, PLBE",0.2325,3.2507,0.2167,36.02,18,1,,5,1,5,official_observed_reference,5cf58fe8710d8cfc7f002cc40b74e61294820e328f5aa6394e842eac878c7947
2025-01-15,Sengulam,0.4427,3.1368,0.2091,51.6,21,,,4,3,4,official_observed_reference,5cf58fe8710d8cfc7f002cc40b74e61294820e328f5aa6394e842eac878c7947
2025-01-15,Kakkad,0.3549,5.9061,0.3937,25.56,20,1,,1,1,1,official_observed_reference,5cf58fe8710d8cfc7f002cc40b74e61294820e328f5aa6394e842eac878c7947
2025-01-15,Kallada,0.1947,2.8201,0.188,15.2,5,,,2,2,2,official_observed_reference,5cf58fe8710d8cfc7f002cc40b74e61294820e328f5aa6394e842eac878c7947
2025-01-15,Malankara,0.0765,1.1889,0.0793,4.65,19,1,,2,2,2,official_observed_reference,5cf58fe8710d8cfc7f002cc40b74e61294820e328f5aa6394e842eac878c7947
2025-01-15,Maniyar,0.0055,0.4026,0.0268,,,,,3,,,official_observed_reference,5cf58fe8710d8cfc7f002cc40b74e61294820e328f5aa6394e842eac878c7947
2025-01-15,Kuthungal,0.033,0.855,0.057,7.4,20,,,3,,1,official_observed_reference,5cf58fe8710d8cfc7f002cc40b74e61294820e328f5aa6394e842eac878c7947
2025-01-15,PES-Pallivasal,0.537,4.332,0.2888,,,,,2,,,official_observed_reference,5cf58fe8710d8cfc7f002cc40b74e61294820e328f5aa6394e842eac878c7947
2025-01-16,Idukki,6.935,96.663,6.0414,722,19,,,6,6,6,official_observed_reference,0668e91009aee788e33209db5de8e17ad290f517a649797d13bba17c20cee85f
2025-01-16,Sabarigiri,2.2027,39.676,2.4798,316.8,7,,,6,6,5,official_observed_reference,0668e91009aee788e33209db5de8e17ad290f517a649797d13bba17c20cee85f
2025-01-16,Idamalayar,0.8008,16.8352,1.0522,73,18,,,2,2,2,official_observed_reference,0668e91009aee788e33209db5de8e17ad290f517a649797d13bba17c20cee85f
2025-01-16,Sholayar,0.4542,8.252,0.5158,54.4,17,,,3,2,3,official_observed_reference,0668e91009aee788e33209db5de8e17ad290f517a649797d13bba17c20cee85f
2025-01-16,Pallivasal,0.1629,4.0163,0.251,21.8,17,,2,4,1,4,official_observed_reference,0668e91009aee788e33209db5de8e17ad290f517a649797d13bba17c20cee85f
2025-01-16,Kuttiadi,1.105,20.1982,1.2624,95.8,19,3,,3,3,3,official_observed_reference,0668e91009aee788e33209db5de8e17ad290f517a649797d13bba17c20cee85f
2025-01-16,Panniar,0.388,6.0752,0.3797,16.2,,1,,1,1,1,official_observed_reference,0668e91009aee788e33209db5de8e17ad290f517a649797d13bba17c20cee85f
2025-01-16,Neriamangalam,0.7096,6.9255,0.4328,51.4,20,1,,3,3,3,official_observed_reference,0668e91009aee788e33209db5de8e17ad290f517a649797d13bba17c20cee85f
2025-01-16,Lower Periyar,0.692,8.753,0.5471,158,19,,,3,2,3,official_observed_reference,0668e91009aee788e33209db5de8e17ad290f517a649797d13bba17c20cee85f
2025-01-16,"Poringalkuthu, PLBE",0.1329,3.3835,0.2115,36.08,18,1,,5,,5,official_observed_reference,0668e91009aee788e33209db5de8e17ad290f517a649797d13bba17c20cee85f
2025-01-16,Sengulam,0.4487,3.5855,0.2241,51.2,20,,,4,3,4,official_observed_reference,0668e91009aee788e33209db5de8e17ad290f517a649797d13bba17c20cee85f
2025-01-16,Kakkad,0.4008,6.307,0.3942,25.14,22,1,,1,1,1,official_observed_reference,0668e91009aee788e33209db5de8e17ad290f517a649797d13bba17c20cee85f
2025-01-16,Kallada,0.1945,3.0146,0.1884,15.4,5,,,2,2,2,official_observed_reference,0668e91009aee788e33209db5de8e17ad290f517a649797d13bba17c20cee85f
2025-01-16,Malankara,0.0943,1.2832,0.0802,4.65,,1,,2,2,2,official_observed_reference,0668e91009aee788e33209db5de8e17ad290f517a649797d13bba17c20cee85f
2025-01-16,Maniyar,0.0095,0.4121,0.0258,,,,,3,,,official_observed_reference,0668e91009aee788e33209db5de8e17ad290f517a649797d13bba17c20cee85f
2025-01-16,Kuthungal,0.0418,0.8968,0.0561,7.2,18,,,3,,1,official_observed_reference,0668e91009aee788e33209db5de8e17ad290f517a649797d13bba17c20cee85f
2025-01-16,PES-Pallivasal,0.536,4.868,0.3043,,,,,2,,2,official_observed_reference,0668e91009aee788e33209db5de8e17ad290f517a649797d13bba17c20cee85f
2025-01-17,Idukki,6.701,103.364,6.0802,732,7,,,6,6,6,official_observed_reference,3a50f20a0b7c398b04432261277c7fa9583b13e23a02f6564ad72b1a89bacf29
2025-01-17,Sabarigiri,3.042,42.718,2.5128,326,8,,,6,6,6,official_observed_reference,3a50f20a0b7c398b04432261277c7fa9583b13e23a02f6564ad72b1a89bacf29
2025-01-17,Idamalayar,1.1088,17.944,1.0555,73.2,16,,,2,2,2,official_observed_reference,3a50f20a0b7c398b04432261277c7fa9583b13e23a02f6564ad72b1a89bacf29
2025-01-17,Sholayar,0.7103,8.9623,0.5272,54.6,6,,,3,3,3,official_observed_reference,3a50f20a0b7c398b04432261277c7fa9583b13e23a02f6564ad72b1a89bacf29
2025-01-17,Pallivasal,0.1559,4.1722,0.2454,20.4,17,,2,4,1,4,official_observed_reference,3a50f20a0b7c398b04432261277c7fa9583b13e23a02f6564ad72b1a89bacf29
2025-01-17,Kuttiadi,1.2845,21.4827,1.2637,145.6,19,3,,3,3,3,official_observed_reference,3a50f20a0b7c398b04432261277c7fa9583b13e23a02f6564ad72b1a89bacf29
2025-01-17,Panniar,0.3881,6.4633,0.3802,16.2,,1,,1,1,1,official_observed_reference,3a50f20a0b7c398b04432261277c7fa9583b13e23a02f6564ad72b1a89bacf29
2025-01-17,Neriamangalam,0.5118,7.4373,0.4375,51.8,22,1,1,2,2,2,official_observed_reference,3a50f20a0b7c398b04432261277c7fa9583b13e23a02f6564ad72b1a89bacf29
2025-01-17,Lower Periyar,0.529,9.282,0.546,154,18,,,3,1,3,official_observed_reference,3a50f20a0b7c398b04432261277c7fa9583b13e23a02f6564ad72b1a89bacf29
2025-01-17,"Poringalkuthu, PLBE",0.1297,3.5132,0.2067,35.86,18,1,,5,1,5,official_observed_reference,3a50f20a0b7c398b04432261277c7fa9583b13e23a02f6564ad72b1a89bacf29
2025-01-17,Sengulam,0.3601,3.9456,0.2321,51.4,21,,,4,2,4,official_observed_reference,3a50f20a0b7c398b04432261277c7fa9583b13e23a02f6564ad72b1a89bacf29
2025-01-17,Kakkad,0.433,6.74,0.3965,24.96,19,1,,1,1,1,official_observed_reference,3a50f20a0b7c398b04432261277c7fa9583b13e23a02f6564ad72b1a89bacf29
2025-01-17,Kallada,0.1933,3.2079,0.1887,15.6,6,,,2,2,2,official_observed_reference,3a50f20a0b7c398b04432261277c7fa9583b13e23a02f6564ad72b1a89bacf29
2025-01-17,Malankara,0.0764,1.3596,0.08,4.65,3,1,,2,2,1,official_observed_reference,3a50f20a0b7c398b04432261277c7fa9583b13e23a02f6564ad72b1a89bacf29
2025-01-17,Maniyar,0.0117,0.4238,0.0249,,,,,3,,,official_observed_reference,3a50f20a0b7c398b04432261277c7fa9583b13e23a02f6564ad72b1a89bacf29
2025-01-17,Kuthungal,0.0358,0.9326,0.0549,7.4,18,,,3,,1,official_observed_reference,3a50f20a0b7c398b04432261277c7fa9583b13e23a02f6564ad72b1a89bacf29
2025-01-17,PES-Pallivasal,0.453,5.321,0.313,,,,,2,1,2,official_observed_reference,3a50f20a0b7c398b04432261277c7fa9583b13e23a02f6564ad72b1a89bacf29
2025-01-18,Idukki,5.481,108.845,6.0469,732,19,,,6,5,6,official_observed_reference,8562a96fe4ab1868ae3440f07b05ea0299d065089e3dbf1c6654e6df3f7c1745
2025-01-18,Sabarigiri,2.5551,45.2731,2.5152,322.8,9,,,6,6,6,official_observed_reference,8562a96fe4ab1868ae3440f07b05ea0299d065089e3dbf1c6654e6df3f7c1745
2025-01-18,Idamalayar,0.9027,18.8467,1.047,73,,,,2,1,2,official_observed_reference,8562a96fe4ab1868ae3440f07b05ea0299d065089e3dbf1c6654e6df3f7c1745
2025-01-18,Sholayar,0.7017,9.664,0.5369,54.6,8,,,3,3,3,official_observed_reference,8562a96fe4ab1868ae3440f07b05ea0299d065089e3dbf1c6654e6df3f7c1745
2025-01-18,Pallivasal,0.1292,4.3014,0.239,21,16,,2,4,1,4,official_observed_reference,8562a96fe4ab1868ae3440f07b05ea0299d065089e3dbf1c6654e6df3f7c1745
2025-01-18,Kuttiadi,1.4452,22.9279,1.2738,149.8,18,2,,4,4,4,official_observed_reference,8562a96fe4ab1868ae3440f07b05ea0299d065089e3dbf1c6654e6df3f7c1745
2025-01-18,Panniar,0.2879,6.7512,0.3751,16.2,,1,,1,1,1,official_observed_reference,8562a96fe4ab1868ae3440f07b05ea0299d065089e3dbf1c6654e6df3f7c1745
2025-01-18,Neriamangalam,0.5325,7.9698,0.4428,51.8,20,,1,3,2,3,official_observed_reference,8562a96fe4ab1868ae3440f07b05ea0299d065089e3dbf1c6654e6df3f7c1745
2025-01-18,Lower Periyar,0.661,9.943,0.5524,146,18,,,3,1,3,official_observed_reference,8562a96fe4ab1868ae3440f07b05ea0299d065089e3dbf1c6654e6df3f7c1745
2025-01-18,"Poringalkuthu, PLBE",0.1169,3.6301,0.2017,36.02,18,1,,5,1,5,official_observed_reference,8562a96fe4ab1868ae3440f07b05ea0299d065089e3dbf1c6654e6df3f7c1745
2025-01-18,Sengulam,0.3037,4.2493,0.2361,50.8,20,,,4,,4,official_observed_reference,8562a96fe4ab1868ae3440f07b05ea0299d065089e3dbf1c6654e6df3f7c1745
2025-01-18,Kakkad,0.4552,7.1952,0.3997,24.96,9,1,,1,1,1,official_observed_reference,8562a96fe4ab1868ae3440f07b05ea0299d065089e3dbf1c6654e6df3f7c1745
2025-01-18,Kallada,0.1935,3.4014,0.189,15.2,5,,,2,2,2,official_observed_reference,8562a96fe4ab1868ae3440f07b05ea0299d065089e3dbf1c6654e6df3f7c1745
2025-01-18,Malankara,0.0859,1.4455,0.0803,4.8,18,1,,2,2,2,official_observed_reference,8562a96fe4ab1868ae3440f07b05ea0299d065089e3dbf1c6654e6df3f7c1745
2025-01-18,Maniyar,0.0142,0.438,0.0243,,,,,3,,,official_observed_reference,8562a96fe4ab1868ae3440f07b05ea0299d065089e3dbf1c6654e6df3f7c1745
2025-01-18,Kuthungal,0.033,0.9656,0.0536,7.2,19,,,3,,1,official_observed_reference,8562a96fe4ab1868ae3440f07b05ea0299d065089e3dbf1c6654e6df3f7c1745
2025-01-18,PES-Pallivasal,0.436,5.757,0.3198,,,,,2,,2,official_observed_reference,8562a96fe4ab1868ae3440f07b05ea0299d065089e3dbf1c6654e6df3f7c1745
2025-01-19,Idukki,4.09,112.935,5.9439,632,18,,,6,4,6,official_observed_reference,5d4b8d0caebe5ee1ea14a352991066962cedb9cc5c52f3316553b6bc0c3f7afa
2025-01-19,Sabarigiri,1.2375,46.5106,2.4479,260,8,,,6,3,5,official_observed_reference,5d4b8d0caebe5ee1ea14a352991066962cedb9cc5c52f3316553b6bc0c3f7afa
2025-01-19,Idamalayar,0.6528,19.4995,1.0263,37,,,,2,1,1,official_observed_reference,5d4b8d0caebe5ee1ea14a352991066962cedb9cc5c52f3316553b6bc0c3f7afa
2025-01-19,Sholayar,0.4138,10.0778,0.5304,54.4,8,,,3,2,2,official_observed_reference,5d4b8d0caebe5ee1ea14a352991066962cedb9cc5c52f3316553b6bc0c3f7afa
2025-01-19,Pallivasal,0.1694,4.4708,0.2353,20.8,21,,2,4,1,4,official_observed_reference,5d4b8d0caebe5ee1ea14a352991066962cedb9cc5c52f3316553b6bc0c3f7afa
2025-01-19,Kuttiadi,0.8586,23.7865,1.2519,141.6,8,2,,4,1,4,official_observed_reference,5d4b8d0caebe5ee1ea14a352991066962cedb9cc5c52f3316553b6bc0c3f7afa
2025-01-19,Panniar,0.2878,7.039,0.3705,16.2,,1,,1,1,1,official_observed_reference,5d4b8d0caebe5ee1ea14a352991066962cedb9cc5c52f3316553b6bc0c3f7afa
2025-01-19,Neriamangalam,0.3794,8.3492,0.4394,51.6,9,,1,3,2,3,official_observed_reference,5d4b8d0caebe5ee1ea14a352991066962cedb9cc5c52f3316553b6bc0c3f7afa
2025-01-19,Lower Periyar,0.464,10.407,0.5477,104,8,,,3,1,2,official_observed_reference,5d4b8d0caebe5ee1ea14a352991066962cedb9cc5c52f3316553b6bc0c3f7afa
2025-01-19,"Poringalkuthu, PLBE",,3.6301,0.1911,,,1,,5,,1,official_observed_reference,5d4b8d0caebe5ee1ea14a352991066962cedb9cc5c52f3316553b6bc0c3f7afa
2025-01-19,Sengulam,0.2207,4.47,0.2353,38.4,21,,,4,,3,official_observed_reference,5d4b8d0caebe5ee1ea14a352991066962cedb9cc5c52f3316553b6bc0c3f7afa
2025-01-19,Kakkad,0.2469,7.4421,0.3917,24.02,9,1,,1,,1,official_observed_reference,5d4b8d0caebe5ee1ea14a352991066962cedb9cc5c52f3316553b6bc0c3f7afa
2025-01-19,Kallada,0.1637,3.5651,0.1876,15.2,5,,,2,2,1,official_observed_reference,5d4b8d0caebe5ee1ea14a352991066962cedb9cc5c52f3316553b6bc0c3f7afa
2025-01-19,Malankara,0.0789,1.5244,0.0802,4.8,3,1,,2,2,2,official_observed_reference,5d4b8d0caebe5ee1ea14a352991066962cedb9cc5c52f3316553b6bc0c3f7afa
2025-01-19,Maniyar,0.005,0.4431,0.0233,,,,,3,,,official_observed_reference,5d4b8d0caebe5ee1ea14a352991066962cedb9cc5c52f3316553b6bc0c3f7afa
2025-01-19,Kuthungal,0.0735,1.0391,0.0547,14.4,19,,,3,2,2,official_observed_reference,5d4b8d0caebe5ee1ea14a352991066962cedb9cc5c52f3316553b6bc0c3f7afa
2025-01-19,PES-Pallivasal,0.422,6.179,0.3252,,,,,2,,2,official_observed_reference,5d4b8d0caebe5ee1ea14a352991066962cedb9cc5c52f3316553b6bc0c3f7afa
2025-01-20,Idukki,6.057,118.992,5.9496,726,19,,,6,6,6,official_observed_reference,98dc260c1555fce915e95300c976c7560419b963f671155b924461327115d039
2025-01-20,Sabarigiri,2.2776,48.7882,2.4394,331,19,,,6,5,6,official_observed_reference,98dc260c1555fce915e95300c976c7560419b963f671155b924461327115d039
2025-01-20,Idamalayar,0.9477,20.4472,1.0224,72.6,10,,,2,2,2,official_observed_reference,98dc260c1555fce915e95300c976c7560419b963f671155b924461327115d039
2025-01-20,Sholayar,0.7109,10.7887,0.5394,54.6,9,,,3,2,3,official_observed_reference,98dc260c1555fce915e95300c976c7560419b963f671155b924461327115d039
2025-01-20,Pallivasal,0.166,4.6368,0.2318,20.4,16,,2,4,1,4,official_observed_reference,98dc260c1555fce915e95300c976c7560419b963f671155b924461327115d039
2025-01-20,Kuttiadi,1.6075,25.394,1.2697,145,19,2,,4,4,4,official_observed_reference,98dc260c1555fce915e95300c976c7560419b963f671155b924461327115d039
2025-01-20,Panniar,0.3082,7.3472,0.3674,16.2,,1,,1,1,1,official_observed_reference,98dc260c1555fce915e95300c976c7560419b963f671155b924461327115d039
2025-01-20,Neriamangalam,0.487,8.8362,0.4418,34.6,21,,1,3,1,2,official_observed_reference,98dc260c1555fce915e95300c976c7560419b963f671155b924461327115d039
2025-01-20,Lower Periyar,0.776,11.183,0.5592,162,19,,,3,2,3,official_observed_reference,98dc260c1555fce915e95300c976c7560419b963f671155b924461327115d039
2025-01-20,"Poringalkuthu, PLBE",0.1611,3.7912,0.1896,36.1,17,1,,5,1,5,official_observed_reference,98dc260c1555fce915e95300c976c7560419b963f671155b924461327115d039
2025-01-20,Sengulam,0.4311,4.9011,0.2451,51.2,18,,,4,1,4,official_observed_reference,98dc260c1555fce915e95300c976c7560419b963f671155b924461327115d039
2025-01-20,Kakkad,0.2888,7.7309,0.3865,24.98,21,1,,1,1,1,official_observed_reference,98dc260c1555fce915e95300c976c7560419b963f671155b924461327115d039
2025-01-20,Kallada,0.2159,3.781,0.1891,15.2,,,,2,2,2,official_observed_reference,98dc260c1555fce915e95300c976c7560419b963f671155b924461327115d039
2025-01-20,Malankara,0.0592,1.5836,0.0792,3.6,22,1,,2,1,1,official_observed_reference,98dc260c1555fce915e95300c976c7560419b963f671155b924461327115d039
2025-01-20,Maniyar,,0.4431,0.0222,,,,,3,,,official_observed_reference,98dc260c1555fce915e95300c976c7560419b963f671155b924461327115d039
2025-01-20,Kuthungal,0.0829,1.122,0.0561,7.2,17,,,3,,1,official_observed_reference,98dc260c1555fce915e95300c976c7560419b963f671155b924461327115d039
2025-01-20,PES-Pallivasal,0.456,6.635,0.3318,,,,,2,,2,official_observed_reference,98dc260c1555fce915e95300c976c7560419b963f671155b924461327115d039
2025-01-21,Idukki,6.382,125.374,5.9702,706,18,,,6,6,6,official_observed_reference,7ce8353f28850a29f49e808fb68f4b03aa37ef668e04af1537908a6f06ca4d6e
2025-01-21,Sabarigiri,2.354,51.1422,2.4353,343,18,,,6,5,6,official_observed_reference,7ce8353f28850a29f49e808fb68f4b03aa37ef668e04af1537908a6f06ca4d6e
2025-01-21,Idamalayar,0.8046,21.2518,1.012,71.8,,1,,1,2,1,official_observed_reference,7ce8353f28850a29f49e808fb68f4b03aa37ef668e04af1537908a6f06ca4d6e
2025-01-21,Sholayar,0.9129,11.7016,0.5572,54.6,6,,,3,3,3,official_observed_reference,7ce8353f28850a29f49e808fb68f4b03aa37ef668e04af1537908a6f06ca4d6e
2025-01-21,Pallivasal,0.1295,4.7663,0.227,20.2,17,,2,4,1,4,official_observed_reference,7ce8353f28850a29f49e808fb68f4b03aa37ef668e04af1537908a6f06ca4d6e
2025-01-21,Kuttiadi,1.4413,26.8353,1.2779,149.4,19,2,,4,2,4,official_observed_reference,7ce8353f28850a29f49e808fb68f4b03aa37ef668e04af1537908a6f06ca4d6e
2025-01-21,Panniar,0.2967,7.6439,0.364,16.2,,1,,1,1,1,official_observed_reference,7ce8353f28850a29f49e808fb68f4b03aa37ef668e04af1537908a6f06ca4d6e
2025-01-21,Neriamangalam,0.6854,9.5216,0.4534,34.6,18,1,1,2,2,2,official_observed_reference,7ce8353f28850a29f49e808fb68f4b03aa37ef668e04af1537908a6f06ca4d6e
2025-01-21,Lower Periyar,0.541,11.724,0.5583,156,19,,,3,,3,official_observed_reference,7ce8353f28850a29f49e808fb68f4b03aa37ef668e04af1537908a6f06ca4d6e
2025-01-21,"Poringalkuthu, PLBE",0.0768,3.868,0.1842,35.78,18,1,,5,,5,official_observed_reference,7ce8353f28850a29f49e808fb68f4b03aa37ef668e04af1537908a6f06ca4d6e
2025-01-21,Sengulam,0.3033,5.2044,0.2478,38,18,,,4,2,3,official_observed_reference,7ce8353f28850a29f49e808fb68f4b03aa37ef668e04af1537908a6f06ca4d6e
2025-01-21,Kakkad,0.3727,8.1036,0.3859,24.94,20,1,,1,1,1,official_observed_reference,7ce8353f28850a29f49e808fb68f4b03aa37ef668e04af1537908a6f06ca4d6e
2025-01-21,Kallada,0.1968,3.9778,0.1894,15.2,5,,,2,2,2,official_observed_reference,7ce8353f28850a29f49e808fb68f4b03aa37ef668e04af1537908a6f06ca4d6e
2025-01-21,Malankara,0.0747,1.6583,0.079,3.6,2,1,,2,1,2,official_observed_reference,7ce8353f28850a29f49e808fb68f4b03aa37ef668e04af1537908a6f06ca4d6e
2025-01-21,Maniyar,0.0042,0.4473,0.0213,,,,,3,,,official_observed_reference,7ce8353f28850a29f49e808fb68f4b03aa37ef668e04af1537908a6f06ca4d6e
2025-01-21,Kuthungal,0.0554,1.1774,0.0561,7.2,17,,,3,,1,official_observed_reference,7ce8353f28850a29f49e808fb68f4b03aa37ef668e04af1537908a6f06ca4d6e
2025-01-21,PES-Pallivasal,0.404,7.039,0.3352,,,,,2,1,2,official_observed_reference,7ce8353f28850a29f49e808fb68f4b03aa37ef668e04af1537908a6f06ca4d6e
2025-01-22,Idukki,5.808,131.182,5.9628,716,7,,,6,6,6,official_observed_reference,203cf104ef1c0a24cc4c0f14bb72f608d23b41c2ac082fc54372d86b06e008ff
2025-01-22,Sabarigiri,2.507,53.6492,2.4386,325.8,18,,,6,6,6,official_observed_reference,203cf104ef1c0a24cc4c0f14bb72f608d23b41c2ac082fc54372d86b06e008ff
2025-01-22,Idamalayar,0.9486,22.2004,1.0091,69.2,18,,,2,1,2,official_observed_reference,203cf104ef1c0a24cc4c0f14bb72f608d23b41c2ac082fc54372d86b06e008ff
2025-01-22,Sholayar,0.9078,12.6094,0.5732,54.4,8,,,3,3,3,official_observed_reference,203cf104ef1c0a24cc4c0f14bb72f608d23b41c2ac082fc54372d86b06e008ff
2025-01-22,Pallivasal,0.3375,5.1038,0.232,20.2,17,,2,4,4,4,official_observed_reference,203cf104ef1c0a24cc4c0f14bb72f608d23b41c2ac082fc54372d86b06e008ff
2025-01-22,Kuttiadi,1.1977,28.033,1.2742,142.8,18,2,,4,4,4,official_observed_reference,203cf104ef1c0a24cc4c0f14bb72f608d23b41c2ac082fc54372d86b06e008ff
2025-01-22,Panniar,0.3881,8.032,0.3651,16.2,,1,,1,1,1,official_observed_reference,203cf104ef1c0a24cc4c0f14bb72f608d23b41c2ac082fc54372d86b06e008ff
2025-01-22,Neriamangalam,0.7445,10.2661,0.4666,60.6,20,1,,3,2,3,official_observed_reference,203cf104ef1c0a24cc4c0f14bb72f608d23b41c2ac082fc54372d86b06e008ff
2025-01-22,Lower Periyar,0.803,12.527,0.5694,138,18,,,3,2,3,official_observed_reference,203cf104ef1c0a24cc4c0f14bb72f608d23b41c2ac082fc54372d86b06e008ff
2025-01-22,"Poringalkuthu, PLBE",0.1951,4.0631,0.1847,36.62,6,1,,5,4,5,official_observed_reference,203cf104ef1c0a24cc4c0f14bb72f608d23b41c2ac082fc54372d86b06e008ff
2025-01-22,Sengulam,0.2159,5.4203,0.2464,37.8,22,,,4,,2,official_observed_reference,203cf104ef1c0a24cc4c0f14bb72f608d23b41c2ac082fc54372d86b06e008ff
2025-01-22,Kakkad,0.4337,8.5373,0.3881,26.72,19,1,,1,1,1,official_observed_reference,203cf104ef1c0a24cc4c0f14bb72f608d23b41c2ac082fc54372d86b06e008ff
2025-01-22,Kallada,0.197,4.1748,0.1898,15.2,5,,,2,2,2,official_observed_reference,203cf104ef1c0a24cc4c0f14bb72f608d23b41c2ac082fc54372d86b06e008ff
2025-01-22,Malankara,0.0756,1.7339,0.0788,3.6,1,1,,2,2,2,official_observed_reference,203cf104ef1c0a24cc4c0f14bb72f608d23b41c2ac082fc54372d86b06e008ff
2025-01-22,Maniyar,0.0113,0.4586,0.0208,,,,,3,1,,official_observed_reference,203cf104ef1c0a24cc4c0f14bb72f608d23b41c2ac082fc54372d86b06e008ff
2025-01-22,Kuthungal,0.0526,1.23,0.0559,7,15,,,3,,1,official_observed_reference,203cf104ef1c0a24cc4c0f14bb72f608d23b41c2ac082fc54372d86b06e008ff
2025-01-22,PES-Pallivasal,0.195,7.234,0.3288,,,,,2,,2,official_observed_reference,203cf104ef1c0a24cc4c0f14bb72f608d23b41c2ac082fc54372d86b06e008ff
2025-01-23,Idukki,4.878,136.06,5.9157,722,18,,,6,5,6,official_observed_reference,ff1b32834dcf5de4806eb22e1d68f7f5e721aa42779c0a881570213f18da2a17
2025-01-23,Sabarigiri,2.4865,56.1357,2.4407,320.8,8,,,6,6,6,official_observed_reference,ff1b32834dcf5de4806eb22e1d68f7f5e721aa42779c0a881570213f18da2a17
2025-01-23,Idamalayar,0.9029,23.1033,1.0045,72.2,7,,,2,2,2,official_observed_reference,ff1b32834dcf5de4806eb22e1d68f7f5e721aa42779c0a881570213f18da2a17
2025-01-23,Sholayar,0.7835,13.3929,0.5823,46.4,8,,,3,3,3,official_observed_reference,ff1b32834dcf5de4806eb22e1d68f7f5e721aa42779c0a881570213f18da2a17
2025-01-23,Pallivasal,0.1425,5.2463,0.2281,20.4,18,,2,4,1,4,official_observed_reference,ff1b32834dcf5de4806eb22e1d68f7f5e721aa42779c0a881570213f18da2a17
2025-01-23,Kuttiadi,1.3296,29.3626,1.2766,146.2,21,2,,4,4,4,official_observed_reference,ff1b32834dcf5de4806eb22e1d68f7f5e721aa42779c0a881570213f18da2a17
2025-01-23,Panniar,0.3881,8.4201,0.3661,16.2,,1,,1,1,1,official_observed_reference,ff1b32834dcf5de4806eb22e1d68f7f5e721aa42779c0a881570213f18da2a17
2025-01-23,Neriamangalam,0.6306,10.8967,0.4738,60.8,23,1,,3,3,3,official_observed_reference,ff1b32834dcf5de4806eb22e1d68f7f5e721aa42779c0a881570213f18da2a17
2025-01-23,Lower Periyar,0.804,13.331,0.5796,154,19,,,3,2,3,official_observed_reference,ff1b32834dcf5de4806eb22e1d68f7f5e721aa42779c0a881570213f18da2a17
2025-01-23,"Poringalkuthu, PLBE",0.1997,4.2628,0.1853,36.22,19,1,,5,5,5,official_observed_reference,ff1b32834dcf5de4806eb22e1d68f7f5e721aa42779c0a881570213f18da2a17
2025-01-23,Sengulam,0.2848,5.7051,0.248,25.6,18,,,4,3,2,official_observed_reference,ff1b32834dcf5de4806eb22e1d68f7f5e721aa42779c0a881570213f18da2a17
2025-01-23,Kakkad,0.4092,8.9465,0.389,24.86,20,1,,1,1,1,official_observed_reference,ff1b32834dcf5de4806eb22e1d68f7f5e721aa42779c0a881570213f18da2a17
2025-01-23,Kallada,0.1929,4.3677,0.1899,15.6,7,,,2,2,2,official_observed_reference,ff1b32834dcf5de4806eb22e1d68f7f5e721aa42779c0a881570213f18da2a17
2025-01-23,Malankara,0.0762,1.8101,0.0787,3.6,,1,,2,2,2,official_observed_reference,ff1b32834dcf5de4806eb22e1d68f7f5e721aa42779c0a881570213f18da2a17
2025-01-23,Maniyar,0.0098,0.4684,0.0204,,,,,3,,,official_observed_reference,ff1b32834dcf5de4806eb22e1d68f7f5e721aa42779c0a881570213f18da2a17
2025-01-23,Kuthungal,0.0468,1.2768,0.0555,7.8,16,,,3,,1,official_observed_reference,ff1b32834dcf5de4806eb22e1d68f7f5e721aa42779c0a881570213f18da2a17
2025-01-23,PES-Pallivasal,0.41,7.644,0.3323,,,,,2,,2,official_observed_reference,ff1b32834dcf5de4806eb22e1d68f7f5e721aa42779c0a881570213f18da2a17
2025-01-24,Idukki,5.034,141.094,5.8789,678,7,,,6,6,5,official_observed_reference,2a0ff6d7f9a5f6a2a2690f8042775d8846cd296dd516b5d3618aa7718d7271e3
2025-01-24,Sabarigiri,2.5758,58.7115,2.4463,325.8,18,,,6,6,6,official_observed_reference,2a0ff6d7f9a5f6a2a2690f8042775d8846cd296dd516b5d3618aa7718d7271e3
2025-01-24,Idamalayar,0.8627,23.966,0.9986,72.4,8,,,2,2,2,official_observed_reference,2a0ff6d7f9a5f6a2a2690f8042775d8846cd296dd516b5d3618aa7718d7271e3
2025-01-24,Sholayar,0.6497,14.0426,0.5851,46.4,7,1,,2,3,2,official_observed_reference,2a0ff6d7f9a5f6a2a2690f8042775d8846cd296dd516b5d3618aa7718d7271e3
2025-01-24,Pallivasal,0.1369,5.3832,0.2243,20,17,,2,4,1,4,official_observed_reference,2a0ff6d7f9a5f6a2a2690f8042775d8846cd296dd516b5d3618aa7718d7271e3
2025-01-24,Kuttiadi,1.2654,30.628,1.2762,143.6,19,2,,4,4,4,official_observed_reference,2a0ff6d7f9a5f6a2a2690f8042775d8846cd296dd516b5d3618aa7718d7271e3
2025-01-24,Panniar,0.2752,8.6953,0.3623,16.2,,1,,1,1,1,official_observed_reference,2a0ff6d7f9a5f6a2a2690f8042775d8846cd296dd516b5d3618aa7718d7271e3
2025-01-24,Neriamangalam,0.5704,11.4671,0.4778,60.8,20,1,,3,2,3,official_observed_reference,2a0ff6d7f9a5f6a2a2690f8042775d8846cd296dd516b5d3618aa7718d7271e3
2025-01-24,Lower Periyar,0.591,13.922,0.5801,156,18,,,3,2,3,official_observed_reference,2a0ff6d7f9a5f6a2a2690f8042775d8846cd296dd516b5d3618aa7718d7271e3
2025-01-24,"Poringalkuthu, PLBE",0.0688,4.3315,0.1805,35.98,18,1,,5,1,5,official_observed_reference,2a0ff6d7f9a5f6a2a2690f8042775d8846cd296dd516b5d3618aa7718d7271e3
2025-01-24,Sengulam,0.4295,6.1346,0.2556,38,18,1,,3,2,3,official_observed_reference,2a0ff6d7f9a5f6a2a2690f8042775d8846cd296dd516b5d3618aa7718d7271e3
2025-01-24,Kakkad,0.3657,9.3122,0.388,24.94,22,1,,1,1,1,official_observed_reference,2a0ff6d7f9a5f6a2a2690f8042775d8846cd296dd516b5d3618aa7718d7271e3
2025-01-24,Kallada,0.2386,4.6063,0.1919,15.4,9,,,2,2,1,official_observed_reference,2a0ff6d7f9a5f6a2a2690f8042775d8846cd296dd516b5d3618aa7718d7271e3
2025-01-24,Malankara,0.0738,1.8839,0.0785,3.6,2,1,,2,1,1,official_observed_reference,2a0ff6d7f9a5f6a2a2690f8042775d8846cd296dd516b5d3618aa7718d7271e3
2025-01-24,Maniyar,0.0072,0.4756,0.0198,,,,,3,1,,official_observed_reference,2a0ff6d7f9a5f6a2a2690f8042775d8846cd296dd516b5d3618aa7718d7271e3
2025-01-24,Kuthungal,0.0457,1.3225,0.0551,7.4,17,,,3,,1,official_observed_reference,2a0ff6d7f9a5f6a2a2690f8042775d8846cd296dd516b5d3618aa7718d7271e3
2025-01-24,PES-Pallivasal,0.414,8.058,0.3358,,,,,2,,,official_observed_reference,2a0ff6d7f9a5f6a2a2690f8042775d8846cd296dd516b5d3618aa7718d7271e3
2025-01-25,Idukki,4.231,145.325,5.813,608,19,1,,5,5,5,official_observed_reference,062f277566d1281f41f32903ebc08a6171fd43a4469d09ef89d2b6822bf65fd8
2025-01-25,Sabarigiri,2.2784,60.9899,2.4396,321.4,19,,,6,6,6,official_observed_reference,062f277566d1281f41f32903ebc08a6171fd43a4469d09ef89d2b6822bf65fd8
2025-01-25,Idamalayar,1.1993,25.1653,1.0066,72.2,18,,,2,2,2,official_observed_reference,062f277566d1281f41f32903ebc08a6171fd43a4469d09ef89d2b6822bf65fd8
2025-01-25,Sholayar,0.5705,14.6131,0.5845,36.4,7,1,,2,2,2,official_observed_reference,062f277566d1281f41f32903ebc08a6171fd43a4469d09ef89d2b6822bf65fd8
2025-01-25,Pallivasal,0.0739,5.4571,0.2183,6.2,19,,2,4,1,2,official_observed_reference,062f277566d1281f41f32903ebc08a6171fd43a4469d09ef89d2b6822bf65fd8
2025-01-25,Kuttiadi,1.3395,31.9675,1.2787,190.8,19,1,,5,3,5,official_observed_reference,062f277566d1281f41f32903ebc08a6171fd43a4469d09ef89d2b6822bf65fd8
2025-01-25,Panniar,0.3881,9.0834,0.3633,16.2,,1,,1,1,1,official_observed_reference,062f277566d1281f41f32903ebc08a6171fd43a4469d09ef89d2b6822bf65fd8
2025-01-25,Neriamangalam,0.4711,11.9382,0.4775,61,18,1,,3,2,3,official_observed_reference,062f277566d1281f41f32903ebc08a6171fd43a4469d09ef89d2b6822bf65fd8
2025-01-25,Lower Periyar,0.327,14.249,0.57,112,19,,,3,2,2,official_observed_reference,062f277566d1281f41f32903ebc08a6171fd43a4469d09ef89d2b6822bf65fd8
2025-01-25,"Poringalkuthu, PLBE",0.1811,4.5127,0.1805,43.1,18,1,,5,3,5,official_observed_reference,062f277566d1281f41f32903ebc08a6171fd43a4469d09ef89d2b6822bf65fd8
2025-01-25,Sengulam,0.3133,6.4479,0.2579,38.4,19,1,,3,1,3,official_observed_reference,062f277566d1281f41f32903ebc08a6171fd43a4469d09ef89d2b6822bf65fd8
2025-01-25,Kakkad,0.3655,9.6777,0.3871,35.78,18,,,2,1,2,official_observed_reference,062f277566d1281f41f32903ebc08a6171fd43a4469d09ef89d2b6822bf65fd8
2025-01-25,Kallada,0.2452,4.8515,0.1941,15.2,5,,,2,2,2,official_observed_reference,062f277566d1281f41f32903ebc08a6171fd43a4469d09ef89d2b6822bf65fd8
2025-01-25,Malankara,0.0699,1.9538,0.0782,3.6,20,1,,2,1,1,official_observed_reference,062f277566d1281f41f32903ebc08a6171fd43a4469d09ef89d2b6822bf65fd8
2025-01-25,Maniyar,0.0171,0.4927,0.0197,,,,,3,,1,official_observed_reference,062f277566d1281f41f32903ebc08a6171fd43a4469d09ef89d2b6822bf65fd8
2025-01-25,Kuthungal,0.0413,1.3638,0.0546,7.4,18,,,3,,1,official_observed_reference,062f277566d1281f41f32903ebc08a6171fd43a4469d09ef89d2b6822bf65fd8
2025-01-25,PES-Pallivasal,0.581,8.639,0.3456,,,,,2,,,official_observed_reference,062f277566d1281f41f32903ebc08a6171fd43a4469d09ef89d2b6822bf65fd8
2025-01-26,Idukki,2.256,147.581,5.6762,368,7,1,,5,3,3,official_observed_reference,30c87de7fcd08cdc6a35c1dbd5ca20c5290d814f059e691d59a0c20d4589df81
2025-01-26,Sabarigiri,1.6534,62.6433,2.4094,280,21,,,6,3,6,official_observed_reference,30c87de7fcd08cdc6a35c1dbd5ca20c5290d814f059e691d59a0c20d4589df81
2025-01-26,Idamalayar,0.8357,26.001,1,72,,,,2,2,2,official_observed_reference,30c87de7fcd08cdc6a35c1dbd5ca20c5290d814f059e691d59a0c20d4589df81
2025-01-26,Sholayar,0.4322,15.0453,0.5787,54.4,19,,,3,2,3,official_observed_reference,30c87de7fcd08cdc6a35c1dbd5ca20c5290d814f059e691d59a0c20d4589df81
2025-01-26,Pallivasal,0.1405,5.5976,0.2153,20.4,16,,2,4,1,4,official_observed_reference,30c87de7fcd08cdc6a35c1dbd5ca20c5290d814f059e691d59a0c20d4589df81
2025-01-26,Kuttiadi,0.9814,32.9489,1.2673,150.8,22,1,,5,2,5,official_observed_reference,30c87de7fcd08cdc6a35c1dbd5ca20c5290d814f059e691d59a0c20d4589df81
2025-01-26,Panniar,0.2753,9.3587,0.36,16.2,,1,,1,1,1,official_observed_reference,30c87de7fcd08cdc6a35c1dbd5ca20c5290d814f059e691d59a0c20d4589df81
2025-01-26,Neriamangalam,0.321,12.2592,0.4715,63.4,20,1,,3,,3,official_observed_reference,30c87de7fcd08cdc6a35c1dbd5ca20c5290d814f059e691d59a0c20d4589df81
2025-01-26,Lower Periyar,0.493,14.742,0.567,144,19,,,3,1,3,official_observed_reference,30c87de7fcd08cdc6a35c1dbd5ca20c5290d814f059e691d59a0c20d4589df81
2025-01-26,"Poringalkuthu, PLBE",0.0925,4.6052,0.1771,16,6,1,,5,1,2,official_observed_reference,30c87de7fcd08cdc6a35c1dbd5ca20c5290d814f059e691d59a0c20d4589df81
2025-01-26,Sengulam,0.3427,6.7906,0.2612,38,,1,,3,2,3,official_observed_reference,30c87de7fcd08cdc6a35c1dbd5ca20c5290d814f059e691d59a0c20d4589df81
2025-01-26,Kakkad,0.2588,9.9365,0.3822,35.26,19,,,2,1,2,official_observed_reference,30c87de7fcd08cdc6a35c1dbd5ca20c5290d814f059e691d59a0c20d4589df81
2025-01-26,Kallada,0.245,5.0965,0.196,15.2,5,,,2,2,2,official_observed_reference,30c87de7fcd08cdc6a35c1dbd5ca20c5290d814f059e691d59a0c20d4589df81
2025-01-26,Malankara,0.0615,2.0153,0.0775,3.6,1,1,,2,1,1,official_observed_reference,30c87de7fcd08cdc6a35c1dbd5ca20c5290d814f059e691d59a0c20d4589df81
2025-01-26,Maniyar,0.0053,0.498,0.0192,,,,,3,,1,official_observed_reference,30c87de7fcd08cdc6a35c1dbd5ca20c5290d814f059e691d59a0c20d4589df81
2025-01-26,Kuthungal,0.0392,1.403,0.054,7.4,17,,,3,,1,official_observed_reference,30c87de7fcd08cdc6a35c1dbd5ca20c5290d814f059e691d59a0c20d4589df81
2025-01-26,PES-Pallivasal,0.528,9.167,0.3526,,,,,2,1,2,official_observed_reference,30c87de7fcd08cdc6a35c1dbd5ca20c5290d814f059e691d59a0c20d4589df81
2025-01-27,Idukki,3.976,151.557,5.6132,598,18,1,,5,4,5,official_observed_reference,4935d508edbc30af7e02aba1e10fec42a1683cb8aa83427881cc8de55fbc056f
2025-01-27,Sabarigiri,2.4951,65.1384,2.4125,320.6,19,,,6,5,6,official_observed_reference,4935d508edbc30af7e02aba1e10fec42a1683cb8aa83427881cc8de55fbc056f
2025-01-27,Idamalayar,0.7663,26.7673,0.9914,72.6,8,,,2,2,2,official_observed_reference,4935d508edbc30af7e02aba1e10fec42a1683cb8aa83427881cc8de55fbc056f
2025-01-27,Sholayar,0.8421,15.8874,0.5884,54.6,7,,,3,3,3,official_observed_reference,4935d508edbc30af7e02aba1e10fec42a1683cb8aa83427881cc8de55fbc056f
2025-01-27,Pallivasal,0.1854,5.783,0.2142,20.4,17,,2,4,1,4,official_observed_reference,4935d508edbc30af7e02aba1e10fec42a1683cb8aa83427881cc8de55fbc056f
2025-01-27,Kuttiadi,1.4818,34.4307,1.2752,192.4,21,1,,5,3,5,official_observed_reference,4935d508edbc30af7e02aba1e10fec42a1683cb8aa83427881cc8de55fbc056f
2025-01-27,Panniar,0.3881,9.7468,0.361,16.2,,1,,1,1,1,official_observed_reference,4935d508edbc30af7e02aba1e10fec42a1683cb8aa83427881cc8de55fbc056f
2025-01-27,Neriamangalam,0.5751,12.8343,0.4753,61,18,1,,3,1,3,official_observed_reference,4935d508edbc30af7e02aba1e10fec42a1683cb8aa83427881cc8de55fbc056f
2025-01-27,Lower Periyar,0.611,15.353,0.5686,162,18,,,3,1,3,official_observed_reference,4935d508edbc30af7e02aba1e10fec42a1683cb8aa83427881cc8de55fbc056f
2025-01-27,"Poringalkuthu, PLBE",0.1933,4.7985,0.1777,42.68,19,1,,5,2,5,official_observed_reference,4935d508edbc30af7e02aba1e10fec42a1683cb8aa83427881cc8de55fbc056f
2025-01-27,Sengulam,0.3925,7.1831,0.266,38,20,1,,3,2,3,official_observed_reference,4935d508edbc30af7e02aba1e10fec42a1683cb8aa83427881cc8de55fbc056f
2025-01-27,Kakkad,0.3942,10.3307,0.3826,35.68,18,,,2,1,2,official_observed_reference,4935d508edbc30af7e02aba1e10fec42a1683cb8aa83427881cc8de55fbc056f
2025-01-27,Kallada,0.2474,5.3439,0.1979,15.4,18,,,2,2,2,official_observed_reference,4935d508edbc30af7e02aba1e10fec42a1683cb8aa83427881cc8de55fbc056f
2025-01-27,Malankara,,2.0153,0.0746,3,20,1,,2,1,1,official_observed_reference,4935d508edbc30af7e02aba1e10fec42a1683cb8aa83427881cc8de55fbc056f
2025-01-27,Maniyar,0.0163,0.5144,0.0191,,,,,3,,1,official_observed_reference,4935d508edbc30af7e02aba1e10fec42a1683cb8aa83427881cc8de55fbc056f
2025-01-27,Kuthungal,0.0334,1.4364,0.0532,7.4,22,,,3,,1,official_observed_reference,4935d508edbc30af7e02aba1e10fec42a1683cb8aa83427881cc8de55fbc056f
2025-01-27,PES-Pallivasal,0.506,9.673,0.3583,,,,,2,2,2,official_observed_reference,4935d508edbc30af7e02aba1e10fec42a1683cb8aa83427881cc8de55fbc056f
2025-01-28,Idukki,4.467,156.024,5.5723,530,8,1,,5,5,5,official_observed_reference,65db775b192d706c54d87af5a43cd0e2d8ed8f1e6375aa99a6bdf7ae0a3f637b
2025-01-28,Sabarigiri,2.4779,67.6163,2.4149,325.6,8,,,6,6,6,official_observed_reference,65db775b192d706c54d87af5a43cd0e2d8ed8f1e6375aa99a6bdf7ae0a3f637b
2025-01-28,Idamalayar,1.3278,28.0951,1.0034,72.4,8,,,2,2,2,official_observed_reference,65db775b192d706c54d87af5a43cd0e2d8ed8f1e6375aa99a6bdf7ae0a3f637b
2025-01-28,Sholayar,0.8942,16.7816,0.5993,54.4,7,,,3,3,3,official_observed_reference,65db775b192d706c54d87af5a43cd0e2d8ed8f1e6375aa99a6bdf7ae0a3f637b
2025-01-28,Pallivasal,0.1169,5.8999,0.2107,20.6,16,,2,4,1,4,official_observed_reference,65db775b192d706c54d87af5a43cd0e2d8ed8f1e6375aa99a6bdf7ae0a3f637b
2025-01-28,Kuttiadi,1.3798,35.8105,1.2789,194.2,19,1,,5,3,5,official_observed_reference,65db775b192d706c54d87af5a43cd0e2d8ed8f1e6375aa99a6bdf7ae0a3f637b
2025-01-28,Panniar,0.2712,10.018,0.3578,16.2,,1,,1,1,1,official_observed_reference,65db775b192d706c54d87af5a43cd0e2d8ed8f1e6375aa99a6bdf7ae0a3f637b
2025-01-28,Neriamangalam,0.4927,13.327,0.476,60.8,18,1,,3,3,3,official_observed_reference,65db775b192d706c54d87af5a43cd0e2d8ed8f1e6375aa99a6bdf7ae0a3f637b
2025-01-28,Lower Periyar,0.47,15.823,0.5651,148,19,,,3,,3,official_observed_reference,65db775b192d706c54d87af5a43cd0e2d8ed8f1e6375aa99a6bdf7ae0a3f637b
2025-01-28,"Poringalkuthu, PLBE",0.165,4.9635,0.1773,42.84,19,1,,5,2,1,official_observed_reference,65db775b192d706c54d87af5a43cd0e2d8ed8f1e6375aa99a6bdf7ae0a3f637b
2025-01-28,Sengulam,0.4472,7.6303,0.2725,38.4,21,1,,3,3,3,official_observed_reference,65db775b192d706c54d87af5a43cd0e2d8ed8f1e6375aa99a6bdf7ae0a3f637b
2025-01-28,Kakkad,0.3789,10.7097,0.3825,35.62,20,,,2,1,2,official_observed_reference,65db775b192d706c54d87af5a43cd0e2d8ed8f1e6375aa99a6bdf7ae0a3f637b
2025-01-28,Kallada,0.248,5.5919,0.1997,15.4,5,,,2,2,2,official_observed_reference,65db775b192d706c54d87af5a43cd0e2d8ed8f1e6375aa99a6bdf7ae0a3f637b
2025-01-28,Malankara,0.0405,2.0558,0.0734,2.4,19,1,,2,1,1,official_observed_reference,65db775b192d706c54d87af5a43cd0e2d8ed8f1e6375aa99a6bdf7ae0a3f637b
2025-01-28,Maniyar,0.0179,0.5322,0.019,,,,,3,,1,official_observed_reference,65db775b192d706c54d87af5a43cd0e2d8ed8f1e6375aa99a6bdf7ae0a3f637b
2025-01-28,Kuthungal,0.0355,1.4719,0.0526,7.4,18,,,3,,1,official_observed_reference,65db775b192d706c54d87af5a43cd0e2d8ed8f1e6375aa99a6bdf7ae0a3f637b
2025-01-28,PES-Pallivasal,0.604,10.277,0.367,,,,,2,2,2,official_observed_reference,65db775b192d706c54d87af5a43cd0e2d8ed8f1e6375aa99a6bdf7ae0a3f637b
2025-01-29,Idukki,4.553,160.577,5.5371,600,18,1,,5,5,5,official_observed_reference,3dd8614fe03f3292c84d56564aea79ccce229739ff10159e3b2dedd04cb9d6e1
2025-01-29,Sabarigiri,2.2375,69.8538,2.4088,235,19,2,,4,4,4,official_observed_reference,3dd8614fe03f3292c84d56564aea79ccce229739ff10159e3b2dedd04cb9d6e1
2025-01-29,Idamalayar,1.0107,29.1058,1.0036,70,6,1,,1,2,1,official_observed_reference,3dd8614fe03f3292c84d56564aea79ccce229739ff10159e3b2dedd04cb9d6e1
2025-01-29,Sholayar,0.7452,17.5268,0.6044,54.4,18,,,3,3,3,official_observed_reference,3dd8614fe03f3292c84d56564aea79ccce229739ff10159e3b2dedd04cb9d6e1
2025-01-29,Pallivasal,0.1416,6.0415,0.2083,20.4,16,,2,4,1,4,official_observed_reference,3dd8614fe03f3292c84d56564aea79ccce229739ff10159e3b2dedd04cb9d6e1
2025-01-29,Kuttiadi,1.6304,37.4409,1.2911,191.6,18,1,,5,4,5,official_observed_reference,3dd8614fe03f3292c84d56564aea79ccce229739ff10159e3b2dedd04cb9d6e1
2025-01-29,Panniar,0.2469,10.2649,0.354,16.2,,1,,1,1,1,official_observed_reference,3dd8614fe03f3292c84d56564aea79ccce229739ff10159e3b2dedd04cb9d6e1
2025-01-29,Neriamangalam,0.5727,13.8997,0.4793,60.6,7,1,,3,3,3,official_observed_reference,3dd8614fe03f3292c84d56564aea79ccce229739ff10159e3b2dedd04cb9d6e1
2025-01-29,Lower Periyar,0.536,16.359,0.5641,162,19,,,3,,3,official_observed_reference,3dd8614fe03f3292c84d56564aea79ccce229739ff10159e3b2dedd04cb9d6e1
2025-01-29,"Poringalkuthu, PLBE",0.1942,5.1577,0.1779,42.8,18,1,,5,1,5,official_observed_reference,3dd8614fe03f3292c84d56564aea79ccce229739ff10159e3b2dedd04cb9d6e1
2025-01-29,Sengulam,0.4527,8.083,0.2787,39,20,1,,3,3,3,official_observed_reference,3dd8614fe03f3292c84d56564aea79ccce229739ff10159e3b2dedd04cb9d6e1
2025-01-29,Kakkad,0.3483,11.058,0.3813,35.34,19,,,2,1,2,official_observed_reference,3dd8614fe03f3292c84d56564aea79ccce229739ff10159e3b2dedd04cb9d6e1
2025-01-29,Kallada,0.2478,5.8397,0.2014,15.2,6,,,2,2,2,official_observed_reference,3dd8614fe03f3292c84d56564aea79ccce229739ff10159e3b2dedd04cb9d6e1
2025-01-29,Malankara,0.0519,2.1077,0.0727,3,21,1,,2,1,1,official_observed_reference,3dd8614fe03f3292c84d56564aea79ccce229739ff10159e3b2dedd04cb9d6e1
2025-01-29,Maniyar,0.0103,0.5425,0.0187,,,,,3,,,official_observed_reference,3dd8614fe03f3292c84d56564aea79ccce229739ff10159e3b2dedd04cb9d6e1
2025-01-29,Kuthungal,0.0289,1.5008,0.0518,7.2,20,,,3,,1,official_observed_reference,3dd8614fe03f3292c84d56564aea79ccce229739ff10159e3b2dedd04cb9d6e1
2025-01-29,PES-Pallivasal,0.696,10.973,0.3784,,,,,2,2,2,official_observed_reference,3dd8614fe03f3292c84d56564aea79ccce229739ff10159e3b2dedd04cb9d6e1
2025-01-30,Idukki,5.908,166.485,5.5495,612,19,1,,5,5,5,official_observed_reference,6dbef6d7b0507c32505f1ff5b7c97a72b5b82be29150a444241ca07bed25867b
2025-01-30,Sabarigiri,2.1875,72.0413,2.4014,225,7,2,,4,4,4,official_observed_reference,6dbef6d7b0507c32505f1ff5b7c97a72b5b82be29150a444241ca07bed25867b
2025-01-30,Idamalayar,0.7979,29.9037,0.9968,71.6,21,1,,1,1,1,official_observed_reference,6dbef6d7b0507c32505f1ff5b7c97a72b5b82be29150a444241ca07bed25867b
2025-01-30,Sholayar,0.8995,18.4263,0.6142,54.6,8,,,3,3,3,official_observed_reference,6dbef6d7b0507c32505f1ff5b7c97a72b5b82be29150a444241ca07bed25867b
2025-01-30,Pallivasal,0.1394,6.1809,0.206,20.4,16,,2,4,1,4,official_observed_reference,6dbef6d7b0507c32505f1ff5b7c97a72b5b82be29150a444241ca07bed25867b
2025-01-30,Kuttiadi,2.0215,39.4624,1.3154,195.6,22,1,,5,5,5,official_observed_reference,6dbef6d7b0507c32505f1ff5b7c97a72b5b82be29150a444241ca07bed25867b
2025-01-30,Panniar,0.2795,10.5444,0.3515,16.2,,1,,1,1,1,official_observed_reference,6dbef6d7b0507c32505f1ff5b7c97a72b5b82be29150a444241ca07bed25867b
2025-01-30,Neriamangalam,0.5778,14.4775,0.4826,60.8,8,1,,3,3,3,official_observed_reference,6dbef6d7b0507c32505f1ff5b7c97a72b5b82be29150a444241ca07bed25867b
2025-01-30,Lower Periyar,0.817,17.176,0.5725,158,19,,,3,3,3,official_observed_reference,6dbef6d7b0507c32505f1ff5b7c97a72b5b82be29150a444241ca07bed25867b
2025-01-30,"Poringalkuthu, PLBE",0.2451,5.4028,0.1801,43.04,8,1,,5,4,5,official_observed_reference,6dbef6d7b0507c32505f1ff5b7c97a72b5b82be29150a444241ca07bed25867b
2025-01-30,Sengulam,0.4785,8.5615,0.2854,38.2,20,1,,3,3,3,official_observed_reference,6dbef6d7b0507c32505f1ff5b7c97a72b5b82be29150a444241ca07bed25867b
2025-01-30,Kakkad,0.3344,11.3923,0.3797,35.32,18,,,2,1,2,official_observed_reference,6dbef6d7b0507c32505f1ff5b7c97a72b5b82be29150a444241ca07bed25867b
2025-01-30,Kallada,0.2443,6.084,0.2028,15.2,5,,,2,2,2,official_observed_reference,6dbef6d7b0507c32505f1ff5b7c97a72b5b82be29150a444241ca07bed25867b
2025-01-30,Malankara,0.0549,2.1626,0.0721,3,19,1,,2,1,1,official_observed_reference,6dbef6d7b0507c32505f1ff5b7c97a72b5b82be29150a444241ca07bed25867b
2025-01-30,Maniyar,0.011,0.5534,0.0184,,,,,3,,1,official_observed_reference,6dbef6d7b0507c32505f1ff5b7c97a72b5b82be29150a444241ca07bed25867b
2025-01-30,Kuthungal,0.0303,1.5311,0.051,7.4,18,,,3,,1,official_observed_reference,6dbef6d7b0507c32505f1ff5b7c97a72b5b82be29150a444241ca07bed25867b
2025-01-30,PES-Pallivasal,0.628,11.601,0.3867,,,,,2,2,2,official_observed_reference,6dbef6d7b0507c32505f1ff5b7c97a72b5b82be29150a444241ca07bed25867b
2025-01-31,Idukki,6.658,173.143,5.5853,604,7,1,,5,5,5,official_observed_reference,b9884015e4a58f3634c5c4625644d1eb2565dda350b4f0338107a2e70e0c1550
2025-01-31,Sabarigiri,2.8675,74.9088,2.4164,235,21,2,,4,4,4,official_observed_reference,b9884015e4a58f3634c5c4625644d1eb2565dda350b4f0338107a2e70e0c1550
2025-01-31,Idamalayar,1.0682,30.9719,0.9991,71.6,20,,,2,2,2,official_observed_reference,b9884015e4a58f3634c5c4625644d1eb2565dda350b4f0338107a2e70e0c1550
2025-01-31,Sholayar,0.9524,19.3787,0.6251,54.6,8,,,3,3,3,official_observed_reference,b9884015e4a58f3634c5c4625644d1eb2565dda350b4f0338107a2e70e0c1550
2025-01-31,Pallivasal,0.2118,6.3927,0.2062,20.4,17,,2,4,1,4,official_observed_reference,b9884015e4a58f3634c5c4625644d1eb2565dda350b4f0338107a2e70e0c1550
2025-01-31,Kuttiadi,2.163,41.6254,1.3428,196.2,9,1,,5,5,5,official_observed_reference,b9884015e4a58f3634c5c4625644d1eb2565dda350b4f0338107a2e70e0c1550
2025-01-31,Panniar,0.3209,10.8653,0.3505,16.2,,1,,1,1,1,official_observed_reference,b9884015e4a58f3634c5c4625644d1eb2565dda350b4f0338107a2e70e0c1550
2025-01-31,Neriamangalam,0.8014,15.2789,0.4929,63.8,6,1,,3,3,3,official_observed_reference,b9884015e4a58f3634c5c4625644d1eb2565dda350b4f0338107a2e70e0c1550
2025-01-31,Lower Periyar,0.769,17.945,0.5789,158,18,,,3,2,3,official_observed_reference,b9884015e4a58f3634c5c4625644d1eb2565dda350b4f0338107a2e70e0c1550
2025-01-31,"Poringalkuthu, PLBE",0.1992,5.602,0.1807,34.04,8,2,,4,3,4,official_observed_reference,b9884015e4a58f3634c5c4625644d1eb2565dda350b4f0338107a2e70e0c1550
2025-01-31,Sengulam,0.5149,9.0764,0.2928,38.4,20,1,,3,3,3,official_observed_reference,b9884015e4a58f3634c5c4625644d1eb2565dda350b4f0338107a2e70e0c1550
2025-01-31,Kakkad,0.4019,11.7942,0.3805,35.7,18,,,2,1,2,official_observed_reference,b9884015e4a58f3634c5c4625644d1eb2565dda350b4f0338107a2e70e0c1550
2025-01-31,Kallada,0.2473,6.3313,0.2042,15.2,5,,,2,2,2,official_observed_reference,b9884015e4a58f3634c5c4625644d1eb2565dda350b4f0338107a2e70e0c1550
2025-01-31,Malankara,0.0698,2.2324,0.072,4.8,23,1,,2,1,1,official_observed_reference,b9884015e4a58f3634c5c4625644d1eb2565dda350b4f0338107a2e70e0c1550
2025-01-31,Maniyar,0.0179,0.5713,0.0184,,,,,3,,1,official_observed_reference,b9884015e4a58f3634c5c4625644d1eb2565dda350b4f0338107a2e70e0c1550
2025-01-31,Kuthungal,0.0308,1.5619,0.0504,7.2,18,,,3,,1,official_observed_reference,b9884015e4a58f3634c5c4625644d1eb2565dda350b4f0338107a2e70e0c1550
2025-01-31,PES-Pallivasal,0.488,12.089,0.39,,,,,2,2,2,official_observed_reference,b9884015e4a58f3634c5c4625644d1eb2565dda350b4f0338107a2e70e0c1550
2025-02-01,Idukki,6.363,6.363,6.363,614,19,1,,5,5,5,official_observed_reference,be7076a6eda52c7d9e0ed94013ae91ce1340a4035b1db18df71cbe2237f21c63
2025-02-01,Sabarigiri,2.5042,2.5042,2.5042,221.6,22,2,,4,4,3,official_observed_reference,be7076a6eda52c7d9e0ed94013ae91ce1340a4035b1db18df71cbe2237f21c63
2025-02-01,Idamalayar,1.1436,1.1436,1.1436,71.6,17,,,2,2,2,official_observed_reference,be7076a6eda52c7d9e0ed94013ae91ce1340a4035b1db18df71cbe2237f21c63
2025-02-01,Sholayar,0.6929,0.6929,0.6929,54.4,18,,,3,3,3,official_observed_reference,be7076a6eda52c7d9e0ed94013ae91ce1340a4035b1db18df71cbe2237f21c63
2025-02-01,Pallivasal,0.2376,0.2376,0.2376,19.6,17,,2,4,3,4,official_observed_reference,be7076a6eda52c7d9e0ed94013ae91ce1340a4035b1db18df71cbe2237f21c63
2025-02-01,Kuttiadi,1.5342,1.5342,1.5342,193,18,1,,5,5,5,official_observed_reference,be7076a6eda52c7d9e0ed94013ae91ce1340a4035b1db18df71cbe2237f21c63
2025-02-01,Panniar,0.388,0.388,0.388,16.2,,1,,1,1,1,official_observed_reference,be7076a6eda52c7d9e0ed94013ae91ce1340a4035b1db18df71cbe2237f21c63
2025-02-01,Neriamangalam,0.5544,0.5544,0.5544,60.6,7,1,,3,3,3,official_observed_reference,be7076a6eda52c7d9e0ed94013ae91ce1340a4035b1db18df71cbe2237f21c63
2025-02-01,Lower Periyar,0.7,0.7,0.7,160,19,,,3,2,3,official_observed_reference,be7076a6eda52c7d9e0ed94013ae91ce1340a4035b1db18df71cbe2237f21c63
2025-02-01,"Poringalkuthu, PLBE",0.2978,0.2978,0.2978,43.18,17,2,,4,3,4,official_observed_reference,be7076a6eda52c7d9e0ed94013ae91ce1340a4035b1db18df71cbe2237f21c63
2025-02-01,Sengulam,0.289,0.289,0.289,38.4,18,1,,3,,3,official_observed_reference,be7076a6eda52c7d9e0ed94013ae91ce1340a4035b1db18df71cbe2237f21c63
2025-02-01,Kakkad,0.3769,0.3769,0.3769,35.12,18,,,2,,2,official_observed_reference,be7076a6eda52c7d9e0ed94013ae91ce1340a4035b1db18df71cbe2237f21c63
2025-02-01,Kallada,0.2486,0.2486,0.2486,15.6,17,,,2,2,2,official_observed_reference,be7076a6eda52c7d9e0ed94013ae91ce1340a4035b1db18df71cbe2237f21c63
2025-02-01,Malankara,0.1032,0.1032,0.1032,5.1,4,1,,2,2,2,official_observed_reference,be7076a6eda52c7d9e0ed94013ae91ce1340a4035b1db18df71cbe2237f21c63
2025-02-01,Maniyar,0.0182,0.0182,0.0182,,,,,3,,1,official_observed_reference,be7076a6eda52c7d9e0ed94013ae91ce1340a4035b1db18df71cbe2237f21c63
2025-02-01,Kuthungal,0.0298,0.0298,0.0298,7.4,19,,,3,,1,official_observed_reference,be7076a6eda52c7d9e0ed94013ae91ce1340a4035b1db18df71cbe2237f21c63
2025-02-01,PES-Pallivasal,0.47,0.47,0.47,,,,,2,2,2,official_observed_reference,be7076a6eda52c7d9e0ed94013ae91ce1340a4035b1db18df71cbe2237f21c63
2025-02-02,Idukki,3.863,10.226,5.113,534,19,1,,5,,5,official_observed_reference,45fe41a541fcc0af9a1a14374cafecaa824fae3a03302c4c947bdbcc0134fb9f
2025-02-02,Sabarigiri,1.9443,4.4485,2.2243,226,22,2,,4,,4,official_observed_reference,45fe41a541fcc0af9a1a14374cafecaa824fae3a03302c4c947bdbcc0134fb9f
2025-02-02,Idamalayar,1.0041,2.1477,1.0739,72.6,7,,,2,2,2,official_observed_reference,45fe41a541fcc0af9a1a14374cafecaa824fae3a03302c4c947bdbcc0134fb9f
2025-02-02,Sholayar,0.7549,1.4478,0.7239,54.4,19,,,3,2,3,official_observed_reference,45fe41a541fcc0af9a1a14374cafecaa824fae3a03302c4c947bdbcc0134fb9f
2025-02-02,Pallivasal,0.1658,0.4034,0.2017,20.6,19,,2,4,1,4,official_observed_reference,45fe41a541fcc0af9a1a14374cafecaa824fae3a03302c4c947bdbcc0134fb9f
2025-02-02,Kuttiadi,1.6038,3.138,1.569,198.6,22,1,,5,5,5,official_observed_reference,45fe41a541fcc0af9a1a14374cafecaa824fae3a03302c4c947bdbcc0134fb9f
2025-02-02,Panniar,0.3876,0.7756,0.3878,31.8,17,1,,1,1,2,official_observed_reference,45fe41a541fcc0af9a1a14374cafecaa824fae3a03302c4c947bdbcc0134fb9f
2025-02-02,Neriamangalam,0.372,0.9264,0.4632,60.4,21,1,,3,,3,official_observed_reference,45fe41a541fcc0af9a1a14374cafecaa824fae3a03302c4c947bdbcc0134fb9f
2025-02-02,Lower Periyar,0.342,1.042,0.521,160,19,,,3,,3,official_observed_reference,45fe41a541fcc0af9a1a14374cafecaa824fae3a03302c4c947bdbcc0134fb9f
2025-02-02,"Poringalkuthu, PLBE",0.2986,0.5964,0.2982,43,19,2,,4,1,4,official_observed_reference,45fe41a541fcc0af9a1a14374cafecaa824fae3a03302c4c947bdbcc0134fb9f
2025-02-02,Sengulam,0.3275,0.6165,0.3083,38.4,20,1,,3,1,3,official_observed_reference,45fe41a541fcc0af9a1a14374cafecaa824fae3a03302c4c947bdbcc0134fb9f
2025-02-02,Kakkad,0.2899,0.6668,0.3334,24.68,,,,2,,1,official_observed_reference,45fe41a541fcc0af9a1a14374cafecaa824fae3a03302c4c947bdbcc0134fb9f
2025-02-02,Kallada,0.2247,0.4733,0.2367,16.4,4,,,2,,2,official_observed_reference,45fe41a541fcc0af9a1a14374cafecaa824fae3a03302c4c947bdbcc0134fb9f
2025-02-02,Malankara,0.0904,0.1936,0.0968,4.35,,1,,2,2,2,official_observed_reference,45fe41a541fcc0af9a1a14374cafecaa824fae3a03302c4c947bdbcc0134fb9f
2025-02-02,Maniyar,0.0019,0.0201,0.0101,,,,,3,,,official_observed_reference,45fe41a541fcc0af9a1a14374cafecaa824fae3a03302c4c947bdbcc0134fb9f
2025-02-02,Kuthungal,0.0301,0.0599,0.03,7.2,21,,,3,,1,official_observed_reference,45fe41a541fcc0af9a1a14374cafecaa824fae3a03302c4c947bdbcc0134fb9f
2025-02-02,PES-Pallivasal,0.453,0.923,0.4615,,,,,2,,2,official_observed_reference,45fe41a541fcc0af9a1a14374cafecaa824fae3a03302c4c947bdbcc0134fb9f
2025-02-03,Idukki,5.515,15.741,5.247,486,19,1,,5,4,4,official_observed_reference,940c4de26fa6f2be55ac6f51c080b103781b6f7ef0eddfd07e1ce2444d237fe1
2025-02-03,Sabarigiri,3.8299,8.2784,2.7595,326.4,19,,,6,5,6,official_observed_reference,940c4de26fa6f2be55ac6f51c080b103781b6f7ef0eddfd07e1ce2444d237fe1
2025-02-03,Idamalayar,1.154,3.3017,1.1006,72.4,16,,,2,2,2,official_observed_reference,940c4de26fa6f2be55ac6f51c080b103781b6f7ef0eddfd07e1ce2444d237fe1
2025-02-03,Sholayar,0.8084,2.2562,0.7521,54.4,17,,,3,2,3,official_observed_reference,940c4de26fa6f2be55ac6f51c080b103781b6f7ef0eddfd07e1ce2444d237fe1
2025-02-03,Pallivasal,0.128,0.5314,0.1771,20.4,18,,2,4,1,3,official_observed_reference,940c4de26fa6f2be55ac6f51c080b103781b6f7ef0eddfd07e1ce2444d237fe1
2025-02-03,Kuttiadi,1.7359,4.8739,1.6246,194.6,19,1,,5,3,5,official_observed_reference,940c4de26fa6f2be55ac6f51c080b103781b6f7ef0eddfd07e1ce2444d237fe1
2025-02-03,Panniar,0.4987,1.2743,0.4248,31.8,18,,,2,1,2,official_observed_reference,940c4de26fa6f2be55ac6f51c080b103781b6f7ef0eddfd07e1ce2444d237fe1
2025-02-03,Neriamangalam,0.5104,1.4368,0.4789,60.6,19,1,,3,1,3,official_observed_reference,940c4de26fa6f2be55ac6f51c080b103781b6f7ef0eddfd07e1ce2444d237fe1
2025-02-03,Lower Periyar,0.489,1.531,0.5103,104,18,,,3,,2,official_observed_reference,940c4de26fa6f2be55ac6f51c080b103781b6f7ef0eddfd07e1ce2444d237fe1
2025-02-03,"Poringalkuthu, PLBE",0.4477,1.044,0.348,43.1,18,2,,4,2,4,official_observed_reference,940c4de26fa6f2be55ac6f51c080b103781b6f7ef0eddfd07e1ce2444d237fe1
2025-02-03,Sengulam,0.295,0.9115,0.3038,25.2,7,1,,3,2,3,official_observed_reference,940c4de26fa6f2be55ac6f51c080b103781b6f7ef0eddfd07e1ce2444d237fe1
2025-02-03,Kakkad,0.5123,1.1791,0.393,36.4,7,,,2,2,2,official_observed_reference,940c4de26fa6f2be55ac6f51c080b103781b6f7ef0eddfd07e1ce2444d237fe1
2025-02-03,Kallada,0.2655,0.7388,0.2463,15.4,5,,,2,2,2,official_observed_reference,940c4de26fa6f2be55ac6f51c080b103781b6f7ef0eddfd07e1ce2444d237fe1
2025-02-03,Malankara,0.0726,0.2662,0.0887,3.75,,1,,2,2,2,official_observed_reference,940c4de26fa6f2be55ac6f51c080b103781b6f7ef0eddfd07e1ce2444d237fe1
2025-02-03,Maniyar,0.0267,0.0468,0.0156,,,,,3,,1,official_observed_reference,940c4de26fa6f2be55ac6f51c080b103781b6f7ef0eddfd07e1ce2444d237fe1
2025-02-03,Kuthungal,0.0293,0.0892,0.0297,7.2,19,,,3,,1,official_observed_reference,940c4de26fa6f2be55ac6f51c080b103781b6f7ef0eddfd07e1ce2444d237fe1
2025-02-03,PES-Pallivasal,0.471,1.394,0.4647,,,,,2,2,2,official_observed_reference,940c4de26fa6f2be55ac6f51c080b103781b6f7ef0eddfd07e1ce2444d237fe1
2025-02-04,Idukki,5.664,21.405,5.3513,722,18,,,6,4,6,official_observed_reference,691ac4eda7207547bb0e873079b51cacb9f674d53f35297e266cdf1109f225e2
2025-02-04,Sabarigiri,3.0964,11.3748,2.8437,332.2,18,,,6,6,6,official_observed_reference,691ac4eda7207547bb0e873079b51cacb9f674d53f35297e266cdf1109f225e2
2025-02-04,Idamalayar,0.9038,4.2055,1.0514,70.4,,,,2,2,2,official_observed_reference,691ac4eda7207547bb0e873079b51cacb9f674d53f35297e266cdf1109f225e2
2025-02-04,Sholayar,0.8244,3.0806,0.7702,54.6,21,,,3,3,3,official_observed_reference,691ac4eda7207547bb0e873079b51cacb9f674d53f35297e266cdf1109f225e2
2025-02-04,Pallivasal,0.1314,0.6628,0.1657,18.8,17,,2,4,1,4,official_observed_reference,691ac4eda7207547bb0e873079b51cacb9f674d53f35297e266cdf1109f225e2
2025-02-04,Kuttiadi,1.4916,6.3655,1.5914,194.2,18,1,,5,5,5,official_observed_reference,691ac4eda7207547bb0e873079b51cacb9f674d53f35297e266cdf1109f225e2
2025-02-04,Panniar,0.3844,1.6587,0.4147,32.2,17,,,2,2,2,official_observed_reference,691ac4eda7207547bb0e873079b51cacb9f674d53f35297e266cdf1109f225e2
2025-02-04,Neriamangalam,0.7884,2.2252,0.5563,61.2,20,1,,3,3,3,official_observed_reference,691ac4eda7207547bb0e873079b51cacb9f674d53f35297e266cdf1109f225e2
2025-02-04,Lower Periyar,0.974,2.505,0.6263,160,18,,,3,2,3,official_observed_reference,691ac4eda7207547bb0e873079b51cacb9f674d53f35297e266cdf1109f225e2
2025-02-04,"Poringalkuthu, PLBE",0.4349,1.4789,0.3697,43.24,8,2,,4,4,4,official_observed_reference,691ac4eda7207547bb0e873079b51cacb9f674d53f35297e266cdf1109f225e2
2025-02-04,Sengulam,0.3475,1.259,0.3148,38.6,19,1,,3,2,3,official_observed_reference,691ac4eda7207547bb0e873079b51cacb9f674d53f35297e266cdf1109f225e2
2025-02-04,Kakkad,0.5067,1.6858,0.4214,36,,,,2,2,2,official_observed_reference,691ac4eda7207547bb0e873079b51cacb9f674d53f35297e266cdf1109f225e2
2025-02-04,Kallada,0.2471,0.9859,0.2465,15.4,17,,,2,2,2,official_observed_reference,691ac4eda7207547bb0e873079b51cacb9f674d53f35297e266cdf1109f225e2
2025-02-04,Malankara,0.0635,0.3297,0.0824,3.15,2,1,,2,2,2,official_observed_reference,691ac4eda7207547bb0e873079b51cacb9f674d53f35297e266cdf1109f225e2
2025-02-04,Maniyar,0.0335,0.0803,0.0201,,,,,3,1,1,official_observed_reference,691ac4eda7207547bb0e873079b51cacb9f674d53f35297e266cdf1109f225e2
2025-02-04,Kuthungal,0.0265,0.1157,0.0289,7.2,19,,,3,,1,official_observed_reference,691ac4eda7207547bb0e873079b51cacb9f674d53f35297e266cdf1109f225e2
2025-02-04,PES-Pallivasal,0.417,1.811,0.4528,,,,,2,2,2,official_observed_reference,691ac4eda7207547bb0e873079b51cacb9f674d53f35297e266cdf1109f225e2
2025-02-05,Idukki,7.627,29.032,5.8064,728,18,,,6,6,6,official_observed_reference,961d2b1367a4c56ef56f8e042dfded38a81e268207e6d204b5b05f659a33f8f8
2025-02-05,Sabarigiri,2.9207,14.2955,2.8591,326,8,,,6,6,5,official_observed_reference,961d2b1367a4c56ef56f8e042dfded38a81e268207e6d204b5b05f659a33f8f8
2025-02-05,Idamalayar,1.1049,5.3104,1.0621,70.4,8,,,2,2,2,official_observed_reference,961d2b1367a4c56ef56f8e042dfded38a81e268207e6d204b5b05f659a33f8f8
2025-02-05,Sholayar,0.7314,3.812,0.7624,54.4,9,,,3,3,3,official_observed_reference,961d2b1367a4c56ef56f8e042dfded38a81e268207e6d204b5b05f659a33f8f8
2025-02-05,Pallivasal,0.1946,0.8574,0.1715,20.4,8,,2,4,4,1,official_observed_reference,961d2b1367a4c56ef56f8e042dfded38a81e268207e6d204b5b05f659a33f8f8
2025-02-05,Kuttiadi,1.3264,7.6919,1.5384,196.8,18,1,,5,5,5,official_observed_reference,961d2b1367a4c56ef56f8e042dfded38a81e268207e6d204b5b05f659a33f8f8
2025-02-05,Panniar,0.3054,1.9641,0.3928,31.8,1,,,2,2,1,official_observed_reference,961d2b1367a4c56ef56f8e042dfded38a81e268207e6d204b5b05f659a33f8f8
2025-02-05,Neriamangalam,0.472,2.6972,0.5394,57.2,17,1,,3,3,2,official_observed_reference,961d2b1367a4c56ef56f8e042dfded38a81e268207e6d204b5b05f659a33f8f8
2025-02-05,Lower Periyar,0.539,3.044,0.6088,160,18,,,3,3,3,official_observed_reference,961d2b1367a4c56ef56f8e042dfded38a81e268207e6d204b5b05f659a33f8f8
2025-02-05,"Poringalkuthu, PLBE",0.3964,1.8753,0.3751,43.12,19,2,,4,4,4,official_observed_reference,961d2b1367a4c56ef56f8e042dfded38a81e268207e6d204b5b05f659a33f8f8
2025-02-05,Sengulam,0.2473,1.5063,0.3013,37.8,19,1,,3,3,2,official_observed_reference,961d2b1367a4c56ef56f8e042dfded38a81e268207e6d204b5b05f659a33f8f8
2025-02-05,Kakkad,0.4233,2.1091,0.4218,35.9,20,,,2,2,2,official_observed_reference,961d2b1367a4c56ef56f8e042dfded38a81e268207e6d204b5b05f659a33f8f8
2025-02-05,Kallada,0.2472,1.2331,0.2466,16.2,4,,,2,2,2,official_observed_reference,961d2b1367a4c56ef56f8e042dfded38a81e268207e6d204b5b05f659a33f8f8
2025-02-05,Malankara,0.0822,0.4119,0.0824,4.65,19,1,,2,1,2,official_observed_reference,961d2b1367a4c56ef56f8e042dfded38a81e268207e6d204b5b05f659a33f8f8
2025-02-05,Maniyar,0.0149,0.0952,0.019,,,,,3,,1,official_observed_reference,961d2b1367a4c56ef56f8e042dfded38a81e268207e6d204b5b05f659a33f8f8
2025-02-05,Kuthungal,0.0228,0.1385,0.0277,6,18,,,3,,1,official_observed_reference,961d2b1367a4c56ef56f8e042dfded38a81e268207e6d204b5b05f659a33f8f8
2025-02-05,PES-Pallivasal,0.266,2.077,0.4154,,,,,2,2,2,official_observed_reference,961d2b1367a4c56ef56f8e042dfded38a81e268207e6d204b5b05f659a33f8f8
2025-02-06,Idukki,4.602,33.634,5.6057,622,18,,,6,6,6,official_observed_reference,4686298312e929c4da44a8103d8e9f8b25c22756b8c8b011ad0d5596de91c28b
2025-02-06,Sabarigiri,1.975,16.2705,2.7118,275,19,1,,5,5,5,official_observed_reference,4686298312e929c4da44a8103d8e9f8b25c22756b8c8b011ad0d5596de91c28b
2025-02-06,Idamalayar,0.9955,6.3059,1.051,68.2,7,,,2,2,2,official_observed_reference,4686298312e929c4da44a8103d8e9f8b25c22756b8c8b011ad0d5596de91c28b
2025-02-06,Sholayar,0.545,4.357,0.7262,54.4,19,,,3,3,3,official_observed_reference,4686298312e929c4da44a8103d8e9f8b25c22756b8c8b011ad0d5596de91c28b
2025-02-06,Pallivasal,0.0974,0.9548,0.1591,16,18,,2,4,2,4,official_observed_reference,4686298312e929c4da44a8103d8e9f8b25c22756b8c8b011ad0d5596de91c28b
2025-02-06,Kuttiadi,1.1775,8.8694,1.4782,188,7,1,,5,5,5,official_observed_reference,4686298312e929c4da44a8103d8e9f8b25c22756b8c8b011ad0d5596de91c28b
2025-02-06,Panniar,0.2977,2.2618,0.377,16.2,,1,,1,1,1,official_observed_reference,4686298312e929c4da44a8103d8e9f8b25c22756b8c8b011ad0d5596de91c28b
2025-02-06,Neriamangalam,0.4798,3.177,0.5295,60.8,20,1,,3,2,3,official_observed_reference,4686298312e929c4da44a8103d8e9f8b25c22756b8c8b011ad0d5596de91c28b
2025-02-06,Lower Periyar,0.387,3.431,0.5718,146,19,,,3,,3,official_observed_reference,4686298312e929c4da44a8103d8e9f8b25c22756b8c8b011ad0d5596de91c28b
2025-02-06,"Poringalkuthu, PLBE",0.3538,2.2291,0.3715,42.96,19,2,,4,4,4,official_observed_reference,4686298312e929c4da44a8103d8e9f8b25c22756b8c8b011ad0d5596de91c28b
2025-02-06,Sengulam,0.3242,1.8305,0.3051,50.6,19,,,4,2,4,official_observed_reference,4686298312e929c4da44a8103d8e9f8b25c22756b8c8b011ad0d5596de91c28b
2025-02-06,Kakkad,0.3187,2.4277,0.4046,35.92,18,,,2,1,2,official_observed_reference,4686298312e929c4da44a8103d8e9f8b25c22756b8c8b011ad0d5596de91c28b
2025-02-06,Kallada,0.2486,1.4817,0.247,15.4,4,,,2,2,2,official_observed_reference,4686298312e929c4da44a8103d8e9f8b25c22756b8c8b011ad0d5596de91c28b
2025-02-06,Malankara,0.0843,0.4962,0.0827,4.65,2,1,,2,2,1,official_observed_reference,4686298312e929c4da44a8103d8e9f8b25c22756b8c8b011ad0d5596de91c28b
2025-02-06,Maniyar,0.0099,0.1051,0.0175,,,,,3,,,official_observed_reference,4686298312e929c4da44a8103d8e9f8b25c22756b8c8b011ad0d5596de91c28b
2025-02-06,Kuthungal,,0.1385,0.0231,,,,,3,,,official_observed_reference,4686298312e929c4da44a8103d8e9f8b25c22756b8c8b011ad0d5596de91c28b
2025-02-06,PES-Pallivasal,,2.077,0.3462,,,,,2,2,2,official_observed_reference,4686298312e929c4da44a8103d8e9f8b25c22756b8c8b011ad0d5596de91c28b
2025-02-07,Idukki,4.684,38.318,5.474,688,19,,,6,4,6,official_observed_reference,bbd7a39f3b5348fdecb0519cef02679ab8690c07851e4b42ad010261ae496ed9
2025-02-07,Sabarigiri,2.185,18.4555,2.6365,280,7,1,,5,5,5,official_observed_reference,bbd7a39f3b5348fdecb0519cef02679ab8690c07851e4b42ad010261ae496ed9
2025-02-07,Idamalayar,0.8373,7.1432,1.0205,67.6,7,,,2,2,2,official_observed_reference,bbd7a39f3b5348fdecb0519cef02679ab8690c07851e4b42ad010261ae496ed9
2025-02-07,Sholayar,0.7296,5.0866,0.7267,54.4,17,,,3,3,3,official_observed_reference,bbd7a39f3b5348fdecb0519cef02679ab8690c07851e4b42ad010261ae496ed9
2025-02-07,Pallivasal,0.113,1.0678,0.1525,17,17,,2,4,2,4,official_observed_reference,bbd7a39f3b5348fdecb0519cef02679ab8690c07851e4b42ad010261ae496ed9
2025-02-07,Kuttiadi,1.3818,10.2512,1.4645,193.8,19,1,,5,3,5,official_observed_reference,bbd7a39f3b5348fdecb0519cef02679ab8690c07851e4b42ad010261ae496ed9
2025-02-07,Panniar,0.2744,2.5362,0.3623,16.2,,1,,1,1,1,official_observed_reference,bbd7a39f3b5348fdecb0519cef02679ab8690c07851e4b42ad010261ae496ed9
2025-02-07,Neriamangalam,0.4626,3.6396,0.5199,60.8,20,1,,3,3,3,official_observed_reference,bbd7a39f3b5348fdecb0519cef02679ab8690c07851e4b42ad010261ae496ed9
2025-02-07,Lower Periyar,0.409,3.84,0.5486,154,19,,,3,,3,official_observed_reference,bbd7a39f3b5348fdecb0519cef02679ab8690c07851e4b42ad010261ae496ed9
2025-02-07,"Poringalkuthu, PLBE",0.3583,2.5874,0.3696,45.28,8,2,,4,4,4,official_observed_reference,bbd7a39f3b5348fdecb0519cef02679ab8690c07851e4b42ad010261ae496ed9
2025-02-07,Sengulam,0.267,2.0975,0.2996,49,19,,,4,1,4,official_observed_reference,bbd7a39f3b5348fdecb0519cef02679ab8690c07851e4b42ad010261ae496ed9
2025-02-07,Kakkad,0.2973,2.725,0.3893,35.36,19,,,2,,2,official_observed_reference,bbd7a39f3b5348fdecb0519cef02679ab8690c07851e4b42ad010261ae496ed9
2025-02-07,Kallada,0.246,1.7277,0.2468,15,4,,,2,2,2,official_observed_reference,bbd7a39f3b5348fdecb0519cef02679ab8690c07851e4b42ad010261ae496ed9
2025-02-07,Malankara,0.0606,0.5568,0.0795,3.75,20,1,,2,,2,official_observed_reference,bbd7a39f3b5348fdecb0519cef02679ab8690c07851e4b42ad010261ae496ed9
2025-02-07,Maniyar,0.0037,0.1088,0.0155,,,,,3,,1,official_observed_reference,bbd7a39f3b5348fdecb0519cef02679ab8690c07851e4b42ad010261ae496ed9
2025-02-07,Kuthungal,0.0356,0.1741,0.0249,7.4,18,,,3,,1,official_observed_reference,bbd7a39f3b5348fdecb0519cef02679ab8690c07851e4b42ad010261ae496ed9
2025-02-07,PES-Pallivasal,0.426,2.503,0.3576,,,,,2,1,2,official_observed_reference,bbd7a39f3b5348fdecb0519cef02679ab8690c07851e4b42ad010261ae496ed9
2025-02-08,Idukki,5.26,43.578,5.4473,678,18,,,6,4,6,official_observed_reference,a6c7e1bef5581fcdf67b73d0ea7225964a1d1cbb59d88ad65e11ec81b2400049
2025-02-08,Sabarigiri,4.17,22.6255,2.8282,280,8,1,,5,5,5,official_observed_reference,a6c7e1bef5581fcdf67b73d0ea7225964a1d1cbb59d88ad65e11ec81b2400049
2025-02-08,Idamalayar,1.0328,8.176,1.022,68.6,15,,,2,2,2,official_observed_reference,a6c7e1bef5581fcdf67b73d0ea7225964a1d1cbb59d88ad65e11ec81b2400049
2025-02-08,Sholayar,0.7174,5.804,0.7255,54.4,16,,,3,3,3,official_observed_reference,a6c7e1bef5581fcdf67b73d0ea7225964a1d1cbb59d88ad65e11ec81b2400049
2025-02-08,Pallivasal,0.0925,1.1603,0.145,14.4,17,,2,4,1,3,official_observed_reference,a6c7e1bef5581fcdf67b73d0ea7225964a1d1cbb59d88ad65e11ec81b2400049
2025-02-08,Kuttiadi,0.8122,11.0634,1.3829,196.6,19,1,,5,3,5,official_observed_reference,a6c7e1bef5581fcdf67b73d0ea7225964a1d1cbb59d88ad65e11ec81b2400049
2025-02-08,Panniar,0.3502,2.8864,0.3608,16.2,,1,,1,1,1,official_observed_reference,a6c7e1bef5581fcdf67b73d0ea7225964a1d1cbb59d88ad65e11ec81b2400049
2025-02-08,Neriamangalam,0.4296,4.0692,0.5087,60.4,22,1,,3,3,3,official_observed_reference,a6c7e1bef5581fcdf67b73d0ea7225964a1d1cbb59d88ad65e11ec81b2400049
2025-02-08,Lower Periyar,0.473,4.313,0.5391,164,18,,,3,,3,official_observed_reference,a6c7e1bef5581fcdf67b73d0ea7225964a1d1cbb59d88ad65e11ec81b2400049
2025-02-08,"Poringalkuthu, PLBE",0.3595,2.9469,0.3684,43.02,19,2,,4,4,4,official_observed_reference,a6c7e1bef5581fcdf67b73d0ea7225964a1d1cbb59d88ad65e11ec81b2400049
2025-02-08,Sengulam,0.2579,2.3554,0.2944,50.4,19,,,4,1,4,official_observed_reference,a6c7e1bef5581fcdf67b73d0ea7225964a1d1cbb59d88ad65e11ec81b2400049
2025-02-08,Kakkad,0.6125,3.3376,0.4172,35.18,19,,,2,1,2,official_observed_reference,a6c7e1bef5581fcdf67b73d0ea7225964a1d1cbb59d88ad65e11ec81b2400049
2025-02-08,Kallada,0.2431,1.9708,0.2464,16.4,17,,,2,2,2,official_observed_reference,a6c7e1bef5581fcdf67b73d0ea7225964a1d1cbb59d88ad65e11ec81b2400049
2025-02-08,Malankara,0.0735,0.6303,0.0788,3.6,17,1,,2,2,2,official_observed_reference,a6c7e1bef5581fcdf67b73d0ea7225964a1d1cbb59d88ad65e11ec81b2400049
2025-02-08,Maniyar,0.0406,0.1494,0.0187,,,,,3,1,1,official_observed_reference,a6c7e1bef5581fcdf67b73d0ea7225964a1d1cbb59d88ad65e11ec81b2400049
2025-02-08,Kuthungal,,0.1741,0.0218,,,,,3,,,official_observed_reference,a6c7e1bef5581fcdf67b73d0ea7225964a1d1cbb59d88ad65e11ec81b2400049
2025-02-08,PES-Pallivasal,0.434,2.937,0.3671,,,,,2,2,2,official_observed_reference,a6c7e1bef5581fcdf67b73d0ea7225964a1d1cbb59d88ad65e11ec81b2400049
2025-02-09,Idukki,4.458,48.036,5.3373,668,7,,,6,6,3,official_observed_reference,31bcc89c9e0fad0ef44d0b047bf2bbe2dcc8e8a2dd7e08ae3527dda1490ba570
2025-02-09,Sabarigiri,4.1375,26.763,2.9737,280,21,1,,5,3,5,official_observed_reference,31bcc89c9e0fad0ef44d0b047bf2bbe2dcc8e8a2dd7e08ae3527dda1490ba570
2025-02-09,Idamalayar,1.1437,9.3197,1.0355,70,19,,,2,2,2,official_observed_reference,31bcc89c9e0fad0ef44d0b047bf2bbe2dcc8e8a2dd7e08ae3527dda1490ba570
2025-02-09,Sholayar,0.3776,6.1816,0.6868,51,19,,,3,2,3,official_observed_reference,31bcc89c9e0fad0ef44d0b047bf2bbe2dcc8e8a2dd7e08ae3527dda1490ba570
2025-02-09,Pallivasal,0.1012,1.2615,0.1402,14.2,19,,2,4,1,3,official_observed_reference,31bcc89c9e0fad0ef44d0b047bf2bbe2dcc8e8a2dd7e08ae3527dda1490ba570
2025-02-09,Kuttiadi,1.1013,12.1647,1.3516,194.2,20,1,,5,2,5,official_observed_reference,31bcc89c9e0fad0ef44d0b047bf2bbe2dcc8e8a2dd7e08ae3527dda1490ba570
2025-02-09,Panniar,0.1026,2.989,0.3321,16.2,18,1,,1,,1,official_observed_reference,31bcc89c9e0fad0ef44d0b047bf2bbe2dcc8e8a2dd7e08ae3527dda1490ba570
2025-02-09,Neriamangalam,0.3606,4.4298,0.4922,61.2,23,1,,3,,3,official_observed_reference,31bcc89c9e0fad0ef44d0b047bf2bbe2dcc8e8a2dd7e08ae3527dda1490ba570
2025-02-09,Lower Periyar,0.366,4.679,0.5199,98,19,,,3,,3,official_observed_reference,31bcc89c9e0fad0ef44d0b047bf2bbe2dcc8e8a2dd7e08ae3527dda1490ba570
2025-02-09,"Poringalkuthu, PLBE",0.259,3.206,0.3562,38.04,18,2,,4,1,4,official_observed_reference,31bcc89c9e0fad0ef44d0b047bf2bbe2dcc8e8a2dd7e08ae3527dda1490ba570
2025-02-09,Sengulam,0.3101,2.6655,0.2962,38.6,22,,,4,2,4,official_observed_reference,31bcc89c9e0fad0ef44d0b047bf2bbe2dcc8e8a2dd7e08ae3527dda1490ba570
2025-02-09,Kakkad,0.6163,3.9538,0.4393,35.82,20,,,2,1,2,official_observed_reference,31bcc89c9e0fad0ef44d0b047bf2bbe2dcc8e8a2dd7e08ae3527dda1490ba570
2025-02-09,Kallada,0.2477,2.2185,0.2465,15.6,17,,,2,2,2,official_observed_reference,31bcc89c9e0fad0ef44d0b047bf2bbe2dcc8e8a2dd7e08ae3527dda1490ba570
2025-02-09,Malankara,0.0655,0.6958,0.0773,3.45,,1,,2,1,1,official_observed_reference,31bcc89c9e0fad0ef44d0b047bf2bbe2dcc8e8a2dd7e08ae3527dda1490ba570
2025-02-09,Maniyar,0.0333,0.1826,0.0203,,,,,3,1,1,official_observed_reference,31bcc89c9e0fad0ef44d0b047bf2bbe2dcc8e8a2dd7e08ae3527dda1490ba570
2025-02-09,Kuthungal,0.0277,0.2018,0.0224,5.4,19,,,3,,1,official_observed_reference,31bcc89c9e0fad0ef44d0b047bf2bbe2dcc8e8a2dd7e08ae3527dda1490ba570
2025-02-09,PES-Pallivasal,0.361,3.298,0.3664,,,,,2,1,1,official_observed_reference,31bcc89c9e0fad0ef44d0b047bf2bbe2dcc8e8a2dd7e08ae3527dda1490ba570
2025-02-10,Idukki,6.187,54.223,5.4223,728,18,,,6,6,6,official_observed_reference,858b07fb41f5e47895c992fb1265f9e7dcf12300f812718a392be56aa29dc71b
2025-02-10,Sabarigiri,3.8625,30.6255,3.0626,280,18,1,,5,3,5,official_observed_reference,858b07fb41f5e47895c992fb1265f9e7dcf12300f812718a392be56aa29dc71b
2025-02-10,Idamalayar,1.1831,10.5028,1.0503,71.6,17,,,2,2,2,official_observed_reference,858b07fb41f5e47895c992fb1265f9e7dcf12300f812718a392be56aa29dc71b
2025-02-10,Sholayar,0.67,6.8516,0.6852,54.6,20,,,3,2,3,official_observed_reference,858b07fb41f5e47895c992fb1265f9e7dcf12300f812718a392be56aa29dc71b
2025-02-10,Pallivasal,0.1715,1.433,0.1433,16.2,20,,2,4,1,3,official_observed_reference,858b07fb41f5e47895c992fb1265f9e7dcf12300f812718a392be56aa29dc71b
2025-02-10,Kuttiadi,1.2722,13.4369,1.3437,192.8,19,1,,5,3,5,official_observed_reference,858b07fb41f5e47895c992fb1265f9e7dcf12300f812718a392be56aa29dc71b
2025-02-10,Panniar,0.2854,3.2744,0.3274,16.2,,1,,1,1,1,official_observed_reference,858b07fb41f5e47895c992fb1265f9e7dcf12300f812718a392be56aa29dc71b
2025-02-10,Neriamangalam,0.3336,4.7634,0.4763,77,18,,,4,,4,official_observed_reference,858b07fb41f5e47895c992fb1265f9e7dcf12300f812718a392be56aa29dc71b
2025-02-10,Lower Periyar,0.277,4.956,0.4956,162,19,,,3,,3,official_observed_reference,858b07fb41f5e47895c992fb1265f9e7dcf12300f812718a392be56aa29dc71b
2025-02-10,"Poringalkuthu, PLBE",0.2811,3.487,0.3487,43,18,2,,4,1,4,official_observed_reference,858b07fb41f5e47895c992fb1265f9e7dcf12300f812718a392be56aa29dc71b
2025-02-10,Sengulam,0.2562,2.9217,0.2922,38.2,19,,,4,1,4,official_observed_reference,858b07fb41f5e47895c992fb1265f9e7dcf12300f812718a392be56aa29dc71b
2025-02-10,Kakkad,0.5577,4.5116,0.4512,35.54,19,,,2,1,2,official_observed_reference,858b07fb41f5e47895c992fb1265f9e7dcf12300f812718a392be56aa29dc71b
2025-02-10,Kallada,0.2483,2.4668,0.2467,15.8,4,,,2,2,2,official_observed_reference,858b07fb41f5e47895c992fb1265f9e7dcf12300f812718a392be56aa29dc71b
2025-02-10,Malankara,0.0614,0.7572,0.0757,4.2,20,1,,2,1,2,official_observed_reference,858b07fb41f5e47895c992fb1265f9e7dcf12300f812718a392be56aa29dc71b
2025-02-10,Maniyar,0.0351,0.2178,0.0218,,,,,3,,1,official_observed_reference,858b07fb41f5e47895c992fb1265f9e7dcf12300f812718a392be56aa29dc71b
2025-02-10,Kuthungal,,0.2018,0.0202,,,,,3,,,official_observed_reference,858b07fb41f5e47895c992fb1265f9e7dcf12300f812718a392be56aa29dc71b
2025-02-10,PES-Pallivasal,0.364,3.662,0.3662,,,,,2,,2,official_observed_reference,858b07fb41f5e47895c992fb1265f9e7dcf12300f812718a392be56aa29dc71b
2025-02-11,Idukki,5.904,60.127,5.4661,730,19,,,6,3,6,official_observed_reference,09cffaf6286d8b871afd510fcac8b634d6fefa04fd360eb77d3c6e93a78cf123
2025-02-11,Sabarigiri,3.925,34.5505,3.141,275,8,1,,5,5,5,official_observed_reference,09cffaf6286d8b871afd510fcac8b634d6fefa04fd360eb77d3c6e93a78cf123
2025-02-11,Idamalayar,1.0931,11.5959,1.0542,70.2,16,,,2,2,2,official_observed_reference,09cffaf6286d8b871afd510fcac8b634d6fefa04fd360eb77d3c6e93a78cf123
2025-02-11,Sholayar,0.7987,7.6503,0.6955,54.6,18,,,3,3,3,official_observed_reference,09cffaf6286d8b871afd510fcac8b634d6fefa04fd360eb77d3c6e93a78cf123
2025-02-11,Pallivasal,0.0999,1.5329,0.1394,15.6,18,,2,4,1,4,official_observed_reference,09cffaf6286d8b871afd510fcac8b634d6fefa04fd360eb77d3c6e93a78cf123
2025-02-11,Kuttiadi,1.3942,14.8311,1.3483,197.8,19,1,,5,4,5,official_observed_reference,09cffaf6286d8b871afd510fcac8b634d6fefa04fd360eb77d3c6e93a78cf123
2025-02-11,Panniar,0.0451,3.3195,0.3018,16.2,6,1,1,,,,official_observed_reference,09cffaf6286d8b871afd510fcac8b634d6fefa04fd360eb77d3c6e93a78cf123
2025-02-11,Neriamangalam,0.261,5.0244,0.4568,76.6,19,,,4,2,4,official_observed_reference,09cffaf6286d8b871afd510fcac8b634d6fefa04fd360eb77d3c6e93a78cf123
2025-02-11,Lower Periyar,0.377,5.333,0.4848,158,19,,,3,1,3,official_observed_reference,09cffaf6286d8b871afd510fcac8b634d6fefa04fd360eb77d3c6e93a78cf123
2025-02-11,"Poringalkuthu, PLBE",0.3716,3.8587,0.3508,43,19,2,,4,2,4,official_observed_reference,09cffaf6286d8b871afd510fcac8b634d6fefa04fd360eb77d3c6e93a78cf123
2025-02-11,Sengulam,0.297,3.2187,0.2926,51,21,,,4,3,4,official_observed_reference,09cffaf6286d8b871afd510fcac8b634d6fefa04fd360eb77d3c6e93a78cf123
2025-02-11,Kakkad,0.6186,5.1301,0.4664,35.34,19,,,2,1,2,official_observed_reference,09cffaf6286d8b871afd510fcac8b634d6fefa04fd360eb77d3c6e93a78cf123
2025-02-11,Kallada,0.2474,2.7142,0.2467,15.2,17,,,2,2,2,official_observed_reference,09cffaf6286d8b871afd510fcac8b634d6fefa04fd360eb77d3c6e93a78cf123
2025-02-11,Malankara,0.0783,0.8355,0.076,4.2,4,1,,2,2,2,official_observed_reference,09cffaf6286d8b871afd510fcac8b634d6fefa04fd360eb77d3c6e93a78cf123
2025-02-11,Maniyar,0.042,0.2598,0.0236,,,,,3,,1,official_observed_reference,09cffaf6286d8b871afd510fcac8b634d6fefa04fd360eb77d3c6e93a78cf123
2025-02-11,Kuthungal,,0.2018,0.0183,,,,,3,,,official_observed_reference,09cffaf6286d8b871afd510fcac8b634d6fefa04fd360eb77d3c6e93a78cf123
2025-02-11,PES-Pallivasal,0.431,4.093,0.3721,,,,,2,,2,official_observed_reference,09cffaf6286d8b871afd510fcac8b634d6fefa04fd360eb77d3c6e93a78cf123
2025-02-12,Idukki,5.991,66.118,5.5098,726,19,,,6,3,6,official_observed_reference,88c5768ac6a1fbc80803195c807ad38104f778b7d658c3bf311d1276a3693d14
2025-02-12,Sabarigiri,3.9075,38.458,3.2048,275,7,1,,5,5,5,official_observed_reference,88c5768ac6a1fbc80803195c807ad38104f778b7d658c3bf311d1276a3693d14
2025-02-12,Idamalayar,1.2892,12.8851,1.0738,69,6,,,2,2,2,official_observed_reference,88c5768ac6a1fbc80803195c807ad38104f778b7d658c3bf311d1276a3693d14
2025-02-12,Sholayar,0.7383,8.3886,0.6991,54.4,6,,,3,3,3,official_observed_reference,88c5768ac6a1fbc80803195c807ad38104f778b7d658c3bf311d1276a3693d14
2025-02-12,Pallivasal,0.1113,1.6442,0.137,20.6,19,,2,4,1,2,official_observed_reference,88c5768ac6a1fbc80803195c807ad38104f778b7d658c3bf311d1276a3693d14
2025-02-12,Kuttiadi,1.5454,16.3765,1.3647,191.8,7,1,,5,5,5,official_observed_reference,88c5768ac6a1fbc80803195c807ad38104f778b7d658c3bf311d1276a3693d14
2025-02-12,Panniar,0.3071,3.6266,0.3022,16.2,,1,,1,1,1,official_observed_reference,88c5768ac6a1fbc80803195c807ad38104f778b7d658c3bf311d1276a3693d14
2025-02-12,Neriamangalam,0.5334,5.5578,0.4632,76.4,17,,,4,2,4,official_observed_reference,88c5768ac6a1fbc80803195c807ad38104f778b7d658c3bf311d1276a3693d14
2025-02-12,Lower Periyar,0.556,5.889,0.4908,160,19,,,3,1,3,official_observed_reference,88c5768ac6a1fbc80803195c807ad38104f778b7d658c3bf311d1276a3693d14
2025-02-12,"Poringalkuthu, PLBE",0.3887,4.2473,0.3539,43.14,19,2,,4,2,4,official_observed_reference,88c5768ac6a1fbc80803195c807ad38104f778b7d658c3bf311d1276a3693d14
2025-02-12,Sengulam,0.1831,3.4018,0.2835,50.4,19,,,4,1,4,official_observed_reference,88c5768ac6a1fbc80803195c807ad38104f778b7d658c3bf311d1276a3693d14
2025-02-12,Kakkad,0.6265,5.7566,0.4797,35.9,18,,,2,1,2,official_observed_reference,88c5768ac6a1fbc80803195c807ad38104f778b7d658c3bf311d1276a3693d14
2025-02-12,Kallada,0.2483,2.9625,0.2469,17.4,17,,,2,2,2,official_observed_reference,88c5768ac6a1fbc80803195c807ad38104f778b7d658c3bf311d1276a3693d14
2025-02-12,Malankara,0.0882,0.9237,0.077,4.2,1,,,2,2,2,official_observed_reference,88c5768ac6a1fbc80803195c807ad38104f778b7d658c3bf311d1276a3693d14
2025-02-12,Maniyar,0.0413,0.301,0.0251,,,,,3,1,1,official_observed_reference,88c5768ac6a1fbc80803195c807ad38104f778b7d658c3bf311d1276a3693d14
2025-02-12,Kuthungal,0.0468,0.2486,0.0207,7.2,18,,,3,,2,official_observed_reference,88c5768ac6a1fbc80803195c807ad38104f778b7d658c3bf311d1276a3693d14
2025-02-12,PES-Pallivasal,0.272,4.365,0.3638,,,,,2,1,1,official_observed_reference,88c5768ac6a1fbc80803195c807ad38104f778b7d658c3bf311d1276a3693d14
2025-02-13,Idukki,8.606,74.724,5.748,736,19,,,6,6,6,official_observed_reference,9d142f19c51bf7993f1d82baf339dd74aebcc1fd263fc2c3d9ea1cb30d3e99e6
2025-02-13,Sabarigiri,4.595,43.053,3.3118,280,17,1,,5,5,5,official_observed_reference,9d142f19c51bf7993f1d82baf339dd74aebcc1fd263fc2c3d9ea1cb30d3e99e6
2025-02-13,Idamalayar,1.3409,14.226,1.0943,67.8,,,,2,2,2,official_observed_reference,9d142f19c51bf7993f1d82baf339dd74aebcc1fd263fc2c3d9ea1cb30d3e99e6
2025-02-13,Sholayar,0.666,9.0546,0.6965,54.4,17,,,3,2,3,official_observed_reference,9d142f19c51bf7993f1d82baf339dd74aebcc1fd263fc2c3d9ea1cb30d3e99e6
2025-02-13,Pallivasal,0.1153,1.7595,0.1353,20.4,18,,2,4,1,4,official_observed_reference,9d142f19c51bf7993f1d82baf339dd74aebcc1fd263fc2c3d9ea1cb30d3e99e6
2025-02-13,Kuttiadi,1.3189,17.6954,1.3612,193,19,1,,5,3,5,official_observed_reference,9d142f19c51bf7993f1d82baf339dd74aebcc1fd263fc2c3d9ea1cb30d3e99e6
2025-02-13,Panniar,0.3006,3.9272,0.3021,16.2,20,1,,1,1,1,official_observed_reference,9d142f19c51bf7993f1d82baf339dd74aebcc1fd263fc2c3d9ea1cb30d3e99e6
2025-02-13,Neriamangalam,0.4144,5.9722,0.4594,60.4,19,,,4,2,3,official_observed_reference,9d142f19c51bf7993f1d82baf339dd74aebcc1fd263fc2c3d9ea1cb30d3e99e6
2025-02-13,Lower Periyar,0.446,6.335,0.4873,156,18,,,3,1,3,official_observed_reference,9d142f19c51bf7993f1d82baf339dd74aebcc1fd263fc2c3d9ea1cb30d3e99e6
2025-02-13,"Poringalkuthu, PLBE",0.4127,4.6601,0.3585,43.28,7,2,,4,4,4,official_observed_reference,9d142f19c51bf7993f1d82baf339dd74aebcc1fd263fc2c3d9ea1cb30d3e99e6
2025-02-13,Sengulam,0.2471,3.6489,0.2807,38.2,19,,,4,2,3,official_observed_reference,9d142f19c51bf7993f1d82baf339dd74aebcc1fd263fc2c3d9ea1cb30d3e99e6
2025-02-13,Kakkad,0.6294,6.386,0.4912,36.48,20,,,2,2,2,official_observed_reference,9d142f19c51bf7993f1d82baf339dd74aebcc1fd263fc2c3d9ea1cb30d3e99e6
2025-02-13,Kallada,0.2473,3.2098,0.2469,22.2,17,,,2,2,2,official_observed_reference,9d142f19c51bf7993f1d82baf339dd74aebcc1fd263fc2c3d9ea1cb30d3e99e6
2025-02-13,Malankara,0.0981,1.0218,0.0786,4.8,8,,,2,2,2,official_observed_reference,9d142f19c51bf7993f1d82baf339dd74aebcc1fd263fc2c3d9ea1cb30d3e99e6
2025-02-13,Maniyar,0.0463,0.3473,0.0267,,,,,3,1,1,official_observed_reference,9d142f19c51bf7993f1d82baf339dd74aebcc1fd263fc2c3d9ea1cb30d3e99e6
2025-02-13,Kuthungal,,0.2486,0.0191,,,,,3,,,official_observed_reference,9d142f19c51bf7993f1d82baf339dd74aebcc1fd263fc2c3d9ea1cb30d3e99e6
2025-02-13,PES-Pallivasal,0.343,4.708,0.3622,,,,,2,,1,official_observed_reference,9d142f19c51bf7993f1d82baf339dd74aebcc1fd263fc2c3d9ea1cb30d3e99e6
2025-02-14,Idukki,8.509,83.233,5.9452,726,19,,,6,6,6,official_observed_reference,8c0763e68c3c9bdbc233bcdaba7fe6e6916905f9f02305725d9e602c59c10b44
2025-02-14,Sabarigiri,3.9625,47.0155,3.3583,280,7,1,,5,5,5,official_observed_reference,8c0763e68c3c9bdbc233bcdaba7fe6e6916905f9f02305725d9e602c59c10b44
2025-02-14,Idamalayar,1.4088,15.6348,1.1168,67.6,19,,,2,2,2,official_observed_reference,8c0763e68c3c9bdbc233bcdaba7fe6e6916905f9f02305725d9e602c59c10b44
2025-02-14,Sholayar,0.7402,9.7948,0.6996,54.6,22,,,3,3,3,official_observed_reference,8c0763e68c3c9bdbc233bcdaba7fe6e6916905f9f02305725d9e602c59c10b44
2025-02-14,Pallivasal,0.0872,1.8467,0.1319,10,18,,2,4,1,3,official_observed_reference,8c0763e68c3c9bdbc233bcdaba7fe6e6916905f9f02305725d9e602c59c10b44
2025-02-14,Kuttiadi,1.3708,19.0662,1.3619,192.8,18,1,,5,3,5,official_observed_reference,8c0763e68c3c9bdbc233bcdaba7fe6e6916905f9f02305725d9e602c59c10b44
2025-02-14,Panniar,0.1742,4.1014,0.293,16,6,1,,1,1,1,official_observed_reference,8c0763e68c3c9bdbc233bcdaba7fe6e6916905f9f02305725d9e602c59c10b44
2025-02-14,Neriamangalam,0.3966,6.3688,0.4549,77.2,19,,,4,2,4,official_observed_reference,8c0763e68c3c9bdbc233bcdaba7fe6e6916905f9f02305725d9e602c59c10b44
2025-02-14,Lower Periyar,0.323,6.658,0.4756,158,19,,,3,,3,official_observed_reference,8c0763e68c3c9bdbc233bcdaba7fe6e6916905f9f02305725d9e602c59c10b44
2025-02-14,"Poringalkuthu, PLBE",0.3677,5.0278,0.3591,43.38,18,2,,4,4,4,official_observed_reference,8c0763e68c3c9bdbc233bcdaba7fe6e6916905f9f02305725d9e602c59c10b44
2025-02-14,Sengulam,0.298,3.9469,0.2819,37.6,7,1,,3,3,2,official_observed_reference,8c0763e68c3c9bdbc233bcdaba7fe6e6916905f9f02305725d9e602c59c10b44
2025-02-14,Kakkad,0.6285,7.0145,0.501,35.5,16,,,2,2,2,official_observed_reference,8c0763e68c3c9bdbc233bcdaba7fe6e6916905f9f02305725d9e602c59c10b44
2025-02-14,Kallada,0.248,3.4578,0.247,16.2,17,,,2,2,2,official_observed_reference,8c0763e68c3c9bdbc233bcdaba7fe6e6916905f9f02305725d9e602c59c10b44
2025-02-14,Malankara,0.1059,1.1277,0.0806,4.8,,,,2,,2,official_observed_reference,8c0763e68c3c9bdbc233bcdaba7fe6e6916905f9f02305725d9e602c59c10b44
2025-02-14,Maniyar,0.03,0.3774,0.027,,,,,3,1,1,official_observed_reference,8c0763e68c3c9bdbc233bcdaba7fe6e6916905f9f02305725d9e602c59c10b44
2025-02-14,Kuthungal,0.0259,0.2745,0.0196,7.4,20,,,3,,1,official_observed_reference,8c0763e68c3c9bdbc233bcdaba7fe6e6916905f9f02305725d9e602c59c10b44
2025-02-14,PES-Pallivasal,0.515,5.223,0.3731,,,,,2,1,2,official_observed_reference,8c0763e68c3c9bdbc233bcdaba7fe6e6916905f9f02305725d9e602c59c10b44
2025-02-15,Idukki,5.769,89.002,5.9335,710,18,,,6,4,6,official_observed_reference,70b8c1239548b40be5f16f4d97677c0a7a348e11c3b5813818b2d556fcce6e32
2025-02-15,Sabarigiri,3.9125,50.928,3.3952,275,20,1,,5,5,5,official_observed_reference,70b8c1239548b40be5f16f4d97677c0a7a348e11c3b5813818b2d556fcce6e32
2025-02-15,Idamalayar,1.0523,16.6871,1.1125,67.4,6,,,2,2,2,official_observed_reference,70b8c1239548b40be5f16f4d97677c0a7a348e11c3b5813818b2d556fcce6e32
2025-02-15,Sholayar,0.7145,10.5093,0.7006,54.4,6,,,3,3,3,official_observed_reference,70b8c1239548b40be5f16f4d97677c0a7a348e11c3b5813818b2d556fcce6e32
2025-02-15,Pallivasal,0.1763,2.023,0.1349,20.6,15,,2,4,1,4,official_observed_reference,70b8c1239548b40be5f16f4d97677c0a7a348e11c3b5813818b2d556fcce6e32
2025-02-15,Kuttiadi,1.2242,20.2904,1.3527,194.8,20,1,,5,5,5,official_observed_reference,70b8c1239548b40be5f16f4d97677c0a7a348e11c3b5813818b2d556fcce6e32
2025-02-15,Panniar,0.0946,4.196,0.2797,16,18,1,,1,,1,official_observed_reference,70b8c1239548b40be5f16f4d97677c0a7a348e11c3b5813818b2d556fcce6e32
2025-02-15,Neriamangalam,0.2476,6.6164,0.4411,60.2,19,,,4,,3,official_observed_reference,70b8c1239548b40be5f16f4d97677c0a7a348e11c3b5813818b2d556fcce6e32
2025-02-15,Lower Periyar,0.307,6.965,0.4643,148,19,,,3,,3,official_observed_reference,70b8c1239548b40be5f16f4d97677c0a7a348e11c3b5813818b2d556fcce6e32
2025-02-15,"Poringalkuthu, PLBE",0.498,5.5257,0.3684,52.16,20,1,,5,2,5,official_observed_reference,70b8c1239548b40be5f16f4d97677c0a7a348e11c3b5813818b2d556fcce6e32
2025-02-15,Sengulam,0.3002,4.2471,0.2831,25.6,9,2,,2,2,2,official_observed_reference,70b8c1239548b40be5f16f4d97677c0a7a348e11c3b5813818b2d556fcce6e32
2025-02-15,Kakkad,0.5932,7.6077,0.5072,34.78,19,,,2,1,2,official_observed_reference,70b8c1239548b40be5f16f4d97677c0a7a348e11c3b5813818b2d556fcce6e32
2025-02-15,Kallada,0.2449,3.7027,0.2468,15,5,,,2,2,2,official_observed_reference,70b8c1239548b40be5f16f4d97677c0a7a348e11c3b5813818b2d556fcce6e32
2025-02-15,Malankara,0.0858,1.2135,0.0809,4.8,,,,2,,2,official_observed_reference,70b8c1239548b40be5f16f4d97677c0a7a348e11c3b5813818b2d556fcce6e32
2025-02-15,Maniyar,0.0324,0.4098,0.0273,,,,,3,1,1,official_observed_reference,70b8c1239548b40be5f16f4d97677c0a7a348e11c3b5813818b2d556fcce6e32
2025-02-15,Kuthungal,,0.2745,0.0183,,,,,3,,,official_observed_reference,70b8c1239548b40be5f16f4d97677c0a7a348e11c3b5813818b2d556fcce6e32
2025-02-15,PES-Pallivasal,0.445,5.668,0.3779,,,,,2,1,1,official_observed_reference,70b8c1239548b40be5f16f4d97677c0a7a348e11c3b5813818b2d556fcce6e32
2025-02-16,Idukki,5.461,94.463,5.9039,600,22,,,6,3,4,official_observed_reference,edee59fa935a4602e0b37338b0bd9dba6ac5238b4130a05adaf67c3aa42106f1
2025-02-16,Sabarigiri,3.8025,54.7305,3.4207,275,20,1,,5,4,5,official_observed_reference,edee59fa935a4602e0b37338b0bd9dba6ac5238b4130a05adaf67c3aa42106f1
2025-02-16,Idamalayar,0.8793,17.5664,1.0979,67.4,19,,,2,2,2,official_observed_reference,edee59fa935a4602e0b37338b0bd9dba6ac5238b4130a05adaf67c3aa42106f1
2025-02-16,Sholayar,0.8331,11.3424,0.7089,54.4,6,,,3,3,3,official_observed_reference,edee59fa935a4602e0b37338b0bd9dba6ac5238b4130a05adaf67c3aa42106f1
2025-02-16,Pallivasal,0.2662,2.2892,0.1431,20.6,21,,2,4,1,4,official_observed_reference,edee59fa935a4602e0b37338b0bd9dba6ac5238b4130a05adaf67c3aa42106f1
2025-02-16,Kuttiadi,1.101,21.3914,1.337,194.8,19,1,,5,1,5,official_observed_reference,edee59fa935a4602e0b37338b0bd9dba6ac5238b4130a05adaf67c3aa42106f1
2025-02-16,Panniar,0.087,4.283,0.2677,17.6,21,1,,1,,1,official_observed_reference,edee59fa935a4602e0b37338b0bd9dba6ac5238b4130a05adaf67c3aa42106f1
2025-02-16,Neriamangalam,0.3799,6.9963,0.4373,77.8,19,,,4,,4,official_observed_reference,edee59fa935a4602e0b37338b0bd9dba6ac5238b4130a05adaf67c3aa42106f1
2025-02-16,Lower Periyar,0.464,7.429,0.4643,116,19,,,3,,2,official_observed_reference,edee59fa935a4602e0b37338b0bd9dba6ac5238b4130a05adaf67c3aa42106f1
2025-02-16,"Poringalkuthu, PLBE",0.4148,5.9405,0.3713,51.14,19,1,,5,1,5,official_observed_reference,edee59fa935a4602e0b37338b0bd9dba6ac5238b4130a05adaf67c3aa42106f1
2025-02-16,Sengulam,0.3841,4.6312,0.2895,38.4,19,2,,2,1,2,official_observed_reference,edee59fa935a4602e0b37338b0bd9dba6ac5238b4130a05adaf67c3aa42106f1
2025-02-16,Kakkad,0.5465,8.1543,0.5096,24.9,,,,2,1,2,official_observed_reference,edee59fa935a4602e0b37338b0bd9dba6ac5238b4130a05adaf67c3aa42106f1
2025-02-16,Kallada,0.2463,3.949,0.2468,15,4,,,2,2,2,official_observed_reference,edee59fa935a4602e0b37338b0bd9dba6ac5238b4130a05adaf67c3aa42106f1
2025-02-16,Malankara,0.0786,1.2921,0.0808,4.2,,,,2,2,2,official_observed_reference,edee59fa935a4602e0b37338b0bd9dba6ac5238b4130a05adaf67c3aa42106f1
2025-02-16,Maniyar,0.0165,0.4263,0.0266,,,,,3,,,official_observed_reference,edee59fa935a4602e0b37338b0bd9dba6ac5238b4130a05adaf67c3aa42106f1
2025-02-16,Kuthungal,,0.2745,0.0172,,,,,3,,,official_observed_reference,edee59fa935a4602e0b37338b0bd9dba6ac5238b4130a05adaf67c3aa42106f1
2025-02-16,PES-Pallivasal,0.283,5.951,0.3719,,,,,2,1,1,official_observed_reference,edee59fa935a4602e0b37338b0bd9dba6ac5238b4130a05adaf67c3aa42106f1
2025-02-17,Idukki,7.77,102.233,6.0137,726,18,,,6,6,6,official_observed_reference,8ca0444cb5f0b38d959c94b482f15df33c8f6ceec3e0e4b2ed8849fad33243fc
2025-02-17,Sabarigiri,3.9725,58.703,3.4531,275,7,1,,5,5,5,official_observed_reference,8ca0444cb5f0b38d959c94b482f15df33c8f6ceec3e0e4b2ed8849fad33243fc
2025-02-17,Idamalayar,1.2674,18.8338,1.1079,68,16,,,2,2,2,official_observed_reference,8ca0444cb5f0b38d959c94b482f15df33c8f6ceec3e0e4b2ed8849fad33243fc
2025-02-17,Sholayar,0.8637,12.2061,0.718,54.4,7,,,3,3,3,official_observed_reference,8ca0444cb5f0b38d959c94b482f15df33c8f6ceec3e0e4b2ed8849fad33243fc
2025-02-17,Pallivasal,0.082,2.3712,0.1395,12.2,18,,2,4,1,4,official_observed_reference,8ca0444cb5f0b38d959c94b482f15df33c8f6ceec3e0e4b2ed8849fad33243fc
2025-02-17,Kuttiadi,1.5938,22.9852,1.3521,197,21,1,,5,4,5,official_observed_reference,8ca0444cb5f0b38d959c94b482f15df33c8f6ceec3e0e4b2ed8849fad33243fc
2025-02-17,Panniar,0.2395,4.5225,0.266,32,20,1,,1,,1,official_observed_reference,8ca0444cb5f0b38d959c94b482f15df33c8f6ceec3e0e4b2ed8849fad33243fc
2025-02-17,Neriamangalam,0.3435,7.3398,0.4318,51.8,21,,1,3,,3,official_observed_reference,8ca0444cb5f0b38d959c94b482f15df33c8f6ceec3e0e4b2ed8849fad33243fc
2025-02-17,Lower Periyar,0.396,7.825,0.4603,162,18,,,3,,3,official_observed_reference,8ca0444cb5f0b38d959c94b482f15df33c8f6ceec3e0e4b2ed8849fad33243fc
2025-02-17,"Poringalkuthu, PLBE",0.6228,6.5632,0.3861,52.2,18,1,,5,2,5,official_observed_reference,8ca0444cb5f0b38d959c94b482f15df33c8f6ceec3e0e4b2ed8849fad33243fc
2025-02-17,Sengulam,0.2672,4.8984,0.2881,38,17,1,,3,1,3,official_observed_reference,8ca0444cb5f0b38d959c94b482f15df33c8f6ceec3e0e4b2ed8849fad33243fc
2025-02-17,Kakkad,0.6209,8.7751,0.5162,35.46,19,,,2,1,2,official_observed_reference,8ca0444cb5f0b38d959c94b482f15df33c8f6ceec3e0e4b2ed8849fad33243fc
2025-02-17,Kallada,0.2469,4.1959,0.2468,15.2,4,,,2,2,2,official_observed_reference,8ca0444cb5f0b38d959c94b482f15df33c8f6ceec3e0e4b2ed8849fad33243fc
2025-02-17,Malankara,0.0888,1.3809,0.0812,4.8,9,,,2,2,2,official_observed_reference,8ca0444cb5f0b38d959c94b482f15df33c8f6ceec3e0e4b2ed8849fad33243fc
2025-02-17,Maniyar,0.0257,0.452,0.0266,,,,,3,1,1,official_observed_reference,8ca0444cb5f0b38d959c94b482f15df33c8f6ceec3e0e4b2ed8849fad33243fc
2025-02-17,Kuthungal,0.019,0.2935,0.0173,7,10,,,3,1,,official_observed_reference,8ca0444cb5f0b38d959c94b482f15df33c8f6ceec3e0e4b2ed8849fad33243fc
2025-02-17,PES-Pallivasal,0.521,6.472,0.3807,,,,,2,1,2,official_observed_reference,8ca0444cb5f0b38d959c94b482f15df33c8f6ceec3e0e4b2ed8849fad33243fc
2025-02-18,Idukki,8.11,110.343,6.1302,722,7,,,6,6,5,official_observed_reference,9837d39d6a50155ffa132351fa169620255ef6a7246767227427d642131fb9f1
2025-02-18,Sabarigiri,3.61,62.313,3.4618,270,6,1,,5,5,5,official_observed_reference,9837d39d6a50155ffa132351fa169620255ef6a7246767227427d642131fb9f1
2025-02-18,Idamalayar,1.2237,20.0575,1.1143,67.8,6,,,2,2,2,official_observed_reference,9837d39d6a50155ffa132351fa169620255ef6a7246767227427d642131fb9f1
2025-02-18,Sholayar,0.8242,13.0303,0.7239,54.6,7,,,3,1,3,official_observed_reference,9837d39d6a50155ffa132351fa169620255ef6a7246767227427d642131fb9f1
2025-02-18,Pallivasal,0.0649,2.4361,0.1353,9,20,,2,4,1,3,official_observed_reference,9837d39d6a50155ffa132351fa169620255ef6a7246767227427d642131fb9f1
2025-02-18,Kuttiadi,1.9261,24.9113,1.384,194,18,1,,5,5,5,official_observed_reference,9837d39d6a50155ffa132351fa169620255ef6a7246767227427d642131fb9f1
2025-02-18,Panniar,0.3197,4.8422,0.269,31.2,16,,,2,,2,official_observed_reference,9837d39d6a50155ffa132351fa169620255ef6a7246767227427d642131fb9f1
2025-02-18,Neriamangalam,0.3934,7.7332,0.4296,52,18,,1,3,,3,official_observed_reference,9837d39d6a50155ffa132351fa169620255ef6a7246767227427d642131fb9f1
2025-02-18,Lower Periyar,0.366,8.191,0.4551,164,19,,,3,,3,official_observed_reference,9837d39d6a50155ffa132351fa169620255ef6a7246767227427d642131fb9f1
2025-02-18,"Poringalkuthu, PLBE",0.5762,7.1394,0.3966,51.7,7,1,,5,5,5,official_observed_reference,9837d39d6a50155ffa132351fa169620255ef6a7246767227427d642131fb9f1
2025-02-18,Sengulam,0.3373,5.2357,0.2909,37.8,19,1,,3,1,3,official_observed_reference,9837d39d6a50155ffa132351fa169620255ef6a7246767227427d642131fb9f1
2025-02-18,Kakkad,0.5601,9.3352,0.5186,24.92,23,,,2,1,1,official_observed_reference,9837d39d6a50155ffa132351fa169620255ef6a7246767227427d642131fb9f1
2025-02-18,Kallada,0.2455,4.4414,0.2467,15,4,,,2,2,2,official_observed_reference,9837d39d6a50155ffa132351fa169620255ef6a7246767227427d642131fb9f1
2025-02-18,Malankara,0.1026,1.4835,0.0824,4.8,,,,2,2,2,official_observed_reference,9837d39d6a50155ffa132351fa169620255ef6a7246767227427d642131fb9f1
2025-02-18,Maniyar,0.0242,0.4762,0.0265,,,,,3,,1,official_observed_reference,9837d39d6a50155ffa132351fa169620255ef6a7246767227427d642131fb9f1
2025-02-18,Kuthungal,0.0062,0.2997,0.0167,5,8,,,3,1,1,official_observed_reference,9837d39d6a50155ffa132351fa169620255ef6a7246767227427d642131fb9f1
2025-02-18,PES-Pallivasal,0.387,6.859,0.3811,,,,,2,,,official_observed_reference,9837d39d6a50155ffa132351fa169620255ef6a7246767227427d642131fb9f1
2025-02-20,Idukki,8.279,126.813,6.3407,734,18,,,6,5,6,official_observed_reference,256e9084d8f880d17e16109e21086e5612f8e833745f2ef3499cd9600859a0c3
2025-02-20,Sabarigiri,3.9808,70.0113,3.5006,331.6,18,,,6,5,6,official_observed_reference,256e9084d8f880d17e16109e21086e5612f8e833745f2ef3499cd9600859a0c3
2025-02-20,Idamalayar,1.1474,22.5314,1.1266,67.4,7,,,2,2,2,official_observed_reference,256e9084d8f880d17e16109e21086e5612f8e833745f2ef3499cd9600859a0c3
2025-02-20,Sholayar,0.9245,14.8219,0.7411,54.6,7,,,3,3,3,official_observed_reference,256e9084d8f880d17e16109e21086e5612f8e833745f2ef3499cd9600859a0c3
2025-02-20,Pallivasal,0.0683,2.5708,0.1285,6.2,18,,2,4,,2,official_observed_reference,256e9084d8f880d17e16109e21086e5612f8e833745f2ef3499cd9600859a0c3
2025-02-20,Kuttiadi,1.7743,28.5177,1.4259,195.6,20,1,,5,4,5,official_observed_reference,256e9084d8f880d17e16109e21086e5612f8e833745f2ef3499cd9600859a0c3
2025-02-20,Panniar,0.352,5.4668,0.2733,31.2,17,,,2,,2,official_observed_reference,256e9084d8f880d17e16109e21086e5612f8e833745f2ef3499cd9600859a0c3
2025-02-20,Neriamangalam,0.4583,8.7121,0.4356,46.6,19,,1,3,,3,official_observed_reference,256e9084d8f880d17e16109e21086e5612f8e833745f2ef3499cd9600859a0c3
2025-02-20,Lower Periyar,0.567,9.284,0.4642,160,18,,,3,,3,official_observed_reference,256e9084d8f880d17e16109e21086e5612f8e833745f2ef3499cd9600859a0c3
2025-02-20,"Poringalkuthu, PLBE",0.5218,8.1925,0.4096,51.72,19,1,,5,2,5,official_observed_reference,256e9084d8f880d17e16109e21086e5612f8e833745f2ef3499cd9600859a0c3
2025-02-20,Sengulam,0.2734,5.7252,0.2863,38.2,18,1,,3,1,3,official_observed_reference,256e9084d8f880d17e16109e21086e5612f8e833745f2ef3499cd9600859a0c3
2025-02-20,Kakkad,0.6343,10.5521,0.5276,36.6,22,,,2,1,2,official_observed_reference,256e9084d8f880d17e16109e21086e5612f8e833745f2ef3499cd9600859a0c3
2025-02-20,Kallada,0.243,4.9275,0.2464,14.8,5,,,2,2,2,official_observed_reference,256e9084d8f880d17e16109e21086e5612f8e833745f2ef3499cd9600859a0c3
2025-02-20,Malankara,0.1073,1.6986,0.0849,4.65,,,,2,2,2,official_observed_reference,256e9084d8f880d17e16109e21086e5612f8e833745f2ef3499cd9600859a0c3
2025-02-20,Maniyar,0.0411,0.5442,0.0272,,,,,3,1,1,official_observed_reference,256e9084d8f880d17e16109e21086e5612f8e833745f2ef3499cd9600859a0c3
2025-02-20,Kuthungal,0.0052,0.3106,0.0155,4,7,,,3,1,,official_observed_reference,256e9084d8f880d17e16109e21086e5612f8e833745f2ef3499cd9600859a0c3
2025-02-20,PES-Pallivasal,0.391,7.637,0.3819,,,,,2,1,2,official_observed_reference,256e9084d8f880d17e16109e21086e5612f8e833745f2ef3499cd9600859a0c3
2025-02-21,Idukki,7.747,134.56,6.4076,734,19,,,6,5,6,official_observed_reference,c4292ec0b6a45f2b04a297cf3bd53821adbc437e39f4aa1c82c4297161d7a5c2
2025-02-21,Sabarigiri,4.5327,74.544,3.5497,331,8,,,6,6,6,official_observed_reference,c4292ec0b6a45f2b04a297cf3bd53821adbc437e39f4aa1c82c4297161d7a5c2
2025-02-21,Idamalayar,1.2539,23.7853,1.1326,65.6,2,,,2,2,2,official_observed_reference,c4292ec0b6a45f2b04a297cf3bd53821adbc437e39f4aa1c82c4297161d7a5c2
2025-02-21,Sholayar,0.7758,15.5977,0.7427,54.6,18,,,3,3,3,official_observed_reference,c4292ec0b6a45f2b04a297cf3bd53821adbc437e39f4aa1c82c4297161d7a5c2
2025-02-21,Pallivasal,0.0876,2.6584,0.1266,18.2,17,,2,4,1,4,official_observed_reference,c4292ec0b6a45f2b04a297cf3bd53821adbc437e39f4aa1c82c4297161d7a5c2
2025-02-21,Kuttiadi,1.7701,30.2878,1.4423,193.2,7,1,,5,5,5,official_observed_reference,c4292ec0b6a45f2b04a297cf3bd53821adbc437e39f4aa1c82c4297161d7a5c2
2025-02-21,Panniar,0.3709,5.8377,0.278,31.8,19,,,2,2,2,official_observed_reference,c4292ec0b6a45f2b04a297cf3bd53821adbc437e39f4aa1c82c4297161d7a5c2
2025-02-21,Neriamangalam,0.5059,9.218,0.439,52,19,,1,3,1,3,official_observed_reference,c4292ec0b6a45f2b04a297cf3bd53821adbc437e39f4aa1c82c4297161d7a5c2
2025-02-21,Lower Periyar,0.443,9.727,0.4632,146,19,,,3,,3,official_observed_reference,c4292ec0b6a45f2b04a297cf3bd53821adbc437e39f4aa1c82c4297161d7a5c2
2025-02-21,"Poringalkuthu, PLBE",0.4155,8.6079,0.4099,43,17,1,,5,2,5,official_observed_reference,c4292ec0b6a45f2b04a297cf3bd53821adbc437e39f4aa1c82c4297161d7a5c2
2025-02-21,Sengulam,0.2984,6.0236,0.2868,38,17,1,,3,1,3,official_observed_reference,c4292ec0b6a45f2b04a297cf3bd53821adbc437e39f4aa1c82c4297161d7a5c2
2025-02-21,Kakkad,0.6267,11.1788,0.5323,37.88,17,,,2,2,2,official_observed_reference,c4292ec0b6a45f2b04a297cf3bd53821adbc437e39f4aa1c82c4297161d7a5c2
2025-02-21,Kallada,0.2453,5.1728,0.2463,15.4,4,,,2,2,2,official_observed_reference,c4292ec0b6a45f2b04a297cf3bd53821adbc437e39f4aa1c82c4297161d7a5c2
2025-02-21,Malankara,0.1099,1.8085,0.0861,4.8,10,,,2,2,2,official_observed_reference,c4292ec0b6a45f2b04a297cf3bd53821adbc437e39f4aa1c82c4297161d7a5c2
2025-02-21,Maniyar,0.0542,0.5985,0.0285,,,,,3,1,1,official_observed_reference,c4292ec0b6a45f2b04a297cf3bd53821adbc437e39f4aa1c82c4297161d7a5c2
2025-02-21,Kuthungal,0.004,0.3146,0.015,2.8,7,,,3,1,,official_observed_reference,c4292ec0b6a45f2b04a297cf3bd53821adbc437e39f4aa1c82c4297161d7a5c2
2025-02-21,PES-Pallivasal,0.463,8.1,0.3857,,,,,2,,2,official_observed_reference,c4292ec0b6a45f2b04a297cf3bd53821adbc437e39f4aa1c82c4297161d7a5c2
2025-02-22,Idukki,7.489,142.049,6.4568,726,19,,,6,5,6,official_observed_reference,551ad69e23e1e71ae2f9ce30b8c722495845661b800ff10954d0d96dc33ac4d8
2025-02-22,Sabarigiri,4.1459,78.6899,3.5768,327.2,19,,,6,6,6,official_observed_reference,551ad69e23e1e71ae2f9ce30b8c722495845661b800ff10954d0d96dc33ac4d8
2025-02-22,Idamalayar,1.143,24.9283,1.1331,65.4,9,,,2,2,2,official_observed_reference,551ad69e23e1e71ae2f9ce30b8c722495845661b800ff10954d0d96dc33ac4d8
2025-02-22,Sholayar,0.8735,16.4712,0.7487,54.6,7,,,3,3,3,official_observed_reference,551ad69e23e1e71ae2f9ce30b8c722495845661b800ff10954d0d96dc33ac4d8
2025-02-22,Pallivasal,0.0946,2.753,0.1251,20.2,17,,2,4,1,4,official_observed_reference,551ad69e23e1e71ae2f9ce30b8c722495845661b800ff10954d0d96dc33ac4d8
2025-02-22,Kuttiadi,2.1849,32.4727,1.476,194,19,1,,5,3,5,official_observed_reference,551ad69e23e1e71ae2f9ce30b8c722495845661b800ff10954d0d96dc33ac4d8
2025-02-22,Panniar,0.2442,6.0819,0.2765,31.6,20,,,2,,2,official_observed_reference,551ad69e23e1e71ae2f9ce30b8c722495845661b800ff10954d0d96dc33ac4d8
2025-02-22,Neriamangalam,0.4168,9.6348,0.4379,46.8,22,,1,3,,3,official_observed_reference,551ad69e23e1e71ae2f9ce30b8c722495845661b800ff10954d0d96dc33ac4d8
2025-02-22,Lower Periyar,0.161,9.888,0.4495,144,19,,,3,,3,official_observed_reference,551ad69e23e1e71ae2f9ce30b8c722495845661b800ff10954d0d96dc33ac4d8
2025-02-22,"Poringalkuthu, PLBE",0.4085,9.0164,0.4098,43.06,19,1,,5,2,5,official_observed_reference,551ad69e23e1e71ae2f9ce30b8c722495845661b800ff10954d0d96dc33ac4d8
2025-02-22,Sengulam,0.3094,6.333,0.2879,38.2,20,1,,3,1,3,official_observed_reference,551ad69e23e1e71ae2f9ce30b8c722495845661b800ff10954d0d96dc33ac4d8
2025-02-22,Kakkad,0.6433,11.822,0.5374,36.26,9,,,2,2,2,official_observed_reference,551ad69e23e1e71ae2f9ce30b8c722495845661b800ff10954d0d96dc33ac4d8
2025-02-22,Kallada,0.2457,5.4185,0.2463,16,4,,,2,2,2,official_observed_reference,551ad69e23e1e71ae2f9ce30b8c722495845661b800ff10954d0d96dc33ac4d8
2025-02-22,Malankara,0.0975,1.906,0.0866,4.8,1,,,2,2,2,official_observed_reference,551ad69e23e1e71ae2f9ce30b8c722495845661b800ff10954d0d96dc33ac4d8
2025-02-22,Maniyar,0.0478,0.6463,0.0294,,,,,3,1,1,official_observed_reference,551ad69e23e1e71ae2f9ce30b8c722495845661b800ff10954d0d96dc33ac4d8
2025-02-22,Kuthungal,0.0033,0.3179,0.0145,3.4,7,,,3,,,official_observed_reference,551ad69e23e1e71ae2f9ce30b8c722495845661b800ff10954d0d96dc33ac4d8
2025-02-22,PES-Pallivasal,0.481,8.581,0.39,,,,,2,1,2,official_observed_reference,551ad69e23e1e71ae2f9ce30b8c722495845661b800ff10954d0d96dc33ac4d8
2025-02-23,Idukki,4.561,146.61,6.3743,670,7,,,6,6,3,official_observed_reference,a3dd8d2531a550229c294702b519c04a514806641e2de81f686c88e1ffd4566a
2025-02-23,Sabarigiri,3.1805,81.8704,3.5596,320.8,19,,,6,5,6,official_observed_reference,a3dd8d2531a550229c294702b519c04a514806641e2de81f686c88e1ffd4566a
2025-02-23,Idamalayar,0.8115,25.7398,1.1191,64.2,19,,,2,1,2,official_observed_reference,a3dd8d2531a550229c294702b519c04a514806641e2de81f686c88e1ffd4566a
2025-02-23,Sholayar,0.572,17.0432,0.741,54.4,19,,,3,3,3,official_observed_reference,a3dd8d2531a550229c294702b519c04a514806641e2de81f686c88e1ffd4566a
2025-02-23,Pallivasal,0.1098,2.8628,0.1245,16,19,,2,4,1,3,official_observed_reference,a3dd8d2531a550229c294702b519c04a514806641e2de81f686c88e1ffd4566a
2025-02-23,Kuttiadi,1.2175,33.6902,1.4648,197,22,1,,5,,5,official_observed_reference,a3dd8d2531a550229c294702b519c04a514806641e2de81f686c88e1ffd4566a
2025-02-23,Panniar,0.1651,6.247,0.2716,31.4,,,,2,,2,official_observed_reference,a3dd8d2531a550229c294702b519c04a514806641e2de81f686c88e1ffd4566a
2025-02-23,Neriamangalam,0.2272,9.862,0.4288,46.4,,,1,3,,3,official_observed_reference,a3dd8d2531a550229c294702b519c04a514806641e2de81f686c88e1ffd4566a
2025-02-23,Lower Periyar,,9.888,0.4299,,,,,3,,,official_observed_reference,a3dd8d2531a550229c294702b519c04a514806641e2de81f686c88e1ffd4566a
2025-02-23,"Poringalkuthu, PLBE",0.1697,9.1861,0.3994,42.84,22,1,,5,,5,official_observed_reference,a3dd8d2531a550229c294702b519c04a514806641e2de81f686c88e1ffd4566a
2025-02-23,Sengulam,0.2489,6.5819,0.2862,38,19,1,,3,1,3,official_observed_reference,a3dd8d2531a550229c294702b519c04a514806641e2de81f686c88e1ffd4566a
2025-02-23,Kakkad,0.4805,12.3025,0.5349,36.32,21,,,2,1,2,official_observed_reference,a3dd8d2531a550229c294702b519c04a514806641e2de81f686c88e1ffd4566a
2025-02-23,Kallada,0.2454,5.6639,0.2463,15,4,,,2,2,2,official_observed_reference,a3dd8d2531a550229c294702b519c04a514806641e2de81f686c88e1ffd4566a
2025-02-23,Malankara,0.0966,2.0026,0.0871,4.8,3,,,2,2,2,official_observed_reference,a3dd8d2531a550229c294702b519c04a514806641e2de81f686c88e1ffd4566a
2025-02-23,Maniyar,0.0223,0.6686,0.0291,,,,,3,,1,official_observed_reference,a3dd8d2531a550229c294702b519c04a514806641e2de81f686c88e1ffd4566a
2025-02-23,Kuthungal,,0.3179,0.0138,,,,,3,,,official_observed_reference,a3dd8d2531a550229c294702b519c04a514806641e2de81f686c88e1ffd4566a
2025-02-23,PES-Pallivasal,0.483,9.064,0.3941,,,,,2,1,2,official_observed_reference,a3dd8d2531a550229c294702b519c04a514806641e2de81f686c88e1ffd4566a
2025-02-24,Idukki,5.119,151.729,6.322,724,19,,,6,5,6,official_observed_reference,1c48177db6feed35879d9b6327f794a1ff59bc67e591388c19f82f2ad8ce578d
2025-02-24,Sabarigiri,3.3384,85.2088,3.5504,281.4,21,1,,5,5,5,official_observed_reference,1c48177db6feed35879d9b6327f794a1ff59bc67e591388c19f82f2ad8ce578d
2025-02-24,Idamalayar,1.061,26.8008,1.1167,64.6,18,,,2,2,2,official_observed_reference,1c48177db6feed35879d9b6327f794a1ff59bc67e591388c19f82f2ad8ce578d
2025-02-24,Sholayar,0.7866,17.8298,0.7429,54.4,19,,,3,3,3,official_observed_reference,1c48177db6feed35879d9b6327f794a1ff59bc67e591388c19f82f2ad8ce578d
2025-02-24,Pallivasal,0.0929,2.9557,0.1232,15.6,20,,2,4,1,4,official_observed_reference,1c48177db6feed35879d9b6327f794a1ff59bc67e591388c19f82f2ad8ce578d
2025-02-24,Kuttiadi,1.3342,35.0244,1.4594,199.2,20,1,,5,,5,official_observed_reference,1c48177db6feed35879d9b6327f794a1ff59bc67e591388c19f82f2ad8ce578d
2025-02-24,Panniar,0.2848,6.5318,0.2722,30.6,15,,,2,,2,official_observed_reference,1c48177db6feed35879d9b6327f794a1ff59bc67e591388c19f82f2ad8ce578d
2025-02-24,Neriamangalam,0.2948,10.1568,0.4232,45.8,22,,1,3,,3,official_observed_reference,1c48177db6feed35879d9b6327f794a1ff59bc67e591388c19f82f2ad8ce578d
2025-02-24,Lower Periyar,0.203,10.091,0.4205,160,19,,,3,,3,official_observed_reference,1c48177db6feed35879d9b6327f794a1ff59bc67e591388c19f82f2ad8ce578d
2025-02-24,"Poringalkuthu, PLBE",0.1481,9.3342,0.3889,42.96,18,1,,5,1,5,official_observed_reference,1c48177db6feed35879d9b6327f794a1ff59bc67e591388c19f82f2ad8ce578d
2025-02-24,Sengulam,0.3495,6.9314,0.2888,38,19,1,,3,1,3,official_observed_reference,1c48177db6feed35879d9b6327f794a1ff59bc67e591388c19f82f2ad8ce578d
2025-02-24,Kakkad,0.4867,12.7892,0.5329,35.1,19,,,2,1,2,official_observed_reference,1c48177db6feed35879d9b6327f794a1ff59bc67e591388c19f82f2ad8ce578d
2025-02-24,Kallada,0.2324,5.8963,0.2457,16,17,,,2,2,2,official_observed_reference,1c48177db6feed35879d9b6327f794a1ff59bc67e591388c19f82f2ad8ce578d
2025-02-24,Malankara,0.0789,2.0815,0.0867,4.35,4,,,2,2,2,official_observed_reference,1c48177db6feed35879d9b6327f794a1ff59bc67e591388c19f82f2ad8ce578d
2025-02-24,Maniyar,0.0259,0.6944,0.0289,,,,,3,1,1,official_observed_reference,1c48177db6feed35879d9b6327f794a1ff59bc67e591388c19f82f2ad8ce578d
2025-02-24,Kuthungal,,0.3179,0.0132,,,,,3,,,official_observed_reference,1c48177db6feed35879d9b6327f794a1ff59bc67e591388c19f82f2ad8ce578d
2025-02-24,PES-Pallivasal,0.475,9.539,0.3975,,,,,2,1,2,official_observed_reference,1c48177db6feed35879d9b6327f794a1ff59bc67e591388c19f82f2ad8ce578d
2025-02-25,Idukki,6.224,157.953,6.3181,722,19,,,6,5,6,official_observed_reference,b4bce19d1f46b571d71b9cb2133eeeb831b67c6db2aff1d03b3ddd293fa2f6d9
2025-02-25,Sabarigiri,3.1091,88.3179,3.5327,265.8,17,1,,5,5,5,official_observed_reference,b4bce19d1f46b571d71b9cb2133eeeb831b67c6db2aff1d03b3ddd293fa2f6d9
2025-02-25,Idamalayar,1.3186,28.1194,1.1248,65.2,14,,,2,2,2,official_observed_reference,b4bce19d1f46b571d71b9cb2133eeeb831b67c6db2aff1d03b3ddd293fa2f6d9
2025-02-25,Sholayar,0.8538,18.6836,0.7473,54.6,20,,,3,3,3,official_observed_reference,b4bce19d1f46b571d71b9cb2133eeeb831b67c6db2aff1d03b3ddd293fa2f6d9
2025-02-25,Pallivasal,0.1205,3.0762,0.123,16.6,1,,2,4,1,4,official_observed_reference,b4bce19d1f46b571d71b9cb2133eeeb831b67c6db2aff1d03b3ddd293fa2f6d9
2025-02-25,Kuttiadi,1.1565,36.1809,1.4472,191.8,19,1,,5,2,5,official_observed_reference,b4bce19d1f46b571d71b9cb2133eeeb831b67c6db2aff1d03b3ddd293fa2f6d9
2025-02-25,Panniar,0.3516,6.8834,0.2753,30.6,2,,,2,2,,official_observed_reference,b4bce19d1f46b571d71b9cb2133eeeb831b67c6db2aff1d03b3ddd293fa2f6d9
2025-02-25,Neriamangalam,0.3844,10.5412,0.4216,51.4,19,,1,3,,3,official_observed_reference,b4bce19d1f46b571d71b9cb2133eeeb831b67c6db2aff1d03b3ddd293fa2f6d9
2025-02-25,Lower Periyar,0.244,10.335,0.4134,154,19,,,3,,3,official_observed_reference,b4bce19d1f46b571d71b9cb2133eeeb831b67c6db2aff1d03b3ddd293fa2f6d9
2025-02-25,"Poringalkuthu, PLBE",0.2528,9.587,0.3835,42.9,21,1,,5,2,5,official_observed_reference,b4bce19d1f46b571d71b9cb2133eeeb831b67c6db2aff1d03b3ddd293fa2f6d9
2025-02-25,Sengulam,0.2924,7.2238,0.289,38.4,18,1,,3,,3,official_observed_reference,b4bce19d1f46b571d71b9cb2133eeeb831b67c6db2aff1d03b3ddd293fa2f6d9
2025-02-25,Kakkad,0.504,13.2932,0.5317,35.14,18,,,2,1,2,official_observed_reference,b4bce19d1f46b571d71b9cb2133eeeb831b67c6db2aff1d03b3ddd293fa2f6d9
2025-02-25,Kallada,0.1812,6.0775,0.2431,18.6,17,,,2,1,2,official_observed_reference,b4bce19d1f46b571d71b9cb2133eeeb831b67c6db2aff1d03b3ddd293fa2f6d9
2025-02-25,Malankara,0.0725,2.1539,0.0862,3.45,1,,,2,2,2,official_observed_reference,b4bce19d1f46b571d71b9cb2133eeeb831b67c6db2aff1d03b3ddd293fa2f6d9
2025-02-25,Maniyar,0.0214,0.7158,0.0286,,,,,3,,1,official_observed_reference,b4bce19d1f46b571d71b9cb2133eeeb831b67c6db2aff1d03b3ddd293fa2f6d9
2025-02-25,Kuthungal,,0.3179,0.0127,,,,,3,,,official_observed_reference,b4bce19d1f46b571d71b9cb2133eeeb831b67c6db2aff1d03b3ddd293fa2f6d9
2025-02-25,PES-Pallivasal,0.467,10.006,0.4002,,,,,2,,,official_observed_reference,b4bce19d1f46b571d71b9cb2133eeeb831b67c6db2aff1d03b3ddd293fa2f6d9
2025-02-26,Idukki,4.033,161.986,6.2302,534,19,,,6,5,5,official_observed_reference,29db5ea9bba850f8409db907bf4529280ef3d2b41497a484a1f56ffa2db05cc8
2025-02-26,Sabarigiri,3.0411,91.359,3.5138,261,19,1,,5,5,5,official_observed_reference,29db5ea9bba850f8409db907bf4529280ef3d2b41497a484a1f56ffa2db05cc8
2025-02-26,Idamalayar,1.2888,29.4082,1.1311,65.6,6,,,2,2,2,official_observed_reference,29db5ea9bba850f8409db907bf4529280ef3d2b41497a484a1f56ffa2db05cc8
2025-02-26,Sholayar,0.7023,19.3859,0.7456,54.6,7,,,3,3,3,official_observed_reference,29db5ea9bba850f8409db907bf4529280ef3d2b41497a484a1f56ffa2db05cc8
2025-02-26,Pallivasal,0.087,3.1632,0.1217,14.2,18,,2,4,1,3,official_observed_reference,29db5ea9bba850f8409db907bf4529280ef3d2b41497a484a1f56ffa2db05cc8
2025-02-26,Kuttiadi,1.121,37.3019,1.4347,189.8,19,1,,5,2,5,official_observed_reference,29db5ea9bba850f8409db907bf4529280ef3d2b41497a484a1f56ffa2db05cc8
2025-02-26,Panniar,,6.8834,0.2647,,,,,2,,,official_observed_reference,29db5ea9bba850f8409db907bf4529280ef3d2b41497a484a1f56ffa2db05cc8
2025-02-26,Neriamangalam,0.2109,10.7521,0.4135,51.2,21,,1,3,,3,official_observed_reference,29db5ea9bba850f8409db907bf4529280ef3d2b41497a484a1f56ffa2db05cc8
2025-02-26,Lower Periyar,0.473,10.808,0.4157,112,18,,,3,1,2,official_observed_reference,29db5ea9bba850f8409db907bf4529280ef3d2b41497a484a1f56ffa2db05cc8
2025-02-26,"Poringalkuthu, PLBE",0.1944,9.7813,0.3762,42.98,18,1,,5,1,5,official_observed_reference,29db5ea9bba850f8409db907bf4529280ef3d2b41497a484a1f56ffa2db05cc8
2025-02-26,Sengulam,0.302,7.5258,0.2895,38.2,21,1,,3,,3,official_observed_reference,29db5ea9bba850f8409db907bf4529280ef3d2b41497a484a1f56ffa2db05cc8
2025-02-26,Kakkad,0.4337,13.727,0.528,22.66,19,,,2,1,1,official_observed_reference,29db5ea9bba850f8409db907bf4529280ef3d2b41497a484a1f56ffa2db05cc8
2025-02-26,Kallada,0.1952,6.2727,0.2413,14.6,12,,,2,1,1,official_observed_reference,29db5ea9bba850f8409db907bf4529280ef3d2b41497a484a1f56ffa2db05cc8
2025-02-26,Malankara,0.0636,2.2175,0.0853,3.45,4,,,2,2,2,official_observed_reference,29db5ea9bba850f8409db907bf4529280ef3d2b41497a484a1f56ffa2db05cc8
2025-02-26,Maniyar,0.0121,0.7279,0.028,,,,,3,1,1,official_observed_reference,29db5ea9bba850f8409db907bf4529280ef3d2b41497a484a1f56ffa2db05cc8
2025-02-26,Kuthungal,,0.3179,0.0122,,,,,3,,,official_observed_reference,29db5ea9bba850f8409db907bf4529280ef3d2b41497a484a1f56ffa2db05cc8
2025-02-26,PES-Pallivasal,0.498,10.504,0.404,,,,,2,,2,official_observed_reference,29db5ea9bba850f8409db907bf4529280ef3d2b41497a484a1f56ffa2db05cc8
2025-02-27,Idukki,7.901,169.887,6.2921,732,23,,,6,4,6,official_observed_reference,79740d21d2d18592d0ab0f4a1e73c0025494feb86426c6a9280f2041f19719b6
2025-02-27,Sabarigiri,3.2425,94.6015,3.5038,220,17,1,,5,3,4,official_observed_reference,79740d21d2d18592d0ab0f4a1e73c0025494feb86426c6a9280f2041f19719b6
2025-02-27,Idamalayar,1.111,30.5192,1.1303,64.6,1,,,2,2,2,official_observed_reference,79740d21d2d18592d0ab0f4a1e73c0025494feb86426c6a9280f2041f19719b6
2025-02-27,Sholayar,0.8138,20.1997,0.7481,54.4,7,,,3,3,3,official_observed_reference,79740d21d2d18592d0ab0f4a1e73c0025494feb86426c6a9280f2041f19719b6
2025-02-27,Pallivasal,0.135,3.2982,0.1222,20.6,20,,2,4,1,2,official_observed_reference,79740d21d2d18592d0ab0f4a1e73c0025494feb86426c6a9280f2041f19719b6
2025-02-27,Kuttiadi,1.4319,38.7338,1.4346,192.4,19,1,,5,3,5,official_observed_reference,79740d21d2d18592d0ab0f4a1e73c0025494feb86426c6a9280f2041f19719b6
2025-02-27,Panniar,,6.8834,0.2549,,,2,,,,,official_observed_reference,79740d21d2d18592d0ab0f4a1e73c0025494feb86426c6a9280f2041f19719b6
2025-02-27,Neriamangalam,0.2455,10.9976,0.4073,76.4,19,,,4,,4,official_observed_reference,79740d21d2d18592d0ab0f4a1e73c0025494feb86426c6a9280f2041f19719b6
2025-02-27,Lower Periyar,0.224,11.032,0.4086,94,18,,,3,,3,official_observed_reference,79740d21d2d18592d0ab0f4a1e73c0025494feb86426c6a9280f2041f19719b6
2025-02-27,"Poringalkuthu, PLBE",0.0978,9.8791,0.3659,42.98,19,1,,5,,5,official_observed_reference,79740d21d2d18592d0ab0f4a1e73c0025494feb86426c6a9280f2041f19719b6
2025-02-27,Sengulam,0.3114,7.8372,0.2903,38.2,7,1,,3,2,3,official_observed_reference,79740d21d2d18592d0ab0f4a1e73c0025494feb86426c6a9280f2041f19719b6
2025-02-27,Kakkad,0.4914,14.2184,0.5266,35.9,18,,,2,1,2,official_observed_reference,79740d21d2d18592d0ab0f4a1e73c0025494feb86426c6a9280f2041f19719b6
2025-02-27,Kallada,0.2259,6.4986,0.2407,16,10,,,2,1,1,official_observed_reference,79740d21d2d18592d0ab0f4a1e73c0025494feb86426c6a9280f2041f19719b6
2025-02-27,Malankara,0.0586,2.2761,0.0843,3.6,17,,,2,2,2,official_observed_reference,79740d21d2d18592d0ab0f4a1e73c0025494feb86426c6a9280f2041f19719b6
2025-02-27,Maniyar,0.0171,0.745,0.0276,,,,,3,,1,official_observed_reference,79740d21d2d18592d0ab0f4a1e73c0025494feb86426c6a9280f2041f19719b6
2025-02-27,Kuthungal,,0.3179,0.0118,,,,,3,,,official_observed_reference,79740d21d2d18592d0ab0f4a1e73c0025494feb86426c6a9280f2041f19719b6
2025-02-27,PES-Pallivasal,0.303,10.807,0.4003,,,,,2,,1,official_observed_reference,79740d21d2d18592d0ab0f4a1e73c0025494feb86426c6a9280f2041f19719b6
2025-02-28,Idukki,9.412,179.299,6.4035,734,22,,,6,5,6,official_observed_reference,addb8d10df38a60955b4caa3e8e0a5d09e01c01b57febf17eecc3fc0cee0f0b4
2025-02-28,Sabarigiri,3.42,98.0215,3.5008,215,5,1,1,4,4,4,official_observed_reference,addb8d10df38a60955b4caa3e8e0a5d09e01c01b57febf17eecc3fc0cee0f0b4
2025-02-28,Idamalayar,1.3674,31.8866,1.1388,65.2,23,,,2,2,2,official_observed_reference,addb8d10df38a60955b4caa3e8e0a5d09e01c01b57febf17eecc3fc0cee0f0b4
2025-02-28,Sholayar,0.8624,21.0621,0.7522,54.4,7,,,3,3,3,official_observed_reference,addb8d10df38a60955b4caa3e8e0a5d09e01c01b57febf17eecc3fc0cee0f0b4
2025-02-28,Pallivasal,0.0941,3.3923,0.1212,14,19,,2,4,1,3,official_observed_reference,addb8d10df38a60955b4caa3e8e0a5d09e01c01b57febf17eecc3fc0cee0f0b4
2025-02-28,Kuttiadi,1.2585,39.9923,1.4283,193.4,22,1,,5,2,5,official_observed_reference,addb8d10df38a60955b4caa3e8e0a5d09e01c01b57febf17eecc3fc0cee0f0b4
2025-02-28,Panniar,0.1666,7.05,0.2518,31.2,23,,,2,,2,official_observed_reference,addb8d10df38a60955b4caa3e8e0a5d09e01c01b57febf17eecc3fc0cee0f0b4
2025-02-28,Neriamangalam,0.3738,11.3714,0.4061,61,20,1,,3,,3,official_observed_reference,addb8d10df38a60955b4caa3e8e0a5d09e01c01b57febf17eecc3fc0cee0f0b4
2025-02-28,Lower Periyar,0.639,11.671,0.4168,154,18,,,3,,3,official_observed_reference,addb8d10df38a60955b4caa3e8e0a5d09e01c01b57febf17eecc3fc0cee0f0b4
2025-02-28,"Poringalkuthu, PLBE",0.0491,9.9283,0.3546,42.98,19,1,,5,,5,official_observed_reference,addb8d10df38a60955b4caa3e8e0a5d09e01c01b57febf17eecc3fc0cee0f0b4
2025-02-28,Sengulam,0.2244,8.0616,0.2879,38.4,19,1,,3,2,3,official_observed_reference,addb8d10df38a60955b4caa3e8e0a5d09e01c01b57febf17eecc3fc0cee0f0b4
2025-02-28,Kakkad,0.5103,14.7286,0.526,35.2,19,,,2,1,2,official_observed_reference,addb8d10df38a60955b4caa3e8e0a5d09e01c01b57febf17eecc3fc0cee0f0b4
2025-02-28,Kallada,0.2431,6.7417,0.2408,15.2,4,,,2,2,2,official_observed_reference,addb8d10df38a60955b4caa3e8e0a5d09e01c01b57febf17eecc3fc0cee0f0b4
2025-02-28,Malankara,0.0969,2.373,0.0848,4.95,21,,,2,2,2,official_observed_reference,addb8d10df38a60955b4caa3e8e0a5d09e01c01b57febf17eecc3fc0cee0f0b4
2025-02-28,Maniyar,0.0183,0.7632,0.0273,,,,,3,,1,official_observed_reference,addb8d10df38a60955b4caa3e8e0a5d09e01c01b57febf17eecc3fc0cee0f0b4
2025-02-28,Kuthungal,0.0197,0.3376,0.0121,6.4,19,,,3,,1,official_observed_reference,addb8d10df38a60955b4caa3e8e0a5d09e01c01b57febf17eecc3fc0cee0f0b4
2025-02-28,PES-Pallivasal,0.361,11.168,0.3989,,,,,2,1,1,official_observed_reference,addb8d10df38a60955b4caa3e8e0a5d09e01c01b57febf17eecc3fc0cee0f0b4
2025-03-01,Idukki,12.262,12.262,12.262,734,18,,,6,5,6,official_observed_reference,4dd21baac9c2de81d0ef3b11d2cff5d1e85a4c44167779998eeb47c8122dd41b
2025-03-01,Sabarigiri,3.8325,3.8325,3.8325,215,17,1,1,4,4,4,official_observed_reference,4dd21baac9c2de81d0ef3b11d2cff5d1e85a4c44167779998eeb47c8122dd41b
2025-03-01,Idamalayar,1.3664,1.3664,1.3664,65.4,6,,,2,2,2,official_observed_reference,4dd21baac9c2de81d0ef3b11d2cff5d1e85a4c44167779998eeb47c8122dd41b
2025-03-01,Sholayar,0.8488,0.8488,0.8488,54.4,6,,,3,3,3,official_observed_reference,4dd21baac9c2de81d0ef3b11d2cff5d1e85a4c44167779998eeb47c8122dd41b
2025-03-01,Pallivasal,0.0857,0.0857,0.0857,14,18,,2,4,1,3,official_observed_reference,4dd21baac9c2de81d0ef3b11d2cff5d1e85a4c44167779998eeb47c8122dd41b
2025-03-01,Kuttiadi,1.5183,1.5183,1.5183,197.4,23,1,,5,2,5,official_observed_reference,4dd21baac9c2de81d0ef3b11d2cff5d1e85a4c44167779998eeb47c8122dd41b
2025-03-01,Panniar,0.1856,0.1856,0.1856,31,20,,,2,,2,official_observed_reference,4dd21baac9c2de81d0ef3b11d2cff5d1e85a4c44167779998eeb47c8122dd41b
2025-03-01,Neriamangalam,0.4717,0.4717,0.4717,60,18,1,,3,,3,official_observed_reference,4dd21baac9c2de81d0ef3b11d2cff5d1e85a4c44167779998eeb47c8122dd41b
2025-03-01,Lower Periyar,0.573,0.573,0.573,156,19,,,3,,3,official_observed_reference,4dd21baac9c2de81d0ef3b11d2cff5d1e85a4c44167779998eeb47c8122dd41b
2025-03-01,"Poringalkuthu, PLBE",0.1843,0.1843,0.1843,43.78,18,1,,5,1,5,official_observed_reference,4dd21baac9c2de81d0ef3b11d2cff5d1e85a4c44167779998eeb47c8122dd41b
2025-03-01,Sengulam,0.3196,0.3196,0.3196,38.2,19,1,,3,1,3,official_observed_reference,4dd21baac9c2de81d0ef3b11d2cff5d1e85a4c44167779998eeb47c8122dd41b
2025-03-01,Kakkad,0.6265,0.6265,0.6265,35.64,17,,,2,1,2,official_observed_reference,4dd21baac9c2de81d0ef3b11d2cff5d1e85a4c44167779998eeb47c8122dd41b
2025-03-01,Kallada,0.2414,0.2414,0.2414,15.2,4,,,2,2,2,official_observed_reference,4dd21baac9c2de81d0ef3b11d2cff5d1e85a4c44167779998eeb47c8122dd41b
2025-03-01,Malankara,0.116,0.116,0.116,5.55,13,,,2,2,2,official_observed_reference,4dd21baac9c2de81d0ef3b11d2cff5d1e85a4c44167779998eeb47c8122dd41b
2025-03-01,Maniyar,0.0382,0.0382,0.0382,,,,,3,1,1,official_observed_reference,4dd21baac9c2de81d0ef3b11d2cff5d1e85a4c44167779998eeb47c8122dd41b
2025-03-01,Kuthungal,,,,,,,,3,,,official_observed_reference,4dd21baac9c2de81d0ef3b11d2cff5d1e85a4c44167779998eeb47c8122dd41b
2025-03-01,PES-Pallivasal,0.481,0.481,0.481,,,,,2,1,2,official_observed_reference,4dd21baac9c2de81d0ef3b11d2cff5d1e85a4c44167779998eeb47c8122dd41b
2025-03-02,Idukki,8.265,20.527,10.2635,748,6,,,6,6,6,official_observed_reference,e09d5e49a2721e25e0efb5a2e9c24de6e86df8c7bd0b80e9dce92ca7a555b38a
2025-03-02,Sabarigiri,3.6475,7.48,3.74,220,,1,1,4,4,4,official_observed_reference,e09d5e49a2721e25e0efb5a2e9c24de6e86df8c7bd0b80e9dce92ca7a555b38a
2025-03-02,Idamalayar,1.0873,2.4537,1.2269,65.4,18,,,2,2,2,official_observed_reference,e09d5e49a2721e25e0efb5a2e9c24de6e86df8c7bd0b80e9dce92ca7a555b38a
2025-03-02,Sholayar,0.7547,1.6035,0.8018,54.6,18,,,3,3,3,official_observed_reference,e09d5e49a2721e25e0efb5a2e9c24de6e86df8c7bd0b80e9dce92ca7a555b38a
2025-03-02,Pallivasal,0.0906,0.1763,0.0882,12.8,19,,2,4,1,4,official_observed_reference,e09d5e49a2721e25e0efb5a2e9c24de6e86df8c7bd0b80e9dce92ca7a555b38a
2025-03-02,Kuttiadi,0.9836,2.5019,1.251,170.4,,1,,5,,5,official_observed_reference,e09d5e49a2721e25e0efb5a2e9c24de6e86df8c7bd0b80e9dce92ca7a555b38a
2025-03-02,Panniar,0.1434,0.329,0.1645,30.6,19,,,2,,2,official_observed_reference,e09d5e49a2721e25e0efb5a2e9c24de6e86df8c7bd0b80e9dce92ca7a555b38a
2025-03-02,Neriamangalam,0.2517,0.7234,0.3617,60.6,20,1,,3,,2,official_observed_reference,e09d5e49a2721e25e0efb5a2e9c24de6e86df8c7bd0b80e9dce92ca7a555b38a
2025-03-02,Lower Periyar,0.153,0.726,0.363,90,19,,,3,,3,official_observed_reference,e09d5e49a2721e25e0efb5a2e9c24de6e86df8c7bd0b80e9dce92ca7a555b38a
2025-03-02,"Poringalkuthu, PLBE",0.283,0.4672,0.2336,42.86,19,1,,5,1,5,official_observed_reference,e09d5e49a2721e25e0efb5a2e9c24de6e86df8c7bd0b80e9dce92ca7a555b38a
2025-03-02,Sengulam,0.2699,0.5895,0.2948,38.4,19,1,,3,1,3,official_observed_reference,e09d5e49a2721e25e0efb5a2e9c24de6e86df8c7bd0b80e9dce92ca7a555b38a
2025-03-02,Kakkad,0.5204,1.1469,0.5734,35.04,19,,,2,1,2,official_observed_reference,e09d5e49a2721e25e0efb5a2e9c24de6e86df8c7bd0b80e9dce92ca7a555b38a
2025-03-02,Kallada,0.2399,0.4813,0.2407,15,17,,,2,2,2,official_observed_reference,e09d5e49a2721e25e0efb5a2e9c24de6e86df8c7bd0b80e9dce92ca7a555b38a
2025-03-02,Malankara,0.1096,0.2256,0.1128,5.4,10,,,2,2,2,official_observed_reference,e09d5e49a2721e25e0efb5a2e9c24de6e86df8c7bd0b80e9dce92ca7a555b38a
2025-03-02,Maniyar,0.0238,0.0619,0.031,,,,,3,1,,official_observed_reference,e09d5e49a2721e25e0efb5a2e9c24de6e86df8c7bd0b80e9dce92ca7a555b38a
2025-03-02,Kuthungal,,,,,,,,3,,,official_observed_reference,e09d5e49a2721e25e0efb5a2e9c24de6e86df8c7bd0b80e9dce92ca7a555b38a
2025-03-02,PES-Pallivasal,0.476,0.957,0.4785,,,,,2,1,2,official_observed_reference,e09d5e49a2721e25e0efb5a2e9c24de6e86df8c7bd0b80e9dce92ca7a555b38a
2025-03-03,Idukki,8.813,29.34,9.78,732,19,,,6,6,6,official_observed_reference,58e3da1515cd0bcc26b2ce6af71f4c7d34ec200fec235b1e02675158503433b4
2025-03-03,Sabarigiri,3.31,10.79,3.5967,215,23,1,1,4,4,4,official_observed_reference,58e3da1515cd0bcc26b2ce6af71f4c7d34ec200fec235b1e02675158503433b4
2025-03-03,Idamalayar,1.2265,3.6802,1.2267,65.8,16,,,2,2,2,official_observed_reference,58e3da1515cd0bcc26b2ce6af71f4c7d34ec200fec235b1e02675158503433b4
2025-03-03,Sholayar,0.8652,2.4687,0.8229,54.6,7,,,3,3,3,official_observed_reference,58e3da1515cd0bcc26b2ce6af71f4c7d34ec200fec235b1e02675158503433b4
2025-03-03,Pallivasal,0.1094,0.2857,0.0952,17,20,,2,4,1,4,official_observed_reference,58e3da1515cd0bcc26b2ce6af71f4c7d34ec200fec235b1e02675158503433b4
2025-03-03,Kuttiadi,1.7121,4.214,1.4047,193,22,1,,5,3,5,official_observed_reference,58e3da1515cd0bcc26b2ce6af71f4c7d34ec200fec235b1e02675158503433b4
2025-03-03,Panniar,0.1513,0.4803,0.1601,30.4,21,,,2,,2,official_observed_reference,58e3da1515cd0bcc26b2ce6af71f4c7d34ec200fec235b1e02675158503433b4
2025-03-03,Neriamangalam,0.3881,1.1115,0.3705,60.4,20,1,,3,,3,official_observed_reference,58e3da1515cd0bcc26b2ce6af71f4c7d34ec200fec235b1e02675158503433b4
2025-03-03,Lower Periyar,0.587,1.313,0.4377,120,19,,,3,,2,official_observed_reference,58e3da1515cd0bcc26b2ce6af71f4c7d34ec200fec235b1e02675158503433b4
2025-03-03,"Poringalkuthu, PLBE",0.1538,0.621,0.207,43.06,18,1,,5,,5,official_observed_reference,58e3da1515cd0bcc26b2ce6af71f4c7d34ec200fec235b1e02675158503433b4
2025-03-03,Sengulam,0.2768,0.8663,0.2888,25.6,20,2,,2,1,2,official_observed_reference,58e3da1515cd0bcc26b2ce6af71f4c7d34ec200fec235b1e02675158503433b4
2025-03-03,Kakkad,0.4925,1.6394,0.5465,24.8,20,1,,1,1,1,official_observed_reference,58e3da1515cd0bcc26b2ce6af71f4c7d34ec200fec235b1e02675158503433b4
2025-03-03,Kallada,0.2376,0.7189,0.2396,14.8,17,,,2,2,2,official_observed_reference,58e3da1515cd0bcc26b2ce6af71f4c7d34ec200fec235b1e02675158503433b4
2025-03-03,Malankara,0.1109,0.3365,0.1122,4.95,8,,,2,2,2,official_observed_reference,58e3da1515cd0bcc26b2ce6af71f4c7d34ec200fec235b1e02675158503433b4
2025-03-03,Maniyar,0.0269,0.0888,0.0296,,,,,3,,1,official_observed_reference,58e3da1515cd0bcc26b2ce6af71f4c7d34ec200fec235b1e02675158503433b4
2025-03-03,Kuthungal,,,,,,,,3,,,official_observed_reference,58e3da1515cd0bcc26b2ce6af71f4c7d34ec200fec235b1e02675158503433b4
2025-03-03,PES-Pallivasal,0.487,1.444,0.4813,,,,,2,1,2,official_observed_reference,58e3da1515cd0bcc26b2ce6af71f4c7d34ec200fec235b1e02675158503433b4
2025-03-04,Idukki,8.15,37.49,9.3725,726,20,,,6,6,6,official_observed_reference,e68625d8ce48e75b5b640be3c73f61e26dee90507730776dc1be864ae0ad635f
2025-03-04,Sabarigiri,3.05,13.84,3.46,215,23,1,1,4,3,4,official_observed_reference,e68625d8ce48e75b5b640be3c73f61e26dee90507730776dc1be864ae0ad635f
2025-03-04,Idamalayar,1.071,4.7512,1.1878,66,18,,,2,2,2,official_observed_reference,e68625d8ce48e75b5b640be3c73f61e26dee90507730776dc1be864ae0ad635f
2025-03-04,Sholayar,0.858,3.3267,0.8317,54.4,6,,,3,3,3,official_observed_reference,e68625d8ce48e75b5b640be3c73f61e26dee90507730776dc1be864ae0ad635f
2025-03-04,Pallivasal,0.0868,0.3725,0.0931,14.4,20,,2,4,1,4,official_observed_reference,e68625d8ce48e75b5b640be3c73f61e26dee90507730776dc1be864ae0ad635f
2025-03-04,Kuttiadi,1.769,5.983,1.4958,196.2,7,1,,5,5,5,official_observed_reference,e68625d8ce48e75b5b640be3c73f61e26dee90507730776dc1be864ae0ad635f
2025-03-04,Panniar,0.2095,0.6898,0.1725,30.4,19,,,2,,2,official_observed_reference,e68625d8ce48e75b5b640be3c73f61e26dee90507730776dc1be864ae0ad635f
2025-03-04,Neriamangalam,0.4233,1.5348,0.3837,59.6,22,1,,3,1,3,official_observed_reference,e68625d8ce48e75b5b640be3c73f61e26dee90507730776dc1be864ae0ad635f
2025-03-04,Lower Periyar,0.316,1.629,0.4073,116,20,1,,2,,2,official_observed_reference,e68625d8ce48e75b5b640be3c73f61e26dee90507730776dc1be864ae0ad635f
2025-03-04,"Poringalkuthu, PLBE",0.1984,0.8194,0.2048,43.34,20,1,,5,1,5,official_observed_reference,e68625d8ce48e75b5b640be3c73f61e26dee90507730776dc1be864ae0ad635f
2025-03-04,Sengulam,0.3189,1.1852,0.2963,25.8,20,2,,2,2,2,official_observed_reference,e68625d8ce48e75b5b640be3c73f61e26dee90507730776dc1be864ae0ad635f
2025-03-04,Kakkad,0.4935,2.1329,0.5332,24.88,23,1,,1,1,1,official_observed_reference,e68625d8ce48e75b5b640be3c73f61e26dee90507730776dc1be864ae0ad635f
2025-03-04,Kallada,0.239,0.9579,0.2395,14.6,19,,,2,2,2,official_observed_reference,e68625d8ce48e75b5b640be3c73f61e26dee90507730776dc1be864ae0ad635f
2025-03-04,Malankara,0.1115,0.448,0.112,4.95,23,,,2,2,2,official_observed_reference,e68625d8ce48e75b5b640be3c73f61e26dee90507730776dc1be864ae0ad635f
2025-03-04,Maniyar,0.0251,0.1139,0.0285,,,,,3,1,1,official_observed_reference,e68625d8ce48e75b5b640be3c73f61e26dee90507730776dc1be864ae0ad635f
2025-03-04,Kuthungal,,,,,,,,3,,,official_observed_reference,e68625d8ce48e75b5b640be3c73f61e26dee90507730776dc1be864ae0ad635f
2025-03-04,PES-Pallivasal,0.49,1.934,0.4835,,,,,2,1,2,official_observed_reference,e68625d8ce48e75b5b640be3c73f61e26dee90507730776dc1be864ae0ad635f
2025-03-06,Idukki,9.655,56.99,9.4983,734,18,,,6,6,6,official_observed_reference,875ec99eaa22dd5ab81a29d622e1966abc95b50a21b15daa09d9eb8541b76798
2025-03-06,Sabarigiri,0.835,17.1175,2.8529,165,19,2,1,3,3,3,official_observed_reference,875ec99eaa22dd5ab81a29d622e1966abc95b50a21b15daa09d9eb8541b76798
2025-03-06,Idamalayar,1.2526,7.3901,1.2317,65.2,7,,,2,2,2,official_observed_reference,875ec99eaa22dd5ab81a29d622e1966abc95b50a21b15daa09d9eb8541b76798
2025-03-06,Sholayar,0.8564,5.0809,0.8468,54.6,18,,,3,3,3,official_observed_reference,875ec99eaa22dd5ab81a29d622e1966abc95b50a21b15daa09d9eb8541b76798
2025-03-06,Pallivasal,0.0876,0.5438,0.0906,12.6,19,,2,4,1,4,official_observed_reference,875ec99eaa22dd5ab81a29d622e1966abc95b50a21b15daa09d9eb8541b76798
2025-03-06,Kuttiadi,1.5392,9.1946,1.5324,196,22,1,,5,2,5,official_observed_reference,875ec99eaa22dd5ab81a29d622e1966abc95b50a21b15daa09d9eb8541b76798
2025-03-06,Panniar,0.3748,1.3159,0.2193,30.6,18,,,2,,2,official_observed_reference,875ec99eaa22dd5ab81a29d622e1966abc95b50a21b15daa09d9eb8541b76798
2025-03-06,Neriamangalam,0.437,2.5018,0.417,60.2,,1,,3,,3,official_observed_reference,875ec99eaa22dd5ab81a29d622e1966abc95b50a21b15daa09d9eb8541b76798
2025-03-06,Lower Periyar,0.352,2.599,0.4332,116,20,1,,2,,2,official_observed_reference,875ec99eaa22dd5ab81a29d622e1966abc95b50a21b15daa09d9eb8541b76798
2025-03-06,"Poringalkuthu, PLBE",0.1844,1.2494,0.2082,42.98,19,1,,5,,5,official_observed_reference,875ec99eaa22dd5ab81a29d622e1966abc95b50a21b15daa09d9eb8541b76798
2025-03-06,Sengulam,0.3178,1.9021,0.317,38.4,7,1,,3,3,3,official_observed_reference,875ec99eaa22dd5ab81a29d622e1966abc95b50a21b15daa09d9eb8541b76798
2025-03-06,Kakkad,,2.3309,0.3885,,,1,,1,,,official_observed_reference,875ec99eaa22dd5ab81a29d622e1966abc95b50a21b15daa09d9eb8541b76798
2025-03-06,Kallada,0.2397,1.438,0.2397,14.4,4,,,2,2,2,official_observed_reference,875ec99eaa22dd5ab81a29d622e1966abc95b50a21b15daa09d9eb8541b76798
2025-03-06,Malankara,0.1154,0.6751,0.1125,5.55,4,,,2,2,2,official_observed_reference,875ec99eaa22dd5ab81a29d622e1966abc95b50a21b15daa09d9eb8541b76798
2025-03-06,Maniyar,0.0015,0.1328,0.0221,,,,,3,1,,official_observed_reference,875ec99eaa22dd5ab81a29d622e1966abc95b50a21b15daa09d9eb8541b76798
2025-03-06,Kuthungal,0.02,0.02,0.0033,3.2,16,,,3,,1,official_observed_reference,875ec99eaa22dd5ab81a29d622e1966abc95b50a21b15daa09d9eb8541b76798
2025-03-06,PES-Pallivasal,0.464,2.885,0.4808,,,,,2,,2,official_observed_reference,875ec99eaa22dd5ab81a29d622e1966abc95b50a21b15daa09d9eb8541b76798
2025-03-07,Idukki,8.705,65.695,9.385,734,18,,,6,6,6,official_observed_reference,a482855a40bf33491f55a7f325b24ce65ce036d5689a3c32e788bb03bafc56cb
2025-03-07,Sabarigiri,1.18,18.2975,2.6139,215,7,1,1,4,4,4,official_observed_reference,a482855a40bf33491f55a7f325b24ce65ce036d5689a3c32e788bb03bafc56cb
2025-03-07,Idamalayar,1.219,8.6091,1.2299,64.4,6,,,2,2,2,official_observed_reference,a482855a40bf33491f55a7f325b24ce65ce036d5689a3c32e788bb03bafc56cb
2025-03-07,Sholayar,0.8186,5.8995,0.8428,54.4,7,,,3,3,3,official_observed_reference,a482855a40bf33491f55a7f325b24ce65ce036d5689a3c32e788bb03bafc56cb
2025-03-07,Pallivasal,0.0889,0.6327,0.0904,13.2,18,,2,4,1,3,official_observed_reference,a482855a40bf33491f55a7f325b24ce65ce036d5689a3c32e788bb03bafc56cb
2025-03-07,Kuttiadi,1.526,10.7206,1.5315,191.2,21,1,,5,2,5,official_observed_reference,a482855a40bf33491f55a7f325b24ce65ce036d5689a3c32e788bb03bafc56cb
2025-03-07,Panniar,0.1555,1.4714,0.2102,30.4,18,,,2,,2,official_observed_reference,a482855a40bf33491f55a7f325b24ce65ce036d5689a3c32e788bb03bafc56cb
2025-03-07,Neriamangalam,0.3159,2.8177,0.4025,60,21,1,,3,,3,official_observed_reference,a482855a40bf33491f55a7f325b24ce65ce036d5689a3c32e788bb03bafc56cb
2025-03-07,Lower Periyar,0.303,2.902,0.4146,100,19,1,,2,,2,official_observed_reference,a482855a40bf33491f55a7f325b24ce65ce036d5689a3c32e788bb03bafc56cb
2025-03-07,"Poringalkuthu, PLBE",0.1874,1.4368,0.2053,43.04,20,1,,5,,5,official_observed_reference,a482855a40bf33491f55a7f325b24ce65ce036d5689a3c32e788bb03bafc56cb
2025-03-07,Sengulam,0.2155,2.1176,0.3025,38.4,19,1,,3,,3,official_observed_reference,a482855a40bf33491f55a7f325b24ce65ce036d5689a3c32e788bb03bafc56cb
2025-03-07,Kakkad,,2.3309,0.333,,,1,,1,,,official_observed_reference,a482855a40bf33491f55a7f325b24ce65ce036d5689a3c32e788bb03bafc56cb
2025-03-07,Kallada,0.2396,1.6776,0.2397,14.2,5,,,2,2,2,official_observed_reference,a482855a40bf33491f55a7f325b24ce65ce036d5689a3c32e788bb03bafc56cb
2025-03-07,Malankara,0.1154,0.7905,0.1129,4.95,1,,,2,2,2,official_observed_reference,a482855a40bf33491f55a7f325b24ce65ce036d5689a3c32e788bb03bafc56cb
2025-03-07,Maniyar,0.0078,0.1405,0.0201,,,,,3,1,,official_observed_reference,a482855a40bf33491f55a7f325b24ce65ce036d5689a3c32e788bb03bafc56cb
2025-03-07,Kuthungal,0.1534,0.1734,0.0248,7.2,19,,,3,2,2,official_observed_reference,a482855a40bf33491f55a7f325b24ce65ce036d5689a3c32e788bb03bafc56cb
2025-03-07,PES-Pallivasal,0.406,3.291,0.4701,,,,,2,,2,official_observed_reference,a482855a40bf33491f55a7f325b24ce65ce036d5689a3c32e788bb03bafc56cb
2025-03-08,Idukki,8.537,74.232,9.279,724,19,,,6,6,6,official_observed_reference,97da6c9fe005ed5297c243c38b4a17c3d9aabd5536c88f0e06e644db26ce9e15
2025-03-08,Sabarigiri,0.9275,19.225,2.4031,200,19,1,1,4,,4,official_observed_reference,97da6c9fe005ed5297c243c38b4a17c3d9aabd5536c88f0e06e644db26ce9e15
2025-03-08,Idamalayar,1.1258,9.7349,1.2169,64.4,,,,2,2,2,official_observed_reference,97da6c9fe005ed5297c243c38b4a17c3d9aabd5536c88f0e06e644db26ce9e15
2025-03-08,Sholayar,0.8263,6.7258,0.8407,54.4,6,,,3,3,3,official_observed_reference,97da6c9fe005ed5297c243c38b4a17c3d9aabd5536c88f0e06e644db26ce9e15
2025-03-08,Pallivasal,0.1377,0.7704,0.0963,19.8,18,,2,4,1,4,official_observed_reference,97da6c9fe005ed5297c243c38b4a17c3d9aabd5536c88f0e06e644db26ce9e15
2025-03-08,Kuttiadi,1.2654,11.986,1.4983,192.6,19,1,,5,,5,official_observed_reference,97da6c9fe005ed5297c243c38b4a17c3d9aabd5536c88f0e06e644db26ce9e15
2025-03-08,Panniar,0.2827,1.7541,0.2193,30.6,17,,,2,,2,official_observed_reference,97da6c9fe005ed5297c243c38b4a17c3d9aabd5536c88f0e06e644db26ce9e15
2025-03-08,Neriamangalam,0.4662,3.2839,0.4105,60.4,21,1,,3,1,3,official_observed_reference,97da6c9fe005ed5297c243c38b4a17c3d9aabd5536c88f0e06e644db26ce9e15
2025-03-08,Lower Periyar,0.55,3.452,0.4315,96,19,1,,2,,2,official_observed_reference,97da6c9fe005ed5297c243c38b4a17c3d9aabd5536c88f0e06e644db26ce9e15
2025-03-08,"Poringalkuthu, PLBE",0.2797,1.7165,0.2146,43.02,19,1,,5,1,5,official_observed_reference,97da6c9fe005ed5297c243c38b4a17c3d9aabd5536c88f0e06e644db26ce9e15
2025-03-08,Sengulam,0.3004,2.418,0.3023,38,7,1,,3,3,3,official_observed_reference,97da6c9fe005ed5297c243c38b4a17c3d9aabd5536c88f0e06e644db26ce9e15
2025-03-08,Kakkad,,2.3309,0.2914,,,1,,1,,,official_observed_reference,97da6c9fe005ed5297c243c38b4a17c3d9aabd5536c88f0e06e644db26ce9e15
2025-03-08,Kallada,0.2378,1.9154,0.2394,14.2,7,,,2,2,2,official_observed_reference,97da6c9fe005ed5297c243c38b4a17c3d9aabd5536c88f0e06e644db26ce9e15
2025-03-08,Malankara,0.1138,0.9043,0.113,4.95,3,,,2,2,2,official_observed_reference,97da6c9fe005ed5297c243c38b4a17c3d9aabd5536c88f0e06e644db26ce9e15
2025-03-08,Maniyar,0.0023,0.1429,0.0179,,,,,3,1,,official_observed_reference,97da6c9fe005ed5297c243c38b4a17c3d9aabd5536c88f0e06e644db26ce9e15
2025-03-08,Kuthungal,0.1625,0.3359,0.042,7.2,15,,,3,1,1,official_observed_reference,97da6c9fe005ed5297c243c38b4a17c3d9aabd5536c88f0e06e644db26ce9e15
2025-03-08,PES-Pallivasal,0.586,3.877,0.4846,,,,,2,,2,official_observed_reference,97da6c9fe005ed5297c243c38b4a17c3d9aabd5536c88f0e06e644db26ce9e15
2025-03-09,Idukki,8.546,82.778,9.1976,636,6,1,,5,5,5,official_observed_reference,7dc4fe1b85b267de70823bc05b1850f17c1f9b85bb0540b9c950fb94904afb6a
2025-03-09,Sabarigiri,1.2825,20.5075,2.2786,210,5,1,1,4,4,4,official_observed_reference,7dc4fe1b85b267de70823bc05b1850f17c1f9b85bb0540b9c950fb94904afb6a
2025-03-09,Idamalayar,1.3306,11.0655,1.2295,65,12,,,2,2,2,official_observed_reference,7dc4fe1b85b267de70823bc05b1850f17c1f9b85bb0540b9c950fb94904afb6a
2025-03-09,Sholayar,0.8512,7.577,0.8419,54.6,19,,,3,3,3,official_observed_reference,7dc4fe1b85b267de70823bc05b1850f17c1f9b85bb0540b9c950fb94904afb6a
2025-03-09,Pallivasal,0.0958,0.8662,0.0962,13.4,18,,2,4,1,2,official_observed_reference,7dc4fe1b85b267de70823bc05b1850f17c1f9b85bb0540b9c950fb94904afb6a
2025-03-09,Kuttiadi,1.5961,13.5821,1.5091,193.4,23,1,,5,5,5,official_observed_reference,7dc4fe1b85b267de70823bc05b1850f17c1f9b85bb0540b9c950fb94904afb6a
2025-03-09,Panniar,0.2416,1.9957,0.2217,30.4,20,,,2,,2,official_observed_reference,7dc4fe1b85b267de70823bc05b1850f17c1f9b85bb0540b9c950fb94904afb6a
2025-03-09,Neriamangalam,0.6992,3.9831,0.4426,60.4,19,1,,3,3,3,official_observed_reference,7dc4fe1b85b267de70823bc05b1850f17c1f9b85bb0540b9c950fb94904afb6a
2025-03-09,Lower Periyar,0.602,4.054,0.4504,116,19,1,,2,,2,official_observed_reference,7dc4fe1b85b267de70823bc05b1850f17c1f9b85bb0540b9c950fb94904afb6a
2025-03-09,"Poringalkuthu, PLBE",0.3885,2.1051,0.2339,43.06,19,1,,5,1,5,official_observed_reference,7dc4fe1b85b267de70823bc05b1850f17c1f9b85bb0540b9c950fb94904afb6a
2025-03-09,Sengulam,0.4555,2.8735,0.3193,38.4,19,1,,3,2,3,official_observed_reference,7dc4fe1b85b267de70823bc05b1850f17c1f9b85bb0540b9c950fb94904afb6a
2025-03-09,Kakkad,,2.3309,0.259,,,1,,,,,official_observed_reference,7dc4fe1b85b267de70823bc05b1850f17c1f9b85bb0540b9c950fb94904afb6a
2025-03-09,Kallada,0.2396,2.155,0.2394,15.2,17,,,2,2,2,official_observed_reference,7dc4fe1b85b267de70823bc05b1850f17c1f9b85bb0540b9c950fb94904afb6a
2025-03-09,Malankara,0.1112,1.0154,0.1128,4.95,3,,,2,2,2,official_observed_reference,7dc4fe1b85b267de70823bc05b1850f17c1f9b85bb0540b9c950fb94904afb6a
2025-03-09,Maniyar,0.0045,0.1474,0.0164,,,,,3,,,official_observed_reference,7dc4fe1b85b267de70823bc05b1850f17c1f9b85bb0540b9c950fb94904afb6a
2025-03-09,Kuthungal,0.1537,0.4896,0.0544,7,15,,,3,1,1,official_observed_reference,7dc4fe1b85b267de70823bc05b1850f17c1f9b85bb0540b9c950fb94904afb6a
2025-03-09,PES-Pallivasal,0.491,4.368,0.4853,,,,,2,1,2,official_observed_reference,7dc4fe1b85b267de70823bc05b1850f17c1f9b85bb0540b9c950fb94904afb6a
2025-03-11,Idukki,11.066,103.407,9.4006,730,6,,,6,5,6,official_observed_reference,efb28ccf02d032ad6a67ef2a10a05b9d9a63d31b150f7bb3579b26d39815a238
2025-03-11,Sabarigiri,1.175,22.96,2.0873,215,7,1,1,4,4,3,official_observed_reference,efb28ccf02d032ad6a67ef2a10a05b9d9a63d31b150f7bb3579b26d39815a238
2025-03-11,Idamalayar,1.3619,13.6937,1.2449,64.6,17,,,2,2,2,official_observed_reference,efb28ccf02d032ad6a67ef2a10a05b9d9a63d31b150f7bb3579b26d39815a238
2025-03-11,Sholayar,0.8645,9.3154,0.8469,54.6,5,,,3,,3,official_observed_reference,efb28ccf02d032ad6a67ef2a10a05b9d9a63d31b150f7bb3579b26d39815a238
2025-03-11,Pallivasal,0.0936,1.0483,0.0953,14.8,18,,2,4,1,4,official_observed_reference,efb28ccf02d032ad6a67ef2a10a05b9d9a63d31b150f7bb3579b26d39815a238
2025-03-11,Kuttiadi,1.7211,16.92,1.5382,194.8,21,1,,5,2,5,official_observed_reference,efb28ccf02d032ad6a67ef2a10a05b9d9a63d31b150f7bb3579b26d39815a238
2025-03-11,Panniar,0.2538,2.4832,0.2257,30.4,19,,,2,,2,official_observed_reference,efb28ccf02d032ad6a67ef2a10a05b9d9a63d31b150f7bb3579b26d39815a238
2025-03-11,Neriamangalam,0.4424,4.7791,0.4345,77.4,,1,,3,,3,official_observed_reference,efb28ccf02d032ad6a67ef2a10a05b9d9a63d31b150f7bb3579b26d39815a238
2025-03-11,Lower Periyar,0.545,5.078,0.4616,104,18,1,,2,,2,official_observed_reference,efb28ccf02d032ad6a67ef2a10a05b9d9a63d31b150f7bb3579b26d39815a238
2025-03-11,"Poringalkuthu, PLBE",0.3493,2.7768,0.2524,42.86,20,1,,5,1,5,official_observed_reference,efb28ccf02d032ad6a67ef2a10a05b9d9a63d31b150f7bb3579b26d39815a238
2025-03-11,Sengulam,0.2836,3.484,0.3167,38.2,19,1,,3,,3,official_observed_reference,efb28ccf02d032ad6a67ef2a10a05b9d9a63d31b150f7bb3579b26d39815a238
2025-03-11,Kakkad,,2.3309,0.2119,,,2,,,,,official_observed_reference,efb28ccf02d032ad6a67ef2a10a05b9d9a63d31b150f7bb3579b26d39815a238
2025-03-11,Kallada,0.236,2.6281,0.2389,14.4,17,,,2,2,2,official_observed_reference,efb28ccf02d032ad6a67ef2a10a05b9d9a63d31b150f7bb3579b26d39815a238
2025-03-11,Malankara,0.1136,1.2419,0.1129,4.8,,,,2,,2,official_observed_reference,efb28ccf02d032ad6a67ef2a10a05b9d9a63d31b150f7bb3579b26d39815a238
2025-03-11,Maniyar,0.0097,0.1593,0.0145,,,,,3,1,,official_observed_reference,efb28ccf02d032ad6a67ef2a10a05b9d9a63d31b150f7bb3579b26d39815a238
2025-03-11,Kuthungal,0.1709,0.8197,0.0745,7.8,6,,,3,,,official_observed_reference,efb28ccf02d032ad6a67ef2a10a05b9d9a63d31b150f7bb3579b26d39815a238
2025-03-11,PES-Pallivasal,0.453,5.299,0.4817,,,,,2,1,2,official_observed_reference,efb28ccf02d032ad6a67ef2a10a05b9d9a63d31b150f7bb3579b26d39815a238
2025-03-12,Idukki,7.957,111.364,9.2803,722,6,,,6,6,6,official_observed_reference,11eff51a2ed41ad9beba7669d3aa8bdbc84fa295e875852b49821e86079c721d
2025-03-12,Sabarigiri,0.6325,23.5925,1.966,155,7,,1,5,3,5,official_observed_reference,11eff51a2ed41ad9beba7669d3aa8bdbc84fa295e875852b49821e86079c721d
2025-03-12,Idamalayar,1.177,14.8707,1.2392,64.2,19,,,2,2,2,official_observed_reference,11eff51a2ed41ad9beba7669d3aa8bdbc84fa295e875852b49821e86079c721d
2025-03-12,Sholayar,0.8139,10.1293,0.8441,54.4,7,,,3,3,3,official_observed_reference,11eff51a2ed41ad9beba7669d3aa8bdbc84fa295e875852b49821e86079c721d
2025-03-12,Pallivasal,0.0917,1.14,0.095,20.6,18,,2,4,1,4,official_observed_reference,11eff51a2ed41ad9beba7669d3aa8bdbc84fa295e875852b49821e86079c721d
2025-03-12,Kuttiadi,1.2654,18.1854,1.5155,150.6,19,1,,5,3,5,official_observed_reference,11eff51a2ed41ad9beba7669d3aa8bdbc84fa295e875852b49821e86079c721d
2025-03-12,Panniar,0.1442,2.6274,0.219,30.4,20,,,2,,2,official_observed_reference,11eff51a2ed41ad9beba7669d3aa8bdbc84fa295e875852b49821e86079c721d
2025-03-12,Neriamangalam,0.3588,5.1379,0.4282,60.2,22,1,,3,,3,official_observed_reference,11eff51a2ed41ad9beba7669d3aa8bdbc84fa295e875852b49821e86079c721d
2025-03-12,Lower Periyar,0.234,5.312,0.4427,100,19,1,,2,,2,official_observed_reference,11eff51a2ed41ad9beba7669d3aa8bdbc84fa295e875852b49821e86079c721d
2025-03-12,"Poringalkuthu, PLBE",0.322,3.0988,0.2582,51.6,19,1,,5,1,5,official_observed_reference,11eff51a2ed41ad9beba7669d3aa8bdbc84fa295e875852b49821e86079c721d
2025-03-12,Sengulam,0.2803,3.7643,0.3137,37.2,,1,,3,3,2,official_observed_reference,11eff51a2ed41ad9beba7669d3aa8bdbc84fa295e875852b49821e86079c721d
2025-03-12,Kakkad,,2.3309,0.1942,,,2,,,,,official_observed_reference,11eff51a2ed41ad9beba7669d3aa8bdbc84fa295e875852b49821e86079c721d
2025-03-12,Kallada,0.2345,2.8626,0.2386,14,7,,,2,2,2,official_observed_reference,11eff51a2ed41ad9beba7669d3aa8bdbc84fa295e875852b49821e86079c721d
2025-03-12,Malankara,0.1111,1.3529,0.1127,4.95,13,,,2,2,2,official_observed_reference,11eff51a2ed41ad9beba7669d3aa8bdbc84fa295e875852b49821e86079c721d
2025-03-12,Maniyar,,0.1593,0.0133,,,,,3,,,official_observed_reference,11eff51a2ed41ad9beba7669d3aa8bdbc84fa295e875852b49821e86079c721d
2025-03-12,Kuthungal,0.1928,1.0125,0.0844,12,12,,,3,1,2,official_observed_reference,11eff51a2ed41ad9beba7669d3aa8bdbc84fa295e875852b49821e86079c721d
2025-03-12,PES-Pallivasal,0.485,5.784,0.482,,,,,2,1,2,official_observed_reference,11eff51a2ed41ad9beba7669d3aa8bdbc84fa295e875852b49821e86079c721d
2025-03-13,Idukki,6.032,117.396,9.0305,708,19,,,6,5,6,official_observed_reference,140fd1da4af9e3162c29d19b817ac2adfd9ae9def3f780cd34757db7dbf72d59
2025-03-13,Sabarigiri,0.74,24.3325,1.8717,255,19,,1,5,2,5,official_observed_reference,140fd1da4af9e3162c29d19b817ac2adfd9ae9def3f780cd34757db7dbf72d59
2025-03-13,Idamalayar,1.1715,16.0422,1.234,63.2,7,,,2,2,2,official_observed_reference,140fd1da4af9e3162c29d19b817ac2adfd9ae9def3f780cd34757db7dbf72d59
2025-03-13,Sholayar,0.7797,10.909,0.8392,54.6,20,,,3,3,3,official_observed_reference,140fd1da4af9e3162c29d19b817ac2adfd9ae9def3f780cd34757db7dbf72d59
2025-03-13,Pallivasal,0.1037,1.2437,0.0957,16.8,18,,2,4,1,4,official_observed_reference,140fd1da4af9e3162c29d19b817ac2adfd9ae9def3f780cd34757db7dbf72d59
2025-03-13,Kuttiadi,0.9541,19.1395,1.4723,187.4,22,1,,5,,5,official_observed_reference,140fd1da4af9e3162c29d19b817ac2adfd9ae9def3f780cd34757db7dbf72d59
2025-03-13,Panniar,0.1787,2.8061,0.2159,30.6,19,,,2,,2,official_observed_reference,140fd1da4af9e3162c29d19b817ac2adfd9ae9def3f780cd34757db7dbf72d59
2025-03-13,Neriamangalam,0.3302,5.4681,0.4206,60.2,20,1,,3,,3,official_observed_reference,140fd1da4af9e3162c29d19b817ac2adfd9ae9def3f780cd34757db7dbf72d59
2025-03-13,Lower Periyar,0.19,5.502,0.4232,96,18,1,,2,,2,official_observed_reference,140fd1da4af9e3162c29d19b817ac2adfd9ae9def3f780cd34757db7dbf72d59
2025-03-13,"Poringalkuthu, PLBE",0.2689,3.3677,0.2591,51.64,18,,,6,1,6,official_observed_reference,140fd1da4af9e3162c29d19b817ac2adfd9ae9def3f780cd34757db7dbf72d59
2025-03-13,Sengulam,0.3483,4.1126,0.3164,25.8,,2,,2,2,2,official_observed_reference,140fd1da4af9e3162c29d19b817ac2adfd9ae9def3f780cd34757db7dbf72d59
2025-03-13,Kakkad,0.2524,2.5832,0.1987,25.1,2,1,,1,1,1,official_observed_reference,140fd1da4af9e3162c29d19b817ac2adfd9ae9def3f780cd34757db7dbf72d59
2025-03-13,Kallada,0.2334,3.096,0.2382,13.8,4,,,2,2,2,official_observed_reference,140fd1da4af9e3162c29d19b817ac2adfd9ae9def3f780cd34757db7dbf72d59
2025-03-13,Malankara,0.0998,1.4527,0.1117,4.95,2,,,2,2,2,official_observed_reference,140fd1da4af9e3162c29d19b817ac2adfd9ae9def3f780cd34757db7dbf72d59
2025-03-13,Maniyar,0.0042,0.1635,0.0126,,,,,3,1,,official_observed_reference,140fd1da4af9e3162c29d19b817ac2adfd9ae9def3f780cd34757db7dbf72d59
2025-03-13,Kuthungal,0.1897,1.2022,0.0925,9.6,11,,,3,2,2,official_observed_reference,140fd1da4af9e3162c29d19b817ac2adfd9ae9def3f780cd34757db7dbf72d59
2025-03-13,PES-Pallivasal,0.516,6.3,0.4846,,,,,2,1,2,official_observed_reference,140fd1da4af9e3162c29d19b817ac2adfd9ae9def3f780cd34757db7dbf72d59
2025-03-14,Idukki,3.413,120.809,8.6292,412,6,,,6,4,2,official_observed_reference,e276a3d237e2962da960a08ec319ca33f161c9b4df6dd2239bec23c2062f256a
2025-03-14,Sabarigiri,0.7425,25.075,1.7911,205,19,,1,5,1,5,official_observed_reference,e276a3d237e2962da960a08ec319ca33f161c9b4df6dd2239bec23c2062f256a
2025-03-14,Idamalayar,1.1112,17.1534,1.2252,63.8,7,,,2,1,2,official_observed_reference,e276a3d237e2962da960a08ec319ca33f161c9b4df6dd2239bec23c2062f256a
2025-03-14,Sholayar,0.6508,11.5598,0.8257,45.8,19,,,3,3,3,official_observed_reference,e276a3d237e2962da960a08ec319ca33f161c9b4df6dd2239bec23c2062f256a
2025-03-14,Pallivasal,0.1249,1.3686,0.0978,18.6,20,,2,4,1,4,official_observed_reference,e276a3d237e2962da960a08ec319ca33f161c9b4df6dd2239bec23c2062f256a
2025-03-14,Kuttiadi,1.1428,20.2823,1.4487,192.8,20,1,,5,,5,official_observed_reference,e276a3d237e2962da960a08ec319ca33f161c9b4df6dd2239bec23c2062f256a
2025-03-14,Panniar,,2.8061,0.2004,,,,,2,,,official_observed_reference,e276a3d237e2962da960a08ec319ca33f161c9b4df6dd2239bec23c2062f256a
2025-03-14,Neriamangalam,0.1754,5.6435,0.4031,59.8,19,1,,3,,3,official_observed_reference,e276a3d237e2962da960a08ec319ca33f161c9b4df6dd2239bec23c2062f256a
2025-03-14,Lower Periyar,,5.502,0.393,,,1,,2,,,official_observed_reference,e276a3d237e2962da960a08ec319ca33f161c9b4df6dd2239bec23c2062f256a
2025-03-14,"Poringalkuthu, PLBE",0.1255,3.4932,0.2495,10,10,,,6,,1,official_observed_reference,e276a3d237e2962da960a08ec319ca33f161c9b4df6dd2239bec23c2062f256a
2025-03-14,Sengulam,0.2771,4.3897,0.3136,25.6,22,2,,2,2,2,official_observed_reference,e276a3d237e2962da960a08ec319ca33f161c9b4df6dd2239bec23c2062f256a
2025-03-14,Kakkad,0.1549,2.7381,0.1956,24.58,2,1,,1,,1,official_observed_reference,e276a3d237e2962da960a08ec319ca33f161c9b4df6dd2239bec23c2062f256a
2025-03-14,Kallada,0.2418,3.3378,0.2384,13.8,13,,,2,1,2,official_observed_reference,e276a3d237e2962da960a08ec319ca33f161c9b4df6dd2239bec23c2062f256a
2025-03-14,Malankara,0.0912,1.5439,0.1103,4.5,1,,,2,2,2,official_observed_reference,e276a3d237e2962da960a08ec319ca33f161c9b4df6dd2239bec23c2062f256a
2025-03-14,Maniyar,0.0111,0.1746,0.0125,,,,,3,,,official_observed_reference,e276a3d237e2962da960a08ec319ca33f161c9b4df6dd2239bec23c2062f256a
2025-03-14,Kuthungal,0.177,1.3792,0.0985,8.8,1,,,3,1,1,official_observed_reference,e276a3d237e2962da960a08ec319ca33f161c9b4df6dd2239bec23c2062f256a
2025-03-14,PES-Pallivasal,0.497,6.797,0.4855,,,,,2,,2,official_observed_reference,e276a3d237e2962da960a08ec319ca33f161c9b4df6dd2239bec23c2062f256a
2025-03-15,Idukki,6.091,126.9,8.46,730,20,,,6,3,6,official_observed_reference,96ca56f5ba19279a82270545c02662e40e9ad72294d0ac1e44814a060c2dedcd
2025-03-15,Sabarigiri,1.3375,26.4125,1.7608,210,19,,1,5,1,4,official_observed_reference,96ca56f5ba19279a82270545c02662e40e9ad72294d0ac1e44814a060c2dedcd
2025-03-15,Idamalayar,1.1757,18.3291,1.2219,62.6,6,,,2,2,2,official_observed_reference,96ca56f5ba19279a82270545c02662e40e9ad72294d0ac1e44814a060c2dedcd
2025-03-15,Sholayar,0.7421,12.3019,0.8201,54.6,19,,,3,3,3,official_observed_reference,96ca56f5ba19279a82270545c02662e40e9ad72294d0ac1e44814a060c2dedcd
2025-03-15,Pallivasal,0.1205,1.4891,0.0993,16.4,19,,2,4,1,4,official_observed_reference,96ca56f5ba19279a82270545c02662e40e9ad72294d0ac1e44814a060c2dedcd
2025-03-15,Kuttiadi,1.3838,21.6661,1.4444,192.6,20,1,,5,,5,official_observed_reference,96ca56f5ba19279a82270545c02662e40e9ad72294d0ac1e44814a060c2dedcd
2025-03-15,Panniar,0.1375,2.9436,0.1962,30.6,18,,,2,,2,official_observed_reference,96ca56f5ba19279a82270545c02662e40e9ad72294d0ac1e44814a060c2dedcd
2025-03-15,Neriamangalam,0.3777,6.0212,0.4014,77.4,20,,,4,1,4,official_observed_reference,96ca56f5ba19279a82270545c02662e40e9ad72294d0ac1e44814a060c2dedcd
2025-03-15,Lower Periyar,0.422,5.924,0.3949,118,19,1,,2,1,2,official_observed_reference,96ca56f5ba19279a82270545c02662e40e9ad72294d0ac1e44814a060c2dedcd
2025-03-15,"Poringalkuthu, PLBE",0.3077,3.8009,0.2534,51.52,19,,,6,1,6,official_observed_reference,96ca56f5ba19279a82270545c02662e40e9ad72294d0ac1e44814a060c2dedcd
2025-03-15,Sengulam,0.4741,4.8638,0.3243,38.2,23,1,,3,2,3,official_observed_reference,96ca56f5ba19279a82270545c02662e40e9ad72294d0ac1e44814a060c2dedcd
2025-03-15,Kakkad,0.1341,2.8723,0.1915,30.66,19,1,,1,,1,official_observed_reference,96ca56f5ba19279a82270545c02662e40e9ad72294d0ac1e44814a060c2dedcd
2025-03-15,Kallada,0.2311,3.5689,0.2379,13.8,6,,,2,2,2,official_observed_reference,96ca56f5ba19279a82270545c02662e40e9ad72294d0ac1e44814a060c2dedcd
2025-03-15,Malankara,0.0674,1.6113,0.1074,3.6,1,,,2,2,2,official_observed_reference,96ca56f5ba19279a82270545c02662e40e9ad72294d0ac1e44814a060c2dedcd
2025-03-15,Maniyar,,0.1746,0.0116,,,,,3,,,official_observed_reference,96ca56f5ba19279a82270545c02662e40e9ad72294d0ac1e44814a060c2dedcd
2025-03-15,Kuthungal,0.1816,1.5608,0.1041,11,20,,,3,1,1,official_observed_reference,96ca56f5ba19279a82270545c02662e40e9ad72294d0ac1e44814a060c2dedcd
2025-03-15,PES-Pallivasal,0.581,7.378,0.4919,,,,,2,,2,official_observed_reference,96ca56f5ba19279a82270545c02662e40e9ad72294d0ac1e44814a060c2dedcd
2025-03-16,Idukki,4.874,131.774,8.2359,622,6,,,6,5,3,official_observed_reference,04999487f89f3dbecb76da9cd509aa131691b45f354d602059838888bc5964b2
2025-03-16,Sabarigiri,0.975,27.3875,1.7117,215,,,1,5,,,official_observed_reference,04999487f89f3dbecb76da9cd509aa131691b45f354d602059838888bc5964b2
2025-03-16,Idamalayar,0.9983,19.3274,1.208,62.6,,,,2,2,1,official_observed_reference,04999487f89f3dbecb76da9cd509aa131691b45f354d602059838888bc5964b2
2025-03-16,Sholayar,0.811,13.1129,0.8196,36.4,8,,,3,2,2,official_observed_reference,04999487f89f3dbecb76da9cd509aa131691b45f354d602059838888bc5964b2
2025-03-16,Pallivasal,0.09,1.5791,0.0987,18.2,21,,2,4,,4,official_observed_reference,04999487f89f3dbecb76da9cd509aa131691b45f354d602059838888bc5964b2
2025-03-16,Kuttiadi,0.5004,22.1665,1.3854,101.8,,1,,5,,1,official_observed_reference,04999487f89f3dbecb76da9cd509aa131691b45f354d602059838888bc5964b2
2025-03-16,Panniar,0.0462,2.9898,0.1869,15.6,16,,,2,,,official_observed_reference,04999487f89f3dbecb76da9cd509aa131691b45f354d602059838888bc5964b2
2025-03-16,Neriamangalam,0.3455,6.3667,0.3979,43.2,19,,,4,,2,official_observed_reference,04999487f89f3dbecb76da9cd509aa131691b45f354d602059838888bc5964b2
2025-03-16,Lower Periyar,0.394,6.318,0.3949,58,19,1,,2,,1,official_observed_reference,04999487f89f3dbecb76da9cd509aa131691b45f354d602059838888bc5964b2
2025-03-16,"Poringalkuthu, PLBE",0.3698,4.1707,0.2607,16.5,2,,,6,1,1,official_observed_reference,04999487f89f3dbecb76da9cd509aa131691b45f354d602059838888bc5964b2
2025-03-16,Sengulam,0.3531,5.2169,0.3261,38.4,,1,,3,1,2,official_observed_reference,04999487f89f3dbecb76da9cd509aa131691b45f354d602059838888bc5964b2
2025-03-16,Kakkad,0.2315,3.1037,0.194,24.64,6,1,,1,,,official_observed_reference,04999487f89f3dbecb76da9cd509aa131691b45f354d602059838888bc5964b2
2025-03-16,Kallada,0.2301,3.799,0.2374,14,4,,,2,2,2,official_observed_reference,04999487f89f3dbecb76da9cd509aa131691b45f354d602059838888bc5964b2
2025-03-16,Malankara,0.0619,1.6732,0.1046,3.15,7,,,2,1,2,official_observed_reference,04999487f89f3dbecb76da9cd509aa131691b45f354d602059838888bc5964b2
2025-03-16,Maniyar,,0.1746,0.0109,,,,,3,,,official_observed_reference,04999487f89f3dbecb76da9cd509aa131691b45f354d602059838888bc5964b2
2025-03-16,Kuthungal,0.1831,1.7439,0.109,11,18,,,3,1,2,official_observed_reference,04999487f89f3dbecb76da9cd509aa131691b45f354d602059838888bc5964b2
2025-03-16,PES-Pallivasal,0.54,7.918,0.4949,,,,,2,1,2,official_observed_reference,04999487f89f3dbecb76da9cd509aa131691b45f354d602059838888bc5964b2
2025-03-18,Idukki,4.472,140.137,7.7854,680,18,,,6,5,6,official_observed_reference,2d64c3b3e23fc5be5b9a744c4869b6f8ff136ee30bcb24012fa38a52d7d3da42
2025-03-18,Sabarigiri,1.89,30.585,1.6992,270,20,,1,5,,5,official_observed_reference,2d64c3b3e23fc5be5b9a744c4869b6f8ff136ee30bcb24012fa38a52d7d3da42
2025-03-18,Idamalayar,0.8018,20.8854,1.1603,62.6,20,,,2,1,2,official_observed_reference,2d64c3b3e23fc5be5b9a744c4869b6f8ff136ee30bcb24012fa38a52d7d3da42
2025-03-18,Sholayar,0.9133,14.8528,0.8252,54.4,6,,,3,3,3,official_observed_reference,2d64c3b3e23fc5be5b9a744c4869b6f8ff136ee30bcb24012fa38a52d7d3da42
2025-03-18,Pallivasal,0.0504,1.7654,0.0981,14.4,18,,2,4,,3,official_observed_reference,2d64c3b3e23fc5be5b9a744c4869b6f8ff136ee30bcb24012fa38a52d7d3da42
2025-03-18,Kuttiadi,1.109,23.6402,1.3133,191.2,23,1,,5,,5,official_observed_reference,2d64c3b3e23fc5be5b9a744c4869b6f8ff136ee30bcb24012fa38a52d7d3da42
2025-03-18,Panniar,0.144,3.2067,0.1782,31,19,,,2,,2,official_observed_reference,2d64c3b3e23fc5be5b9a744c4869b6f8ff136ee30bcb24012fa38a52d7d3da42
2025-03-18,Neriamangalam,0.2714,6.9325,0.3851,55.2,21,,,4,,3,official_observed_reference,2d64c3b3e23fc5be5b9a744c4869b6f8ff136ee30bcb24012fa38a52d7d3da42
2025-03-18,Lower Periyar,0.518,7.164,0.398,114,20,1,,2,,2,official_observed_reference,2d64c3b3e23fc5be5b9a744c4869b6f8ff136ee30bcb24012fa38a52d7d3da42
2025-03-18,"Poringalkuthu, PLBE",0.4922,5.0224,0.279,51.56,19,,,6,1,6,official_observed_reference,2d64c3b3e23fc5be5b9a744c4869b6f8ff136ee30bcb24012fa38a52d7d3da42
2025-03-18,Sengulam,0.3985,5.9542,0.3308,38.2,19,1,,3,1,3,official_observed_reference,2d64c3b3e23fc5be5b9a744c4869b6f8ff136ee30bcb24012fa38a52d7d3da42
2025-03-18,Kakkad,0.2229,3.5409,0.1967,24.96,20,1,,1,,1,official_observed_reference,2d64c3b3e23fc5be5b9a744c4869b6f8ff136ee30bcb24012fa38a52d7d3da42
2025-03-18,Kallada,0.2291,4.2612,0.2367,15,17,,,2,2,2,official_observed_reference,2d64c3b3e23fc5be5b9a744c4869b6f8ff136ee30bcb24012fa38a52d7d3da42
2025-03-18,Malankara,0.0664,1.7978,0.0999,3.6,21,,,2,2,2,official_observed_reference,2d64c3b3e23fc5be5b9a744c4869b6f8ff136ee30bcb24012fa38a52d7d3da42
2025-03-18,Maniyar,,0.1746,0.0097,,,,,3,,,official_observed_reference,2d64c3b3e23fc5be5b9a744c4869b6f8ff136ee30bcb24012fa38a52d7d3da42
2025-03-18,Kuthungal,0.2152,2.145,0.1192,12.2,11,,,3,2,2,official_observed_reference,2d64c3b3e23fc5be5b9a744c4869b6f8ff136ee30bcb24012fa38a52d7d3da42
2025-03-18,PES-Pallivasal,0.467,8.856,0.492,,,,,2,,2,official_observed_reference,2d64c3b3e23fc5be5b9a744c4869b6f8ff136ee30bcb24012fa38a52d7d3da42
2025-03-19,Idukki,7.668,147.805,7.7792,722,18,,,6,5,6,official_observed_reference,1c2a0bbea38126cd1127bc313fb1f57d5753fce90aa3e74643ac34545fd4d5aa
2025-03-19,Sabarigiri,1.665,32.25,1.6974,215,19,,1,5,,5,official_observed_reference,1c2a0bbea38126cd1127bc313fb1f57d5753fce90aa3e74643ac34545fd4d5aa
2025-03-19,Idamalayar,0.8914,21.7768,1.1461,62.2,7,,,2,2,2,official_observed_reference,1c2a0bbea38126cd1127bc313fb1f57d5753fce90aa3e74643ac34545fd4d5aa
2025-03-19,Sholayar,1.0858,15.9386,0.8389,54.6,10,,,3,3,3,official_observed_reference,1c2a0bbea38126cd1127bc313fb1f57d5753fce90aa3e74643ac34545fd4d5aa
2025-03-19,Pallivasal,0.1394,1.9048,0.1003,14.6,19,,2,4,,3,official_observed_reference,1c2a0bbea38126cd1127bc313fb1f57d5753fce90aa3e74643ac34545fd4d5aa
2025-03-19,Kuttiadi,1.4454,25.0856,1.3203,195.8,19,1,,5,1,5,official_observed_reference,1c2a0bbea38126cd1127bc313fb1f57d5753fce90aa3e74643ac34545fd4d5aa
2025-03-19,Panniar,0.1961,3.4028,0.1791,31.2,19,,,2,,2,official_observed_reference,1c2a0bbea38126cd1127bc313fb1f57d5753fce90aa3e74643ac34545fd4d5aa
2025-03-19,Neriamangalam,0.3772,7.3097,0.3847,59.8,19,,,4,1,3,official_observed_reference,1c2a0bbea38126cd1127bc313fb1f57d5753fce90aa3e74643ac34545fd4d5aa
2025-03-19,Lower Periyar,0.371,7.535,0.3966,116,18,1,,2,,2,official_observed_reference,1c2a0bbea38126cd1127bc313fb1f57d5753fce90aa3e74643ac34545fd4d5aa
2025-03-19,"Poringalkuthu, PLBE",0.5502,5.5726,0.2933,51.66,18,,,6,2,6,official_observed_reference,1c2a0bbea38126cd1127bc313fb1f57d5753fce90aa3e74643ac34545fd4d5aa
2025-03-19,Sengulam,0.3219,6.2761,0.3303,38.2,19,1,,3,2,3,official_observed_reference,1c2a0bbea38126cd1127bc313fb1f57d5753fce90aa3e74643ac34545fd4d5aa
2025-03-19,Kakkad,0.2546,3.7955,0.1998,24.94,19,1,,1,,1,official_observed_reference,1c2a0bbea38126cd1127bc313fb1f57d5753fce90aa3e74643ac34545fd4d5aa
2025-03-19,Kallada,0.2281,4.4893,0.2363,15.4,17,,,2,2,2,official_observed_reference,1c2a0bbea38126cd1127bc313fb1f57d5753fce90aa3e74643ac34545fd4d5aa
2025-03-19,Malankara,0.0773,1.8751,0.0987,4.65,20,,,2,2,2,official_observed_reference,1c2a0bbea38126cd1127bc313fb1f57d5753fce90aa3e74643ac34545fd4d5aa
2025-03-19,Maniyar,,0.1746,0.0092,,,,,3,,,official_observed_reference,1c2a0bbea38126cd1127bc313fb1f57d5753fce90aa3e74643ac34545fd4d5aa
2025-03-19,Kuthungal,0.1997,2.3447,0.1234,8.8,15,,,3,2,2,official_observed_reference,1c2a0bbea38126cd1127bc313fb1f57d5753fce90aa3e74643ac34545fd4d5aa
2025-03-19,PES-Pallivasal,0.329,9.185,0.4834,,,,,2,1,2,official_observed_reference,1c2a0bbea38126cd1127bc313fb1f57d5753fce90aa3e74643ac34545fd4d5aa
2025-03-20,Idukki,9.302,157.107,7.8554,724,19,,,6,6,6,official_observed_reference,d8c8bfeb19f6da12d16352a4a9efd071257cb93fdf3849b941b4c7890059d8d4
2025-03-20,Sabarigiri,1.715,33.965,1.6983,275,18,,1,5,2,5,official_observed_reference,d8c8bfeb19f6da12d16352a4a9efd071257cb93fdf3849b941b4c7890059d8d4
2025-03-20,Idamalayar,1.1919,22.9687,1.1484,63.2,22,,,2,2,2,official_observed_reference,d8c8bfeb19f6da12d16352a4a9efd071257cb93fdf3849b941b4c7890059d8d4
2025-03-20,Sholayar,0.9738,16.9124,0.8456,54.6,7,,,3,3,3,official_observed_reference,d8c8bfeb19f6da12d16352a4a9efd071257cb93fdf3849b941b4c7890059d8d4
2025-03-20,Pallivasal,0.1146,2.0194,0.101,14.4,18,,2,4,,4,official_observed_reference,d8c8bfeb19f6da12d16352a4a9efd071257cb93fdf3849b941b4c7890059d8d4
2025-03-20,Kuttiadi,1.619,26.7046,1.3352,197.4,20,1,,5,2,5,official_observed_reference,d8c8bfeb19f6da12d16352a4a9efd071257cb93fdf3849b941b4c7890059d8d4
2025-03-20,Panniar,0.1716,3.5744,0.1787,31.2,22,,,2,,2,official_observed_reference,d8c8bfeb19f6da12d16352a4a9efd071257cb93fdf3849b941b4c7890059d8d4
2025-03-20,Neriamangalam,0.392,7.7017,0.3851,60,23,1,,3,,3,official_observed_reference,d8c8bfeb19f6da12d16352a4a9efd071257cb93fdf3849b941b4c7890059d8d4
2025-03-20,Lower Periyar,0.351,7.886,0.3943,114,20,1,,2,,2,official_observed_reference,d8c8bfeb19f6da12d16352a4a9efd071257cb93fdf3849b941b4c7890059d8d4
2025-03-20,"Poringalkuthu, PLBE",0.5551,6.1277,0.3064,52.16,21,,,6,1,6,official_observed_reference,d8c8bfeb19f6da12d16352a4a9efd071257cb93fdf3849b941b4c7890059d8d4
2025-03-20,Sengulam,0.2797,6.5558,0.3278,38.2,21,1,,3,,3,official_observed_reference,d8c8bfeb19f6da12d16352a4a9efd071257cb93fdf3849b941b4c7890059d8d4
2025-03-20,Kakkad,0.2549,4.0504,0.2025,24.72,20,1,,1,,1,official_observed_reference,d8c8bfeb19f6da12d16352a4a9efd071257cb93fdf3849b941b4c7890059d8d4
2025-03-20,Kallada,0.2269,4.7162,0.2358,14,4,,,2,,2,official_observed_reference,d8c8bfeb19f6da12d16352a4a9efd071257cb93fdf3849b941b4c7890059d8d4
2025-03-20,Malankara,0.0617,1.9368,0.0968,4.8,19,,,2,2,2,official_observed_reference,d8c8bfeb19f6da12d16352a4a9efd071257cb93fdf3849b941b4c7890059d8d4
2025-03-20,Maniyar,0.0009,0.1755,0.0088,,,,,3,1,,official_observed_reference,d8c8bfeb19f6da12d16352a4a9efd071257cb93fdf3849b941b4c7890059d8d4
2025-03-20,Kuthungal,0.1935,2.5382,0.1269,8.8,6,,,3,1,1,official_observed_reference,d8c8bfeb19f6da12d16352a4a9efd071257cb93fdf3849b941b4c7890059d8d4
2025-03-20,PES-Pallivasal,0.403,9.588,0.4794,,,,,2,1,2,official_observed_reference,d8c8bfeb19f6da12d16352a4a9efd071257cb93fdf3849b941b4c7890059d8d4
2025-03-21,Idukki,8.488,165.595,7.8855,728,19,,,6,6,6,official_observed_reference,8079fa8f306f09431cdc2367c3d60d4496a51c6546e3960f4e6db2e36f41d217
2025-03-21,Sabarigiri,1.56,35.525,1.6917,275,19,,1,5,4,5,official_observed_reference,8079fa8f306f09431cdc2367c3d60d4496a51c6546e3960f4e6db2e36f41d217
2025-03-21,Idamalayar,1.3237,24.2924,1.1568,61.8,,,,2,2,2,official_observed_reference,8079fa8f306f09431cdc2367c3d60d4496a51c6546e3960f4e6db2e36f41d217
2025-03-21,Sholayar,1.0298,17.9422,0.8544,54.6,6,,,3,3,3,official_observed_reference,8079fa8f306f09431cdc2367c3d60d4496a51c6546e3960f4e6db2e36f41d217
2025-03-21,Pallivasal,0.0442,2.0636,0.0983,12.2,19,,2,4,,4,official_observed_reference,8079fa8f306f09431cdc2367c3d60d4496a51c6546e3960f4e6db2e36f41d217
2025-03-21,Kuttiadi,1.5388,28.2434,1.3449,194.8,23,1,,5,1,5,official_observed_reference,8079fa8f306f09431cdc2367c3d60d4496a51c6546e3960f4e6db2e36f41d217
2025-03-21,Panniar,0.2366,3.811,0.1815,31.2,19,,,2,,2,official_observed_reference,8079fa8f306f09431cdc2367c3d60d4496a51c6546e3960f4e6db2e36f41d217
2025-03-21,Neriamangalam,0.4068,8.1085,0.3861,59.8,18,1,,3,,3,official_observed_reference,8079fa8f306f09431cdc2367c3d60d4496a51c6546e3960f4e6db2e36f41d217
2025-03-21,Lower Periyar,0.434,8.32,0.3962,116,19,1,,2,,2,official_observed_reference,8079fa8f306f09431cdc2367c3d60d4496a51c6546e3960f4e6db2e36f41d217
2025-03-21,"Poringalkuthu, PLBE",0.5863,6.714,0.3197,51.64,23,,,6,2,6,official_observed_reference,8079fa8f306f09431cdc2367c3d60d4496a51c6546e3960f4e6db2e36f41d217
2025-03-21,Sengulam,0.2003,6.7561,0.3217,38.4,20,1,,3,,3,official_observed_reference,8079fa8f306f09431cdc2367c3d60d4496a51c6546e3960f4e6db2e36f41d217
2025-03-21,Kakkad,0.2966,4.3469,0.207,24.76,20,1,,1,,1,official_observed_reference,8079fa8f306f09431cdc2367c3d60d4496a51c6546e3960f4e6db2e36f41d217
2025-03-21,Kallada,0.2249,4.9411,0.2353,14.6,17,,,2,1,2,official_observed_reference,8079fa8f306f09431cdc2367c3d60d4496a51c6546e3960f4e6db2e36f41d217
2025-03-21,Malankara,0.1164,2.0532,0.0978,5.55,10,,,2,2,2,official_observed_reference,8079fa8f306f09431cdc2367c3d60d4496a51c6546e3960f4e6db2e36f41d217
2025-03-21,Maniyar,0.0046,0.1801,0.0086,,,,,3,1,,official_observed_reference,8079fa8f306f09431cdc2367c3d60d4496a51c6546e3960f4e6db2e36f41d217
2025-03-21,Kuthungal,0.1941,2.7323,0.1301,9,9,,,3,2,2,official_observed_reference,8079fa8f306f09431cdc2367c3d60d4496a51c6546e3960f4e6db2e36f41d217
2025-03-21,PES-Pallivasal,0.476,10.064,0.4792,,,,,2,1,2,official_observed_reference,8079fa8f306f09431cdc2367c3d60d4496a51c6546e3960f4e6db2e36f41d217
2025-03-22,Idukki,5.971,171.566,7.7985,592,5,,,6,3,6,official_observed_reference,5db770dfcc4af12f4c871b6b6e4ff76c67798c35ba12566e5dce68cb852c09f4
2025-03-22,Sabarigiri,1.9625,37.4875,1.704,255,21,,1,5,,5,official_observed_reference,5db770dfcc4af12f4c871b6b6e4ff76c67798c35ba12566e5dce68cb852c09f4
2025-03-22,Idamalayar,1.3589,25.6513,1.166,61.6,7,,,2,2,2,official_observed_reference,5db770dfcc4af12f4c871b6b6e4ff76c67798c35ba12566e5dce68cb852c09f4
2025-03-22,Sholayar,1.1697,19.1119,0.8687,54.6,3,,,3,3,3,official_observed_reference,5db770dfcc4af12f4c871b6b6e4ff76c67798c35ba12566e5dce68cb852c09f4
2025-03-22,Pallivasal,0.0613,2.1249,0.0966,14,20,1,2,3,1,3,official_observed_reference,5db770dfcc4af12f4c871b6b6e4ff76c67798c35ba12566e5dce68cb852c09f4
2025-03-22,Kuttiadi,0.9963,29.2397,1.3291,182,,1,,5,,5,official_observed_reference,5db770dfcc4af12f4c871b6b6e4ff76c67798c35ba12566e5dce68cb852c09f4
2025-03-22,Panniar,0.2143,4.0253,0.183,30.8,19,,,2,1,2,official_observed_reference,5db770dfcc4af12f4c871b6b6e4ff76c67798c35ba12566e5dce68cb852c09f4
2025-03-22,Neriamangalam,0.2691,8.3776,0.3808,54.8,20,1,,3,,3,official_observed_reference,5db770dfcc4af12f4c871b6b6e4ff76c67798c35ba12566e5dce68cb852c09f4
2025-03-22,Lower Periyar,0.308,8.628,0.3922,96,20,1,,2,,2,official_observed_reference,5db770dfcc4af12f4c871b6b6e4ff76c67798c35ba12566e5dce68cb852c09f4
2025-03-22,"Poringalkuthu, PLBE",0.442,7.156,0.3253,51.3,20,,,6,1,6,official_observed_reference,5db770dfcc4af12f4c871b6b6e4ff76c67798c35ba12566e5dce68cb852c09f4
2025-03-22,Sengulam,0.3944,7.1505,0.325,38.6,22,1,,3,1,3,official_observed_reference,5db770dfcc4af12f4c871b6b6e4ff76c67798c35ba12566e5dce68cb852c09f4
2025-03-22,Kakkad,0.3243,4.6713,0.2123,24.8,20,1,,1,,1,official_observed_reference,5db770dfcc4af12f4c871b6b6e4ff76c67798c35ba12566e5dce68cb852c09f4
2025-03-22,Kallada,0.2225,5.1636,0.2347,14.8,4,,,2,1,2,official_observed_reference,5db770dfcc4af12f4c871b6b6e4ff76c67798c35ba12566e5dce68cb852c09f4
2025-03-22,Malankara,0.1116,2.1648,0.0984,4.8,,,,2,2,2,official_observed_reference,5db770dfcc4af12f4c871b6b6e4ff76c67798c35ba12566e5dce68cb852c09f4
2025-03-22,Maniyar,0.013,0.193,0.0088,,,,,3,1,,official_observed_reference,5db770dfcc4af12f4c871b6b6e4ff76c67798c35ba12566e5dce68cb852c09f4
2025-03-22,Kuthungal,0.2151,2.9474,0.134,10.6,10,,,3,1,1,official_observed_reference,5db770dfcc4af12f4c871b6b6e4ff76c67798c35ba12566e5dce68cb852c09f4
2025-03-22,PES-Pallivasal,0.501,10.565,0.4802,,,,,2,,,official_observed_reference,5db770dfcc4af12f4c871b6b6e4ff76c67798c35ba12566e5dce68cb852c09f4
2025-03-23,Idukki,5.593,177.159,7.7026,562,21,,,6,4,5,official_observed_reference,5faeb7d0f7bdabcdc613d431f1c4f0dcc7b82159953e0abad2023b3e76112668
2025-03-23,Sabarigiri,1.86,39.3475,1.7108,190,19,,1,5,3,4,official_observed_reference,5faeb7d0f7bdabcdc613d431f1c4f0dcc7b82159953e0abad2023b3e76112668
2025-03-23,Idamalayar,0.939,26.5903,1.1561,61.4,,,,2,2,2,official_observed_reference,5faeb7d0f7bdabcdc613d431f1c4f0dcc7b82159953e0abad2023b3e76112668
2025-03-23,Sholayar,0.7332,19.8451,0.8628,54.4,22,,,3,3,3,official_observed_reference,5faeb7d0f7bdabcdc613d431f1c4f0dcc7b82159953e0abad2023b3e76112668
2025-03-23,Pallivasal,0.0492,2.1741,0.0945,14.4,18,1,2,3,1,3,official_observed_reference,5faeb7d0f7bdabcdc613d431f1c4f0dcc7b82159953e0abad2023b3e76112668
2025-03-23,Kuttiadi,0.5849,29.8246,1.2967,94.6,,1,,5,,3,official_observed_reference,5faeb7d0f7bdabcdc613d431f1c4f0dcc7b82159953e0abad2023b3e76112668
2025-03-23,Panniar,0.0218,4.0471,0.176,15.6,19,,,2,,1,official_observed_reference,5faeb7d0f7bdabcdc613d431f1c4f0dcc7b82159953e0abad2023b3e76112668
2025-03-23,Neriamangalam,0.363,8.7406,0.38,59.4,19,1,,3,,3,official_observed_reference,5faeb7d0f7bdabcdc613d431f1c4f0dcc7b82159953e0abad2023b3e76112668
2025-03-23,Lower Periyar,0.185,8.813,0.3832,54,6,1,,2,,1,official_observed_reference,5faeb7d0f7bdabcdc613d431f1c4f0dcc7b82159953e0abad2023b3e76112668
2025-03-23,"Poringalkuthu, PLBE",0.4203,7.5763,0.3294,46.14,19,,,6,1,6,official_observed_reference,5faeb7d0f7bdabcdc613d431f1c4f0dcc7b82159953e0abad2023b3e76112668
2025-03-23,Sengulam,0.3375,7.488,0.3256,38.2,22,1,,3,2,3,official_observed_reference,5faeb7d0f7bdabcdc613d431f1c4f0dcc7b82159953e0abad2023b3e76112668
2025-03-23,Kakkad,0.3021,4.9734,0.2162,25.02,6,1,,1,1,1,official_observed_reference,5faeb7d0f7bdabcdc613d431f1c4f0dcc7b82159953e0abad2023b3e76112668
2025-03-23,Kallada,0.2204,5.384,0.2341,14.2,4,,,2,2,2,official_observed_reference,5faeb7d0f7bdabcdc613d431f1c4f0dcc7b82159953e0abad2023b3e76112668
2025-03-23,Malankara,0.0929,2.2577,0.0982,4.5,7,,,2,2,2,official_observed_reference,5faeb7d0f7bdabcdc613d431f1c4f0dcc7b82159953e0abad2023b3e76112668
2025-03-23,Maniyar,,0.193,0.0084,,,,,3,,,official_observed_reference,5faeb7d0f7bdabcdc613d431f1c4f0dcc7b82159953e0abad2023b3e76112668
2025-03-23,Kuthungal,0.1944,3.1418,0.1366,9,,,,3,1,1,official_observed_reference,5faeb7d0f7bdabcdc613d431f1c4f0dcc7b82159953e0abad2023b3e76112668
2025-03-23,PES-Pallivasal,0.489,11.054,0.4806,,,,,2,,2,official_observed_reference,5faeb7d0f7bdabcdc613d431f1c4f0dcc7b82159953e0abad2023b3e76112668
2025-03-24,Idukki,8.283,185.442,7.7268,724,19,,,6,5,6,official_observed_reference,c31841fd285fab4b5a378d1737c2ffec4d86c2934e72fa16f5aff1b4a315243b
2025-03-24,Sabarigiri,3.9775,43.325,1.8052,270,19,,1,5,5,5,official_observed_reference,c31841fd285fab4b5a378d1737c2ffec4d86c2934e72fa16f5aff1b4a315243b
2025-03-24,Idamalayar,1.3181,27.9084,1.1629,61.8,12,,,2,2,2,official_observed_reference,c31841fd285fab4b5a378d1737c2ffec4d86c2934e72fa16f5aff1b4a315243b
2025-03-24,Sholayar,1.175,21.0201,0.8758,54.6,5,,,3,3,3,official_observed_reference,c31841fd285fab4b5a378d1737c2ffec4d86c2934e72fa16f5aff1b4a315243b
2025-03-24,Pallivasal,0.0394,2.2135,0.0922,7.2,19,1,2,3,,2,official_observed_reference,c31841fd285fab4b5a378d1737c2ffec4d86c2934e72fa16f5aff1b4a315243b
2025-03-24,Kuttiadi,1.1405,30.9651,1.2902,170.2,23,1,,5,,5,official_observed_reference,c31841fd285fab4b5a378d1737c2ffec4d86c2934e72fa16f5aff1b4a315243b
2025-03-24,Panniar,0.1925,4.2396,0.1767,31.2,18,,,2,,2,official_observed_reference,c31841fd285fab4b5a378d1737c2ffec4d86c2934e72fa16f5aff1b4a315243b
2025-03-24,Neriamangalam,0.4339,9.1745,0.3823,60.4,23,1,,3,2,3,official_observed_reference,c31841fd285fab4b5a378d1737c2ffec4d86c2934e72fa16f5aff1b4a315243b
2025-03-24,Lower Periyar,0.702,9.515,0.3965,112,19,1,,2,1,2,official_observed_reference,c31841fd285fab4b5a378d1737c2ffec4d86c2934e72fa16f5aff1b4a315243b
2025-03-24,"Poringalkuthu, PLBE",0.3183,7.8945,0.3289,51.28,19,,,6,1,6,official_observed_reference,c31841fd285fab4b5a378d1737c2ffec4d86c2934e72fa16f5aff1b4a315243b
2025-03-24,Sengulam,0.3252,7.8132,0.3256,39,21,1,,3,2,3,official_observed_reference,c31841fd285fab4b5a378d1737c2ffec4d86c2934e72fa16f5aff1b4a315243b
2025-03-24,Kakkad,0.6143,5.5876,0.2328,35.8,20,,,2,1,2,official_observed_reference,c31841fd285fab4b5a378d1737c2ffec4d86c2934e72fa16f5aff1b4a315243b
2025-03-24,Kallada,0.221,5.605,0.2335,14.2,4,,,2,2,2,official_observed_reference,c31841fd285fab4b5a378d1737c2ffec4d86c2934e72fa16f5aff1b4a315243b
2025-03-24,Malankara,0.0946,2.3523,0.098,4.8,21,,,2,2,2,official_observed_reference,c31841fd285fab4b5a378d1737c2ffec4d86c2934e72fa16f5aff1b4a315243b
2025-03-24,Maniyar,0.0314,0.2244,0.0094,,,,,3,1,2,official_observed_reference,c31841fd285fab4b5a378d1737c2ffec4d86c2934e72fa16f5aff1b4a315243b
2025-03-24,Kuthungal,0.1993,3.3411,0.1392,9.6,5,,,3,2,2,official_observed_reference,c31841fd285fab4b5a378d1737c2ffec4d86c2934e72fa16f5aff1b4a315243b
2025-03-24,PES-Pallivasal,0.487,11.541,0.4809,,,,,2,,2,official_observed_reference,c31841fd285fab4b5a378d1737c2ffec4d86c2934e72fa16f5aff1b4a315243b
2025-03-25,Idukki,9.389,194.831,7.7932,728,20,,,6,5,6,official_observed_reference,71dc4663dcb0f790567836a2131b70ae8d80d891c389c145ec96f95c4edffb50
2025-03-25,Sabarigiri,3.7725,47.0975,1.8839,270,6,,1,5,5,5,official_observed_reference,71dc4663dcb0f790567836a2131b70ae8d80d891c389c145ec96f95c4edffb50
2025-03-25,Idamalayar,1.2724,29.1808,1.1672,61.2,,,,2,2,2,official_observed_reference,71dc4663dcb0f790567836a2131b70ae8d80d891c389c145ec96f95c4edffb50
2025-03-25,Sholayar,0.9884,22.0085,0.8803,54.6,8,,,3,3,3,official_observed_reference,71dc4663dcb0f790567836a2131b70ae8d80d891c389c145ec96f95c4edffb50
2025-03-25,Pallivasal,0.0331,2.2466,0.0899,7.2,18,1,2,3,,2,official_observed_reference,71dc4663dcb0f790567836a2131b70ae8d80d891c389c145ec96f95c4edffb50
2025-03-25,Kuttiadi,1.2788,32.2439,1.2898,184.6,19,1,,5,,5,official_observed_reference,71dc4663dcb0f790567836a2131b70ae8d80d891c389c145ec96f95c4edffb50
2025-03-25,Panniar,0.1932,4.4328,0.1773,31.2,20,,,2,,2,official_observed_reference,71dc4663dcb0f790567836a2131b70ae8d80d891c389c145ec96f95c4edffb50
2025-03-25,Neriamangalam,0.429,9.6035,0.3841,59.6,22,1,,3,,3,official_observed_reference,71dc4663dcb0f790567836a2131b70ae8d80d891c389c145ec96f95c4edffb50
2025-03-25,Lower Periyar,0.43,9.945,0.3978,100,19,1,,2,,2,official_observed_reference,71dc4663dcb0f790567836a2131b70ae8d80d891c389c145ec96f95c4edffb50
2025-03-25,"Poringalkuthu, PLBE",0.3412,8.2358,0.3294,49.4,19,,,6,1,6,official_observed_reference,71dc4663dcb0f790567836a2131b70ae8d80d891c389c145ec96f95c4edffb50
2025-03-25,Sengulam,0.2842,8.0974,0.3239,38.4,20,1,,3,1,3,official_observed_reference,71dc4663dcb0f790567836a2131b70ae8d80d891c389c145ec96f95c4edffb50
2025-03-25,Kakkad,0.5589,6.1465,0.2459,36.02,20,,,2,1,2,official_observed_reference,71dc4663dcb0f790567836a2131b70ae8d80d891c389c145ec96f95c4edffb50
2025-03-25,Kallada,0.2183,5.8233,0.2329,13.2,7,,,2,2,2,official_observed_reference,71dc4663dcb0f790567836a2131b70ae8d80d891c389c145ec96f95c4edffb50
2025-03-25,Malankara,0.1122,2.4645,0.0986,4.8,1,,,2,2,2,official_observed_reference,71dc4663dcb0f790567836a2131b70ae8d80d891c389c145ec96f95c4edffb50
2025-03-25,Maniyar,0.0474,0.2719,0.0109,,,,,3,1,1,official_observed_reference,71dc4663dcb0f790567836a2131b70ae8d80d891c389c145ec96f95c4edffb50
2025-03-25,Kuthungal,0.194,3.5351,0.1414,8.8,2,,,3,2,2,official_observed_reference,71dc4663dcb0f790567836a2131b70ae8d80d891c389c145ec96f95c4edffb50
2025-03-25,PES-Pallivasal,0.466,12.007,0.4803,,,,,2,1,2,official_observed_reference,71dc4663dcb0f790567836a2131b70ae8d80d891c389c145ec96f95c4edffb50
2025-03-26,Idukki,8.442,203.273,7.8182,698,19,,,6,4,6,official_observed_reference,7f3547468e3b2110f18e6008b3e607d1ca3b25731b3aceeff83482600d77d37a
2025-03-26,Sabarigiri,2.705,49.8025,1.9155,275,21,,1,5,3,5,official_observed_reference,7f3547468e3b2110f18e6008b3e607d1ca3b25731b3aceeff83482600d77d37a
2025-03-26,Idamalayar,1.2772,30.458,1.1715,61.2,8,,,2,2,2,official_observed_reference,7f3547468e3b2110f18e6008b3e607d1ca3b25731b3aceeff83482600d77d37a
2025-03-26,Sholayar,0.9291,22.9376,0.8822,54.6,6,,,3,3,1,official_observed_reference,7f3547468e3b2110f18e6008b3e607d1ca3b25731b3aceeff83482600d77d37a
2025-03-26,Pallivasal,0.0273,2.2739,0.0875,7.8,18,1,2,3,,2,official_observed_reference,7f3547468e3b2110f18e6008b3e607d1ca3b25731b3aceeff83482600d77d37a
2025-03-26,Kuttiadi,1.064,33.3079,1.2811,168,19,1,,5,,5,official_observed_reference,7f3547468e3b2110f18e6008b3e607d1ca3b25731b3aceeff83482600d77d37a
2025-03-26,Panniar,0.2058,4.6386,0.1784,31.2,20,,,2,,2,official_observed_reference,7f3547468e3b2110f18e6008b3e607d1ca3b25731b3aceeff83482600d77d37a
2025-03-26,Neriamangalam,0.4128,10.0163,0.3852,60.4,20,1,,3,,3,official_observed_reference,7f3547468e3b2110f18e6008b3e607d1ca3b25731b3aceeff83482600d77d37a
2025-03-26,Lower Periyar,0.511,10.456,0.4022,114,20,1,,2,,2,official_observed_reference,7f3547468e3b2110f18e6008b3e607d1ca3b25731b3aceeff83482600d77d37a
2025-03-26,"Poringalkuthu, PLBE",0.1916,8.4273,0.3241,51.8,20,,,6,1,6,official_observed_reference,7f3547468e3b2110f18e6008b3e607d1ca3b25731b3aceeff83482600d77d37a
2025-03-26,Sengulam,0.3353,8.4327,0.3243,38.4,19,1,,3,,3,official_observed_reference,7f3547468e3b2110f18e6008b3e607d1ca3b25731b3aceeff83482600d77d37a
2025-03-26,Kakkad,0.3238,6.4703,0.2489,39.02,21,,,2,2,1,official_observed_reference,7f3547468e3b2110f18e6008b3e607d1ca3b25731b3aceeff83482600d77d37a
2025-03-26,Kallada,0.2167,6.04,0.2323,13,6,,,2,2,2,official_observed_reference,7f3547468e3b2110f18e6008b3e607d1ca3b25731b3aceeff83482600d77d37a
2025-03-26,Malankara,0.1128,2.5773,0.0991,4.8,,,,2,2,2,official_observed_reference,7f3547468e3b2110f18e6008b3e607d1ca3b25731b3aceeff83482600d77d37a
2025-03-26,Maniyar,0.0193,0.2911,0.0112,,,,,3,1,,official_observed_reference,7f3547468e3b2110f18e6008b3e607d1ca3b25731b3aceeff83482600d77d37a
2025-03-26,Kuthungal,0.1888,3.7239,0.1432,8.6,1,,,3,2,2,official_observed_reference,7f3547468e3b2110f18e6008b3e607d1ca3b25731b3aceeff83482600d77d37a
2025-03-26,PES-Pallivasal,0.491,12.498,0.4807,,,,,2,1,2,official_observed_reference,7f3547468e3b2110f18e6008b3e607d1ca3b25731b3aceeff83482600d77d37a
2025-03-27,Idukki,7.436,210.709,7.804,726,23,,,6,5,5,official_observed_reference,9c9393fbfb6e370ea58ed15ad351df9f8d6f36ac25b2571b9e7938c72dd35ed2
2025-03-27,Sabarigiri,2.545,52.3475,1.9388,270,17,,1,5,4,5,official_observed_reference,9c9393fbfb6e370ea58ed15ad351df9f8d6f36ac25b2571b9e7938c72dd35ed2
2025-03-27,Idamalayar,1.2495,31.7075,1.1744,60.4,,,,2,2,2,official_observed_reference,9c9393fbfb6e370ea58ed15ad351df9f8d6f36ac25b2571b9e7938c72dd35ed2
2025-03-27,Sholayar,0.8879,23.8255,0.8824,54.4,6,,,3,3,3,official_observed_reference,9c9393fbfb6e370ea58ed15ad351df9f8d6f36ac25b2571b9e7938c72dd35ed2
2025-03-27,Pallivasal,0.0385,2.3124,0.0856,7.4,21,1,2,3,,2,official_observed_reference,9c9393fbfb6e370ea58ed15ad351df9f8d6f36ac25b2571b9e7938c72dd35ed2
2025-03-27,Kuttiadi,1.3477,34.6556,1.2835,195.2,23,1,,5,2,5,official_observed_reference,9c9393fbfb6e370ea58ed15ad351df9f8d6f36ac25b2571b9e7938c72dd35ed2
2025-03-27,Panniar,0.225,4.8636,0.1801,31.2,18,,,2,,2,official_observed_reference,9c9393fbfb6e370ea58ed15ad351df9f8d6f36ac25b2571b9e7938c72dd35ed2
2025-03-27,Neriamangalam,0.4389,10.4552,0.3872,59.6,21,1,,3,,3,official_observed_reference,9c9393fbfb6e370ea58ed15ad351df9f8d6f36ac25b2571b9e7938c72dd35ed2
2025-03-27,Lower Periyar,0.526,10.982,0.4067,114,18,1,,2,,2,official_observed_reference,9c9393fbfb6e370ea58ed15ad351df9f8d6f36ac25b2571b9e7938c72dd35ed2
2025-03-27,"Poringalkuthu, PLBE",0.3534,8.7808,0.3252,51.22,19,,,6,2,6,official_observed_reference,9c9393fbfb6e370ea58ed15ad351df9f8d6f36ac25b2571b9e7938c72dd35ed2
2025-03-27,Sengulam,0.3179,8.7506,0.3241,38.2,18,1,,3,,3,official_observed_reference,9c9393fbfb6e370ea58ed15ad351df9f8d6f36ac25b2571b9e7938c72dd35ed2
2025-03-27,Kakkad,0.3359,6.8062,0.2521,25.38,,,,2,1,1,official_observed_reference,9c9393fbfb6e370ea58ed15ad351df9f8d6f36ac25b2571b9e7938c72dd35ed2
2025-03-27,Kallada,0.216,6.256,0.2317,13.2,17,,,2,2,2,official_observed_reference,9c9393fbfb6e370ea58ed15ad351df9f8d6f36ac25b2571b9e7938c72dd35ed2
2025-03-27,Malankara,0.1037,2.681,0.0993,4.8,1,,,2,2,2,official_observed_reference,9c9393fbfb6e370ea58ed15ad351df9f8d6f36ac25b2571b9e7938c72dd35ed2
2025-03-27,Maniyar,0.0099,0.301,0.0111,,,,,3,1,,official_observed_reference,9c9393fbfb6e370ea58ed15ad351df9f8d6f36ac25b2571b9e7938c72dd35ed2
2025-03-27,Kuthungal,0.213,3.9369,0.1458,10.8,17,,,3,2,2,official_observed_reference,9c9393fbfb6e370ea58ed15ad351df9f8d6f36ac25b2571b9e7938c72dd35ed2
2025-03-27,PES-Pallivasal,0.552,13.05,0.4833,,,,,2,1,2,official_observed_reference,9c9393fbfb6e370ea58ed15ad351df9f8d6f36ac25b2571b9e7938c72dd35ed2
2025-03-28,Idukki,9.789,220.498,7.8749,730,21,,,6,5,6,official_observed_reference,711beb1b1aba0dd59a98c3c4d84f6b20952b13f8dee60c690c15d28a836c1441
2025-03-28,Sabarigiri,2.495,54.8425,1.9587,275,21,,1,5,2,5,official_observed_reference,711beb1b1aba0dd59a98c3c4d84f6b20952b13f8dee60c690c15d28a836c1441
2025-03-28,Idamalayar,1.3107,33.0182,1.1792,61.6,10,,,2,2,2,official_observed_reference,711beb1b1aba0dd59a98c3c4d84f6b20952b13f8dee60c690c15d28a836c1441
2025-03-28,Sholayar,0.9479,24.7734,0.8848,54.4,18,,,3,3,3,official_observed_reference,711beb1b1aba0dd59a98c3c4d84f6b20952b13f8dee60c690c15d28a836c1441
2025-03-28,Pallivasal,0.0065,2.3189,0.0828,2.2,19,1,2,3,,1,official_observed_reference,711beb1b1aba0dd59a98c3c4d84f6b20952b13f8dee60c690c15d28a836c1441
2025-03-28,Kuttiadi,1.4082,36.0638,1.288,196.6,20,1,,5,,5,official_observed_reference,711beb1b1aba0dd59a98c3c4d84f6b20952b13f8dee60c690c15d28a836c1441
2025-03-28,Panniar,0.2831,5.1467,0.1838,31.2,,,,2,,2,official_observed_reference,711beb1b1aba0dd59a98c3c4d84f6b20952b13f8dee60c690c15d28a836c1441
2025-03-28,Neriamangalam,0.4848,10.94,0.3907,59.8,18,1,,3,,3,official_observed_reference,711beb1b1aba0dd59a98c3c4d84f6b20952b13f8dee60c690c15d28a836c1441
2025-03-28,Lower Periyar,0.599,11.581,0.4136,112,19,1,,2,,2,official_observed_reference,711beb1b1aba0dd59a98c3c4d84f6b20952b13f8dee60c690c15d28a836c1441
2025-03-28,"Poringalkuthu, PLBE",0.4707,9.2515,0.3304,42.56,22,,,6,1,5,official_observed_reference,711beb1b1aba0dd59a98c3c4d84f6b20952b13f8dee60c690c15d28a836c1441
2025-03-28,Sengulam,0.3983,9.1489,0.3267,49.4,19,,,4,1,4,official_observed_reference,711beb1b1aba0dd59a98c3c4d84f6b20952b13f8dee60c690c15d28a836c1441
2025-03-28,Kakkad,0.5252,7.3314,0.2618,36.24,23,,,2,1,2,official_observed_reference,711beb1b1aba0dd59a98c3c4d84f6b20952b13f8dee60c690c15d28a836c1441
2025-03-28,Kallada,0.2158,6.4718,0.2311,13,6,,,2,2,2,official_observed_reference,711beb1b1aba0dd59a98c3c4d84f6b20952b13f8dee60c690c15d28a836c1441
2025-03-28,Malankara,0.1076,2.7886,0.0996,5.4,9,,,2,2,2,official_observed_reference,711beb1b1aba0dd59a98c3c4d84f6b20952b13f8dee60c690c15d28a836c1441
2025-03-28,Maniyar,0.02,0.321,0.0115,,,,,3,1,1,official_observed_reference,711beb1b1aba0dd59a98c3c4d84f6b20952b13f8dee60c690c15d28a836c1441
2025-03-28,Kuthungal,0.1894,4.1263,0.1474,8.6,,,,3,2,2,official_observed_reference,711beb1b1aba0dd59a98c3c4d84f6b20952b13f8dee60c690c15d28a836c1441
2025-03-28,PES-Pallivasal,0.472,13.522,0.4829,,,,,2,1,2,official_observed_reference,711beb1b1aba0dd59a98c3c4d84f6b20952b13f8dee60c690c15d28a836c1441
2025-03-29,Idukki,9.631,230.129,7.9355,730,17,,,6,5,6,official_observed_reference,b87802f5c6889ce966344727d6f11c40e29563b55ca5a9a7b4c84c2146648643
2025-03-29,Sabarigiri,2.6225,57.465,1.9816,280,22,,1,5,,5,official_observed_reference,b87802f5c6889ce966344727d6f11c40e29563b55ca5a9a7b4c84c2146648643
2025-03-29,Idamalayar,1.0397,34.0579,1.1744,60,6,,,2,2,2,official_observed_reference,b87802f5c6889ce966344727d6f11c40e29563b55ca5a9a7b4c84c2146648643
2025-03-29,Sholayar,0.9697,25.7431,0.8877,54.6,17,,,3,3,3,official_observed_reference,b87802f5c6889ce966344727d6f11c40e29563b55ca5a9a7b4c84c2146648643
2025-03-29,Pallivasal,0.0253,2.3442,0.0808,7.2,18,1,2,3,,2,official_observed_reference,b87802f5c6889ce966344727d6f11c40e29563b55ca5a9a7b4c84c2146648643
2025-03-29,Kuttiadi,1.5513,37.6151,1.2971,192.8,,1,,5,,5,official_observed_reference,b87802f5c6889ce966344727d6f11c40e29563b55ca5a9a7b4c84c2146648643
2025-03-29,Panniar,0.2517,5.3984,0.1862,31.4,18,,,2,,2,official_observed_reference,b87802f5c6889ce966344727d6f11c40e29563b55ca5a9a7b4c84c2146648643
2025-03-29,Neriamangalam,0.4973,11.4373,0.3944,60.6,20,1,,3,,3,official_observed_reference,b87802f5c6889ce966344727d6f11c40e29563b55ca5a9a7b4c84c2146648643
2025-03-29,Lower Periyar,0.433,12.014,0.4143,116,20,1,,2,,2,official_observed_reference,b87802f5c6889ce966344727d6f11c40e29563b55ca5a9a7b4c84c2146648643
2025-03-29,"Poringalkuthu, PLBE",0.4007,9.6522,0.3328,50.24,20,,,6,1,5,official_observed_reference,b87802f5c6889ce966344727d6f11c40e29563b55ca5a9a7b4c84c2146648643
2025-03-29,Sengulam,0.3046,9.4535,0.326,51,20,,,4,,4,official_observed_reference,b87802f5c6889ce966344727d6f11c40e29563b55ca5a9a7b4c84c2146648643
2025-03-29,Kakkad,0.377,7.7085,0.2658,35.82,16,,,2,,2,official_observed_reference,b87802f5c6889ce966344727d6f11c40e29563b55ca5a9a7b4c84c2146648643
2025-03-29,Kallada,0.2075,6.6793,0.2303,12.8,5,,,2,2,2,official_observed_reference,b87802f5c6889ce966344727d6f11c40e29563b55ca5a9a7b4c84c2146648643
2025-03-29,Malankara,0.1122,2.9008,0.1,5.4,4,,,2,2,3,official_observed_reference,b87802f5c6889ce966344727d6f11c40e29563b55ca5a9a7b4c84c2146648643
2025-03-29,Maniyar,0.0245,0.3455,0.0119,,,,,3,1,1,official_observed_reference,b87802f5c6889ce966344727d6f11c40e29563b55ca5a9a7b4c84c2146648643
2025-03-29,Kuthungal,0.1899,4.3162,0.1488,9,16,,,3,,,official_observed_reference,b87802f5c6889ce966344727d6f11c40e29563b55ca5a9a7b4c84c2146648643
2025-03-29,PES-Pallivasal,0.485,14.007,0.483,,,,,2,,,official_observed_reference,b87802f5c6889ce966344727d6f11c40e29563b55ca5a9a7b4c84c2146648643
2025-03-30,Idukki,8.513,238.642,7.9547,728,23,,,6,3,6,official_observed_reference,5f9f40d59b7156a26225bfe9103074dd9039b4a8852935f3e0bf4f2bf34403fe
2025-03-30,Sabarigiri,2.905,60.37,2.0123,275,,,1,5,1,5,official_observed_reference,5f9f40d59b7156a26225bfe9103074dd9039b4a8852935f3e0bf4f2bf34403fe
2025-03-30,Idamalayar,1.0896,35.1475,1.1716,59.8,,,,2,2,2,official_observed_reference,5f9f40d59b7156a26225bfe9103074dd9039b4a8852935f3e0bf4f2bf34403fe
2025-03-30,Sholayar,0.6225,26.3656,0.8789,54.4,6,,,3,2,3,official_observed_reference,5f9f40d59b7156a26225bfe9103074dd9039b4a8852935f3e0bf4f2bf34403fe
2025-03-30,Pallivasal,0.0307,2.3749,0.0792,7.2,19,1,2,3,,2,official_observed_reference,5f9f40d59b7156a26225bfe9103074dd9039b4a8852935f3e0bf4f2bf34403fe
2025-03-30,Kuttiadi,1.1643,38.7794,1.2926,182.6,,1,,5,,5,official_observed_reference,5f9f40d59b7156a26225bfe9103074dd9039b4a8852935f3e0bf4f2bf34403fe
2025-03-30,Panniar,0.2867,5.6851,0.1895,31.2,23,,,2,,2,official_observed_reference,5f9f40d59b7156a26225bfe9103074dd9039b4a8852935f3e0bf4f2bf34403fe
2025-03-30,Neriamangalam,0.4,11.8373,0.3946,59.6,20,1,,3,,3,official_observed_reference,5f9f40d59b7156a26225bfe9103074dd9039b4a8852935f3e0bf4f2bf34403fe
2025-03-30,Lower Periyar,0.008,12.022,0.4007,16,,1,,2,,,official_observed_reference,5f9f40d59b7156a26225bfe9103074dd9039b4a8852935f3e0bf4f2bf34403fe
2025-03-30,"Poringalkuthu, PLBE",0.4752,10.1274,0.3376,45.34,19,,,6,1,5,official_observed_reference,5f9f40d59b7156a26225bfe9103074dd9039b4a8852935f3e0bf4f2bf34403fe
2025-03-30,Sengulam,0.1777,9.6312,0.321,38.4,19,,,4,,3,official_observed_reference,5f9f40d59b7156a26225bfe9103074dd9039b4a8852935f3e0bf4f2bf34403fe
2025-03-30,Kakkad,0.3598,8.0683,0.2689,35.72,23,,,2,,2,official_observed_reference,5f9f40d59b7156a26225bfe9103074dd9039b4a8852935f3e0bf4f2bf34403fe
2025-03-30,Kallada,0.2181,6.8974,0.2299,13,22,,,2,2,2,official_observed_reference,5f9f40d59b7156a26225bfe9103074dd9039b4a8852935f3e0bf4f2bf34403fe
2025-03-30,Malankara,0.1113,3.0121,0.1004,5.4,4,,,2,2,2,official_observed_reference,5f9f40d59b7156a26225bfe9103074dd9039b4a8852935f3e0bf4f2bf34403fe
2025-03-30,Maniyar,0.0184,0.364,0.0121,,,,,3,1,,official_observed_reference,5f9f40d59b7156a26225bfe9103074dd9039b4a8852935f3e0bf4f2bf34403fe
2025-03-30,Kuthungal,0.1872,4.5034,0.1501,9.8,15,,,3,2,2,official_observed_reference,5f9f40d59b7156a26225bfe9103074dd9039b4a8852935f3e0bf4f2bf34403fe
2025-03-30,PES-Pallivasal,0.527,14.534,0.4845,,,,,2,1,2,official_observed_reference,5f9f40d59b7156a26225bfe9103074dd9039b4a8852935f3e0bf4f2bf34403fe
2025-03-31,Idukki,6.398,245.04,7.9045,682,23,,,6,4,6,official_observed_reference,d8ca0c43a5d2301b0fb68341decbe72207294415b1c4400613d919fa3e6ea656
2025-03-31,Sabarigiri,2.98,63.35,2.0435,285,6,,1,5,5,5,official_observed_reference,d8ca0c43a5d2301b0fb68341decbe72207294415b1c4400613d919fa3e6ea656
2025-03-31,Idamalayar,1.0075,36.155,1.1663,59.6,7,,,2,2,2,official_observed_reference,d8ca0c43a5d2301b0fb68341decbe72207294415b1c4400613d919fa3e6ea656
2025-03-31,Sholayar,0.9209,27.2865,0.8802,54.4,6,,,3,3,3,official_observed_reference,d8ca0c43a5d2301b0fb68341decbe72207294415b1c4400613d919fa3e6ea656
2025-03-31,Pallivasal,0.0295,2.4044,0.0776,7.2,19,1,2,3,,2,official_observed_reference,d8ca0c43a5d2301b0fb68341decbe72207294415b1c4400613d919fa3e6ea656
2025-03-31,Kuttiadi,1.1713,39.9507,1.2887,187,23,1,,5,,5,official_observed_reference,d8ca0c43a5d2301b0fb68341decbe72207294415b1c4400613d919fa3e6ea656
2025-03-31,Panniar,0.2104,5.8955,0.1902,31.2,23,,,2,,2,official_observed_reference,d8ca0c43a5d2301b0fb68341decbe72207294415b1c4400613d919fa3e6ea656
2025-03-31,Neriamangalam,0.372,12.2093,0.3938,60.4,21,1,,3,,3,official_observed_reference,d8ca0c43a5d2301b0fb68341decbe72207294415b1c4400613d919fa3e6ea656
2025-03-31,Lower Periyar,0.663,12.685,0.4092,116,19,1,,2,1,2,official_observed_reference,d8ca0c43a5d2301b0fb68341decbe72207294415b1c4400613d919fa3e6ea656
2025-03-31,"Poringalkuthu, PLBE",0.397,10.5243,0.3395,50.94,19,,,6,1,6,official_observed_reference,d8ca0c43a5d2301b0fb68341decbe72207294415b1c4400613d919fa3e6ea656
2025-03-31,Sengulam,0.4323,10.0635,0.3246,51,19,,,4,2,4,official_observed_reference,d8ca0c43a5d2301b0fb68341decbe72207294415b1c4400613d919fa3e6ea656
2025-03-31,Kakkad,0.4349,8.5032,0.2743,35.86,17,,,2,1,2,official_observed_reference,d8ca0c43a5d2301b0fb68341decbe72207294415b1c4400613d919fa3e6ea656
2025-03-31,Kallada,0.2158,7.1132,0.2295,14,17,,,2,2,2,official_observed_reference,d8ca0c43a5d2301b0fb68341decbe72207294415b1c4400613d919fa3e6ea656
2025-03-31,Malankara,0.1071,3.1192,0.1006,4.8,,,,2,2,2,official_observed_reference,d8ca0c43a5d2301b0fb68341decbe72207294415b1c4400613d919fa3e6ea656
2025-03-31,Maniyar,0.0372,0.4012,0.0129,,,,,3,,,official_observed_reference,d8ca0c43a5d2301b0fb68341decbe72207294415b1c4400613d919fa3e6ea656
2025-03-31,Kuthungal,0.1836,4.687,0.1512,8.2,1,,,3,2,2,official_observed_reference,d8ca0c43a5d2301b0fb68341decbe72207294415b1c4400613d919fa3e6ea656
2025-03-31,PES-Pallivasal,0.49,15.024,0.4846,,,,,2,1,2,official_observed_reference,d8ca0c43a5d2301b0fb68341decbe72207294415b1c4400613d919fa3e6ea656
