date,interface_name_as_reported,import_mu,month_cumulative_mu,source_daily_average_mu,classification,source_sha256
2024-04-01,400KV MDKA,11.856,11.856,11.856,official_observed_reference,2a63792087fc1ac0110ff492517dac23b39bc3b888f03c5435634fdb8c8aa989
2024-04-01,400KV PKKD,9.7,9.7,,official_observed_reference,2a63792087fc1ac0110ff492517dac23b39bc3b888f03c5435634fdb8c8aa989
2024-04-01,400KV KOCHI+KOTTAYAM,17.924,17.924,17.924,official_observed_reference,2a63792087fc1ac0110ff492517dac23b39bc3b888f03c5435634fdb8c8aa989
2024-04-01,400KV KOZHKOD,16.11,16.11,,official_observed_reference,2a63792087fc1ac0110ff492517dac23b39bc3b888f03c5435634fdb8c8aa989
2024-04-01,400KV NORTH TRSR,7.94,7.94,7.94,official_observed_reference,2a63792087fc1ac0110ff492517dac23b39bc3b888f03c5435634fdb8c8aa989
2024-04-01,400KV TVM,10.108,10.108,,official_observed_reference,2a63792087fc1ac0110ff492517dac23b39bc3b888f03c5435634fdb8c8aa989
2024-04-01,220KV_KNPA+SBGR +PVUD+EDMN,8.9816,8.9816,8.9816,official_observed_reference,2a63792087fc1ac0110ff492517dac23b39bc3b888f03c5435634fdb8c8aa989
2024-04-01,110KV_MJSM +PRSLA,0.7148,0.7148,,official_observed_reference,2a63792087fc1ac0110ff492517dac23b39bc3b888f03c5435634fdb8c8aa989
2024-04-02,400KV MDKA,11.66,23.516,11.758,official_observed_reference,937af3a69a8a3b2b57a0b902c50cea97c280b43283984bcfaa6ec1979a240375
2024-04-02,400KV PKKD,9.818,19.518,,official_observed_reference,937af3a69a8a3b2b57a0b902c50cea97c280b43283984bcfaa6ec1979a240375
2024-04-02,400KV KOCHI+KOTTAYAM,17.431,35.355,17.6775,official_observed_reference,937af3a69a8a3b2b57a0b902c50cea97c280b43283984bcfaa6ec1979a240375
2024-04-02,400KV KOZHKOD,16.725,32.835,,official_observed_reference,937af3a69a8a3b2b57a0b902c50cea97c280b43283984bcfaa6ec1979a240375
2024-04-02,400KV NORTH TRSR,7.9799,15.9199,7.96,official_observed_reference,937af3a69a8a3b2b57a0b902c50cea97c280b43283984bcfaa6ec1979a240375
2024-04-02,400KV TVM,10.011,20.119,,official_observed_reference,937af3a69a8a3b2b57a0b902c50cea97c280b43283984bcfaa6ec1979a240375
2024-04-02,220KV_KNPA+SBGR +PVUD+EDMN,9.1171,18.0986,9.0493,official_observed_reference,937af3a69a8a3b2b57a0b902c50cea97c280b43283984bcfaa6ec1979a240375
2024-04-02,110KV_MJSM +PRSLA,0.7083,1.4231,,official_observed_reference,937af3a69a8a3b2b57a0b902c50cea97c280b43283984bcfaa6ec1979a240375
2024-04-03,400KV MDKA,11.744,35.26,11.7533,official_observed_reference,e5477518254b041f5434965ebfb6701e0c8588c8b0405e761a5e6cdf0273417a
2024-04-03,400KV PKKD,9.841,29.359,,official_observed_reference,e5477518254b041f5434965ebfb6701e0c8588c8b0405e761a5e6cdf0273417a
2024-04-03,400KV KOCHI+KOTTAYAM,16.741,52.096,17.3653,official_observed_reference,e5477518254b041f5434965ebfb6701e0c8588c8b0405e761a5e6cdf0273417a
2024-04-03,400KV KOZHKOD,16.714,49.549,,official_observed_reference,e5477518254b041f5434965ebfb6701e0c8588c8b0405e761a5e6cdf0273417a
2024-04-03,400KV NORTH TRSR,8.0362,23.9561,7.9854,official_observed_reference,e5477518254b041f5434965ebfb6701e0c8588c8b0405e761a5e6cdf0273417a
2024-04-03,400KV TVM,10.083,30.202,,official_observed_reference,e5477518254b041f5434965ebfb6701e0c8588c8b0405e761a5e6cdf0273417a
2024-04-03,220KV_KNPA+SBGR +PVUD+EDMN,9.2168,27.3155,9.1052,official_observed_reference,e5477518254b041f5434965ebfb6701e0c8588c8b0405e761a5e6cdf0273417a
2024-04-03,110KV_MJSM +PRSLA,0.7444,2.1675,,official_observed_reference,e5477518254b041f5434965ebfb6701e0c8588c8b0405e761a5e6cdf0273417a
2024-04-04,400KV MDKA,11.775,47.035,11.7588,official_observed_reference,652c8729633454ccd7e0f8c80273f8820d9c2fc0058bca5f894f13d70673214e
2024-04-04,400KV PKKD,9.76,39.119,,official_observed_reference,652c8729633454ccd7e0f8c80273f8820d9c2fc0058bca5f894f13d70673214e
2024-04-04,400KV KOCHI+KOTTAYAM,15.644,67.74,16.935,official_observed_reference,652c8729633454ccd7e0f8c80273f8820d9c2fc0058bca5f894f13d70673214e
2024-04-04,400KV KOZHKOD,16.285,65.834,,official_observed_reference,652c8729633454ccd7e0f8c80273f8820d9c2fc0058bca5f894f13d70673214e
2024-04-04,400KV NORTH TRSR,7.8577,31.8139,7.9535,official_observed_reference,652c8729633454ccd7e0f8c80273f8820d9c2fc0058bca5f894f13d70673214e
2024-04-04,400KV TVM,9.633,39.835,,official_observed_reference,652c8729633454ccd7e0f8c80273f8820d9c2fc0058bca5f894f13d70673214e
2024-04-04,220KV_KNPA+SBGR +PVUD+EDMN,8.4256,35.7411,8.9353,official_observed_reference,652c8729633454ccd7e0f8c80273f8820d9c2fc0058bca5f894f13d70673214e
2024-04-04,110KV_MJSM +PRSLA,0.8596,3.0271,,official_observed_reference,652c8729633454ccd7e0f8c80273f8820d9c2fc0058bca5f894f13d70673214e
2024-04-05,400KV MDKA,12.048,59.083,11.8166,official_observed_reference,deb9194b1fd5ceb4519a99bc014b589eb5bf70acdf00a77241de99f73946c699
2024-04-05,400KV PKKD,9.721,48.84,,official_observed_reference,deb9194b1fd5ceb4519a99bc014b589eb5bf70acdf00a77241de99f73946c699
2024-04-05,400KV KOCHI+KOTTAYAM,15.004,82.744,16.5488,official_observed_reference,deb9194b1fd5ceb4519a99bc014b589eb5bf70acdf00a77241de99f73946c699
2024-04-05,400KV KOZHKOD,15.989,81.823,,official_observed_reference,deb9194b1fd5ceb4519a99bc014b589eb5bf70acdf00a77241de99f73946c699
2024-04-05,400KV NORTH TRSR,8.0766,39.8904,7.9781,official_observed_reference,deb9194b1fd5ceb4519a99bc014b589eb5bf70acdf00a77241de99f73946c699
2024-04-05,400KV TVM,9.574,49.409,,official_observed_reference,deb9194b1fd5ceb4519a99bc014b589eb5bf70acdf00a77241de99f73946c699
2024-04-05,220KV_KNPA+SBGR +PVUD+EDMN,7.8241,43.5652,8.713,official_observed_reference,deb9194b1fd5ceb4519a99bc014b589eb5bf70acdf00a77241de99f73946c699
2024-04-05,110KV_MJSM +PRSLA,0.8722,3.8994,,official_observed_reference,deb9194b1fd5ceb4519a99bc014b589eb5bf70acdf00a77241de99f73946c699
2024-04-06,400KV MDKA,12.495,71.578,11.9297,official_observed_reference,d31486119ebf50d355ff55ec14368de5db3dbaa09333599e58dcbdd96da0545b
2024-04-06,400KV PKKD,9.77,58.61,,official_observed_reference,d31486119ebf50d355ff55ec14368de5db3dbaa09333599e58dcbdd96da0545b
2024-04-06,400KV KOCHI+KOTTAYAM,17.137,99.881,16.6468,official_observed_reference,d31486119ebf50d355ff55ec14368de5db3dbaa09333599e58dcbdd96da0545b
2024-04-06,400KV KOZHKOD,16.437,98.26,,official_observed_reference,d31486119ebf50d355ff55ec14368de5db3dbaa09333599e58dcbdd96da0545b
2024-04-06,400KV NORTH TRSR,8.3161,48.2065,8.0344,official_observed_reference,d31486119ebf50d355ff55ec14368de5db3dbaa09333599e58dcbdd96da0545b
2024-04-06,400KV TVM,9.831,59.24,,official_observed_reference,d31486119ebf50d355ff55ec14368de5db3dbaa09333599e58dcbdd96da0545b
2024-04-06,220KV_KNPA+SBGR +PVUD+EDMN,8.5865,52.1517,8.6919,official_observed_reference,d31486119ebf50d355ff55ec14368de5db3dbaa09333599e58dcbdd96da0545b
2024-04-06,110KV_MJSM +PRSLA,0.9279,4.8272,,official_observed_reference,d31486119ebf50d355ff55ec14368de5db3dbaa09333599e58dcbdd96da0545b
2024-04-07,400KV MDKA,12.021,83.599,11.9427,official_observed_reference,8bdab967ef4db5a0cc3b92e3e5e84ebd738f62b5d03b291298152e8169ff64d0
2024-04-07,400KV PKKD,9.977,68.587,,official_observed_reference,8bdab967ef4db5a0cc3b92e3e5e84ebd738f62b5d03b291298152e8169ff64d0
2024-04-07,400KV KOCHI+KOTTAYAM,17.457,117.338,16.7626,official_observed_reference,8bdab967ef4db5a0cc3b92e3e5e84ebd738f62b5d03b291298152e8169ff64d0
2024-04-07,400KV KOZHKOD,15.196,113.456,,official_observed_reference,8bdab967ef4db5a0cc3b92e3e5e84ebd738f62b5d03b291298152e8169ff64d0
2024-04-07,400KV NORTH TRSR,8.5356,56.7421,8.106,official_observed_reference,8bdab967ef4db5a0cc3b92e3e5e84ebd738f62b5d03b291298152e8169ff64d0
2024-04-07,400KV TVM,9.698,68.938,,official_observed_reference,8bdab967ef4db5a0cc3b92e3e5e84ebd738f62b5d03b291298152e8169ff64d0
2024-04-07,220KV_KNPA+SBGR +PVUD+EDMN,8.9191,61.0708,8.7244,official_observed_reference,8bdab967ef4db5a0cc3b92e3e5e84ebd738f62b5d03b291298152e8169ff64d0
2024-04-07,110KV_MJSM +PRSLA,0.8842,5.7114,,official_observed_reference,8bdab967ef4db5a0cc3b92e3e5e84ebd738f62b5d03b291298152e8169ff64d0
2024-04-08,400KV MDKA,12.669,96.268,12.0335,official_observed_reference,e396fcfcf53984ff29ac32c9ff196ef158d8df4a62dd5ceee754e86a99ff5560
2024-04-08,400KV PKKD,10.489,79.076,,official_observed_reference,e396fcfcf53984ff29ac32c9ff196ef158d8df4a62dd5ceee754e86a99ff5560
2024-04-08,400KV KOCHI+KOTTAYAM,18.526,135.864,16.983,official_observed_reference,e396fcfcf53984ff29ac32c9ff196ef158d8df4a62dd5ceee754e86a99ff5560
2024-04-08,400KV KOZHKOD,16.218,129.674,,official_observed_reference,e396fcfcf53984ff29ac32c9ff196ef158d8df4a62dd5ceee754e86a99ff5560
2024-04-08,400KV NORTH TRSR,8.5693,65.3114,8.1639,official_observed_reference,e396fcfcf53984ff29ac32c9ff196ef158d8df4a62dd5ceee754e86a99ff5560
2024-04-08,400KV TVM,10.051,78.989,,official_observed_reference,e396fcfcf53984ff29ac32c9ff196ef158d8df4a62dd5ceee754e86a99ff5560
2024-04-08,220KV_KNPA+SBGR +PVUD+EDMN,8.901,69.9718,8.7465,official_observed_reference,e396fcfcf53984ff29ac32c9ff196ef158d8df4a62dd5ceee754e86a99ff5560
2024-04-08,110KV_MJSM +PRSLA,0.9321,6.6435,,official_observed_reference,e396fcfcf53984ff29ac32c9ff196ef158d8df4a62dd5ceee754e86a99ff5560
2024-04-09,400KV MDKA,13.698,109.966,12.2184,official_observed_reference,df2ca97aa7622ced0322bf2e1d73bff63156fd3e9f047be952b2368d436750ff
2024-04-09,400KV PKKD,10.169,89.245,,official_observed_reference,df2ca97aa7622ced0322bf2e1d73bff63156fd3e9f047be952b2368d436750ff
2024-04-09,400KV KOCHI+KOTTAYAM,19.363,155.227,17.2474,official_observed_reference,df2ca97aa7622ced0322bf2e1d73bff63156fd3e9f047be952b2368d436750ff
2024-04-09,400KV KOZHKOD,16.125,145.799,,official_observed_reference,df2ca97aa7622ced0322bf2e1d73bff63156fd3e9f047be952b2368d436750ff
2024-04-09,400KV NORTH TRSR,8.8823,74.1937,8.2437,official_observed_reference,df2ca97aa7622ced0322bf2e1d73bff63156fd3e9f047be952b2368d436750ff
2024-04-09,400KV TVM,10.109,89.098,,official_observed_reference,df2ca97aa7622ced0322bf2e1d73bff63156fd3e9f047be952b2368d436750ff
2024-04-09,220KV_KNPA+SBGR +PVUD+EDMN,8.8916,78.8634,8.7626,official_observed_reference,df2ca97aa7622ced0322bf2e1d73bff63156fd3e9f047be952b2368d436750ff
2024-04-09,110KV_MJSM +PRSLA,0.9381,7.5816,,official_observed_reference,df2ca97aa7622ced0322bf2e1d73bff63156fd3e9f047be952b2368d436750ff
2024-04-10,400KV MDKA,12.974,122.94,12.294,official_observed_reference,f73f7ba4564306aee7a17330d2500e4dbedf00b750144ab4dd0db665ff437d4c
2024-04-10,400KV PKKD,9.65,98.895,,official_observed_reference,f73f7ba4564306aee7a17330d2500e4dbedf00b750144ab4dd0db665ff437d4c
2024-04-10,400KV KOCHI+KOTTAYAM,19.234,174.461,17.4461,official_observed_reference,f73f7ba4564306aee7a17330d2500e4dbedf00b750144ab4dd0db665ff437d4c
2024-04-10,400KV KOZHKOD,15.559,161.358,,official_observed_reference,f73f7ba4564306aee7a17330d2500e4dbedf00b750144ab4dd0db665ff437d4c
2024-04-10,400KV NORTH TRSR,8.2656,82.4593,8.2459,official_observed_reference,f73f7ba4564306aee7a17330d2500e4dbedf00b750144ab4dd0db665ff437d4c
2024-04-10,400KV TVM,10.236,99.334,,official_observed_reference,f73f7ba4564306aee7a17330d2500e4dbedf00b750144ab4dd0db665ff437d4c
2024-04-10,220KV_KNPA+SBGR +PVUD+EDMN,9.819,88.6824,8.8682,official_observed_reference,f73f7ba4564306aee7a17330d2500e4dbedf00b750144ab4dd0db665ff437d4c
2024-04-10,110KV_MJSM +PRSLA,0.9011,8.4827,,official_observed_reference,f73f7ba4564306aee7a17330d2500e4dbedf00b750144ab4dd0db665ff437d4c
2024-04-11,400KV MDKA,13.502,136.442,12.4038,official_observed_reference,0fdae1d4aedf702531bb8dd466119b21c96c76f0a3137a67d536dccdc438a0e2
2024-04-11,400KV PKKD,10.085,108.98,,official_observed_reference,0fdae1d4aedf702531bb8dd466119b21c96c76f0a3137a67d536dccdc438a0e2
2024-04-11,400KV KOCHI+KOTTAYAM,19.923,194.384,17.6713,official_observed_reference,0fdae1d4aedf702531bb8dd466119b21c96c76f0a3137a67d536dccdc438a0e2
2024-04-11,400KV KOZHKOD,15.748,177.106,,official_observed_reference,0fdae1d4aedf702531bb8dd466119b21c96c76f0a3137a67d536dccdc438a0e2
2024-04-11,400KV NORTH TRSR,8.3326,90.7919,8.2538,official_observed_reference,0fdae1d4aedf702531bb8dd466119b21c96c76f0a3137a67d536dccdc438a0e2
2024-04-11,400KV TVM,10.179,109.513,,official_observed_reference,0fdae1d4aedf702531bb8dd466119b21c96c76f0a3137a67d536dccdc438a0e2
2024-04-11,220KV_KNPA+SBGR +PVUD+EDMN,9.084,97.7664,8.8879,official_observed_reference,0fdae1d4aedf702531bb8dd466119b21c96c76f0a3137a67d536dccdc438a0e2
2024-04-11,110KV_MJSM +PRSLA,0.8934,9.3762,,official_observed_reference,0fdae1d4aedf702531bb8dd466119b21c96c76f0a3137a67d536dccdc438a0e2
2024-04-12,400KV MDKA,13.509,149.951,12.4959,official_observed_reference,6c50e247223675460bb85780a97ae17b3e339765252d1deaa45f5b658403359a
2024-04-12,400KV PKKD,9.67,118.65,,official_observed_reference,6c50e247223675460bb85780a97ae17b3e339765252d1deaa45f5b658403359a
2024-04-12,400KV KOCHI+KOTTAYAM,19.823,214.207,17.8506,official_observed_reference,6c50e247223675460bb85780a97ae17b3e339765252d1deaa45f5b658403359a
2024-04-12,400KV KOZHKOD,16.535,193.641,,official_observed_reference,6c50e247223675460bb85780a97ae17b3e339765252d1deaa45f5b658403359a
2024-04-12,400KV NORTH TRSR,8.1221,98.914,8.2428,official_observed_reference,6c50e247223675460bb85780a97ae17b3e339765252d1deaa45f5b658403359a
2024-04-12,400KV TVM,10.341,119.854,,official_observed_reference,6c50e247223675460bb85780a97ae17b3e339765252d1deaa45f5b658403359a
2024-04-12,220KV_KNPA+SBGR +PVUD+EDMN,9.9304,107.6968,8.9747,official_observed_reference,6c50e247223675460bb85780a97ae17b3e339765252d1deaa45f5b658403359a
2024-04-12,110KV_MJSM +PRSLA,0.8986,10.2748,,official_observed_reference,6c50e247223675460bb85780a97ae17b3e339765252d1deaa45f5b658403359a
2024-04-13,400KV MDKA,13.575,163.526,12.5789,official_observed_reference,3582caf58a1455f8822bf832de7f9ea77a1f3273eaf8bc5d6704c46fdd12d7b8
2024-04-13,400KV PKKD,6.838,125.488,,official_observed_reference,3582caf58a1455f8822bf832de7f9ea77a1f3273eaf8bc5d6704c46fdd12d7b8
2024-04-13,400KV KOCHI+KOTTAYAM,20.258,234.465,18.0358,official_observed_reference,3582caf58a1455f8822bf832de7f9ea77a1f3273eaf8bc5d6704c46fdd12d7b8
2024-04-13,400KV KOZHKOD,15.899,209.54,,official_observed_reference,3582caf58a1455f8822bf832de7f9ea77a1f3273eaf8bc5d6704c46fdd12d7b8
2024-04-13,400KV NORTH TRSR,7.5055,106.4194,8.1861,official_observed_reference,3582caf58a1455f8822bf832de7f9ea77a1f3273eaf8bc5d6704c46fdd12d7b8
2024-04-13,400KV TVM,9.978,129.832,,official_observed_reference,3582caf58a1455f8822bf832de7f9ea77a1f3273eaf8bc5d6704c46fdd12d7b8
2024-04-13,220KV_KNPA+SBGR +PVUD+EDMN,10.1843,117.8811,9.0678,official_observed_reference,3582caf58a1455f8822bf832de7f9ea77a1f3273eaf8bc5d6704c46fdd12d7b8
2024-04-13,110KV_MJSM +PRSLA,0.8099,11.0847,,official_observed_reference,3582caf58a1455f8822bf832de7f9ea77a1f3273eaf8bc5d6704c46fdd12d7b8
2024-04-14,400KV MDKA,12.695,176.221,12.5872,official_observed_reference,1ec6c331f3fafdebe0e39349d311e64743a0dbf561391778ca66a893b559ccb9
2024-04-14,400KV PKKD,6.767,132.255,,official_observed_reference,1ec6c331f3fafdebe0e39349d311e64743a0dbf561391778ca66a893b559ccb9
2024-04-14,400KV KOCHI+KOTTAYAM,17.718,252.183,18.0131,official_observed_reference,1ec6c331f3fafdebe0e39349d311e64743a0dbf561391778ca66a893b559ccb9
2024-04-14,400KV KOZHKOD,14.881,224.421,,official_observed_reference,1ec6c331f3fafdebe0e39349d311e64743a0dbf561391778ca66a893b559ccb9
2024-04-14,400KV NORTH TRSR,6.9679,113.3873,8.0991,official_observed_reference,1ec6c331f3fafdebe0e39349d311e64743a0dbf561391778ca66a893b559ccb9
2024-04-14,400KV TVM,9.541,139.373,,official_observed_reference,1ec6c331f3fafdebe0e39349d311e64743a0dbf561391778ca66a893b559ccb9
2024-04-14,220KV_KNPA+SBGR +PVUD+EDMN,9.4347,127.3158,9.094,official_observed_reference,1ec6c331f3fafdebe0e39349d311e64743a0dbf561391778ca66a893b559ccb9
2024-04-14,110KV_MJSM +PRSLA,0.825,11.9097,,official_observed_reference,1ec6c331f3fafdebe0e39349d311e64743a0dbf561391778ca66a893b559ccb9
2024-04-15,400KV MDKA,12.706,188.927,12.5951,official_observed_reference,56c4f448772b7a4a5c1b32977d807a9fca60a61d622c60e794b0cc6eaa95c6e4
2024-04-15,400KV PKKD,9.401,141.656,,official_observed_reference,56c4f448772b7a4a5c1b32977d807a9fca60a61d622c60e794b0cc6eaa95c6e4
2024-04-15,400KV KOCHI+KOTTAYAM,18.057,270.24,18.016,official_observed_reference,56c4f448772b7a4a5c1b32977d807a9fca60a61d622c60e794b0cc6eaa95c6e4
2024-04-15,400KV KOZHKOD,15.438,239.859,,official_observed_reference,56c4f448772b7a4a5c1b32977d807a9fca60a61d622c60e794b0cc6eaa95c6e4
2024-04-15,400KV NORTH TRSR,7.8558,121.2431,8.0829,official_observed_reference,56c4f448772b7a4a5c1b32977d807a9fca60a61d622c60e794b0cc6eaa95c6e4
2024-04-15,400KV TVM,9.928,149.301,,official_observed_reference,56c4f448772b7a4a5c1b32977d807a9fca60a61d622c60e794b0cc6eaa95c6e4
2024-04-15,220KV_KNPA+SBGR +PVUD+EDMN,9.2611,136.5769,9.1051,official_observed_reference,56c4f448772b7a4a5c1b32977d807a9fca60a61d622c60e794b0cc6eaa95c6e4
2024-04-15,110KV_MJSM +PRSLA,0.8466,12.7563,,official_observed_reference,56c4f448772b7a4a5c1b32977d807a9fca60a61d622c60e794b0cc6eaa95c6e4
2024-04-16,400KV MDKA,12.711,201.638,12.6024,official_observed_reference,35c66487704e88f37405a7b9cdac9e9f3190ca614c143d1ea410b68555a7b200
2024-04-16,400KV PKKD,9.781,151.437,,official_observed_reference,35c66487704e88f37405a7b9cdac9e9f3190ca614c143d1ea410b68555a7b200
2024-04-16,400KV KOCHI+KOTTAYAM,17.53,287.77,17.9856,official_observed_reference,35c66487704e88f37405a7b9cdac9e9f3190ca614c143d1ea410b68555a7b200
2024-04-16,400KV KOZHKOD,16.114,255.973,,official_observed_reference,35c66487704e88f37405a7b9cdac9e9f3190ca614c143d1ea410b68555a7b200
2024-04-16,400KV NORTH TRSR,8.201,129.4441,8.0903,official_observed_reference,35c66487704e88f37405a7b9cdac9e9f3190ca614c143d1ea410b68555a7b200
2024-04-16,400KV TVM,10.274,159.575,,official_observed_reference,35c66487704e88f37405a7b9cdac9e9f3190ca614c143d1ea410b68555a7b200
2024-04-16,220KV_KNPA+SBGR +PVUD+EDMN,9.1698,145.7467,9.1092,official_observed_reference,35c66487704e88f37405a7b9cdac9e9f3190ca614c143d1ea410b68555a7b200
2024-04-16,110KV_MJSM +PRSLA,0.7456,13.5019,,official_observed_reference,35c66487704e88f37405a7b9cdac9e9f3190ca614c143d1ea410b68555a7b200
2024-04-17,400KV MDKA,13.556,215.194,12.6585,official_observed_reference,26fb8ceae1becf6f29f187ba4967c23a2fbe8c984b5b8e0be8091c9047044560
2024-04-17,400KV PKKD,9.387,160.824,,official_observed_reference,26fb8ceae1becf6f29f187ba4967c23a2fbe8c984b5b8e0be8091c9047044560
2024-04-17,400KV KOCHI+KOTTAYAM,18.871,306.641,18.0377,official_observed_reference,26fb8ceae1becf6f29f187ba4967c23a2fbe8c984b5b8e0be8091c9047044560
2024-04-17,400KV KOZHKOD,16.328,272.301,,official_observed_reference,26fb8ceae1becf6f29f187ba4967c23a2fbe8c984b5b8e0be8091c9047044560
2024-04-17,400KV NORTH TRSR,7.9931,137.4373,8.0845,official_observed_reference,26fb8ceae1becf6f29f187ba4967c23a2fbe8c984b5b8e0be8091c9047044560
2024-04-17,400KV TVM,10.51,170.085,,official_observed_reference,26fb8ceae1becf6f29f187ba4967c23a2fbe8c984b5b8e0be8091c9047044560
2024-04-17,220KV_KNPA+SBGR +PVUD+EDMN,9.7494,155.4961,9.1468,official_observed_reference,26fb8ceae1becf6f29f187ba4967c23a2fbe8c984b5b8e0be8091c9047044560
2024-04-17,110KV_MJSM +PRSLA,0.7923,14.2942,,official_observed_reference,26fb8ceae1becf6f29f187ba4967c23a2fbe8c984b5b8e0be8091c9047044560
2024-04-18,400KV MDKA,13.028,228.222,12.679,official_observed_reference,90731de76ba1180539407d9b79ae66a8effaa203ceb047b901038b81d134ce9c
2024-04-18,400KV PKKD,9.783,170.607,,official_observed_reference,90731de76ba1180539407d9b79ae66a8effaa203ceb047b901038b81d134ce9c
2024-04-18,400KV KOCHI+KOTTAYAM,17.604,324.245,18.0136,official_observed_reference,90731de76ba1180539407d9b79ae66a8effaa203ceb047b901038b81d134ce9c
2024-04-18,400KV KOZHKOD,15.35,287.651,,official_observed_reference,90731de76ba1180539407d9b79ae66a8effaa203ceb047b901038b81d134ce9c
2024-04-18,400KV NORTH TRSR,8.0878,145.525,8.0847,official_observed_reference,90731de76ba1180539407d9b79ae66a8effaa203ceb047b901038b81d134ce9c
2024-04-18,400KV TVM,10.729,180.814,,official_observed_reference,90731de76ba1180539407d9b79ae66a8effaa203ceb047b901038b81d134ce9c
2024-04-18,220KV_KNPA+SBGR +PVUD+EDMN,9.7486,165.2447,9.1803,official_observed_reference,90731de76ba1180539407d9b79ae66a8effaa203ceb047b901038b81d134ce9c
2024-04-18,110KV_MJSM +PRSLA,0.8617,15.1559,,official_observed_reference,90731de76ba1180539407d9b79ae66a8effaa203ceb047b901038b81d134ce9c
2024-04-19,400KV MDKA,13.183,241.405,12.7055,official_observed_reference,f795429331f99eb05a24cfdd4a90402da49afdb02d50d1a8863349dfb34f829c
2024-04-19,400KV PKKD,9.817,180.424,,official_observed_reference,f795429331f99eb05a24cfdd4a90402da49afdb02d50d1a8863349dfb34f829c
2024-04-19,400KV KOCHI+KOTTAYAM,18.943,343.188,18.0625,official_observed_reference,f795429331f99eb05a24cfdd4a90402da49afdb02d50d1a8863349dfb34f829c
2024-04-19,400KV KOZHKOD,15.845,303.496,,official_observed_reference,f795429331f99eb05a24cfdd4a90402da49afdb02d50d1a8863349dfb34f829c
2024-04-19,400KV NORTH TRSR,8.2563,153.7813,8.0938,official_observed_reference,f795429331f99eb05a24cfdd4a90402da49afdb02d50d1a8863349dfb34f829c
2024-04-19,400KV TVM,10.577,191.391,,official_observed_reference,f795429331f99eb05a24cfdd4a90402da49afdb02d50d1a8863349dfb34f829c
2024-04-19,220KV_KNPA+SBGR +PVUD+EDMN,10.0734,175.3181,9.2273,official_observed_reference,f795429331f99eb05a24cfdd4a90402da49afdb02d50d1a8863349dfb34f829c
2024-04-19,110KV_MJSM +PRSLA,0.8981,16.054,,official_observed_reference,f795429331f99eb05a24cfdd4a90402da49afdb02d50d1a8863349dfb34f829c
2024-04-20,400KV MDKA,13.529,254.934,12.7467,official_observed_reference,58893874d912d193f31eea52e8f9cf807b774732985d298f949f385201c3232e
2024-04-20,400KV PKKD,9.823,190.247,,official_observed_reference,58893874d912d193f31eea52e8f9cf807b774732985d298f949f385201c3232e
2024-04-20,400KV KOCHI+KOTTAYAM,20.484,363.672,18.1836,official_observed_reference,58893874d912d193f31eea52e8f9cf807b774732985d298f949f385201c3232e
2024-04-20,400KV KOZHKOD,15.135,318.631,,official_observed_reference,58893874d912d193f31eea52e8f9cf807b774732985d298f949f385201c3232e
2024-04-20,400KV NORTH TRSR,7.8481,161.6294,8.0815,official_observed_reference,58893874d912d193f31eea52e8f9cf807b774732985d298f949f385201c3232e
2024-04-20,400KV TVM,10.689,202.08,,official_observed_reference,58893874d912d193f31eea52e8f9cf807b774732985d298f949f385201c3232e
2024-04-20,220KV_KNPA+SBGR +PVUD+EDMN,10.0747,185.3928,9.2696,official_observed_reference,58893874d912d193f31eea52e8f9cf807b774732985d298f949f385201c3232e
2024-04-20,110KV_MJSM +PRSLA,0.783,16.837,,official_observed_reference,58893874d912d193f31eea52e8f9cf807b774732985d298f949f385201c3232e
2024-04-21,400KV MDKA,11.7,266.634,12.6969,official_observed_reference,4bade44b13850be174b40c975b616f90fe99bee430e2e53056c4e30a4d983367
2024-04-21,400KV PKKD,9.28,199.527,,official_observed_reference,4bade44b13850be174b40c975b616f90fe99bee430e2e53056c4e30a4d983367
2024-04-21,400KV KOCHI+KOTTAYAM,18.69,382.362,18.2077,official_observed_reference,4bade44b13850be174b40c975b616f90fe99bee430e2e53056c4e30a4d983367
2024-04-21,400KV KOZHKOD,14.544,333.175,,official_observed_reference,4bade44b13850be174b40c975b616f90fe99bee430e2e53056c4e30a4d983367
2024-04-21,400KV NORTH TRSR,7.1388,168.7682,8.0366,official_observed_reference,4bade44b13850be174b40c975b616f90fe99bee430e2e53056c4e30a4d983367
2024-04-21,400KV TVM,10.193,212.273,,official_observed_reference,4bade44b13850be174b40c975b616f90fe99bee430e2e53056c4e30a4d983367
2024-04-21,220KV_KNPA+SBGR +PVUD+EDMN,9.6522,195.0449,9.2879,official_observed_reference,4bade44b13850be174b40c975b616f90fe99bee430e2e53056c4e30a4d983367
2024-04-21,110KV_MJSM +PRSLA,0.8494,17.6865,,official_observed_reference,4bade44b13850be174b40c975b616f90fe99bee430e2e53056c4e30a4d983367
2024-04-22,400KV MDKA,12.42,279.054,12.6843,official_observed_reference,2e60ac9d99792ef242408b3ff7563c5847e70aa1072ada0bfab5cbb56464a617
2024-04-22,400KV PKKD,10.172,209.699,,official_observed_reference,2e60ac9d99792ef242408b3ff7563c5847e70aa1072ada0bfab5cbb56464a617
2024-04-22,400KV KOCHI+KOTTAYAM,18.716,401.078,18.2308,official_observed_reference,2e60ac9d99792ef242408b3ff7563c5847e70aa1072ada0bfab5cbb56464a617
2024-04-22,400KV KOZHKOD,14.759,347.934,,official_observed_reference,2e60ac9d99792ef242408b3ff7563c5847e70aa1072ada0bfab5cbb56464a617
2024-04-22,400KV NORTH TRSR,8.1655,176.9336,8.0424,official_observed_reference,2e60ac9d99792ef242408b3ff7563c5847e70aa1072ada0bfab5cbb56464a617
2024-04-22,400KV TVM,11.069,223.342,,official_observed_reference,2e60ac9d99792ef242408b3ff7563c5847e70aa1072ada0bfab5cbb56464a617
2024-04-22,220KV_KNPA+SBGR +PVUD+EDMN,10.7681,205.813,9.3551,official_observed_reference,2e60ac9d99792ef242408b3ff7563c5847e70aa1072ada0bfab5cbb56464a617
2024-04-22,110KV_MJSM +PRSLA,0.8579,18.5444,,official_observed_reference,2e60ac9d99792ef242408b3ff7563c5847e70aa1072ada0bfab5cbb56464a617
2024-04-23,400KV MDKA,12.622,291.676,12.6816,official_observed_reference,9c4a283330d4cec095ac1f25cf6ceb497f314c000880dd36588826b3da44fdac
2024-04-23,400KV PKKD,10.365,220.064,,official_observed_reference,9c4a283330d4cec095ac1f25cf6ceb497f314c000880dd36588826b3da44fdac
2024-04-23,400KV KOCHI+KOTTAYAM,18.822,419.9,18.2565,official_observed_reference,9c4a283330d4cec095ac1f25cf6ceb497f314c000880dd36588826b3da44fdac
2024-04-23,400KV KOZHKOD,15.975,363.909,,official_observed_reference,9c4a283330d4cec095ac1f25cf6ceb497f314c000880dd36588826b3da44fdac
2024-04-23,400KV NORTH TRSR,7.7239,184.6575,8.0286,official_observed_reference,9c4a283330d4cec095ac1f25cf6ceb497f314c000880dd36588826b3da44fdac
2024-04-23,400KV TVM,11.124,234.466,,official_observed_reference,9c4a283330d4cec095ac1f25cf6ceb497f314c000880dd36588826b3da44fdac
2024-04-23,220KV_KNPA+SBGR +PVUD+EDMN,11.053,216.8659,9.429,official_observed_reference,9c4a283330d4cec095ac1f25cf6ceb497f314c000880dd36588826b3da44fdac
2024-04-23,110KV_MJSM +PRSLA,0.8712,19.4156,,official_observed_reference,9c4a283330d4cec095ac1f25cf6ceb497f314c000880dd36588826b3da44fdac
2024-04-24,400KV MDKA,12.834,304.51,12.6879,official_observed_reference,2ddb0994f7dddfbf680f70ca1cb6d7493df4c210489738ea1671de3b7bb0ce07
2024-04-24,400KV PKKD,10.382,230.446,,official_observed_reference,2ddb0994f7dddfbf680f70ca1cb6d7493df4c210489738ea1671de3b7bb0ce07
2024-04-24,400KV KOCHI+KOTTAYAM,18.612,438.512,18.2713,official_observed_reference,2ddb0994f7dddfbf680f70ca1cb6d7493df4c210489738ea1671de3b7bb0ce07
2024-04-24,400KV KOZHKOD,15.567,379.476,,official_observed_reference,2ddb0994f7dddfbf680f70ca1cb6d7493df4c210489738ea1671de3b7bb0ce07
2024-04-24,400KV NORTH TRSR,8.4026,193.0601,8.0442,official_observed_reference,2ddb0994f7dddfbf680f70ca1cb6d7493df4c210489738ea1671de3b7bb0ce07
2024-04-24,400KV TVM,10.953,245.419,,official_observed_reference,2ddb0994f7dddfbf680f70ca1cb6d7493df4c210489738ea1671de3b7bb0ce07
2024-04-24,220KV_KNPA+SBGR +PVUD+EDMN,10.7906,227.6565,9.4857,official_observed_reference,2ddb0994f7dddfbf680f70ca1cb6d7493df4c210489738ea1671de3b7bb0ce07
2024-04-24,110KV_MJSM +PRSLA,0.8535,20.2691,,official_observed_reference,2ddb0994f7dddfbf680f70ca1cb6d7493df4c210489738ea1671de3b7bb0ce07
2024-04-25,400KV MDKA,12.195,316.705,12.6682,official_observed_reference,69af577db6265e7711f2c709c0a89098e685038a031cd8815b8a10b71ac3088a
2024-04-25,400KV PKKD,11.014,241.46,,official_observed_reference,69af577db6265e7711f2c709c0a89098e685038a031cd8815b8a10b71ac3088a
2024-04-25,400KV KOCHI+KOTTAYAM,18.395,456.907,18.2763,official_observed_reference,69af577db6265e7711f2c709c0a89098e685038a031cd8815b8a10b71ac3088a
2024-04-25,400KV KOZHKOD,15.79,395.266,,official_observed_reference,69af577db6265e7711f2c709c0a89098e685038a031cd8815b8a10b71ac3088a
2024-04-25,400KV NORTH TRSR,7.932,200.9922,8.0397,official_observed_reference,69af577db6265e7711f2c709c0a89098e685038a031cd8815b8a10b71ac3088a
2024-04-25,400KV TVM,11.27,256.689,,official_observed_reference,69af577db6265e7711f2c709c0a89098e685038a031cd8815b8a10b71ac3088a
2024-04-25,220KV_KNPA+SBGR +PVUD+EDMN,11.223,238.8795,9.5552,official_observed_reference,69af577db6265e7711f2c709c0a89098e685038a031cd8815b8a10b71ac3088a
2024-04-25,110KV_MJSM +PRSLA,0.8839,21.1529,,official_observed_reference,69af577db6265e7711f2c709c0a89098e685038a031cd8815b8a10b71ac3088a
2024-04-26,400KV MDKA,11.574,328.279,12.6261,official_observed_reference,f91825626d844cbd5c78cf5b67701cbf427aa8c115af0d158045a0655784f969
2024-04-26,400KV PKKD,10.101,251.561,,official_observed_reference,f91825626d844cbd5c78cf5b67701cbf427aa8c115af0d158045a0655784f969
2024-04-26,400KV KOCHI+KOTTAYAM,16.733,473.64,18.2169,official_observed_reference,f91825626d844cbd5c78cf5b67701cbf427aa8c115af0d158045a0655784f969
2024-04-26,400KV KOZHKOD,15.79,411.056,,official_observed_reference,f91825626d844cbd5c78cf5b67701cbf427aa8c115af0d158045a0655784f969
2024-04-26,400KV NORTH TRSR,7.7564,208.7485,8.0288,official_observed_reference,f91825626d844cbd5c78cf5b67701cbf427aa8c115af0d158045a0655784f969
2024-04-26,400KV TVM,10.841,267.53,,official_observed_reference,f91825626d844cbd5c78cf5b67701cbf427aa8c115af0d158045a0655784f969
2024-04-26,220KV_KNPA+SBGR +PVUD+EDMN,10.6479,249.5274,9.5972,official_observed_reference,f91825626d844cbd5c78cf5b67701cbf427aa8c115af0d158045a0655784f969
2024-04-26,110KV_MJSM +PRSLA,0.6763,21.8292,,official_observed_reference,f91825626d844cbd5c78cf5b67701cbf427aa8c115af0d158045a0655784f969
2024-04-27,400KV MDKA,12.068,340.347,12.6054,official_observed_reference,bd14798c970624ad16d6805773e8c011a958f8bad51aaad7c134ab4db64d9d76
2024-04-27,400KV PKKD,10.707,262.268,,official_observed_reference,bd14798c970624ad16d6805773e8c011a958f8bad51aaad7c134ab4db64d9d76
2024-04-27,400KV KOCHI+KOTTAYAM,16.921,490.561,18.1689,official_observed_reference,bd14798c970624ad16d6805773e8c011a958f8bad51aaad7c134ab4db64d9d76
2024-04-27,400KV KOZHKOD,15.778,426.834,,official_observed_reference,bd14798c970624ad16d6805773e8c011a958f8bad51aaad7c134ab4db64d9d76
2024-04-27,400KV NORTH TRSR,8.2003,216.9489,8.0351,official_observed_reference,bd14798c970624ad16d6805773e8c011a958f8bad51aaad7c134ab4db64d9d76
2024-04-27,400KV TVM,11.132,278.662,,official_observed_reference,bd14798c970624ad16d6805773e8c011a958f8bad51aaad7c134ab4db64d9d76
2024-04-27,220KV_KNPA+SBGR +PVUD+EDMN,10.5243,260.0517,9.6315,official_observed_reference,bd14798c970624ad16d6805773e8c011a958f8bad51aaad7c134ab4db64d9d76
2024-04-27,110KV_MJSM +PRSLA,0.9051,22.7343,,official_observed_reference,bd14798c970624ad16d6805773e8c011a958f8bad51aaad7c134ab4db64d9d76
2024-04-28,400KV MDKA,11.269,351.616,12.5577,official_observed_reference,74d5499d6e39ae5877799b1ea1ceb89f8d1aa2c285e467ce7ad4f691a5c5ac22
2024-04-28,400KV PKKD,10.335,272.603,,official_observed_reference,74d5499d6e39ae5877799b1ea1ceb89f8d1aa2c285e467ce7ad4f691a5c5ac22
2024-04-28,400KV KOCHI+KOTTAYAM,16.647,507.208,18.1146,official_observed_reference,74d5499d6e39ae5877799b1ea1ceb89f8d1aa2c285e467ce7ad4f691a5c5ac22
2024-04-28,400KV KOZHKOD,16.111,442.945,,official_observed_reference,74d5499d6e39ae5877799b1ea1ceb89f8d1aa2c285e467ce7ad4f691a5c5ac22
2024-04-28,400KV NORTH TRSR,7.6759,224.6247,8.0223,official_observed_reference,74d5499d6e39ae5877799b1ea1ceb89f8d1aa2c285e467ce7ad4f691a5c5ac22
2024-04-28,400KV TVM,10.644,289.306,,official_observed_reference,74d5499d6e39ae5877799b1ea1ceb89f8d1aa2c285e467ce7ad4f691a5c5ac22
2024-04-28,220KV_KNPA+SBGR +PVUD+EDMN,10.1232,270.1748,9.6491,official_observed_reference,74d5499d6e39ae5877799b1ea1ceb89f8d1aa2c285e467ce7ad4f691a5c5ac22
2024-04-28,110KV_MJSM +PRSLA,0.9041,23.6385,,official_observed_reference,74d5499d6e39ae5877799b1ea1ceb89f8d1aa2c285e467ce7ad4f691a5c5ac22
2024-04-29,400KV MDKA,13.159,364.775,12.5784,official_observed_reference,b0ce1e8cfbeb7b2aef22663132efdf4793f024a14e45fdfead228d040c0e732f
2024-04-29,400KV PKKD,10.688,283.291,,official_observed_reference,b0ce1e8cfbeb7b2aef22663132efdf4793f024a14e45fdfead228d040c0e732f
2024-04-29,400KV KOCHI+KOTTAYAM,17.976,525.184,18.1098,official_observed_reference,b0ce1e8cfbeb7b2aef22663132efdf4793f024a14e45fdfead228d040c0e732f
2024-04-29,400KV KOZHKOD,16.049,458.994,,official_observed_reference,b0ce1e8cfbeb7b2aef22663132efdf4793f024a14e45fdfead228d040c0e732f
2024-04-29,400KV NORTH TRSR,8.5479,233.1726,8.0404,official_observed_reference,b0ce1e8cfbeb7b2aef22663132efdf4793f024a14e45fdfead228d040c0e732f
2024-04-29,400KV TVM,11.072,300.378,,official_observed_reference,b0ce1e8cfbeb7b2aef22663132efdf4793f024a14e45fdfead228d040c0e732f
2024-04-29,220KV_KNPA+SBGR +PVUD+EDMN,10.0285,280.2034,9.6622,official_observed_reference,b0ce1e8cfbeb7b2aef22663132efdf4793f024a14e45fdfead228d040c0e732f
2024-04-29,110KV_MJSM +PRSLA,0.9303,24.5687,,official_observed_reference,b0ce1e8cfbeb7b2aef22663132efdf4793f024a14e45fdfead228d040c0e732f
2024-04-30,400KV MDKA,12.97,377.745,12.5915,official_observed_reference,514f800c47e15c21e00ea26d08213e7121ff4f3becbbdc5d356a3bd8c2b27a92
2024-04-30,400KV PKKD,10.702,293.993,,official_observed_reference,514f800c47e15c21e00ea26d08213e7121ff4f3becbbdc5d356a3bd8c2b27a92
2024-04-30,400KV KOCHI+KOTTAYAM,17.955,543.139,18.1046,official_observed_reference,514f800c47e15c21e00ea26d08213e7121ff4f3becbbdc5d356a3bd8c2b27a92
2024-04-30,400KV KOZHKOD,16.369,475.363,,official_observed_reference,514f800c47e15c21e00ea26d08213e7121ff4f3becbbdc5d356a3bd8c2b27a92
2024-04-30,400KV NORTH TRSR,9.1153,242.288,8.0763,official_observed_reference,514f800c47e15c21e00ea26d08213e7121ff4f3becbbdc5d356a3bd8c2b27a92
2024-04-30,400KV TVM,10.878,311.256,,official_observed_reference,514f800c47e15c21e00ea26d08213e7121ff4f3becbbdc5d356a3bd8c2b27a92
2024-04-30,220KV_KNPA+SBGR +PVUD+EDMN,10.2038,290.4072,9.6802,official_observed_reference,514f800c47e15c21e00ea26d08213e7121ff4f3becbbdc5d356a3bd8c2b27a92
2024-04-30,110KV_MJSM +PRSLA,0.8963,25.4651,,official_observed_reference,514f800c47e15c21e00ea26d08213e7121ff4f3becbbdc5d356a3bd8c2b27a92
2024-05-01,400KV MDKA,12.652,12.652,12.652,official_observed_reference,7cf2b246aa82204005013ecbd7172f51f4e4f47a6a1ba9606c50428d6105e34b
2024-05-01,400KV PKKD,10.436,10.436,,official_observed_reference,7cf2b246aa82204005013ecbd7172f51f4e4f47a6a1ba9606c50428d6105e34b
2024-05-01,400KV KOCHI+KOTTAYAM,18.739,18.739,18.739,official_observed_reference,7cf2b246aa82204005013ecbd7172f51f4e4f47a6a1ba9606c50428d6105e34b
2024-05-01,400KV KOZHKOD,16.373,16.373,,official_observed_reference,7cf2b246aa82204005013ecbd7172f51f4e4f47a6a1ba9606c50428d6105e34b
2024-05-01,400KV NORTH TRSR,8.8681,8.8681,8.8681,official_observed_reference,7cf2b246aa82204005013ecbd7172f51f4e4f47a6a1ba9606c50428d6105e34b
2024-05-01,400KV TVM,10.942,10.942,,official_observed_reference,7cf2b246aa82204005013ecbd7172f51f4e4f47a6a1ba9606c50428d6105e34b
2024-05-01,220KV_KNPA+SBGR +PVUD+EDMN,11.7919,11.7919,11.7919,official_observed_reference,7cf2b246aa82204005013ecbd7172f51f4e4f47a6a1ba9606c50428d6105e34b
2024-05-01,110KV_MJSM +PRSLA,0.8979,0.8979,,official_observed_reference,7cf2b246aa82204005013ecbd7172f51f4e4f47a6a1ba9606c50428d6105e34b
2024-05-02,400KV MDKA,12.667,25.319,12.6595,official_observed_reference,1b3efafcb6f3fb38aa08fe2f016b9d0526e5816d4ef451929f0a13520e6ccdf0
2024-05-02,400KV PKKD,10.796,21.232,,official_observed_reference,1b3efafcb6f3fb38aa08fe2f016b9d0526e5816d4ef451929f0a13520e6ccdf0
2024-05-02,400KV KOCHI+KOTTAYAM,18.826,37.565,18.7825,official_observed_reference,1b3efafcb6f3fb38aa08fe2f016b9d0526e5816d4ef451929f0a13520e6ccdf0
2024-05-02,400KV KOZHKOD,17.023,33.396,,official_observed_reference,1b3efafcb6f3fb38aa08fe2f016b9d0526e5816d4ef451929f0a13520e6ccdf0
2024-05-02,400KV NORTH TRSR,8.9564,17.8245,8.9122,official_observed_reference,1b3efafcb6f3fb38aa08fe2f016b9d0526e5816d4ef451929f0a13520e6ccdf0
2024-05-02,400KV TVM,11.513,22.455,,official_observed_reference,1b3efafcb6f3fb38aa08fe2f016b9d0526e5816d4ef451929f0a13520e6ccdf0
2024-05-02,220KV_KNPA+SBGR +PVUD+EDMN,11.4109,23.2028,11.6014,official_observed_reference,1b3efafcb6f3fb38aa08fe2f016b9d0526e5816d4ef451929f0a13520e6ccdf0
2024-05-02,110KV_MJSM +PRSLA,0.9126,1.8104,,official_observed_reference,1b3efafcb6f3fb38aa08fe2f016b9d0526e5816d4ef451929f0a13520e6ccdf0
2024-05-03,400KV MDKA,12.987,38.306,12.7687,official_observed_reference,b0fd59b00a99f299671008ffd2846dc8c17a225c4cf8f9536ad45ba97fdef997
2024-05-03,400KV PKKD,11.171,32.403,,official_observed_reference,b0fd59b00a99f299671008ffd2846dc8c17a225c4cf8f9536ad45ba97fdef997
2024-05-03,400KV KOCHI+KOTTAYAM,19.469,57.034,19.0113,official_observed_reference,b0fd59b00a99f299671008ffd2846dc8c17a225c4cf8f9536ad45ba97fdef997
2024-05-03,400KV KOZHKOD,16.604,50,,official_observed_reference,b0fd59b00a99f299671008ffd2846dc8c17a225c4cf8f9536ad45ba97fdef997
2024-05-03,400KV NORTH TRSR,9.0635,26.8879,8.9626,official_observed_reference,b0fd59b00a99f299671008ffd2846dc8c17a225c4cf8f9536ad45ba97fdef997
2024-05-03,400KV TVM,11.523,33.978,,official_observed_reference,b0fd59b00a99f299671008ffd2846dc8c17a225c4cf8f9536ad45ba97fdef997
2024-05-03,220KV_KNPA+SBGR +PVUD+EDMN,11.4711,34.6739,11.558,official_observed_reference,b0fd59b00a99f299671008ffd2846dc8c17a225c4cf8f9536ad45ba97fdef997
2024-05-03,110KV_MJSM +PRSLA,0.9063,2.7168,,official_observed_reference,b0fd59b00a99f299671008ffd2846dc8c17a225c4cf8f9536ad45ba97fdef997
2024-05-04,400KV MDKA,12.684,50.99,12.7475,official_observed_reference,b1ecce7d012546ab4b263ceea8f3d688f05895b2a35e7b9426f7964c05f8bb21
2024-05-04,400KV PKKD,10.83,43.233,,official_observed_reference,b1ecce7d012546ab4b263ceea8f3d688f05895b2a35e7b9426f7964c05f8bb21
2024-05-04,400KV KOCHI+KOTTAYAM,19.26,76.294,19.0735,official_observed_reference,b1ecce7d012546ab4b263ceea8f3d688f05895b2a35e7b9426f7964c05f8bb21
2024-05-04,400KV KOZHKOD,15.759,65.759,,official_observed_reference,b1ecce7d012546ab4b263ceea8f3d688f05895b2a35e7b9426f7964c05f8bb21
2024-05-04,400KV NORTH TRSR,8.6569,35.5448,8.8862,official_observed_reference,b1ecce7d012546ab4b263ceea8f3d688f05895b2a35e7b9426f7964c05f8bb21
2024-05-04,400KV TVM,11.401,45.379,,official_observed_reference,b1ecce7d012546ab4b263ceea8f3d688f05895b2a35e7b9426f7964c05f8bb21
2024-05-04,220KV_KNPA+SBGR +PVUD+EDMN,11.8279,46.5017,11.6254,official_observed_reference,b1ecce7d012546ab4b263ceea8f3d688f05895b2a35e7b9426f7964c05f8bb21
2024-05-04,110KV_MJSM +PRSLA,0.8819,3.5986,,official_observed_reference,b1ecce7d012546ab4b263ceea8f3d688f05895b2a35e7b9426f7964c05f8bb21
2024-05-05,400KV MDKA,11.505,62.495,12.499,official_observed_reference,e50f63c3c568d45c0cc12b6e4591c73f78bb8224fa8f0080ab072e6ee0245477
2024-05-05,400KV PKKD,9.63,52.863,,official_observed_reference,e50f63c3c568d45c0cc12b6e4591c73f78bb8224fa8f0080ab072e6ee0245477
2024-05-05,400KV KOCHI+KOTTAYAM,18.164,94.458,18.8916,official_observed_reference,e50f63c3c568d45c0cc12b6e4591c73f78bb8224fa8f0080ab072e6ee0245477
2024-05-05,400KV KOZHKOD,15.755,81.514,,official_observed_reference,e50f63c3c568d45c0cc12b6e4591c73f78bb8224fa8f0080ab072e6ee0245477
2024-05-05,400KV NORTH TRSR,7.6875,43.2323,8.6465,official_observed_reference,e50f63c3c568d45c0cc12b6e4591c73f78bb8224fa8f0080ab072e6ee0245477
2024-05-05,400KV TVM,11.057,56.436,,official_observed_reference,e50f63c3c568d45c0cc12b6e4591c73f78bb8224fa8f0080ab072e6ee0245477
2024-05-05,220KV_KNPA+SBGR +PVUD+EDMN,12.451,58.9527,11.7905,official_observed_reference,e50f63c3c568d45c0cc12b6e4591c73f78bb8224fa8f0080ab072e6ee0245477
2024-05-05,110KV_MJSM +PRSLA,0.8599,4.4585,,official_observed_reference,e50f63c3c568d45c0cc12b6e4591c73f78bb8224fa8f0080ab072e6ee0245477
2024-05-06,400KV MDKA,12.099,74.594,12.4323,official_observed_reference,cb60024ca74ebb69d95b9c83c6fbd63db4c8a1b0e191067185e7bc4ca1a64955
2024-05-06,400KV PKKD,10.184,63.047,,official_observed_reference,cb60024ca74ebb69d95b9c83c6fbd63db4c8a1b0e191067185e7bc4ca1a64955
2024-05-06,400KV KOCHI+KOTTAYAM,19.584,114.042,19.007,official_observed_reference,cb60024ca74ebb69d95b9c83c6fbd63db4c8a1b0e191067185e7bc4ca1a64955
2024-05-06,400KV KOZHKOD,17.023,98.537,,official_observed_reference,cb60024ca74ebb69d95b9c83c6fbd63db4c8a1b0e191067185e7bc4ca1a64955
2024-05-06,400KV NORTH TRSR,8.4676,51.6999,8.6167,official_observed_reference,cb60024ca74ebb69d95b9c83c6fbd63db4c8a1b0e191067185e7bc4ca1a64955
2024-05-06,400KV TVM,11.739,68.175,,official_observed_reference,cb60024ca74ebb69d95b9c83c6fbd63db4c8a1b0e191067185e7bc4ca1a64955
2024-05-06,220KV_KNPA+SBGR +PVUD+EDMN,13.4291,72.3818,12.0636,official_observed_reference,cb60024ca74ebb69d95b9c83c6fbd63db4c8a1b0e191067185e7bc4ca1a64955
2024-05-06,110KV_MJSM +PRSLA,0.8995,5.358,,official_observed_reference,cb60024ca74ebb69d95b9c83c6fbd63db4c8a1b0e191067185e7bc4ca1a64955
2024-05-07,400KV MDKA,12.22,86.814,12.402,official_observed_reference,de90bbfd68be413cfc4d150d495bdf50649612feef9fdcf0b88c10f59071efb3
2024-05-07,400KV PKKD,10.298,73.345,,official_observed_reference,de90bbfd68be413cfc4d150d495bdf50649612feef9fdcf0b88c10f59071efb3
2024-05-07,400KV KOCHI+KOTTAYAM,20.709,134.751,19.2501,official_observed_reference,de90bbfd68be413cfc4d150d495bdf50649612feef9fdcf0b88c10f59071efb3
2024-05-07,400KV KOZHKOD,16.012,114.549,,official_observed_reference,de90bbfd68be413cfc4d150d495bdf50649612feef9fdcf0b88c10f59071efb3
2024-05-07,400KV NORTH TRSR,8.5667,60.2666,8.6095,official_observed_reference,de90bbfd68be413cfc4d150d495bdf50649612feef9fdcf0b88c10f59071efb3
2024-05-07,400KV TVM,11.668,79.843,,official_observed_reference,de90bbfd68be413cfc4d150d495bdf50649612feef9fdcf0b88c10f59071efb3
2024-05-07,220KV_KNPA+SBGR +PVUD+EDMN,12.8276,85.2094,12.1728,official_observed_reference,de90bbfd68be413cfc4d150d495bdf50649612feef9fdcf0b88c10f59071efb3
2024-05-07,110KV_MJSM +PRSLA,0.9224,6.2805,,official_observed_reference,de90bbfd68be413cfc4d150d495bdf50649612feef9fdcf0b88c10f59071efb3
2024-05-08,400KV MDKA,12.503,99.317,12.4146,official_observed_reference,5922b5b3ec0cfe24ce71ba6ab5b1eb2470c2207c0502ed99b296dc6bb3a098de
2024-05-08,400KV PKKD,10.376,83.721,,official_observed_reference,5922b5b3ec0cfe24ce71ba6ab5b1eb2470c2207c0502ed99b296dc6bb3a098de
2024-05-08,400KV KOCHI+KOTTAYAM,20.108,154.859,19.3574,official_observed_reference,5922b5b3ec0cfe24ce71ba6ab5b1eb2470c2207c0502ed99b296dc6bb3a098de
2024-05-08,400KV KOZHKOD,16.48,131.029,,official_observed_reference,5922b5b3ec0cfe24ce71ba6ab5b1eb2470c2207c0502ed99b296dc6bb3a098de
2024-05-08,400KV NORTH TRSR,8.7943,69.0609,8.6326,official_observed_reference,5922b5b3ec0cfe24ce71ba6ab5b1eb2470c2207c0502ed99b296dc6bb3a098de
2024-05-08,400KV TVM,11.458,91.301,,official_observed_reference,5922b5b3ec0cfe24ce71ba6ab5b1eb2470c2207c0502ed99b296dc6bb3a098de
2024-05-08,220KV_KNPA+SBGR +PVUD+EDMN,11.3766,96.586,12.0733,official_observed_reference,5922b5b3ec0cfe24ce71ba6ab5b1eb2470c2207c0502ed99b296dc6bb3a098de
2024-05-08,110KV_MJSM +PRSLA,0.9226,7.2031,,official_observed_reference,5922b5b3ec0cfe24ce71ba6ab5b1eb2470c2207c0502ed99b296dc6bb3a098de
2024-05-09,400KV MDKA,11.296,110.613,12.2903,official_observed_reference,acffb9e70722cd4afdb7e774517cbbc7a845b6134f34f8c7dc0d9d8b72008e48
2024-05-09,400KV PKKD,10.004,93.725,,official_observed_reference,acffb9e70722cd4afdb7e774517cbbc7a845b6134f34f8c7dc0d9d8b72008e48
2024-05-09,400KV KOCHI+KOTTAYAM,20.186,175.045,19.4494,official_observed_reference,acffb9e70722cd4afdb7e774517cbbc7a845b6134f34f8c7dc0d9d8b72008e48
2024-05-09,400KV KOZHKOD,15.562,146.591,,official_observed_reference,acffb9e70722cd4afdb7e774517cbbc7a845b6134f34f8c7dc0d9d8b72008e48
2024-05-09,400KV NORTH TRSR,6.9634,76.0243,8.4471,official_observed_reference,acffb9e70722cd4afdb7e774517cbbc7a845b6134f34f8c7dc0d9d8b72008e48
2024-05-09,400KV TVM,11.798,103.099,,official_observed_reference,acffb9e70722cd4afdb7e774517cbbc7a845b6134f34f8c7dc0d9d8b72008e48
2024-05-09,220KV_KNPA+SBGR +PVUD+EDMN,12.3339,108.9199,12.1022,official_observed_reference,acffb9e70722cd4afdb7e774517cbbc7a845b6134f34f8c7dc0d9d8b72008e48
2024-05-09,110KV_MJSM +PRSLA,0.9198,8.1229,,official_observed_reference,acffb9e70722cd4afdb7e774517cbbc7a845b6134f34f8c7dc0d9d8b72008e48
2024-05-10,400KV MDKA,10.917,121.53,12.153,official_observed_reference,b645eb1b8de42e3bd5d54e308fe47fc106e67b749c002d99aeea2718256c0977
2024-05-10,400KV PKKD,9.336,103.061,,official_observed_reference,b645eb1b8de42e3bd5d54e308fe47fc106e67b749c002d99aeea2718256c0977
2024-05-10,400KV KOCHI+KOTTAYAM,17.968,193.013,19.3013,official_observed_reference,b645eb1b8de42e3bd5d54e308fe47fc106e67b749c002d99aeea2718256c0977
2024-05-10,400KV KOZHKOD,16.416,163.007,,official_observed_reference,b645eb1b8de42e3bd5d54e308fe47fc106e67b749c002d99aeea2718256c0977
2024-05-10,400KV NORTH TRSR,7.1099,83.1342,8.3134,official_observed_reference,b645eb1b8de42e3bd5d54e308fe47fc106e67b749c002d99aeea2718256c0977
2024-05-10,400KV TVM,11.399,114.498,,official_observed_reference,b645eb1b8de42e3bd5d54e308fe47fc106e67b749c002d99aeea2718256c0977
2024-05-10,220KV_KNPA+SBGR +PVUD+EDMN,11.5887,120.5087,12.0509,official_observed_reference,b645eb1b8de42e3bd5d54e308fe47fc106e67b749c002d99aeea2718256c0977
2024-05-10,110KV_MJSM +PRSLA,0.9587,9.0816,,official_observed_reference,b645eb1b8de42e3bd5d54e308fe47fc106e67b749c002d99aeea2718256c0977
2024-05-11,400KV MDKA,10.5,132.03,12.0027,official_observed_reference,5c6f94cc104cc4bf162b32864a8387cf786b217e9cfe2cb0ce03803fcba2a47f
2024-05-11,400KV PKKD,9.117,112.178,,official_observed_reference,5c6f94cc104cc4bf162b32864a8387cf786b217e9cfe2cb0ce03803fcba2a47f
2024-05-11,400KV KOCHI+KOTTAYAM,18.308,211.321,19.211,official_observed_reference,5c6f94cc104cc4bf162b32864a8387cf786b217e9cfe2cb0ce03803fcba2a47f
2024-05-11,400KV KOZHKOD,16.238,179.245,,official_observed_reference,5c6f94cc104cc4bf162b32864a8387cf786b217e9cfe2cb0ce03803fcba2a47f
2024-05-11,400KV NORTH TRSR,6.6865,89.8207,8.1655,official_observed_reference,5c6f94cc104cc4bf162b32864a8387cf786b217e9cfe2cb0ce03803fcba2a47f
2024-05-11,400KV TVM,10.847,125.345,,official_observed_reference,5c6f94cc104cc4bf162b32864a8387cf786b217e9cfe2cb0ce03803fcba2a47f
2024-05-11,220KV_KNPA+SBGR +PVUD+EDMN,11.4404,131.9491,11.9954,official_observed_reference,5c6f94cc104cc4bf162b32864a8387cf786b217e9cfe2cb0ce03803fcba2a47f
2024-05-11,110KV_MJSM +PRSLA,0.8988,9.9805,,official_observed_reference,5c6f94cc104cc4bf162b32864a8387cf786b217e9cfe2cb0ce03803fcba2a47f
2024-05-12,400KV MDKA,9.972,142.002,11.8335,official_observed_reference,3f0db95436766050b11f84bfa9c4a9a488290aa2e0f163dcd385e2dca4fc4466
2024-05-12,400KV PKKD,8.213,120.391,,official_observed_reference,3f0db95436766050b11f84bfa9c4a9a488290aa2e0f163dcd385e2dca4fc4466
2024-05-12,400KV KOCHI+KOTTAYAM,16.985,228.306,19.0255,official_observed_reference,3f0db95436766050b11f84bfa9c4a9a488290aa2e0f163dcd385e2dca4fc4466
2024-05-12,400KV KOZHKOD,14.523,193.768,,official_observed_reference,3f0db95436766050b11f84bfa9c4a9a488290aa2e0f163dcd385e2dca4fc4466
2024-05-12,400KV NORTH TRSR,6.2186,96.0393,8.0033,official_observed_reference,3f0db95436766050b11f84bfa9c4a9a488290aa2e0f163dcd385e2dca4fc4466
2024-05-12,400KV TVM,10.323,135.668,,official_observed_reference,3f0db95436766050b11f84bfa9c4a9a488290aa2e0f163dcd385e2dca4fc4466
2024-05-12,220KV_KNPA+SBGR +PVUD+EDMN,11.4889,143.438,11.9532,official_observed_reference,3f0db95436766050b11f84bfa9c4a9a488290aa2e0f163dcd385e2dca4fc4466
2024-05-12,110KV_MJSM +PRSLA,0.7288,10.7092,,official_observed_reference,3f0db95436766050b11f84bfa9c4a9a488290aa2e0f163dcd385e2dca4fc4466
2024-05-13,400KV MDKA,10.112,152.114,11.7011,official_observed_reference,b146cf7bfc67827cd55a5c6ea40942683790e79110bcf384b3b23abce471aa36
2024-05-13,400KV PKKD,8.55,128.941,,official_observed_reference,b146cf7bfc67827cd55a5c6ea40942683790e79110bcf384b3b23abce471aa36
2024-05-13,400KV KOCHI+KOTTAYAM,17.72,246.026,18.9251,official_observed_reference,b146cf7bfc67827cd55a5c6ea40942683790e79110bcf384b3b23abce471aa36
2024-05-13,400KV KOZHKOD,15.868,209.636,,official_observed_reference,b146cf7bfc67827cd55a5c6ea40942683790e79110bcf384b3b23abce471aa36
2024-05-13,400KV NORTH TRSR,5.9293,101.9687,7.8437,official_observed_reference,b146cf7bfc67827cd55a5c6ea40942683790e79110bcf384b3b23abce471aa36
2024-05-13,400KV TVM,9.474,145.142,,official_observed_reference,b146cf7bfc67827cd55a5c6ea40942683790e79110bcf384b3b23abce471aa36
2024-05-13,220KV_KNPA+SBGR +PVUD+EDMN,10.962,154.4,11.8769,official_observed_reference,b146cf7bfc67827cd55a5c6ea40942683790e79110bcf384b3b23abce471aa36
2024-05-13,110KV_MJSM +PRSLA,0.6748,11.3841,,official_observed_reference,b146cf7bfc67827cd55a5c6ea40942683790e79110bcf384b3b23abce471aa36
2024-05-14,400KV MDKA,9.024,161.138,11.5099,official_observed_reference,cc5c5cb2ba20c6c0a06681aa7d198af3d758a5649eb9922e8fce47929858e3a5
2024-05-14,400KV PKKD,8.265,137.206,,official_observed_reference,cc5c5cb2ba20c6c0a06681aa7d198af3d758a5649eb9922e8fce47929858e3a5
2024-05-14,400KV KOCHI+KOTTAYAM,17.588,263.614,18.8296,official_observed_reference,cc5c5cb2ba20c6c0a06681aa7d198af3d758a5649eb9922e8fce47929858e3a5
2024-05-14,400KV KOZHKOD,15.091,224.727,,official_observed_reference,cc5c5cb2ba20c6c0a06681aa7d198af3d758a5649eb9922e8fce47929858e3a5
2024-05-14,400KV NORTH TRSR,5.5332,107.5018,7.6787,official_observed_reference,cc5c5cb2ba20c6c0a06681aa7d198af3d758a5649eb9922e8fce47929858e3a5
2024-05-14,400KV TVM,9.279,154.421,,official_observed_reference,cc5c5cb2ba20c6c0a06681aa7d198af3d758a5649eb9922e8fce47929858e3a5
2024-05-14,220KV_KNPA+SBGR +PVUD+EDMN,10.0934,164.4933,11.7495,official_observed_reference,cc5c5cb2ba20c6c0a06681aa7d198af3d758a5649eb9922e8fce47929858e3a5
2024-05-14,110KV_MJSM +PRSLA,0.7396,12.1237,,official_observed_reference,cc5c5cb2ba20c6c0a06681aa7d198af3d758a5649eb9922e8fce47929858e3a5
2024-05-15,400KV MDKA,8.476,169.614,11.3076,official_observed_reference,1c19772aca7dcae0afca688614fc60bd919760e5bb2f38a2a9d18cb57186d60f
2024-05-15,400KV PKKD,7.733,144.939,,official_observed_reference,1c19772aca7dcae0afca688614fc60bd919760e5bb2f38a2a9d18cb57186d60f
2024-05-15,400KV KOCHI+KOTTAYAM,16.475,280.089,18.6726,official_observed_reference,1c19772aca7dcae0afca688614fc60bd919760e5bb2f38a2a9d18cb57186d60f
2024-05-15,400KV KOZHKOD,15.468,240.195,,official_observed_reference,1c19772aca7dcae0afca688614fc60bd919760e5bb2f38a2a9d18cb57186d60f
2024-05-15,400KV NORTH TRSR,5.4911,112.9929,7.5329,official_observed_reference,1c19772aca7dcae0afca688614fc60bd919760e5bb2f38a2a9d18cb57186d60f
2024-05-15,400KV TVM,9.205,163.626,,official_observed_reference,1c19772aca7dcae0afca688614fc60bd919760e5bb2f38a2a9d18cb57186d60f
2024-05-15,220KV_KNPA+SBGR +PVUD+EDMN,10.053,174.5463,11.6364,official_observed_reference,1c19772aca7dcae0afca688614fc60bd919760e5bb2f38a2a9d18cb57186d60f
2024-05-15,110KV_MJSM +PRSLA,0.7713,12.8949,,official_observed_reference,1c19772aca7dcae0afca688614fc60bd919760e5bb2f38a2a9d18cb57186d60f
2024-05-16,400KV MDKA,8.542,178.156,11.1348,official_observed_reference,5abd0214fdd3f42d82e9d244c2492e0a04ae5bd5b927e798468fc58f8438a390
2024-05-16,400KV PKKD,7.578,152.517,,official_observed_reference,5abd0214fdd3f42d82e9d244c2492e0a04ae5bd5b927e798468fc58f8438a390
2024-05-16,400KV KOCHI+KOTTAYAM,15.684,295.773,18.4858,official_observed_reference,5abd0214fdd3f42d82e9d244c2492e0a04ae5bd5b927e798468fc58f8438a390
2024-05-16,400KV KOZHKOD,15.372,255.567,,official_observed_reference,5abd0214fdd3f42d82e9d244c2492e0a04ae5bd5b927e798468fc58f8438a390
2024-05-16,400KV NORTH TRSR,5.2244,118.2173,7.3886,official_observed_reference,5abd0214fdd3f42d82e9d244c2492e0a04ae5bd5b927e798468fc58f8438a390
2024-05-16,400KV TVM,9.128,172.754,,official_observed_reference,5abd0214fdd3f42d82e9d244c2492e0a04ae5bd5b927e798468fc58f8438a390
2024-05-16,220KV_KNPA+SBGR +PVUD+EDMN,11.0501,185.5964,11.5998,official_observed_reference,5abd0214fdd3f42d82e9d244c2492e0a04ae5bd5b927e798468fc58f8438a390
2024-05-16,110KV_MJSM +PRSLA,0.7533,13.6482,,official_observed_reference,5abd0214fdd3f42d82e9d244c2492e0a04ae5bd5b927e798468fc58f8438a390
2024-05-17,400KV MDKA,8.622,186.778,10.9869,official_observed_reference,1912b35894dc5cfe5ef95f92334358b36d03f6626204530f7bbc286273b0bf71
2024-05-17,400KV PKKD,7.658,160.175,,official_observed_reference,1912b35894dc5cfe5ef95f92334358b36d03f6626204530f7bbc286273b0bf71
2024-05-17,400KV KOCHI+KOTTAYAM,16.982,312.755,18.3974,official_observed_reference,1912b35894dc5cfe5ef95f92334358b36d03f6626204530f7bbc286273b0bf71
2024-05-17,400KV KOZHKOD,15.793,271.36,,official_observed_reference,1912b35894dc5cfe5ef95f92334358b36d03f6626204530f7bbc286273b0bf71
2024-05-17,400KV NORTH TRSR,5.2118,123.4291,7.2605,official_observed_reference,1912b35894dc5cfe5ef95f92334358b36d03f6626204530f7bbc286273b0bf71
2024-05-17,400KV TVM,9.165,181.919,,official_observed_reference,1912b35894dc5cfe5ef95f92334358b36d03f6626204530f7bbc286273b0bf71
2024-05-17,220KV_KNPA+SBGR +PVUD+EDMN,11.0277,196.6241,11.5661,official_observed_reference,1912b35894dc5cfe5ef95f92334358b36d03f6626204530f7bbc286273b0bf71
2024-05-17,110KV_MJSM +PRSLA,0.7102,14.3584,,official_observed_reference,1912b35894dc5cfe5ef95f92334358b36d03f6626204530f7bbc286273b0bf71
2024-05-18,400KV MDKA,8.372,195.15,10.8417,official_observed_reference,cb6faeff85f6ed0e4a43c8e97bfacc8ee5e10cd72fc15cdc419b5c2c1ae63bda
2024-05-18,400KV PKKD,7.56,167.735,,official_observed_reference,cb6faeff85f6ed0e4a43c8e97bfacc8ee5e10cd72fc15cdc419b5c2c1ae63bda
2024-05-18,400KV KOCHI+KOTTAYAM,15.917,328.672,18.2596,official_observed_reference,cb6faeff85f6ed0e4a43c8e97bfacc8ee5e10cd72fc15cdc419b5c2c1ae63bda
2024-05-18,400KV KOZHKOD,15.256,286.616,,official_observed_reference,cb6faeff85f6ed0e4a43c8e97bfacc8ee5e10cd72fc15cdc419b5c2c1ae63bda
2024-05-18,400KV NORTH TRSR,5.2232,128.6523,7.1473,official_observed_reference,cb6faeff85f6ed0e4a43c8e97bfacc8ee5e10cd72fc15cdc419b5c2c1ae63bda
2024-05-18,400KV TVM,8.988,190.907,,official_observed_reference,cb6faeff85f6ed0e4a43c8e97bfacc8ee5e10cd72fc15cdc419b5c2c1ae63bda
2024-05-18,220KV_KNPA+SBGR +PVUD+EDMN,11.1611,207.7853,11.5436,official_observed_reference,cb6faeff85f6ed0e4a43c8e97bfacc8ee5e10cd72fc15cdc419b5c2c1ae63bda
2024-05-18,110KV_MJSM +PRSLA,0.7213,15.0796,,official_observed_reference,cb6faeff85f6ed0e4a43c8e97bfacc8ee5e10cd72fc15cdc419b5c2c1ae63bda
2024-05-19,400KV MDKA,7.998,203.148,10.692,official_observed_reference,224131b271fc2ce22e468e43c14d075ef9b33fa79509f10ab5b7aa223a89a985
2024-05-19,400KV PKKD,6.917,174.652,,official_observed_reference,224131b271fc2ce22e468e43c14d075ef9b33fa79509f10ab5b7aa223a89a985
2024-05-19,400KV KOCHI+KOTTAYAM,13.682,342.354,18.0186,official_observed_reference,224131b271fc2ce22e468e43c14d075ef9b33fa79509f10ab5b7aa223a89a985
2024-05-19,400KV KOZHKOD,12.917,299.533,,official_observed_reference,224131b271fc2ce22e468e43c14d075ef9b33fa79509f10ab5b7aa223a89a985
2024-05-19,400KV NORTH TRSR,5.188,133.8403,7.0442,official_observed_reference,224131b271fc2ce22e468e43c14d075ef9b33fa79509f10ab5b7aa223a89a985
2024-05-19,400KV TVM,8.189,199.096,,official_observed_reference,224131b271fc2ce22e468e43c14d075ef9b33fa79509f10ab5b7aa223a89a985
2024-05-19,220KV_KNPA+SBGR +PVUD+EDMN,10.3423,218.1275,11.4804,official_observed_reference,224131b271fc2ce22e468e43c14d075ef9b33fa79509f10ab5b7aa223a89a985
2024-05-19,110KV_MJSM +PRSLA,0.6417,15.7213,,official_observed_reference,224131b271fc2ce22e468e43c14d075ef9b33fa79509f10ab5b7aa223a89a985
2024-05-20,400KV MDKA,7.909,211.057,10.5529,official_observed_reference,f6866766d2b1afc7571c4d9c431ab0cfbb151371078268c232261d263f700d22
2024-05-20,400KV PKKD,7.118,181.77,,official_observed_reference,f6866766d2b1afc7571c4d9c431ab0cfbb151371078268c232261d263f700d22
2024-05-20,400KV KOCHI+KOTTAYAM,14.503,356.857,17.8429,official_observed_reference,f6866766d2b1afc7571c4d9c431ab0cfbb151371078268c232261d263f700d22
2024-05-20,400KV KOZHKOD,13.627,313.16,,official_observed_reference,f6866766d2b1afc7571c4d9c431ab0cfbb151371078268c232261d263f700d22
2024-05-20,400KV NORTH TRSR,5.1656,139.0059,6.9503,official_observed_reference,f6866766d2b1afc7571c4d9c431ab0cfbb151371078268c232261d263f700d22
2024-05-20,400KV TVM,8.633,207.729,,official_observed_reference,f6866766d2b1afc7571c4d9c431ab0cfbb151371078268c232261d263f700d22
2024-05-20,220KV_KNPA+SBGR +PVUD+EDMN,11.6841,229.8117,11.4906,official_observed_reference,f6866766d2b1afc7571c4d9c431ab0cfbb151371078268c232261d263f700d22
2024-05-20,110KV_MJSM +PRSLA,0.6734,16.3947,,official_observed_reference,f6866766d2b1afc7571c4d9c431ab0cfbb151371078268c232261d263f700d22
2024-05-21,400KV MDKA,7.785,218.842,10.421,official_observed_reference,2bbf957533e0b8d25727e470dbed191e4d91fd050f11e4fff2c15615258d02b7
2024-05-21,400KV PKKD,6.922,188.692,,official_observed_reference,2bbf957533e0b8d25727e470dbed191e4d91fd050f11e4fff2c15615258d02b7
2024-05-21,400KV KOCHI+KOTTAYAM,13.254,370.111,17.6243,official_observed_reference,2bbf957533e0b8d25727e470dbed191e4d91fd050f11e4fff2c15615258d02b7
2024-05-21,400KV KOZHKOD,12.826,325.986,,official_observed_reference,2bbf957533e0b8d25727e470dbed191e4d91fd050f11e4fff2c15615258d02b7
2024-05-21,400KV NORTH TRSR,5.0285,144.0344,6.8588,official_observed_reference,2bbf957533e0b8d25727e470dbed191e4d91fd050f11e4fff2c15615258d02b7
2024-05-21,400KV TVM,8.296,216.025,,official_observed_reference,2bbf957533e0b8d25727e470dbed191e4d91fd050f11e4fff2c15615258d02b7
2024-05-21,220KV_KNPA+SBGR +PVUD+EDMN,10.3511,240.1628,11.4363,official_observed_reference,2bbf957533e0b8d25727e470dbed191e4d91fd050f11e4fff2c15615258d02b7
2024-05-21,110KV_MJSM +PRSLA,0.6432,17.0379,,official_observed_reference,2bbf957533e0b8d25727e470dbed191e4d91fd050f11e4fff2c15615258d02b7
2024-05-22,400KV MDKA,5.944,224.786,10.2175,official_observed_reference,c78be34d44a3025fde5cb1e5d077c2c3f502749968ddc1ea5cf9c1df0ed780e0
2024-05-22,400KV PKKD,6.067,194.759,,official_observed_reference,c78be34d44a3025fde5cb1e5d077c2c3f502749968ddc1ea5cf9c1df0ed780e0
2024-05-22,400KV KOCHI+KOTTAYAM,9.053,379.164,17.2347,official_observed_reference,c78be34d44a3025fde5cb1e5d077c2c3f502749968ddc1ea5cf9c1df0ed780e0
2024-05-22,400KV KOZHKOD,13.586,339.572,,official_observed_reference,c78be34d44a3025fde5cb1e5d077c2c3f502749968ddc1ea5cf9c1df0ed780e0
2024-05-22,400KV NORTH TRSR,5.0821,149.1165,6.778,official_observed_reference,c78be34d44a3025fde5cb1e5d077c2c3f502749968ddc1ea5cf9c1df0ed780e0
2024-05-22,400KV TVM,7.196,223.221,,official_observed_reference,c78be34d44a3025fde5cb1e5d077c2c3f502749968ddc1ea5cf9c1df0ed780e0
2024-05-22,220KV_KNPA+SBGR +PVUD+EDMN,7.5251,247.6879,11.2585,official_observed_reference,c78be34d44a3025fde5cb1e5d077c2c3f502749968ddc1ea5cf9c1df0ed780e0
2024-05-22,110KV_MJSM +PRSLA,0.6366,17.6745,,official_observed_reference,c78be34d44a3025fde5cb1e5d077c2c3f502749968ddc1ea5cf9c1df0ed780e0
2024-05-23,400KV MDKA,5.937,230.723,10.0314,official_observed_reference,84f6748b3c7f593bb0b9a4bdeaa5b923198edc011059d0570c0d9d75bb0c5db1
2024-05-23,400KV PKKD,6.088,200.847,,official_observed_reference,84f6748b3c7f593bb0b9a4bdeaa5b923198edc011059d0570c0d9d75bb0c5db1
2024-05-23,400KV KOCHI+KOTTAYAM,6.523,385.687,16.769,official_observed_reference,84f6748b3c7f593bb0b9a4bdeaa5b923198edc011059d0570c0d9d75bb0c5db1
2024-05-23,400KV KOZHKOD,11.868,351.44,,official_observed_reference,84f6748b3c7f593bb0b9a4bdeaa5b923198edc011059d0570c0d9d75bb0c5db1
2024-05-23,400KV NORTH TRSR,4.9105,154.027,6.6968,official_observed_reference,84f6748b3c7f593bb0b9a4bdeaa5b923198edc011059d0570c0d9d75bb0c5db1
2024-05-23,400KV TVM,6.912,230.133,,official_observed_reference,84f6748b3c7f593bb0b9a4bdeaa5b923198edc011059d0570c0d9d75bb0c5db1
2024-05-23,220KV_KNPA+SBGR +PVUD+EDMN,6.8804,254.5683,11.0682,official_observed_reference,84f6748b3c7f593bb0b9a4bdeaa5b923198edc011059d0570c0d9d75bb0c5db1
2024-05-23,110KV_MJSM +PRSLA,0.6529,18.3274,,official_observed_reference,84f6748b3c7f593bb0b9a4bdeaa5b923198edc011059d0570c0d9d75bb0c5db1
2024-05-24,400KV MDKA,5.843,236.566,9.8569,official_observed_reference,94a5918591826bd8c6b1867d0c064f8551d9e51ad7ae2ce3be4fabdf10159278
2024-05-24,400KV PKKD,5.8201,206.6671,,official_observed_reference,94a5918591826bd8c6b1867d0c064f8551d9e51ad7ae2ce3be4fabdf10159278
2024-05-24,400KV KOCHI+KOTTAYAM,6.615,392.302,16.3459,official_observed_reference,94a5918591826bd8c6b1867d0c064f8551d9e51ad7ae2ce3be4fabdf10159278
2024-05-24,400KV KOZHKOD,12.091,363.531,,official_observed_reference,94a5918591826bd8c6b1867d0c064f8551d9e51ad7ae2ce3be4fabdf10159278
2024-05-24,400KV NORTH TRSR,4.8605,158.8874,6.6203,official_observed_reference,94a5918591826bd8c6b1867d0c064f8551d9e51ad7ae2ce3be4fabdf10159278
2024-05-24,400KV TVM,6.925,237.058,,official_observed_reference,94a5918591826bd8c6b1867d0c064f8551d9e51ad7ae2ce3be4fabdf10159278
2024-05-24,220KV_KNPA+SBGR +PVUD+EDMN,7.0017,261.57,10.8987,official_observed_reference,94a5918591826bd8c6b1867d0c064f8551d9e51ad7ae2ce3be4fabdf10159278
2024-05-24,110KV_MJSM +PRSLA,0.6225,18.9499,,official_observed_reference,94a5918591826bd8c6b1867d0c064f8551d9e51ad7ae2ce3be4fabdf10159278
2024-05-25,400KV MDKA,6.642,243.208,9.7283,official_observed_reference,f7bada4df9b25474e77a4221e985fab695e4da401cb1afd1b5f152da05009f51
2024-05-25,400KV PKKD,5.2963,211.9634,,official_observed_reference,f7bada4df9b25474e77a4221e985fab695e4da401cb1afd1b5f152da05009f51
2024-05-25,400KV KOCHI+KOTTAYAM,9.039,401.341,16.0536,official_observed_reference,f7bada4df9b25474e77a4221e985fab695e4da401cb1afd1b5f152da05009f51
2024-05-25,400KV KOZHKOD,12.531,376.062,,official_observed_reference,f7bada4df9b25474e77a4221e985fab695e4da401cb1afd1b5f152da05009f51
2024-05-25,400KV NORTH TRSR,5.2695,164.1569,6.5663,official_observed_reference,f7bada4df9b25474e77a4221e985fab695e4da401cb1afd1b5f152da05009f51
2024-05-25,400KV TVM,6.898,243.956,,official_observed_reference,f7bada4df9b25474e77a4221e985fab695e4da401cb1afd1b5f152da05009f51
2024-05-25,220KV_KNPA+SBGR +PVUD+EDMN,11.0006,272.5706,10.9028,official_observed_reference,f7bada4df9b25474e77a4221e985fab695e4da401cb1afd1b5f152da05009f51
2024-05-25,110KV_MJSM +PRSLA,0.647,19.5969,,official_observed_reference,f7bada4df9b25474e77a4221e985fab695e4da401cb1afd1b5f152da05009f51
2024-05-26,400KV MDKA,6.095,249.303,9.5886,official_observed_reference,e2a72268f9d739075304b40de10be2d095f5bbd050483c2645a54af5e6b18c1e
2024-05-26,400KV PKKD,5.0649,217.0283,,official_observed_reference,e2a72268f9d739075304b40de10be2d095f5bbd050483c2645a54af5e6b18c1e
2024-05-26,400KV KOCHI+KOTTAYAM,7.467,408.808,15.7234,official_observed_reference,e2a72268f9d739075304b40de10be2d095f5bbd050483c2645a54af5e6b18c1e
2024-05-26,400KV KOZHKOD,11.872,387.934,,official_observed_reference,e2a72268f9d739075304b40de10be2d095f5bbd050483c2645a54af5e6b18c1e
2024-05-26,400KV NORTH TRSR,4.908,169.0649,6.5025,official_observed_reference,e2a72268f9d739075304b40de10be2d095f5bbd050483c2645a54af5e6b18c1e
2024-05-26,400KV TVM,6.417,250.373,,official_observed_reference,e2a72268f9d739075304b40de10be2d095f5bbd050483c2645a54af5e6b18c1e
2024-05-26,220KV_KNPA+SBGR +PVUD+EDMN,11.7173,284.2879,10.9341,official_observed_reference,e2a72268f9d739075304b40de10be2d095f5bbd050483c2645a54af5e6b18c1e
2024-05-26,110KV_MJSM +PRSLA,0.6378,20.2347,,official_observed_reference,e2a72268f9d739075304b40de10be2d095f5bbd050483c2645a54af5e6b18c1e
2024-05-27,400KV MDKA,5.743,255.046,9.4461,official_observed_reference,6e838e24fe4623f5ff76dce37bfbb8eab0577441ec0f1cd47304a9eee4cc9844
2024-05-27,400KV PKKD,5.831,222.8593,,official_observed_reference,6e838e24fe4623f5ff76dce37bfbb8eab0577441ec0f1cd47304a9eee4cc9844
2024-05-27,400KV KOCHI+KOTTAYAM,5.848,414.656,15.3576,official_observed_reference,6e838e24fe4623f5ff76dce37bfbb8eab0577441ec0f1cd47304a9eee4cc9844
2024-05-27,400KV KOZHKOD,13.222,401.156,,official_observed_reference,6e838e24fe4623f5ff76dce37bfbb8eab0577441ec0f1cd47304a9eee4cc9844
2024-05-27,400KV NORTH TRSR,5.1904,174.2554,6.4539,official_observed_reference,6e838e24fe4623f5ff76dce37bfbb8eab0577441ec0f1cd47304a9eee4cc9844
2024-05-27,400KV TVM,6.373,256.746,,official_observed_reference,6e838e24fe4623f5ff76dce37bfbb8eab0577441ec0f1cd47304a9eee4cc9844
2024-05-27,220KV_KNPA+SBGR +PVUD+EDMN,11.1056,295.3934,10.9405,official_observed_reference,6e838e24fe4623f5ff76dce37bfbb8eab0577441ec0f1cd47304a9eee4cc9844
2024-05-27,110KV_MJSM +PRSLA,0.6393,20.874,,official_observed_reference,6e838e24fe4623f5ff76dce37bfbb8eab0577441ec0f1cd47304a9eee4cc9844
2024-05-28,400KV MDKA,5.526,260.572,9.3061,official_observed_reference,63a9c39b29419192640957ec7d4a6408415fc29bacc43265ae2da45763c04696
2024-05-28,400KV PKKD,5.486,228.3453,,official_observed_reference,63a9c39b29419192640957ec7d4a6408415fc29bacc43265ae2da45763c04696
2024-05-28,400KV KOCHI+KOTTAYAM,5.344,420,15,official_observed_reference,63a9c39b29419192640957ec7d4a6408415fc29bacc43265ae2da45763c04696
2024-05-28,400KV KOZHKOD,13.536,414.692,,official_observed_reference,63a9c39b29419192640957ec7d4a6408415fc29bacc43265ae2da45763c04696
2024-05-28,400KV NORTH TRSR,5.2958,179.5512,6.4125,official_observed_reference,63a9c39b29419192640957ec7d4a6408415fc29bacc43265ae2da45763c04696
2024-05-28,400KV TVM,6.575,263.321,,official_observed_reference,63a9c39b29419192640957ec7d4a6408415fc29bacc43265ae2da45763c04696
2024-05-28,220KV_KNPA+SBGR +PVUD+EDMN,9.3388,304.7322,10.8833,official_observed_reference,63a9c39b29419192640957ec7d4a6408415fc29bacc43265ae2da45763c04696
2024-05-28,110KV_MJSM +PRSLA,0.6532,21.5272,,official_observed_reference,63a9c39b29419192640957ec7d4a6408415fc29bacc43265ae2da45763c04696
2024-05-29,400KV MDKA,5.954,266.526,9.1906,official_observed_reference,6a8a63917369aebe17f8e971bfbe93a61b603009d13a72328a6ea5e4a728cbf5
2024-05-29,400KV PKKD,5.546,233.8913,,official_observed_reference,6a8a63917369aebe17f8e971bfbe93a61b603009d13a72328a6ea5e4a728cbf5
2024-05-29,400KV KOCHI+KOTTAYAM,5.275,425.275,14.6647,official_observed_reference,6a8a63917369aebe17f8e971bfbe93a61b603009d13a72328a6ea5e4a728cbf5
2024-05-29,400KV KOZHKOD,12.737,427.429,,official_observed_reference,6a8a63917369aebe17f8e971bfbe93a61b603009d13a72328a6ea5e4a728cbf5
2024-05-29,400KV NORTH TRSR,5.4705,185.0217,6.3801,official_observed_reference,6a8a63917369aebe17f8e971bfbe93a61b603009d13a72328a6ea5e4a728cbf5
2024-05-29,400KV TVM,6.801,270.122,,official_observed_reference,6a8a63917369aebe17f8e971bfbe93a61b603009d13a72328a6ea5e4a728cbf5
2024-05-29,220KV_KNPA+SBGR +PVUD+EDMN,8.968,313.7002,10.8172,official_observed_reference,6a8a63917369aebe17f8e971bfbe93a61b603009d13a72328a6ea5e4a728cbf5
2024-05-29,110KV_MJSM +PRSLA,0.6578,22.185,,official_observed_reference,6a8a63917369aebe17f8e971bfbe93a61b603009d13a72328a6ea5e4a728cbf5
2024-05-30,400KV MDKA,6.091,272.617,9.0872,official_observed_reference,ab7f06d035b536c4e6b069ab2304e8075f7596963d2d4046bf44399830df64bb
2024-05-30,400KV PKKD,6.099,239.9903,,official_observed_reference,ab7f06d035b536c4e6b069ab2304e8075f7596963d2d4046bf44399830df64bb
2024-05-30,400KV KOCHI+KOTTAYAM,5.546,430.821,14.3607,official_observed_reference,ab7f06d035b536c4e6b069ab2304e8075f7596963d2d4046bf44399830df64bb
2024-05-30,400KV KOZHKOD,12.347,439.776,,official_observed_reference,ab7f06d035b536c4e6b069ab2304e8075f7596963d2d4046bf44399830df64bb
2024-05-30,400KV NORTH TRSR,5.5556,190.5773,6.3526,official_observed_reference,ab7f06d035b536c4e6b069ab2304e8075f7596963d2d4046bf44399830df64bb
2024-05-30,400KV TVM,7.028,277.15,,official_observed_reference,ab7f06d035b536c4e6b069ab2304e8075f7596963d2d4046bf44399830df64bb
2024-05-30,220KV_KNPA+SBGR +PVUD+EDMN,8.3275,322.0277,10.7343,official_observed_reference,ab7f06d035b536c4e6b069ab2304e8075f7596963d2d4046bf44399830df64bb
2024-05-30,110KV_MJSM +PRSLA,0.6516,22.8366,,official_observed_reference,ab7f06d035b536c4e6b069ab2304e8075f7596963d2d4046bf44399830df64bb
2024-05-31,400KV MDKA,5.96,278.577,8.9864,official_observed_reference,1c26ab670a51e022db7b744d4a467fc27b006f6fa580ddc6e674e5d8210aae09
2024-05-31,400KV PKKD,6.355,246.3453,,official_observed_reference,1c26ab670a51e022db7b744d4a467fc27b006f6fa580ddc6e674e5d8210aae09
2024-05-31,400KV KOCHI+KOTTAYAM,5.827,436.648,14.0854,official_observed_reference,1c26ab670a51e022db7b744d4a467fc27b006f6fa580ddc6e674e5d8210aae09
2024-05-31,400KV KOZHKOD,13.14,452.916,,official_observed_reference,1c26ab670a51e022db7b744d4a467fc27b006f6fa580ddc6e674e5d8210aae09
2024-05-31,400KV NORTH TRSR,5.4252,196.0025,6.3227,official_observed_reference,1c26ab670a51e022db7b744d4a467fc27b006f6fa580ddc6e674e5d8210aae09
2024-05-31,400KV TVM,7.295,284.445,,official_observed_reference,1c26ab670a51e022db7b744d4a467fc27b006f6fa580ddc6e674e5d8210aae09
2024-05-31,220KV_KNPA+SBGR +PVUD+EDMN,7.2992,329.3269,10.6234,official_observed_reference,1c26ab670a51e022db7b744d4a467fc27b006f6fa580ddc6e674e5d8210aae09
2024-05-31,110KV_MJSM +PRSLA,0.6715,23.5081,,official_observed_reference,1c26ab670a51e022db7b744d4a467fc27b006f6fa580ddc6e674e5d8210aae09
2024-06-01,400KV MDKA,5.355,5.355,5.355,official_observed_reference,e1acbc99799bfcad58295a03eaa967b900c90cb4473e93269324624e4fe12623
2024-06-01,400KV PKKD,5.921,5.921,,official_observed_reference,e1acbc99799bfcad58295a03eaa967b900c90cb4473e93269324624e4fe12623
2024-06-01,400KV KOCHI+KOTTAYAM,4.944,4.944,4.944,official_observed_reference,e1acbc99799bfcad58295a03eaa967b900c90cb4473e93269324624e4fe12623
2024-06-01,400KV KOZHKOD,13.148,13.148,,official_observed_reference,e1acbc99799bfcad58295a03eaa967b900c90cb4473e93269324624e4fe12623
2024-06-01,400KV NORTH TRSR,5.14,5.14,5.14,official_observed_reference,e1acbc99799bfcad58295a03eaa967b900c90cb4473e93269324624e4fe12623
2024-06-01,400KV TVM,7.033,7.033,,official_observed_reference,e1acbc99799bfcad58295a03eaa967b900c90cb4473e93269324624e4fe12623
2024-06-01,220KV_KNPA+SBGR +PVUD+EDMN,6.7058,6.7058,6.7058,official_observed_reference,e1acbc99799bfcad58295a03eaa967b900c90cb4473e93269324624e4fe12623
2024-06-01,110KV_MJSM +PRSLA,0.6505,0.6505,,official_observed_reference,e1acbc99799bfcad58295a03eaa967b900c90cb4473e93269324624e4fe12623
2024-06-02,400KV MDKA,5.884,11.239,5.6195,official_observed_reference,377d4a64c6383da3c7df34f5e263cea2c367d0837ecc27ae98e7cd7fa82f6bec
2024-06-02,400KV PKKD,6.138,12.059,,official_observed_reference,377d4a64c6383da3c7df34f5e263cea2c367d0837ecc27ae98e7cd7fa82f6bec
2024-06-02,400KV KOCHI+KOTTAYAM,8.088,13.032,6.516,official_observed_reference,377d4a64c6383da3c7df34f5e263cea2c367d0837ecc27ae98e7cd7fa82f6bec
2024-06-02,400KV KOZHKOD,13.226,26.374,,official_observed_reference,377d4a64c6383da3c7df34f5e263cea2c367d0837ecc27ae98e7cd7fa82f6bec
2024-06-02,400KV NORTH TRSR,4.6801,9.8201,4.9101,official_observed_reference,377d4a64c6383da3c7df34f5e263cea2c367d0837ecc27ae98e7cd7fa82f6bec
2024-06-02,400KV TVM,7.455,14.488,,official_observed_reference,377d4a64c6383da3c7df34f5e263cea2c367d0837ecc27ae98e7cd7fa82f6bec
2024-06-02,220KV_KNPA+SBGR +PVUD+EDMN,8.5633,15.2691,7.6345,official_observed_reference,377d4a64c6383da3c7df34f5e263cea2c367d0837ecc27ae98e7cd7fa82f6bec
2024-06-02,110KV_MJSM +PRSLA,0.6868,1.3373,,official_observed_reference,377d4a64c6383da3c7df34f5e263cea2c367d0837ecc27ae98e7cd7fa82f6bec
2024-06-03,400KV MDKA,5.793,17.032,5.6773,official_observed_reference,fb067b80087198c2d5b030ca6e7279eef4213f064d72cbc216e26af5dcc12f3d
2024-06-03,400KV PKKD,6.162,18.221,,official_observed_reference,fb067b80087198c2d5b030ca6e7279eef4213f064d72cbc216e26af5dcc12f3d
2024-06-03,400KV KOCHI+KOTTAYAM,7.324,20.356,6.7853,official_observed_reference,fb067b80087198c2d5b030ca6e7279eef4213f064d72cbc216e26af5dcc12f3d
2024-06-03,400KV KOZHKOD,14.177,40.551,,official_observed_reference,fb067b80087198c2d5b030ca6e7279eef4213f064d72cbc216e26af5dcc12f3d
2024-06-03,400KV NORTH TRSR,4.7826,14.6027,4.8676,official_observed_reference,fb067b80087198c2d5b030ca6e7279eef4213f064d72cbc216e26af5dcc12f3d
2024-06-03,400KV TVM,7.506,21.994,,official_observed_reference,fb067b80087198c2d5b030ca6e7279eef4213f064d72cbc216e26af5dcc12f3d
2024-06-03,220KV_KNPA+SBGR +PVUD+EDMN,6.7002,21.9692,7.3231,official_observed_reference,fb067b80087198c2d5b030ca6e7279eef4213f064d72cbc216e26af5dcc12f3d
2024-06-03,110KV_MJSM +PRSLA,0.6835,2.0208,,official_observed_reference,fb067b80087198c2d5b030ca6e7279eef4213f064d72cbc216e26af5dcc12f3d
2024-06-04,400KV MDKA,5.701,22.733,5.6833,official_observed_reference,1ce095c0ff115af29e3aff0fd0234d464583732d6aa0ea64df0aae91e272a018
2024-06-04,400KV PKKD,6.168,24.389,,official_observed_reference,1ce095c0ff115af29e3aff0fd0234d464583732d6aa0ea64df0aae91e272a018
2024-06-04,400KV KOCHI+KOTTAYAM,6.615,26.971,6.7428,official_observed_reference,1ce095c0ff115af29e3aff0fd0234d464583732d6aa0ea64df0aae91e272a018
2024-06-04,400KV KOZHKOD,13.754,54.305,,official_observed_reference,1ce095c0ff115af29e3aff0fd0234d464583732d6aa0ea64df0aae91e272a018
2024-06-04,400KV NORTH TRSR,4.8794,19.4822,4.8705,official_observed_reference,1ce095c0ff115af29e3aff0fd0234d464583732d6aa0ea64df0aae91e272a018
2024-06-04,400KV TVM,7.588,29.582,,official_observed_reference,1ce095c0ff115af29e3aff0fd0234d464583732d6aa0ea64df0aae91e272a018
2024-06-04,220KV_KNPA+SBGR +PVUD+EDMN,6.9726,28.9418,7.2354,official_observed_reference,1ce095c0ff115af29e3aff0fd0234d464583732d6aa0ea64df0aae91e272a018
2024-06-04,110KV_MJSM +PRSLA,0.6394,2.6602,,official_observed_reference,1ce095c0ff115af29e3aff0fd0234d464583732d6aa0ea64df0aae91e272a018
2024-06-05,400KV MDKA,6.405,29.138,5.8276,official_observed_reference,2a0b436df96561cf8e464d83315e626bb7e0001908477dabf9d0361e5cd3e05e
2024-06-05,400KV PKKD,6.723,31.112,,official_observed_reference,2a0b436df96561cf8e464d83315e626bb7e0001908477dabf9d0361e5cd3e05e
2024-06-05,400KV KOCHI+KOTTAYAM,8.661,35.632,7.1264,official_observed_reference,2a0b436df96561cf8e464d83315e626bb7e0001908477dabf9d0361e5cd3e05e
2024-06-05,400KV KOZHKOD,13.925,68.23,,official_observed_reference,2a0b436df96561cf8e464d83315e626bb7e0001908477dabf9d0361e5cd3e05e
2024-06-05,400KV NORTH TRSR,5.0775,24.5597,4.9119,official_observed_reference,2a0b436df96561cf8e464d83315e626bb7e0001908477dabf9d0361e5cd3e05e
2024-06-05,400KV TVM,8.215,37.797,,official_observed_reference,2a0b436df96561cf8e464d83315e626bb7e0001908477dabf9d0361e5cd3e05e
2024-06-05,220KV_KNPA+SBGR +PVUD+EDMN,7.4372,36.379,7.2758,official_observed_reference,2a0b436df96561cf8e464d83315e626bb7e0001908477dabf9d0361e5cd3e05e
2024-06-05,110KV_MJSM +PRSLA,0.7009,3.3611,,official_observed_reference,2a0b436df96561cf8e464d83315e626bb7e0001908477dabf9d0361e5cd3e05e
2024-06-06,400KV MDKA,6.53,35.668,5.9447,official_observed_reference,672fbc0dd7b4b10dcd5c2f0ddb48a50fbcd8c588132c17e6dba9825448359195
2024-06-06,400KV PKKD,6.975,38.087,,official_observed_reference,672fbc0dd7b4b10dcd5c2f0ddb48a50fbcd8c588132c17e6dba9825448359195
2024-06-06,400KV KOCHI+KOTTAYAM,9.58,45.212,7.5353,official_observed_reference,672fbc0dd7b4b10dcd5c2f0ddb48a50fbcd8c588132c17e6dba9825448359195
2024-06-06,400KV KOZHKOD,14.713,82.943,,official_observed_reference,672fbc0dd7b4b10dcd5c2f0ddb48a50fbcd8c588132c17e6dba9825448359195
2024-06-06,400KV NORTH TRSR,4.4586,29.0183,4.8364,official_observed_reference,672fbc0dd7b4b10dcd5c2f0ddb48a50fbcd8c588132c17e6dba9825448359195
2024-06-06,400KV TVM,7.838,45.635,,official_observed_reference,672fbc0dd7b4b10dcd5c2f0ddb48a50fbcd8c588132c17e6dba9825448359195
2024-06-06,220KV_KNPA+SBGR +PVUD+EDMN,8.1737,44.5526,7.4254,official_observed_reference,672fbc0dd7b4b10dcd5c2f0ddb48a50fbcd8c588132c17e6dba9825448359195
2024-06-06,110KV_MJSM +PRSLA,0.7016,4.0627,,official_observed_reference,672fbc0dd7b4b10dcd5c2f0ddb48a50fbcd8c588132c17e6dba9825448359195
2024-06-07,400KV MDKA,5.458,41.126,5.8751,official_observed_reference,be19698db5ca3782753685495a044cc5f69691f1c92f2a478b5b2f370a40f847
2024-06-07,400KV PKKD,6.6169,44.7039,,official_observed_reference,be19698db5ca3782753685495a044cc5f69691f1c92f2a478b5b2f370a40f847
2024-06-07,400KV KOCHI+KOTTAYAM,8.111,53.323,7.6176,official_observed_reference,be19698db5ca3782753685495a044cc5f69691f1c92f2a478b5b2f370a40f847
2024-06-07,400KV KOZHKOD,13.794,96.737,,official_observed_reference,be19698db5ca3782753685495a044cc5f69691f1c92f2a478b5b2f370a40f847
2024-06-07,400KV NORTH TRSR,4.9458,33.9641,4.852,official_observed_reference,be19698db5ca3782753685495a044cc5f69691f1c92f2a478b5b2f370a40f847
2024-06-07,400KV TVM,7.965,53.6,,official_observed_reference,be19698db5ca3782753685495a044cc5f69691f1c92f2a478b5b2f370a40f847
2024-06-07,220KV_KNPA+SBGR +PVUD+EDMN,9.5731,54.1258,7.7323,official_observed_reference,be19698db5ca3782753685495a044cc5f69691f1c92f2a478b5b2f370a40f847
2024-06-07,110KV_MJSM +PRSLA,0.6751,4.7378,,official_observed_reference,be19698db5ca3782753685495a044cc5f69691f1c92f2a478b5b2f370a40f847
2024-06-08,400KV MDKA,6.298,47.424,5.928,official_observed_reference,fcf09aab035cf09b22c4a128096b60a2421a787bd06e3f19054b772ec0de60d0
2024-06-08,400KV PKKD,6.856,51.5599,,official_observed_reference,fcf09aab035cf09b22c4a128096b60a2421a787bd06e3f19054b772ec0de60d0
2024-06-08,400KV KOCHI+KOTTAYAM,7.763,61.086,7.6358,official_observed_reference,fcf09aab035cf09b22c4a128096b60a2421a787bd06e3f19054b772ec0de60d0
2024-06-08,400KV KOZHKOD,13.372,110.109,,official_observed_reference,fcf09aab035cf09b22c4a128096b60a2421a787bd06e3f19054b772ec0de60d0
2024-06-08,400KV NORTH TRSR,4.848,38.812,4.8515,official_observed_reference,fcf09aab035cf09b22c4a128096b60a2421a787bd06e3f19054b772ec0de60d0
2024-06-08,400KV TVM,7.842,61.442,,official_observed_reference,fcf09aab035cf09b22c4a128096b60a2421a787bd06e3f19054b772ec0de60d0
2024-06-08,220KV_KNPA+SBGR +PVUD+EDMN,11.6752,65.801,8.2251,official_observed_reference,fcf09aab035cf09b22c4a128096b60a2421a787bd06e3f19054b772ec0de60d0
2024-06-08,110KV_MJSM +PRSLA,0.6151,5.353,,official_observed_reference,fcf09aab035cf09b22c4a128096b60a2421a787bd06e3f19054b772ec0de60d0
2024-06-09,400KV MDKA,6.283,53.707,5.9674,official_observed_reference,a8f633e232b4816976ab9ed5c74f46108c9deffaa3743a38f7835e684a2f250a
2024-06-09,400KV PKKD,5.93,57.4899,,official_observed_reference,a8f633e232b4816976ab9ed5c74f46108c9deffaa3743a38f7835e684a2f250a
2024-06-09,400KV KOCHI+KOTTAYAM,7.92,69.006,7.6673,official_observed_reference,a8f633e232b4816976ab9ed5c74f46108c9deffaa3743a38f7835e684a2f250a
2024-06-09,400KV KOZHKOD,12.332,122.441,,official_observed_reference,a8f633e232b4816976ab9ed5c74f46108c9deffaa3743a38f7835e684a2f250a
2024-06-09,400KV NORTH TRSR,3.2581,42.0701,4.6745,official_observed_reference,a8f633e232b4816976ab9ed5c74f46108c9deffaa3743a38f7835e684a2f250a
2024-06-09,400KV TVM,7.354,68.796,,official_observed_reference,a8f633e232b4816976ab9ed5c74f46108c9deffaa3743a38f7835e684a2f250a
2024-06-09,220KV_KNPA+SBGR +PVUD+EDMN,12.4651,78.2661,8.6962,official_observed_reference,a8f633e232b4816976ab9ed5c74f46108c9deffaa3743a38f7835e684a2f250a
2024-06-09,110KV_MJSM +PRSLA,0.5493,5.9023,,official_observed_reference,a8f633e232b4816976ab9ed5c74f46108c9deffaa3743a38f7835e684a2f250a
2024-06-10,400KV MDKA,6.208,59.915,5.9915,official_observed_reference,3568598372f3200917f95cf4e61cb072b651c86df12230513d682e34ec15e1ee
2024-06-10,400KV PKKD,5.8104,63.3003,,official_observed_reference,3568598372f3200917f95cf4e61cb072b651c86df12230513d682e34ec15e1ee
2024-06-10,400KV KOCHI+KOTTAYAM,9.225,78.231,7.8231,official_observed_reference,3568598372f3200917f95cf4e61cb072b651c86df12230513d682e34ec15e1ee
2024-06-10,400KV KOZHKOD,12.709,135.15,,official_observed_reference,3568598372f3200917f95cf4e61cb072b651c86df12230513d682e34ec15e1ee
2024-06-10,400KV NORTH TRSR,4.5516,46.6217,4.6622,official_observed_reference,3568598372f3200917f95cf4e61cb072b651c86df12230513d682e34ec15e1ee
2024-06-10,400KV TVM,7.435,76.231,,official_observed_reference,3568598372f3200917f95cf4e61cb072b651c86df12230513d682e34ec15e1ee
2024-06-10,220KV_KNPA+SBGR +PVUD+EDMN,11.9262,90.1923,9.0192,official_observed_reference,3568598372f3200917f95cf4e61cb072b651c86df12230513d682e34ec15e1ee
2024-06-10,110KV_MJSM +PRSLA,0.4692,6.3715,,official_observed_reference,3568598372f3200917f95cf4e61cb072b651c86df12230513d682e34ec15e1ee
2024-06-11,400KV MDKA,5.884,65.799,5.9817,official_observed_reference,c5e0752ecf5330da95b3e608440c60677386c042423311f3ea932ef377013f73
2024-06-11,400KV PKKD,6.0869,69.3872,,official_observed_reference,c5e0752ecf5330da95b3e608440c60677386c042423311f3ea932ef377013f73
2024-06-11,400KV KOCHI+KOTTAYAM,8.254,86.485,7.8623,official_observed_reference,c5e0752ecf5330da95b3e608440c60677386c042423311f3ea932ef377013f73
2024-06-11,400KV KOZHKOD,12.465,147.615,,official_observed_reference,c5e0752ecf5330da95b3e608440c60677386c042423311f3ea932ef377013f73
2024-06-11,400KV NORTH TRSR,4.8454,51.4671,4.6788,official_observed_reference,c5e0752ecf5330da95b3e608440c60677386c042423311f3ea932ef377013f73
2024-06-11,400KV TVM,7.365,83.596,,official_observed_reference,c5e0752ecf5330da95b3e608440c60677386c042423311f3ea932ef377013f73
2024-06-11,220KV_KNPA+SBGR +PVUD+EDMN,11.3865,101.5788,9.2344,official_observed_reference,c5e0752ecf5330da95b3e608440c60677386c042423311f3ea932ef377013f73
2024-06-11,110KV_MJSM +PRSLA,0.6381,7.0096,,official_observed_reference,c5e0752ecf5330da95b3e608440c60677386c042423311f3ea932ef377013f73
2024-06-12,400KV MDKA,6.187,71.986,5.9988,official_observed_reference,bc7620b4f49a659ec7a8bc0aa0d693642391b2ebb20e6bb433b069bd98b6f1ac
2024-06-12,400KV PKKD,6.0138,75.401,,official_observed_reference,bc7620b4f49a659ec7a8bc0aa0d693642391b2ebb20e6bb433b069bd98b6f1ac
2024-06-12,400KV KOCHI+KOTTAYAM,9.651,96.136,8.0113,official_observed_reference,bc7620b4f49a659ec7a8bc0aa0d693642391b2ebb20e6bb433b069bd98b6f1ac
2024-06-12,400KV KOZHKOD,12.778,160.393,,official_observed_reference,bc7620b4f49a659ec7a8bc0aa0d693642391b2ebb20e6bb433b069bd98b6f1ac
2024-06-12,400KV NORTH TRSR,4.7562,56.2233,4.6853,official_observed_reference,bc7620b4f49a659ec7a8bc0aa0d693642391b2ebb20e6bb433b069bd98b6f1ac
2024-06-12,400KV TVM,7.523,91.119,,official_observed_reference,bc7620b4f49a659ec7a8bc0aa0d693642391b2ebb20e6bb433b069bd98b6f1ac
2024-06-12,220KV_KNPA+SBGR +PVUD+EDMN,9.9773,111.5561,9.2963,official_observed_reference,bc7620b4f49a659ec7a8bc0aa0d693642391b2ebb20e6bb433b069bd98b6f1ac
2024-06-12,110KV_MJSM +PRSLA,0.6521,7.6618,,official_observed_reference,bc7620b4f49a659ec7a8bc0aa0d693642391b2ebb20e6bb433b069bd98b6f1ac
2024-06-13,400KV MDKA,6.168,78.154,6.0118,official_observed_reference,8fed17363f687b55d82dffc9f518aed9c25e43fde36d67761977e63f05a82fd9
2024-06-13,400KV PKKD,6.1538,81.5548,,official_observed_reference,8fed17363f687b55d82dffc9f518aed9c25e43fde36d67761977e63f05a82fd9
2024-06-13,400KV KOCHI+KOTTAYAM,10.275,106.411,8.1855,official_observed_reference,8fed17363f687b55d82dffc9f518aed9c25e43fde36d67761977e63f05a82fd9
2024-06-13,400KV KOZHKOD,12.69,173.083,,official_observed_reference,8fed17363f687b55d82dffc9f518aed9c25e43fde36d67761977e63f05a82fd9
2024-06-13,400KV NORTH TRSR,4.811,61.0343,4.6949,official_observed_reference,8fed17363f687b55d82dffc9f518aed9c25e43fde36d67761977e63f05a82fd9
2024-06-13,400KV TVM,7.9,99.019,,official_observed_reference,8fed17363f687b55d82dffc9f518aed9c25e43fde36d67761977e63f05a82fd9
2024-06-13,220KV_KNPA+SBGR +PVUD+EDMN,9.9934,121.5495,9.35,official_observed_reference,8fed17363f687b55d82dffc9f518aed9c25e43fde36d67761977e63f05a82fd9
2024-06-13,110KV_MJSM +PRSLA,0.6392,8.301,,official_observed_reference,8fed17363f687b55d82dffc9f518aed9c25e43fde36d67761977e63f05a82fd9
2024-06-14,400KV MDKA,6.215,84.369,6.0264,official_observed_reference,a22bfd61f77d49542437f8b970b643b73a476708aad6b956f80e250f89420f5c
2024-06-14,400KV PKKD,6.006,87.5608,,official_observed_reference,a22bfd61f77d49542437f8b970b643b73a476708aad6b956f80e250f89420f5c
2024-06-14,400KV KOCHI+KOTTAYAM,9.422,115.833,8.2738,official_observed_reference,a22bfd61f77d49542437f8b970b643b73a476708aad6b956f80e250f89420f5c
2024-06-14,400KV KOZHKOD,13.238,186.321,,official_observed_reference,a22bfd61f77d49542437f8b970b643b73a476708aad6b956f80e250f89420f5c
2024-06-14,400KV NORTH TRSR,4.9071,65.9414,4.7101,official_observed_reference,a22bfd61f77d49542437f8b970b643b73a476708aad6b956f80e250f89420f5c
2024-06-14,400KV TVM,7.693,106.712,,official_observed_reference,a22bfd61f77d49542437f8b970b643b73a476708aad6b956f80e250f89420f5c
2024-06-14,220KV_KNPA+SBGR +PVUD+EDMN,10.3644,131.9139,9.4224,official_observed_reference,a22bfd61f77d49542437f8b970b643b73a476708aad6b956f80e250f89420f5c
2024-06-14,110KV_MJSM +PRSLA,0.6193,8.9202,,official_observed_reference,a22bfd61f77d49542437f8b970b643b73a476708aad6b956f80e250f89420f5c
2024-06-15,400KV MDKA,6.333,90.702,6.0468,official_observed_reference,eddd5cf616928c91b615492d1963c661bd2c3a7e983f08bb9465f6410d16313d
2024-06-15,400KV PKKD,6.162,93.7228,,official_observed_reference,eddd5cf616928c91b615492d1963c661bd2c3a7e983f08bb9465f6410d16313d
2024-06-15,400KV KOCHI+KOTTAYAM,7.824,123.657,8.2438,official_observed_reference,eddd5cf616928c91b615492d1963c661bd2c3a7e983f08bb9465f6410d16313d
2024-06-15,400KV KOZHKOD,13.448,199.769,,official_observed_reference,eddd5cf616928c91b615492d1963c661bd2c3a7e983f08bb9465f6410d16313d
2024-06-15,400KV NORTH TRSR,5.3461,71.2875,4.7525,official_observed_reference,eddd5cf616928c91b615492d1963c661bd2c3a7e983f08bb9465f6410d16313d
2024-06-15,400KV TVM,7.53,114.242,,official_observed_reference,eddd5cf616928c91b615492d1963c661bd2c3a7e983f08bb9465f6410d16313d
2024-06-15,220KV_KNPA+SBGR +PVUD+EDMN,10.069,141.9829,9.4655,official_observed_reference,eddd5cf616928c91b615492d1963c661bd2c3a7e983f08bb9465f6410d16313d
2024-06-15,110KV_MJSM +PRSLA,0.6634,9.5837,,official_observed_reference,eddd5cf616928c91b615492d1963c661bd2c3a7e983f08bb9465f6410d16313d
2024-06-16,400KV MDKA,5.797,96.499,6.0312,official_observed_reference,4690ae57d55519d5cbf80a6612f95b8f842df4e1a931b324a0d4957582d46e6f
2024-06-16,400KV PKKD,5.663,99.3858,,official_observed_reference,4690ae57d55519d5cbf80a6612f95b8f842df4e1a931b324a0d4957582d46e6f
2024-06-16,400KV KOCHI+KOTTAYAM,6.695,130.352,8.147,official_observed_reference,4690ae57d55519d5cbf80a6612f95b8f842df4e1a931b324a0d4957582d46e6f
2024-06-16,400KV KOZHKOD,12.343,212.112,,official_observed_reference,4690ae57d55519d5cbf80a6612f95b8f842df4e1a931b324a0d4957582d46e6f
2024-06-16,400KV NORTH TRSR,4.8838,76.1712,4.7607,official_observed_reference,4690ae57d55519d5cbf80a6612f95b8f842df4e1a931b324a0d4957582d46e6f
2024-06-16,400KV TVM,7.21,121.452,,official_observed_reference,4690ae57d55519d5cbf80a6612f95b8f842df4e1a931b324a0d4957582d46e6f
2024-06-16,220KV_KNPA+SBGR +PVUD+EDMN,9.2051,151.188,9.4492,official_observed_reference,4690ae57d55519d5cbf80a6612f95b8f842df4e1a931b324a0d4957582d46e6f
2024-06-16,110KV_MJSM +PRSLA,0.6454,10.229,,official_observed_reference,4690ae57d55519d5cbf80a6612f95b8f842df4e1a931b324a0d4957582d46e6f
2024-06-17,400KV MDKA,6.078,102.577,6.0339,official_observed_reference,bfe08839d1ee172236fa77315a52be6c77e2db411fb879ae7edcf3ed7ffdf4e8
2024-06-17,400KV PKKD,5.79,105.1758,,official_observed_reference,bfe08839d1ee172236fa77315a52be6c77e2db411fb879ae7edcf3ed7ffdf4e8
2024-06-17,400KV KOCHI+KOTTAYAM,7.436,137.788,8.1052,official_observed_reference,bfe08839d1ee172236fa77315a52be6c77e2db411fb879ae7edcf3ed7ffdf4e8
2024-06-17,400KV KOZHKOD,12.694,224.806,,official_observed_reference,bfe08839d1ee172236fa77315a52be6c77e2db411fb879ae7edcf3ed7ffdf4e8
2024-06-17,400KV NORTH TRSR,4.8319,81.0031,4.7649,official_observed_reference,bfe08839d1ee172236fa77315a52be6c77e2db411fb879ae7edcf3ed7ffdf4e8
2024-06-17,400KV TVM,7.673,129.125,,official_observed_reference,bfe08839d1ee172236fa77315a52be6c77e2db411fb879ae7edcf3ed7ffdf4e8
2024-06-17,220KV_KNPA+SBGR +PVUD+EDMN,8.4605,159.6485,9.3911,official_observed_reference,bfe08839d1ee172236fa77315a52be6c77e2db411fb879ae7edcf3ed7ffdf4e8
2024-06-17,110KV_MJSM +PRSLA,0.6466,10.8756,,official_observed_reference,bfe08839d1ee172236fa77315a52be6c77e2db411fb879ae7edcf3ed7ffdf4e8
2024-06-18,400KV MDKA,6.458,109.035,6.0575,official_observed_reference,6eacfd7b73f827498d247bca77c3da6a466790fc272c77b17676da60c3bf16c9
2024-06-18,400KV PKKD,6.188,111.3638,,official_observed_reference,6eacfd7b73f827498d247bca77c3da6a466790fc272c77b17676da60c3bf16c9
2024-06-18,400KV KOCHI+KOTTAYAM,8.388,146.176,8.1209,official_observed_reference,6eacfd7b73f827498d247bca77c3da6a466790fc272c77b17676da60c3bf16c9
2024-06-18,400KV KOZHKOD,13.395,238.201,,official_observed_reference,6eacfd7b73f827498d247bca77c3da6a466790fc272c77b17676da60c3bf16c9
2024-06-18,400KV NORTH TRSR,5.0148,86.0179,4.7788,official_observed_reference,6eacfd7b73f827498d247bca77c3da6a466790fc272c77b17676da60c3bf16c9
2024-06-18,400KV TVM,7.891,137.016,,official_observed_reference,6eacfd7b73f827498d247bca77c3da6a466790fc272c77b17676da60c3bf16c9
2024-06-18,220KV_KNPA+SBGR +PVUD+EDMN,9.4773,169.1258,9.3959,official_observed_reference,6eacfd7b73f827498d247bca77c3da6a466790fc272c77b17676da60c3bf16c9
2024-06-18,110KV_MJSM +PRSLA,0.62,11.4957,,official_observed_reference,6eacfd7b73f827498d247bca77c3da6a466790fc272c77b17676da60c3bf16c9
2024-06-19,400KV MDKA,6.764,115.799,6.0947,official_observed_reference,43fce1542d06b2b51746313c1fbff7cce3a5ca92ffcd223cb2323b7e212dee56
2024-06-19,400KV PKKD,6.366,117.7298,,official_observed_reference,43fce1542d06b2b51746313c1fbff7cce3a5ca92ffcd223cb2323b7e212dee56
2024-06-19,400KV KOCHI+KOTTAYAM,10.17,156.346,8.2287,official_observed_reference,43fce1542d06b2b51746313c1fbff7cce3a5ca92ffcd223cb2323b7e212dee56
2024-06-19,400KV KOZHKOD,14.055,252.256,,official_observed_reference,43fce1542d06b2b51746313c1fbff7cce3a5ca92ffcd223cb2323b7e212dee56
2024-06-19,400KV NORTH TRSR,5.0531,91.071,4.7932,official_observed_reference,43fce1542d06b2b51746313c1fbff7cce3a5ca92ffcd223cb2323b7e212dee56
2024-06-19,400KV TVM,7.533,144.549,,official_observed_reference,43fce1542d06b2b51746313c1fbff7cce3a5ca92ffcd223cb2323b7e212dee56
2024-06-19,220KV_KNPA+SBGR +PVUD+EDMN,9.7454,178.8712,9.4143,official_observed_reference,43fce1542d06b2b51746313c1fbff7cce3a5ca92ffcd223cb2323b7e212dee56
2024-06-19,110KV_MJSM +PRSLA,0.2621,11.7578,,official_observed_reference,43fce1542d06b2b51746313c1fbff7cce3a5ca92ffcd223cb2323b7e212dee56
2024-06-20,400KV MDKA,6.462,122.261,6.1131,official_observed_reference,feea239d3062370acf4d4407b40ecde024894f07598310c14b5475673b3d475b
2024-06-20,400KV PKKD,6.318,124.0478,,official_observed_reference,feea239d3062370acf4d4407b40ecde024894f07598310c14b5475673b3d475b
2024-06-20,400KV KOCHI+KOTTAYAM,10.6,166.946,8.3473,official_observed_reference,feea239d3062370acf4d4407b40ecde024894f07598310c14b5475673b3d475b
2024-06-20,400KV KOZHKOD,13.261,265.517,,official_observed_reference,feea239d3062370acf4d4407b40ecde024894f07598310c14b5475673b3d475b
2024-06-20,400KV NORTH TRSR,4.8576,95.9286,4.7964,official_observed_reference,feea239d3062370acf4d4407b40ecde024894f07598310c14b5475673b3d475b
2024-06-20,400KV TVM,7.357,151.906,,official_observed_reference,feea239d3062370acf4d4407b40ecde024894f07598310c14b5475673b3d475b
2024-06-20,220KV_KNPA+SBGR +PVUD+EDMN,10.045,188.9162,9.4458,official_observed_reference,feea239d3062370acf4d4407b40ecde024894f07598310c14b5475673b3d475b
2024-06-20,110KV_MJSM +PRSLA,0.6164,12.3742,,official_observed_reference,feea239d3062370acf4d4407b40ecde024894f07598310c14b5475673b3d475b
2024-06-21,400KV MDKA,5.905,128.166,6.1031,official_observed_reference,ea184530e2566ae783ec88f78aa485609d503afba95510ed678b3cc460c4a74b
2024-06-21,400KV PKKD,6.268,130.3158,,official_observed_reference,ea184530e2566ae783ec88f78aa485609d503afba95510ed678b3cc460c4a74b
2024-06-21,400KV KOCHI+KOTTAYAM,9.05,175.996,8.3808,official_observed_reference,ea184530e2566ae783ec88f78aa485609d503afba95510ed678b3cc460c4a74b
2024-06-21,400KV KOZHKOD,12.841,278.358,,official_observed_reference,ea184530e2566ae783ec88f78aa485609d503afba95510ed678b3cc460c4a74b
2024-06-21,400KV NORTH TRSR,4.8354,100.764,4.7983,official_observed_reference,ea184530e2566ae783ec88f78aa485609d503afba95510ed678b3cc460c4a74b
2024-06-21,400KV TVM,7.3,159.206,,official_observed_reference,ea184530e2566ae783ec88f78aa485609d503afba95510ed678b3cc460c4a74b
2024-06-21,220KV_KNPA+SBGR +PVUD+EDMN,9.9817,198.8979,9.4713,official_observed_reference,ea184530e2566ae783ec88f78aa485609d503afba95510ed678b3cc460c4a74b
2024-06-21,110KV_MJSM +PRSLA,0.6062,12.9804,,official_observed_reference,ea184530e2566ae783ec88f78aa485609d503afba95510ed678b3cc460c4a74b
2024-06-22,400KV MDKA,5.748,133.914,6.087,official_observed_reference,9c95bc0eebbe096b1f2dbbc358dce2ef7e4f40205ccf04476a9e01649076e201
2024-06-22,400KV PKKD,5.9845,136.3003,,official_observed_reference,9c95bc0eebbe096b1f2dbbc358dce2ef7e4f40205ccf04476a9e01649076e201
2024-06-22,400KV KOCHI+KOTTAYAM,7.472,183.468,8.3395,official_observed_reference,9c95bc0eebbe096b1f2dbbc358dce2ef7e4f40205ccf04476a9e01649076e201
2024-06-22,400KV KOZHKOD,12.048,290.406,,official_observed_reference,9c95bc0eebbe096b1f2dbbc358dce2ef7e4f40205ccf04476a9e01649076e201
2024-06-22,400KV NORTH TRSR,5.0211,105.7851,4.8084,official_observed_reference,9c95bc0eebbe096b1f2dbbc358dce2ef7e4f40205ccf04476a9e01649076e201
2024-06-22,400KV TVM,6.948,166.154,,official_observed_reference,9c95bc0eebbe096b1f2dbbc358dce2ef7e4f40205ccf04476a9e01649076e201
2024-06-22,220KV_KNPA+SBGR +PVUD+EDMN,10.2153,209.1132,9.5051,official_observed_reference,9c95bc0eebbe096b1f2dbbc358dce2ef7e4f40205ccf04476a9e01649076e201
2024-06-22,110KV_MJSM +PRSLA,0.5917,13.572,,official_observed_reference,9c95bc0eebbe096b1f2dbbc358dce2ef7e4f40205ccf04476a9e01649076e201
2024-06-23,400KV MDKA,5.644,139.558,6.0677,official_observed_reference,ad27c2f096f3e7736c53c7ad7cafcf56e2a5bcbc91ddfe5cea29c5a99d54ad3d
2024-06-23,400KV PKKD,5.4084,141.7087,,official_observed_reference,ad27c2f096f3e7736c53c7ad7cafcf56e2a5bcbc91ddfe5cea29c5a99d54ad3d
2024-06-23,400KV KOCHI+KOTTAYAM,7.493,190.961,8.3027,official_observed_reference,ad27c2f096f3e7736c53c7ad7cafcf56e2a5bcbc91ddfe5cea29c5a99d54ad3d
2024-06-23,400KV KOZHKOD,10.329,300.735,,official_observed_reference,ad27c2f096f3e7736c53c7ad7cafcf56e2a5bcbc91ddfe5cea29c5a99d54ad3d
2024-06-23,400KV NORTH TRSR,4.9324,110.7174,4.8138,official_observed_reference,ad27c2f096f3e7736c53c7ad7cafcf56e2a5bcbc91ddfe5cea29c5a99d54ad3d
2024-06-23,400KV TVM,6.845,172.999,,official_observed_reference,ad27c2f096f3e7736c53c7ad7cafcf56e2a5bcbc91ddfe5cea29c5a99d54ad3d
2024-06-23,220KV_KNPA+SBGR +PVUD+EDMN,9.7649,218.8781,9.5164,official_observed_reference,ad27c2f096f3e7736c53c7ad7cafcf56e2a5bcbc91ddfe5cea29c5a99d54ad3d
2024-06-23,110KV_MJSM +PRSLA,0.5794,14.1514,,official_observed_reference,ad27c2f096f3e7736c53c7ad7cafcf56e2a5bcbc91ddfe5cea29c5a99d54ad3d
2024-06-24,400KV MDKA,4.356,143.914,5.9964,official_observed_reference,cc5767803a1d2ce240e023ded592f13d880f17062b1eae8a2ab629c1363b7bc3
2024-06-24,400KV PKKD,5.86,147.5687,,official_observed_reference,cc5767803a1d2ce240e023ded592f13d880f17062b1eae8a2ab629c1363b7bc3
2024-06-24,400KV KOCHI+KOTTAYAM,7.168,198.129,8.2554,official_observed_reference,cc5767803a1d2ce240e023ded592f13d880f17062b1eae8a2ab629c1363b7bc3
2024-06-24,400KV KOZHKOD,11.212,311.947,,official_observed_reference,cc5767803a1d2ce240e023ded592f13d880f17062b1eae8a2ab629c1363b7bc3
2024-06-24,400KV NORTH TRSR,4.728,115.4454,4.8102,official_observed_reference,cc5767803a1d2ce240e023ded592f13d880f17062b1eae8a2ab629c1363b7bc3
2024-06-24,400KV TVM,7.204,180.203,,official_observed_reference,cc5767803a1d2ce240e023ded592f13d880f17062b1eae8a2ab629c1363b7bc3
2024-06-24,220KV_KNPA+SBGR +PVUD+EDMN,10.3074,229.1856,9.5494,official_observed_reference,cc5767803a1d2ce240e023ded592f13d880f17062b1eae8a2ab629c1363b7bc3
2024-06-24,110KV_MJSM +PRSLA,0.6003,14.7517,,official_observed_reference,cc5767803a1d2ce240e023ded592f13d880f17062b1eae8a2ab629c1363b7bc3
2024-06-25,400KV MDKA,4.094,148.008,5.9203,official_observed_reference,701f9d786eee479b26a804c4876dee58d6d6f8f14d44dd87018a2e3a1f912572
2024-06-25,400KV PKKD,5.529,153.0977,,official_observed_reference,701f9d786eee479b26a804c4876dee58d6d6f8f14d44dd87018a2e3a1f912572
2024-06-25,400KV KOCHI+KOTTAYAM,6.592,204.721,8.1888,official_observed_reference,701f9d786eee479b26a804c4876dee58d6d6f8f14d44dd87018a2e3a1f912572
2024-06-25,400KV KOZHKOD,10.783,322.73,,official_observed_reference,701f9d786eee479b26a804c4876dee58d6d6f8f14d44dd87018a2e3a1f912572
2024-06-25,400KV NORTH TRSR,4.8259,120.2713,4.8109,official_observed_reference,701f9d786eee479b26a804c4876dee58d6d6f8f14d44dd87018a2e3a1f912572
2024-06-25,400KV TVM,7.084,187.287,,official_observed_reference,701f9d786eee479b26a804c4876dee58d6d6f8f14d44dd87018a2e3a1f912572
2024-06-25,220KV_KNPA+SBGR +PVUD+EDMN,9.6514,238.837,9.5535,official_observed_reference,701f9d786eee479b26a804c4876dee58d6d6f8f14d44dd87018a2e3a1f912572
2024-06-25,110KV_MJSM +PRSLA,0.6151,15.3669,,official_observed_reference,701f9d786eee479b26a804c4876dee58d6d6f8f14d44dd87018a2e3a1f912572
2024-06-26,400KV MDKA,3.795,151.803,5.8386,official_observed_reference,54dbcb4b18e1aea9a7e37af237655a795f1d46666d8816a29305265795d836a2
2024-06-26,400KV PKKD,5.1779,158.2756,,official_observed_reference,54dbcb4b18e1aea9a7e37af237655a795f1d46666d8816a29305265795d836a2
2024-06-26,400KV KOCHI+KOTTAYAM,5.705,210.426,8.0933,official_observed_reference,54dbcb4b18e1aea9a7e37af237655a795f1d46666d8816a29305265795d836a2
2024-06-26,400KV KOZHKOD,10.787,333.517,,official_observed_reference,54dbcb4b18e1aea9a7e37af237655a795f1d46666d8816a29305265795d836a2
2024-06-26,400KV NORTH TRSR,4.9167,125.188,4.8149,official_observed_reference,54dbcb4b18e1aea9a7e37af237655a795f1d46666d8816a29305265795d836a2
2024-06-26,400KV TVM,6.685,193.972,,official_observed_reference,54dbcb4b18e1aea9a7e37af237655a795f1d46666d8816a29305265795d836a2
2024-06-26,220KV_KNPA+SBGR +PVUD+EDMN,10.2117,249.0487,9.5788,official_observed_reference,54dbcb4b18e1aea9a7e37af237655a795f1d46666d8816a29305265795d836a2
2024-06-26,110KV_MJSM +PRSLA,0.6,15.9669,,official_observed_reference,54dbcb4b18e1aea9a7e37af237655a795f1d46666d8816a29305265795d836a2
2024-06-27,400KV MDKA,5.261,157.064,5.8172,official_observed_reference,0b5c95b156444ea079ee48c4bd6402ca6259bee97e639f66fb1f384b817e4dec
2024-06-27,400KV PKKD,5.287,163.5626,,official_observed_reference,0b5c95b156444ea079ee48c4bd6402ca6259bee97e639f66fb1f384b817e4dec
2024-06-27,400KV KOCHI+KOTTAYAM,5.981,216.407,8.0151,official_observed_reference,0b5c95b156444ea079ee48c4bd6402ca6259bee97e639f66fb1f384b817e4dec
2024-06-27,400KV KOZHKOD,10.147,343.664,,official_observed_reference,0b5c95b156444ea079ee48c4bd6402ca6259bee97e639f66fb1f384b817e4dec
2024-06-27,400KV NORTH TRSR,4.7051,129.8931,4.8109,official_observed_reference,0b5c95b156444ea079ee48c4bd6402ca6259bee97e639f66fb1f384b817e4dec
2024-06-27,400KV TVM,6.905,200.877,,official_observed_reference,0b5c95b156444ea079ee48c4bd6402ca6259bee97e639f66fb1f384b817e4dec
2024-06-27,220KV_KNPA+SBGR +PVUD+EDMN,10.1092,259.1579,9.5984,official_observed_reference,0b5c95b156444ea079ee48c4bd6402ca6259bee97e639f66fb1f384b817e4dec
2024-06-27,110KV_MJSM +PRSLA,0.6025,16.5694,,official_observed_reference,0b5c95b156444ea079ee48c4bd6402ca6259bee97e639f66fb1f384b817e4dec
2024-06-28,400KV MDKA,5.167,162.231,5.794,official_observed_reference,7358d225cf96d02253346cbcf10781509e7f4b350e9e5b52278394e388c300e3
2024-06-28,400KV PKKD,5.459,169.0216,,official_observed_reference,7358d225cf96d02253346cbcf10781509e7f4b350e9e5b52278394e388c300e3
2024-06-28,400KV KOCHI+KOTTAYAM,6.548,222.955,7.9627,official_observed_reference,7358d225cf96d02253346cbcf10781509e7f4b350e9e5b52278394e388c300e3
2024-06-28,400KV KOZHKOD,9.784,353.448,,official_observed_reference,7358d225cf96d02253346cbcf10781509e7f4b350e9e5b52278394e388c300e3
2024-06-28,400KV NORTH TRSR,4.5013,134.3944,4.7998,official_observed_reference,7358d225cf96d02253346cbcf10781509e7f4b350e9e5b52278394e388c300e3
2024-06-28,400KV TVM,7.071,207.948,,official_observed_reference,7358d225cf96d02253346cbcf10781509e7f4b350e9e5b52278394e388c300e3
2024-06-28,220KV_KNPA+SBGR +PVUD+EDMN,9.2559,268.4139,9.5862,official_observed_reference,7358d225cf96d02253346cbcf10781509e7f4b350e9e5b52278394e388c300e3
2024-06-28,110KV_MJSM +PRSLA,0.6357,17.2051,,official_observed_reference,7358d225cf96d02253346cbcf10781509e7f4b350e9e5b52278394e388c300e3
2024-06-29,400KV MDKA,5.411,167.642,5.7808,official_observed_reference,1b6ad3c6d908bdbbcbdf8c1759c1030e709596bb36c8a4b1138a595541ee1ffd
2024-06-29,400KV PKKD,5.527,174.5486,,official_observed_reference,1b6ad3c6d908bdbbcbdf8c1759c1030e709596bb36c8a4b1138a595541ee1ffd
2024-06-29,400KV KOCHI+KOTTAYAM,7.473,230.428,7.9458,official_observed_reference,1b6ad3c6d908bdbbcbdf8c1759c1030e709596bb36c8a4b1138a595541ee1ffd
2024-06-29,400KV KOZHKOD,10.128,363.576,,official_observed_reference,1b6ad3c6d908bdbbcbdf8c1759c1030e709596bb36c8a4b1138a595541ee1ffd
2024-06-29,400KV NORTH TRSR,4.4351,138.8295,4.7872,official_observed_reference,1b6ad3c6d908bdbbcbdf8c1759c1030e709596bb36c8a4b1138a595541ee1ffd
2024-06-29,400KV TVM,7.356,215.304,,official_observed_reference,1b6ad3c6d908bdbbcbdf8c1759c1030e709596bb36c8a4b1138a595541ee1ffd
2024-06-29,220KV_KNPA+SBGR +PVUD+EDMN,9.9425,278.3563,9.5985,official_observed_reference,1b6ad3c6d908bdbbcbdf8c1759c1030e709596bb36c8a4b1138a595541ee1ffd
2024-06-29,110KV_MJSM +PRSLA,0.6466,17.8516,,official_observed_reference,1b6ad3c6d908bdbbcbdf8c1759c1030e709596bb36c8a4b1138a595541ee1ffd
2024-06-30,400KV MDKA,4.864,172.506,5.7502,official_observed_reference,d7d5ad5daec79f0a755a37d5b4d98e291a129a00b25bbc6fded69d546f995b12
2024-06-30,400KV PKKD,5.388,179.9366,,official_observed_reference,d7d5ad5daec79f0a755a37d5b4d98e291a129a00b25bbc6fded69d546f995b12
2024-06-30,400KV KOCHI+KOTTAYAM,6.593,237.021,7.9007,official_observed_reference,d7d5ad5daec79f0a755a37d5b4d98e291a129a00b25bbc6fded69d546f995b12
2024-06-30,400KV KOZHKOD,9.965,373.541,,official_observed_reference,d7d5ad5daec79f0a755a37d5b4d98e291a129a00b25bbc6fded69d546f995b12
2024-06-30,400KV NORTH TRSR,4.404,143.2335,4.7745,official_observed_reference,d7d5ad5daec79f0a755a37d5b4d98e291a129a00b25bbc6fded69d546f995b12
2024-06-30,400KV TVM,7.154,222.458,,official_observed_reference,d7d5ad5daec79f0a755a37d5b4d98e291a129a00b25bbc6fded69d546f995b12
2024-06-30,220KV_KNPA+SBGR +PVUD+EDMN,9.606,287.9623,9.5987,official_observed_reference,d7d5ad5daec79f0a755a37d5b4d98e291a129a00b25bbc6fded69d546f995b12
2024-06-30,110KV_MJSM +PRSLA,0.6281,18.4797,,official_observed_reference,d7d5ad5daec79f0a755a37d5b4d98e291a129a00b25bbc6fded69d546f995b12
2024-07-01,400KV MDKA,5.276,5.276,5.276,official_observed_reference,0f55d2383d3fa21ae7eac100752dd446bf5f527e8efb3e319945475cb53527e9
2024-07-01,400KV PKKD,4.521,4.521,,official_observed_reference,0f55d2383d3fa21ae7eac100752dd446bf5f527e8efb3e319945475cb53527e9
2024-07-01,400KV KOCHI+KOTTAYAM,5.336,5.336,5.336,official_observed_reference,0f55d2383d3fa21ae7eac100752dd446bf5f527e8efb3e319945475cb53527e9
2024-07-01,400KV KOZHKOD,9.972,9.972,,official_observed_reference,0f55d2383d3fa21ae7eac100752dd446bf5f527e8efb3e319945475cb53527e9
2024-07-01,400KV NORTH TRSR,4.2585,4.2585,4.2585,official_observed_reference,0f55d2383d3fa21ae7eac100752dd446bf5f527e8efb3e319945475cb53527e9
2024-07-01,400KV TVM,6.903,6.903,,official_observed_reference,0f55d2383d3fa21ae7eac100752dd446bf5f527e8efb3e319945475cb53527e9
2024-07-01,220KV_KNPA+SBGR +PVUD+EDMN,8.2196,8.2196,8.2196,official_observed_reference,0f55d2383d3fa21ae7eac100752dd446bf5f527e8efb3e319945475cb53527e9
2024-07-01,110KV_MJSM +PRSLA,0.6202,0.6202,,official_observed_reference,0f55d2383d3fa21ae7eac100752dd446bf5f527e8efb3e319945475cb53527e9
2024-07-02,400KV MDKA,5.549,10.825,5.4125,official_observed_reference,46c5873ee2d77bf8e993bca2f1450ac82b8e0e355e8be4640fd94899eb17cfc8
2024-07-02,400KV PKKD,4.4677,8.9887,,official_observed_reference,46c5873ee2d77bf8e993bca2f1450ac82b8e0e355e8be4640fd94899eb17cfc8
2024-07-02,400KV KOCHI+KOTTAYAM,6.533,11.869,5.9345,official_observed_reference,46c5873ee2d77bf8e993bca2f1450ac82b8e0e355e8be4640fd94899eb17cfc8
2024-07-02,400KV KOZHKOD,11.094,21.066,,official_observed_reference,46c5873ee2d77bf8e993bca2f1450ac82b8e0e355e8be4640fd94899eb17cfc8
2024-07-02,400KV NORTH TRSR,4.0355,8.294,4.147,official_observed_reference,46c5873ee2d77bf8e993bca2f1450ac82b8e0e355e8be4640fd94899eb17cfc8
2024-07-02,400KV TVM,6.791,13.694,,official_observed_reference,46c5873ee2d77bf8e993bca2f1450ac82b8e0e355e8be4640fd94899eb17cfc8
2024-07-02,220KV_KNPA+SBGR +PVUD+EDMN,8.6133,16.8328,8.4164,official_observed_reference,46c5873ee2d77bf8e993bca2f1450ac82b8e0e355e8be4640fd94899eb17cfc8
2024-07-02,110KV_MJSM +PRSLA,0.6331,1.2534,,official_observed_reference,46c5873ee2d77bf8e993bca2f1450ac82b8e0e355e8be4640fd94899eb17cfc8
2024-07-03,400KV MDKA,5.866,16.691,5.5637,official_observed_reference,86b720edeea9789956d0b3a6bb4cae4652e85e9f04ec0e8657fd0cfbbfa71123
2024-07-03,400KV PKKD,4.6713,13.66,,official_observed_reference,86b720edeea9789956d0b3a6bb4cae4652e85e9f04ec0e8657fd0cfbbfa71123
2024-07-03,400KV KOCHI+KOTTAYAM,6.533,18.402,6.134,official_observed_reference,86b720edeea9789956d0b3a6bb4cae4652e85e9f04ec0e8657fd0cfbbfa71123
2024-07-03,400KV KOZHKOD,10.391,31.457,,official_observed_reference,86b720edeea9789956d0b3a6bb4cae4652e85e9f04ec0e8657fd0cfbbfa71123
2024-07-03,400KV NORTH TRSR,4.4894,12.7834,4.2611,official_observed_reference,86b720edeea9789956d0b3a6bb4cae4652e85e9f04ec0e8657fd0cfbbfa71123
2024-07-03,400KV TVM,7.047,20.741,,official_observed_reference,86b720edeea9789956d0b3a6bb4cae4652e85e9f04ec0e8657fd0cfbbfa71123
2024-07-03,220KV_KNPA+SBGR +PVUD+EDMN,9.155,25.9878,8.6626,official_observed_reference,86b720edeea9789956d0b3a6bb4cae4652e85e9f04ec0e8657fd0cfbbfa71123
2024-07-03,110KV_MJSM +PRSLA,0.6216,1.8749,,official_observed_reference,86b720edeea9789956d0b3a6bb4cae4652e85e9f04ec0e8657fd0cfbbfa71123
2024-07-04,400KV MDKA,5.929,22.62,5.655,official_observed_reference,ee428823c6dffd0ce7f7c6b03be4c16110f72367fafc5ca7a3da895492376cfe
2024-07-04,400KV PKKD,4.723,18.383,,official_observed_reference,ee428823c6dffd0ce7f7c6b03be4c16110f72367fafc5ca7a3da895492376cfe
2024-07-04,400KV KOCHI+KOTTAYAM,8.466,26.868,6.717,official_observed_reference,ee428823c6dffd0ce7f7c6b03be4c16110f72367fafc5ca7a3da895492376cfe
2024-07-04,400KV KOZHKOD,11.244,42.701,,official_observed_reference,ee428823c6dffd0ce7f7c6b03be4c16110f72367fafc5ca7a3da895492376cfe
2024-07-04,400KV NORTH TRSR,3.9985,16.7818,4.1955,official_observed_reference,ee428823c6dffd0ce7f7c6b03be4c16110f72367fafc5ca7a3da895492376cfe
2024-07-04,400KV TVM,7.449,28.19,,official_observed_reference,ee428823c6dffd0ce7f7c6b03be4c16110f72367fafc5ca7a3da895492376cfe
2024-07-04,220KV_KNPA+SBGR +PVUD+EDMN,9.5656,35.5534,8.8884,official_observed_reference,ee428823c6dffd0ce7f7c6b03be4c16110f72367fafc5ca7a3da895492376cfe
2024-07-04,110KV_MJSM +PRSLA,0.6214,2.4963,,official_observed_reference,ee428823c6dffd0ce7f7c6b03be4c16110f72367fafc5ca7a3da895492376cfe
2024-07-05,400KV MDKA,6.766,29.386,5.8772,official_observed_reference,ed813e42924572451f237c11866289f187ebca9d2b8140bd447fb6a8003e0ee5
2024-07-05,400KV PKKD,4.9198,23.3028,,official_observed_reference,ed813e42924572451f237c11866289f187ebca9d2b8140bd447fb6a8003e0ee5
2024-07-05,400KV KOCHI+KOTTAYAM,5.538,32.406,6.4812,official_observed_reference,ed813e42924572451f237c11866289f187ebca9d2b8140bd447fb6a8003e0ee5
2024-07-05,400KV KOZHKOD,10.814,53.515,,official_observed_reference,ed813e42924572451f237c11866289f187ebca9d2b8140bd447fb6a8003e0ee5
2024-07-05,400KV NORTH TRSR,4.551,21.3329,4.2666,official_observed_reference,ed813e42924572451f237c11866289f187ebca9d2b8140bd447fb6a8003e0ee5
2024-07-05,400KV TVM,7.14,35.33,,official_observed_reference,ed813e42924572451f237c11866289f187ebca9d2b8140bd447fb6a8003e0ee5
2024-07-05,220KV_KNPA+SBGR +PVUD+EDMN,8.8313,44.3847,8.8769,official_observed_reference,ed813e42924572451f237c11866289f187ebca9d2b8140bd447fb6a8003e0ee5
2024-07-05,110KV_MJSM +PRSLA,0.6377,3.134,,official_observed_reference,ed813e42924572451f237c11866289f187ebca9d2b8140bd447fb6a8003e0ee5
2024-07-06,400KV MDKA,6.107,35.493,5.9155,official_observed_reference,485f91d80f285c96c73b728df1fb45353e95efdc0896e5089a39f58591a20395
2024-07-06,400KV PKKD,4.817,28.1198,,official_observed_reference,485f91d80f285c96c73b728df1fb45353e95efdc0896e5089a39f58591a20395
2024-07-06,400KV KOCHI+KOTTAYAM,7.215,39.621,6.6035,official_observed_reference,485f91d80f285c96c73b728df1fb45353e95efdc0896e5089a39f58591a20395
2024-07-06,400KV KOZHKOD,10.018,63.533,,official_observed_reference,485f91d80f285c96c73b728df1fb45353e95efdc0896e5089a39f58591a20395
2024-07-06,400KV NORTH TRSR,4.5688,25.9017,4.3169,official_observed_reference,485f91d80f285c96c73b728df1fb45353e95efdc0896e5089a39f58591a20395
2024-07-06,400KV TVM,7.188,42.518,,official_observed_reference,485f91d80f285c96c73b728df1fb45353e95efdc0896e5089a39f58591a20395
2024-07-06,220KV_KNPA+SBGR +PVUD+EDMN,9.56,53.9447,8.9908,official_observed_reference,485f91d80f285c96c73b728df1fb45353e95efdc0896e5089a39f58591a20395
2024-07-06,110KV_MJSM +PRSLA,0.6066,3.7406,,official_observed_reference,485f91d80f285c96c73b728df1fb45353e95efdc0896e5089a39f58591a20395
2024-07-07,400KV MDKA,4.981,40.474,5.782,official_observed_reference,4ea1a5fb8173e71c2c940c78d8160b1014e627dc70d38c1c46b13f36b0ab6912
2024-07-07,400KV PKKD,4.614,32.7338,,official_observed_reference,4ea1a5fb8173e71c2c940c78d8160b1014e627dc70d38c1c46b13f36b0ab6912
2024-07-07,400KV KOCHI+KOTTAYAM,6.511,46.132,6.5903,official_observed_reference,4ea1a5fb8173e71c2c940c78d8160b1014e627dc70d38c1c46b13f36b0ab6912
2024-07-07,400KV KOZHKOD,8.99,72.523,,official_observed_reference,4ea1a5fb8173e71c2c940c78d8160b1014e627dc70d38c1c46b13f36b0ab6912
2024-07-07,400KV NORTH TRSR,4.3113,30.2129,4.3161,official_observed_reference,4ea1a5fb8173e71c2c940c78d8160b1014e627dc70d38c1c46b13f36b0ab6912
2024-07-07,400KV TVM,6.844,49.362,,official_observed_reference,4ea1a5fb8173e71c2c940c78d8160b1014e627dc70d38c1c46b13f36b0ab6912
2024-07-07,220KV_KNPA+SBGR +PVUD+EDMN,8.6218,62.5666,8.9381,official_observed_reference,4ea1a5fb8173e71c2c940c78d8160b1014e627dc70d38c1c46b13f36b0ab6912
2024-07-07,110KV_MJSM +PRSLA,0.5954,4.3359,,official_observed_reference,4ea1a5fb8173e71c2c940c78d8160b1014e627dc70d38c1c46b13f36b0ab6912
2024-07-08,400KV MDKA,4.615,45.089,5.6361,official_observed_reference,5607396b9ee6c99fa7a2ded2af54981437ad63b7d17af979d05d5a8bd748ccda
2024-07-08,400KV PKKD,4.91,37.6438,,official_observed_reference,5607396b9ee6c99fa7a2ded2af54981437ad63b7d17af979d05d5a8bd748ccda
2024-07-08,400KV KOCHI+KOTTAYAM,5.719,51.851,6.4814,official_observed_reference,5607396b9ee6c99fa7a2ded2af54981437ad63b7d17af979d05d5a8bd748ccda
2024-07-08,400KV KOZHKOD,9.203,81.726,,official_observed_reference,5607396b9ee6c99fa7a2ded2af54981437ad63b7d17af979d05d5a8bd748ccda
2024-07-08,400KV NORTH TRSR,4.5698,34.7828,4.3478,official_observed_reference,5607396b9ee6c99fa7a2ded2af54981437ad63b7d17af979d05d5a8bd748ccda
2024-07-08,400KV TVM,6.939,56.301,,official_observed_reference,5607396b9ee6c99fa7a2ded2af54981437ad63b7d17af979d05d5a8bd748ccda
2024-07-08,220KV_KNPA+SBGR +PVUD+EDMN,9.0199,71.5865,8.9483,official_observed_reference,5607396b9ee6c99fa7a2ded2af54981437ad63b7d17af979d05d5a8bd748ccda
2024-07-08,110KV_MJSM +PRSLA,0.5678,4.9037,,official_observed_reference,5607396b9ee6c99fa7a2ded2af54981437ad63b7d17af979d05d5a8bd748ccda
2024-07-09,400KV MDKA,4.904,49.993,5.5548,official_observed_reference,1c5308fac83ca619af2596c502a6013fde530affa96f6384b2d977a75eb6fe43
2024-07-09,400KV PKKD,5.195,42.8388,,official_observed_reference,1c5308fac83ca619af2596c502a6013fde530affa96f6384b2d977a75eb6fe43
2024-07-09,400KV KOCHI+KOTTAYAM,6.684,58.535,6.5039,official_observed_reference,1c5308fac83ca619af2596c502a6013fde530affa96f6384b2d977a75eb6fe43
2024-07-09,400KV KOZHKOD,9.406,91.132,,official_observed_reference,1c5308fac83ca619af2596c502a6013fde530affa96f6384b2d977a75eb6fe43
2024-07-09,400KV NORTH TRSR,4.4235,39.2062,4.3562,official_observed_reference,1c5308fac83ca619af2596c502a6013fde530affa96f6384b2d977a75eb6fe43
2024-07-09,400KV TVM,6.973,63.274,,official_observed_reference,1c5308fac83ca619af2596c502a6013fde530affa96f6384b2d977a75eb6fe43
2024-07-09,220KV_KNPA+SBGR +PVUD+EDMN,8.4744,80.0609,8.8957,official_observed_reference,1c5308fac83ca619af2596c502a6013fde530affa96f6384b2d977a75eb6fe43
2024-07-09,110KV_MJSM +PRSLA,0.5759,5.4796,,official_observed_reference,1c5308fac83ca619af2596c502a6013fde530affa96f6384b2d977a75eb6fe43
2024-07-10,400KV MDKA,5.018,55.011,5.5011,official_observed_reference,1f6cb4fa6c4ff073afc1ee01f2625301d95e2f2c32631b7a6db072d84a8e7703
2024-07-10,400KV PKKD,5.2039,48.0427,,official_observed_reference,1f6cb4fa6c4ff073afc1ee01f2625301d95e2f2c32631b7a6db072d84a8e7703
2024-07-10,400KV KOCHI+KOTTAYAM,6.428,64.963,6.4963,official_observed_reference,1f6cb4fa6c4ff073afc1ee01f2625301d95e2f2c32631b7a6db072d84a8e7703
2024-07-10,400KV KOZHKOD,9.403,100.535,,official_observed_reference,1f6cb4fa6c4ff073afc1ee01f2625301d95e2f2c32631b7a6db072d84a8e7703
2024-07-10,400KV NORTH TRSR,4.6705,43.8767,4.3877,official_observed_reference,1f6cb4fa6c4ff073afc1ee01f2625301d95e2f2c32631b7a6db072d84a8e7703
2024-07-10,400KV TVM,7.354,70.628,,official_observed_reference,1f6cb4fa6c4ff073afc1ee01f2625301d95e2f2c32631b7a6db072d84a8e7703
2024-07-10,220KV_KNPA+SBGR +PVUD+EDMN,8.7977,88.8585,8.8859,official_observed_reference,1f6cb4fa6c4ff073afc1ee01f2625301d95e2f2c32631b7a6db072d84a8e7703
2024-07-10,110KV_MJSM +PRSLA,0.5886,6.0682,,official_observed_reference,1f6cb4fa6c4ff073afc1ee01f2625301d95e2f2c32631b7a6db072d84a8e7703
2024-07-11,400KV MDKA,5.326,60.337,5.4852,official_observed_reference,a13229a7c8f6e4a404170c247a4fbc73da09784beb9fd1517f107bcf94ff4b9e
2024-07-11,400KV PKKD,5.703,53.7457,,official_observed_reference,a13229a7c8f6e4a404170c247a4fbc73da09784beb9fd1517f107bcf94ff4b9e
2024-07-11,400KV KOCHI+KOTTAYAM,6.955,71.918,6.538,official_observed_reference,a13229a7c8f6e4a404170c247a4fbc73da09784beb9fd1517f107bcf94ff4b9e
2024-07-11,400KV KOZHKOD,10.21,110.745,,official_observed_reference,a13229a7c8f6e4a404170c247a4fbc73da09784beb9fd1517f107bcf94ff4b9e
2024-07-11,400KV NORTH TRSR,4.6221,48.4989,4.409,official_observed_reference,a13229a7c8f6e4a404170c247a4fbc73da09784beb9fd1517f107bcf94ff4b9e
2024-07-11,400KV TVM,7.427,78.055,,official_observed_reference,a13229a7c8f6e4a404170c247a4fbc73da09784beb9fd1517f107bcf94ff4b9e
2024-07-11,220KV_KNPA+SBGR +PVUD+EDMN,8.4444,97.303,8.8457,official_observed_reference,a13229a7c8f6e4a404170c247a4fbc73da09784beb9fd1517f107bcf94ff4b9e
2024-07-11,110KV_MJSM +PRSLA,0.6258,6.694,,official_observed_reference,a13229a7c8f6e4a404170c247a4fbc73da09784beb9fd1517f107bcf94ff4b9e
2024-07-12,400KV MDKA,5.733,66.07,5.5058,official_observed_reference,e86c3f3884cf718a8be66554bee52973997c9cbe71c0ee312952f72399b110d6
2024-07-12,400KV PKKD,5.723,59.4687,,official_observed_reference,e86c3f3884cf718a8be66554bee52973997c9cbe71c0ee312952f72399b110d6
2024-07-12,400KV KOCHI+KOTTAYAM,8.31,80.228,6.6857,official_observed_reference,e86c3f3884cf718a8be66554bee52973997c9cbe71c0ee312952f72399b110d6
2024-07-12,400KV KOZHKOD,11.362,122.107,,official_observed_reference,e86c3f3884cf718a8be66554bee52973997c9cbe71c0ee312952f72399b110d6
2024-07-12,400KV NORTH TRSR,4.7325,53.2314,4.4359,official_observed_reference,e86c3f3884cf718a8be66554bee52973997c9cbe71c0ee312952f72399b110d6
2024-07-12,400KV TVM,7.786,85.841,,official_observed_reference,e86c3f3884cf718a8be66554bee52973997c9cbe71c0ee312952f72399b110d6
2024-07-12,220KV_KNPA+SBGR +PVUD+EDMN,10.0525,107.3555,8.9463,official_observed_reference,e86c3f3884cf718a8be66554bee52973997c9cbe71c0ee312952f72399b110d6
2024-07-12,110KV_MJSM +PRSLA,0.6235,7.3175,,official_observed_reference,e86c3f3884cf718a8be66554bee52973997c9cbe71c0ee312952f72399b110d6
2024-07-13,400KV MDKA,5.427,71.497,5.4998,official_observed_reference,91b7a6a3e215df892ea7e8846b524a56dbce0404cc5bc59db503c156c72e2c82
2024-07-13,400KV PKKD,5.2021,64.6708,,official_observed_reference,91b7a6a3e215df892ea7e8846b524a56dbce0404cc5bc59db503c156c72e2c82
2024-07-13,400KV KOCHI+KOTTAYAM,7.858,88.086,6.7758,official_observed_reference,91b7a6a3e215df892ea7e8846b524a56dbce0404cc5bc59db503c156c72e2c82
2024-07-13,400KV KOZHKOD,10.709,132.816,,official_observed_reference,91b7a6a3e215df892ea7e8846b524a56dbce0404cc5bc59db503c156c72e2c82
2024-07-13,400KV NORTH TRSR,4.6554,57.8867,4.4528,official_observed_reference,91b7a6a3e215df892ea7e8846b524a56dbce0404cc5bc59db503c156c72e2c82
2024-07-13,400KV TVM,7.345,93.186,,official_observed_reference,91b7a6a3e215df892ea7e8846b524a56dbce0404cc5bc59db503c156c72e2c82
2024-07-13,220KV_KNPA+SBGR +PVUD+EDMN,10.3606,117.7161,9.0551,official_observed_reference,91b7a6a3e215df892ea7e8846b524a56dbce0404cc5bc59db503c156c72e2c82
2024-07-13,110KV_MJSM +PRSLA,0.5934,7.9109,,official_observed_reference,91b7a6a3e215df892ea7e8846b524a56dbce0404cc5bc59db503c156c72e2c82
2024-07-14,400KV MDKA,4.578,76.075,5.4339,official_observed_reference,62d896a04f7f8200365c62fb350dc208787179b830a602da0552474f0dc25fd3
2024-07-14,400KV PKKD,4.1227,68.7935,,official_observed_reference,62d896a04f7f8200365c62fb350dc208787179b830a602da0552474f0dc25fd3
2024-07-14,400KV KOCHI+KOTTAYAM,5.951,94.037,6.7169,official_observed_reference,62d896a04f7f8200365c62fb350dc208787179b830a602da0552474f0dc25fd3
2024-07-14,400KV KOZHKOD,9.005,141.821,,official_observed_reference,62d896a04f7f8200365c62fb350dc208787179b830a602da0552474f0dc25fd3
2024-07-14,400KV NORTH TRSR,4.1966,62.0834,4.4345,official_observed_reference,62d896a04f7f8200365c62fb350dc208787179b830a602da0552474f0dc25fd3
2024-07-14,400KV TVM,6.787,99.973,,official_observed_reference,62d896a04f7f8200365c62fb350dc208787179b830a602da0552474f0dc25fd3
2024-07-14,220KV_KNPA+SBGR +PVUD+EDMN,10.0766,127.7927,9.128,official_observed_reference,62d896a04f7f8200365c62fb350dc208787179b830a602da0552474f0dc25fd3
2024-07-14,110KV_MJSM +PRSLA,0.5649,8.4758,,official_observed_reference,62d896a04f7f8200365c62fb350dc208787179b830a602da0552474f0dc25fd3
2024-07-15,400KV MDKA,4.49,80.565,5.371,official_observed_reference,c3fcebb86c3181e9d3d592e1955b5079f96949b3f988c06d97ac8140e3cc61ce
2024-07-15,400KV PKKD,4.2712,73.0647,,official_observed_reference,c3fcebb86c3181e9d3d592e1955b5079f96949b3f988c06d97ac8140e3cc61ce
2024-07-15,400KV KOCHI+KOTTAYAM,4.882,98.919,6.5946,official_observed_reference,c3fcebb86c3181e9d3d592e1955b5079f96949b3f988c06d97ac8140e3cc61ce
2024-07-15,400KV KOZHKOD,8.375,150.196,,official_observed_reference,c3fcebb86c3181e9d3d592e1955b5079f96949b3f988c06d97ac8140e3cc61ce
2024-07-15,400KV NORTH TRSR,3.777,65.8604,4.3907,official_observed_reference,c3fcebb86c3181e9d3d592e1955b5079f96949b3f988c06d97ac8140e3cc61ce
2024-07-15,400KV TVM,7.209,107.182,,official_observed_reference,c3fcebb86c3181e9d3d592e1955b5079f96949b3f988c06d97ac8140e3cc61ce
2024-07-15,220KV_KNPA+SBGR +PVUD+EDMN,10.2235,138.0161,9.2011,official_observed_reference,c3fcebb86c3181e9d3d592e1955b5079f96949b3f988c06d97ac8140e3cc61ce
2024-07-15,110KV_MJSM +PRSLA,0.5736,9.0494,,official_observed_reference,c3fcebb86c3181e9d3d592e1955b5079f96949b3f988c06d97ac8140e3cc61ce
2024-07-16,400KV MDKA,3.596,84.161,5.2601,official_observed_reference,d013e3692602e6ca7d29d6f92c2d684e9455cc3d3b08b3496bfdb65544fabf6b
2024-07-16,400KV PKKD,3.5461,76.6108,,official_observed_reference,d013e3692602e6ca7d29d6f92c2d684e9455cc3d3b08b3496bfdb65544fabf6b
2024-07-16,400KV KOCHI+KOTTAYAM,5.715,104.634,6.5396,official_observed_reference,d013e3692602e6ca7d29d6f92c2d684e9455cc3d3b08b3496bfdb65544fabf6b
2024-07-16,400KV KOZHKOD,8.444,158.64,,official_observed_reference,d013e3692602e6ca7d29d6f92c2d684e9455cc3d3b08b3496bfdb65544fabf6b
2024-07-16,400KV NORTH TRSR,3.8443,69.7046,4.3565,official_observed_reference,d013e3692602e6ca7d29d6f92c2d684e9455cc3d3b08b3496bfdb65544fabf6b
2024-07-16,400KV TVM,6.933,114.115,,official_observed_reference,d013e3692602e6ca7d29d6f92c2d684e9455cc3d3b08b3496bfdb65544fabf6b
2024-07-16,220KV_KNPA+SBGR +PVUD+EDMN,10.6178,148.6339,9.2896,official_observed_reference,d013e3692602e6ca7d29d6f92c2d684e9455cc3d3b08b3496bfdb65544fabf6b
2024-07-16,110KV_MJSM +PRSLA,0.5816,9.631,,official_observed_reference,d013e3692602e6ca7d29d6f92c2d684e9455cc3d3b08b3496bfdb65544fabf6b
2024-07-17,400KV MDKA,4.789,88.95,5.2324,official_observed_reference,4c42a55b51aee04d1dca97819aee65271205dac80f2f63735f4e290672334c32
2024-07-17,400KV PKKD,4.208,80.8188,,official_observed_reference,4c42a55b51aee04d1dca97819aee65271205dac80f2f63735f4e290672334c32
2024-07-17,400KV KOCHI+KOTTAYAM,4.422,109.056,6.4151,official_observed_reference,4c42a55b51aee04d1dca97819aee65271205dac80f2f63735f4e290672334c32
2024-07-17,400KV KOZHKOD,8.161,166.801,,official_observed_reference,4c42a55b51aee04d1dca97819aee65271205dac80f2f63735f4e290672334c32
2024-07-17,400KV NORTH TRSR,4.3632,74.0678,4.3569,official_observed_reference,4c42a55b51aee04d1dca97819aee65271205dac80f2f63735f4e290672334c32
2024-07-17,400KV TVM,6.608,120.723,,official_observed_reference,4c42a55b51aee04d1dca97819aee65271205dac80f2f63735f4e290672334c32
2024-07-17,220KV_KNPA+SBGR +PVUD+EDMN,8.9965,157.6304,9.2724,official_observed_reference,4c42a55b51aee04d1dca97819aee65271205dac80f2f63735f4e290672334c32
2024-07-17,110KV_MJSM +PRSLA,0.5788,10.2098,,official_observed_reference,4c42a55b51aee04d1dca97819aee65271205dac80f2f63735f4e290672334c32
2024-07-18,400KV MDKA,4.559,93.509,5.1949,official_observed_reference,21bc72a052080bb84679a11c08de816fe2da2dd2ec00dcde10b12f8a55460f80
2024-07-18,400KV PKKD,3.9144,84.7332,,official_observed_reference,21bc72a052080bb84679a11c08de816fe2da2dd2ec00dcde10b12f8a55460f80
2024-07-18,400KV KOCHI+KOTTAYAM,4.543,113.599,6.3111,official_observed_reference,21bc72a052080bb84679a11c08de816fe2da2dd2ec00dcde10b12f8a55460f80
2024-07-18,400KV KOZHKOD,7.711,174.512,,official_observed_reference,21bc72a052080bb84679a11c08de816fe2da2dd2ec00dcde10b12f8a55460f80
2024-07-18,400KV NORTH TRSR,4.0327,78.1005,4.3389,official_observed_reference,21bc72a052080bb84679a11c08de816fe2da2dd2ec00dcde10b12f8a55460f80
2024-07-18,400KV TVM,6.34,127.063,,official_observed_reference,21bc72a052080bb84679a11c08de816fe2da2dd2ec00dcde10b12f8a55460f80
2024-07-18,220KV_KNPA+SBGR +PVUD+EDMN,9.4414,167.0719,9.2818,official_observed_reference,21bc72a052080bb84679a11c08de816fe2da2dd2ec00dcde10b12f8a55460f80
2024-07-18,110KV_MJSM +PRSLA,0.5836,10.7934,,official_observed_reference,21bc72a052080bb84679a11c08de816fe2da2dd2ec00dcde10b12f8a55460f80
2024-07-19,400KV MDKA,4.486,97.995,5.1576,official_observed_reference,e70a50c5b34204b0af9240c4a0ddfe330437d1a6e0a52a6ad686489a7b62fa8c
2024-07-19,400KV PKKD,3.6268,88.3599,,official_observed_reference,e70a50c5b34204b0af9240c4a0ddfe330437d1a6e0a52a6ad686489a7b62fa8c
2024-07-19,400KV KOCHI+KOTTAYAM,5.747,119.346,6.2814,official_observed_reference,e70a50c5b34204b0af9240c4a0ddfe330437d1a6e0a52a6ad686489a7b62fa8c
2024-07-19,400KV KOZHKOD,8.14,182.652,,official_observed_reference,e70a50c5b34204b0af9240c4a0ddfe330437d1a6e0a52a6ad686489a7b62fa8c
2024-07-19,400KV NORTH TRSR,3.7403,81.8409,4.3074,official_observed_reference,e70a50c5b34204b0af9240c4a0ddfe330437d1a6e0a52a6ad686489a7b62fa8c
2024-07-19,400KV TVM,6.489,133.552,,official_observed_reference,e70a50c5b34204b0af9240c4a0ddfe330437d1a6e0a52a6ad686489a7b62fa8c
2024-07-19,220KV_KNPA+SBGR +PVUD+EDMN,10.4867,177.5586,9.3452,official_observed_reference,e70a50c5b34204b0af9240c4a0ddfe330437d1a6e0a52a6ad686489a7b62fa8c
2024-07-19,110KV_MJSM +PRSLA,0.5974,11.3908,,official_observed_reference,e70a50c5b34204b0af9240c4a0ddfe330437d1a6e0a52a6ad686489a7b62fa8c
2024-07-20,400KV MDKA,3.955,101.95,5.0975,official_observed_reference,50399f2d97c849c25d2060dda714f48983bd30a12c44c7594b676f84ac82b3a1
2024-07-20,400KV PKKD,4.2361,92.596,,official_observed_reference,50399f2d97c849c25d2060dda714f48983bd30a12c44c7594b676f84ac82b3a1
2024-07-20,400KV KOCHI+KOTTAYAM,5.122,124.468,6.2234,official_observed_reference,50399f2d97c849c25d2060dda714f48983bd30a12c44c7594b676f84ac82b3a1
2024-07-20,400KV KOZHKOD,8.496,191.148,,official_observed_reference,50399f2d97c849c25d2060dda714f48983bd30a12c44c7594b676f84ac82b3a1
2024-07-20,400KV NORTH TRSR,3.8882,85.7291,4.2865,official_observed_reference,50399f2d97c849c25d2060dda714f48983bd30a12c44c7594b676f84ac82b3a1
2024-07-20,400KV TVM,6.788,140.34,,official_observed_reference,50399f2d97c849c25d2060dda714f48983bd30a12c44c7594b676f84ac82b3a1
2024-07-20,220KV_KNPA+SBGR +PVUD+EDMN,10.5276,188.0862,9.4043,official_observed_reference,50399f2d97c849c25d2060dda714f48983bd30a12c44c7594b676f84ac82b3a1
2024-07-20,110KV_MJSM +PRSLA,0.6194,12.0102,,official_observed_reference,50399f2d97c849c25d2060dda714f48983bd30a12c44c7594b676f84ac82b3a1
2024-07-21,400KV MDKA,3.154,105.104,5.005,official_observed_reference,62946def665b330fe5dabc9362a5369e772c9486ce07bac1d38d856404ed19f9
2024-07-21,400KV PKKD,4.1296,96.7256,,official_observed_reference,62946def665b330fe5dabc9362a5369e772c9486ce07bac1d38d856404ed19f9
2024-07-21,400KV KOCHI+KOTTAYAM,3.655,128.123,6.1011,official_observed_reference,62946def665b330fe5dabc9362a5369e772c9486ce07bac1d38d856404ed19f9
2024-07-21,400KV KOZHKOD,8.25,199.398,,official_observed_reference,62946def665b330fe5dabc9362a5369e772c9486ce07bac1d38d856404ed19f9
2024-07-21,400KV NORTH TRSR,3.7749,89.5039,4.2621,official_observed_reference,62946def665b330fe5dabc9362a5369e772c9486ce07bac1d38d856404ed19f9
2024-07-21,400KV TVM,6.974,147.314,,official_observed_reference,62946def665b330fe5dabc9362a5369e772c9486ce07bac1d38d856404ed19f9
2024-07-21,220KV_KNPA+SBGR +PVUD+EDMN,11.663,199.7492,9.5119,official_observed_reference,62946def665b330fe5dabc9362a5369e772c9486ce07bac1d38d856404ed19f9
2024-07-21,110KV_MJSM +PRSLA,0.5815,12.5918,,official_observed_reference,62946def665b330fe5dabc9362a5369e772c9486ce07bac1d38d856404ed19f9
2024-07-22,400KV MDKA,2.914,108.018,4.9099,official_observed_reference,be7c5ffbbd165079b51f799df0cbe534f3e849466b55896e62e36094ef234f2b
2024-07-22,400KV PKKD,4.4548,101.1804,,official_observed_reference,be7c5ffbbd165079b51f799df0cbe534f3e849466b55896e62e36094ef234f2b
2024-07-22,400KV KOCHI+KOTTAYAM,4.907,133.03,6.0468,official_observed_reference,be7c5ffbbd165079b51f799df0cbe534f3e849466b55896e62e36094ef234f2b
2024-07-22,400KV KOZHKOD,8.875,208.273,,official_observed_reference,be7c5ffbbd165079b51f799df0cbe534f3e849466b55896e62e36094ef234f2b
2024-07-22,400KV NORTH TRSR,3.4539,92.9579,4.2254,official_observed_reference,be7c5ffbbd165079b51f799df0cbe534f3e849466b55896e62e36094ef234f2b
2024-07-22,400KV TVM,7.444,154.758,,official_observed_reference,be7c5ffbbd165079b51f799df0cbe534f3e849466b55896e62e36094ef234f2b
2024-07-22,220KV_KNPA+SBGR +PVUD+EDMN,11.1421,210.8914,9.586,official_observed_reference,be7c5ffbbd165079b51f799df0cbe534f3e849466b55896e62e36094ef234f2b
2024-07-22,110KV_MJSM +PRSLA,0.5957,13.1874,,official_observed_reference,be7c5ffbbd165079b51f799df0cbe534f3e849466b55896e62e36094ef234f2b
2024-07-23,400KV MDKA,3.475,111.493,4.8475,official_observed_reference,d3efe7a2ae0363361f975d592fdcffa24b0952cee5aaef1a34dae25268b392cf
2024-07-23,400KV PKKD,4.6301,105.8105,,official_observed_reference,d3efe7a2ae0363361f975d592fdcffa24b0952cee5aaef1a34dae25268b392cf
2024-07-23,400KV KOCHI+KOTTAYAM,5.836,138.866,6.0377,official_observed_reference,d3efe7a2ae0363361f975d592fdcffa24b0952cee5aaef1a34dae25268b392cf
2024-07-23,400KV KOZHKOD,9.411,217.684,,official_observed_reference,d3efe7a2ae0363361f975d592fdcffa24b0952cee5aaef1a34dae25268b392cf
2024-07-23,400KV NORTH TRSR,3.7532,96.711,4.2048,official_observed_reference,d3efe7a2ae0363361f975d592fdcffa24b0952cee5aaef1a34dae25268b392cf
2024-07-23,400KV TVM,7.379,162.137,,official_observed_reference,d3efe7a2ae0363361f975d592fdcffa24b0952cee5aaef1a34dae25268b392cf
2024-07-23,220KV_KNPA+SBGR +PVUD+EDMN,10.3618,221.2531,9.6197,official_observed_reference,d3efe7a2ae0363361f975d592fdcffa24b0952cee5aaef1a34dae25268b392cf
2024-07-23,110KV_MJSM +PRSLA,0.5802,13.7676,,official_observed_reference,d3efe7a2ae0363361f975d592fdcffa24b0952cee5aaef1a34dae25268b392cf
2024-07-24,400KV MDKA,3.755,115.248,4.802,official_observed_reference,2280451ccd011e9ccdaa5e75979fec721d2bcbb61a45482f14417f52c112e11e
2024-07-24,400KV PKKD,4.4229,110.2334,,official_observed_reference,2280451ccd011e9ccdaa5e75979fec721d2bcbb61a45482f14417f52c112e11e
2024-07-24,400KV KOCHI+KOTTAYAM,4.93,143.796,5.9915,official_observed_reference,2280451ccd011e9ccdaa5e75979fec721d2bcbb61a45482f14417f52c112e11e
2024-07-24,400KV KOZHKOD,9.767,227.451,,official_observed_reference,2280451ccd011e9ccdaa5e75979fec721d2bcbb61a45482f14417f52c112e11e
2024-07-24,400KV NORTH TRSR,3.5311,100.2422,4.1768,official_observed_reference,2280451ccd011e9ccdaa5e75979fec721d2bcbb61a45482f14417f52c112e11e
2024-07-24,400KV TVM,7.651,169.788,,official_observed_reference,2280451ccd011e9ccdaa5e75979fec721d2bcbb61a45482f14417f52c112e11e
2024-07-24,220KV_KNPA+SBGR +PVUD+EDMN,10.8376,232.0907,9.6704,official_observed_reference,2280451ccd011e9ccdaa5e75979fec721d2bcbb61a45482f14417f52c112e11e
2024-07-24,110KV_MJSM +PRSLA,0.6267,14.3944,,official_observed_reference,2280451ccd011e9ccdaa5e75979fec721d2bcbb61a45482f14417f52c112e11e
2024-07-25,400KV MDKA,3.36,118.608,4.7443,official_observed_reference,33b17199062080a076e9c58d9a9126e33373284c969498d041fa5046a9a42320
2024-07-25,400KV PKKD,3.7684,114.0018,,official_observed_reference,33b17199062080a076e9c58d9a9126e33373284c969498d041fa5046a9a42320
2024-07-25,400KV KOCHI+KOTTAYAM,6.253,150.049,6.002,official_observed_reference,33b17199062080a076e9c58d9a9126e33373284c969498d041fa5046a9a42320
2024-07-25,400KV KOZHKOD,8.081,235.532,,official_observed_reference,33b17199062080a076e9c58d9a9126e33373284c969498d041fa5046a9a42320
2024-07-25,400KV NORTH TRSR,3.0727,103.3148,4.1326,official_observed_reference,33b17199062080a076e9c58d9a9126e33373284c969498d041fa5046a9a42320
2024-07-25,400KV TVM,7.422,177.21,,official_observed_reference,33b17199062080a076e9c58d9a9126e33373284c969498d041fa5046a9a42320
2024-07-25,220KV_KNPA+SBGR +PVUD+EDMN,9.289,241.3797,9.6552,official_observed_reference,33b17199062080a076e9c58d9a9126e33373284c969498d041fa5046a9a42320
2024-07-25,110KV_MJSM +PRSLA,0.5802,14.9746,,official_observed_reference,33b17199062080a076e9c58d9a9126e33373284c969498d041fa5046a9a42320
2024-07-26,400KV MDKA,4.503,123.111,4.735,official_observed_reference,4144f969018319f472cc6dc0ce2e9939ff2c74b7e776c82f27e8111c929559b7
2024-07-26,400KV PKKD,3.9339,117.9357,,official_observed_reference,4144f969018319f472cc6dc0ce2e9939ff2c74b7e776c82f27e8111c929559b7
2024-07-26,400KV KOCHI+KOTTAYAM,5.495,155.544,5.9825,official_observed_reference,4144f969018319f472cc6dc0ce2e9939ff2c74b7e776c82f27e8111c929559b7
2024-07-26,400KV KOZHKOD,9.487,245.019,,official_observed_reference,4144f969018319f472cc6dc0ce2e9939ff2c74b7e776c82f27e8111c929559b7
2024-07-26,400KV NORTH TRSR,3.5938,106.9086,4.1119,official_observed_reference,4144f969018319f472cc6dc0ce2e9939ff2c74b7e776c82f27e8111c929559b7
2024-07-26,400KV TVM,7.345,184.555,,official_observed_reference,4144f969018319f472cc6dc0ce2e9939ff2c74b7e776c82f27e8111c929559b7
2024-07-26,220KV_KNPA+SBGR +PVUD+EDMN,9.5942,250.9739,9.6528,official_observed_reference,4144f969018319f472cc6dc0ce2e9939ff2c74b7e776c82f27e8111c929559b7
2024-07-26,110KV_MJSM +PRSLA,0.5994,15.5741,,official_observed_reference,4144f969018319f472cc6dc0ce2e9939ff2c74b7e776c82f27e8111c929559b7
2024-07-27,400KV MDKA,4.777,127.888,4.7366,official_observed_reference,1fa01fd334ce28452a6974ad8f3cf468a4f2b10f8d0b74455e450dec08fb1b31
2024-07-27,400KV PKKD,3.814,121.7498,,official_observed_reference,1fa01fd334ce28452a6974ad8f3cf468a4f2b10f8d0b74455e450dec08fb1b31
2024-07-27,400KV KOCHI+KOTTAYAM,5.049,160.593,5.9479,official_observed_reference,1fa01fd334ce28452a6974ad8f3cf468a4f2b10f8d0b74455e450dec08fb1b31
2024-07-27,400KV KOZHKOD,9.735,254.754,,official_observed_reference,1fa01fd334ce28452a6974ad8f3cf468a4f2b10f8d0b74455e450dec08fb1b31
2024-07-27,400KV NORTH TRSR,3.6018,110.5104,4.093,official_observed_reference,1fa01fd334ce28452a6974ad8f3cf468a4f2b10f8d0b74455e450dec08fb1b31
2024-07-27,400KV TVM,6.895,191.45,,official_observed_reference,1fa01fd334ce28452a6974ad8f3cf468a4f2b10f8d0b74455e450dec08fb1b31
2024-07-27,220KV_KNPA+SBGR +PVUD+EDMN,8.3121,259.286,9.6032,official_observed_reference,1fa01fd334ce28452a6974ad8f3cf468a4f2b10f8d0b74455e450dec08fb1b31
2024-07-27,110KV_MJSM +PRSLA,0.6345,16.2085,,official_observed_reference,1fa01fd334ce28452a6974ad8f3cf468a4f2b10f8d0b74455e450dec08fb1b31
2024-07-28,400KV MDKA,3.404,131.292,4.689,official_observed_reference,57b40d6c8904523cadcea0709902300b4b2f360f4285c040d1e4b026ade2b2b4
2024-07-28,400KV PKKD,3.8461,125.5958,,official_observed_reference,57b40d6c8904523cadcea0709902300b4b2f360f4285c040d1e4b026ade2b2b4
2024-07-28,400KV KOCHI+KOTTAYAM,3.489,164.082,5.8601,official_observed_reference,57b40d6c8904523cadcea0709902300b4b2f360f4285c040d1e4b026ade2b2b4
2024-07-28,400KV KOZHKOD,8.289,263.043,,official_observed_reference,57b40d6c8904523cadcea0709902300b4b2f360f4285c040d1e4b026ade2b2b4
2024-07-28,400KV NORTH TRSR,3.3785,113.8889,4.0675,official_observed_reference,57b40d6c8904523cadcea0709902300b4b2f360f4285c040d1e4b026ade2b2b4
2024-07-28,400KV TVM,6.772,198.222,,official_observed_reference,57b40d6c8904523cadcea0709902300b4b2f360f4285c040d1e4b026ade2b2b4
2024-07-28,220KV_KNPA+SBGR +PVUD+EDMN,10.3192,269.6052,9.6288,official_observed_reference,57b40d6c8904523cadcea0709902300b4b2f360f4285c040d1e4b026ade2b2b4
2024-07-28,110KV_MJSM +PRSLA,0.6215,16.83,,official_observed_reference,57b40d6c8904523cadcea0709902300b4b2f360f4285c040d1e4b026ade2b2b4
2024-07-29,400KV MDKA,2.91,134.202,4.6277,official_observed_reference,702cb0a0a7f19cca55d0380d6cd204e9d53f20e32d7184f03966c709efd25a64
2024-07-29,400KV PKKD,4.5478,130.1436,,official_observed_reference,702cb0a0a7f19cca55d0380d6cd204e9d53f20e32d7184f03966c709efd25a64
2024-07-29,400KV KOCHI+KOTTAYAM,1.388,165.47,5.7059,official_observed_reference,702cb0a0a7f19cca55d0380d6cd204e9d53f20e32d7184f03966c709efd25a64
2024-07-29,400KV KOZHKOD,8.527,271.57,,official_observed_reference,702cb0a0a7f19cca55d0380d6cd204e9d53f20e32d7184f03966c709efd25a64
2024-07-29,400KV NORTH TRSR,3.7581,117.647,4.0568,official_observed_reference,702cb0a0a7f19cca55d0380d6cd204e9d53f20e32d7184f03966c709efd25a64
2024-07-29,400KV TVM,6.029,204.251,,official_observed_reference,702cb0a0a7f19cca55d0380d6cd204e9d53f20e32d7184f03966c709efd25a64
2024-07-29,220KV_KNPA+SBGR +PVUD+EDMN,10.6015,280.2067,9.6623,official_observed_reference,702cb0a0a7f19cca55d0380d6cd204e9d53f20e32d7184f03966c709efd25a64
2024-07-29,110KV_MJSM +PRSLA,0.5857,17.4157,,official_observed_reference,702cb0a0a7f19cca55d0380d6cd204e9d53f20e32d7184f03966c709efd25a64
2024-07-30,400KV MDKA,2.598,136.8,4.56,official_observed_reference,6e23958d838440c4b60060198003cbb5c5c2d955b7381b3cc2eee7e563f8d393
2024-07-30,400KV PKKD,3.9988,134.1424,,official_observed_reference,6e23958d838440c4b60060198003cbb5c5c2d955b7381b3cc2eee7e563f8d393
2024-07-30,400KV KOCHI+KOTTAYAM,2.42,167.89,5.5963,official_observed_reference,6e23958d838440c4b60060198003cbb5c5c2d955b7381b3cc2eee7e563f8d393
2024-07-30,400KV KOZHKOD,7.554,279.124,,official_observed_reference,6e23958d838440c4b60060198003cbb5c5c2d955b7381b3cc2eee7e563f8d393
2024-07-30,400KV NORTH TRSR,3.4607,121.1077,4.0369,official_observed_reference,6e23958d838440c4b60060198003cbb5c5c2d955b7381b3cc2eee7e563f8d393
2024-07-30,400KV TVM,5.94,210.191,,official_observed_reference,6e23958d838440c4b60060198003cbb5c5c2d955b7381b3cc2eee7e563f8d393
2024-07-30,220KV_KNPA+SBGR +PVUD+EDMN,10.5131,290.7198,9.6907,official_observed_reference,6e23958d838440c4b60060198003cbb5c5c2d955b7381b3cc2eee7e563f8d393
2024-07-30,110KV_MJSM +PRSLA,0.3546,17.7703,,official_observed_reference,6e23958d838440c4b60060198003cbb5c5c2d955b7381b3cc2eee7e563f8d393
2024-07-31,400KV MDKA,3.008,139.808,4.5099,official_observed_reference,b97bef296153a321e57217076a2c39d5f5b300cf65430ae4817cfeb4a00e1950
2024-07-31,400KV PKKD,4.2433,138.3857,,official_observed_reference,b97bef296153a321e57217076a2c39d5f5b300cf65430ae4817cfeb4a00e1950
2024-07-31,400KV KOCHI+KOTTAYAM,3.3,171.19,5.5223,official_observed_reference,b97bef296153a321e57217076a2c39d5f5b300cf65430ae4817cfeb4a00e1950
2024-07-31,400KV KOZHKOD,8.583,287.707,,official_observed_reference,b97bef296153a321e57217076a2c39d5f5b300cf65430ae4817cfeb4a00e1950
2024-07-31,400KV NORTH TRSR,3.4574,124.5651,4.0182,official_observed_reference,b97bef296153a321e57217076a2c39d5f5b300cf65430ae4817cfeb4a00e1950
2024-07-31,400KV TVM,6.6,216.791,,official_observed_reference,b97bef296153a321e57217076a2c39d5f5b300cf65430ae4817cfeb4a00e1950
2024-07-31,220KV_KNPA+SBGR +PVUD+EDMN,9.2067,299.9265,9.675,official_observed_reference,b97bef296153a321e57217076a2c39d5f5b300cf65430ae4817cfeb4a00e1950
2024-07-31,110KV_MJSM +PRSLA,0.4153,18.1856,,official_observed_reference,b97bef296153a321e57217076a2c39d5f5b300cf65430ae4817cfeb4a00e1950
2024-08-01,400KV MDKA,2.597,2.597,2.597,official_observed_reference,fe5270514f35951e4ae428ebd1c421f88089d60277abee85a59c8af424e05f8f
2024-08-01,400KV PKKD,3.5052,3.5052,,official_observed_reference,fe5270514f35951e4ae428ebd1c421f88089d60277abee85a59c8af424e05f8f
2024-08-01,400KV KOCHI+KOTTAYAM,1.39,1.39,1.39,official_observed_reference,fe5270514f35951e4ae428ebd1c421f88089d60277abee85a59c8af424e05f8f
2024-08-01,400KV KOZHKOD,9.055,9.055,,official_observed_reference,fe5270514f35951e4ae428ebd1c421f88089d60277abee85a59c8af424e05f8f
2024-08-01,400KV NORTH TRSR,3.3918,3.3918,3.3918,official_observed_reference,fe5270514f35951e4ae428ebd1c421f88089d60277abee85a59c8af424e05f8f
2024-08-01,400KV TVM,6.436,6.436,,official_observed_reference,fe5270514f35951e4ae428ebd1c421f88089d60277abee85a59c8af424e05f8f
2024-08-01,220KV_KNPA+SBGR +PVUD+EDMN,7.9598,7.9598,7.9598,official_observed_reference,fe5270514f35951e4ae428ebd1c421f88089d60277abee85a59c8af424e05f8f
2024-08-01,110KV_MJSM +PRSLA,0.4162,0.4162,,official_observed_reference,fe5270514f35951e4ae428ebd1c421f88089d60277abee85a59c8af424e05f8f
2024-08-02,400KV MDKA,2.665,5.262,2.631,official_observed_reference,a4f692bc0cfaec1de7534fd9397d8a0a67b75421ef67b86fe8c2c172f12060bb
2024-08-02,400KV PKKD,3.4915,6.9967,,official_observed_reference,a4f692bc0cfaec1de7534fd9397d8a0a67b75421ef67b86fe8c2c172f12060bb
2024-08-02,400KV KOCHI+KOTTAYAM,1.634,3.024,1.512,official_observed_reference,a4f692bc0cfaec1de7534fd9397d8a0a67b75421ef67b86fe8c2c172f12060bb
2024-08-02,400KV KOZHKOD,9.007,18.062,,official_observed_reference,a4f692bc0cfaec1de7534fd9397d8a0a67b75421ef67b86fe8c2c172f12060bb
2024-08-02,400KV NORTH TRSR,3.4719,6.8637,3.4318,official_observed_reference,a4f692bc0cfaec1de7534fd9397d8a0a67b75421ef67b86fe8c2c172f12060bb
2024-08-02,400KV TVM,7.159,13.595,,official_observed_reference,a4f692bc0cfaec1de7534fd9397d8a0a67b75421ef67b86fe8c2c172f12060bb
2024-08-02,220KV_KNPA+SBGR +PVUD+EDMN,7.15,15.1098,7.5549,official_observed_reference,a4f692bc0cfaec1de7534fd9397d8a0a67b75421ef67b86fe8c2c172f12060bb
2024-08-02,110KV_MJSM +PRSLA,0.5186,0.9348,,official_observed_reference,a4f692bc0cfaec1de7534fd9397d8a0a67b75421ef67b86fe8c2c172f12060bb
2024-08-03,400KV MDKA,2.764,8.026,2.6753,official_observed_reference,6678ab644dc56ea042a6c4036c9ed97f7f8835e324e3e1f592684046fccf0f72
2024-08-03,400KV PKKD,3.5672,10.5639,,official_observed_reference,6678ab644dc56ea042a6c4036c9ed97f7f8835e324e3e1f592684046fccf0f72
2024-08-03,400KV KOCHI+KOTTAYAM,1.355,4.379,1.4597,official_observed_reference,6678ab644dc56ea042a6c4036c9ed97f7f8835e324e3e1f592684046fccf0f72
2024-08-03,400KV KOZHKOD,8.877,26.939,,official_observed_reference,6678ab644dc56ea042a6c4036c9ed97f7f8835e324e3e1f592684046fccf0f72
2024-08-03,400KV NORTH TRSR,3.3051,10.1687,3.3896,official_observed_reference,6678ab644dc56ea042a6c4036c9ed97f7f8835e324e3e1f592684046fccf0f72
2024-08-03,400KV TVM,6.62,20.215,,official_observed_reference,6678ab644dc56ea042a6c4036c9ed97f7f8835e324e3e1f592684046fccf0f72
2024-08-03,220KV_KNPA+SBGR +PVUD+EDMN,7.5866,22.6964,7.5655,official_observed_reference,6678ab644dc56ea042a6c4036c9ed97f7f8835e324e3e1f592684046fccf0f72
2024-08-03,110KV_MJSM +PRSLA,0.6062,1.541,,official_observed_reference,6678ab644dc56ea042a6c4036c9ed97f7f8835e324e3e1f592684046fccf0f72
2024-08-04,400KV MDKA,2.926,10.952,2.738,official_observed_reference,c61346802e5c22eeb24b8793e45906ce2d107521d1eeb646af0ebd32f47646ba
2024-08-04,400KV PKKD,3.2551,13.819,,official_observed_reference,c61346802e5c22eeb24b8793e45906ce2d107521d1eeb646af0ebd32f47646ba
2024-08-04,400KV KOCHI+KOTTAYAM,2.055,6.434,1.6085,official_observed_reference,c61346802e5c22eeb24b8793e45906ce2d107521d1eeb646af0ebd32f47646ba
2024-08-04,400KV KOZHKOD,8.257,35.196,,official_observed_reference,c61346802e5c22eeb24b8793e45906ce2d107521d1eeb646af0ebd32f47646ba
2024-08-04,400KV NORTH TRSR,3.2327,13.4014,3.3503,official_observed_reference,c61346802e5c22eeb24b8793e45906ce2d107521d1eeb646af0ebd32f47646ba
2024-08-04,400KV TVM,6.19,26.405,,official_observed_reference,c61346802e5c22eeb24b8793e45906ce2d107521d1eeb646af0ebd32f47646ba
2024-08-04,220KV_KNPA+SBGR +PVUD+EDMN,5.3089,28.0053,7.0013,official_observed_reference,c61346802e5c22eeb24b8793e45906ce2d107521d1eeb646af0ebd32f47646ba
2024-08-04,110KV_MJSM +PRSLA,0.5741,2.1151,,official_observed_reference,c61346802e5c22eeb24b8793e45906ce2d107521d1eeb646af0ebd32f47646ba
2024-08-05,400KV MDKA,3.561,14.513,2.9026,official_observed_reference,0ec59f5639dc1242908f02fbd0b5595ce05dfae7513f4a924b84ac8171a60732
2024-08-05,400KV PKKD,3.7593,17.5783,,official_observed_reference,0ec59f5639dc1242908f02fbd0b5595ce05dfae7513f4a924b84ac8171a60732
2024-08-05,400KV KOCHI+KOTTAYAM,3.106,9.54,1.908,official_observed_reference,0ec59f5639dc1242908f02fbd0b5595ce05dfae7513f4a924b84ac8171a60732
2024-08-05,400KV KOZHKOD,9.737,44.933,,official_observed_reference,0ec59f5639dc1242908f02fbd0b5595ce05dfae7513f4a924b84ac8171a60732
2024-08-05,400KV NORTH TRSR,3.7505,17.1519,3.4304,official_observed_reference,0ec59f5639dc1242908f02fbd0b5595ce05dfae7513f4a924b84ac8171a60732
2024-08-05,400KV TVM,7.232,33.637,,official_observed_reference,0ec59f5639dc1242908f02fbd0b5595ce05dfae7513f4a924b84ac8171a60732
2024-08-05,220KV_KNPA+SBGR +PVUD+EDMN,4.9617,32.967,6.5934,official_observed_reference,0ec59f5639dc1242908f02fbd0b5595ce05dfae7513f4a924b84ac8171a60732
2024-08-05,110KV_MJSM +PRSLA,0.6076,2.7227,,official_observed_reference,0ec59f5639dc1242908f02fbd0b5595ce05dfae7513f4a924b84ac8171a60732
2024-08-06,400KV MDKA,3.883,18.396,3.066,official_observed_reference,0f7895770a4a6ef487743ac598c5aa93a6693296cc7cb9a07c4c4f3bdc231b33
2024-08-06,400KV PKKD,3.9839,21.5623,,official_observed_reference,0f7895770a4a6ef487743ac598c5aa93a6693296cc7cb9a07c4c4f3bdc231b33
2024-08-06,400KV KOCHI+KOTTAYAM,4.162,13.702,2.2837,official_observed_reference,0f7895770a4a6ef487743ac598c5aa93a6693296cc7cb9a07c4c4f3bdc231b33
2024-08-06,400KV KOZHKOD,9.892,54.825,,official_observed_reference,0f7895770a4a6ef487743ac598c5aa93a6693296cc7cb9a07c4c4f3bdc231b33
2024-08-06,400KV NORTH TRSR,3.8123,20.9642,3.494,official_observed_reference,0f7895770a4a6ef487743ac598c5aa93a6693296cc7cb9a07c4c4f3bdc231b33
2024-08-06,400KV TVM,6.588,40.225,,official_observed_reference,0f7895770a4a6ef487743ac598c5aa93a6693296cc7cb9a07c4c4f3bdc231b33
2024-08-06,220KV_KNPA+SBGR +PVUD+EDMN,5.3677,38.3347,6.3891,official_observed_reference,0f7895770a4a6ef487743ac598c5aa93a6693296cc7cb9a07c4c4f3bdc231b33
2024-08-06,110KV_MJSM +PRSLA,0.6378,3.3606,,official_observed_reference,0f7895770a4a6ef487743ac598c5aa93a6693296cc7cb9a07c4c4f3bdc231b33
2024-08-07,400KV MDKA,4.159,22.555,3.2221,official_observed_reference,896b85f5b1530ecd902499637962846c672b603327916e69f499497596d6644c
2024-08-07,400KV PKKD,4.1238,25.686,,official_observed_reference,896b85f5b1530ecd902499637962846c672b603327916e69f499497596d6644c
2024-08-07,400KV KOCHI+KOTTAYAM,3.445,17.147,2.4496,official_observed_reference,896b85f5b1530ecd902499637962846c672b603327916e69f499497596d6644c
2024-08-07,400KV KOZHKOD,10.318,65.143,,official_observed_reference,896b85f5b1530ecd902499637962846c672b603327916e69f499497596d6644c
2024-08-07,400KV NORTH TRSR,3.801,24.7652,3.5379,official_observed_reference,896b85f5b1530ecd902499637962846c672b603327916e69f499497596d6644c
2024-08-07,400KV TVM,7.276,47.501,,official_observed_reference,896b85f5b1530ecd902499637962846c672b603327916e69f499497596d6644c
2024-08-07,220KV_KNPA+SBGR +PVUD+EDMN,5.7533,44.088,6.2983,official_observed_reference,896b85f5b1530ecd902499637962846c672b603327916e69f499497596d6644c
2024-08-07,110KV_MJSM +PRSLA,0.6381,3.9986,,official_observed_reference,896b85f5b1530ecd902499637962846c672b603327916e69f499497596d6644c
2024-08-08,400KV MDKA,4.309,26.864,3.358,official_observed_reference,ce4ea57561c4f61c66a4f42a753fe10d8bfd9645cb09c8a8d8a4f39b1a7949e4
2024-08-08,400KV PKKD,4.0935,29.7795,,official_observed_reference,ce4ea57561c4f61c66a4f42a753fe10d8bfd9645cb09c8a8d8a4f39b1a7949e4
2024-08-08,400KV KOCHI+KOTTAYAM,4.508,21.655,2.7069,official_observed_reference,ce4ea57561c4f61c66a4f42a753fe10d8bfd9645cb09c8a8d8a4f39b1a7949e4
2024-08-08,400KV KOZHKOD,10.356,75.499,,official_observed_reference,ce4ea57561c4f61c66a4f42a753fe10d8bfd9645cb09c8a8d8a4f39b1a7949e4
2024-08-08,400KV NORTH TRSR,3.5625,28.3278,3.541,official_observed_reference,ce4ea57561c4f61c66a4f42a753fe10d8bfd9645cb09c8a8d8a4f39b1a7949e4
2024-08-08,400KV TVM,6.735,54.236,,official_observed_reference,ce4ea57561c4f61c66a4f42a753fe10d8bfd9645cb09c8a8d8a4f39b1a7949e4
2024-08-08,220KV_KNPA+SBGR +PVUD+EDMN,6.1867,50.2747,6.2843,official_observed_reference,ce4ea57561c4f61c66a4f42a753fe10d8bfd9645cb09c8a8d8a4f39b1a7949e4
2024-08-08,110KV_MJSM +PRSLA,0.6151,4.6137,,official_observed_reference,ce4ea57561c4f61c66a4f42a753fe10d8bfd9645cb09c8a8d8a4f39b1a7949e4
2024-08-09,400KV MDKA,4.546,31.41,3.49,official_observed_reference,58f4b37a39f5a88d0069902dcec568aef90500636b103fae58290a47e387d9fe
2024-08-09,400KV PKKD,4.5011,34.2806,,official_observed_reference,58f4b37a39f5a88d0069902dcec568aef90500636b103fae58290a47e387d9fe
2024-08-09,400KV KOCHI+KOTTAYAM,5.398,27.053,3.0059,official_observed_reference,58f4b37a39f5a88d0069902dcec568aef90500636b103fae58290a47e387d9fe
2024-08-09,400KV KOZHKOD,9.927,85.426,,official_observed_reference,58f4b37a39f5a88d0069902dcec568aef90500636b103fae58290a47e387d9fe
2024-08-09,400KV NORTH TRSR,4.3075,32.6352,3.6261,official_observed_reference,58f4b37a39f5a88d0069902dcec568aef90500636b103fae58290a47e387d9fe
2024-08-09,400KV TVM,7.323,61.559,,official_observed_reference,58f4b37a39f5a88d0069902dcec568aef90500636b103fae58290a47e387d9fe
2024-08-09,220KV_KNPA+SBGR +PVUD+EDMN,7.9188,58.1935,6.4659,official_observed_reference,58f4b37a39f5a88d0069902dcec568aef90500636b103fae58290a47e387d9fe
2024-08-09,110KV_MJSM +PRSLA,0.6274,5.2411,,official_observed_reference,58f4b37a39f5a88d0069902dcec568aef90500636b103fae58290a47e387d9fe
2024-08-10,400KV MDKA,4.792,36.202,3.6202,official_observed_reference,45e5352db170a316c60b5efb87cd1c4e12271f58e88e5990eea6f80ac55a1ce0
2024-08-10,400KV PKKD,4.6448,38.9254,,official_observed_reference,45e5352db170a316c60b5efb87cd1c4e12271f58e88e5990eea6f80ac55a1ce0
2024-08-10,400KV KOCHI+KOTTAYAM,5.947,33,3.3,official_observed_reference,45e5352db170a316c60b5efb87cd1c4e12271f58e88e5990eea6f80ac55a1ce0
2024-08-10,400KV KOZHKOD,9.879,95.305,,official_observed_reference,45e5352db170a316c60b5efb87cd1c4e12271f58e88e5990eea6f80ac55a1ce0
2024-08-10,400KV NORTH TRSR,4.1028,36.7381,3.6738,official_observed_reference,45e5352db170a316c60b5efb87cd1c4e12271f58e88e5990eea6f80ac55a1ce0
2024-08-10,400KV TVM,7.412,68.971,,official_observed_reference,45e5352db170a316c60b5efb87cd1c4e12271f58e88e5990eea6f80ac55a1ce0
2024-08-10,220KV_KNPA+SBGR +PVUD+EDMN,7.8913,66.0848,6.6085,official_observed_reference,45e5352db170a316c60b5efb87cd1c4e12271f58e88e5990eea6f80ac55a1ce0
2024-08-10,110KV_MJSM +PRSLA,0.6503,5.8914,,official_observed_reference,45e5352db170a316c60b5efb87cd1c4e12271f58e88e5990eea6f80ac55a1ce0
2024-08-11,400KV MDKA,3.996,40.198,3.6544,official_observed_reference,61367be0a712c6787a67f15423a4d8883de969d37a82f31e4c4fb589db5b2ffa
2024-08-11,400KV PKKD,5.2568,44.1822,,official_observed_reference,61367be0a712c6787a67f15423a4d8883de969d37a82f31e4c4fb589db5b2ffa
2024-08-11,400KV KOCHI+KOTTAYAM,5.561,38.561,3.5055,official_observed_reference,61367be0a712c6787a67f15423a4d8883de969d37a82f31e4c4fb589db5b2ffa
2024-08-11,400KV KOZHKOD,9.099,104.404,,official_observed_reference,61367be0a712c6787a67f15423a4d8883de969d37a82f31e4c4fb589db5b2ffa
2024-08-11,400KV NORTH TRSR,3.9182,40.6562,3.696,official_observed_reference,61367be0a712c6787a67f15423a4d8883de969d37a82f31e4c4fb589db5b2ffa
2024-08-11,400KV TVM,7.058,76.029,,official_observed_reference,61367be0a712c6787a67f15423a4d8883de969d37a82f31e4c4fb589db5b2ffa
2024-08-11,220KV_KNPA+SBGR +PVUD+EDMN,6.927,73.0118,6.6374,official_observed_reference,61367be0a712c6787a67f15423a4d8883de969d37a82f31e4c4fb589db5b2ffa
2024-08-11,110KV_MJSM +PRSLA,0.6377,6.5291,,official_observed_reference,61367be0a712c6787a67f15423a4d8883de969d37a82f31e4c4fb589db5b2ffa
2024-08-13,400KV MDKA,4.329,48.663,3.7433,official_observed_reference,0971060bb3befc3ea60ee86b79f89aca6cb93529068f4eb634fce94411a738ab
2024-08-13,400KV PKKD,5.6657,55.5869,,official_observed_reference,0971060bb3befc3ea60ee86b79f89aca6cb93529068f4eb634fce94411a738ab
2024-08-13,400KV KOCHI+KOTTAYAM,6.474,51.412,3.9548,official_observed_reference,0971060bb3befc3ea60ee86b79f89aca6cb93529068f4eb634fce94411a738ab
2024-08-13,400KV KOZHKOD,10.988,125.666,,official_observed_reference,0971060bb3befc3ea60ee86b79f89aca6cb93529068f4eb634fce94411a738ab
2024-08-13,400KV NORTH TRSR,3.6676,48.5713,3.7363,official_observed_reference,0971060bb3befc3ea60ee86b79f89aca6cb93529068f4eb634fce94411a738ab
2024-08-13,400KV TVM,7.668,91.389,,official_observed_reference,0971060bb3befc3ea60ee86b79f89aca6cb93529068f4eb634fce94411a738ab
2024-08-13,220KV_KNPA+SBGR +PVUD+EDMN,6.3972,85.9314,6.6101,official_observed_reference,0971060bb3befc3ea60ee86b79f89aca6cb93529068f4eb634fce94411a738ab
2024-08-13,110KV_MJSM +PRSLA,0.5593,7.7315,,official_observed_reference,0971060bb3befc3ea60ee86b79f89aca6cb93529068f4eb634fce94411a738ab
2024-08-14,400KV MDKA,4.01,52.673,3.7624,official_observed_reference,18767401fccd0be0d5777ac4699e3ff58d5cac9fb0e2ca7c3c49a11d549f7fe6
2024-08-14,400KV PKKD,5.4957,61.0826,,official_observed_reference,18767401fccd0be0d5777ac4699e3ff58d5cac9fb0e2ca7c3c49a11d549f7fe6
2024-08-14,400KV KOCHI+KOTTAYAM,5.312,56.724,4.0517,official_observed_reference,18767401fccd0be0d5777ac4699e3ff58d5cac9fb0e2ca7c3c49a11d549f7fe6
2024-08-14,400KV KOZHKOD,9.902,135.568,,official_observed_reference,18767401fccd0be0d5777ac4699e3ff58d5cac9fb0e2ca7c3c49a11d549f7fe6
2024-08-14,400KV NORTH TRSR,4.0037,52.5749,3.7554,official_observed_reference,18767401fccd0be0d5777ac4699e3ff58d5cac9fb0e2ca7c3c49a11d549f7fe6
2024-08-14,400KV TVM,7.046,98.435,,official_observed_reference,18767401fccd0be0d5777ac4699e3ff58d5cac9fb0e2ca7c3c49a11d549f7fe6
2024-08-14,220KV_KNPA+SBGR +PVUD+EDMN,6.1099,92.0413,6.5744,official_observed_reference,18767401fccd0be0d5777ac4699e3ff58d5cac9fb0e2ca7c3c49a11d549f7fe6
2024-08-14,110KV_MJSM +PRSLA,0.6742,8.4056,,official_observed_reference,18767401fccd0be0d5777ac4699e3ff58d5cac9fb0e2ca7c3c49a11d549f7fe6
2024-08-15,400KV MDKA,4.304,56.977,3.7985,official_observed_reference,e78f0ebf830e33545397310a5af7b3859bff5d94b295c75cd2f57ec2b036d92f
2024-08-15,400KV PKKD,5.439,66.5216,,official_observed_reference,e78f0ebf830e33545397310a5af7b3859bff5d94b295c75cd2f57ec2b036d92f
2024-08-15,400KV KOCHI+KOTTAYAM,5.903,62.627,4.1751,official_observed_reference,e78f0ebf830e33545397310a5af7b3859bff5d94b295c75cd2f57ec2b036d92f
2024-08-15,400KV KOZHKOD,9.716,145.284,,official_observed_reference,e78f0ebf830e33545397310a5af7b3859bff5d94b295c75cd2f57ec2b036d92f
2024-08-15,400KV NORTH TRSR,4.1549,56.7298,3.782,official_observed_reference,e78f0ebf830e33545397310a5af7b3859bff5d94b295c75cd2f57ec2b036d92f
2024-08-15,400KV TVM,7.199,105.634,,official_observed_reference,e78f0ebf830e33545397310a5af7b3859bff5d94b295c75cd2f57ec2b036d92f
2024-08-15,220KV_KNPA+SBGR +PVUD+EDMN,7.1375,99.1788,6.6119,official_observed_reference,e78f0ebf830e33545397310a5af7b3859bff5d94b295c75cd2f57ec2b036d92f
2024-08-15,110KV_MJSM +PRSLA,0.6765,9.0822,,official_observed_reference,e78f0ebf830e33545397310a5af7b3859bff5d94b295c75cd2f57ec2b036d92f
2024-08-16,400KV MDKA,4.575,61.552,3.847,official_observed_reference,e08272a203da8a9b431204cd3b1b8f673da3626138004fab4c5a288f7f98be57
2024-08-16,400KV PKKD,5.442,71.9636,,official_observed_reference,e08272a203da8a9b431204cd3b1b8f673da3626138004fab4c5a288f7f98be57
2024-08-16,400KV KOCHI+KOTTAYAM,5.673,68.3,4.2688,official_observed_reference,e08272a203da8a9b431204cd3b1b8f673da3626138004fab4c5a288f7f98be57
2024-08-16,400KV KOZHKOD,10.722,156.006,,official_observed_reference,e08272a203da8a9b431204cd3b1b8f673da3626138004fab4c5a288f7f98be57
2024-08-16,400KV NORTH TRSR,4.2495,60.9792,3.8112,official_observed_reference,e08272a203da8a9b431204cd3b1b8f673da3626138004fab4c5a288f7f98be57
2024-08-16,400KV TVM,7.325,112.959,,official_observed_reference,e08272a203da8a9b431204cd3b1b8f673da3626138004fab4c5a288f7f98be57
2024-08-16,220KV_KNPA+SBGR +PVUD+EDMN,6.1963,105.3751,6.5859,official_observed_reference,e08272a203da8a9b431204cd3b1b8f673da3626138004fab4c5a288f7f98be57
2024-08-16,110KV_MJSM +PRSLA,0.6776,9.7597,,official_observed_reference,e08272a203da8a9b431204cd3b1b8f673da3626138004fab4c5a288f7f98be57
2024-08-17,400KV MDKA,4.764,66.316,3.9009,official_observed_reference,ce8ff82f090b3e7d490d24ccc7f1b4ad0779c268dd570b668c64861c03053839
2024-08-17,400KV PKKD,5.5953,77.559,,official_observed_reference,ce8ff82f090b3e7d490d24ccc7f1b4ad0779c268dd570b668c64861c03053839
2024-08-17,400KV KOCHI+KOTTAYAM,6.017,74.317,4.3716,official_observed_reference,ce8ff82f090b3e7d490d24ccc7f1b4ad0779c268dd570b668c64861c03053839
2024-08-17,400KV KOZHKOD,10.475,166.481,,official_observed_reference,ce8ff82f090b3e7d490d24ccc7f1b4ad0779c268dd570b668c64861c03053839
2024-08-17,400KV NORTH TRSR,4.2157,65.1949,3.835,official_observed_reference,ce8ff82f090b3e7d490d24ccc7f1b4ad0779c268dd570b668c64861c03053839
2024-08-17,400KV TVM,7.16,120.119,,official_observed_reference,ce8ff82f090b3e7d490d24ccc7f1b4ad0779c268dd570b668c64861c03053839
2024-08-17,220KV_KNPA+SBGR +PVUD+EDMN,8.885,114.2601,6.7212,official_observed_reference,ce8ff82f090b3e7d490d24ccc7f1b4ad0779c268dd570b668c64861c03053839
2024-08-17,110KV_MJSM +PRSLA,0.6542,10.414,,official_observed_reference,ce8ff82f090b3e7d490d24ccc7f1b4ad0779c268dd570b668c64861c03053839
2024-08-18,400KV MDKA,4.318,70.634,3.9241,official_observed_reference,7634d315b8e58c98bb2e2ab8b7349dc6c7cef7faf01a1c35b1539b442a712334
2024-08-18,400KV PKKD,5.3633,82.9222,,official_observed_reference,7634d315b8e58c98bb2e2ab8b7349dc6c7cef7faf01a1c35b1539b442a712334
2024-08-18,400KV KOCHI+KOTTAYAM,5.729,80.046,4.447,official_observed_reference,7634d315b8e58c98bb2e2ab8b7349dc6c7cef7faf01a1c35b1539b442a712334
2024-08-18,400KV KOZHKOD,9.923,176.404,,official_observed_reference,7634d315b8e58c98bb2e2ab8b7349dc6c7cef7faf01a1c35b1539b442a712334
2024-08-18,400KV NORTH TRSR,4.2399,69.4348,3.8575,official_observed_reference,7634d315b8e58c98bb2e2ab8b7349dc6c7cef7faf01a1c35b1539b442a712334
2024-08-18,400KV TVM,6.864,126.983,,official_observed_reference,7634d315b8e58c98bb2e2ab8b7349dc6c7cef7faf01a1c35b1539b442a712334
2024-08-18,220KV_KNPA+SBGR +PVUD+EDMN,7.8606,122.1207,6.7845,official_observed_reference,7634d315b8e58c98bb2e2ab8b7349dc6c7cef7faf01a1c35b1539b442a712334
2024-08-18,110KV_MJSM +PRSLA,0.6054,11.0193,,official_observed_reference,7634d315b8e58c98bb2e2ab8b7349dc6c7cef7faf01a1c35b1539b442a712334
2024-08-19,400KV MDKA,4.912,75.546,3.9761,official_observed_reference,fbdbffa57cdbdca63f77307451daa374ea75288224cceb0edab8291f3ed3bcea
2024-08-19,400KV PKKD,6.0069,88.9291,,official_observed_reference,fbdbffa57cdbdca63f77307451daa374ea75288224cceb0edab8291f3ed3bcea
2024-08-19,400KV KOCHI+KOTTAYAM,7.269,87.315,4.5955,official_observed_reference,fbdbffa57cdbdca63f77307451daa374ea75288224cceb0edab8291f3ed3bcea
2024-08-19,400KV KOZHKOD,11.287,187.691,,official_observed_reference,fbdbffa57cdbdca63f77307451daa374ea75288224cceb0edab8291f3ed3bcea
2024-08-19,400KV NORTH TRSR,4.5972,74.032,3.8964,official_observed_reference,fbdbffa57cdbdca63f77307451daa374ea75288224cceb0edab8291f3ed3bcea
2024-08-19,400KV TVM,7.929,134.912,,official_observed_reference,fbdbffa57cdbdca63f77307451daa374ea75288224cceb0edab8291f3ed3bcea
2024-08-19,220KV_KNPA+SBGR +PVUD+EDMN,8.6696,130.7903,6.8837,official_observed_reference,fbdbffa57cdbdca63f77307451daa374ea75288224cceb0edab8291f3ed3bcea
2024-08-19,110KV_MJSM +PRSLA,0.6094,11.6288,,official_observed_reference,fbdbffa57cdbdca63f77307451daa374ea75288224cceb0edab8291f3ed3bcea
2024-08-20,400KV MDKA,5.129,80.675,4.0338,official_observed_reference,6bacd88db74cdec7a2bc56bfc3b9aad0ee9ec3d95d529f3346d03c096e5e5b7a
2024-08-20,400KV PKKD,6.054,94.9831,,official_observed_reference,6bacd88db74cdec7a2bc56bfc3b9aad0ee9ec3d95d529f3346d03c096e5e5b7a
2024-08-20,400KV KOCHI+KOTTAYAM,8.393,95.708,4.7854,official_observed_reference,6bacd88db74cdec7a2bc56bfc3b9aad0ee9ec3d95d529f3346d03c096e5e5b7a
2024-08-20,400KV KOZHKOD,12.008,199.699,,official_observed_reference,6bacd88db74cdec7a2bc56bfc3b9aad0ee9ec3d95d529f3346d03c096e5e5b7a
2024-08-20,400KV NORTH TRSR,4.3939,78.4259,3.9213,official_observed_reference,6bacd88db74cdec7a2bc56bfc3b9aad0ee9ec3d95d529f3346d03c096e5e5b7a
2024-08-20,400KV TVM,8.188,143.1,,official_observed_reference,6bacd88db74cdec7a2bc56bfc3b9aad0ee9ec3d95d529f3346d03c096e5e5b7a
2024-08-20,220KV_KNPA+SBGR +PVUD+EDMN,8.4887,139.279,6.964,official_observed_reference,6bacd88db74cdec7a2bc56bfc3b9aad0ee9ec3d95d529f3346d03c096e5e5b7a
2024-08-20,110KV_MJSM +PRSLA,0.6521,12.2808,,official_observed_reference,6bacd88db74cdec7a2bc56bfc3b9aad0ee9ec3d95d529f3346d03c096e5e5b7a
2024-08-21,400KV MDKA,4.698,85.373,4.0654,official_observed_reference,4fe20dc82e54b7a8d1ca1cbd3ee18a9b6da671e8f57b02a70401591137521481
2024-08-21,400KV PKKD,5.4712,100.4543,,official_observed_reference,4fe20dc82e54b7a8d1ca1cbd3ee18a9b6da671e8f57b02a70401591137521481
2024-08-21,400KV KOCHI+KOTTAYAM,5.837,101.545,4.8355,official_observed_reference,4fe20dc82e54b7a8d1ca1cbd3ee18a9b6da671e8f57b02a70401591137521481
2024-08-21,400KV KOZHKOD,10.762,210.461,,official_observed_reference,4fe20dc82e54b7a8d1ca1cbd3ee18a9b6da671e8f57b02a70401591137521481
2024-08-21,400KV NORTH TRSR,4.5153,82.9412,3.9496,official_observed_reference,4fe20dc82e54b7a8d1ca1cbd3ee18a9b6da671e8f57b02a70401591137521481
2024-08-21,400KV TVM,6.947,150.047,,official_observed_reference,4fe20dc82e54b7a8d1ca1cbd3ee18a9b6da671e8f57b02a70401591137521481
2024-08-21,220KV_KNPA+SBGR +PVUD+EDMN,7.525,146.804,6.9907,official_observed_reference,4fe20dc82e54b7a8d1ca1cbd3ee18a9b6da671e8f57b02a70401591137521481
2024-08-21,110KV_MJSM +PRSLA,0.5975,12.8783,,official_observed_reference,4fe20dc82e54b7a8d1ca1cbd3ee18a9b6da671e8f57b02a70401591137521481
2024-08-22,400KV MDKA,4.231,89.604,4.0729,official_observed_reference,17ec613b51ae3fb983d734830ee27d812a17a79784dd7b97d47904c9dc4cf86f
2024-08-22,400KV PKKD,5.4467,105.901,,official_observed_reference,17ec613b51ae3fb983d734830ee27d812a17a79784dd7b97d47904c9dc4cf86f
2024-08-22,400KV KOCHI+KOTTAYAM,7.045,108.59,4.9359,official_observed_reference,17ec613b51ae3fb983d734830ee27d812a17a79784dd7b97d47904c9dc4cf86f
2024-08-22,400KV KOZHKOD,11.085,221.546,,official_observed_reference,17ec613b51ae3fb983d734830ee27d812a17a79784dd7b97d47904c9dc4cf86f
2024-08-22,400KV NORTH TRSR,4.3613,87.3025,3.9683,official_observed_reference,17ec613b51ae3fb983d734830ee27d812a17a79784dd7b97d47904c9dc4cf86f
2024-08-22,400KV TVM,7.271,157.318,,official_observed_reference,17ec613b51ae3fb983d734830ee27d812a17a79784dd7b97d47904c9dc4cf86f
2024-08-22,220KV_KNPA+SBGR +PVUD+EDMN,7.9848,154.7888,7.0359,official_observed_reference,17ec613b51ae3fb983d734830ee27d812a17a79784dd7b97d47904c9dc4cf86f
2024-08-22,110KV_MJSM +PRSLA,0.6194,13.4977,,official_observed_reference,17ec613b51ae3fb983d734830ee27d812a17a79784dd7b97d47904c9dc4cf86f
2024-08-23,400KV MDKA,5.404,95.008,4.1308,official_observed_reference,f77fc4a2bf56007139548b7b34c8a0955b8b0c316f03357633c257a18aa777d3
2024-08-23,400KV PKKD,6.0349,111.936,,official_observed_reference,f77fc4a2bf56007139548b7b34c8a0955b8b0c316f03357633c257a18aa777d3
2024-08-23,400KV KOCHI+KOTTAYAM,7.909,116.499,5.0652,official_observed_reference,f77fc4a2bf56007139548b7b34c8a0955b8b0c316f03357633c257a18aa777d3
2024-08-23,400KV KOZHKOD,12.054,233.6,,official_observed_reference,f77fc4a2bf56007139548b7b34c8a0955b8b0c316f03357633c257a18aa777d3
2024-08-23,400KV NORTH TRSR,4.4713,91.7738,3.9902,official_observed_reference,f77fc4a2bf56007139548b7b34c8a0955b8b0c316f03357633c257a18aa777d3
2024-08-23,400KV TVM,7.742,165.06,,official_observed_reference,f77fc4a2bf56007139548b7b34c8a0955b8b0c316f03357633c257a18aa777d3
2024-08-23,220KV_KNPA+SBGR +PVUD+EDMN,9.9806,164.7694,7.1639,official_observed_reference,f77fc4a2bf56007139548b7b34c8a0955b8b0c316f03357633c257a18aa777d3
2024-08-23,110KV_MJSM +PRSLA,0.581,14.0787,,official_observed_reference,f77fc4a2bf56007139548b7b34c8a0955b8b0c316f03357633c257a18aa777d3
2024-08-24,400KV MDKA,5.915,100.923,4.2051,official_observed_reference,40534241f8200ba67682590e212bc6152e3a84e2b4a5bd7483de85aaa162271f
2024-08-24,400KV PKKD,5.7247,117.6606,,official_observed_reference,40534241f8200ba67682590e212bc6152e3a84e2b4a5bd7483de85aaa162271f
2024-08-24,400KV KOCHI+KOTTAYAM,9.343,125.842,5.2434,official_observed_reference,40534241f8200ba67682590e212bc6152e3a84e2b4a5bd7483de85aaa162271f
2024-08-24,400KV KOZHKOD,11.939,245.539,,official_observed_reference,40534241f8200ba67682590e212bc6152e3a84e2b4a5bd7483de85aaa162271f
2024-08-24,400KV NORTH TRSR,4.9318,96.7056,4.0294,official_observed_reference,40534241f8200ba67682590e212bc6152e3a84e2b4a5bd7483de85aaa162271f
2024-08-24,400KV TVM,7.659,172.719,,official_observed_reference,40534241f8200ba67682590e212bc6152e3a84e2b4a5bd7483de85aaa162271f
2024-08-24,220KV_KNPA+SBGR +PVUD+EDMN,10.6044,175.3738,7.3072,official_observed_reference,40534241f8200ba67682590e212bc6152e3a84e2b4a5bd7483de85aaa162271f
2024-08-24,110KV_MJSM +PRSLA,0.6504,14.7291,,official_observed_reference,40534241f8200ba67682590e212bc6152e3a84e2b4a5bd7483de85aaa162271f
2024-08-25,400KV MDKA,5.11,106.033,4.2413,official_observed_reference,33c6ae1a9d7629428796b1a59f637a7168906d79a1b00b5ae39e7b64ac4621af
2024-08-25,400KV PKKD,5.1499,122.8105,,official_observed_reference,33c6ae1a9d7629428796b1a59f637a7168906d79a1b00b5ae39e7b64ac4621af
2024-08-25,400KV KOCHI+KOTTAYAM,8.193,134.035,5.3614,official_observed_reference,33c6ae1a9d7629428796b1a59f637a7168906d79a1b00b5ae39e7b64ac4621af
2024-08-25,400KV KOZHKOD,11.433,256.972,,official_observed_reference,33c6ae1a9d7629428796b1a59f637a7168906d79a1b00b5ae39e7b64ac4621af
2024-08-25,400KV NORTH TRSR,4.6605,101.366,4.0546,official_observed_reference,33c6ae1a9d7629428796b1a59f637a7168906d79a1b00b5ae39e7b64ac4621af
2024-08-25,400KV TVM,7.659,180.378,,official_observed_reference,33c6ae1a9d7629428796b1a59f637a7168906d79a1b00b5ae39e7b64ac4621af
2024-08-25,220KV_KNPA+SBGR +PVUD+EDMN,11.7582,187.132,7.4853,official_observed_reference,33c6ae1a9d7629428796b1a59f637a7168906d79a1b00b5ae39e7b64ac4621af
2024-08-25,110KV_MJSM +PRSLA,0.5959,15.3251,,official_observed_reference,33c6ae1a9d7629428796b1a59f637a7168906d79a1b00b5ae39e7b64ac4621af
2024-08-26,400KV MDKA,4.967,111,4.2692,official_observed_reference,da7ea8697e8b29026d32c5f3c5fa02ce1949edf3535e658ff1b0d4b89b3e936b
2024-08-26,400KV PKKD,5.758,128.5685,,official_observed_reference,da7ea8697e8b29026d32c5f3c5fa02ce1949edf3535e658ff1b0d4b89b3e936b
2024-08-26,400KV KOCHI+KOTTAYAM,8.616,142.651,5.4866,official_observed_reference,da7ea8697e8b29026d32c5f3c5fa02ce1949edf3535e658ff1b0d4b89b3e936b
2024-08-26,400KV KOZHKOD,11.905,268.877,,official_observed_reference,da7ea8697e8b29026d32c5f3c5fa02ce1949edf3535e658ff1b0d4b89b3e936b
2024-08-26,400KV NORTH TRSR,4.6669,106.033,4.0782,official_observed_reference,da7ea8697e8b29026d32c5f3c5fa02ce1949edf3535e658ff1b0d4b89b3e936b
2024-08-26,400KV TVM,8.306,188.684,,official_observed_reference,da7ea8697e8b29026d32c5f3c5fa02ce1949edf3535e658ff1b0d4b89b3e936b
2024-08-26,220KV_KNPA+SBGR +PVUD+EDMN,11.4098,198.5418,7.6362,official_observed_reference,da7ea8697e8b29026d32c5f3c5fa02ce1949edf3535e658ff1b0d4b89b3e936b
2024-08-26,110KV_MJSM +PRSLA,0.6698,15.9948,,official_observed_reference,da7ea8697e8b29026d32c5f3c5fa02ce1949edf3535e658ff1b0d4b89b3e936b
2024-08-27,400KV MDKA,5.353,116.353,4.3094,official_observed_reference,5ab9cb4e0c6aa303144402e7606fe371193e87540ef8efd0a8d7b421bb08d60f
2024-08-27,400KV PKKD,6.174,134.7425,,official_observed_reference,5ab9cb4e0c6aa303144402e7606fe371193e87540ef8efd0a8d7b421bb08d60f
2024-08-27,400KV KOCHI+KOTTAYAM,10.325,152.976,5.6658,official_observed_reference,5ab9cb4e0c6aa303144402e7606fe371193e87540ef8efd0a8d7b421bb08d60f
2024-08-27,400KV KOZHKOD,12.128,281.005,,official_observed_reference,5ab9cb4e0c6aa303144402e7606fe371193e87540ef8efd0a8d7b421bb08d60f
2024-08-27,400KV NORTH TRSR,4.6251,110.6581,4.0984,official_observed_reference,5ab9cb4e0c6aa303144402e7606fe371193e87540ef8efd0a8d7b421bb08d60f
2024-08-27,400KV TVM,8.663,197.347,,official_observed_reference,5ab9cb4e0c6aa303144402e7606fe371193e87540ef8efd0a8d7b421bb08d60f
2024-08-27,220KV_KNPA+SBGR +PVUD+EDMN,13.1056,211.6474,7.8388,official_observed_reference,5ab9cb4e0c6aa303144402e7606fe371193e87540ef8efd0a8d7b421bb08d60f
2024-08-27,110KV_MJSM +PRSLA,0.6538,16.6486,,official_observed_reference,5ab9cb4e0c6aa303144402e7606fe371193e87540ef8efd0a8d7b421bb08d60f
2024-08-28,400KV MDKA,5.202,121.555,4.3413,official_observed_reference,02f0011670ca0bd32bad3165c218b3998caa3d98ef02ecd709bfb71d957cd669
2024-08-28,400KV PKKD,6.233,140.9755,,official_observed_reference,02f0011670ca0bd32bad3165c218b3998caa3d98ef02ecd709bfb71d957cd669
2024-08-28,400KV KOCHI+KOTTAYAM,9.822,162.798,5.8142,official_observed_reference,02f0011670ca0bd32bad3165c218b3998caa3d98ef02ecd709bfb71d957cd669
2024-08-28,400KV KOZHKOD,11.503,292.508,,official_observed_reference,02f0011670ca0bd32bad3165c218b3998caa3d98ef02ecd709bfb71d957cd669
2024-08-28,400KV NORTH TRSR,4.5043,115.1624,4.1129,official_observed_reference,02f0011670ca0bd32bad3165c218b3998caa3d98ef02ecd709bfb71d957cd669
2024-08-28,400KV TVM,8.834,206.181,,official_observed_reference,02f0011670ca0bd32bad3165c218b3998caa3d98ef02ecd709bfb71d957cd669
2024-08-28,220KV_KNPA+SBGR +PVUD+EDMN,11.7127,223.3602,7.9771,official_observed_reference,02f0011670ca0bd32bad3165c218b3998caa3d98ef02ecd709bfb71d957cd669
2024-08-28,110KV_MJSM +PRSLA,0.6278,17.2764,,official_observed_reference,02f0011670ca0bd32bad3165c218b3998caa3d98ef02ecd709bfb71d957cd669
2024-08-29,400KV MDKA,4.678,126.233,4.3529,official_observed_reference,5da6916cf34b51d52dc4ef13cf69939ff4b77ce5029a68e01a984569eb2f3206
2024-08-29,400KV PKKD,5.596,146.5715,,official_observed_reference,5da6916cf34b51d52dc4ef13cf69939ff4b77ce5029a68e01a984569eb2f3206
2024-08-29,400KV KOCHI+KOTTAYAM,8.244,171.042,5.898,official_observed_reference,5da6916cf34b51d52dc4ef13cf69939ff4b77ce5029a68e01a984569eb2f3206
2024-08-29,400KV KOZHKOD,10.745,303.253,,official_observed_reference,5da6916cf34b51d52dc4ef13cf69939ff4b77ce5029a68e01a984569eb2f3206
2024-08-29,400KV NORTH TRSR,4.5145,119.6769,4.1268,official_observed_reference,5da6916cf34b51d52dc4ef13cf69939ff4b77ce5029a68e01a984569eb2f3206
2024-08-29,400KV TVM,8.531,214.712,,official_observed_reference,5da6916cf34b51d52dc4ef13cf69939ff4b77ce5029a68e01a984569eb2f3206
2024-08-29,220KV_KNPA+SBGR +PVUD+EDMN,11.6315,234.9917,8.1032,official_observed_reference,5da6916cf34b51d52dc4ef13cf69939ff4b77ce5029a68e01a984569eb2f3206
2024-08-29,110KV_MJSM +PRSLA,0.5933,17.8697,,official_observed_reference,5da6916cf34b51d52dc4ef13cf69939ff4b77ce5029a68e01a984569eb2f3206
2024-08-30,400KV MDKA,4.179,130.412,4.3471,official_observed_reference,c44660058d1c6465e6f6a607fa7130f69b727785f833915f3f7cc0a5c6a0690b
2024-08-30,400KV PKKD,5.272,151.8435,,official_observed_reference,c44660058d1c6465e6f6a607fa7130f69b727785f833915f3f7cc0a5c6a0690b
2024-08-30,400KV KOCHI+KOTTAYAM,6.723,177.765,5.9255,official_observed_reference,c44660058d1c6465e6f6a607fa7130f69b727785f833915f3f7cc0a5c6a0690b
2024-08-30,400KV KOZHKOD,9.278,312.531,,official_observed_reference,c44660058d1c6465e6f6a607fa7130f69b727785f833915f3f7cc0a5c6a0690b
2024-08-30,400KV NORTH TRSR,4.2314,123.9083,4.1303,official_observed_reference,c44660058d1c6465e6f6a607fa7130f69b727785f833915f3f7cc0a5c6a0690b
2024-08-30,400KV TVM,8.071,222.783,,official_observed_reference,c44660058d1c6465e6f6a607fa7130f69b727785f833915f3f7cc0a5c6a0690b
2024-08-30,220KV_KNPA+SBGR +PVUD+EDMN,11.9086,246.9003,8.23,official_observed_reference,c44660058d1c6465e6f6a607fa7130f69b727785f833915f3f7cc0a5c6a0690b
2024-08-30,110KV_MJSM +PRSLA,0.5388,18.4085,,official_observed_reference,c44660058d1c6465e6f6a607fa7130f69b727785f833915f3f7cc0a5c6a0690b
2024-08-31,400KV MDKA,4.924,135.336,4.3657,official_observed_reference,733d9e13c3b4518f78b2bf8cac52ec80971267bdff4389002bfed48c482f634d
2024-08-31,400KV PKKD,5.109,156.9525,,official_observed_reference,733d9e13c3b4518f78b2bf8cac52ec80971267bdff4389002bfed48c482f634d
2024-08-31,400KV KOCHI+KOTTAYAM,6.844,184.609,5.9551,official_observed_reference,733d9e13c3b4518f78b2bf8cac52ec80971267bdff4389002bfed48c482f634d
2024-08-31,400KV KOZHKOD,9.151,321.682,,official_observed_reference,733d9e13c3b4518f78b2bf8cac52ec80971267bdff4389002bfed48c482f634d
2024-08-31,400KV NORTH TRSR,4.6192,128.5274,4.146,official_observed_reference,733d9e13c3b4518f78b2bf8cac52ec80971267bdff4389002bfed48c482f634d
2024-08-31,400KV TVM,7.612,230.395,,official_observed_reference,733d9e13c3b4518f78b2bf8cac52ec80971267bdff4389002bfed48c482f634d
2024-08-31,220KV_KNPA+SBGR +PVUD+EDMN,10.5651,257.4654,8.3053,official_observed_reference,733d9e13c3b4518f78b2bf8cac52ec80971267bdff4389002bfed48c482f634d
2024-08-31,110KV_MJSM +PRSLA,0.6249,19.0334,,official_observed_reference,733d9e13c3b4518f78b2bf8cac52ec80971267bdff4389002bfed48c482f634d
2024-09-01,400KV MDKA,4.829,4.829,4.829,official_observed_reference,00db4abff6c56850c58f12b4e58b7de15dc8dd6c51e9d608ad6f82eac06d3116
2024-09-01,400KV PKKD,3.6638,3.6638,,official_observed_reference,00db4abff6c56850c58f12b4e58b7de15dc8dd6c51e9d608ad6f82eac06d3116
2024-09-01,400KV KOCHI+KOTTAYAM,5.83,5.83,5.83,official_observed_reference,00db4abff6c56850c58f12b4e58b7de15dc8dd6c51e9d608ad6f82eac06d3116
2024-09-01,400KV KOZHKOD,8.326,8.326,,official_observed_reference,00db4abff6c56850c58f12b4e58b7de15dc8dd6c51e9d608ad6f82eac06d3116
2024-09-01,400KV NORTH TRSR,4.1295,4.1295,4.1295,official_observed_reference,00db4abff6c56850c58f12b4e58b7de15dc8dd6c51e9d608ad6f82eac06d3116
2024-09-01,400KV TVM,7.047,7.047,,official_observed_reference,00db4abff6c56850c58f12b4e58b7de15dc8dd6c51e9d608ad6f82eac06d3116
2024-09-01,220KV_KNPA+SBGR +PVUD+EDMN,9.2208,9.2208,9.2208,official_observed_reference,00db4abff6c56850c58f12b4e58b7de15dc8dd6c51e9d608ad6f82eac06d3116
2024-09-01,110KV_MJSM +PRSLA,0.5662,0.5662,,official_observed_reference,00db4abff6c56850c58f12b4e58b7de15dc8dd6c51e9d608ad6f82eac06d3116
2024-09-02,400KV MDKA,5.348,10.177,5.0885,official_observed_reference,3479c11eef45f18cba10db474b0d6edc19824e7a75442d424ad3581ae7efa33f
2024-09-02,400KV PKKD,4.0175,7.6813,,official_observed_reference,3479c11eef45f18cba10db474b0d6edc19824e7a75442d424ad3581ae7efa33f
2024-09-02,400KV KOCHI+KOTTAYAM,6.618,12.448,6.224,official_observed_reference,3479c11eef45f18cba10db474b0d6edc19824e7a75442d424ad3581ae7efa33f
2024-09-02,400KV KOZHKOD,9.48,17.806,,official_observed_reference,3479c11eef45f18cba10db474b0d6edc19824e7a75442d424ad3581ae7efa33f
2024-09-02,400KV NORTH TRSR,4.6402,8.7697,4.3849,official_observed_reference,3479c11eef45f18cba10db474b0d6edc19824e7a75442d424ad3581ae7efa33f
2024-09-02,400KV TVM,7.661,14.708,,official_observed_reference,3479c11eef45f18cba10db474b0d6edc19824e7a75442d424ad3581ae7efa33f
2024-09-02,220KV_KNPA+SBGR +PVUD+EDMN,10.1777,19.3985,9.6993,official_observed_reference,3479c11eef45f18cba10db474b0d6edc19824e7a75442d424ad3581ae7efa33f
2024-09-02,110KV_MJSM +PRSLA,0.6142,1.1804,,official_observed_reference,3479c11eef45f18cba10db474b0d6edc19824e7a75442d424ad3581ae7efa33f
2024-09-03,400KV MDKA,5.63,15.807,5.269,official_observed_reference,0d53fbd4b5bd397f904be868c289bed0153c3b2a701621813c0423b96731cb58
2024-09-03,400KV PKKD,4.1055,11.7868,,official_observed_reference,0d53fbd4b5bd397f904be868c289bed0153c3b2a701621813c0423b96731cb58
2024-09-03,400KV KOCHI+KOTTAYAM,7.677,20.125,6.7083,official_observed_reference,0d53fbd4b5bd397f904be868c289bed0153c3b2a701621813c0423b96731cb58
2024-09-03,400KV KOZHKOD,10.514,28.32,,official_observed_reference,0d53fbd4b5bd397f904be868c289bed0153c3b2a701621813c0423b96731cb58
2024-09-03,400KV NORTH TRSR,4.5757,13.3454,4.4485,official_observed_reference,0d53fbd4b5bd397f904be868c289bed0153c3b2a701621813c0423b96731cb58
2024-09-03,400KV TVM,8.004,22.712,,official_observed_reference,0d53fbd4b5bd397f904be868c289bed0153c3b2a701621813c0423b96731cb58
2024-09-03,220KV_KNPA+SBGR +PVUD+EDMN,10.1331,29.5316,9.8439,official_observed_reference,0d53fbd4b5bd397f904be868c289bed0153c3b2a701621813c0423b96731cb58
2024-09-03,110KV_MJSM +PRSLA,0.6236,1.804,,official_observed_reference,0d53fbd4b5bd397f904be868c289bed0153c3b2a701621813c0423b96731cb58
2024-09-04,400KV MDKA,4.449,20.256,5.064,official_observed_reference,6c2441ff4f29e1be63d53a61ba09fd2abadbe2213083ed17e60bc0dd4c8cd27d
2024-09-04,400KV PKKD,4.0545,15.8413,,official_observed_reference,6c2441ff4f29e1be63d53a61ba09fd2abadbe2213083ed17e60bc0dd4c8cd27d
2024-09-04,400KV KOCHI+KOTTAYAM,8.515,28.64,7.16,official_observed_reference,6c2441ff4f29e1be63d53a61ba09fd2abadbe2213083ed17e60bc0dd4c8cd27d
2024-09-04,400KV KOZHKOD,12.069,40.389,,official_observed_reference,6c2441ff4f29e1be63d53a61ba09fd2abadbe2213083ed17e60bc0dd4c8cd27d
2024-09-04,400KV NORTH TRSR,4.8404,18.1858,4.5464,official_observed_reference,6c2441ff4f29e1be63d53a61ba09fd2abadbe2213083ed17e60bc0dd4c8cd27d
2024-09-04,400KV TVM,7.875,30.587,,official_observed_reference,6c2441ff4f29e1be63d53a61ba09fd2abadbe2213083ed17e60bc0dd4c8cd27d
2024-09-04,220KV_KNPA+SBGR +PVUD+EDMN,11.1059,40.6375,10.1594,official_observed_reference,6c2441ff4f29e1be63d53a61ba09fd2abadbe2213083ed17e60bc0dd4c8cd27d
2024-09-04,110KV_MJSM +PRSLA,0.638,2.442,,official_observed_reference,6c2441ff4f29e1be63d53a61ba09fd2abadbe2213083ed17e60bc0dd4c8cd27d
2024-09-05,400KV MDKA,5.577,25.833,5.1666,official_observed_reference,d875837f69c6bdedfaf381c9e3d3b587acac7aca6fdbf96e1c4b8dd677328c09
2024-09-05,400KV PKKD,4.5206,20.3619,,official_observed_reference,d875837f69c6bdedfaf381c9e3d3b587acac7aca6fdbf96e1c4b8dd677328c09
2024-09-05,400KV KOCHI+KOTTAYAM,9.177,37.817,7.5634,official_observed_reference,d875837f69c6bdedfaf381c9e3d3b587acac7aca6fdbf96e1c4b8dd677328c09
2024-09-05,400KV KOZHKOD,11.698,52.087,,official_observed_reference,d875837f69c6bdedfaf381c9e3d3b587acac7aca6fdbf96e1c4b8dd677328c09
2024-09-05,400KV NORTH TRSR,4.88,23.0658,4.6132,official_observed_reference,d875837f69c6bdedfaf381c9e3d3b587acac7aca6fdbf96e1c4b8dd677328c09
2024-09-05,400KV TVM,8.024,38.611,,official_observed_reference,d875837f69c6bdedfaf381c9e3d3b587acac7aca6fdbf96e1c4b8dd677328c09
2024-09-05,220KV_KNPA+SBGR +PVUD+EDMN,11.4326,52.0701,10.414,official_observed_reference,d875837f69c6bdedfaf381c9e3d3b587acac7aca6fdbf96e1c4b8dd677328c09
2024-09-05,110KV_MJSM +PRSLA,0.5728,3.0148,,official_observed_reference,d875837f69c6bdedfaf381c9e3d3b587acac7aca6fdbf96e1c4b8dd677328c09
2024-09-07,400KV MDKA,6.115,37.106,5.3009,official_observed_reference,6664ec4afb5ef821dfd443880e7a07bf44e3c5ab8b33539e821efa6fd373c32c
2024-09-07,400KV PKKD,4.902,29.6842,,official_observed_reference,6664ec4afb5ef821dfd443880e7a07bf44e3c5ab8b33539e821efa6fd373c32c
2024-09-07,400KV KOCHI+KOTTAYAM,8.267,54.593,7.799,official_observed_reference,6664ec4afb5ef821dfd443880e7a07bf44e3c5ab8b33539e821efa6fd373c32c
2024-09-07,400KV KOZHKOD,11.15,75.184,,official_observed_reference,6664ec4afb5ef821dfd443880e7a07bf44e3c5ab8b33539e821efa6fd373c32c
2024-09-07,400KV NORTH TRSR,4.9773,32.9898,4.7128,official_observed_reference,6664ec4afb5ef821dfd443880e7a07bf44e3c5ab8b33539e821efa6fd373c32c
2024-09-07,400KV TVM,7.689,53.961,,official_observed_reference,6664ec4afb5ef821dfd443880e7a07bf44e3c5ab8b33539e821efa6fd373c32c
2024-09-07,220KV_KNPA+SBGR +PVUD+EDMN,10.7121,73.4498,10.4928,official_observed_reference,6664ec4afb5ef821dfd443880e7a07bf44e3c5ab8b33539e821efa6fd373c32c
2024-09-07,110KV_MJSM +PRSLA,0.6539,4.3164,,official_observed_reference,6664ec4afb5ef821dfd443880e7a07bf44e3c5ab8b33539e821efa6fd373c32c
2024-09-08,400KV MDKA,5.255,42.361,5.2951,official_observed_reference,de5b9ee8addd4f256d4321089e7ce602ee346834768a1dfed8bec8c83746add4
2024-09-08,400KV PKKD,5.058,34.7422,,official_observed_reference,de5b9ee8addd4f256d4321089e7ce602ee346834768a1dfed8bec8c83746add4
2024-09-08,400KV KOCHI+KOTTAYAM,6.787,61.38,7.6725,official_observed_reference,de5b9ee8addd4f256d4321089e7ce602ee346834768a1dfed8bec8c83746add4
2024-09-08,400KV KOZHKOD,9.875,85.059,,official_observed_reference,de5b9ee8addd4f256d4321089e7ce602ee346834768a1dfed8bec8c83746add4
2024-09-08,400KV NORTH TRSR,4.1012,37.0911,4.6364,official_observed_reference,de5b9ee8addd4f256d4321089e7ce602ee346834768a1dfed8bec8c83746add4
2024-09-08,400KV TVM,7.419,61.38,,official_observed_reference,de5b9ee8addd4f256d4321089e7ce602ee346834768a1dfed8bec8c83746add4
2024-09-08,220KV_KNPA+SBGR +PVUD+EDMN,10.4861,83.9359,10.492,official_observed_reference,de5b9ee8addd4f256d4321089e7ce602ee346834768a1dfed8bec8c83746add4
2024-09-08,110KV_MJSM +PRSLA,0.62,4.9364,,official_observed_reference,de5b9ee8addd4f256d4321089e7ce602ee346834768a1dfed8bec8c83746add4
2024-09-09,400KV MDKA,5.624,47.985,5.3317,official_observed_reference,243402a92fa0d0ac74d1425cc82db758c71e3cb792d9a5c241c397e13906aeb7
2024-09-09,400KV PKKD,5.3344,40.0766,,official_observed_reference,243402a92fa0d0ac74d1425cc82db758c71e3cb792d9a5c241c397e13906aeb7
2024-09-09,400KV KOCHI+KOTTAYAM,7.415,68.795,7.6439,official_observed_reference,243402a92fa0d0ac74d1425cc82db758c71e3cb792d9a5c241c397e13906aeb7
2024-09-09,400KV KOZHKOD,10.365,95.424,,official_observed_reference,243402a92fa0d0ac74d1425cc82db758c71e3cb792d9a5c241c397e13906aeb7
2024-09-09,400KV NORTH TRSR,4.843,41.9341,4.6593,official_observed_reference,243402a92fa0d0ac74d1425cc82db758c71e3cb792d9a5c241c397e13906aeb7
2024-09-09,400KV TVM,8.213,69.593,,official_observed_reference,243402a92fa0d0ac74d1425cc82db758c71e3cb792d9a5c241c397e13906aeb7
2024-09-09,220KV_KNPA+SBGR +PVUD+EDMN,10.8453,94.7811,10.5312,official_observed_reference,243402a92fa0d0ac74d1425cc82db758c71e3cb792d9a5c241c397e13906aeb7
2024-09-09,110KV_MJSM +PRSLA,0.6488,5.5852,,official_observed_reference,243402a92fa0d0ac74d1425cc82db758c71e3cb792d9a5c241c397e13906aeb7
2024-09-10,400KV MDKA,5.19,53.175,5.3175,official_observed_reference,94c59f1c93e904ad55e4303bb5ab144d08b1369eacf2a2d4ea11c23ef14addc6
2024-09-10,400KV PKKD,5.0317,45.1083,,official_observed_reference,94c59f1c93e904ad55e4303bb5ab144d08b1369eacf2a2d4ea11c23ef14addc6
2024-09-10,400KV KOCHI+KOTTAYAM,7.78,76.575,7.6575,official_observed_reference,94c59f1c93e904ad55e4303bb5ab144d08b1369eacf2a2d4ea11c23ef14addc6
2024-09-10,400KV KOZHKOD,10.542,105.966,,official_observed_reference,94c59f1c93e904ad55e4303bb5ab144d08b1369eacf2a2d4ea11c23ef14addc6
2024-09-10,400KV NORTH TRSR,4.8574,46.7915,4.6792,official_observed_reference,94c59f1c93e904ad55e4303bb5ab144d08b1369eacf2a2d4ea11c23ef14addc6
2024-09-10,400KV TVM,8.071,77.664,,official_observed_reference,94c59f1c93e904ad55e4303bb5ab144d08b1369eacf2a2d4ea11c23ef14addc6
2024-09-10,220KV_KNPA+SBGR +PVUD+EDMN,10.7348,105.5159,10.5516,official_observed_reference,94c59f1c93e904ad55e4303bb5ab144d08b1369eacf2a2d4ea11c23ef14addc6
2024-09-10,110KV_MJSM +PRSLA,0.6512,6.2364,,official_observed_reference,94c59f1c93e904ad55e4303bb5ab144d08b1369eacf2a2d4ea11c23ef14addc6
2024-09-11,400KV MDKA,5.447,58.622,5.3293,official_observed_reference,43ae91cf62a645d07ab09cab5fa96a45e92073a273403848f68a7a5b2291a4f7
2024-09-11,400KV PKKD,5.7709,50.8792,,official_observed_reference,43ae91cf62a645d07ab09cab5fa96a45e92073a273403848f68a7a5b2291a4f7
2024-09-11,400KV KOCHI+KOTTAYAM,8.895,85.47,7.77,official_observed_reference,43ae91cf62a645d07ab09cab5fa96a45e92073a273403848f68a7a5b2291a4f7
2024-09-11,400KV KOZHKOD,10.679,116.645,,official_observed_reference,43ae91cf62a645d07ab09cab5fa96a45e92073a273403848f68a7a5b2291a4f7
2024-09-11,400KV NORTH TRSR,4.6188,51.4103,4.6737,official_observed_reference,43ae91cf62a645d07ab09cab5fa96a45e92073a273403848f68a7a5b2291a4f7
2024-09-11,400KV TVM,7.347,85.011,,official_observed_reference,43ae91cf62a645d07ab09cab5fa96a45e92073a273403848f68a7a5b2291a4f7
2024-09-11,220KV_KNPA+SBGR +PVUD+EDMN,11.5923,117.1082,10.6462,official_observed_reference,43ae91cf62a645d07ab09cab5fa96a45e92073a273403848f68a7a5b2291a4f7
2024-09-11,110KV_MJSM +PRSLA,0.6367,6.8731,,official_observed_reference,43ae91cf62a645d07ab09cab5fa96a45e92073a273403848f68a7a5b2291a4f7
2024-09-12,400KV MDKA,5.884,64.506,5.3755,official_observed_reference,87671b640b6066038457030f4d5667437a0b100c63a142f0794959771ea1e4ed
2024-09-12,400KV PKKD,5.774,56.6532,,official_observed_reference,87671b640b6066038457030f4d5667437a0b100c63a142f0794959771ea1e4ed
2024-09-12,400KV KOCHI+KOTTAYAM,9.039,94.509,7.8758,official_observed_reference,87671b640b6066038457030f4d5667437a0b100c63a142f0794959771ea1e4ed
2024-09-12,400KV KOZHKOD,10.516,127.161,,official_observed_reference,87671b640b6066038457030f4d5667437a0b100c63a142f0794959771ea1e4ed
2024-09-12,400KV NORTH TRSR,4.0367,55.4469,4.6206,official_observed_reference,87671b640b6066038457030f4d5667437a0b100c63a142f0794959771ea1e4ed
2024-09-12,400KV TVM,8.519,93.53,,official_observed_reference,87671b640b6066038457030f4d5667437a0b100c63a142f0794959771ea1e4ed
2024-09-12,220KV_KNPA+SBGR +PVUD+EDMN,10.4437,127.552,10.6293,official_observed_reference,87671b640b6066038457030f4d5667437a0b100c63a142f0794959771ea1e4ed
2024-09-12,110KV_MJSM +PRSLA,0.642,7.5152,,official_observed_reference,87671b640b6066038457030f4d5667437a0b100c63a142f0794959771ea1e4ed
2024-09-13,400KV MDKA,5.588,70.094,5.3918,official_observed_reference,cce0d629df36500ebe2cd588c724198d7d795a79a4aaa8b93005037f6e2227e1
2024-09-13,400KV PKKD,5.957,62.6102,,official_observed_reference,cce0d629df36500ebe2cd588c724198d7d795a79a4aaa8b93005037f6e2227e1
2024-09-13,400KV KOCHI+KOTTAYAM,8.659,103.168,7.936,official_observed_reference,cce0d629df36500ebe2cd588c724198d7d795a79a4aaa8b93005037f6e2227e1
2024-09-13,400KV KOZHKOD,10.499,137.66,,official_observed_reference,cce0d629df36500ebe2cd588c724198d7d795a79a4aaa8b93005037f6e2227e1
2024-09-13,400KV NORTH TRSR,5.0299,60.4769,4.6521,official_observed_reference,cce0d629df36500ebe2cd588c724198d7d795a79a4aaa8b93005037f6e2227e1
2024-09-13,400KV TVM,8.576,102.106,,official_observed_reference,cce0d629df36500ebe2cd588c724198d7d795a79a4aaa8b93005037f6e2227e1
2024-09-13,220KV_KNPA+SBGR +PVUD+EDMN,10.7771,138.3291,10.6407,official_observed_reference,cce0d629df36500ebe2cd588c724198d7d795a79a4aaa8b93005037f6e2227e1
2024-09-13,110KV_MJSM +PRSLA,0.639,8.1542,,official_observed_reference,cce0d629df36500ebe2cd588c724198d7d795a79a4aaa8b93005037f6e2227e1
2024-09-14,400KV MDKA,5.405,75.499,5.3928,official_observed_reference,afc8bed1b0211705869c8da1c0690e43750ddbd32588ad911a32b5a8156bc0ff
2024-09-14,400KV PKKD,5.441,68.0512,,official_observed_reference,afc8bed1b0211705869c8da1c0690e43750ddbd32588ad911a32b5a8156bc0ff
2024-09-14,400KV KOCHI+KOTTAYAM,7.588,110.756,7.9111,official_observed_reference,afc8bed1b0211705869c8da1c0690e43750ddbd32588ad911a32b5a8156bc0ff
2024-09-14,400KV KOZHKOD,10.065,147.725,,official_observed_reference,afc8bed1b0211705869c8da1c0690e43750ddbd32588ad911a32b5a8156bc0ff
2024-09-14,400KV NORTH TRSR,5.1565,65.6334,4.6881,official_observed_reference,afc8bed1b0211705869c8da1c0690e43750ddbd32588ad911a32b5a8156bc0ff
2024-09-14,400KV TVM,8.015,110.121,,official_observed_reference,afc8bed1b0211705869c8da1c0690e43750ddbd32588ad911a32b5a8156bc0ff
2024-09-14,220KV_KNPA+SBGR +PVUD+EDMN,10.4318,148.7609,10.6258,official_observed_reference,afc8bed1b0211705869c8da1c0690e43750ddbd32588ad911a32b5a8156bc0ff
2024-09-14,110KV_MJSM +PRSLA,0.6499,8.8041,,official_observed_reference,afc8bed1b0211705869c8da1c0690e43750ddbd32588ad911a32b5a8156bc0ff
2024-09-15,400KV MDKA,4.706,80.205,5.347,official_observed_reference,d45d9ca3ae1dd6698e795ae1e3403d12631d5ef4e1342ea479f47ee546f846f3
2024-09-15,400KV PKKD,4.787,72.8382,,official_observed_reference,d45d9ca3ae1dd6698e795ae1e3403d12631d5ef4e1342ea479f47ee546f846f3
2024-09-15,400KV KOCHI+KOTTAYAM,5.509,116.265,7.751,official_observed_reference,d45d9ca3ae1dd6698e795ae1e3403d12631d5ef4e1342ea479f47ee546f846f3
2024-09-15,400KV KOZHKOD,8.935,156.66,,official_observed_reference,d45d9ca3ae1dd6698e795ae1e3403d12631d5ef4e1342ea479f47ee546f846f3
2024-09-15,400KV NORTH TRSR,5.0986,70.7319,4.7155,official_observed_reference,d45d9ca3ae1dd6698e795ae1e3403d12631d5ef4e1342ea479f47ee546f846f3
2024-09-15,400KV TVM,7.496,117.617,,official_observed_reference,d45d9ca3ae1dd6698e795ae1e3403d12631d5ef4e1342ea479f47ee546f846f3
2024-09-15,220KV_KNPA+SBGR +PVUD+EDMN,9.7548,158.5157,10.5677,official_observed_reference,d45d9ca3ae1dd6698e795ae1e3403d12631d5ef4e1342ea479f47ee546f846f3
2024-09-15,110KV_MJSM +PRSLA,0.6309,9.435,,official_observed_reference,d45d9ca3ae1dd6698e795ae1e3403d12631d5ef4e1342ea479f47ee546f846f3
2024-09-16,400KV MDKA,5.325,85.53,5.3456,official_observed_reference,5846acb946ef525307268303d5edc1fc8a1b783d3a8d44e3f00be22f34b72e20
2024-09-16,400KV PKKD,4.968,77.8062,,official_observed_reference,5846acb946ef525307268303d5edc1fc8a1b783d3a8d44e3f00be22f34b72e20
2024-09-16,400KV KOCHI+KOTTAYAM,6.872,123.137,7.6961,official_observed_reference,5846acb946ef525307268303d5edc1fc8a1b783d3a8d44e3f00be22f34b72e20
2024-09-16,400KV KOZHKOD,8.766,165.426,,official_observed_reference,5846acb946ef525307268303d5edc1fc8a1b783d3a8d44e3f00be22f34b72e20
2024-09-16,400KV NORTH TRSR,5.3108,76.0428,4.7527,official_observed_reference,5846acb946ef525307268303d5edc1fc8a1b783d3a8d44e3f00be22f34b72e20
2024-09-16,400KV TVM,7.77,125.387,,official_observed_reference,5846acb946ef525307268303d5edc1fc8a1b783d3a8d44e3f00be22f34b72e20
2024-09-16,220KV_KNPA+SBGR +PVUD+EDMN,8.9094,167.4251,10.4641,official_observed_reference,5846acb946ef525307268303d5edc1fc8a1b783d3a8d44e3f00be22f34b72e20
2024-09-16,110KV_MJSM +PRSLA,0.6205,10.0555,,official_observed_reference,5846acb946ef525307268303d5edc1fc8a1b783d3a8d44e3f00be22f34b72e20
2024-09-17,400KV MDKA,6.128,91.658,5.3916,official_observed_reference,53e46eb8848a68691bdf5b935c9b152744f1297817ad86d5f3497272009fc3e2
2024-09-17,400KV PKKD,4.805,82.6112,,official_observed_reference,53e46eb8848a68691bdf5b935c9b152744f1297817ad86d5f3497272009fc3e2
2024-09-17,400KV KOCHI+KOTTAYAM,7.472,130.609,7.6829,official_observed_reference,53e46eb8848a68691bdf5b935c9b152744f1297817ad86d5f3497272009fc3e2
2024-09-17,400KV KOZHKOD,9.913,175.339,,official_observed_reference,53e46eb8848a68691bdf5b935c9b152744f1297817ad86d5f3497272009fc3e2
2024-09-17,400KV NORTH TRSR,5.6852,81.7279,4.8075,official_observed_reference,53e46eb8848a68691bdf5b935c9b152744f1297817ad86d5f3497272009fc3e2
2024-09-17,400KV TVM,7.587,132.974,,official_observed_reference,53e46eb8848a68691bdf5b935c9b152744f1297817ad86d5f3497272009fc3e2
2024-09-17,220KV_KNPA+SBGR +PVUD+EDMN,8.0057,175.4308,10.3195,official_observed_reference,53e46eb8848a68691bdf5b935c9b152744f1297817ad86d5f3497272009fc3e2
2024-09-17,110KV_MJSM +PRSLA,0.6064,10.6619,,official_observed_reference,53e46eb8848a68691bdf5b935c9b152744f1297817ad86d5f3497272009fc3e2
2024-09-18,400KV MDKA,6.374,98.032,5.4462,official_observed_reference,36f4c3cee2feaa6f4e77c8cd3312fa071437e2220488a60e21480f927fef7ea8
2024-09-18,400KV PKKD,5.126,87.7372,,official_observed_reference,36f4c3cee2feaa6f4e77c8cd3312fa071437e2220488a60e21480f927fef7ea8
2024-09-18,400KV KOCHI+KOTTAYAM,7.926,138.535,7.6964,official_observed_reference,36f4c3cee2feaa6f4e77c8cd3312fa071437e2220488a60e21480f927fef7ea8
2024-09-18,400KV KOZHKOD,10.336,185.675,,official_observed_reference,36f4c3cee2feaa6f4e77c8cd3312fa071437e2220488a60e21480f927fef7ea8
2024-09-18,400KV NORTH TRSR,5.7111,87.439,4.8577,official_observed_reference,36f4c3cee2feaa6f4e77c8cd3312fa071437e2220488a60e21480f927fef7ea8
2024-09-18,400KV TVM,7.79,140.764,,official_observed_reference,36f4c3cee2feaa6f4e77c8cd3312fa071437e2220488a60e21480f927fef7ea8
2024-09-18,220KV_KNPA+SBGR +PVUD+EDMN,8.5263,183.9571,10.2198,official_observed_reference,36f4c3cee2feaa6f4e77c8cd3312fa071437e2220488a60e21480f927fef7ea8
2024-09-18,110KV_MJSM +PRSLA,0.6404,11.3023,,official_observed_reference,36f4c3cee2feaa6f4e77c8cd3312fa071437e2220488a60e21480f927fef7ea8
2024-09-19,400KV MDKA,6.527,104.559,5.5031,official_observed_reference,f0045718fcce374596e9d50cf46ab1b3e3d7fe01960642bcb3d43aa9573cc8ba
2024-09-19,400KV PKKD,5.359,93.0962,,official_observed_reference,f0045718fcce374596e9d50cf46ab1b3e3d7fe01960642bcb3d43aa9573cc8ba
2024-09-19,400KV KOCHI+KOTTAYAM,8.324,146.859,7.7294,official_observed_reference,f0045718fcce374596e9d50cf46ab1b3e3d7fe01960642bcb3d43aa9573cc8ba
2024-09-19,400KV KOZHKOD,11.562,197.237,,official_observed_reference,f0045718fcce374596e9d50cf46ab1b3e3d7fe01960642bcb3d43aa9573cc8ba
2024-09-19,400KV NORTH TRSR,5.9269,93.3659,4.914,official_observed_reference,f0045718fcce374596e9d50cf46ab1b3e3d7fe01960642bcb3d43aa9573cc8ba
2024-09-19,400KV TVM,8.242,149.006,,official_observed_reference,f0045718fcce374596e9d50cf46ab1b3e3d7fe01960642bcb3d43aa9573cc8ba
2024-09-19,220KV_KNPA+SBGR +PVUD+EDMN,9.557,193.5141,10.185,official_observed_reference,f0045718fcce374596e9d50cf46ab1b3e3d7fe01960642bcb3d43aa9573cc8ba
2024-09-19,110KV_MJSM +PRSLA,0.6512,11.9534,,official_observed_reference,f0045718fcce374596e9d50cf46ab1b3e3d7fe01960642bcb3d43aa9573cc8ba
2024-09-21,400KV MDKA,7.236,117.885,5.6136,official_observed_reference,3dea24b4ff5505bdd3ecb3f63088b651740124583ad646a05fe85d5c3c7e8d81
2024-09-21,400KV PKKD,5.7527,104.2374,,official_observed_reference,3dea24b4ff5505bdd3ecb3f63088b651740124583ad646a05fe85d5c3c7e8d81
2024-09-21,400KV KOCHI+KOTTAYAM,7.1,161.536,7.6922,official_observed_reference,3dea24b4ff5505bdd3ecb3f63088b651740124583ad646a05fe85d5c3c7e8d81
2024-09-21,400KV KOZHKOD,11.704,220.494,,official_observed_reference,3dea24b4ff5505bdd3ecb3f63088b651740124583ad646a05fe85d5c3c7e8d81
2024-09-21,400KV NORTH TRSR,4.0633,103.3224,4.9201,official_observed_reference,3dea24b4ff5505bdd3ecb3f63088b651740124583ad646a05fe85d5c3c7e8d81
2024-09-21,400KV TVM,7.599,164.523,,official_observed_reference,3dea24b4ff5505bdd3ecb3f63088b651740124583ad646a05fe85d5c3c7e8d81
2024-09-21,220KV_KNPA+SBGR +PVUD+EDMN,9.3948,211.5775,10.0751,official_observed_reference,3dea24b4ff5505bdd3ecb3f63088b651740124583ad646a05fe85d5c3c7e8d81
2024-09-21,110KV_MJSM +PRSLA,0.6524,13.2073,,official_observed_reference,3dea24b4ff5505bdd3ecb3f63088b651740124583ad646a05fe85d5c3c7e8d81
2024-09-22,400KV MDKA,5.867,123.752,5.6251,official_observed_reference,163caeac33962993e72512675051443f17441b5f25c8907a8243613196cf3cdb
2024-09-22,400KV PKKD,5.4217,109.6591,,official_observed_reference,163caeac33962993e72512675051443f17441b5f25c8907a8243613196cf3cdb
2024-09-22,400KV KOCHI+KOTTAYAM,6.743,168.279,7.649,official_observed_reference,163caeac33962993e72512675051443f17441b5f25c8907a8243613196cf3cdb
2024-09-22,400KV KOZHKOD,10.286,230.78,,official_observed_reference,163caeac33962993e72512675051443f17441b5f25c8907a8243613196cf3cdb
2024-09-22,400KV NORTH TRSR,5.6067,108.9291,4.9513,official_observed_reference,163caeac33962993e72512675051443f17441b5f25c8907a8243613196cf3cdb
2024-09-22,400KV TVM,7.589,172.112,,official_observed_reference,163caeac33962993e72512675051443f17441b5f25c8907a8243613196cf3cdb
2024-09-22,220KV_KNPA+SBGR +PVUD+EDMN,9.4722,221.0497,10.0477,official_observed_reference,163caeac33962993e72512675051443f17441b5f25c8907a8243613196cf3cdb
2024-09-22,110KV_MJSM +PRSLA,0.6259,13.8332,,official_observed_reference,163caeac33962993e72512675051443f17441b5f25c8907a8243613196cf3cdb
2024-09-23,400KV MDKA,5.721,129.473,5.6293,official_observed_reference,140b6d09fb3c82a4c095146072c05e5cd6bd148fa6bd07360f545beddb8a94f2
2024-09-23,400KV PKKD,5.4189,115.078,,official_observed_reference,140b6d09fb3c82a4c095146072c05e5cd6bd148fa6bd07360f545beddb8a94f2
2024-09-23,400KV KOCHI+KOTTAYAM,4.742,173.021,7.5227,official_observed_reference,140b6d09fb3c82a4c095146072c05e5cd6bd148fa6bd07360f545beddb8a94f2
2024-09-23,400KV KOZHKOD,10.633,241.413,,official_observed_reference,140b6d09fb3c82a4c095146072c05e5cd6bd148fa6bd07360f545beddb8a94f2
2024-09-23,400KV NORTH TRSR,5.9253,114.8543,4.9937,official_observed_reference,140b6d09fb3c82a4c095146072c05e5cd6bd148fa6bd07360f545beddb8a94f2
2024-09-23,400KV TVM,7.582,179.694,,official_observed_reference,140b6d09fb3c82a4c095146072c05e5cd6bd148fa6bd07360f545beddb8a94f2
2024-09-23,220KV_KNPA+SBGR +PVUD+EDMN,9.549,230.5987,10.026,official_observed_reference,140b6d09fb3c82a4c095146072c05e5cd6bd148fa6bd07360f545beddb8a94f2
2024-09-23,110KV_MJSM +PRSLA,0.6278,14.4609,,official_observed_reference,140b6d09fb3c82a4c095146072c05e5cd6bd148fa6bd07360f545beddb8a94f2
2024-09-24,400KV MDKA,6.452,135.925,5.6635,official_observed_reference,0a4f9f1e4a88459455399e92335790de50e4b663ee8ce4ce4e6aa244221f3b22
2024-09-24,400KV PKKD,5.483,120.561,,official_observed_reference,0a4f9f1e4a88459455399e92335790de50e4b663ee8ce4ce4e6aa244221f3b22
2024-09-24,400KV KOCHI+KOTTAYAM,7.851,180.872,7.5363,official_observed_reference,0a4f9f1e4a88459455399e92335790de50e4b663ee8ce4ce4e6aa244221f3b22
2024-09-24,400KV KOZHKOD,10.946,252.359,,official_observed_reference,0a4f9f1e4a88459455399e92335790de50e4b663ee8ce4ce4e6aa244221f3b22
2024-09-24,400KV NORTH TRSR,5.8875,120.7419,5.0309,official_observed_reference,0a4f9f1e4a88459455399e92335790de50e4b663ee8ce4ce4e6aa244221f3b22
2024-09-24,400KV TVM,7.961,187.655,,official_observed_reference,0a4f9f1e4a88459455399e92335790de50e4b663ee8ce4ce4e6aa244221f3b22
2024-09-24,220KV_KNPA+SBGR +PVUD+EDMN,10.953,241.5516,10.0647,official_observed_reference,0a4f9f1e4a88459455399e92335790de50e4b663ee8ce4ce4e6aa244221f3b22
2024-09-24,110KV_MJSM +PRSLA,0.651,15.1119,,official_observed_reference,0a4f9f1e4a88459455399e92335790de50e4b663ee8ce4ce4e6aa244221f3b22
2024-09-25,400KV MDKA,7.334,143.259,5.7304,official_observed_reference,6d7b0545415dd80c2e519266d5111e1ff28ee6dddee2196d22b40559baed18c4
2024-09-25,400KV PKKD,4.9069,125.4679,,official_observed_reference,6d7b0545415dd80c2e519266d5111e1ff28ee6dddee2196d22b40559baed18c4
2024-09-25,400KV KOCHI+KOTTAYAM,8.467,189.339,7.5736,official_observed_reference,6d7b0545415dd80c2e519266d5111e1ff28ee6dddee2196d22b40559baed18c4
2024-09-25,400KV KOZHKOD,11.432,263.791,,official_observed_reference,6d7b0545415dd80c2e519266d5111e1ff28ee6dddee2196d22b40559baed18c4
2024-09-25,400KV NORTH TRSR,5.7882,126.53,5.0612,official_observed_reference,6d7b0545415dd80c2e519266d5111e1ff28ee6dddee2196d22b40559baed18c4
2024-09-25,400KV TVM,8.176,195.831,,official_observed_reference,6d7b0545415dd80c2e519266d5111e1ff28ee6dddee2196d22b40559baed18c4
2024-09-25,220KV_KNPA+SBGR +PVUD+EDMN,10.0501,251.6017,10.0641,official_observed_reference,6d7b0545415dd80c2e519266d5111e1ff28ee6dddee2196d22b40559baed18c4
2024-09-25,110KV_MJSM +PRSLA,0.6407,15.7526,,official_observed_reference,6d7b0545415dd80c2e519266d5111e1ff28ee6dddee2196d22b40559baed18c4
2024-09-26,400KV MDKA,6.049,149.308,5.7426,official_observed_reference,96ab80fb8c5991d9b2064a457ba7282be84169ff694cf1e4dd72f2d35850bf76
2024-09-26,400KV PKKD,5.5308,130.9987,,official_observed_reference,96ab80fb8c5991d9b2064a457ba7282be84169ff694cf1e4dd72f2d35850bf76
2024-09-26,400KV KOCHI+KOTTAYAM,8.933,198.272,7.6258,official_observed_reference,96ab80fb8c5991d9b2064a457ba7282be84169ff694cf1e4dd72f2d35850bf76
2024-09-26,400KV KOZHKOD,12.008,275.799,,official_observed_reference,96ab80fb8c5991d9b2064a457ba7282be84169ff694cf1e4dd72f2d35850bf76
2024-09-26,400KV NORTH TRSR,5.3553,131.8853,5.0725,official_observed_reference,96ab80fb8c5991d9b2064a457ba7282be84169ff694cf1e4dd72f2d35850bf76
2024-09-26,400KV TVM,7.929,203.76,,official_observed_reference,96ab80fb8c5991d9b2064a457ba7282be84169ff694cf1e4dd72f2d35850bf76
2024-09-26,220KV_KNPA+SBGR +PVUD+EDMN,8.904,260.5057,10.0195,official_observed_reference,96ab80fb8c5991d9b2064a457ba7282be84169ff694cf1e4dd72f2d35850bf76
2024-09-26,110KV_MJSM +PRSLA,0.6452,16.3978,,official_observed_reference,96ab80fb8c5991d9b2064a457ba7282be84169ff694cf1e4dd72f2d35850bf76
2024-09-27,400KV MDKA,6.643,155.951,5.776,official_observed_reference,4856f9af36308c7c2bcdca9d4c190e2daefbf2d5f361436dbb86ceef6ea33adb
2024-09-27,400KV PKKD,5.3766,136.3754,,official_observed_reference,4856f9af36308c7c2bcdca9d4c190e2daefbf2d5f361436dbb86ceef6ea33adb
2024-09-27,400KV KOCHI+KOTTAYAM,10.086,208.358,7.717,official_observed_reference,4856f9af36308c7c2bcdca9d4c190e2daefbf2d5f361436dbb86ceef6ea33adb
2024-09-27,400KV KOZHKOD,12.562,288.361,,official_observed_reference,4856f9af36308c7c2bcdca9d4c190e2daefbf2d5f361436dbb86ceef6ea33adb
2024-09-27,400KV NORTH TRSR,5.1083,136.9936,5.0738,official_observed_reference,4856f9af36308c7c2bcdca9d4c190e2daefbf2d5f361436dbb86ceef6ea33adb
2024-09-27,400KV TVM,8.205,211.965,,official_observed_reference,4856f9af36308c7c2bcdca9d4c190e2daefbf2d5f361436dbb86ceef6ea33adb
2024-09-27,220KV_KNPA+SBGR +PVUD+EDMN,8.609,269.1147,9.9672,official_observed_reference,4856f9af36308c7c2bcdca9d4c190e2daefbf2d5f361436dbb86ceef6ea33adb
2024-09-27,110KV_MJSM +PRSLA,0.5979,16.9956,,official_observed_reference,4856f9af36308c7c2bcdca9d4c190e2daefbf2d5f361436dbb86ceef6ea33adb
2024-09-28,400KV MDKA,6.703,162.654,5.8091,official_observed_reference,faf5f6200aea0688c99311430a581ed31caf85accbab6a70a233d734cdb4505d
2024-09-28,400KV PKKD,5.9267,142.3021,,official_observed_reference,faf5f6200aea0688c99311430a581ed31caf85accbab6a70a233d734cdb4505d
2024-09-28,400KV KOCHI+KOTTAYAM,10.638,218.996,7.8213,official_observed_reference,faf5f6200aea0688c99311430a581ed31caf85accbab6a70a233d734cdb4505d
2024-09-28,400KV KOZHKOD,12.921,301.282,,official_observed_reference,faf5f6200aea0688c99311430a581ed31caf85accbab6a70a233d734cdb4505d
2024-09-28,400KV NORTH TRSR,4.6874,141.681,5.06,official_observed_reference,faf5f6200aea0688c99311430a581ed31caf85accbab6a70a233d734cdb4505d
2024-09-28,400KV TVM,8.456,220.421,,official_observed_reference,faf5f6200aea0688c99311430a581ed31caf85accbab6a70a233d734cdb4505d
2024-09-28,220KV_KNPA+SBGR +PVUD+EDMN,7.8634,276.9781,9.8921,official_observed_reference,faf5f6200aea0688c99311430a581ed31caf85accbab6a70a233d734cdb4505d
2024-09-28,110KV_MJSM +PRSLA,0.5895,17.5851,,official_observed_reference,faf5f6200aea0688c99311430a581ed31caf85accbab6a70a233d734cdb4505d
2024-09-29,400KV MDKA,6.493,169.147,5.8327,official_observed_reference,58d9f8a30ac13732577ad3403ec781eef2b5ad511e0cf6d911dfea7f4bdb1b88
2024-09-29,400KV PKKD,5.4878,147.7899,,official_observed_reference,58d9f8a30ac13732577ad3403ec781eef2b5ad511e0cf6d911dfea7f4bdb1b88
2024-09-29,400KV KOCHI+KOTTAYAM,9.183,228.179,7.8682,official_observed_reference,58d9f8a30ac13732577ad3403ec781eef2b5ad511e0cf6d911dfea7f4bdb1b88
2024-09-29,400KV KOZHKOD,12.253,313.535,,official_observed_reference,58d9f8a30ac13732577ad3403ec781eef2b5ad511e0cf6d911dfea7f4bdb1b88
2024-09-29,400KV NORTH TRSR,5.0465,146.7275,5.0596,official_observed_reference,58d9f8a30ac13732577ad3403ec781eef2b5ad511e0cf6d911dfea7f4bdb1b88
2024-09-29,400KV TVM,7.817,228.238,,official_observed_reference,58d9f8a30ac13732577ad3403ec781eef2b5ad511e0cf6d911dfea7f4bdb1b88
2024-09-29,220KV_KNPA+SBGR +PVUD+EDMN,8.8266,285.8047,9.8553,official_observed_reference,58d9f8a30ac13732577ad3403ec781eef2b5ad511e0cf6d911dfea7f4bdb1b88
2024-09-29,110KV_MJSM +PRSLA,0.6051,18.1902,,official_observed_reference,58d9f8a30ac13732577ad3403ec781eef2b5ad511e0cf6d911dfea7f4bdb1b88
2024-09-30,400KV MDKA,6.354,175.501,5.85,official_observed_reference,e302796cf6e8ccc8dc49fd21100d66e93690091c0b5bfb665dd4eeba9f640ec8
2024-09-30,400KV PKKD,5.7659,153.5558,,official_observed_reference,e302796cf6e8ccc8dc49fd21100d66e93690091c0b5bfb665dd4eeba9f640ec8
2024-09-30,400KV KOCHI+KOTTAYAM,7.907,236.086,7.8695,official_observed_reference,e302796cf6e8ccc8dc49fd21100d66e93690091c0b5bfb665dd4eeba9f640ec8
2024-09-30,400KV KOZHKOD,12.347,325.882,,official_observed_reference,e302796cf6e8ccc8dc49fd21100d66e93690091c0b5bfb665dd4eeba9f640ec8
2024-09-30,400KV NORTH TRSR,5.4004,152.1279,5.0709,official_observed_reference,e302796cf6e8ccc8dc49fd21100d66e93690091c0b5bfb665dd4eeba9f640ec8
2024-09-30,400KV TVM,7.814,236.052,,official_observed_reference,e302796cf6e8ccc8dc49fd21100d66e93690091c0b5bfb665dd4eeba9f640ec8
2024-09-30,220KV_KNPA+SBGR +PVUD+EDMN,6.8278,292.6325,9.7544,official_observed_reference,e302796cf6e8ccc8dc49fd21100d66e93690091c0b5bfb665dd4eeba9f640ec8
2024-09-30,110KV_MJSM +PRSLA,0.2318,18.422,,official_observed_reference,e302796cf6e8ccc8dc49fd21100d66e93690091c0b5bfb665dd4eeba9f640ec8
2024-10-01,400KV MDKA,7.516,7.516,7.516,official_observed_reference,b60deb7cf08bcca5f6cb29108d6f561c6a642375447f8eed350b39b96ad72467
2024-10-01,400KV PKKD,6.499,6.499,,official_observed_reference,b60deb7cf08bcca5f6cb29108d6f561c6a642375447f8eed350b39b96ad72467
2024-10-01,400KV KOCHI+KOTTAYAM,12.652,12.652,12.652,official_observed_reference,b60deb7cf08bcca5f6cb29108d6f561c6a642375447f8eed350b39b96ad72467
2024-10-01,400KV KOZHKOD,13.531,13.531,,official_observed_reference,b60deb7cf08bcca5f6cb29108d6f561c6a642375447f8eed350b39b96ad72467
2024-10-01,400KV NORTH TRSR,5.3277,5.3277,5.3277,official_observed_reference,b60deb7cf08bcca5f6cb29108d6f561c6a642375447f8eed350b39b96ad72467
2024-10-01,400KV TVM,8.65,8.65,,official_observed_reference,b60deb7cf08bcca5f6cb29108d6f561c6a642375447f8eed350b39b96ad72467
2024-10-01,220KV_KNPA+SBGR +PVUD+EDMN,9.3634,9.3634,9.3634,official_observed_reference,b60deb7cf08bcca5f6cb29108d6f561c6a642375447f8eed350b39b96ad72467
2024-10-01,110KV_MJSM +PRSLA,0.6358,0.6358,,official_observed_reference,b60deb7cf08bcca5f6cb29108d6f561c6a642375447f8eed350b39b96ad72467
2024-10-02,400KV MDKA,7.177,14.693,7.3465,official_observed_reference,30d18a7471c8ca1bf4db39cb6a7ed88520a0a47bb2f1eacf59ae33ec21047cd8
2024-10-02,400KV PKKD,6.099,12.598,,official_observed_reference,30d18a7471c8ca1bf4db39cb6a7ed88520a0a47bb2f1eacf59ae33ec21047cd8
2024-10-02,400KV KOCHI+KOTTAYAM,11.353,24.005,12.0025,official_observed_reference,30d18a7471c8ca1bf4db39cb6a7ed88520a0a47bb2f1eacf59ae33ec21047cd8
2024-10-02,400KV KOZHKOD,13.416,26.947,,official_observed_reference,30d18a7471c8ca1bf4db39cb6a7ed88520a0a47bb2f1eacf59ae33ec21047cd8
2024-10-02,400KV NORTH TRSR,5.231,10.5587,5.2793,official_observed_reference,30d18a7471c8ca1bf4db39cb6a7ed88520a0a47bb2f1eacf59ae33ec21047cd8
2024-10-02,400KV TVM,7.757,16.407,,official_observed_reference,30d18a7471c8ca1bf4db39cb6a7ed88520a0a47bb2f1eacf59ae33ec21047cd8
2024-10-02,220KV_KNPA+SBGR +PVUD+EDMN,9.027,18.3904,9.1952,official_observed_reference,30d18a7471c8ca1bf4db39cb6a7ed88520a0a47bb2f1eacf59ae33ec21047cd8
2024-10-02,110KV_MJSM +PRSLA,0.5891,1.2249,,official_observed_reference,30d18a7471c8ca1bf4db39cb6a7ed88520a0a47bb2f1eacf59ae33ec21047cd8
2024-10-03,400KV MDKA,7.606,22.299,7.433,official_observed_reference,5de1795b8dae14d16b28eeb8782da58693cb3fc1c1ffd514c5704e746b843e4a
2024-10-03,400KV PKKD,6.298,18.896,,official_observed_reference,5de1795b8dae14d16b28eeb8782da58693cb3fc1c1ffd514c5704e746b843e4a
2024-10-03,400KV KOCHI+KOTTAYAM,11.877,35.882,11.9607,official_observed_reference,5de1795b8dae14d16b28eeb8782da58693cb3fc1c1ffd514c5704e746b843e4a
2024-10-03,400KV KOZHKOD,14.225,41.172,,official_observed_reference,5de1795b8dae14d16b28eeb8782da58693cb3fc1c1ffd514c5704e746b843e4a
2024-10-03,400KV NORTH TRSR,5.2167,15.7754,5.2585,official_observed_reference,5de1795b8dae14d16b28eeb8782da58693cb3fc1c1ffd514c5704e746b843e4a
2024-10-03,400KV TVM,7.671,24.078,,official_observed_reference,5de1795b8dae14d16b28eeb8782da58693cb3fc1c1ffd514c5704e746b843e4a
2024-10-03,220KV_KNPA+SBGR +PVUD+EDMN,10.4298,28.8202,9.6067,official_observed_reference,5de1795b8dae14d16b28eeb8782da58693cb3fc1c1ffd514c5704e746b843e4a
2024-10-03,110KV_MJSM +PRSLA,0.6699,1.8948,,official_observed_reference,5de1795b8dae14d16b28eeb8782da58693cb3fc1c1ffd514c5704e746b843e4a
2024-10-04,400KV MDKA,7.675,29.974,7.4935,official_observed_reference,41411ed37c60c21937fdca5b4144e4ddd0f4fb1fe23d576e5e0cf9cbfe7145fe
2024-10-04,400KV PKKD,6.405,25.301,,official_observed_reference,41411ed37c60c21937fdca5b4144e4ddd0f4fb1fe23d576e5e0cf9cbfe7145fe
2024-10-04,400KV KOCHI+KOTTAYAM,12.869,48.751,12.1878,official_observed_reference,41411ed37c60c21937fdca5b4144e4ddd0f4fb1fe23d576e5e0cf9cbfe7145fe
2024-10-04,400KV KOZHKOD,13.814,54.986,,official_observed_reference,41411ed37c60c21937fdca5b4144e4ddd0f4fb1fe23d576e5e0cf9cbfe7145fe
2024-10-04,400KV NORTH TRSR,5.4881,21.2634,5.3159,official_observed_reference,41411ed37c60c21937fdca5b4144e4ddd0f4fb1fe23d576e5e0cf9cbfe7145fe
2024-10-04,400KV TVM,8.099,32.177,,official_observed_reference,41411ed37c60c21937fdca5b4144e4ddd0f4fb1fe23d576e5e0cf9cbfe7145fe
2024-10-04,220KV_KNPA+SBGR +PVUD+EDMN,10.9725,39.7927,9.9482,official_observed_reference,41411ed37c60c21937fdca5b4144e4ddd0f4fb1fe23d576e5e0cf9cbfe7145fe
2024-10-04,110KV_MJSM +PRSLA,0.6902,2.585,,official_observed_reference,41411ed37c60c21937fdca5b4144e4ddd0f4fb1fe23d576e5e0cf9cbfe7145fe
2024-10-05,400KV MDKA,7.057,37.031,7.4062,official_observed_reference,15eb0f428125bac5b5f86ec697b73b3a270aedc53296d6762d6a0c7f81d5c32c
2024-10-05,400KV PKKD,6.849,32.15,,official_observed_reference,15eb0f428125bac5b5f86ec697b73b3a270aedc53296d6762d6a0c7f81d5c32c
2024-10-05,400KV KOCHI+KOTTAYAM,12.01,60.761,12.1522,official_observed_reference,15eb0f428125bac5b5f86ec697b73b3a270aedc53296d6762d6a0c7f81d5c32c
2024-10-05,400KV KOZHKOD,13.943,68.929,,official_observed_reference,15eb0f428125bac5b5f86ec697b73b3a270aedc53296d6762d6a0c7f81d5c32c
2024-10-05,400KV NORTH TRSR,4.8504,26.1139,5.2228,official_observed_reference,15eb0f428125bac5b5f86ec697b73b3a270aedc53296d6762d6a0c7f81d5c32c
2024-10-05,400KV TVM,8.521,40.698,,official_observed_reference,15eb0f428125bac5b5f86ec697b73b3a270aedc53296d6762d6a0c7f81d5c32c
2024-10-05,220KV_KNPA+SBGR +PVUD+EDMN,10.6578,50.4505,10.0901,official_observed_reference,15eb0f428125bac5b5f86ec697b73b3a270aedc53296d6762d6a0c7f81d5c32c
2024-10-05,110KV_MJSM +PRSLA,0.6983,3.2833,,official_observed_reference,15eb0f428125bac5b5f86ec697b73b3a270aedc53296d6762d6a0c7f81d5c32c
2024-10-06,400KV MDKA,6.092,43.123,7.1872,official_observed_reference,69be4c42f9cecc48b287d73c144e3b7da72ad48941a2e3b2884f6b9d8f5eb482
2024-10-06,400KV PKKD,6.425,38.575,,official_observed_reference,69be4c42f9cecc48b287d73c144e3b7da72ad48941a2e3b2884f6b9d8f5eb482
2024-10-06,400KV KOCHI+KOTTAYAM,11.871,72.632,12.1053,official_observed_reference,69be4c42f9cecc48b287d73c144e3b7da72ad48941a2e3b2884f6b9d8f5eb482
2024-10-06,400KV KOZHKOD,11.91,80.839,,official_observed_reference,69be4c42f9cecc48b287d73c144e3b7da72ad48941a2e3b2884f6b9d8f5eb482
2024-10-06,400KV NORTH TRSR,4.3666,30.4805,5.0801,official_observed_reference,69be4c42f9cecc48b287d73c144e3b7da72ad48941a2e3b2884f6b9d8f5eb482
2024-10-06,400KV TVM,8.245,48.943,,official_observed_reference,69be4c42f9cecc48b287d73c144e3b7da72ad48941a2e3b2884f6b9d8f5eb482
2024-10-06,220KV_KNPA+SBGR +PVUD+EDMN,10.1259,60.5764,10.0961,official_observed_reference,69be4c42f9cecc48b287d73c144e3b7da72ad48941a2e3b2884f6b9d8f5eb482
2024-10-06,110KV_MJSM +PRSLA,0.6364,3.9197,,official_observed_reference,69be4c42f9cecc48b287d73c144e3b7da72ad48941a2e3b2884f6b9d8f5eb482
2024-10-07,400KV MDKA,6.416,49.539,7.077,official_observed_reference,9349e49a65dd083d74bdc9550d4394659476a99a9beeaa2e6f1d87b249136a21
2024-10-07,400KV PKKD,6.423,44.998,,official_observed_reference,9349e49a65dd083d74bdc9550d4394659476a99a9beeaa2e6f1d87b249136a21
2024-10-07,400KV KOCHI+KOTTAYAM,11.847,84.479,12.0684,official_observed_reference,9349e49a65dd083d74bdc9550d4394659476a99a9beeaa2e6f1d87b249136a21
2024-10-07,400KV KOZHKOD,12.334,93.173,,official_observed_reference,9349e49a65dd083d74bdc9550d4394659476a99a9beeaa2e6f1d87b249136a21
2024-10-07,400KV NORTH TRSR,4.6545,35.135,5.0193,official_observed_reference,9349e49a65dd083d74bdc9550d4394659476a99a9beeaa2e6f1d87b249136a21
2024-10-07,400KV TVM,8.325,57.268,,official_observed_reference,9349e49a65dd083d74bdc9550d4394659476a99a9beeaa2e6f1d87b249136a21
2024-10-07,220KV_KNPA+SBGR +PVUD+EDMN,11.1607,71.7372,10.2482,official_observed_reference,9349e49a65dd083d74bdc9550d4394659476a99a9beeaa2e6f1d87b249136a21
2024-10-07,110KV_MJSM +PRSLA,0.6498,4.5694,,official_observed_reference,9349e49a65dd083d74bdc9550d4394659476a99a9beeaa2e6f1d87b249136a21
2024-10-08,400KV MDKA,6.316,55.855,6.9819,official_observed_reference,46729444fbf1fea1a4a7b5b81355ac52c491612df10ba9dd276342ffda000042
2024-10-08,400KV PKKD,6.645,51.643,,official_observed_reference,46729444fbf1fea1a4a7b5b81355ac52c491612df10ba9dd276342ffda000042
2024-10-08,400KV KOCHI+KOTTAYAM,12.393,96.872,12.109,official_observed_reference,46729444fbf1fea1a4a7b5b81355ac52c491612df10ba9dd276342ffda000042
2024-10-08,400KV KOZHKOD,12.26,105.433,,official_observed_reference,46729444fbf1fea1a4a7b5b81355ac52c491612df10ba9dd276342ffda000042
2024-10-08,400KV NORTH TRSR,4.6107,39.7456,4.9682,official_observed_reference,46729444fbf1fea1a4a7b5b81355ac52c491612df10ba9dd276342ffda000042
2024-10-08,400KV TVM,8.336,65.604,,official_observed_reference,46729444fbf1fea1a4a7b5b81355ac52c491612df10ba9dd276342ffda000042
2024-10-08,220KV_KNPA+SBGR +PVUD+EDMN,10.4078,82.1449,10.2681,official_observed_reference,46729444fbf1fea1a4a7b5b81355ac52c491612df10ba9dd276342ffda000042
2024-10-08,110KV_MJSM +PRSLA,0.6678,5.2373,,official_observed_reference,46729444fbf1fea1a4a7b5b81355ac52c491612df10ba9dd276342ffda000042
2024-10-09,400KV MDKA,5.864,61.719,6.8577,official_observed_reference,f1813532eb4b4278cc7ef94166fc7895c18a3b63db83b55e49c70724e3b3c877
2024-10-09,400KV PKKD,6.493,58.136,,official_observed_reference,f1813532eb4b4278cc7ef94166fc7895c18a3b63db83b55e49c70724e3b3c877
2024-10-09,400KV KOCHI+KOTTAYAM,13.015,109.887,12.2097,official_observed_reference,f1813532eb4b4278cc7ef94166fc7895c18a3b63db83b55e49c70724e3b3c877
2024-10-09,400KV KOZHKOD,13.111,118.544,,official_observed_reference,f1813532eb4b4278cc7ef94166fc7895c18a3b63db83b55e49c70724e3b3c877
2024-10-09,400KV NORTH TRSR,4.9391,44.6847,4.965,official_observed_reference,f1813532eb4b4278cc7ef94166fc7895c18a3b63db83b55e49c70724e3b3c877
2024-10-09,400KV TVM,8.621,74.225,,official_observed_reference,f1813532eb4b4278cc7ef94166fc7895c18a3b63db83b55e49c70724e3b3c877
2024-10-09,220KV_KNPA+SBGR +PVUD+EDMN,11.4361,93.581,10.3979,official_observed_reference,f1813532eb4b4278cc7ef94166fc7895c18a3b63db83b55e49c70724e3b3c877
2024-10-09,110KV_MJSM +PRSLA,0.5775,5.8148,,official_observed_reference,f1813532eb4b4278cc7ef94166fc7895c18a3b63db83b55e49c70724e3b3c877
2024-10-10,400KV MDKA,6.42,68.139,6.8139,official_observed_reference,1f5513bfb9d25e22fbc8f1cdab0e93b85d7161799c8087b9ed0ebd27fc4faf74
2024-10-10,400KV PKKD,6.506,64.642,,official_observed_reference,1f5513bfb9d25e22fbc8f1cdab0e93b85d7161799c8087b9ed0ebd27fc4faf74
2024-10-10,400KV KOCHI+KOTTAYAM,13.173,123.06,12.306,official_observed_reference,1f5513bfb9d25e22fbc8f1cdab0e93b85d7161799c8087b9ed0ebd27fc4faf74
2024-10-10,400KV KOZHKOD,12.347,130.891,,official_observed_reference,1f5513bfb9d25e22fbc8f1cdab0e93b85d7161799c8087b9ed0ebd27fc4faf74
2024-10-10,400KV NORTH TRSR,4.6062,49.2909,4.9291,official_observed_reference,1f5513bfb9d25e22fbc8f1cdab0e93b85d7161799c8087b9ed0ebd27fc4faf74
2024-10-10,400KV TVM,8.489,82.714,,official_observed_reference,1f5513bfb9d25e22fbc8f1cdab0e93b85d7161799c8087b9ed0ebd27fc4faf74
2024-10-10,220KV_KNPA+SBGR +PVUD+EDMN,12.1831,105.7641,10.5764,official_observed_reference,1f5513bfb9d25e22fbc8f1cdab0e93b85d7161799c8087b9ed0ebd27fc4faf74
2024-10-10,110KV_MJSM +PRSLA,0.6769,6.4917,,official_observed_reference,1f5513bfb9d25e22fbc8f1cdab0e93b85d7161799c8087b9ed0ebd27fc4faf74
2024-10-11,400KV MDKA,6.228,74.367,6.7606,official_observed_reference,59a6a4045c97156313bb04f2ad123b2ff3608474205cae6b9de3b76b69a97562
2024-10-11,400KV PKKD,6.592,71.234,,official_observed_reference,59a6a4045c97156313bb04f2ad123b2ff3608474205cae6b9de3b76b69a97562
2024-10-11,400KV KOCHI+KOTTAYAM,13.165,136.225,12.3841,official_observed_reference,59a6a4045c97156313bb04f2ad123b2ff3608474205cae6b9de3b76b69a97562
2024-10-11,400KV KOZHKOD,11.769,142.66,,official_observed_reference,59a6a4045c97156313bb04f2ad123b2ff3608474205cae6b9de3b76b69a97562
2024-10-11,400KV NORTH TRSR,4.4779,53.7688,4.8881,official_observed_reference,59a6a4045c97156313bb04f2ad123b2ff3608474205cae6b9de3b76b69a97562
2024-10-11,400KV TVM,8.218,90.932,,official_observed_reference,59a6a4045c97156313bb04f2ad123b2ff3608474205cae6b9de3b76b69a97562
2024-10-11,220KV_KNPA+SBGR +PVUD+EDMN,11.2922,117.0563,10.6415,official_observed_reference,59a6a4045c97156313bb04f2ad123b2ff3608474205cae6b9de3b76b69a97562
2024-10-11,110KV_MJSM +PRSLA,0.6126,7.1043,,official_observed_reference,59a6a4045c97156313bb04f2ad123b2ff3608474205cae6b9de3b76b69a97562
2024-10-12,400KV MDKA,5.731,80.098,6.6748,official_observed_reference,2fc60bc8289805810a514f3f16bd962d64d6dd063ebc6b91ba0780ff2bf9add6
2024-10-12,400KV PKKD,5.823,77.057,,official_observed_reference,2fc60bc8289805810a514f3f16bd962d64d6dd063ebc6b91ba0780ff2bf9add6
2024-10-12,400KV KOCHI+KOTTAYAM,11.565,147.79,12.3158,official_observed_reference,2fc60bc8289805810a514f3f16bd962d64d6dd063ebc6b91ba0780ff2bf9add6
2024-10-12,400KV KOZHKOD,11.44,154.1,,official_observed_reference,2fc60bc8289805810a514f3f16bd962d64d6dd063ebc6b91ba0780ff2bf9add6
2024-10-12,400KV NORTH TRSR,4.542,58.3108,4.8592,official_observed_reference,2fc60bc8289805810a514f3f16bd962d64d6dd063ebc6b91ba0780ff2bf9add6
2024-10-12,400KV TVM,7.673,98.605,,official_observed_reference,2fc60bc8289805810a514f3f16bd962d64d6dd063ebc6b91ba0780ff2bf9add6
2024-10-12,220KV_KNPA+SBGR +PVUD+EDMN,11.728,128.7843,10.732,official_observed_reference,2fc60bc8289805810a514f3f16bd962d64d6dd063ebc6b91ba0780ff2bf9add6
2024-10-12,110KV_MJSM +PRSLA,0.6273,7.7316,,official_observed_reference,2fc60bc8289805810a514f3f16bd962d64d6dd063ebc6b91ba0780ff2bf9add6
2024-10-13,400KV MDKA,5.44,85.538,6.5798,official_observed_reference,8a9d8dbec2a94027b0a29ec436b7458838f325e1b891e6974f71c0fea47163ee
2024-10-13,400KV PKKD,5.58,82.637,,official_observed_reference,8a9d8dbec2a94027b0a29ec436b7458838f325e1b891e6974f71c0fea47163ee
2024-10-13,400KV KOCHI+KOTTAYAM,11.463,159.253,12.2502,official_observed_reference,8a9d8dbec2a94027b0a29ec436b7458838f325e1b891e6974f71c0fea47163ee
2024-10-13,400KV KOZHKOD,10.524,164.624,,official_observed_reference,8a9d8dbec2a94027b0a29ec436b7458838f325e1b891e6974f71c0fea47163ee
2024-10-13,400KV NORTH TRSR,4.0724,62.3832,4.7987,official_observed_reference,8a9d8dbec2a94027b0a29ec436b7458838f325e1b891e6974f71c0fea47163ee
2024-10-13,400KV TVM,7.685,106.29,,official_observed_reference,8a9d8dbec2a94027b0a29ec436b7458838f325e1b891e6974f71c0fea47163ee
2024-10-13,220KV_KNPA+SBGR +PVUD+EDMN,11.0571,139.8414,10.757,official_observed_reference,8a9d8dbec2a94027b0a29ec436b7458838f325e1b891e6974f71c0fea47163ee
2024-10-13,110KV_MJSM +PRSLA,0.5678,8.2994,,official_observed_reference,8a9d8dbec2a94027b0a29ec436b7458838f325e1b891e6974f71c0fea47163ee
2024-10-14,400KV MDKA,6.236,91.774,6.5553,official_observed_reference,97d4317aa022eaf57a01a80f666bec1e4406803099400cc6a4c8a0456f30ddbd
2024-10-14,400KV PKKD,6.504,89.141,,official_observed_reference,97d4317aa022eaf57a01a80f666bec1e4406803099400cc6a4c8a0456f30ddbd
2024-10-14,400KV KOCHI+KOTTAYAM,13.399,172.652,12.3323,official_observed_reference,97d4317aa022eaf57a01a80f666bec1e4406803099400cc6a4c8a0456f30ddbd
2024-10-14,400KV KOZHKOD,11.97,176.594,,official_observed_reference,97d4317aa022eaf57a01a80f666bec1e4406803099400cc6a4c8a0456f30ddbd
2024-10-14,400KV NORTH TRSR,4.4916,66.8748,4.7768,official_observed_reference,97d4317aa022eaf57a01a80f666bec1e4406803099400cc6a4c8a0456f30ddbd
2024-10-14,400KV TVM,8.713,115.003,,official_observed_reference,97d4317aa022eaf57a01a80f666bec1e4406803099400cc6a4c8a0456f30ddbd
2024-10-14,220KV_KNPA+SBGR +PVUD+EDMN,11.6442,151.4856,10.8204,official_observed_reference,97d4317aa022eaf57a01a80f666bec1e4406803099400cc6a4c8a0456f30ddbd
2024-10-14,110KV_MJSM +PRSLA,0.5524,8.8519,,official_observed_reference,97d4317aa022eaf57a01a80f666bec1e4406803099400cc6a4c8a0456f30ddbd
2024-10-15,400KV MDKA,5.701,97.475,6.4983,official_observed_reference,a78495bcf54521d08bd915c409389cd1a21cc1ee71286433b3ab7dd096a979ab
2024-10-15,400KV PKKD,6.612,95.753,,official_observed_reference,a78495bcf54521d08bd915c409389cd1a21cc1ee71286433b3ab7dd096a979ab
2024-10-15,400KV KOCHI+KOTTAYAM,12.608,185.26,12.3507,official_observed_reference,a78495bcf54521d08bd915c409389cd1a21cc1ee71286433b3ab7dd096a979ab
2024-10-15,400KV KOZHKOD,12.004,188.598,,official_observed_reference,a78495bcf54521d08bd915c409389cd1a21cc1ee71286433b3ab7dd096a979ab
2024-10-15,400KV NORTH TRSR,4.7144,71.5892,4.7726,official_observed_reference,a78495bcf54521d08bd915c409389cd1a21cc1ee71286433b3ab7dd096a979ab
2024-10-15,400KV TVM,8.83,123.833,,official_observed_reference,a78495bcf54521d08bd915c409389cd1a21cc1ee71286433b3ab7dd096a979ab
2024-10-15,220KV_KNPA+SBGR +PVUD+EDMN,11.5612,163.0468,10.8698,official_observed_reference,a78495bcf54521d08bd915c409389cd1a21cc1ee71286433b3ab7dd096a979ab
2024-10-15,110KV_MJSM +PRSLA,0.6503,9.5022,,official_observed_reference,a78495bcf54521d08bd915c409389cd1a21cc1ee71286433b3ab7dd096a979ab
2024-10-16,400KV MDKA,5.409,102.884,6.4303,official_observed_reference,d4bc7c136f65ac9077ae61b661f56e0b811d65feacf47d212b583e185a21ec25
2024-10-16,400KV PKKD,6.232,101.985,,official_observed_reference,d4bc7c136f65ac9077ae61b661f56e0b811d65feacf47d212b583e185a21ec25
2024-10-16,400KV KOCHI+KOTTAYAM,11.438,196.698,12.2936,official_observed_reference,d4bc7c136f65ac9077ae61b661f56e0b811d65feacf47d212b583e185a21ec25
2024-10-16,400KV KOZHKOD,11.289,199.887,,official_observed_reference,d4bc7c136f65ac9077ae61b661f56e0b811d65feacf47d212b583e185a21ec25
2024-10-16,400KV NORTH TRSR,4.9418,76.531,4.7832,official_observed_reference,d4bc7c136f65ac9077ae61b661f56e0b811d65feacf47d212b583e185a21ec25
2024-10-16,400KV TVM,8.571,132.404,,official_observed_reference,d4bc7c136f65ac9077ae61b661f56e0b811d65feacf47d212b583e185a21ec25
2024-10-16,220KV_KNPA+SBGR +PVUD+EDMN,11.9486,174.9954,10.9372,official_observed_reference,d4bc7c136f65ac9077ae61b661f56e0b811d65feacf47d212b583e185a21ec25
2024-10-16,110KV_MJSM +PRSLA,0.6355,10.1376,,official_observed_reference,d4bc7c136f65ac9077ae61b661f56e0b811d65feacf47d212b583e185a21ec25
2024-10-17,400KV MDKA,6.389,109.273,6.4278,official_observed_reference,7302c2e2e1541f5fe1ee18a443d01a76bc6bcf964c54992b6ba7beb3b8f0359a
2024-10-17,400KV PKKD,5.817,107.802,,official_observed_reference,7302c2e2e1541f5fe1ee18a443d01a76bc6bcf964c54992b6ba7beb3b8f0359a
2024-10-17,400KV KOCHI+KOTTAYAM,10.736,207.434,12.202,official_observed_reference,7302c2e2e1541f5fe1ee18a443d01a76bc6bcf964c54992b6ba7beb3b8f0359a
2024-10-17,400KV KOZHKOD,10.856,210.743,,official_observed_reference,7302c2e2e1541f5fe1ee18a443d01a76bc6bcf964c54992b6ba7beb3b8f0359a
2024-10-17,400KV NORTH TRSR,5.2314,81.7623,4.8095,official_observed_reference,7302c2e2e1541f5fe1ee18a443d01a76bc6bcf964c54992b6ba7beb3b8f0359a
2024-10-17,400KV TVM,8.405,140.809,,official_observed_reference,7302c2e2e1541f5fe1ee18a443d01a76bc6bcf964c54992b6ba7beb3b8f0359a
2024-10-17,220KV_KNPA+SBGR +PVUD+EDMN,11.8164,186.8118,10.9889,official_observed_reference,7302c2e2e1541f5fe1ee18a443d01a76bc6bcf964c54992b6ba7beb3b8f0359a
2024-10-17,110KV_MJSM +PRSLA,0.5491,10.6867,,official_observed_reference,7302c2e2e1541f5fe1ee18a443d01a76bc6bcf964c54992b6ba7beb3b8f0359a
2024-10-18,400KV MDKA,6.452,115.725,6.4292,official_observed_reference,1af5cba84212ca9c47e9652f26f5a8d14ad95f3c67afcfd35ce7aa1409e17be8
2024-10-18,400KV PKKD,5.84,113.642,,official_observed_reference,1af5cba84212ca9c47e9652f26f5a8d14ad95f3c67afcfd35ce7aa1409e17be8
2024-10-18,400KV KOCHI+KOTTAYAM,12.642,220.076,12.2264,official_observed_reference,1af5cba84212ca9c47e9652f26f5a8d14ad95f3c67afcfd35ce7aa1409e17be8
2024-10-18,400KV KOZHKOD,11.409,222.152,,official_observed_reference,1af5cba84212ca9c47e9652f26f5a8d14ad95f3c67afcfd35ce7aa1409e17be8
2024-10-18,400KV NORTH TRSR,5.0923,86.8547,4.8253,official_observed_reference,1af5cba84212ca9c47e9652f26f5a8d14ad95f3c67afcfd35ce7aa1409e17be8
2024-10-18,400KV TVM,8.719,149.528,,official_observed_reference,1af5cba84212ca9c47e9652f26f5a8d14ad95f3c67afcfd35ce7aa1409e17be8
2024-10-18,220KV_KNPA+SBGR +PVUD+EDMN,11.4528,198.2646,11.0147,official_observed_reference,1af5cba84212ca9c47e9652f26f5a8d14ad95f3c67afcfd35ce7aa1409e17be8
2024-10-18,110KV_MJSM +PRSLA,0.6594,11.3461,,official_observed_reference,1af5cba84212ca9c47e9652f26f5a8d14ad95f3c67afcfd35ce7aa1409e17be8
2024-10-19,400KV MDKA,6.167,121.892,6.4154,official_observed_reference,61cc4881cc647c3f1843173248879e1d2adce501217acb45cdb502199bbeb631
2024-10-19,400KV PKKD,6.608,120.25,,official_observed_reference,61cc4881cc647c3f1843173248879e1d2adce501217acb45cdb502199bbeb631
2024-10-19,400KV KOCHI+KOTTAYAM,12.215,232.291,12.2258,official_observed_reference,61cc4881cc647c3f1843173248879e1d2adce501217acb45cdb502199bbeb631
2024-10-19,400KV KOZHKOD,12.026,234.178,,official_observed_reference,61cc4881cc647c3f1843173248879e1d2adce501217acb45cdb502199bbeb631
2024-10-19,400KV NORTH TRSR,4.6561,91.5108,4.8164,official_observed_reference,61cc4881cc647c3f1843173248879e1d2adce501217acb45cdb502199bbeb631
2024-10-19,400KV TVM,8.858,158.386,,official_observed_reference,61cc4881cc647c3f1843173248879e1d2adce501217acb45cdb502199bbeb631
2024-10-19,220KV_KNPA+SBGR +PVUD+EDMN,11.2844,209.549,11.0289,official_observed_reference,61cc4881cc647c3f1843173248879e1d2adce501217acb45cdb502199bbeb631
2024-10-19,110KV_MJSM +PRSLA,0.647,11.9931,,official_observed_reference,61cc4881cc647c3f1843173248879e1d2adce501217acb45cdb502199bbeb631
2024-10-20,400KV MDKA,5.372,127.264,6.3632,official_observed_reference,a1f866dca2f3317eabca3a949b229cdf0a240b453146435560161b4850f501a8
2024-10-20,400KV PKKD,6.075,126.325,,official_observed_reference,a1f866dca2f3317eabca3a949b229cdf0a240b453146435560161b4850f501a8
2024-10-20,400KV KOCHI+KOTTAYAM,10.597,242.888,12.1444,official_observed_reference,a1f866dca2f3317eabca3a949b229cdf0a240b453146435560161b4850f501a8
2024-10-20,400KV KOZHKOD,11.375,245.553,,official_observed_reference,a1f866dca2f3317eabca3a949b229cdf0a240b453146435560161b4850f501a8
2024-10-20,400KV NORTH TRSR,4.4312,95.9419,4.7971,official_observed_reference,a1f866dca2f3317eabca3a949b229cdf0a240b453146435560161b4850f501a8
2024-10-20,400KV TVM,8.265,166.651,,official_observed_reference,a1f866dca2f3317eabca3a949b229cdf0a240b453146435560161b4850f501a8
2024-10-20,220KV_KNPA+SBGR +PVUD+EDMN,10.2472,219.7961,10.9898,official_observed_reference,a1f866dca2f3317eabca3a949b229cdf0a240b453146435560161b4850f501a8
2024-10-20,110KV_MJSM +PRSLA,0.5712,12.5643,,official_observed_reference,a1f866dca2f3317eabca3a949b229cdf0a240b453146435560161b4850f501a8
2024-10-21,400KV MDKA,6.132,133.396,6.3522,official_observed_reference,ad6413040a901b3026876fcd6a78a0b54d41b87b4a46e5d28f7d39b14ada84c7
2024-10-21,400KV PKKD,6.698,133.023,,official_observed_reference,ad6413040a901b3026876fcd6a78a0b54d41b87b4a46e5d28f7d39b14ada84c7
2024-10-21,400KV KOCHI+KOTTAYAM,12.632,255.52,12.1676,official_observed_reference,ad6413040a901b3026876fcd6a78a0b54d41b87b4a46e5d28f7d39b14ada84c7
2024-10-21,400KV KOZHKOD,12.937,258.49,,official_observed_reference,ad6413040a901b3026876fcd6a78a0b54d41b87b4a46e5d28f7d39b14ada84c7
2024-10-21,400KV NORTH TRSR,4.0738,100.0157,4.7627,official_observed_reference,ad6413040a901b3026876fcd6a78a0b54d41b87b4a46e5d28f7d39b14ada84c7
2024-10-21,400KV TVM,9.01,175.661,,official_observed_reference,ad6413040a901b3026876fcd6a78a0b54d41b87b4a46e5d28f7d39b14ada84c7
2024-10-21,220KV_KNPA+SBGR +PVUD+EDMN,10.4167,230.2128,10.9625,official_observed_reference,ad6413040a901b3026876fcd6a78a0b54d41b87b4a46e5d28f7d39b14ada84c7
2024-10-21,110KV_MJSM +PRSLA,0.6196,13.1839,,official_observed_reference,ad6413040a901b3026876fcd6a78a0b54d41b87b4a46e5d28f7d39b14ada84c7
2024-10-22,400KV MDKA,5.638,139.034,6.3197,official_observed_reference,3fc86419bc97ab83728107f8dac423cc43e0cdf98582152880dd6ffd6e306a60
2024-10-22,400KV PKKD,6.741,139.764,,official_observed_reference,3fc86419bc97ab83728107f8dac423cc43e0cdf98582152880dd6ffd6e306a60
2024-10-22,400KV KOCHI+KOTTAYAM,12.638,268.158,12.189,official_observed_reference,3fc86419bc97ab83728107f8dac423cc43e0cdf98582152880dd6ffd6e306a60
2024-10-22,400KV KOZHKOD,13.319,271.809,,official_observed_reference,3fc86419bc97ab83728107f8dac423cc43e0cdf98582152880dd6ffd6e306a60
2024-10-22,400KV NORTH TRSR,4.4616,104.4773,4.749,official_observed_reference,3fc86419bc97ab83728107f8dac423cc43e0cdf98582152880dd6ffd6e306a60
2024-10-22,400KV TVM,9.029,184.69,,official_observed_reference,3fc86419bc97ab83728107f8dac423cc43e0cdf98582152880dd6ffd6e306a60
2024-10-22,220KV_KNPA+SBGR +PVUD+EDMN,10.8832,241.096,10.9589,official_observed_reference,3fc86419bc97ab83728107f8dac423cc43e0cdf98582152880dd6ffd6e306a60
2024-10-22,110KV_MJSM +PRSLA,0.5917,13.7756,,official_observed_reference,3fc86419bc97ab83728107f8dac423cc43e0cdf98582152880dd6ffd6e306a60
2024-10-23,400KV MDKA,5.678,144.712,6.2918,official_observed_reference,fa21aed2fc027619240a47ff5ed95c93a1f8c0457367c93831b329407bfac128
2024-10-23,400KV PKKD,6.573,146.337,,official_observed_reference,fa21aed2fc027619240a47ff5ed95c93a1f8c0457367c93831b329407bfac128
2024-10-23,400KV KOCHI+KOTTAYAM,12.746,280.904,12.2132,official_observed_reference,fa21aed2fc027619240a47ff5ed95c93a1f8c0457367c93831b329407bfac128
2024-10-23,400KV KOZHKOD,13.626,285.435,,official_observed_reference,fa21aed2fc027619240a47ff5ed95c93a1f8c0457367c93831b329407bfac128
2024-10-23,400KV NORTH TRSR,4.675,109.1523,4.7458,official_observed_reference,fa21aed2fc027619240a47ff5ed95c93a1f8c0457367c93831b329407bfac128
2024-10-23,400KV TVM,8.686,193.376,,official_observed_reference,fa21aed2fc027619240a47ff5ed95c93a1f8c0457367c93831b329407bfac128
2024-10-23,220KV_KNPA+SBGR +PVUD+EDMN,11.174,252.27,10.9683,official_observed_reference,fa21aed2fc027619240a47ff5ed95c93a1f8c0457367c93831b329407bfac128
2024-10-23,110KV_MJSM +PRSLA,0.6347,14.4103,,official_observed_reference,fa21aed2fc027619240a47ff5ed95c93a1f8c0457367c93831b329407bfac128
2024-10-24,400KV MDKA,5.849,150.561,6.2734,official_observed_reference,9b7eecfb01a9e6e1fc99d79496e1d3a062fdc32eecb5a880dd84791fd19bc59e
2024-10-24,400KV PKKD,6.755,153.092,,official_observed_reference,9b7eecfb01a9e6e1fc99d79496e1d3a062fdc32eecb5a880dd84791fd19bc59e
2024-10-24,400KV KOCHI+KOTTAYAM,11.819,292.723,12.1968,official_observed_reference,9b7eecfb01a9e6e1fc99d79496e1d3a062fdc32eecb5a880dd84791fd19bc59e
2024-10-24,400KV KOZHKOD,13.397,298.832,,official_observed_reference,9b7eecfb01a9e6e1fc99d79496e1d3a062fdc32eecb5a880dd84791fd19bc59e
2024-10-24,400KV NORTH TRSR,4.4368,113.5891,4.7329,official_observed_reference,9b7eecfb01a9e6e1fc99d79496e1d3a062fdc32eecb5a880dd84791fd19bc59e
2024-10-24,400KV TVM,8.534,201.91,,official_observed_reference,9b7eecfb01a9e6e1fc99d79496e1d3a062fdc32eecb5a880dd84791fd19bc59e
2024-10-24,220KV_KNPA+SBGR +PVUD+EDMN,10.9963,263.2663,10.9694,official_observed_reference,9b7eecfb01a9e6e1fc99d79496e1d3a062fdc32eecb5a880dd84791fd19bc59e
2024-10-24,110KV_MJSM +PRSLA,0.6564,15.0668,,official_observed_reference,9b7eecfb01a9e6e1fc99d79496e1d3a062fdc32eecb5a880dd84791fd19bc59e
2024-10-25,400KV MDKA,5.731,156.292,6.2517,official_observed_reference,b26cf58d35435e6e1e05ee12cb00ffe7103863ae07de30046d9f735407d2ef84
2024-10-25,400KV PKKD,6.66,159.752,,official_observed_reference,b26cf58d35435e6e1e05ee12cb00ffe7103863ae07de30046d9f735407d2ef84
2024-10-25,400KV KOCHI+KOTTAYAM,12.197,304.92,12.1968,official_observed_reference,b26cf58d35435e6e1e05ee12cb00ffe7103863ae07de30046d9f735407d2ef84
2024-10-25,400KV KOZHKOD,12.621,311.453,,official_observed_reference,b26cf58d35435e6e1e05ee12cb00ffe7103863ae07de30046d9f735407d2ef84
2024-10-25,400KV NORTH TRSR,4.7572,118.3463,4.7339,official_observed_reference,b26cf58d35435e6e1e05ee12cb00ffe7103863ae07de30046d9f735407d2ef84
2024-10-25,400KV TVM,8.546,210.456,,official_observed_reference,b26cf58d35435e6e1e05ee12cb00ffe7103863ae07de30046d9f735407d2ef84
2024-10-25,220KV_KNPA+SBGR +PVUD+EDMN,10.7562,274.0225,10.9609,official_observed_reference,b26cf58d35435e6e1e05ee12cb00ffe7103863ae07de30046d9f735407d2ef84
2024-10-25,110KV_MJSM +PRSLA,0.6437,15.7104,,official_observed_reference,b26cf58d35435e6e1e05ee12cb00ffe7103863ae07de30046d9f735407d2ef84
2024-10-27,400KV MDKA,5.426,167.802,6.2149,official_observed_reference,3f662f78a8e43ec4d5ab2bb2f38d92af961320a258b1b81dda1258dbb06ec1ae
2024-10-27,400KV PKKD,5.838,171.989,,official_observed_reference,3f662f78a8e43ec4d5ab2bb2f38d92af961320a258b1b81dda1258dbb06ec1ae
2024-10-27,400KV KOCHI+KOTTAYAM,10.087,326.715,12.1006,official_observed_reference,3f662f78a8e43ec4d5ab2bb2f38d92af961320a258b1b81dda1258dbb06ec1ae
2024-10-27,400KV KOZHKOD,11.737,335.866,,official_observed_reference,3f662f78a8e43ec4d5ab2bb2f38d92af961320a258b1b81dda1258dbb06ec1ae
2024-10-27,400KV NORTH TRSR,4.646,127.4066,4.7188,official_observed_reference,3f662f78a8e43ec4d5ab2bb2f38d92af961320a258b1b81dda1258dbb06ec1ae
2024-10-27,400KV TVM,7.652,226.314,,official_observed_reference,3f662f78a8e43ec4d5ab2bb2f38d92af961320a258b1b81dda1258dbb06ec1ae
2024-10-27,220KV_KNPA+SBGR +PVUD+EDMN,10.2898,295.5042,10.9446,official_observed_reference,3f662f78a8e43ec4d5ab2bb2f38d92af961320a258b1b81dda1258dbb06ec1ae
2024-10-27,110KV_MJSM +PRSLA,0.6177,16.9266,,official_observed_reference,3f662f78a8e43ec4d5ab2bb2f38d92af961320a258b1b81dda1258dbb06ec1ae
2024-10-28,400KV MDKA,5.729,173.531,6.1975,official_observed_reference,b284e7ce4e42d5f2c952567733592fa24c353e77adeaa379ae7c13149b52b3d4
2024-10-28,400KV PKKD,6.681,178.67,,official_observed_reference,b284e7ce4e42d5f2c952567733592fa24c353e77adeaa379ae7c13149b52b3d4
2024-10-28,400KV KOCHI+KOTTAYAM,11.607,338.322,12.0829,official_observed_reference,b284e7ce4e42d5f2c952567733592fa24c353e77adeaa379ae7c13149b52b3d4
2024-10-28,400KV KOZHKOD,11.894,347.76,,official_observed_reference,b284e7ce4e42d5f2c952567733592fa24c353e77adeaa379ae7c13149b52b3d4
2024-10-28,400KV NORTH TRSR,4.7579,132.1644,4.7202,official_observed_reference,b284e7ce4e42d5f2c952567733592fa24c353e77adeaa379ae7c13149b52b3d4
2024-10-28,400KV TVM,8.712,235.026,,official_observed_reference,b284e7ce4e42d5f2c952567733592fa24c353e77adeaa379ae7c13149b52b3d4
2024-10-28,220KV_KNPA+SBGR +PVUD+EDMN,11.5193,307.0235,10.9651,official_observed_reference,b284e7ce4e42d5f2c952567733592fa24c353e77adeaa379ae7c13149b52b3d4
2024-10-28,110KV_MJSM +PRSLA,0.6464,17.573,,official_observed_reference,b284e7ce4e42d5f2c952567733592fa24c353e77adeaa379ae7c13149b52b3d4
2024-10-29,400KV MDKA,6.564,180.095,6.2102,official_observed_reference,0136abd5c0796ed7effb54e4c8f8972cf78522fa0d164e2a3f51a84ab80cc407
2024-10-29,400KV PKKD,6.043,184.713,,official_observed_reference,0136abd5c0796ed7effb54e4c8f8972cf78522fa0d164e2a3f51a84ab80cc407
2024-10-29,400KV KOCHI+KOTTAYAM,11.849,350.171,12.0749,official_observed_reference,0136abd5c0796ed7effb54e4c8f8972cf78522fa0d164e2a3f51a84ab80cc407
2024-10-29,400KV KOZHKOD,12.353,360.113,,official_observed_reference,0136abd5c0796ed7effb54e4c8f8972cf78522fa0d164e2a3f51a84ab80cc407
2024-10-29,400KV NORTH TRSR,4.905,137.0695,4.7265,official_observed_reference,0136abd5c0796ed7effb54e4c8f8972cf78522fa0d164e2a3f51a84ab80cc407
2024-10-29,400KV TVM,8.678,243.704,,official_observed_reference,0136abd5c0796ed7effb54e4c8f8972cf78522fa0d164e2a3f51a84ab80cc407
2024-10-29,220KV_KNPA+SBGR +PVUD+EDMN,10.8752,317.8988,10.962,official_observed_reference,0136abd5c0796ed7effb54e4c8f8972cf78522fa0d164e2a3f51a84ab80cc407
2024-10-29,110KV_MJSM +PRSLA,0.6286,18.2016,,official_observed_reference,0136abd5c0796ed7effb54e4c8f8972cf78522fa0d164e2a3f51a84ab80cc407
2024-10-30,400KV MDKA,6.748,186.843,6.2281,official_observed_reference,97fdd8f16145ccf5e3fc915496b9cb2e203a450ffee822123c9c3d2c915ad60c
2024-10-30,400KV PKKD,6.464,191.177,,official_observed_reference,97fdd8f16145ccf5e3fc915496b9cb2e203a450ffee822123c9c3d2c915ad60c
2024-10-30,400KV KOCHI+KOTTAYAM,12.451,362.622,12.0874,official_observed_reference,97fdd8f16145ccf5e3fc915496b9cb2e203a450ffee822123c9c3d2c915ad60c
2024-10-30,400KV KOZHKOD,12.461,372.574,,official_observed_reference,97fdd8f16145ccf5e3fc915496b9cb2e203a450ffee822123c9c3d2c915ad60c
2024-10-30,400KV NORTH TRSR,5.063,142.1325,4.7377,official_observed_reference,97fdd8f16145ccf5e3fc915496b9cb2e203a450ffee822123c9c3d2c915ad60c
2024-10-30,400KV TVM,8.555,252.259,,official_observed_reference,97fdd8f16145ccf5e3fc915496b9cb2e203a450ffee822123c9c3d2c915ad60c
2024-10-30,220KV_KNPA+SBGR +PVUD+EDMN,9.9178,327.8166,10.9272,official_observed_reference,97fdd8f16145ccf5e3fc915496b9cb2e203a450ffee822123c9c3d2c915ad60c
2024-10-30,110KV_MJSM +PRSLA,0.6697,18.8714,,official_observed_reference,97fdd8f16145ccf5e3fc915496b9cb2e203a450ffee822123c9c3d2c915ad60c
2024-10-31,400KV MDKA,6.812,193.655,6.2469,official_observed_reference,362867f9a75b5372bd4b535572789abb470c6567a915141aec839b77d6fcfde3
2024-10-31,400KV PKKD,5.986,197.163,,official_observed_reference,362867f9a75b5372bd4b535572789abb470c6567a915141aec839b77d6fcfde3
2024-10-31,400KV KOCHI+KOTTAYAM,12.529,375.151,12.1016,official_observed_reference,362867f9a75b5372bd4b535572789abb470c6567a915141aec839b77d6fcfde3
2024-10-31,400KV KOZHKOD,12.888,385.462,,official_observed_reference,362867f9a75b5372bd4b535572789abb470c6567a915141aec839b77d6fcfde3
2024-10-31,400KV NORTH TRSR,5.356,147.4885,4.7577,official_observed_reference,362867f9a75b5372bd4b535572789abb470c6567a915141aec839b77d6fcfde3
2024-10-31,400KV TVM,8.467,260.726,,official_observed_reference,362867f9a75b5372bd4b535572789abb470c6567a915141aec839b77d6fcfde3
2024-10-31,220KV_KNPA+SBGR +PVUD+EDMN,11.7025,339.5191,10.9522,official_observed_reference,362867f9a75b5372bd4b535572789abb470c6567a915141aec839b77d6fcfde3
2024-10-31,110KV_MJSM +PRSLA,0.6704,19.5418,,official_observed_reference,362867f9a75b5372bd4b535572789abb470c6567a915141aec839b77d6fcfde3
2024-11-01,400KV MDKA,7.716,7.716,7.716,official_observed_reference,fb1ee6ae5d23e60b84fb34636eef58691cdcf8d7ef1dd510b2b8465fe310050c
2024-11-01,400KV PKKD,5.287,5.287,,official_observed_reference,fb1ee6ae5d23e60b84fb34636eef58691cdcf8d7ef1dd510b2b8465fe310050c
2024-11-01,400KV KOCHI+KOTTAYAM,13.546,13.546,13.546,official_observed_reference,fb1ee6ae5d23e60b84fb34636eef58691cdcf8d7ef1dd510b2b8465fe310050c
2024-11-01,400KV KOZHKOD,13.854,13.854,,official_observed_reference,fb1ee6ae5d23e60b84fb34636eef58691cdcf8d7ef1dd510b2b8465fe310050c
2024-11-01,400KV NORTH TRSR,5.2749,5.2749,5.2749,official_observed_reference,fb1ee6ae5d23e60b84fb34636eef58691cdcf8d7ef1dd510b2b8465fe310050c
2024-11-01,400KV TVM,8.446,8.446,,official_observed_reference,fb1ee6ae5d23e60b84fb34636eef58691cdcf8d7ef1dd510b2b8465fe310050c
2024-11-01,220KV_KNPA+SBGR +PVUD+EDMN,11.5664,11.5664,11.5664,official_observed_reference,fb1ee6ae5d23e60b84fb34636eef58691cdcf8d7ef1dd510b2b8465fe310050c
2024-11-01,110KV_MJSM +PRSLA,0.6973,0.6973,,official_observed_reference,fb1ee6ae5d23e60b84fb34636eef58691cdcf8d7ef1dd510b2b8465fe310050c
2024-11-02,400KV MDKA,7.612,15.328,7.664,official_observed_reference,a916a6e8177ae5a63098dd8078ab9510ea0019f24ecf87103dc192898eb5f0c1
2024-11-02,400KV PKKD,5.479,10.766,,official_observed_reference,a916a6e8177ae5a63098dd8078ab9510ea0019f24ecf87103dc192898eb5f0c1
2024-11-02,400KV KOCHI+KOTTAYAM,13.574,27.12,13.56,official_observed_reference,a916a6e8177ae5a63098dd8078ab9510ea0019f24ecf87103dc192898eb5f0c1
2024-11-02,400KV KOZHKOD,13.385,27.239,,official_observed_reference,a916a6e8177ae5a63098dd8078ab9510ea0019f24ecf87103dc192898eb5f0c1
2024-11-02,400KV NORTH TRSR,4.9901,10.265,5.1325,official_observed_reference,a916a6e8177ae5a63098dd8078ab9510ea0019f24ecf87103dc192898eb5f0c1
2024-11-02,400KV TVM,8.035,16.481,,official_observed_reference,a916a6e8177ae5a63098dd8078ab9510ea0019f24ecf87103dc192898eb5f0c1
2024-11-02,220KV_KNPA+SBGR +PVUD+EDMN,10.4933,22.0597,11.0299,official_observed_reference,a916a6e8177ae5a63098dd8078ab9510ea0019f24ecf87103dc192898eb5f0c1
2024-11-02,110KV_MJSM +PRSLA,0.6797,1.377,,official_observed_reference,a916a6e8177ae5a63098dd8078ab9510ea0019f24ecf87103dc192898eb5f0c1
2024-11-03,400KV MDKA,6.831,22.159,7.3863,official_observed_reference,98a11b5efe01b2ec0be18b5af4e15c30864e32bb9e06f94d275d3f654856b16f
2024-11-03,400KV PKKD,5.095,15.861,,official_observed_reference,98a11b5efe01b2ec0be18b5af4e15c30864e32bb9e06f94d275d3f654856b16f
2024-11-03,400KV KOCHI+KOTTAYAM,10.949,38.069,12.6897,official_observed_reference,98a11b5efe01b2ec0be18b5af4e15c30864e32bb9e06f94d275d3f654856b16f
2024-11-03,400KV KOZHKOD,12.054,39.293,,official_observed_reference,98a11b5efe01b2ec0be18b5af4e15c30864e32bb9e06f94d275d3f654856b16f
2024-11-03,400KV NORTH TRSR,4.7944,15.0594,5.0198,official_observed_reference,98a11b5efe01b2ec0be18b5af4e15c30864e32bb9e06f94d275d3f654856b16f
2024-11-03,400KV TVM,7.356,23.837,,official_observed_reference,98a11b5efe01b2ec0be18b5af4e15c30864e32bb9e06f94d275d3f654856b16f
2024-11-03,220KV_KNPA+SBGR +PVUD+EDMN,9.3236,31.3833,10.4611,official_observed_reference,98a11b5efe01b2ec0be18b5af4e15c30864e32bb9e06f94d275d3f654856b16f
2024-11-03,110KV_MJSM +PRSLA,0.633,2.0099,,official_observed_reference,98a11b5efe01b2ec0be18b5af4e15c30864e32bb9e06f94d275d3f654856b16f
2024-11-04,400KV MDKA,7.351,29.51,7.3775,official_observed_reference,e95efb4e72a4bed9f10a6d98ddcbdfcecdd441db6ba77926e5579114b6bef88d
2024-11-04,400KV PKKD,5.124,20.985,,official_observed_reference,e95efb4e72a4bed9f10a6d98ddcbdfcecdd441db6ba77926e5579114b6bef88d
2024-11-04,400KV KOCHI+KOTTAYAM,12.541,50.61,12.6525,official_observed_reference,e95efb4e72a4bed9f10a6d98ddcbdfcecdd441db6ba77926e5579114b6bef88d
2024-11-04,400KV KOZHKOD,13.385,52.678,,official_observed_reference,e95efb4e72a4bed9f10a6d98ddcbdfcecdd441db6ba77926e5579114b6bef88d
2024-11-04,400KV NORTH TRSR,4.9094,19.9688,4.9922,official_observed_reference,e95efb4e72a4bed9f10a6d98ddcbdfcecdd441db6ba77926e5579114b6bef88d
2024-11-04,400KV TVM,8.149,31.986,,official_observed_reference,e95efb4e72a4bed9f10a6d98ddcbdfcecdd441db6ba77926e5579114b6bef88d
2024-11-04,220KV_KNPA+SBGR +PVUD+EDMN,9.8163,41.1997,10.2999,official_observed_reference,e95efb4e72a4bed9f10a6d98ddcbdfcecdd441db6ba77926e5579114b6bef88d
2024-11-04,110KV_MJSM +PRSLA,0.6181,2.6281,,official_observed_reference,e95efb4e72a4bed9f10a6d98ddcbdfcecdd441db6ba77926e5579114b6bef88d
2024-11-05,400KV MDKA,7.418,36.928,7.3856,official_observed_reference,452d25c1d101836b74eca1917550edf3ecd8d5d5c74896a05ccf04666eb94dc0
2024-11-05,400KV PKKD,5.27,26.255,,official_observed_reference,452d25c1d101836b74eca1917550edf3ecd8d5d5c74896a05ccf04666eb94dc0
2024-11-05,400KV KOCHI+KOTTAYAM,12.147,62.757,12.5514,official_observed_reference,452d25c1d101836b74eca1917550edf3ecd8d5d5c74896a05ccf04666eb94dc0
2024-11-05,400KV KOZHKOD,13.392,66.07,,official_observed_reference,452d25c1d101836b74eca1917550edf3ecd8d5d5c74896a05ccf04666eb94dc0
2024-11-05,400KV NORTH TRSR,5.0499,25.0187,5.0037,official_observed_reference,452d25c1d101836b74eca1917550edf3ecd8d5d5c74896a05ccf04666eb94dc0
2024-11-05,400KV TVM,8.004,39.99,,official_observed_reference,452d25c1d101836b74eca1917550edf3ecd8d5d5c74896a05ccf04666eb94dc0
2024-11-05,220KV_KNPA+SBGR +PVUD+EDMN,9.5363,50.7359,10.1472,official_observed_reference,452d25c1d101836b74eca1917550edf3ecd8d5d5c74896a05ccf04666eb94dc0
2024-11-05,110KV_MJSM +PRSLA,0.5089,3.137,,official_observed_reference,452d25c1d101836b74eca1917550edf3ecd8d5d5c74896a05ccf04666eb94dc0
2024-11-06,400KV MDKA,7.792,44.72,7.4533,official_observed_reference,1a20e1fb1fce675fbb9afa03f7a80ce770ac9ccb142fe55a2df2ebb60bcbfac0
2024-11-06,400KV PKKD,5.598,31.853,,official_observed_reference,1a20e1fb1fce675fbb9afa03f7a80ce770ac9ccb142fe55a2df2ebb60bcbfac0
2024-11-06,400KV KOCHI+KOTTAYAM,12.781,75.538,12.5897,official_observed_reference,1a20e1fb1fce675fbb9afa03f7a80ce770ac9ccb142fe55a2df2ebb60bcbfac0
2024-11-06,400KV KOZHKOD,13.508,79.578,,official_observed_reference,1a20e1fb1fce675fbb9afa03f7a80ce770ac9ccb142fe55a2df2ebb60bcbfac0
2024-11-06,400KV NORTH TRSR,4.8957,29.9143,4.9857,official_observed_reference,1a20e1fb1fce675fbb9afa03f7a80ce770ac9ccb142fe55a2df2ebb60bcbfac0
2024-11-06,400KV TVM,8.258,48.248,,official_observed_reference,1a20e1fb1fce675fbb9afa03f7a80ce770ac9ccb142fe55a2df2ebb60bcbfac0
2024-11-06,220KV_KNPA+SBGR +PVUD+EDMN,9.9793,60.7152,10.1192,official_observed_reference,1a20e1fb1fce675fbb9afa03f7a80ce770ac9ccb142fe55a2df2ebb60bcbfac0
2024-11-06,110KV_MJSM +PRSLA,0.6353,3.7723,,official_observed_reference,1a20e1fb1fce675fbb9afa03f7a80ce770ac9ccb142fe55a2df2ebb60bcbfac0
2024-11-07,400KV MDKA,8.445,53.165,7.595,official_observed_reference,7d053215fb9c4968a790d1280528162d8205798a8ed1e1633a095872b0cf1a70
2024-11-07,400KV PKKD,5.854,37.707,,official_observed_reference,7d053215fb9c4968a790d1280528162d8205798a8ed1e1633a095872b0cf1a70
2024-11-07,400KV KOCHI+KOTTAYAM,13.531,89.069,12.7241,official_observed_reference,7d053215fb9c4968a790d1280528162d8205798a8ed1e1633a095872b0cf1a70
2024-11-07,400KV KOZHKOD,13.705,93.283,,official_observed_reference,7d053215fb9c4968a790d1280528162d8205798a8ed1e1633a095872b0cf1a70
2024-11-07,400KV NORTH TRSR,5.1333,35.0476,5.0068,official_observed_reference,7d053215fb9c4968a790d1280528162d8205798a8ed1e1633a095872b0cf1a70
2024-11-07,400KV TVM,8.609,56.857,,official_observed_reference,7d053215fb9c4968a790d1280528162d8205798a8ed1e1633a095872b0cf1a70
2024-11-07,220KV_KNPA+SBGR +PVUD+EDMN,10.0768,70.792,10.1131,official_observed_reference,7d053215fb9c4968a790d1280528162d8205798a8ed1e1633a095872b0cf1a70
2024-11-07,110KV_MJSM +PRSLA,0.6584,4.4306,,official_observed_reference,7d053215fb9c4968a790d1280528162d8205798a8ed1e1633a095872b0cf1a70
2024-11-08,400KV MDKA,7.84,61.005,7.6256,official_observed_reference,59f9264449b34ca764a649758bc9fd1a802156c48a1d69de403e845da4e1b597
2024-11-08,400KV PKKD,7.086,44.793,,official_observed_reference,59f9264449b34ca764a649758bc9fd1a802156c48a1d69de403e845da4e1b597
2024-11-08,400KV KOCHI+KOTTAYAM,14.229,103.298,12.9123,official_observed_reference,59f9264449b34ca764a649758bc9fd1a802156c48a1d69de403e845da4e1b597
2024-11-08,400KV KOZHKOD,14.072,107.355,,official_observed_reference,59f9264449b34ca764a649758bc9fd1a802156c48a1d69de403e845da4e1b597
2024-11-08,400KV NORTH TRSR,5.0759,40.1235,5.0154,official_observed_reference,59f9264449b34ca764a649758bc9fd1a802156c48a1d69de403e845da4e1b597
2024-11-08,400KV TVM,8.204,65.061,,official_observed_reference,59f9264449b34ca764a649758bc9fd1a802156c48a1d69de403e845da4e1b597
2024-11-08,220KV_KNPA+SBGR +PVUD+EDMN,9.7791,80.5711,10.0714,official_observed_reference,59f9264449b34ca764a649758bc9fd1a802156c48a1d69de403e845da4e1b597
2024-11-08,110KV_MJSM +PRSLA,0.6579,5.0886,,official_observed_reference,59f9264449b34ca764a649758bc9fd1a802156c48a1d69de403e845da4e1b597
2024-11-09,400KV MDKA,7.524,68.529,7.6143,official_observed_reference,0b016fb1226c7bd38de7ac335a977dfcbb9285f89ca14e0cd8bd44f08b5a3bc8
2024-11-09,400KV PKKD,7.12,51.913,,official_observed_reference,0b016fb1226c7bd38de7ac335a977dfcbb9285f89ca14e0cd8bd44f08b5a3bc8
2024-11-09,400KV KOCHI+KOTTAYAM,11.855,115.153,12.7948,official_observed_reference,0b016fb1226c7bd38de7ac335a977dfcbb9285f89ca14e0cd8bd44f08b5a3bc8
2024-11-09,400KV KOZHKOD,13.76,121.115,,official_observed_reference,0b016fb1226c7bd38de7ac335a977dfcbb9285f89ca14e0cd8bd44f08b5a3bc8
2024-11-09,400KV NORTH TRSR,5.0416,45.1651,5.0183,official_observed_reference,0b016fb1226c7bd38de7ac335a977dfcbb9285f89ca14e0cd8bd44f08b5a3bc8
2024-11-09,400KV TVM,8.179,73.24,,official_observed_reference,0b016fb1226c7bd38de7ac335a977dfcbb9285f89ca14e0cd8bd44f08b5a3bc8
2024-11-09,220KV_KNPA+SBGR +PVUD+EDMN,10.5472,91.1183,10.1243,official_observed_reference,0b016fb1226c7bd38de7ac335a977dfcbb9285f89ca14e0cd8bd44f08b5a3bc8
2024-11-09,110KV_MJSM +PRSLA,0.592,5.6806,,official_observed_reference,0b016fb1226c7bd38de7ac335a977dfcbb9285f89ca14e0cd8bd44f08b5a3bc8
2024-11-10,400KV MDKA,6.438,74.967,7.4967,official_observed_reference,3af29d9763607c2642aedd8b38d08af53e500179fe328e6e7c4326de66584046
2024-11-10,400KV PKKD,6.514,58.427,,official_observed_reference,3af29d9763607c2642aedd8b38d08af53e500179fe328e6e7c4326de66584046
2024-11-10,400KV KOCHI+KOTTAYAM,10.052,125.205,12.5205,official_observed_reference,3af29d9763607c2642aedd8b38d08af53e500179fe328e6e7c4326de66584046
2024-11-10,400KV KOZHKOD,11.643,132.758,,official_observed_reference,3af29d9763607c2642aedd8b38d08af53e500179fe328e6e7c4326de66584046
2024-11-10,400KV NORTH TRSR,5.1858,50.3509,5.0351,official_observed_reference,3af29d9763607c2642aedd8b38d08af53e500179fe328e6e7c4326de66584046
2024-11-10,400KV TVM,7.909,81.149,,official_observed_reference,3af29d9763607c2642aedd8b38d08af53e500179fe328e6e7c4326de66584046
2024-11-10,220KV_KNPA+SBGR +PVUD+EDMN,9.8266,100.9449,10.0945,official_observed_reference,3af29d9763607c2642aedd8b38d08af53e500179fe328e6e7c4326de66584046
2024-11-10,110KV_MJSM +PRSLA,0.6423,6.3229,,official_observed_reference,3af29d9763607c2642aedd8b38d08af53e500179fe328e6e7c4326de66584046
2024-11-11,400KV MDKA,6.892,81.859,7.4417,official_observed_reference,5b27512330461e66ff17cca138a50c919da649d6deaec7f75d5bfeb0902bc460
2024-11-11,400KV PKKD,6.938,65.365,,official_observed_reference,5b27512330461e66ff17cca138a50c919da649d6deaec7f75d5bfeb0902bc460
2024-11-11,400KV KOCHI+KOTTAYAM,11.398,136.603,12.4185,official_observed_reference,5b27512330461e66ff17cca138a50c919da649d6deaec7f75d5bfeb0902bc460
2024-11-11,400KV KOZHKOD,12.804,145.562,,official_observed_reference,5b27512330461e66ff17cca138a50c919da649d6deaec7f75d5bfeb0902bc460
2024-11-11,400KV NORTH TRSR,5.2404,55.5913,5.0538,official_observed_reference,5b27512330461e66ff17cca138a50c919da649d6deaec7f75d5bfeb0902bc460
2024-11-11,400KV TVM,8.683,89.832,,official_observed_reference,5b27512330461e66ff17cca138a50c919da649d6deaec7f75d5bfeb0902bc460
2024-11-11,220KV_KNPA+SBGR +PVUD+EDMN,10.783,111.7279,10.1571,official_observed_reference,5b27512330461e66ff17cca138a50c919da649d6deaec7f75d5bfeb0902bc460
2024-11-11,110KV_MJSM +PRSLA,0.6933,7.0162,,official_observed_reference,5b27512330461e66ff17cca138a50c919da649d6deaec7f75d5bfeb0902bc460
2024-11-12,400KV MDKA,6.008,87.867,7.3223,official_observed_reference,ad435dc049483ba98c61c981efd69f08814eee186c5bbe28c8915b9606a63fe9
2024-11-12,400KV PKKD,6.855,72.22,,official_observed_reference,ad435dc049483ba98c61c981efd69f08814eee186c5bbe28c8915b9606a63fe9
2024-11-12,400KV KOCHI+KOTTAYAM,12.517,149.12,12.4267,official_observed_reference,ad435dc049483ba98c61c981efd69f08814eee186c5bbe28c8915b9606a63fe9
2024-11-12,400KV KOZHKOD,14.984,160.546,,official_observed_reference,ad435dc049483ba98c61c981efd69f08814eee186c5bbe28c8915b9606a63fe9
2024-11-12,400KV NORTH TRSR,5.1583,60.7496,5.0625,official_observed_reference,ad435dc049483ba98c61c981efd69f08814eee186c5bbe28c8915b9606a63fe9
2024-11-12,400KV TVM,8.572,98.404,,official_observed_reference,ad435dc049483ba98c61c981efd69f08814eee186c5bbe28c8915b9606a63fe9
2024-11-12,220KV_KNPA+SBGR +PVUD+EDMN,9.9781,121.706,10.1422,official_observed_reference,ad435dc049483ba98c61c981efd69f08814eee186c5bbe28c8915b9606a63fe9
2024-11-12,110KV_MJSM +PRSLA,0.6654,7.6816,,official_observed_reference,ad435dc049483ba98c61c981efd69f08814eee186c5bbe28c8915b9606a63fe9
2024-11-13,400KV MDKA,7.673,95.54,7.3492,official_observed_reference,3385b39b7bedfecc2b35910a5cbb5b2411208350f2456ebec18b1fc4908499eb
2024-11-13,400KV PKKD,6.756,78.976,,official_observed_reference,3385b39b7bedfecc2b35910a5cbb5b2411208350f2456ebec18b1fc4908499eb
2024-11-13,400KV KOCHI+KOTTAYAM,14.021,163.141,12.5493,official_observed_reference,3385b39b7bedfecc2b35910a5cbb5b2411208350f2456ebec18b1fc4908499eb
2024-11-13,400KV KOZHKOD,14.982,175.528,,official_observed_reference,3385b39b7bedfecc2b35910a5cbb5b2411208350f2456ebec18b1fc4908499eb
2024-11-13,400KV NORTH TRSR,4.8103,65.5599,5.0431,official_observed_reference,3385b39b7bedfecc2b35910a5cbb5b2411208350f2456ebec18b1fc4908499eb
2024-11-13,400KV TVM,8.941,107.345,,official_observed_reference,3385b39b7bedfecc2b35910a5cbb5b2411208350f2456ebec18b1fc4908499eb
2024-11-13,220KV_KNPA+SBGR +PVUD+EDMN,11.2581,132.9641,10.228,official_observed_reference,3385b39b7bedfecc2b35910a5cbb5b2411208350f2456ebec18b1fc4908499eb
2024-11-13,110KV_MJSM +PRSLA,0.6255,8.3071,,official_observed_reference,3385b39b7bedfecc2b35910a5cbb5b2411208350f2456ebec18b1fc4908499eb
2024-11-14,400KV MDKA,7.607,103.147,7.3676,official_observed_reference,fff177c1cfb07f9070bba7d3b9fe3605c1f42cee684a227bc9a2bf58e6e76ac6
2024-11-14,400KV PKKD,7.237,86.213,,official_observed_reference,fff177c1cfb07f9070bba7d3b9fe3605c1f42cee684a227bc9a2bf58e6e76ac6
2024-11-14,400KV KOCHI+KOTTAYAM,13.771,176.912,12.6366,official_observed_reference,fff177c1cfb07f9070bba7d3b9fe3605c1f42cee684a227bc9a2bf58e6e76ac6
2024-11-14,400KV KOZHKOD,14.794,190.322,,official_observed_reference,fff177c1cfb07f9070bba7d3b9fe3605c1f42cee684a227bc9a2bf58e6e76ac6
2024-11-14,400KV NORTH TRSR,4.8863,70.4462,5.0319,official_observed_reference,fff177c1cfb07f9070bba7d3b9fe3605c1f42cee684a227bc9a2bf58e6e76ac6
2024-11-14,400KV TVM,8.993,116.338,,official_observed_reference,fff177c1cfb07f9070bba7d3b9fe3605c1f42cee684a227bc9a2bf58e6e76ac6
2024-11-14,220KV_KNPA+SBGR +PVUD+EDMN,11.167,144.1311,10.2951,official_observed_reference,fff177c1cfb07f9070bba7d3b9fe3605c1f42cee684a227bc9a2bf58e6e76ac6
2024-11-14,110KV_MJSM +PRSLA,0.5835,8.8906,,official_observed_reference,fff177c1cfb07f9070bba7d3b9fe3605c1f42cee684a227bc9a2bf58e6e76ac6
2024-11-15,400KV MDKA,6.732,109.879,7.3253,official_observed_reference,706fb7b3c15f3968fc434a591499dc102f92079ca62bdf7b292321ab98ae18e5
2024-11-15,400KV PKKD,6.819,93.032,,official_observed_reference,706fb7b3c15f3968fc434a591499dc102f92079ca62bdf7b292321ab98ae18e5
2024-11-15,400KV KOCHI+KOTTAYAM,13.625,190.537,12.7025,official_observed_reference,706fb7b3c15f3968fc434a591499dc102f92079ca62bdf7b292321ab98ae18e5
2024-11-15,400KV KOZHKOD,15.004,205.326,,official_observed_reference,706fb7b3c15f3968fc434a591499dc102f92079ca62bdf7b292321ab98ae18e5
2024-11-15,400KV NORTH TRSR,4.6648,75.111,5.0074,official_observed_reference,706fb7b3c15f3968fc434a591499dc102f92079ca62bdf7b292321ab98ae18e5
2024-11-15,400KV TVM,8.646,124.984,,official_observed_reference,706fb7b3c15f3968fc434a591499dc102f92079ca62bdf7b292321ab98ae18e5
2024-11-15,220KV_KNPA+SBGR +PVUD+EDMN,11.0251,155.1562,10.3437,official_observed_reference,706fb7b3c15f3968fc434a591499dc102f92079ca62bdf7b292321ab98ae18e5
2024-11-15,110KV_MJSM +PRSLA,0.6229,9.5135,,official_observed_reference,706fb7b3c15f3968fc434a591499dc102f92079ca62bdf7b292321ab98ae18e5
2024-11-16,400KV MDKA,6.922,116.801,7.3001,official_observed_reference,6d84cbda08b156b553244bb4316e0aa480260c2eb7bfa95e670db7b30dcb0d2f
2024-11-16,400KV PKKD,6.702,99.734,,official_observed_reference,6d84cbda08b156b553244bb4316e0aa480260c2eb7bfa95e670db7b30dcb0d2f
2024-11-16,400KV KOCHI+KOTTAYAM,12.908,203.445,12.7153,official_observed_reference,6d84cbda08b156b553244bb4316e0aa480260c2eb7bfa95e670db7b30dcb0d2f
2024-11-16,400KV KOZHKOD,14.177,219.503,,official_observed_reference,6d84cbda08b156b553244bb4316e0aa480260c2eb7bfa95e670db7b30dcb0d2f
2024-11-16,400KV NORTH TRSR,4.8638,79.9748,4.9984,official_observed_reference,6d84cbda08b156b553244bb4316e0aa480260c2eb7bfa95e670db7b30dcb0d2f
2024-11-16,400KV TVM,8.645,133.629,,official_observed_reference,6d84cbda08b156b553244bb4316e0aa480260c2eb7bfa95e670db7b30dcb0d2f
2024-11-16,220KV_KNPA+SBGR +PVUD+EDMN,11.933,167.0892,10.4431,official_observed_reference,6d84cbda08b156b553244bb4316e0aa480260c2eb7bfa95e670db7b30dcb0d2f
2024-11-16,110KV_MJSM +PRSLA,0.6834,10.197,,official_observed_reference,6d84cbda08b156b553244bb4316e0aa480260c2eb7bfa95e670db7b30dcb0d2f
2024-11-18,400KV MDKA,6.856,129.985,7.2214,official_observed_reference,96174f53305ca59baca2fd6b8a736344c96d4033e083fe78b3656207c77e488b
2024-11-18,400KV PKKD,6.737,112.622,,official_observed_reference,96174f53305ca59baca2fd6b8a736344c96d4033e083fe78b3656207c77e488b
2024-11-18,400KV KOCHI+KOTTAYAM,13.806,228.299,12.6833,official_observed_reference,96174f53305ca59baca2fd6b8a736344c96d4033e083fe78b3656207c77e488b
2024-11-18,400KV KOZHKOD,14.102,246.314,,official_observed_reference,96174f53305ca59baca2fd6b8a736344c96d4033e083fe78b3656207c77e488b
2024-11-18,400KV NORTH TRSR,4.9545,89.6763,4.982,official_observed_reference,96174f53305ca59baca2fd6b8a736344c96d4033e083fe78b3656207c77e488b
2024-11-18,400KV TVM,8.626,150.113,,official_observed_reference,96174f53305ca59baca2fd6b8a736344c96d4033e083fe78b3656207c77e488b
2024-11-18,220KV_KNPA+SBGR +PVUD+EDMN,11.8608,189.453,10.5252,official_observed_reference,96174f53305ca59baca2fd6b8a736344c96d4033e083fe78b3656207c77e488b
2024-11-18,110KV_MJSM +PRSLA,0.6586,11.4199,,official_observed_reference,96174f53305ca59baca2fd6b8a736344c96d4033e083fe78b3656207c77e488b
2024-11-19,400KV MDKA,7.356,137.341,7.2285,official_observed_reference,55f7cf54c2de896e9f277f41e3a989c43f09a4d388f8f78eb82b9b0c0764f2d8
2024-11-19,400KV PKKD,7.123,119.745,,official_observed_reference,55f7cf54c2de896e9f277f41e3a989c43f09a4d388f8f78eb82b9b0c0764f2d8
2024-11-19,400KV KOCHI+KOTTAYAM,13.719,242.018,12.7378,official_observed_reference,55f7cf54c2de896e9f277f41e3a989c43f09a4d388f8f78eb82b9b0c0764f2d8
2024-11-19,400KV KOZHKOD,14.779,261.093,,official_observed_reference,55f7cf54c2de896e9f277f41e3a989c43f09a4d388f8f78eb82b9b0c0764f2d8
2024-11-19,400KV NORTH TRSR,5.0874,94.7638,4.9876,official_observed_reference,55f7cf54c2de896e9f277f41e3a989c43f09a4d388f8f78eb82b9b0c0764f2d8
2024-11-19,400KV TVM,8.881,158.994,,official_observed_reference,55f7cf54c2de896e9f277f41e3a989c43f09a4d388f8f78eb82b9b0c0764f2d8
2024-11-19,220KV_KNPA+SBGR +PVUD+EDMN,12.0233,201.4764,10.604,official_observed_reference,55f7cf54c2de896e9f277f41e3a989c43f09a4d388f8f78eb82b9b0c0764f2d8
2024-11-19,110KV_MJSM +PRSLA,0.5725,11.9924,,official_observed_reference,55f7cf54c2de896e9f277f41e3a989c43f09a4d388f8f78eb82b9b0c0764f2d8
2024-11-20,400KV MDKA,7.535,144.876,7.2438,official_observed_reference,cfeea60f4f5d3d490dcdc7c07e59d73f02a5b82e8ea4d9f374a4f31403e30508
2024-11-20,400KV PKKD,7.096,126.841,,official_observed_reference,cfeea60f4f5d3d490dcdc7c07e59d73f02a5b82e8ea4d9f374a4f31403e30508
2024-11-20,400KV KOCHI+KOTTAYAM,14.626,256.644,12.8322,official_observed_reference,cfeea60f4f5d3d490dcdc7c07e59d73f02a5b82e8ea4d9f374a4f31403e30508
2024-11-20,400KV KOZHKOD,14.442,275.535,,official_observed_reference,cfeea60f4f5d3d490dcdc7c07e59d73f02a5b82e8ea4d9f374a4f31403e30508
2024-11-20,400KV NORTH TRSR,5.2363,100,5,official_observed_reference,cfeea60f4f5d3d490dcdc7c07e59d73f02a5b82e8ea4d9f374a4f31403e30508
2024-11-20,400KV TVM,8.62,167.614,,official_observed_reference,cfeea60f4f5d3d490dcdc7c07e59d73f02a5b82e8ea4d9f374a4f31403e30508
2024-11-20,220KV_KNPA+SBGR +PVUD+EDMN,11.6382,213.1145,10.6557,official_observed_reference,cfeea60f4f5d3d490dcdc7c07e59d73f02a5b82e8ea4d9f374a4f31403e30508
2024-11-20,110KV_MJSM +PRSLA,0.6418,12.6342,,official_observed_reference,cfeea60f4f5d3d490dcdc7c07e59d73f02a5b82e8ea4d9f374a4f31403e30508
2024-11-21,400KV MDKA,7.246,152.122,7.2439,official_observed_reference,78bfb3e55e11152b77d4adf8b07c894f8cd07b852977630da993f9cb2856b81b
2024-11-21,400KV PKKD,6.946,133.787,,official_observed_reference,78bfb3e55e11152b77d4adf8b07c894f8cd07b852977630da993f9cb2856b81b
2024-11-21,400KV KOCHI+KOTTAYAM,13.773,270.417,12.877,official_observed_reference,78bfb3e55e11152b77d4adf8b07c894f8cd07b852977630da993f9cb2856b81b
2024-11-21,400KV KOZHKOD,14.503,290.038,,official_observed_reference,78bfb3e55e11152b77d4adf8b07c894f8cd07b852977630da993f9cb2856b81b
2024-11-21,400KV NORTH TRSR,5.202,105.202,5.0096,official_observed_reference,78bfb3e55e11152b77d4adf8b07c894f8cd07b852977630da993f9cb2856b81b
2024-11-21,400KV TVM,8.375,175.989,,official_observed_reference,78bfb3e55e11152b77d4adf8b07c894f8cd07b852977630da993f9cb2856b81b
2024-11-21,220KV_KNPA+SBGR +PVUD+EDMN,10.8774,223.9919,10.6663,official_observed_reference,78bfb3e55e11152b77d4adf8b07c894f8cd07b852977630da993f9cb2856b81b
2024-11-21,110KV_MJSM +PRSLA,0.6328,13.267,,official_observed_reference,78bfb3e55e11152b77d4adf8b07c894f8cd07b852977630da993f9cb2856b81b
2024-11-22,400KV MDKA,6.968,159.09,7.2314,official_observed_reference,677bd28ea0d01ad969d7bc8f96480ecce61bccf431ea55952c6fea31beae3a59
2024-11-22,400KV PKKD,6.922,140.709,,official_observed_reference,677bd28ea0d01ad969d7bc8f96480ecce61bccf431ea55952c6fea31beae3a59
2024-11-22,400KV KOCHI+KOTTAYAM,12.987,283.404,12.882,official_observed_reference,677bd28ea0d01ad969d7bc8f96480ecce61bccf431ea55952c6fea31beae3a59
2024-11-22,400KV KOZHKOD,14.272,304.31,,official_observed_reference,677bd28ea0d01ad969d7bc8f96480ecce61bccf431ea55952c6fea31beae3a59
2024-11-22,400KV NORTH TRSR,5.164,110.366,5.0166,official_observed_reference,677bd28ea0d01ad969d7bc8f96480ecce61bccf431ea55952c6fea31beae3a59
2024-11-22,400KV TVM,8.468,184.457,,official_observed_reference,677bd28ea0d01ad969d7bc8f96480ecce61bccf431ea55952c6fea31beae3a59
2024-11-22,220KV_KNPA+SBGR +PVUD+EDMN,11.6026,235.5945,10.7088,official_observed_reference,677bd28ea0d01ad969d7bc8f96480ecce61bccf431ea55952c6fea31beae3a59
2024-11-22,110KV_MJSM +PRSLA,0.5736,13.8405,,official_observed_reference,677bd28ea0d01ad969d7bc8f96480ecce61bccf431ea55952c6fea31beae3a59
2024-11-23,400KV MDKA,7.311,166.401,7.2348,official_observed_reference,d98a29d71e909dc3d2282beaa4deabe1a590b73399758bf289859f08be8b4efc
2024-11-23,400KV PKKD,6.6792,147.3882,,official_observed_reference,d98a29d71e909dc3d2282beaa4deabe1a590b73399758bf289859f08be8b4efc
2024-11-23,400KV KOCHI+KOTTAYAM,12.863,296.267,12.8812,official_observed_reference,d98a29d71e909dc3d2282beaa4deabe1a590b73399758bf289859f08be8b4efc
2024-11-23,400KV KOZHKOD,14.745,319.055,,official_observed_reference,d98a29d71e909dc3d2282beaa4deabe1a590b73399758bf289859f08be8b4efc
2024-11-23,400KV NORTH TRSR,5.204,115.57,5.0248,official_observed_reference,d98a29d71e909dc3d2282beaa4deabe1a590b73399758bf289859f08be8b4efc
2024-11-23,400KV TVM,8.486,192.943,,official_observed_reference,d98a29d71e909dc3d2282beaa4deabe1a590b73399758bf289859f08be8b4efc
2024-11-23,220KV_KNPA+SBGR +PVUD+EDMN,11.4304,247.025,10.7402,official_observed_reference,d98a29d71e909dc3d2282beaa4deabe1a590b73399758bf289859f08be8b4efc
2024-11-23,110KV_MJSM +PRSLA,0.5865,14.427,,official_observed_reference,d98a29d71e909dc3d2282beaa4deabe1a590b73399758bf289859f08be8b4efc
2024-11-24,400KV MDKA,6.395,172.796,7.1998,official_observed_reference,b02bfc6f29c5084cb9217d143a1657559107fe481e462f0595c732a92e29f54b
2024-11-24,400KV PKKD,6.537,153.9252,,official_observed_reference,b02bfc6f29c5084cb9217d143a1657559107fe481e462f0595c732a92e29f54b
2024-11-24,400KV KOCHI+KOTTAYAM,11.694,307.961,12.8317,official_observed_reference,b02bfc6f29c5084cb9217d143a1657559107fe481e462f0595c732a92e29f54b
2024-11-24,400KV KOZHKOD,13.553,332.608,,official_observed_reference,b02bfc6f29c5084cb9217d143a1657559107fe481e462f0595c732a92e29f54b
2024-11-24,400KV NORTH TRSR,5.0492,120.6191,5.0258,official_observed_reference,b02bfc6f29c5084cb9217d143a1657559107fe481e462f0595c732a92e29f54b
2024-11-24,400KV TVM,8.028,200.971,,official_observed_reference,b02bfc6f29c5084cb9217d143a1657559107fe481e462f0595c732a92e29f54b
2024-11-24,220KV_KNPA+SBGR +PVUD+EDMN,10.6411,257.666,10.7361,official_observed_reference,b02bfc6f29c5084cb9217d143a1657559107fe481e462f0595c732a92e29f54b
2024-11-24,110KV_MJSM +PRSLA,0.4381,14.8651,,official_observed_reference,b02bfc6f29c5084cb9217d143a1657559107fe481e462f0595c732a92e29f54b
2024-11-25,400KV MDKA,6.321,179.117,7.1647,official_observed_reference,a7901b7d4b7a1cf1f855bbf38d606a6d2c93ffea3a846d3d00c301b001b3b4c8
2024-11-25,400KV PKKD,7.31,161.2352,,official_observed_reference,a7901b7d4b7a1cf1f855bbf38d606a6d2c93ffea3a846d3d00c301b001b3b4c8
2024-11-25,400KV KOCHI+KOTTAYAM,13.391,321.352,12.8541,official_observed_reference,a7901b7d4b7a1cf1f855bbf38d606a6d2c93ffea3a846d3d00c301b001b3b4c8
2024-11-25,400KV KOZHKOD,14.892,347.5,,official_observed_reference,a7901b7d4b7a1cf1f855bbf38d606a6d2c93ffea3a846d3d00c301b001b3b4c8
2024-11-25,400KV NORTH TRSR,5.1849,125.804,5.0322,official_observed_reference,a7901b7d4b7a1cf1f855bbf38d606a6d2c93ffea3a846d3d00c301b001b3b4c8
2024-11-25,400KV TVM,8.789,209.76,,official_observed_reference,a7901b7d4b7a1cf1f855bbf38d606a6d2c93ffea3a846d3d00c301b001b3b4c8
2024-11-25,220KV_KNPA+SBGR +PVUD+EDMN,11.1542,268.8202,10.7528,official_observed_reference,a7901b7d4b7a1cf1f855bbf38d606a6d2c93ffea3a846d3d00c301b001b3b4c8
2024-11-25,110KV_MJSM +PRSLA,0.6641,15.5292,,official_observed_reference,a7901b7d4b7a1cf1f855bbf38d606a6d2c93ffea3a846d3d00c301b001b3b4c8
2024-11-26,400KV MDKA,6.242,185.359,7.1292,official_observed_reference,30a28988eef70a7adeecdac756b0461c6bd89812d24d4689fedc752a72eca9ff
2024-11-26,400KV PKKD,7.38,168.6152,,official_observed_reference,30a28988eef70a7adeecdac756b0461c6bd89812d24d4689fedc752a72eca9ff
2024-11-26,400KV KOCHI+KOTTAYAM,13.579,334.931,12.882,official_observed_reference,30a28988eef70a7adeecdac756b0461c6bd89812d24d4689fedc752a72eca9ff
2024-11-26,400KV KOZHKOD,15.799,363.299,,official_observed_reference,30a28988eef70a7adeecdac756b0461c6bd89812d24d4689fedc752a72eca9ff
2024-11-26,400KV NORTH TRSR,5.0764,130.8804,5.0339,official_observed_reference,30a28988eef70a7adeecdac756b0461c6bd89812d24d4689fedc752a72eca9ff
2024-11-26,400KV TVM,8.85,218.61,,official_observed_reference,30a28988eef70a7adeecdac756b0461c6bd89812d24d4689fedc752a72eca9ff
2024-11-26,220KV_KNPA+SBGR +PVUD+EDMN,10.1174,278.9376,10.7284,official_observed_reference,30a28988eef70a7adeecdac756b0461c6bd89812d24d4689fedc752a72eca9ff
2024-11-26,110KV_MJSM +PRSLA,0.6195,16.1487,,official_observed_reference,30a28988eef70a7adeecdac756b0461c6bd89812d24d4689fedc752a72eca9ff
2024-11-27,400KV MDKA,6.799,192.158,7.117,official_observed_reference,832d043bffafecf44b1a5dd05365b220c326d1f1dc40c970b7b90ce8b5529bd5
2024-11-27,400KV PKKD,7.08,175.6952,,official_observed_reference,832d043bffafecf44b1a5dd05365b220c326d1f1dc40c970b7b90ce8b5529bd5
2024-11-27,400KV KOCHI+KOTTAYAM,14.109,349.04,12.9274,official_observed_reference,832d043bffafecf44b1a5dd05365b220c326d1f1dc40c970b7b90ce8b5529bd5
2024-11-27,400KV KOZHKOD,14.737,378.036,,official_observed_reference,832d043bffafecf44b1a5dd05365b220c326d1f1dc40c970b7b90ce8b5529bd5
2024-11-27,400KV NORTH TRSR,4.9224,135.8028,5.0297,official_observed_reference,832d043bffafecf44b1a5dd05365b220c326d1f1dc40c970b7b90ce8b5529bd5
2024-11-27,400KV TVM,8.771,227.381,,official_observed_reference,832d043bffafecf44b1a5dd05365b220c326d1f1dc40c970b7b90ce8b5529bd5
2024-11-27,220KV_KNPA+SBGR +PVUD+EDMN,10.7492,289.6868,10.7291,official_observed_reference,832d043bffafecf44b1a5dd05365b220c326d1f1dc40c970b7b90ce8b5529bd5
2024-11-27,110KV_MJSM +PRSLA,0.6548,16.8036,,official_observed_reference,832d043bffafecf44b1a5dd05365b220c326d1f1dc40c970b7b90ce8b5529bd5
2024-11-28,400KV MDKA,6.981,199.139,7.1121,official_observed_reference,012629db305d30a751f262d0ae7324458e1124ea216da802f6154f1d7da0a3ab
2024-11-28,400KV PKKD,7.036,182.7312,,official_observed_reference,012629db305d30a751f262d0ae7324458e1124ea216da802f6154f1d7da0a3ab
2024-11-28,400KV KOCHI+KOTTAYAM,13.764,362.804,12.9573,official_observed_reference,012629db305d30a751f262d0ae7324458e1124ea216da802f6154f1d7da0a3ab
2024-11-28,400KV KOZHKOD,14.583,392.619,,official_observed_reference,012629db305d30a751f262d0ae7324458e1124ea216da802f6154f1d7da0a3ab
2024-11-28,400KV NORTH TRSR,4.6843,140.4871,5.0174,official_observed_reference,012629db305d30a751f262d0ae7324458e1124ea216da802f6154f1d7da0a3ab
2024-11-28,400KV TVM,8.656,236.037,,official_observed_reference,012629db305d30a751f262d0ae7324458e1124ea216da802f6154f1d7da0a3ab
2024-11-28,220KV_KNPA+SBGR +PVUD+EDMN,11.4228,301.1096,10.7539,official_observed_reference,012629db305d30a751f262d0ae7324458e1124ea216da802f6154f1d7da0a3ab
2024-11-28,110KV_MJSM +PRSLA,0.6647,17.4683,,official_observed_reference,012629db305d30a751f262d0ae7324458e1124ea216da802f6154f1d7da0a3ab
2024-11-29,400KV MDKA,6.892,206.031,7.1045,official_observed_reference,b1ce28d5afaf404cbdb79724024b7ccbd883e4c8d2c6a962012bebdfef0ab79d
2024-11-29,400KV PKKD,6.899,189.6302,,official_observed_reference,b1ce28d5afaf404cbdb79724024b7ccbd883e4c8d2c6a962012bebdfef0ab79d
2024-11-29,400KV KOCHI+KOTTAYAM,13.094,375.898,12.962,official_observed_reference,b1ce28d5afaf404cbdb79724024b7ccbd883e4c8d2c6a962012bebdfef0ab79d
2024-11-29,400KV KOZHKOD,14.731,407.35,,official_observed_reference,b1ce28d5afaf404cbdb79724024b7ccbd883e4c8d2c6a962012bebdfef0ab79d
2024-11-29,400KV NORTH TRSR,4.7739,145.261,5.009,official_observed_reference,b1ce28d5afaf404cbdb79724024b7ccbd883e4c8d2c6a962012bebdfef0ab79d
2024-11-29,400KV TVM,8.497,244.534,,official_observed_reference,b1ce28d5afaf404cbdb79724024b7ccbd883e4c8d2c6a962012bebdfef0ab79d
2024-11-29,220KV_KNPA+SBGR +PVUD+EDMN,10.1573,311.2669,10.7333,official_observed_reference,b1ce28d5afaf404cbdb79724024b7ccbd883e4c8d2c6a962012bebdfef0ab79d
2024-11-29,110KV_MJSM +PRSLA,0.6197,18.088,,official_observed_reference,b1ce28d5afaf404cbdb79724024b7ccbd883e4c8d2c6a962012bebdfef0ab79d
2024-12-01,400KV MDKA,6.228,6.228,6.228,official_observed_reference,b78d5d2793641e305cda2dfbc01a222ddf85c82101cbef60a9c3bac1cae755e3
2024-12-01,400KV PKKD,6.691,6.691,,official_observed_reference,b78d5d2793641e305cda2dfbc01a222ddf85c82101cbef60a9c3bac1cae755e3
2024-12-01,400KV KOCHI+KOTTAYAM,10.889,10.889,10.889,official_observed_reference,b78d5d2793641e305cda2dfbc01a222ddf85c82101cbef60a9c3bac1cae755e3
2024-12-01,400KV KOZHKOD,13.068,13.068,,official_observed_reference,b78d5d2793641e305cda2dfbc01a222ddf85c82101cbef60a9c3bac1cae755e3
2024-12-01,400KV NORTH TRSR,5.3097,5.3097,5.3097,official_observed_reference,b78d5d2793641e305cda2dfbc01a222ddf85c82101cbef60a9c3bac1cae755e3
2024-12-01,400KV TVM,8.123,8.123,,official_observed_reference,b78d5d2793641e305cda2dfbc01a222ddf85c82101cbef60a9c3bac1cae755e3
2024-12-01,220KV_KNPA+SBGR +PVUD+EDMN,13.6686,13.6686,13.6686,official_observed_reference,b78d5d2793641e305cda2dfbc01a222ddf85c82101cbef60a9c3bac1cae755e3
2024-12-01,110KV_MJSM +PRSLA,0.6374,0.6374,,official_observed_reference,b78d5d2793641e305cda2dfbc01a222ddf85c82101cbef60a9c3bac1cae755e3
2024-12-02,400KV MDKA,5.921,12.149,6.0745,official_observed_reference,3e79b0f55e026f520c6768d11c07870f9295019adf68b609913aacb1ddbf993f
2024-12-02,400KV PKKD,6.632,13.323,,official_observed_reference,3e79b0f55e026f520c6768d11c07870f9295019adf68b609913aacb1ddbf993f
2024-12-02,400KV KOCHI+KOTTAYAM,11.813,22.702,11.351,official_observed_reference,3e79b0f55e026f520c6768d11c07870f9295019adf68b609913aacb1ddbf993f
2024-12-02,400KV KOZHKOD,12.95,26.018,,official_observed_reference,3e79b0f55e026f520c6768d11c07870f9295019adf68b609913aacb1ddbf993f
2024-12-02,400KV NORTH TRSR,5.0878,10.3975,5.1987,official_observed_reference,3e79b0f55e026f520c6768d11c07870f9295019adf68b609913aacb1ddbf993f
2024-12-02,400KV TVM,8.77,16.893,,official_observed_reference,3e79b0f55e026f520c6768d11c07870f9295019adf68b609913aacb1ddbf993f
2024-12-02,220KV_KNPA+SBGR +PVUD+EDMN,14.6841,28.3527,14.1764,official_observed_reference,3e79b0f55e026f520c6768d11c07870f9295019adf68b609913aacb1ddbf993f
2024-12-02,110KV_MJSM +PRSLA,0.6017,1.2391,,official_observed_reference,3e79b0f55e026f520c6768d11c07870f9295019adf68b609913aacb1ddbf993f
2024-12-03,400KV MDKA,6.473,18.622,6.2073,official_observed_reference,844b407cf99a211cf44978d8ae89c8a93b5ddf581a5d5b204950e88262defe43
2024-12-03,400KV PKKD,6.395,19.718,,official_observed_reference,844b407cf99a211cf44978d8ae89c8a93b5ddf581a5d5b204950e88262defe43
2024-12-03,400KV KOCHI+KOTTAYAM,13.265,35.967,11.989,official_observed_reference,844b407cf99a211cf44978d8ae89c8a93b5ddf581a5d5b204950e88262defe43
2024-12-03,400KV KOZHKOD,12.364,38.382,,official_observed_reference,844b407cf99a211cf44978d8ae89c8a93b5ddf581a5d5b204950e88262defe43
2024-12-03,400KV NORTH TRSR,4.3762,14.7736,4.9245,official_observed_reference,844b407cf99a211cf44978d8ae89c8a93b5ddf581a5d5b204950e88262defe43
2024-12-03,400KV TVM,8.792,25.685,,official_observed_reference,844b407cf99a211cf44978d8ae89c8a93b5ddf581a5d5b204950e88262defe43
2024-12-03,220KV_KNPA+SBGR +PVUD+EDMN,12.1667,40.5194,13.5065,official_observed_reference,844b407cf99a211cf44978d8ae89c8a93b5ddf581a5d5b204950e88262defe43
2024-12-03,110KV_MJSM +PRSLA,0.4791,1.7182,,official_observed_reference,844b407cf99a211cf44978d8ae89c8a93b5ddf581a5d5b204950e88262defe43
2024-12-04,400KV MDKA,6.856,25.478,6.3695,official_observed_reference,fc53001d2604f6e1713361095305ebe7c7cdd7f517a80328cf1d643b4faaa4d7
2024-12-04,400KV PKKD,6.549,26.267,,official_observed_reference,fc53001d2604f6e1713361095305ebe7c7cdd7f517a80328cf1d643b4faaa4d7
2024-12-04,400KV KOCHI+KOTTAYAM,14.237,50.204,12.551,official_observed_reference,fc53001d2604f6e1713361095305ebe7c7cdd7f517a80328cf1d643b4faaa4d7
2024-12-04,400KV KOZHKOD,13.531,51.913,,official_observed_reference,fc53001d2604f6e1713361095305ebe7c7cdd7f517a80328cf1d643b4faaa4d7
2024-12-04,400KV NORTH TRSR,4.5536,19.3272,4.8318,official_observed_reference,fc53001d2604f6e1713361095305ebe7c7cdd7f517a80328cf1d643b4faaa4d7
2024-12-04,400KV TVM,9.124,34.809,,official_observed_reference,fc53001d2604f6e1713361095305ebe7c7cdd7f517a80328cf1d643b4faaa4d7
2024-12-04,220KV_KNPA+SBGR +PVUD+EDMN,12.5624,53.0818,13.2704,official_observed_reference,fc53001d2604f6e1713361095305ebe7c7cdd7f517a80328cf1d643b4faaa4d7
2024-12-04,110KV_MJSM +PRSLA,0.6337,2.352,,official_observed_reference,fc53001d2604f6e1713361095305ebe7c7cdd7f517a80328cf1d643b4faaa4d7
2024-12-05,400KV MDKA,6.759,32.237,6.4474,official_observed_reference,b0123c865a80c77e76faa31903899410d4a425e6f75c886979723445d87f427b
2024-12-05,400KV PKKD,6.473,32.74,,official_observed_reference,b0123c865a80c77e76faa31903899410d4a425e6f75c886979723445d87f427b
2024-12-05,400KV KOCHI+KOTTAYAM,13.147,63.351,12.6702,official_observed_reference,b0123c865a80c77e76faa31903899410d4a425e6f75c886979723445d87f427b
2024-12-05,400KV KOZHKOD,13.601,65.514,,official_observed_reference,b0123c865a80c77e76faa31903899410d4a425e6f75c886979723445d87f427b
2024-12-05,400KV NORTH TRSR,4.7358,24.063,4.8126,official_observed_reference,b0123c865a80c77e76faa31903899410d4a425e6f75c886979723445d87f427b
2024-12-05,400KV TVM,8.803,43.612,,official_observed_reference,b0123c865a80c77e76faa31903899410d4a425e6f75c886979723445d87f427b
2024-12-05,220KV_KNPA+SBGR +PVUD+EDMN,12.056,65.1377,13.0275,official_observed_reference,b0123c865a80c77e76faa31903899410d4a425e6f75c886979723445d87f427b
2024-12-05,110KV_MJSM +PRSLA,0.6474,2.9993,,official_observed_reference,b0123c865a80c77e76faa31903899410d4a425e6f75c886979723445d87f427b
2024-12-06,400KV MDKA,6.843,39.08,6.5133,official_observed_reference,491527dd8d65356982a071a1473da972e0a7afdd6872e7f7ade03732c3938200
2024-12-06,400KV PKKD,6.557,39.297,,official_observed_reference,491527dd8d65356982a071a1473da972e0a7afdd6872e7f7ade03732c3938200
2024-12-06,400KV KOCHI+KOTTAYAM,13.684,77.035,12.8392,official_observed_reference,491527dd8d65356982a071a1473da972e0a7afdd6872e7f7ade03732c3938200
2024-12-06,400KV KOZHKOD,13.948,79.462,,official_observed_reference,491527dd8d65356982a071a1473da972e0a7afdd6872e7f7ade03732c3938200
2024-12-06,400KV NORTH TRSR,4.924,28.987,4.8312,official_observed_reference,491527dd8d65356982a071a1473da972e0a7afdd6872e7f7ade03732c3938200
2024-12-06,400KV TVM,8.622,52.234,,official_observed_reference,491527dd8d65356982a071a1473da972e0a7afdd6872e7f7ade03732c3938200
2024-12-06,220KV_KNPA+SBGR +PVUD+EDMN,11.4239,76.5616,12.7603,official_observed_reference,491527dd8d65356982a071a1473da972e0a7afdd6872e7f7ade03732c3938200
2024-12-06,110KV_MJSM +PRSLA,0.6688,3.6682,,official_observed_reference,491527dd8d65356982a071a1473da972e0a7afdd6872e7f7ade03732c3938200
2024-12-07,400KV MDKA,6.893,45.973,6.5676,official_observed_reference,ff9b09ade6e126e9b4cc3bc6b5a157c4accb73324de2c32bfaa4778e5f6bc7a6
2024-12-07,400KV PKKD,7.295,46.592,,official_observed_reference,ff9b09ade6e126e9b4cc3bc6b5a157c4accb73324de2c32bfaa4778e5f6bc7a6
2024-12-07,400KV KOCHI+KOTTAYAM,14.087,91.122,13.0174,official_observed_reference,ff9b09ade6e126e9b4cc3bc6b5a157c4accb73324de2c32bfaa4778e5f6bc7a6
2024-12-07,400KV KOZHKOD,14.157,93.619,,official_observed_reference,ff9b09ade6e126e9b4cc3bc6b5a157c4accb73324de2c32bfaa4778e5f6bc7a6
2024-12-07,400KV NORTH TRSR,5.0255,34.0125,4.8589,official_observed_reference,ff9b09ade6e126e9b4cc3bc6b5a157c4accb73324de2c32bfaa4778e5f6bc7a6
2024-12-07,400KV TVM,9.056,61.29,,official_observed_reference,ff9b09ade6e126e9b4cc3bc6b5a157c4accb73324de2c32bfaa4778e5f6bc7a6
2024-12-07,220KV_KNPA+SBGR +PVUD+EDMN,12.6396,89.2012,12.743,official_observed_reference,ff9b09ade6e126e9b4cc3bc6b5a157c4accb73324de2c32bfaa4778e5f6bc7a6
2024-12-07,110KV_MJSM +PRSLA,0.6634,4.3315,,official_observed_reference,ff9b09ade6e126e9b4cc3bc6b5a157c4accb73324de2c32bfaa4778e5f6bc7a6
2024-12-08,400KV MDKA,5.727,51.7,6.4625,official_observed_reference,8f113ecb7492db0b12a944e582e6b3721d3647b758ea33dc5a70ef696a9c52b7
2024-12-08,400KV PKKD,7.011,53.603,,official_observed_reference,8f113ecb7492db0b12a944e582e6b3721d3647b758ea33dc5a70ef696a9c52b7
2024-12-08,400KV KOCHI+KOTTAYAM,12.744,103.866,12.9833,official_observed_reference,8f113ecb7492db0b12a944e582e6b3721d3647b758ea33dc5a70ef696a9c52b7
2024-12-08,400KV KOZHKOD,12.775,106.394,,official_observed_reference,8f113ecb7492db0b12a944e582e6b3721d3647b758ea33dc5a70ef696a9c52b7
2024-12-08,400KV NORTH TRSR,4.7359,38.7484,4.8436,official_observed_reference,8f113ecb7492db0b12a944e582e6b3721d3647b758ea33dc5a70ef696a9c52b7
2024-12-08,400KV TVM,8.49,69.78,,official_observed_reference,8f113ecb7492db0b12a944e582e6b3721d3647b758ea33dc5a70ef696a9c52b7
2024-12-08,220KV_KNPA+SBGR +PVUD+EDMN,11.5753,100.7765,12.5971,official_observed_reference,8f113ecb7492db0b12a944e582e6b3721d3647b758ea33dc5a70ef696a9c52b7
2024-12-08,110KV_MJSM +PRSLA,0.6082,4.9398,,official_observed_reference,8f113ecb7492db0b12a944e582e6b3721d3647b758ea33dc5a70ef696a9c52b7
2024-12-09,400KV MDKA,6.088,57.788,6.4209,official_observed_reference,cdb095eac2e85efa4b99df6dbf81335f8c2733a65c2fc3993fb67ffd017acb14
2024-12-09,400KV PKKD,7.549,61.152,,official_observed_reference,cdb095eac2e85efa4b99df6dbf81335f8c2733a65c2fc3993fb67ffd017acb14
2024-12-09,400KV KOCHI+KOTTAYAM,14.103,117.969,13.1077,official_observed_reference,cdb095eac2e85efa4b99df6dbf81335f8c2733a65c2fc3993fb67ffd017acb14
2024-12-09,400KV KOZHKOD,14.759,121.153,,official_observed_reference,cdb095eac2e85efa4b99df6dbf81335f8c2733a65c2fc3993fb67ffd017acb14
2024-12-09,400KV NORTH TRSR,4.8664,43.6148,4.8461,official_observed_reference,cdb095eac2e85efa4b99df6dbf81335f8c2733a65c2fc3993fb67ffd017acb14
2024-12-09,400KV TVM,9.101,78.881,,official_observed_reference,cdb095eac2e85efa4b99df6dbf81335f8c2733a65c2fc3993fb67ffd017acb14
2024-12-09,220KV_KNPA+SBGR +PVUD+EDMN,12.5387,113.3152,12.5906,official_observed_reference,cdb095eac2e85efa4b99df6dbf81335f8c2733a65c2fc3993fb67ffd017acb14
2024-12-09,110KV_MJSM +PRSLA,0.6271,5.5668,,official_observed_reference,cdb095eac2e85efa4b99df6dbf81335f8c2733a65c2fc3993fb67ffd017acb14
2024-12-10,400KV MDKA,7.093,64.881,6.4881,official_observed_reference,381b1f400d077377d62fe508f3b1769dd3ebdcd8edb55696095f284ed118f3e9
2024-12-10,400KV PKKD,7.363,68.515,,official_observed_reference,381b1f400d077377d62fe508f3b1769dd3ebdcd8edb55696095f284ed118f3e9
2024-12-10,400KV KOCHI+KOTTAYAM,14.802,132.771,13.2771,official_observed_reference,381b1f400d077377d62fe508f3b1769dd3ebdcd8edb55696095f284ed118f3e9
2024-12-10,400KV KOZHKOD,14.344,135.497,,official_observed_reference,381b1f400d077377d62fe508f3b1769dd3ebdcd8edb55696095f284ed118f3e9
2024-12-10,400KV NORTH TRSR,4.8685,48.4833,4.8483,official_observed_reference,381b1f400d077377d62fe508f3b1769dd3ebdcd8edb55696095f284ed118f3e9
2024-12-10,400KV TVM,9.378,88.259,,official_observed_reference,381b1f400d077377d62fe508f3b1769dd3ebdcd8edb55696095f284ed118f3e9
2024-12-10,220KV_KNPA+SBGR +PVUD+EDMN,12.5148,125.8299,12.583,official_observed_reference,381b1f400d077377d62fe508f3b1769dd3ebdcd8edb55696095f284ed118f3e9
2024-12-10,110KV_MJSM +PRSLA,0.4708,6.0376,,official_observed_reference,381b1f400d077377d62fe508f3b1769dd3ebdcd8edb55696095f284ed118f3e9
2024-12-11,400KV MDKA,6.789,71.67,6.5155,official_observed_reference,960ead47c00a645241669e1d40462b0a8a4abbcc79adde1edc9795916884d483
2024-12-11,400KV PKKD,7.052,75.567,,official_observed_reference,960ead47c00a645241669e1d40462b0a8a4abbcc79adde1edc9795916884d483
2024-12-11,400KV KOCHI+KOTTAYAM,15.177,147.948,13.4498,official_observed_reference,960ead47c00a645241669e1d40462b0a8a4abbcc79adde1edc9795916884d483
2024-12-11,400KV KOZHKOD,14.669,150.166,,official_observed_reference,960ead47c00a645241669e1d40462b0a8a4abbcc79adde1edc9795916884d483
2024-12-11,400KV NORTH TRSR,5.1236,53.607,4.8734,official_observed_reference,960ead47c00a645241669e1d40462b0a8a4abbcc79adde1edc9795916884d483
2024-12-11,400KV TVM,9.606,97.865,,official_observed_reference,960ead47c00a645241669e1d40462b0a8a4abbcc79adde1edc9795916884d483
2024-12-11,220KV_KNPA+SBGR +PVUD+EDMN,12.7003,138.5302,12.5937,official_observed_reference,960ead47c00a645241669e1d40462b0a8a4abbcc79adde1edc9795916884d483
2024-12-11,110KV_MJSM +PRSLA,0.665,6.7026,,official_observed_reference,960ead47c00a645241669e1d40462b0a8a4abbcc79adde1edc9795916884d483
2024-12-12,400KV MDKA,6.473,78.143,6.5119,official_observed_reference,cd59d8a9f98c8b33ab02a88b71d3266ebf3863feb106904a21b9d0248a4af205
2024-12-12,400KV PKKD,7.029,82.596,,official_observed_reference,cd59d8a9f98c8b33ab02a88b71d3266ebf3863feb106904a21b9d0248a4af205
2024-12-12,400KV KOCHI+KOTTAYAM,14.511,162.459,13.5383,official_observed_reference,cd59d8a9f98c8b33ab02a88b71d3266ebf3863feb106904a21b9d0248a4af205
2024-12-12,400KV KOZHKOD,14.762,164.928,,official_observed_reference,cd59d8a9f98c8b33ab02a88b71d3266ebf3863feb106904a21b9d0248a4af205
2024-12-12,400KV NORTH TRSR,4.9588,58.5657,4.8805,official_observed_reference,cd59d8a9f98c8b33ab02a88b71d3266ebf3863feb106904a21b9d0248a4af205
2024-12-12,400KV TVM,9.257,107.122,,official_observed_reference,cd59d8a9f98c8b33ab02a88b71d3266ebf3863feb106904a21b9d0248a4af205
2024-12-12,220KV_KNPA+SBGR +PVUD+EDMN,12.5585,151.0887,12.5907,official_observed_reference,cd59d8a9f98c8b33ab02a88b71d3266ebf3863feb106904a21b9d0248a4af205
2024-12-12,110KV_MJSM +PRSLA,0.6736,7.3763,,official_observed_reference,cd59d8a9f98c8b33ab02a88b71d3266ebf3863feb106904a21b9d0248a4af205
2024-12-13,400KV MDKA,7.138,85.281,6.5601,official_observed_reference,5839148c3a3f188796f5c3a24d2ba302df2cb6ad001ba2bbdab4acf321be7a99
2024-12-13,400KV PKKD,6.63,89.226,,official_observed_reference,5839148c3a3f188796f5c3a24d2ba302df2cb6ad001ba2bbdab4acf321be7a99
2024-12-13,400KV KOCHI+KOTTAYAM,13.413,175.872,13.5286,official_observed_reference,5839148c3a3f188796f5c3a24d2ba302df2cb6ad001ba2bbdab4acf321be7a99
2024-12-13,400KV KOZHKOD,14.273,179.201,,official_observed_reference,5839148c3a3f188796f5c3a24d2ba302df2cb6ad001ba2bbdab4acf321be7a99
2024-12-13,400KV NORTH TRSR,5.2401,63.8058,4.9081,official_observed_reference,5839148c3a3f188796f5c3a24d2ba302df2cb6ad001ba2bbdab4acf321be7a99
2024-12-13,400KV TVM,8.716,115.838,,official_observed_reference,5839148c3a3f188796f5c3a24d2ba302df2cb6ad001ba2bbdab4acf321be7a99
2024-12-13,220KV_KNPA+SBGR +PVUD+EDMN,13.0424,164.131,12.6255,official_observed_reference,5839148c3a3f188796f5c3a24d2ba302df2cb6ad001ba2bbdab4acf321be7a99
2024-12-13,110KV_MJSM +PRSLA,0.6565,8.0328,,official_observed_reference,5839148c3a3f188796f5c3a24d2ba302df2cb6ad001ba2bbdab4acf321be7a99
2024-12-14,400KV MDKA,6.5,91.781,6.5558,official_observed_reference,2d6090298e72bef2abeb7f78b43c1118914c85101027e47d8b376b238d0d6ef9
2024-12-14,400KV PKKD,6.685,95.911,,official_observed_reference,2d6090298e72bef2abeb7f78b43c1118914c85101027e47d8b376b238d0d6ef9
2024-12-14,400KV KOCHI+KOTTAYAM,12.647,188.519,13.4656,official_observed_reference,2d6090298e72bef2abeb7f78b43c1118914c85101027e47d8b376b238d0d6ef9
2024-12-14,400KV KOZHKOD,13.6,192.801,,official_observed_reference,2d6090298e72bef2abeb7f78b43c1118914c85101027e47d8b376b238d0d6ef9
2024-12-14,400KV NORTH TRSR,5.0505,68.8562,4.9183,official_observed_reference,2d6090298e72bef2abeb7f78b43c1118914c85101027e47d8b376b238d0d6ef9
2024-12-14,400KV TVM,8.392,124.23,,official_observed_reference,2d6090298e72bef2abeb7f78b43c1118914c85101027e47d8b376b238d0d6ef9
2024-12-14,220KV_KNPA+SBGR +PVUD+EDMN,12.6128,176.7438,12.6246,official_observed_reference,2d6090298e72bef2abeb7f78b43c1118914c85101027e47d8b376b238d0d6ef9
2024-12-14,110KV_MJSM +PRSLA,0.6543,8.687,,official_observed_reference,2d6090298e72bef2abeb7f78b43c1118914c85101027e47d8b376b238d0d6ef9
2024-12-15,400KV MDKA,5.441,97.222,6.4815,official_observed_reference,1163b4d3a4c9697319e6cdfd98d0358b42652459156c1d1753bf454d29fd6085
2024-12-15,400KV PKKD,5.476,101.387,,official_observed_reference,1163b4d3a4c9697319e6cdfd98d0358b42652459156c1d1753bf454d29fd6085
2024-12-15,400KV KOCHI+KOTTAYAM,10.3,198.819,13.2546,official_observed_reference,1163b4d3a4c9697319e6cdfd98d0358b42652459156c1d1753bf454d29fd6085
2024-12-15,400KV KOZHKOD,11.387,204.188,,official_observed_reference,1163b4d3a4c9697319e6cdfd98d0358b42652459156c1d1753bf454d29fd6085
2024-12-15,400KV NORTH TRSR,4.6975,73.5538,4.9036,official_observed_reference,1163b4d3a4c9697319e6cdfd98d0358b42652459156c1d1753bf454d29fd6085
2024-12-15,400KV TVM,7.71,131.94,,official_observed_reference,1163b4d3a4c9697319e6cdfd98d0358b42652459156c1d1753bf454d29fd6085
2024-12-15,220KV_KNPA+SBGR +PVUD+EDMN,11.5189,188.2628,12.5509,official_observed_reference,1163b4d3a4c9697319e6cdfd98d0358b42652459156c1d1753bf454d29fd6085
2024-12-15,110KV_MJSM +PRSLA,0.614,9.301,,official_observed_reference,1163b4d3a4c9697319e6cdfd98d0358b42652459156c1d1753bf454d29fd6085
2024-12-17,400KV MDKA,5.829,108.872,6.4042,official_observed_reference,c823cb550cd448b94d440da3c1024cd98ea59598d8d1a4ea16cd51aab87e7d15
2024-12-17,400KV PKKD,6.781,114.669,,official_observed_reference,c823cb550cd448b94d440da3c1024cd98ea59598d8d1a4ea16cd51aab87e7d15
2024-12-17,400KV KOCHI+KOTTAYAM,14.099,225.09,13.2406,official_observed_reference,c823cb550cd448b94d440da3c1024cd98ea59598d8d1a4ea16cd51aab87e7d15
2024-12-17,400KV KOZHKOD,12.828,229.576,,official_observed_reference,c823cb550cd448b94d440da3c1024cd98ea59598d8d1a4ea16cd51aab87e7d15
2024-12-17,400KV NORTH TRSR,4.4805,82.8482,4.8734,official_observed_reference,c823cb550cd448b94d440da3c1024cd98ea59598d8d1a4ea16cd51aab87e7d15
2024-12-17,400KV TVM,8.952,149.479,,official_observed_reference,c823cb550cd448b94d440da3c1024cd98ea59598d8d1a4ea16cd51aab87e7d15
2024-12-17,220KV_KNPA+SBGR +PVUD+EDMN,12.462,212.9263,12.5251,official_observed_reference,c823cb550cd448b94d440da3c1024cd98ea59598d8d1a4ea16cd51aab87e7d15
2024-12-17,110KV_MJSM +PRSLA,0.6032,10.5289,,official_observed_reference,c823cb550cd448b94d440da3c1024cd98ea59598d8d1a4ea16cd51aab87e7d15
2024-12-18,400KV MDKA,5.195,114.067,6.3371,official_observed_reference,e660e37b5872156ee83082cba82e18be8275707102c09c1d3528e6919cae4334
2024-12-18,400KV PKKD,6.624,121.293,,official_observed_reference,e660e37b5872156ee83082cba82e18be8275707102c09c1d3528e6919cae4334
2024-12-18,400KV KOCHI+KOTTAYAM,13.415,238.505,13.2503,official_observed_reference,e660e37b5872156ee83082cba82e18be8275707102c09c1d3528e6919cae4334
2024-12-18,400KV KOZHKOD,13.461,243.037,,official_observed_reference,e660e37b5872156ee83082cba82e18be8275707102c09c1d3528e6919cae4334
2024-12-18,400KV NORTH TRSR,4.5997,87.4479,4.8582,official_observed_reference,e660e37b5872156ee83082cba82e18be8275707102c09c1d3528e6919cae4334
2024-12-18,400KV TVM,8.472,157.951,,official_observed_reference,e660e37b5872156ee83082cba82e18be8275707102c09c1d3528e6919cae4334
2024-12-18,220KV_KNPA+SBGR +PVUD+EDMN,11.9298,224.8561,12.492,official_observed_reference,e660e37b5872156ee83082cba82e18be8275707102c09c1d3528e6919cae4334
2024-12-18,110KV_MJSM +PRSLA,0.6445,11.1734,,official_observed_reference,e660e37b5872156ee83082cba82e18be8275707102c09c1d3528e6919cae4334
2024-12-19,400KV MDKA,5.959,120.026,6.3172,official_observed_reference,576d2b811b97c3175433c5271525a7a4274c28e7b96737d4000a42bc2ed7cb92
2024-12-19,400KV PKKD,7.225,128.518,,official_observed_reference,576d2b811b97c3175433c5271525a7a4274c28e7b96737d4000a42bc2ed7cb92
2024-12-19,400KV KOCHI+KOTTAYAM,12.732,251.237,13.223,official_observed_reference,576d2b811b97c3175433c5271525a7a4274c28e7b96737d4000a42bc2ed7cb92
2024-12-19,400KV KOZHKOD,12.804,255.841,,official_observed_reference,576d2b811b97c3175433c5271525a7a4274c28e7b96737d4000a42bc2ed7cb92
2024-12-19,400KV NORTH TRSR,4.7247,92.1725,4.8512,official_observed_reference,576d2b811b97c3175433c5271525a7a4274c28e7b96737d4000a42bc2ed7cb92
2024-12-19,400KV TVM,8.192,166.143,,official_observed_reference,576d2b811b97c3175433c5271525a7a4274c28e7b96737d4000a42bc2ed7cb92
2024-12-19,220KV_KNPA+SBGR +PVUD+EDMN,10.8008,235.6569,12.403,official_observed_reference,576d2b811b97c3175433c5271525a7a4274c28e7b96737d4000a42bc2ed7cb92
2024-12-19,110KV_MJSM +PRSLA,0.6575,11.8309,,official_observed_reference,576d2b811b97c3175433c5271525a7a4274c28e7b96737d4000a42bc2ed7cb92
2024-12-20,400KV MDKA,5.575,125.601,6.2801,official_observed_reference,2246c6921067df00b7e9c6a101684c24146ac1c69c04ba1d3ed9e510e04e76f2
2024-12-20,400KV PKKD,7.284,135.802,,official_observed_reference,2246c6921067df00b7e9c6a101684c24146ac1c69c04ba1d3ed9e510e04e76f2
2024-12-20,400KV KOCHI+KOTTAYAM,12.292,263.529,13.1765,official_observed_reference,2246c6921067df00b7e9c6a101684c24146ac1c69c04ba1d3ed9e510e04e76f2
2024-12-20,400KV KOZHKOD,14.236,270.077,,official_observed_reference,2246c6921067df00b7e9c6a101684c24146ac1c69c04ba1d3ed9e510e04e76f2
2024-12-20,400KV NORTH TRSR,5.1917,97.3643,4.8682,official_observed_reference,2246c6921067df00b7e9c6a101684c24146ac1c69c04ba1d3ed9e510e04e76f2
2024-12-20,400KV TVM,8.523,174.666,,official_observed_reference,2246c6921067df00b7e9c6a101684c24146ac1c69c04ba1d3ed9e510e04e76f2
2024-12-20,220KV_KNPA+SBGR +PVUD+EDMN,10.7108,246.3677,12.3184,official_observed_reference,2246c6921067df00b7e9c6a101684c24146ac1c69c04ba1d3ed9e510e04e76f2
2024-12-20,110KV_MJSM +PRSLA,0.5524,12.3833,,official_observed_reference,2246c6921067df00b7e9c6a101684c24146ac1c69c04ba1d3ed9e510e04e76f2
2024-12-21,400KV MDKA,6.784,132.385,6.304,official_observed_reference,e8363b36a82b97450954aba281e7606f6afae5609091816346a0851c6325bb4b
2024-12-21,400KV PKKD,7.091,142.893,,official_observed_reference,e8363b36a82b97450954aba281e7606f6afae5609091816346a0851c6325bb4b
2024-12-21,400KV KOCHI+KOTTAYAM,13.419,276.948,13.188,official_observed_reference,e8363b36a82b97450954aba281e7606f6afae5609091816346a0851c6325bb4b
2024-12-21,400KV KOZHKOD,13.503,283.58,,official_observed_reference,e8363b36a82b97450954aba281e7606f6afae5609091816346a0851c6325bb4b
2024-12-21,400KV NORTH TRSR,4.9321,102.2964,4.8713,official_observed_reference,e8363b36a82b97450954aba281e7606f6afae5609091816346a0851c6325bb4b
2024-12-21,400KV TVM,8.684,183.35,,official_observed_reference,e8363b36a82b97450954aba281e7606f6afae5609091816346a0851c6325bb4b
2024-12-21,220KV_KNPA+SBGR +PVUD+EDMN,12.2727,258.6404,12.3162,official_observed_reference,e8363b36a82b97450954aba281e7606f6afae5609091816346a0851c6325bb4b
2024-12-21,110KV_MJSM +PRSLA,0.6766,13.0599,,official_observed_reference,e8363b36a82b97450954aba281e7606f6afae5609091816346a0851c6325bb4b
2024-12-22,400KV MDKA,5.513,137.898,6.2681,official_observed_reference,2162426210e5f87c7816497b56179097c06c0b18e93a74537992a68c04485fe8
2024-12-22,400KV PKKD,6.697,149.59,,official_observed_reference,2162426210e5f87c7816497b56179097c06c0b18e93a74537992a68c04485fe8
2024-12-22,400KV KOCHI+KOTTAYAM,12.848,289.796,13.1725,official_observed_reference,2162426210e5f87c7816497b56179097c06c0b18e93a74537992a68c04485fe8
2024-12-22,400KV KOZHKOD,13.056,296.636,,official_observed_reference,2162426210e5f87c7816497b56179097c06c0b18e93a74537992a68c04485fe8
2024-12-22,400KV NORTH TRSR,4.8012,107.0976,4.8681,official_observed_reference,2162426210e5f87c7816497b56179097c06c0b18e93a74537992a68c04485fe8
2024-12-22,400KV TVM,8.521,191.871,,official_observed_reference,2162426210e5f87c7816497b56179097c06c0b18e93a74537992a68c04485fe8
2024-12-22,220KV_KNPA+SBGR +PVUD+EDMN,11.9731,270.6135,12.3006,official_observed_reference,2162426210e5f87c7816497b56179097c06c0b18e93a74537992a68c04485fe8
2024-12-22,110KV_MJSM +PRSLA,0.6305,13.6904,,official_observed_reference,2162426210e5f87c7816497b56179097c06c0b18e93a74537992a68c04485fe8
2024-12-23,400KV MDKA,6.386,144.284,6.2732,official_observed_reference,f77cf7299d53bcce7d3d4a7211e3fd5c41492c5e61fbbf1310f3250161476a13
2024-12-23,400KV PKKD,7.038,156.628,,official_observed_reference,f77cf7299d53bcce7d3d4a7211e3fd5c41492c5e61fbbf1310f3250161476a13
2024-12-23,400KV KOCHI+KOTTAYAM,12.859,302.655,13.1589,official_observed_reference,f77cf7299d53bcce7d3d4a7211e3fd5c41492c5e61fbbf1310f3250161476a13
2024-12-23,400KV KOZHKOD,13.046,309.682,,official_observed_reference,f77cf7299d53bcce7d3d4a7211e3fd5c41492c5e61fbbf1310f3250161476a13
2024-12-23,400KV NORTH TRSR,4.852,111.9496,4.8674,official_observed_reference,f77cf7299d53bcce7d3d4a7211e3fd5c41492c5e61fbbf1310f3250161476a13
2024-12-23,400KV TVM,8.602,200.473,,official_observed_reference,f77cf7299d53bcce7d3d4a7211e3fd5c41492c5e61fbbf1310f3250161476a13
2024-12-23,220KV_KNPA+SBGR +PVUD+EDMN,11.166,281.7795,12.2513,official_observed_reference,f77cf7299d53bcce7d3d4a7211e3fd5c41492c5e61fbbf1310f3250161476a13
2024-12-23,110KV_MJSM +PRSLA,0.6622,14.3526,,official_observed_reference,f77cf7299d53bcce7d3d4a7211e3fd5c41492c5e61fbbf1310f3250161476a13
2024-12-24,400KV MDKA,6.445,150.729,6.2804,official_observed_reference,0820d7e9181c1b30b8dd528fcab89490f708f5ad661f2512dc2a5d63204d1aee
2024-12-24,400KV PKKD,7.167,163.795,,official_observed_reference,0820d7e9181c1b30b8dd528fcab89490f708f5ad661f2512dc2a5d63204d1aee
2024-12-24,400KV KOCHI+KOTTAYAM,13.102,315.757,13.1565,official_observed_reference,0820d7e9181c1b30b8dd528fcab89490f708f5ad661f2512dc2a5d63204d1aee
2024-12-24,400KV KOZHKOD,12.919,322.601,,official_observed_reference,0820d7e9181c1b30b8dd528fcab89490f708f5ad661f2512dc2a5d63204d1aee
2024-12-24,400KV NORTH TRSR,4.8237,116.7733,4.8656,official_observed_reference,0820d7e9181c1b30b8dd528fcab89490f708f5ad661f2512dc2a5d63204d1aee
2024-12-24,400KV TVM,8.654,209.127,,official_observed_reference,0820d7e9181c1b30b8dd528fcab89490f708f5ad661f2512dc2a5d63204d1aee
2024-12-24,220KV_KNPA+SBGR +PVUD+EDMN,11.5511,293.3306,12.2221,official_observed_reference,0820d7e9181c1b30b8dd528fcab89490f708f5ad661f2512dc2a5d63204d1aee
2024-12-24,110KV_MJSM +PRSLA,0.6659,15.0185,,official_observed_reference,0820d7e9181c1b30b8dd528fcab89490f708f5ad661f2512dc2a5d63204d1aee
2024-12-25,400KV MDKA,5.957,156.686,6.2674,official_observed_reference,f9708c4de786ed333f4659a01fcd983d80609b47a89a5111d22a1f9c4066533d
2024-12-25,400KV PKKD,6.574,170.369,,official_observed_reference,f9708c4de786ed333f4659a01fcd983d80609b47a89a5111d22a1f9c4066533d
2024-12-25,400KV KOCHI+KOTTAYAM,11.768,327.525,13.101,official_observed_reference,f9708c4de786ed333f4659a01fcd983d80609b47a89a5111d22a1f9c4066533d
2024-12-25,400KV KOZHKOD,12.464,335.065,,official_observed_reference,f9708c4de786ed333f4659a01fcd983d80609b47a89a5111d22a1f9c4066533d
2024-12-25,400KV NORTH TRSR,4.7338,121.5071,4.8603,official_observed_reference,f9708c4de786ed333f4659a01fcd983d80609b47a89a5111d22a1f9c4066533d
2024-12-25,400KV TVM,7.87,216.997,,official_observed_reference,f9708c4de786ed333f4659a01fcd983d80609b47a89a5111d22a1f9c4066533d
2024-12-25,220KV_KNPA+SBGR +PVUD+EDMN,10.326,303.6566,12.1463,official_observed_reference,f9708c4de786ed333f4659a01fcd983d80609b47a89a5111d22a1f9c4066533d
2024-12-25,110KV_MJSM +PRSLA,0.6439,15.6624,,official_observed_reference,f9708c4de786ed333f4659a01fcd983d80609b47a89a5111d22a1f9c4066533d
2024-12-26,400KV MDKA,6.445,163.131,6.2743,official_observed_reference,1b010755dfecbef8486a87704802dc66c0aba4fc62c9433f7df118a125fd8016
2024-12-26,400KV PKKD,7.093,177.462,,official_observed_reference,1b010755dfecbef8486a87704802dc66c0aba4fc62c9433f7df118a125fd8016
2024-12-26,400KV KOCHI+KOTTAYAM,13.294,340.819,13.1084,official_observed_reference,1b010755dfecbef8486a87704802dc66c0aba4fc62c9433f7df118a125fd8016
2024-12-26,400KV KOZHKOD,13.482,348.547,,official_observed_reference,1b010755dfecbef8486a87704802dc66c0aba4fc62c9433f7df118a125fd8016
2024-12-26,400KV NORTH TRSR,4.8368,126.3439,4.8594,official_observed_reference,1b010755dfecbef8486a87704802dc66c0aba4fc62c9433f7df118a125fd8016
2024-12-26,400KV TVM,8.782,225.779,,official_observed_reference,1b010755dfecbef8486a87704802dc66c0aba4fc62c9433f7df118a125fd8016
2024-12-26,220KV_KNPA+SBGR +PVUD+EDMN,11.1232,314.7798,12.1069,official_observed_reference,1b010755dfecbef8486a87704802dc66c0aba4fc62c9433f7df118a125fd8016
2024-12-26,110KV_MJSM +PRSLA,0.677,16.3394,,official_observed_reference,1b010755dfecbef8486a87704802dc66c0aba4fc62c9433f7df118a125fd8016
2024-12-27,400KV MDKA,7.337,170.468,6.3136,official_observed_reference,2c0b303ce276d2888778a3ed870eeaddda278198396c5190594b649e80acfca1
2024-12-27,400KV PKKD,7.369,184.831,,official_observed_reference,2c0b303ce276d2888778a3ed870eeaddda278198396c5190594b649e80acfca1
2024-12-27,400KV KOCHI+KOTTAYAM,15.813,356.632,13.2086,official_observed_reference,2c0b303ce276d2888778a3ed870eeaddda278198396c5190594b649e80acfca1
2024-12-27,400KV KOZHKOD,13.489,362.036,,official_observed_reference,2c0b303ce276d2888778a3ed870eeaddda278198396c5190594b649e80acfca1
2024-12-27,400KV NORTH TRSR,4.866,131.2099,4.8596,official_observed_reference,2c0b303ce276d2888778a3ed870eeaddda278198396c5190594b649e80acfca1
2024-12-27,400KV TVM,9.154,234.933,,official_observed_reference,2c0b303ce276d2888778a3ed870eeaddda278198396c5190594b649e80acfca1
2024-12-27,220KV_KNPA+SBGR +PVUD+EDMN,13.2924,328.0722,12.1508,official_observed_reference,2c0b303ce276d2888778a3ed870eeaddda278198396c5190594b649e80acfca1
2024-12-27,110KV_MJSM +PRSLA,0.7016,17.041,,official_observed_reference,2c0b303ce276d2888778a3ed870eeaddda278198396c5190594b649e80acfca1
2024-12-28,400KV MDKA,7.133,177.601,6.3429,official_observed_reference,25571d330773a10a276c78b32cf2ebe3ec4fe42432f0cdc40e218bab62d4b696
2024-12-28,400KV PKKD,7.396,192.227,,official_observed_reference,25571d330773a10a276c78b32cf2ebe3ec4fe42432f0cdc40e218bab62d4b696
2024-12-28,400KV KOCHI+KOTTAYAM,15.442,372.074,13.2884,official_observed_reference,25571d330773a10a276c78b32cf2ebe3ec4fe42432f0cdc40e218bab62d4b696
2024-12-28,400KV KOZHKOD,13.961,375.997,,official_observed_reference,25571d330773a10a276c78b32cf2ebe3ec4fe42432f0cdc40e218bab62d4b696
2024-12-28,400KV NORTH TRSR,5.2518,136.4617,4.8736,official_observed_reference,25571d330773a10a276c78b32cf2ebe3ec4fe42432f0cdc40e218bab62d4b696
2024-12-28,400KV TVM,9.302,244.235,,official_observed_reference,25571d330773a10a276c78b32cf2ebe3ec4fe42432f0cdc40e218bab62d4b696
2024-12-28,220KV_KNPA+SBGR +PVUD+EDMN,14.3386,342.4107,12.229,official_observed_reference,25571d330773a10a276c78b32cf2ebe3ec4fe42432f0cdc40e218bab62d4b696
2024-12-28,110KV_MJSM +PRSLA,0.6751,17.7161,,official_observed_reference,25571d330773a10a276c78b32cf2ebe3ec4fe42432f0cdc40e218bab62d4b696
2024-12-29,400KV MDKA,6.586,184.187,6.3513,official_observed_reference,9ad649fac2903adaecc0ef101b7283f2d89f371c1bcdb4192e03d1029c700b39
2024-12-29,400KV PKKD,6.801,199.028,,official_observed_reference,9ad649fac2903adaecc0ef101b7283f2d89f371c1bcdb4192e03d1029c700b39
2024-12-29,400KV KOCHI+KOTTAYAM,13.882,385.956,13.3088,official_observed_reference,9ad649fac2903adaecc0ef101b7283f2d89f371c1bcdb4192e03d1029c700b39
2024-12-29,400KV KOZHKOD,12.645,388.642,,official_observed_reference,9ad649fac2903adaecc0ef101b7283f2d89f371c1bcdb4192e03d1029c700b39
2024-12-29,400KV NORTH TRSR,4.8393,141.301,4.8724,official_observed_reference,9ad649fac2903adaecc0ef101b7283f2d89f371c1bcdb4192e03d1029c700b39
2024-12-29,400KV TVM,8.884,253.119,,official_observed_reference,9ad649fac2903adaecc0ef101b7283f2d89f371c1bcdb4192e03d1029c700b39
2024-12-29,220KV_KNPA+SBGR +PVUD+EDMN,12.8482,355.2589,12.2503,official_observed_reference,9ad649fac2903adaecc0ef101b7283f2d89f371c1bcdb4192e03d1029c700b39
2024-12-29,110KV_MJSM +PRSLA,0.6385,18.3546,,official_observed_reference,9ad649fac2903adaecc0ef101b7283f2d89f371c1bcdb4192e03d1029c700b39
2024-12-30,400KV MDKA,6.789,190.976,6.3659,official_observed_reference,80c2e577a36e1e25f135db15017165eda0a7699c155c8ed756054b52f16f340c
2024-12-30,400KV PKKD,6.976,206.004,,official_observed_reference,80c2e577a36e1e25f135db15017165eda0a7699c155c8ed756054b52f16f340c
2024-12-30,400KV KOCHI+KOTTAYAM,15.001,400.957,13.3652,official_observed_reference,80c2e577a36e1e25f135db15017165eda0a7699c155c8ed756054b52f16f340c
2024-12-30,400KV KOZHKOD,14.124,402.766,,official_observed_reference,80c2e577a36e1e25f135db15017165eda0a7699c155c8ed756054b52f16f340c
2024-12-30,400KV NORTH TRSR,5.1196,146.4207,4.8807,official_observed_reference,80c2e577a36e1e25f135db15017165eda0a7699c155c8ed756054b52f16f340c
2024-12-30,400KV TVM,9.621,262.74,,official_observed_reference,80c2e577a36e1e25f135db15017165eda0a7699c155c8ed756054b52f16f340c
2024-12-30,220KV_KNPA+SBGR +PVUD+EDMN,12.694,367.9529,12.2651,official_observed_reference,80c2e577a36e1e25f135db15017165eda0a7699c155c8ed756054b52f16f340c
2024-12-30,110KV_MJSM +PRSLA,0.6821,19.0367,,official_observed_reference,80c2e577a36e1e25f135db15017165eda0a7699c155c8ed756054b52f16f340c
2024-12-31,400KV MDKA,7.058,198.034,6.3882,official_observed_reference,74aa9759051504518f31c47f58bae0eeddaf7e70bf71f0bb3b2b1d21adcc65ca
2024-12-31,400KV PKKD,6.895,212.899,,official_observed_reference,74aa9759051504518f31c47f58bae0eeddaf7e70bf71f0bb3b2b1d21adcc65ca
2024-12-31,400KV KOCHI+KOTTAYAM,15.559,416.516,13.436,official_observed_reference,74aa9759051504518f31c47f58bae0eeddaf7e70bf71f0bb3b2b1d21adcc65ca
2024-12-31,400KV KOZHKOD,13.81,416.576,,official_observed_reference,74aa9759051504518f31c47f58bae0eeddaf7e70bf71f0bb3b2b1d21adcc65ca
2024-12-31,400KV NORTH TRSR,5.1018,151.5225,4.8878,official_observed_reference,74aa9759051504518f31c47f58bae0eeddaf7e70bf71f0bb3b2b1d21adcc65ca
2024-12-31,400KV TVM,9.639,272.379,,official_observed_reference,74aa9759051504518f31c47f58bae0eeddaf7e70bf71f0bb3b2b1d21adcc65ca
2024-12-31,220KV_KNPA+SBGR +PVUD+EDMN,14.185,382.1379,12.327,official_observed_reference,74aa9759051504518f31c47f58bae0eeddaf7e70bf71f0bb3b2b1d21adcc65ca
2024-12-31,110KV_MJSM +PRSLA,0.7084,19.745,,official_observed_reference,74aa9759051504518f31c47f58bae0eeddaf7e70bf71f0bb3b2b1d21adcc65ca
2025-01-01,400KV MDKA,7.039,7.039,7.039,official_observed_reference,79c908eda9e76eccf9b7c2ecf800a6f95bb7c96a87ecf16705f26b04ee2b7d44
2025-01-01,400KV PKKD,6.888,6.888,,official_observed_reference,79c908eda9e76eccf9b7c2ecf800a6f95bb7c96a87ecf16705f26b04ee2b7d44
2025-01-01,400KV KOCHI+KOTTAYAM,14.759,14.759,14.759,official_observed_reference,79c908eda9e76eccf9b7c2ecf800a6f95bb7c96a87ecf16705f26b04ee2b7d44
2025-01-01,400KV KOZHKOD,13.365,13.365,,official_observed_reference,79c908eda9e76eccf9b7c2ecf800a6f95bb7c96a87ecf16705f26b04ee2b7d44
2025-01-01,400KV NORTH TRSR,5.4242,5.4242,5.4242,official_observed_reference,79c908eda9e76eccf9b7c2ecf800a6f95bb7c96a87ecf16705f26b04ee2b7d44
2025-01-01,400KV TVM,9.405,9.405,,official_observed_reference,79c908eda9e76eccf9b7c2ecf800a6f95bb7c96a87ecf16705f26b04ee2b7d44
2025-01-01,220KV_KNPA+SBGR +PVUD+EDMN,14.6228,14.6228,14.6228,official_observed_reference,79c908eda9e76eccf9b7c2ecf800a6f95bb7c96a87ecf16705f26b04ee2b7d44
2025-01-01,110KV_MJSM +PRSLA,0.6632,0.6632,,official_observed_reference,79c908eda9e76eccf9b7c2ecf800a6f95bb7c96a87ecf16705f26b04ee2b7d44
2025-01-02,400KV MDKA,7.032,14.071,7.0355,official_observed_reference,af93ece81990a836180411c3625695516fa108d9de7b0933545f1a6d990679ab
2025-01-02,400KV PKKD,7.064,13.952,,official_observed_reference,af93ece81990a836180411c3625695516fa108d9de7b0933545f1a6d990679ab
2025-01-02,400KV KOCHI+KOTTAYAM,14.136,28.895,14.4475,official_observed_reference,af93ece81990a836180411c3625695516fa108d9de7b0933545f1a6d990679ab
2025-01-02,400KV KOZHKOD,13.372,26.737,,official_observed_reference,af93ece81990a836180411c3625695516fa108d9de7b0933545f1a6d990679ab
2025-01-02,400KV NORTH TRSR,5.1759,10.6001,5.3001,official_observed_reference,af93ece81990a836180411c3625695516fa108d9de7b0933545f1a6d990679ab
2025-01-02,400KV TVM,9.072,18.477,,official_observed_reference,af93ece81990a836180411c3625695516fa108d9de7b0933545f1a6d990679ab
2025-01-02,220KV_KNPA+SBGR +PVUD+EDMN,12.7584,27.3812,13.6906,official_observed_reference,af93ece81990a836180411c3625695516fa108d9de7b0933545f1a6d990679ab
2025-01-02,110KV_MJSM +PRSLA,0.5377,1.201,,official_observed_reference,af93ece81990a836180411c3625695516fa108d9de7b0933545f1a6d990679ab
2025-01-03,400KV MDKA,6.203,20.274,6.758,official_observed_reference,33e19f87b74e202b4403bb04746d634fb6c5661ced3abfc86b3a7beb05464400
2025-01-03,400KV PKKD,6.66,20.612,,official_observed_reference,33e19f87b74e202b4403bb04746d634fb6c5661ced3abfc86b3a7beb05464400
2025-01-03,400KV KOCHI+KOTTAYAM,13.479,42.374,14.1247,official_observed_reference,33e19f87b74e202b4403bb04746d634fb6c5661ced3abfc86b3a7beb05464400
2025-01-03,400KV KOZHKOD,12.908,39.645,,official_observed_reference,33e19f87b74e202b4403bb04746d634fb6c5661ced3abfc86b3a7beb05464400
2025-01-03,400KV NORTH TRSR,5.1273,15.7274,5.2425,official_observed_reference,33e19f87b74e202b4403bb04746d634fb6c5661ced3abfc86b3a7beb05464400
2025-01-03,400KV TVM,8.956,27.433,,official_observed_reference,33e19f87b74e202b4403bb04746d634fb6c5661ced3abfc86b3a7beb05464400
2025-01-03,220KV_KNPA+SBGR +PVUD+EDMN,12.2216,39.6028,13.2009,official_observed_reference,33e19f87b74e202b4403bb04746d634fb6c5661ced3abfc86b3a7beb05464400
2025-01-03,110KV_MJSM +PRSLA,0.6703,1.8712,,official_observed_reference,33e19f87b74e202b4403bb04746d634fb6c5661ced3abfc86b3a7beb05464400
2025-01-04,400KV MDKA,6.49,26.764,6.691,official_observed_reference,cc6cb4cc0ee20cdfaff7d8f354b305b1151eaae8dba83a72b10377ca5be98e3b
2025-01-04,400KV PKKD,6.905,27.517,,official_observed_reference,cc6cb4cc0ee20cdfaff7d8f354b305b1151eaae8dba83a72b10377ca5be98e3b
2025-01-04,400KV KOCHI+KOTTAYAM,13.482,55.856,13.964,official_observed_reference,cc6cb4cc0ee20cdfaff7d8f354b305b1151eaae8dba83a72b10377ca5be98e3b
2025-01-04,400KV KOZHKOD,12.11,51.755,,official_observed_reference,cc6cb4cc0ee20cdfaff7d8f354b305b1151eaae8dba83a72b10377ca5be98e3b
2025-01-04,400KV NORTH TRSR,4.8271,20.5545,5.1386,official_observed_reference,cc6cb4cc0ee20cdfaff7d8f354b305b1151eaae8dba83a72b10377ca5be98e3b
2025-01-04,400KV TVM,8.45,35.883,,official_observed_reference,cc6cb4cc0ee20cdfaff7d8f354b305b1151eaae8dba83a72b10377ca5be98e3b
2025-01-04,220KV_KNPA+SBGR +PVUD+EDMN,11.9867,51.5896,12.8974,official_observed_reference,cc6cb4cc0ee20cdfaff7d8f354b305b1151eaae8dba83a72b10377ca5be98e3b
2025-01-04,110KV_MJSM +PRSLA,0.6532,2.5244,,official_observed_reference,cc6cb4cc0ee20cdfaff7d8f354b305b1151eaae8dba83a72b10377ca5be98e3b
2025-01-05,400KV MDKA,5.987,32.751,6.5502,official_observed_reference,a37772c1b6ef654e56a13dd77f35a0e54ab164a55b884d1eac195357002463d6
2025-01-05,400KV PKKD,6.346,33.863,,official_observed_reference,a37772c1b6ef654e56a13dd77f35a0e54ab164a55b884d1eac195357002463d6
2025-01-05,400KV KOCHI+KOTTAYAM,11.68,67.536,13.5072,official_observed_reference,a37772c1b6ef654e56a13dd77f35a0e54ab164a55b884d1eac195357002463d6
2025-01-05,400KV KOZHKOD,11.18,62.935,,official_observed_reference,a37772c1b6ef654e56a13dd77f35a0e54ab164a55b884d1eac195357002463d6
2025-01-05,400KV NORTH TRSR,4.5654,25.1199,5.024,official_observed_reference,a37772c1b6ef654e56a13dd77f35a0e54ab164a55b884d1eac195357002463d6
2025-01-05,400KV TVM,8.301,44.184,,official_observed_reference,a37772c1b6ef654e56a13dd77f35a0e54ab164a55b884d1eac195357002463d6
2025-01-05,220KV_KNPA+SBGR +PVUD+EDMN,10.6156,62.2052,12.441,official_observed_reference,a37772c1b6ef654e56a13dd77f35a0e54ab164a55b884d1eac195357002463d6
2025-01-05,110KV_MJSM +PRSLA,0.6343,3.1588,,official_observed_reference,a37772c1b6ef654e56a13dd77f35a0e54ab164a55b884d1eac195357002463d6
2025-01-06,400KV MDKA,6.217,38.968,6.4947,official_observed_reference,4dbd99b0b123a75121686fabd954191fd995fea0f7dfeebf446f341dba5792dc
2025-01-06,400KV PKKD,6.986,40.849,,official_observed_reference,4dbd99b0b123a75121686fabd954191fd995fea0f7dfeebf446f341dba5792dc
2025-01-06,400KV KOCHI+KOTTAYAM,12.191,79.727,13.2878,official_observed_reference,4dbd99b0b123a75121686fabd954191fd995fea0f7dfeebf446f341dba5792dc
2025-01-06,400KV KOZHKOD,12.344,75.279,,official_observed_reference,4dbd99b0b123a75121686fabd954191fd995fea0f7dfeebf446f341dba5792dc
2025-01-06,400KV NORTH TRSR,5.0249,30.1448,5.0241,official_observed_reference,4dbd99b0b123a75121686fabd954191fd995fea0f7dfeebf446f341dba5792dc
2025-01-06,400KV TVM,8.666,52.85,,official_observed_reference,4dbd99b0b123a75121686fabd954191fd995fea0f7dfeebf446f341dba5792dc
2025-01-06,220KV_KNPA+SBGR +PVUD+EDMN,11.2702,73.4754,12.2459,official_observed_reference,4dbd99b0b123a75121686fabd954191fd995fea0f7dfeebf446f341dba5792dc
2025-01-06,110KV_MJSM +PRSLA,0.6579,3.8166,,official_observed_reference,4dbd99b0b123a75121686fabd954191fd995fea0f7dfeebf446f341dba5792dc
2025-01-07,400KV MDKA,6.472,45.44,6.4914,official_observed_reference,80ef64efc7ebbd3cfb3d3fe2123024736fed15f0959ff706f48047f0ace3d5eb
2025-01-07,400KV PKKD,6.943,47.792,,official_observed_reference,80ef64efc7ebbd3cfb3d3fe2123024736fed15f0959ff706f48047f0ace3d5eb
2025-01-07,400KV KOCHI+KOTTAYAM,13.528,93.255,13.3221,official_observed_reference,80ef64efc7ebbd3cfb3d3fe2123024736fed15f0959ff706f48047f0ace3d5eb
2025-01-07,400KV KOZHKOD,12.433,87.712,,official_observed_reference,80ef64efc7ebbd3cfb3d3fe2123024736fed15f0959ff706f48047f0ace3d5eb
2025-01-07,400KV NORTH TRSR,5.0663,35.2111,5.0302,official_observed_reference,80ef64efc7ebbd3cfb3d3fe2123024736fed15f0959ff706f48047f0ace3d5eb
2025-01-07,400KV TVM,8.855,61.705,,official_observed_reference,80ef64efc7ebbd3cfb3d3fe2123024736fed15f0959ff706f48047f0ace3d5eb
2025-01-07,220KV_KNPA+SBGR +PVUD+EDMN,10.6093,84.0846,12.0121,official_observed_reference,80ef64efc7ebbd3cfb3d3fe2123024736fed15f0959ff706f48047f0ace3d5eb
2025-01-07,110KV_MJSM +PRSLA,0.4081,4.2247,,official_observed_reference,80ef64efc7ebbd3cfb3d3fe2123024736fed15f0959ff706f48047f0ace3d5eb
2025-01-08,400KV MDKA,7.014,52.454,6.5568,official_observed_reference,87bececd96aeaac83134159be107d6b5f36c75fc55066ba8b9afd195db42d9de
2025-01-08,400KV PKKD,7.281,55.073,,official_observed_reference,87bececd96aeaac83134159be107d6b5f36c75fc55066ba8b9afd195db42d9de
2025-01-08,400KV KOCHI+KOTTAYAM,13.279,106.534,13.3168,official_observed_reference,87bececd96aeaac83134159be107d6b5f36c75fc55066ba8b9afd195db42d9de
2025-01-08,400KV KOZHKOD,12.826,100.538,,official_observed_reference,87bececd96aeaac83134159be107d6b5f36c75fc55066ba8b9afd195db42d9de
2025-01-08,400KV NORTH TRSR,5.0439,40.2549,5.0319,official_observed_reference,87bececd96aeaac83134159be107d6b5f36c75fc55066ba8b9afd195db42d9de
2025-01-08,400KV TVM,9.028,70.733,,official_observed_reference,87bececd96aeaac83134159be107d6b5f36c75fc55066ba8b9afd195db42d9de
2025-01-08,220KV_KNPA+SBGR +PVUD+EDMN,10.3878,94.4724,11.8091,official_observed_reference,87bececd96aeaac83134159be107d6b5f36c75fc55066ba8b9afd195db42d9de
2025-01-08,110KV_MJSM +PRSLA,0.3223,4.5471,,official_observed_reference,87bececd96aeaac83134159be107d6b5f36c75fc55066ba8b9afd195db42d9de
2025-01-09,400KV MDKA,6.811,59.265,6.585,official_observed_reference,4099c76545befd08fe5291e82c244d7b2940e11d95526072b71f227df8ceac52
2025-01-09,400KV PKKD,7.077,62.15,,official_observed_reference,4099c76545befd08fe5291e82c244d7b2940e11d95526072b71f227df8ceac52
2025-01-09,400KV KOCHI+KOTTAYAM,12.717,119.251,13.2501,official_observed_reference,4099c76545befd08fe5291e82c244d7b2940e11d95526072b71f227df8ceac52
2025-01-09,400KV KOZHKOD,12.99,113.528,,official_observed_reference,4099c76545befd08fe5291e82c244d7b2940e11d95526072b71f227df8ceac52
2025-01-09,400KV NORTH TRSR,4.9195,45.1744,5.0194,official_observed_reference,4099c76545befd08fe5291e82c244d7b2940e11d95526072b71f227df8ceac52
2025-01-09,400KV TVM,8.8,79.533,,official_observed_reference,4099c76545befd08fe5291e82c244d7b2940e11d95526072b71f227df8ceac52
2025-01-09,220KV_KNPA+SBGR +PVUD+EDMN,10.4524,104.9248,11.6583,official_observed_reference,4099c76545befd08fe5291e82c244d7b2940e11d95526072b71f227df8ceac52
2025-01-09,110KV_MJSM +PRSLA,0.361,4.9081,,official_observed_reference,4099c76545befd08fe5291e82c244d7b2940e11d95526072b71f227df8ceac52
2025-01-10,400KV MDKA,6.532,65.797,6.5797,official_observed_reference,6b80fa3b29237579298c88da83cc5f6e4e4c6311d065302aa83d8ad4e8210679
2025-01-10,400KV PKKD,7.053,69.203,,official_observed_reference,6b80fa3b29237579298c88da83cc5f6e4e4c6311d065302aa83d8ad4e8210679
2025-01-10,400KV KOCHI+KOTTAYAM,12.179,131.43,13.143,official_observed_reference,6b80fa3b29237579298c88da83cc5f6e4e4c6311d065302aa83d8ad4e8210679
2025-01-10,400KV KOZHKOD,13.02,126.548,,official_observed_reference,6b80fa3b29237579298c88da83cc5f6e4e4c6311d065302aa83d8ad4e8210679
2025-01-10,400KV NORTH TRSR,5.1857,50.3601,5.036,official_observed_reference,6b80fa3b29237579298c88da83cc5f6e4e4c6311d065302aa83d8ad4e8210679
2025-01-10,400KV TVM,8.669,88.202,,official_observed_reference,6b80fa3b29237579298c88da83cc5f6e4e4c6311d065302aa83d8ad4e8210679
2025-01-10,220KV_KNPA+SBGR +PVUD+EDMN,10.2179,115.1427,11.5143,official_observed_reference,6b80fa3b29237579298c88da83cc5f6e4e4c6311d065302aa83d8ad4e8210679
2025-01-10,110KV_MJSM +PRSLA,0.4501,5.3582,,official_observed_reference,6b80fa3b29237579298c88da83cc5f6e4e4c6311d065302aa83d8ad4e8210679
2025-01-11,400KV MDKA,6.523,72.32,6.5745,official_observed_reference,919aa9f96d63963028117ea62b5ff15817a822c87e6d2dcdfc3fc8516aabb397
2025-01-11,400KV PKKD,7.178,76.381,,official_observed_reference,919aa9f96d63963028117ea62b5ff15817a822c87e6d2dcdfc3fc8516aabb397
2025-01-11,400KV KOCHI+KOTTAYAM,10.923,142.353,12.9412,official_observed_reference,919aa9f96d63963028117ea62b5ff15817a822c87e6d2dcdfc3fc8516aabb397
2025-01-11,400KV KOZHKOD,13.256,139.804,,official_observed_reference,919aa9f96d63963028117ea62b5ff15817a822c87e6d2dcdfc3fc8516aabb397
2025-01-11,400KV NORTH TRSR,5.3158,55.6759,5.0614,official_observed_reference,919aa9f96d63963028117ea62b5ff15817a822c87e6d2dcdfc3fc8516aabb397
2025-01-11,400KV TVM,8.397,96.599,,official_observed_reference,919aa9f96d63963028117ea62b5ff15817a822c87e6d2dcdfc3fc8516aabb397
2025-01-11,220KV_KNPA+SBGR +PVUD+EDMN,9.7844,124.9271,11.357,official_observed_reference,919aa9f96d63963028117ea62b5ff15817a822c87e6d2dcdfc3fc8516aabb397
2025-01-11,110KV_MJSM +PRSLA,0.4515,5.8098,,official_observed_reference,919aa9f96d63963028117ea62b5ff15817a822c87e6d2dcdfc3fc8516aabb397
2025-01-12,400KV MDKA,6.407,78.727,6.5606,official_observed_reference,24f4d5259b8f2c613a6c9723673863396a6e34b2208da8541bce362de22317da
2025-01-12,400KV PKKD,6.969,83.35,,official_observed_reference,24f4d5259b8f2c613a6c9723673863396a6e34b2208da8541bce362de22317da
2025-01-12,400KV KOCHI+KOTTAYAM,11.726,154.079,12.8399,official_observed_reference,24f4d5259b8f2c613a6c9723673863396a6e34b2208da8541bce362de22317da
2025-01-12,400KV KOZHKOD,12.865,152.669,,official_observed_reference,24f4d5259b8f2c613a6c9723673863396a6e34b2208da8541bce362de22317da
2025-01-12,400KV NORTH TRSR,5.0642,60.7401,5.0617,official_observed_reference,24f4d5259b8f2c613a6c9723673863396a6e34b2208da8541bce362de22317da
2025-01-12,400KV TVM,8.137,104.736,,official_observed_reference,24f4d5259b8f2c613a6c9723673863396a6e34b2208da8541bce362de22317da
2025-01-12,220KV_KNPA+SBGR +PVUD+EDMN,10.5746,135.5017,11.2918,official_observed_reference,24f4d5259b8f2c613a6c9723673863396a6e34b2208da8541bce362de22317da
2025-01-12,110KV_MJSM +PRSLA,0.4223,6.232,,official_observed_reference,24f4d5259b8f2c613a6c9723673863396a6e34b2208da8541bce362de22317da
2025-01-13,400KV MDKA,6.944,85.671,6.5901,official_observed_reference,b4aa99b8167cfdee6c7ffe4fdda5ea9729e6ab34e189a674dd990d2b0074a090
2025-01-13,400KV PKKD,7.506,90.856,,official_observed_reference,b4aa99b8167cfdee6c7ffe4fdda5ea9729e6ab34e189a674dd990d2b0074a090
2025-01-13,400KV KOCHI+KOTTAYAM,12.429,166.508,12.8083,official_observed_reference,b4aa99b8167cfdee6c7ffe4fdda5ea9729e6ab34e189a674dd990d2b0074a090
2025-01-13,400KV KOZHKOD,14.215,166.884,,official_observed_reference,b4aa99b8167cfdee6c7ffe4fdda5ea9729e6ab34e189a674dd990d2b0074a090
2025-01-13,400KV NORTH TRSR,5.5952,66.3353,5.1027,official_observed_reference,b4aa99b8167cfdee6c7ffe4fdda5ea9729e6ab34e189a674dd990d2b0074a090
2025-01-13,400KV TVM,8.737,113.473,,official_observed_reference,b4aa99b8167cfdee6c7ffe4fdda5ea9729e6ab34e189a674dd990d2b0074a090
2025-01-13,220KV_KNPA+SBGR +PVUD+EDMN,11.5617,147.0634,11.3126,official_observed_reference,b4aa99b8167cfdee6c7ffe4fdda5ea9729e6ab34e189a674dd990d2b0074a090
2025-01-13,110KV_MJSM +PRSLA,0.4604,6.6925,,official_observed_reference,b4aa99b8167cfdee6c7ffe4fdda5ea9729e6ab34e189a674dd990d2b0074a090
2025-01-14,400KV MDKA,6.901,92.572,6.6123,official_observed_reference,b7312ee10ddc152274c64ed7a1d6bea72d400985bff073cfbddc4dac863acee3
2025-01-14,400KV PKKD,8.084,98.94,,official_observed_reference,b7312ee10ddc152274c64ed7a1d6bea72d400985bff073cfbddc4dac863acee3
2025-01-14,400KV KOCHI+KOTTAYAM,13.534,180.042,12.8601,official_observed_reference,b7312ee10ddc152274c64ed7a1d6bea72d400985bff073cfbddc4dac863acee3
2025-01-14,400KV KOZHKOD,14.512,181.396,,official_observed_reference,b7312ee10ddc152274c64ed7a1d6bea72d400985bff073cfbddc4dac863acee3
2025-01-14,400KV NORTH TRSR,5.9323,72.2676,5.162,official_observed_reference,b7312ee10ddc152274c64ed7a1d6bea72d400985bff073cfbddc4dac863acee3
2025-01-14,400KV TVM,8.954,122.427,,official_observed_reference,b7312ee10ddc152274c64ed7a1d6bea72d400985bff073cfbddc4dac863acee3
2025-01-14,220KV_KNPA+SBGR +PVUD+EDMN,14.4307,161.4941,11.5353,official_observed_reference,b7312ee10ddc152274c64ed7a1d6bea72d400985bff073cfbddc4dac863acee3
2025-01-14,110KV_MJSM +PRSLA,0.36,7.0524,,official_observed_reference,b7312ee10ddc152274c64ed7a1d6bea72d400985bff073cfbddc4dac863acee3
2025-01-15,400KV MDKA,6.99,99.562,6.6375,official_observed_reference,ee5fdcdbe689da9696987624a7ccaac4e3d8a5910cbd9f833e92ee920baa614f
2025-01-15,400KV PKKD,7.588,106.528,,official_observed_reference,ee5fdcdbe689da9696987624a7ccaac4e3d8a5910cbd9f833e92ee920baa614f
2025-01-15,400KV KOCHI+KOTTAYAM,12.517,192.559,12.8373,official_observed_reference,ee5fdcdbe689da9696987624a7ccaac4e3d8a5910cbd9f833e92ee920baa614f
2025-01-15,400KV KOZHKOD,14.632,196.028,,official_observed_reference,ee5fdcdbe689da9696987624a7ccaac4e3d8a5910cbd9f833e92ee920baa614f
2025-01-15,400KV NORTH TRSR,5.9709,78.2385,5.2159,official_observed_reference,ee5fdcdbe689da9696987624a7ccaac4e3d8a5910cbd9f833e92ee920baa614f
2025-01-15,400KV TVM,8.713,131.14,,official_observed_reference,ee5fdcdbe689da9696987624a7ccaac4e3d8a5910cbd9f833e92ee920baa614f
2025-01-15,220KV_KNPA+SBGR +PVUD+EDMN,14.4645,175.9586,11.7306,official_observed_reference,ee5fdcdbe689da9696987624a7ccaac4e3d8a5910cbd9f833e92ee920baa614f
2025-01-15,110KV_MJSM +PRSLA,0.4044,7.4568,,official_observed_reference,ee5fdcdbe689da9696987624a7ccaac4e3d8a5910cbd9f833e92ee920baa614f
2025-01-16,400KV MDKA,6.421,105.983,6.6239,official_observed_reference,628185775943a15718e5f5f2e4b96112595d3cbf9b1de0234b465292a32a437c
2025-01-16,400KV PKKD,7.588,114.116,,official_observed_reference,628185775943a15718e5f5f2e4b96112595d3cbf9b1de0234b465292a32a437c
2025-01-16,400KV KOCHI+KOTTAYAM,12.228,204.787,12.7992,official_observed_reference,628185775943a15718e5f5f2e4b96112595d3cbf9b1de0234b465292a32a437c
2025-01-16,400KV KOZHKOD,13.858,209.886,,official_observed_reference,628185775943a15718e5f5f2e4b96112595d3cbf9b1de0234b465292a32a437c
2025-01-16,400KV NORTH TRSR,5.8398,84.0783,5.2549,official_observed_reference,628185775943a15718e5f5f2e4b96112595d3cbf9b1de0234b465292a32a437c
2025-01-16,400KV TVM,8.708,139.848,,official_observed_reference,628185775943a15718e5f5f2e4b96112595d3cbf9b1de0234b465292a32a437c
2025-01-16,220KV_KNPA+SBGR +PVUD+EDMN,13.7456,189.7042,11.8565,official_observed_reference,628185775943a15718e5f5f2e4b96112595d3cbf9b1de0234b465292a32a437c
2025-01-16,110KV_MJSM +PRSLA,0.4592,7.916,,official_observed_reference,628185775943a15718e5f5f2e4b96112595d3cbf9b1de0234b465292a32a437c
2025-01-17,400KV MDKA,6.447,112.43,6.6135,official_observed_reference,b77f75f9ad03f130176acd7bf5b26c96d2d2fe5a080f5e2cd9b7ce9f0f943379
2025-01-17,400KV PKKD,7.285,121.401,,official_observed_reference,b77f75f9ad03f130176acd7bf5b26c96d2d2fe5a080f5e2cd9b7ce9f0f943379
2025-01-17,400KV KOCHI+KOTTAYAM,12.485,217.272,12.7807,official_observed_reference,b77f75f9ad03f130176acd7bf5b26c96d2d2fe5a080f5e2cd9b7ce9f0f943379
2025-01-17,400KV KOZHKOD,13.876,223.762,,official_observed_reference,b77f75f9ad03f130176acd7bf5b26c96d2d2fe5a080f5e2cd9b7ce9f0f943379
2025-01-17,400KV NORTH TRSR,5.4206,89.4989,5.2646,official_observed_reference,b77f75f9ad03f130176acd7bf5b26c96d2d2fe5a080f5e2cd9b7ce9f0f943379
2025-01-17,400KV TVM,8.311,148.159,,official_observed_reference,b77f75f9ad03f130176acd7bf5b26c96d2d2fe5a080f5e2cd9b7ce9f0f943379
2025-01-17,220KV_KNPA+SBGR +PVUD+EDMN,13.0656,202.7697,11.9276,official_observed_reference,b77f75f9ad03f130176acd7bf5b26c96d2d2fe5a080f5e2cd9b7ce9f0f943379
2025-01-17,110KV_MJSM +PRSLA,0.4231,8.3391,,official_observed_reference,b77f75f9ad03f130176acd7bf5b26c96d2d2fe5a080f5e2cd9b7ce9f0f943379
2025-01-18,400KV MDKA,6.608,119.038,6.6132,official_observed_reference,3c44100d86d0499951ad5a2687ffc7264f9833f677ed537699ce7b6256090447
2025-01-18,400KV PKKD,7.338,128.739,,official_observed_reference,3c44100d86d0499951ad5a2687ffc7264f9833f677ed537699ce7b6256090447
2025-01-18,400KV KOCHI+KOTTAYAM,13.415,230.687,12.8159,official_observed_reference,3c44100d86d0499951ad5a2687ffc7264f9833f677ed537699ce7b6256090447
2025-01-18,400KV KOZHKOD,13.927,237.689,,official_observed_reference,3c44100d86d0499951ad5a2687ffc7264f9833f677ed537699ce7b6256090447
2025-01-18,400KV NORTH TRSR,5.2239,94.7227,5.2624,official_observed_reference,3c44100d86d0499951ad5a2687ffc7264f9833f677ed537699ce7b6256090447
2025-01-18,400KV TVM,8.392,156.551,,official_observed_reference,3c44100d86d0499951ad5a2687ffc7264f9833f677ed537699ce7b6256090447
2025-01-18,220KV_KNPA+SBGR +PVUD+EDMN,12.8369,215.6067,11.9781,official_observed_reference,3c44100d86d0499951ad5a2687ffc7264f9833f677ed537699ce7b6256090447
2025-01-18,110KV_MJSM +PRSLA,0.4056,8.7447,,official_observed_reference,3c44100d86d0499951ad5a2687ffc7264f9833f677ed537699ce7b6256090447
2025-01-19,400KV MDKA,6.716,125.754,6.6186,official_observed_reference,6f5106b19397f3c937708272f273b08b90fecb849e3d07bcd281a51d72fdbb57
2025-01-19,400KV PKKD,7.019,135.758,,official_observed_reference,6f5106b19397f3c937708272f273b08b90fecb849e3d07bcd281a51d72fdbb57
2025-01-19,400KV KOCHI+KOTTAYAM,13.154,243.841,12.8337,official_observed_reference,6f5106b19397f3c937708272f273b08b90fecb849e3d07bcd281a51d72fdbb57
2025-01-19,400KV KOZHKOD,13.444,251.133,,official_observed_reference,6f5106b19397f3c937708272f273b08b90fecb849e3d07bcd281a51d72fdbb57
2025-01-19,400KV NORTH TRSR,5.0143,99.737,5.2493,official_observed_reference,6f5106b19397f3c937708272f273b08b90fecb849e3d07bcd281a51d72fdbb57
2025-01-19,400KV TVM,8.295,164.846,,official_observed_reference,6f5106b19397f3c937708272f273b08b90fecb849e3d07bcd281a51d72fdbb57
2025-01-19,220KV_KNPA+SBGR +PVUD+EDMN,12.3503,227.957,11.9977,official_observed_reference,6f5106b19397f3c937708272f273b08b90fecb849e3d07bcd281a51d72fdbb57
2025-01-19,110KV_MJSM +PRSLA,0.4396,9.1843,,official_observed_reference,6f5106b19397f3c937708272f273b08b90fecb849e3d07bcd281a51d72fdbb57
2025-01-20,400KV MDKA,6.792,132.546,6.6273,official_observed_reference,a557646c279e6404891b99de5956e0bf19e128b7ebb3190c908994077a605bc2
2025-01-20,400KV PKKD,7.14,142.898,,official_observed_reference,a557646c279e6404891b99de5956e0bf19e128b7ebb3190c908994077a605bc2
2025-01-20,400KV KOCHI+KOTTAYAM,12.974,256.815,12.8408,official_observed_reference,a557646c279e6404891b99de5956e0bf19e128b7ebb3190c908994077a605bc2
2025-01-20,400KV KOZHKOD,13.788,264.921,,official_observed_reference,a557646c279e6404891b99de5956e0bf19e128b7ebb3190c908994077a605bc2
2025-01-20,400KV NORTH TRSR,5.2688,105.0059,5.2503,official_observed_reference,a557646c279e6404891b99de5956e0bf19e128b7ebb3190c908994077a605bc2
2025-01-20,400KV TVM,8.575,173.421,,official_observed_reference,a557646c279e6404891b99de5956e0bf19e128b7ebb3190c908994077a605bc2
2025-01-20,220KV_KNPA+SBGR +PVUD+EDMN,12.8466,240.8036,12.0402,official_observed_reference,a557646c279e6404891b99de5956e0bf19e128b7ebb3190c908994077a605bc2
2025-01-20,110KV_MJSM +PRSLA,0.4622,9.6465,,official_observed_reference,a557646c279e6404891b99de5956e0bf19e128b7ebb3190c908994077a605bc2
2025-01-21,400KV MDKA,6.901,139.447,6.6403,official_observed_reference,8ddda62d9d44910409147f29f7273bb17624c155cc5f401715001b433e02402b
2025-01-21,400KV PKKD,7.624,150.522,,official_observed_reference,8ddda62d9d44910409147f29f7273bb17624c155cc5f401715001b433e02402b
2025-01-21,400KV KOCHI+KOTTAYAM,14.087,270.902,12.9001,official_observed_reference,8ddda62d9d44910409147f29f7273bb17624c155cc5f401715001b433e02402b
2025-01-21,400KV KOZHKOD,13.578,278.499,,official_observed_reference,8ddda62d9d44910409147f29f7273bb17624c155cc5f401715001b433e02402b
2025-01-21,400KV NORTH TRSR,5.3563,110.3621,5.2553,official_observed_reference,8ddda62d9d44910409147f29f7273bb17624c155cc5f401715001b433e02402b
2025-01-21,400KV TVM,8.533,181.954,,official_observed_reference,8ddda62d9d44910409147f29f7273bb17624c155cc5f401715001b433e02402b
2025-01-21,220KV_KNPA+SBGR +PVUD+EDMN,12.5196,253.3232,12.063,official_observed_reference,8ddda62d9d44910409147f29f7273bb17624c155cc5f401715001b433e02402b
2025-01-21,110KV_MJSM +PRSLA,0.7464,10.3929,,official_observed_reference,8ddda62d9d44910409147f29f7273bb17624c155cc5f401715001b433e02402b
2025-01-22,400KV MDKA,6.435,145.882,6.631,official_observed_reference,4c361020f2e9f5646c9f0801db11fa13d7a23f0738fa75bbfbf19b4906498d8f
2025-01-22,400KV PKKD,7.36,157.882,,official_observed_reference,4c361020f2e9f5646c9f0801db11fa13d7a23f0738fa75bbfbf19b4906498d8f
2025-01-22,400KV KOCHI+KOTTAYAM,13.867,284.769,12.944,official_observed_reference,4c361020f2e9f5646c9f0801db11fa13d7a23f0738fa75bbfbf19b4906498d8f
2025-01-22,400KV KOZHKOD,14.599,293.098,,official_observed_reference,4c361020f2e9f5646c9f0801db11fa13d7a23f0738fa75bbfbf19b4906498d8f
2025-01-22,400KV NORTH TRSR,5.1886,115.5507,5.2523,official_observed_reference,4c361020f2e9f5646c9f0801db11fa13d7a23f0738fa75bbfbf19b4906498d8f
2025-01-22,400KV TVM,8.61,190.564,,official_observed_reference,4c361020f2e9f5646c9f0801db11fa13d7a23f0738fa75bbfbf19b4906498d8f
2025-01-22,220KV_KNPA+SBGR +PVUD+EDMN,12.6772,266.0004,12.0909,official_observed_reference,4c361020f2e9f5646c9f0801db11fa13d7a23f0738fa75bbfbf19b4906498d8f
2025-01-22,110KV_MJSM +PRSLA,0.7346,11.1275,,official_observed_reference,4c361020f2e9f5646c9f0801db11fa13d7a23f0738fa75bbfbf19b4906498d8f
2025-01-23,400KV MDKA,7.201,153.083,6.6558,official_observed_reference,fbc5bacd8b3c37cf48bf280d99556453b19da6d3a13d429ed3ade687f20ef4b0
2025-01-23,400KV PKKD,7.92,165.802,,official_observed_reference,fbc5bacd8b3c37cf48bf280d99556453b19da6d3a13d429ed3ade687f20ef4b0
2025-01-23,400KV KOCHI+KOTTAYAM,15.18,299.949,13.0413,official_observed_reference,fbc5bacd8b3c37cf48bf280d99556453b19da6d3a13d429ed3ade687f20ef4b0
2025-01-23,400KV KOZHKOD,14.271,307.369,,official_observed_reference,fbc5bacd8b3c37cf48bf280d99556453b19da6d3a13d429ed3ade687f20ef4b0
2025-01-23,400KV NORTH TRSR,5.3959,120.9466,5.2585,official_observed_reference,fbc5bacd8b3c37cf48bf280d99556453b19da6d3a13d429ed3ade687f20ef4b0
2025-01-23,400KV TVM,8.81,199.374,,official_observed_reference,fbc5bacd8b3c37cf48bf280d99556453b19da6d3a13d429ed3ade687f20ef4b0
2025-01-23,220KV_KNPA+SBGR +PVUD+EDMN,12.8541,278.8545,12.1241,official_observed_reference,fbc5bacd8b3c37cf48bf280d99556453b19da6d3a13d429ed3ade687f20ef4b0
2025-01-23,110KV_MJSM +PRSLA,0.608,11.7355,,official_observed_reference,fbc5bacd8b3c37cf48bf280d99556453b19da6d3a13d429ed3ade687f20ef4b0
2025-01-24,400KV MDKA,7.004,160.087,6.6703,official_observed_reference,82ab7f8e5900a302965706f3596ac04c7d5656d9560d9f2ff7a54ca5f741a245
2025-01-24,400KV PKKD,7.465,173.267,,official_observed_reference,82ab7f8e5900a302965706f3596ac04c7d5656d9560d9f2ff7a54ca5f741a245
2025-01-24,400KV KOCHI+KOTTAYAM,14.395,314.344,13.0977,official_observed_reference,82ab7f8e5900a302965706f3596ac04c7d5656d9560d9f2ff7a54ca5f741a245
2025-01-24,400KV KOZHKOD,13.638,321.007,,official_observed_reference,82ab7f8e5900a302965706f3596ac04c7d5656d9560d9f2ff7a54ca5f741a245
2025-01-24,400KV NORTH TRSR,5.3002,126.2468,5.2603,official_observed_reference,82ab7f8e5900a302965706f3596ac04c7d5656d9560d9f2ff7a54ca5f741a245
2025-01-24,400KV TVM,8.927,208.301,,official_observed_reference,82ab7f8e5900a302965706f3596ac04c7d5656d9560d9f2ff7a54ca5f741a245
2025-01-24,220KV_KNPA+SBGR +PVUD+EDMN,12.7738,291.6283,12.1512,official_observed_reference,82ab7f8e5900a302965706f3596ac04c7d5656d9560d9f2ff7a54ca5f741a245
2025-01-24,110KV_MJSM +PRSLA,0.7372,12.4727,,official_observed_reference,82ab7f8e5900a302965706f3596ac04c7d5656d9560d9f2ff7a54ca5f741a245
2025-01-25,400KV MDKA,6.786,166.873,6.6749,official_observed_reference,b164ea970b01ab88e5332c747b1a9104908b088283ac487bb288a824a34ff7d3
2025-01-25,400KV PKKD,7.642,180.909,,official_observed_reference,b164ea970b01ab88e5332c747b1a9104908b088283ac487bb288a824a34ff7d3
2025-01-25,400KV KOCHI+KOTTAYAM,14.098,328.442,13.1377,official_observed_reference,b164ea970b01ab88e5332c747b1a9104908b088283ac487bb288a824a34ff7d3
2025-01-25,400KV KOZHKOD,13.594,334.601,,official_observed_reference,b164ea970b01ab88e5332c747b1a9104908b088283ac487bb288a824a34ff7d3
2025-01-25,400KV NORTH TRSR,5.4429,131.6898,5.2676,official_observed_reference,b164ea970b01ab88e5332c747b1a9104908b088283ac487bb288a824a34ff7d3
2025-01-25,400KV TVM,8.921,217.222,,official_observed_reference,b164ea970b01ab88e5332c747b1a9104908b088283ac487bb288a824a34ff7d3
2025-01-25,220KV_KNPA+SBGR +PVUD+EDMN,13.093,304.7213,12.1889,official_observed_reference,b164ea970b01ab88e5332c747b1a9104908b088283ac487bb288a824a34ff7d3
2025-01-25,110KV_MJSM +PRSLA,0.7256,13.1983,,official_observed_reference,b164ea970b01ab88e5332c747b1a9104908b088283ac487bb288a824a34ff7d3
2025-01-26,400KV MDKA,6.413,173.286,6.6648,official_observed_reference,aa6f3023d560181518b119b10cd4c5a044082dab39b0ab6e90db9dfe69970724
2025-01-26,400KV PKKD,6.499,187.408,,official_observed_reference,aa6f3023d560181518b119b10cd4c5a044082dab39b0ab6e90db9dfe69970724
2025-01-26,400KV KOCHI+KOTTAYAM,13.122,341.564,13.1371,official_observed_reference,aa6f3023d560181518b119b10cd4c5a044082dab39b0ab6e90db9dfe69970724
2025-01-26,400KV KOZHKOD,12.112,346.713,,official_observed_reference,aa6f3023d560181518b119b10cd4c5a044082dab39b0ab6e90db9dfe69970724
2025-01-26,400KV NORTH TRSR,5.1714,136.8612,5.2639,official_observed_reference,aa6f3023d560181518b119b10cd4c5a044082dab39b0ab6e90db9dfe69970724
2025-01-26,400KV TVM,8.343,225.565,,official_observed_reference,aa6f3023d560181518b119b10cd4c5a044082dab39b0ab6e90db9dfe69970724
2025-01-26,220KV_KNPA+SBGR +PVUD+EDMN,13.2185,317.9397,12.2285,official_observed_reference,aa6f3023d560181518b119b10cd4c5a044082dab39b0ab6e90db9dfe69970724
2025-01-26,110KV_MJSM +PRSLA,0.697,13.8953,,official_observed_reference,aa6f3023d560181518b119b10cd4c5a044082dab39b0ab6e90db9dfe69970724
2025-01-27,400KV MDKA,6.711,179.997,6.6666,official_observed_reference,0fe32e1f79acc0398647adfff6cdf00cebb1ed6d26fd78c79974c0944c4d71ce
2025-01-27,400KV PKKD,6.787,194.195,,official_observed_reference,0fe32e1f79acc0398647adfff6cdf00cebb1ed6d26fd78c79974c0944c4d71ce
2025-01-27,400KV KOCHI+KOTTAYAM,13.244,354.808,13.141,official_observed_reference,0fe32e1f79acc0398647adfff6cdf00cebb1ed6d26fd78c79974c0944c4d71ce
2025-01-27,400KV KOZHKOD,12.986,359.699,,official_observed_reference,0fe32e1f79acc0398647adfff6cdf00cebb1ed6d26fd78c79974c0944c4d71ce
2025-01-27,400KV NORTH TRSR,5.2412,142.1024,5.2631,official_observed_reference,0fe32e1f79acc0398647adfff6cdf00cebb1ed6d26fd78c79974c0944c4d71ce
2025-01-27,400KV TVM,8.509,234.074,,official_observed_reference,0fe32e1f79acc0398647adfff6cdf00cebb1ed6d26fd78c79974c0944c4d71ce
2025-01-27,220KV_KNPA+SBGR +PVUD+EDMN,12.7235,330.6632,12.2468,official_observed_reference,0fe32e1f79acc0398647adfff6cdf00cebb1ed6d26fd78c79974c0944c4d71ce
2025-01-27,110KV_MJSM +PRSLA,0.7042,14.5995,,official_observed_reference,0fe32e1f79acc0398647adfff6cdf00cebb1ed6d26fd78c79974c0944c4d71ce
2025-01-28,400KV MDKA,6.802,186.799,6.6714,official_observed_reference,214812b5b66cc70d897a0cc1dc109720c973a08d0fe2314a3e3df1f4ab5c7444
2025-01-28,400KV PKKD,7.485,201.68,,official_observed_reference,214812b5b66cc70d897a0cc1dc109720c973a08d0fe2314a3e3df1f4ab5c7444
2025-01-28,400KV KOCHI+KOTTAYAM,13.822,368.63,13.1654,official_observed_reference,214812b5b66cc70d897a0cc1dc109720c973a08d0fe2314a3e3df1f4ab5c7444
2025-01-28,400KV KOZHKOD,13.611,373.31,,official_observed_reference,214812b5b66cc70d897a0cc1dc109720c973a08d0fe2314a3e3df1f4ab5c7444
2025-01-28,400KV NORTH TRSR,5.2679,147.3703,5.2632,official_observed_reference,214812b5b66cc70d897a0cc1dc109720c973a08d0fe2314a3e3df1f4ab5c7444
2025-01-28,400KV TVM,8.703,242.777,,official_observed_reference,214812b5b66cc70d897a0cc1dc109720c973a08d0fe2314a3e3df1f4ab5c7444
2025-01-28,220KV_KNPA+SBGR +PVUD+EDMN,12.5327,343.1959,12.257,official_observed_reference,214812b5b66cc70d897a0cc1dc109720c973a08d0fe2314a3e3df1f4ab5c7444
2025-01-28,110KV_MJSM +PRSLA,0.2736,14.8732,,official_observed_reference,214812b5b66cc70d897a0cc1dc109720c973a08d0fe2314a3e3df1f4ab5c7444
2025-01-29,400KV MDKA,7.768,194.567,6.7092,official_observed_reference,5004ecdb2e35bcb39b3ebaa1a5c6a42585931e77859f15417c0dd8db5c6f5301
2025-01-29,400KV PKKD,6.544,208.224,,official_observed_reference,5004ecdb2e35bcb39b3ebaa1a5c6a42585931e77859f15417c0dd8db5c6f5301
2025-01-29,400KV KOCHI+KOTTAYAM,14.395,383.025,13.2078,official_observed_reference,5004ecdb2e35bcb39b3ebaa1a5c6a42585931e77859f15417c0dd8db5c6f5301
2025-01-29,400KV KOZHKOD,13.624,386.934,,official_observed_reference,5004ecdb2e35bcb39b3ebaa1a5c6a42585931e77859f15417c0dd8db5c6f5301
2025-01-29,400KV NORTH TRSR,5.4271,152.7974,5.2689,official_observed_reference,5004ecdb2e35bcb39b3ebaa1a5c6a42585931e77859f15417c0dd8db5c6f5301
2025-01-29,400KV TVM,8.93,251.707,,official_observed_reference,5004ecdb2e35bcb39b3ebaa1a5c6a42585931e77859f15417c0dd8db5c6f5301
2025-01-29,220KV_KNPA+SBGR +PVUD+EDMN,12.9284,356.1244,12.2802,official_observed_reference,5004ecdb2e35bcb39b3ebaa1a5c6a42585931e77859f15417c0dd8db5c6f5301
2025-01-29,110KV_MJSM +PRSLA,0.7164,15.5896,,official_observed_reference,5004ecdb2e35bcb39b3ebaa1a5c6a42585931e77859f15417c0dd8db5c6f5301
2025-01-30,400KV MDKA,6.854,201.421,6.714,official_observed_reference,4907612e990d5e92205ccb8656e4596914199ee0fe1a173886f1235da49f37dc
2025-01-30,400KV PKKD,6.917,215.141,,official_observed_reference,4907612e990d5e92205ccb8656e4596914199ee0fe1a173886f1235da49f37dc
2025-01-30,400KV KOCHI+KOTTAYAM,14.174,397.199,13.24,official_observed_reference,4907612e990d5e92205ccb8656e4596914199ee0fe1a173886f1235da49f37dc
2025-01-30,400KV KOZHKOD,14.461,401.395,,official_observed_reference,4907612e990d5e92205ccb8656e4596914199ee0fe1a173886f1235da49f37dc
2025-01-30,400KV NORTH TRSR,5.44,158.2373,5.2746,official_observed_reference,4907612e990d5e92205ccb8656e4596914199ee0fe1a173886f1235da49f37dc
2025-01-30,400KV TVM,8.875,260.582,,official_observed_reference,4907612e990d5e92205ccb8656e4596914199ee0fe1a173886f1235da49f37dc
2025-01-30,220KV_KNPA+SBGR +PVUD+EDMN,11.7675,367.8919,12.2631,official_observed_reference,4907612e990d5e92205ccb8656e4596914199ee0fe1a173886f1235da49f37dc
2025-01-30,110KV_MJSM +PRSLA,0.7253,16.3149,,official_observed_reference,4907612e990d5e92205ccb8656e4596914199ee0fe1a173886f1235da49f37dc
2025-01-31,400KV MDKA,7.697,209.118,6.7457,official_observed_reference,77621141d6170ef25986e84088db93e9c09e085c5b386d477363aaadc66f3c47
2025-01-31,400KV PKKD,7.778,222.919,,official_observed_reference,77621141d6170ef25986e84088db93e9c09e085c5b386d477363aaadc66f3c47
2025-01-31,400KV KOCHI+KOTTAYAM,14.056,411.255,13.2663,official_observed_reference,77621141d6170ef25986e84088db93e9c09e085c5b386d477363aaadc66f3c47
2025-01-31,400KV KOZHKOD,13.965,415.36,,official_observed_reference,77621141d6170ef25986e84088db93e9c09e085c5b386d477363aaadc66f3c47
2025-01-31,400KV NORTH TRSR,5.526,163.7633,5.2827,official_observed_reference,77621141d6170ef25986e84088db93e9c09e085c5b386d477363aaadc66f3c47
2025-01-31,400KV TVM,9.012,269.594,,official_observed_reference,77621141d6170ef25986e84088db93e9c09e085c5b386d477363aaadc66f3c47
2025-01-31,220KV_KNPA+SBGR +PVUD+EDMN,11.0348,378.9267,12.2234,official_observed_reference,77621141d6170ef25986e84088db93e9c09e085c5b386d477363aaadc66f3c47
2025-01-31,110KV_MJSM +PRSLA,0.7372,17.0521,,official_observed_reference,77621141d6170ef25986e84088db93e9c09e085c5b386d477363aaadc66f3c47
2025-02-01,400KV MDKA,7.332,7.332,7.332,official_observed_reference,e5769c149d41cf2076384912977efbde307e38b9debd93cb4c1c7eba9b2a6ceb
2025-02-01,400KV PKKD,8.429,8.429,,official_observed_reference,e5769c149d41cf2076384912977efbde307e38b9debd93cb4c1c7eba9b2a6ceb
2025-02-01,400KV KOCHI+KOTTAYAM,13.626,13.626,13.626,official_observed_reference,e5769c149d41cf2076384912977efbde307e38b9debd93cb4c1c7eba9b2a6ceb
2025-02-01,400KV KOZHKOD,14.658,14.658,,official_observed_reference,e5769c149d41cf2076384912977efbde307e38b9debd93cb4c1c7eba9b2a6ceb
2025-02-01,400KV NORTH TRSR,6.0538,6.0538,6.0538,official_observed_reference,e5769c149d41cf2076384912977efbde307e38b9debd93cb4c1c7eba9b2a6ceb
2025-02-01,400KV TVM,9.378,9.378,,official_observed_reference,e5769c149d41cf2076384912977efbde307e38b9debd93cb4c1c7eba9b2a6ceb
2025-02-01,220KV_KNPA+SBGR +PVUD+EDMN,12.3361,12.3361,12.3361,official_observed_reference,e5769c149d41cf2076384912977efbde307e38b9debd93cb4c1c7eba9b2a6ceb
2025-02-01,110KV_MJSM +PRSLA,0.7502,0.7502,,official_observed_reference,e5769c149d41cf2076384912977efbde307e38b9debd93cb4c1c7eba9b2a6ceb
2025-02-02,400KV MDKA,7.614,14.946,7.473,official_observed_reference,f977448cb6c5946b1198e3411d552078b4eccb80a8bf9f4dd05a1b5e93c1f7c5
2025-02-02,400KV PKKD,7.63,16.059,,official_observed_reference,f977448cb6c5946b1198e3411d552078b4eccb80a8bf9f4dd05a1b5e93c1f7c5
2025-02-02,400KV KOCHI+KOTTAYAM,14.237,27.863,13.9315,official_observed_reference,f977448cb6c5946b1198e3411d552078b4eccb80a8bf9f4dd05a1b5e93c1f7c5
2025-02-02,400KV KOZHKOD,13.227,27.885,,official_observed_reference,f977448cb6c5946b1198e3411d552078b4eccb80a8bf9f4dd05a1b5e93c1f7c5
2025-02-02,400KV NORTH TRSR,5.7329,11.7866,5.8933,official_observed_reference,f977448cb6c5946b1198e3411d552078b4eccb80a8bf9f4dd05a1b5e93c1f7c5
2025-02-02,400KV TVM,8.625,18.003,,official_observed_reference,f977448cb6c5946b1198e3411d552078b4eccb80a8bf9f4dd05a1b5e93c1f7c5
2025-02-02,220KV_KNPA+SBGR +PVUD+EDMN,11.4834,23.8195,11.9097,official_observed_reference,f977448cb6c5946b1198e3411d552078b4eccb80a8bf9f4dd05a1b5e93c1f7c5
2025-02-02,110KV_MJSM +PRSLA,0.7285,1.4787,,official_observed_reference,f977448cb6c5946b1198e3411d552078b4eccb80a8bf9f4dd05a1b5e93c1f7c5
2025-02-03,400KV MDKA,7.368,22.314,7.438,official_observed_reference,e9879744bd2b1a70c3e87e9b3a91426efa1219750e8d67ba438b76354c27812c
2025-02-03,400KV PKKD,7.714,23.773,,official_observed_reference,e9879744bd2b1a70c3e87e9b3a91426efa1219750e8d67ba438b76354c27812c
2025-02-03,400KV KOCHI+KOTTAYAM,14.722,42.585,14.195,official_observed_reference,e9879744bd2b1a70c3e87e9b3a91426efa1219750e8d67ba438b76354c27812c
2025-02-03,400KV KOZHKOD,14.719,42.604,,official_observed_reference,e9879744bd2b1a70c3e87e9b3a91426efa1219750e8d67ba438b76354c27812c
2025-02-03,400KV NORTH TRSR,5.852,17.6386,5.8795,official_observed_reference,e9879744bd2b1a70c3e87e9b3a91426efa1219750e8d67ba438b76354c27812c
2025-02-03,400KV TVM,8.772,26.775,,official_observed_reference,e9879744bd2b1a70c3e87e9b3a91426efa1219750e8d67ba438b76354c27812c
2025-02-03,220KV_KNPA+SBGR +PVUD+EDMN,11.4727,35.2922,11.7641,official_observed_reference,e9879744bd2b1a70c3e87e9b3a91426efa1219750e8d67ba438b76354c27812c
2025-02-03,110KV_MJSM +PRSLA,0.7511,2.2298,,official_observed_reference,e9879744bd2b1a70c3e87e9b3a91426efa1219750e8d67ba438b76354c27812c
2025-02-04,400KV MDKA,7.168,29.482,7.3705,official_observed_reference,ddd494c8fdfeaad596e7aba74bd88ae806ca8e3545e11930884ddccb3c1ca0e2
2025-02-04,400KV PKKD,7.363,31.136,,official_observed_reference,ddd494c8fdfeaad596e7aba74bd88ae806ca8e3545e11930884ddccb3c1ca0e2
2025-02-04,400KV KOCHI+KOTTAYAM,14.283,56.868,14.217,official_observed_reference,ddd494c8fdfeaad596e7aba74bd88ae806ca8e3545e11930884ddccb3c1ca0e2
2025-02-04,400KV KOZHKOD,14.566,57.17,,official_observed_reference,ddd494c8fdfeaad596e7aba74bd88ae806ca8e3545e11930884ddccb3c1ca0e2
2025-02-04,400KV NORTH TRSR,5.8791,23.5178,5.8794,official_observed_reference,ddd494c8fdfeaad596e7aba74bd88ae806ca8e3545e11930884ddccb3c1ca0e2
2025-02-04,400KV TVM,9.052,35.827,,official_observed_reference,ddd494c8fdfeaad596e7aba74bd88ae806ca8e3545e11930884ddccb3c1ca0e2
2025-02-04,220KV_KNPA+SBGR +PVUD+EDMN,11.7619,47.0541,11.7635,official_observed_reference,ddd494c8fdfeaad596e7aba74bd88ae806ca8e3545e11930884ddccb3c1ca0e2
2025-02-04,110KV_MJSM +PRSLA,0.7557,2.9854,,official_observed_reference,ddd494c8fdfeaad596e7aba74bd88ae806ca8e3545e11930884ddccb3c1ca0e2
2025-02-05,400KV MDKA,7.048,36.53,7.306,official_observed_reference,30d39022d7ea3801c34ee33dc43b4525d2562bf722610b1c5f703ae39c92cd61
2025-02-05,400KV PKKD,7.231,38.367,,official_observed_reference,30d39022d7ea3801c34ee33dc43b4525d2562bf722610b1c5f703ae39c92cd61
2025-02-05,400KV KOCHI+KOTTAYAM,14.244,71.112,14.2224,official_observed_reference,30d39022d7ea3801c34ee33dc43b4525d2562bf722610b1c5f703ae39c92cd61
2025-02-05,400KV KOZHKOD,14.629,71.799,,official_observed_reference,30d39022d7ea3801c34ee33dc43b4525d2562bf722610b1c5f703ae39c92cd61
2025-02-05,400KV NORTH TRSR,5.8857,29.4035,5.8807,official_observed_reference,30d39022d7ea3801c34ee33dc43b4525d2562bf722610b1c5f703ae39c92cd61
2025-02-05,400KV TVM,8.875,44.702,,official_observed_reference,30d39022d7ea3801c34ee33dc43b4525d2562bf722610b1c5f703ae39c92cd61
2025-02-05,220KV_KNPA+SBGR +PVUD+EDMN,10.6423,57.6964,11.5393,official_observed_reference,30d39022d7ea3801c34ee33dc43b4525d2562bf722610b1c5f703ae39c92cd61
2025-02-05,110KV_MJSM +PRSLA,0.7646,3.7501,,official_observed_reference,30d39022d7ea3801c34ee33dc43b4525d2562bf722610b1c5f703ae39c92cd61
2025-02-06,400KV MDKA,7.673,44.203,7.3672,official_observed_reference,fcfc76570dc991fe85f39af098b46bf0334e80f39a7af8de4cf2641120c74941
2025-02-06,400KV PKKD,7.618,45.985,,official_observed_reference,fcfc76570dc991fe85f39af098b46bf0334e80f39a7af8de4cf2641120c74941
2025-02-06,400KV KOCHI+KOTTAYAM,15.495,86.607,14.4345,official_observed_reference,fcfc76570dc991fe85f39af098b46bf0334e80f39a7af8de4cf2641120c74941
2025-02-06,400KV KOZHKOD,14.367,86.166,,official_observed_reference,fcfc76570dc991fe85f39af098b46bf0334e80f39a7af8de4cf2641120c74941
2025-02-06,400KV NORTH TRSR,5.9333,35.3368,5.8895,official_observed_reference,fcfc76570dc991fe85f39af098b46bf0334e80f39a7af8de4cf2641120c74941
2025-02-06,400KV TVM,9.483,54.185,,official_observed_reference,fcfc76570dc991fe85f39af098b46bf0334e80f39a7af8de4cf2641120c74941
2025-02-06,220KV_KNPA+SBGR +PVUD+EDMN,12.236,69.9324,11.6554,official_observed_reference,fcfc76570dc991fe85f39af098b46bf0334e80f39a7af8de4cf2641120c74941
2025-02-06,110KV_MJSM +PRSLA,0.6757,4.4258,,official_observed_reference,fcfc76570dc991fe85f39af098b46bf0334e80f39a7af8de4cf2641120c74941
2025-02-07,400KV MDKA,7.686,51.889,7.4127,official_observed_reference,71ae1e964c2a671ee37f90f1e7b989bce5956a69983a462481e3f381181d1825
2025-02-07,400KV PKKD,7.787,53.772,,official_observed_reference,71ae1e964c2a671ee37f90f1e7b989bce5956a69983a462481e3f381181d1825
2025-02-07,400KV KOCHI+KOTTAYAM,14.115,100.722,14.3889,official_observed_reference,71ae1e964c2a671ee37f90f1e7b989bce5956a69983a462481e3f381181d1825
2025-02-07,400KV KOZHKOD,13.852,100.018,,official_observed_reference,71ae1e964c2a671ee37f90f1e7b989bce5956a69983a462481e3f381181d1825
2025-02-07,400KV NORTH TRSR,5.8504,41.1871,5.8839,official_observed_reference,71ae1e964c2a671ee37f90f1e7b989bce5956a69983a462481e3f381181d1825
2025-02-07,400KV TVM,9.39,63.575,,official_observed_reference,71ae1e964c2a671ee37f90f1e7b989bce5956a69983a462481e3f381181d1825
2025-02-07,220KV_KNPA+SBGR +PVUD+EDMN,12.4192,82.3516,11.7645,official_observed_reference,71ae1e964c2a671ee37f90f1e7b989bce5956a69983a462481e3f381181d1825
2025-02-07,110KV_MJSM +PRSLA,0.7476,5.1735,,official_observed_reference,71ae1e964c2a671ee37f90f1e7b989bce5956a69983a462481e3f381181d1825
2025-02-08,400KV MDKA,7.578,59.467,7.4334,official_observed_reference,05c15a115b6f7ccec78426fa799039d437ce97adf0307bb831922c0cfe1221c7
2025-02-08,400KV PKKD,7.24,61.012,,official_observed_reference,05c15a115b6f7ccec78426fa799039d437ce97adf0307bb831922c0cfe1221c7
2025-02-08,400KV KOCHI+KOTTAYAM,12.984,113.706,14.2133,official_observed_reference,05c15a115b6f7ccec78426fa799039d437ce97adf0307bb831922c0cfe1221c7
2025-02-08,400KV KOZHKOD,13.663,113.681,,official_observed_reference,05c15a115b6f7ccec78426fa799039d437ce97adf0307bb831922c0cfe1221c7
2025-02-08,400KV NORTH TRSR,6.0756,47.2627,5.9078,official_observed_reference,05c15a115b6f7ccec78426fa799039d437ce97adf0307bb831922c0cfe1221c7
2025-02-08,400KV TVM,8.51,72.085,,official_observed_reference,05c15a115b6f7ccec78426fa799039d437ce97adf0307bb831922c0cfe1221c7
2025-02-08,220KV_KNPA+SBGR +PVUD+EDMN,10.001,92.3526,11.5441,official_observed_reference,05c15a115b6f7ccec78426fa799039d437ce97adf0307bb831922c0cfe1221c7
2025-02-08,110KV_MJSM +PRSLA,0.7122,5.8856,,official_observed_reference,05c15a115b6f7ccec78426fa799039d437ce97adf0307bb831922c0cfe1221c7
2025-02-09,400KV MDKA,7.109,66.576,7.3973,official_observed_reference,48812db22133e48b41c0b50cdbdd4125ca13d7777f54cdf1d109d8764cb032d1
2025-02-09,400KV PKKD,6.564,67.576,,official_observed_reference,48812db22133e48b41c0b50cdbdd4125ca13d7777f54cdf1d109d8764cb032d1
2025-02-09,400KV KOCHI+KOTTAYAM,11.96,125.666,13.9629,official_observed_reference,48812db22133e48b41c0b50cdbdd4125ca13d7777f54cdf1d109d8764cb032d1
2025-02-09,400KV KOZHKOD,12.489,126.17,,official_observed_reference,48812db22133e48b41c0b50cdbdd4125ca13d7777f54cdf1d109d8764cb032d1
2025-02-09,400KV NORTH TRSR,5.737,52.9997,5.8889,official_observed_reference,48812db22133e48b41c0b50cdbdd4125ca13d7777f54cdf1d109d8764cb032d1
2025-02-09,400KV TVM,8.108,80.193,,official_observed_reference,48812db22133e48b41c0b50cdbdd4125ca13d7777f54cdf1d109d8764cb032d1
2025-02-09,220KV_KNPA+SBGR +PVUD+EDMN,9.0375,101.3901,11.2656,official_observed_reference,48812db22133e48b41c0b50cdbdd4125ca13d7777f54cdf1d109d8764cb032d1
2025-02-09,110KV_MJSM +PRSLA,0.6936,6.5792,,official_observed_reference,48812db22133e48b41c0b50cdbdd4125ca13d7777f54cdf1d109d8764cb032d1
2025-02-10,400KV MDKA,7.602,74.178,7.4178,official_observed_reference,6330d5957efa8b723e1fc943ca1ed3e4fd92aea6c15fa8e0793c279ac097c9c6
2025-02-10,400KV PKKD,7.139,74.715,,official_observed_reference,6330d5957efa8b723e1fc943ca1ed3e4fd92aea6c15fa8e0793c279ac097c9c6
2025-02-10,400KV KOCHI+KOTTAYAM,13.528,139.194,13.9194,official_observed_reference,6330d5957efa8b723e1fc943ca1ed3e4fd92aea6c15fa8e0793c279ac097c9c6
2025-02-10,400KV KOZHKOD,13.955,140.125,,official_observed_reference,6330d5957efa8b723e1fc943ca1ed3e4fd92aea6c15fa8e0793c279ac097c9c6
2025-02-10,400KV NORTH TRSR,5.9141,58.9138,5.8914,official_observed_reference,6330d5957efa8b723e1fc943ca1ed3e4fd92aea6c15fa8e0793c279ac097c9c6
2025-02-10,400KV TVM,8.872,89.065,,official_observed_reference,6330d5957efa8b723e1fc943ca1ed3e4fd92aea6c15fa8e0793c279ac097c9c6
2025-02-10,220KV_KNPA+SBGR +PVUD+EDMN,10.0662,111.4563,11.1456,official_observed_reference,6330d5957efa8b723e1fc943ca1ed3e4fd92aea6c15fa8e0793c279ac097c9c6
2025-02-10,110KV_MJSM +PRSLA,0.7442,7.3234,,official_observed_reference,6330d5957efa8b723e1fc943ca1ed3e4fd92aea6c15fa8e0793c279ac097c9c6
2025-02-11,400KV MDKA,8.218,82.396,7.4905,official_observed_reference,02be77c5fffbe9c377e73ff5c3c30a67ef714de573f8c289519ab712abb84cfd
2025-02-11,400KV PKKD,7.444,82.159,,official_observed_reference,02be77c5fffbe9c377e73ff5c3c30a67ef714de573f8c289519ab712abb84cfd
2025-02-11,400KV KOCHI+KOTTAYAM,14.874,154.068,14.0062,official_observed_reference,02be77c5fffbe9c377e73ff5c3c30a67ef714de573f8c289519ab712abb84cfd
2025-02-11,400KV KOZHKOD,13.591,153.716,,official_observed_reference,02be77c5fffbe9c377e73ff5c3c30a67ef714de573f8c289519ab712abb84cfd
2025-02-11,400KV NORTH TRSR,6.0342,64.9479,5.9044,official_observed_reference,02be77c5fffbe9c377e73ff5c3c30a67ef714de573f8c289519ab712abb84cfd
2025-02-11,400KV TVM,8.995,98.06,,official_observed_reference,02be77c5fffbe9c377e73ff5c3c30a67ef714de573f8c289519ab712abb84cfd
2025-02-11,220KV_KNPA+SBGR +PVUD+EDMN,9.5031,120.9594,10.9963,official_observed_reference,02be77c5fffbe9c377e73ff5c3c30a67ef714de573f8c289519ab712abb84cfd
2025-02-11,110KV_MJSM +PRSLA,0.7456,8.069,,official_observed_reference,02be77c5fffbe9c377e73ff5c3c30a67ef714de573f8c289519ab712abb84cfd
2025-02-12,400KV MDKA,7.493,89.889,7.4908,official_observed_reference,781c91eb823adb3812759fc4cabc5971dbec893be737b40c7d86013c69ab900e
2025-02-12,400KV PKKD,6.93,89.089,,official_observed_reference,781c91eb823adb3812759fc4cabc5971dbec893be737b40c7d86013c69ab900e
2025-02-12,400KV KOCHI+KOTTAYAM,14.522,168.59,14.0492,official_observed_reference,781c91eb823adb3812759fc4cabc5971dbec893be737b40c7d86013c69ab900e
2025-02-12,400KV KOZHKOD,14.582,168.298,,official_observed_reference,781c91eb823adb3812759fc4cabc5971dbec893be737b40c7d86013c69ab900e
2025-02-12,400KV NORTH TRSR,5.9152,70.8631,5.9053,official_observed_reference,781c91eb823adb3812759fc4cabc5971dbec893be737b40c7d86013c69ab900e
2025-02-12,400KV TVM,9.013,107.073,,official_observed_reference,781c91eb823adb3812759fc4cabc5971dbec893be737b40c7d86013c69ab900e
2025-02-12,220KV_KNPA+SBGR +PVUD+EDMN,9.5878,130.5472,10.8789,official_observed_reference,781c91eb823adb3812759fc4cabc5971dbec893be737b40c7d86013c69ab900e
2025-02-12,110KV_MJSM +PRSLA,0.7481,8.8171,,official_observed_reference,781c91eb823adb3812759fc4cabc5971dbec893be737b40c7d86013c69ab900e
2025-02-13,400KV MDKA,7.995,97.884,7.5295,official_observed_reference,3f2e1e76db6c5e67073d393df970bf1b29d43228bf57583aaecf8c599da9a27f
2025-02-13,400KV PKKD,7.239,96.328,,official_observed_reference,3f2e1e76db6c5e67073d393df970bf1b29d43228bf57583aaecf8c599da9a27f
2025-02-13,400KV KOCHI+KOTTAYAM,13.49,182.08,14.0062,official_observed_reference,3f2e1e76db6c5e67073d393df970bf1b29d43228bf57583aaecf8c599da9a27f
2025-02-13,400KV KOZHKOD,14.073,182.371,,official_observed_reference,3f2e1e76db6c5e67073d393df970bf1b29d43228bf57583aaecf8c599da9a27f
2025-02-13,400KV NORTH TRSR,5.8969,76.76,5.9046,official_observed_reference,3f2e1e76db6c5e67073d393df970bf1b29d43228bf57583aaecf8c599da9a27f
2025-02-13,400KV TVM,8.983,116.056,,official_observed_reference,3f2e1e76db6c5e67073d393df970bf1b29d43228bf57583aaecf8c599da9a27f
2025-02-13,220KV_KNPA+SBGR +PVUD+EDMN,8.808,139.3552,10.7196,official_observed_reference,3f2e1e76db6c5e67073d393df970bf1b29d43228bf57583aaecf8c599da9a27f
2025-02-13,110KV_MJSM +PRSLA,0.7268,9.5439,,official_observed_reference,3f2e1e76db6c5e67073d393df970bf1b29d43228bf57583aaecf8c599da9a27f
2025-02-14,400KV MDKA,8.152,106.036,7.574,official_observed_reference,3a2bb9c28eff7de276bfb754b9c56e2effa42d4317550f420472d9cba1fe1f26
2025-02-14,400KV PKKD,7.531,103.859,,official_observed_reference,3a2bb9c28eff7de276bfb754b9c56e2effa42d4317550f420472d9cba1fe1f26
2025-02-14,400KV KOCHI+KOTTAYAM,14.127,196.207,14.0148,official_observed_reference,3a2bb9c28eff7de276bfb754b9c56e2effa42d4317550f420472d9cba1fe1f26
2025-02-14,400KV KOZHKOD,14.422,196.793,,official_observed_reference,3a2bb9c28eff7de276bfb754b9c56e2effa42d4317550f420472d9cba1fe1f26
2025-02-14,400KV NORTH TRSR,6.0933,82.8533,5.9181,official_observed_reference,3a2bb9c28eff7de276bfb754b9c56e2effa42d4317550f420472d9cba1fe1f26
2025-02-14,400KV TVM,9.095,125.151,,official_observed_reference,3a2bb9c28eff7de276bfb754b9c56e2effa42d4317550f420472d9cba1fe1f26
2025-02-14,220KV_KNPA+SBGR +PVUD+EDMN,8.9528,148.308,10.5934,official_observed_reference,3a2bb9c28eff7de276bfb754b9c56e2effa42d4317550f420472d9cba1fe1f26
2025-02-14,110KV_MJSM +PRSLA,0.75,10.2939,,official_observed_reference,3a2bb9c28eff7de276bfb754b9c56e2effa42d4317550f420472d9cba1fe1f26
2025-02-15,400KV MDKA,8.437,114.473,7.6315,official_observed_reference,8a3b21e187ffc834ef03ff8cfb136094d10e50d92dd66895c8cae802be23cc09
2025-02-15,400KV PKKD,8.289,112.148,,official_observed_reference,8a3b21e187ffc834ef03ff8cfb136094d10e50d92dd66895c8cae802be23cc09
2025-02-15,400KV KOCHI+KOTTAYAM,15.278,211.485,14.099,official_observed_reference,8a3b21e187ffc834ef03ff8cfb136094d10e50d92dd66895c8cae802be23cc09
2025-02-15,400KV KOZHKOD,14.797,211.59,,official_observed_reference,8a3b21e187ffc834ef03ff8cfb136094d10e50d92dd66895c8cae802be23cc09
2025-02-15,400KV NORTH TRSR,6.2901,89.1434,5.9429,official_observed_reference,8a3b21e187ffc834ef03ff8cfb136094d10e50d92dd66895c8cae802be23cc09
2025-02-15,400KV TVM,9.13,134.281,,official_observed_reference,8a3b21e187ffc834ef03ff8cfb136094d10e50d92dd66895c8cae802be23cc09
2025-02-15,220KV_KNPA+SBGR +PVUD+EDMN,10.1653,158.4733,10.5649,official_observed_reference,8a3b21e187ffc834ef03ff8cfb136094d10e50d92dd66895c8cae802be23cc09
2025-02-15,110KV_MJSM +PRSLA,0.6599,10.9537,,official_observed_reference,8a3b21e187ffc834ef03ff8cfb136094d10e50d92dd66895c8cae802be23cc09
2025-02-16,400KV MDKA,7.956,122.429,7.6518,official_observed_reference,ca95b5eaa7674715777a6b227d564c6d316f109e65c0a8ac74e56eab0b9725d2
2025-02-16,400KV PKKD,6.87,119.018,,official_observed_reference,ca95b5eaa7674715777a6b227d564c6d316f109e65c0a8ac74e56eab0b9725d2
2025-02-16,400KV KOCHI+KOTTAYAM,13.171,224.656,14.041,official_observed_reference,ca95b5eaa7674715777a6b227d564c6d316f109e65c0a8ac74e56eab0b9725d2
2025-02-16,400KV KOZHKOD,13.341,224.931,,official_observed_reference,ca95b5eaa7674715777a6b227d564c6d316f109e65c0a8ac74e56eab0b9725d2
2025-02-16,400KV NORTH TRSR,6.0039,95.1473,5.9467,official_observed_reference,ca95b5eaa7674715777a6b227d564c6d316f109e65c0a8ac74e56eab0b9725d2
2025-02-16,400KV TVM,8.228,142.509,,official_observed_reference,ca95b5eaa7674715777a6b227d564c6d316f109e65c0a8ac74e56eab0b9725d2
2025-02-16,220KV_KNPA+SBGR +PVUD+EDMN,9.0074,167.4806,10.4675,official_observed_reference,ca95b5eaa7674715777a6b227d564c6d316f109e65c0a8ac74e56eab0b9725d2
2025-02-16,110KV_MJSM +PRSLA,0.7392,11.6929,,official_observed_reference,ca95b5eaa7674715777a6b227d564c6d316f109e65c0a8ac74e56eab0b9725d2
2025-02-17,400KV MDKA,8.235,130.664,7.6861,official_observed_reference,14845b7899a60d50c1ec9fdd35d6e085e5fe508a74c8c12f159b7a34f3bf6770
2025-02-17,400KV PKKD,7.256,126.274,,official_observed_reference,14845b7899a60d50c1ec9fdd35d6e085e5fe508a74c8c12f159b7a34f3bf6770
2025-02-17,400KV KOCHI+KOTTAYAM,13.789,238.445,14.0262,official_observed_reference,14845b7899a60d50c1ec9fdd35d6e085e5fe508a74c8c12f159b7a34f3bf6770
2025-02-17,400KV KOZHKOD,14.231,239.162,,official_observed_reference,14845b7899a60d50c1ec9fdd35d6e085e5fe508a74c8c12f159b7a34f3bf6770
2025-02-17,400KV NORTH TRSR,6.1172,101.2645,5.9567,official_observed_reference,14845b7899a60d50c1ec9fdd35d6e085e5fe508a74c8c12f159b7a34f3bf6770
2025-02-17,400KV TVM,8.753,151.262,,official_observed_reference,14845b7899a60d50c1ec9fdd35d6e085e5fe508a74c8c12f159b7a34f3bf6770
2025-02-17,220KV_KNPA+SBGR +PVUD+EDMN,9.4696,176.9502,10.4088,official_observed_reference,14845b7899a60d50c1ec9fdd35d6e085e5fe508a74c8c12f159b7a34f3bf6770
2025-02-17,110KV_MJSM +PRSLA,0.7584,12.4513,,official_observed_reference,14845b7899a60d50c1ec9fdd35d6e085e5fe508a74c8c12f159b7a34f3bf6770
2025-02-18,400KV MDKA,8.302,138.966,7.7203,official_observed_reference,84bcc21c9ce70da88dc280a0aff834ecd4e3e20c8d1e6b15c589b5e1391b7a6e
2025-02-18,400KV PKKD,7.814,134.088,,official_observed_reference,84bcc21c9ce70da88dc280a0aff834ecd4e3e20c8d1e6b15c589b5e1391b7a6e
2025-02-18,400KV KOCHI+KOTTAYAM,14.313,252.758,14.0421,official_observed_reference,84bcc21c9ce70da88dc280a0aff834ecd4e3e20c8d1e6b15c589b5e1391b7a6e
2025-02-18,400KV KOZHKOD,14.252,253.414,,official_observed_reference,84bcc21c9ce70da88dc280a0aff834ecd4e3e20c8d1e6b15c589b5e1391b7a6e
2025-02-18,400KV NORTH TRSR,6.2024,107.4669,5.9704,official_observed_reference,84bcc21c9ce70da88dc280a0aff834ecd4e3e20c8d1e6b15c589b5e1391b7a6e
2025-02-18,400KV TVM,9.049,160.311,,official_observed_reference,84bcc21c9ce70da88dc280a0aff834ecd4e3e20c8d1e6b15c589b5e1391b7a6e
2025-02-18,220KV_KNPA+SBGR +PVUD+EDMN,9.8771,186.8273,10.3793,official_observed_reference,84bcc21c9ce70da88dc280a0aff834ecd4e3e20c8d1e6b15c589b5e1391b7a6e
2025-02-18,110KV_MJSM +PRSLA,0.7693,13.2205,,official_observed_reference,84bcc21c9ce70da88dc280a0aff834ecd4e3e20c8d1e6b15c589b5e1391b7a6e
2025-02-20,400KV MDKA,8.624,155.682,7.7841,official_observed_reference,062ead755df765d9c97b98c0575d9fa291b5094509748555caaa4861e242c842
2025-02-20,400KV PKKD,8.019,150.112,,official_observed_reference,062ead755df765d9c97b98c0575d9fa291b5094509748555caaa4861e242c842
2025-02-20,400KV KOCHI+KOTTAYAM,14.198,281.002,14.0501,official_observed_reference,062ead755df765d9c97b98c0575d9fa291b5094509748555caaa4861e242c842
2025-02-20,400KV KOZHKOD,15.085,283.144,,official_observed_reference,062ead755df765d9c97b98c0575d9fa291b5094509748555caaa4861e242c842
2025-02-20,400KV NORTH TRSR,6.6144,120.4038,6.0202,official_observed_reference,062ead755df765d9c97b98c0575d9fa291b5094509748555caaa4861e242c842
2025-02-20,400KV TVM,9.171,178.626,,official_observed_reference,062ead755df765d9c97b98c0575d9fa291b5094509748555caaa4861e242c842
2025-02-20,220KV_KNPA+SBGR +PVUD+EDMN,9.8545,206.3056,10.3153,official_observed_reference,062ead755df765d9c97b98c0575d9fa291b5094509748555caaa4861e242c842
2025-02-20,110KV_MJSM +PRSLA,0.7565,14.6447,,official_observed_reference,062ead755df765d9c97b98c0575d9fa291b5094509748555caaa4861e242c842
2025-02-21,400KV MDKA,8.802,164.484,7.8326,official_observed_reference,0a480286538a55ae3c67df85aae6b2d7125c841280418357af6ff05a79503bb9
2025-02-21,400KV PKKD,7.941,158.053,,official_observed_reference,0a480286538a55ae3c67df85aae6b2d7125c841280418357af6ff05a79503bb9
2025-02-21,400KV KOCHI+KOTTAYAM,14.763,295.765,14.084,official_observed_reference,0a480286538a55ae3c67df85aae6b2d7125c841280418357af6ff05a79503bb9
2025-02-21,400KV KOZHKOD,15.172,298.316,,official_observed_reference,0a480286538a55ae3c67df85aae6b2d7125c841280418357af6ff05a79503bb9
2025-02-21,400KV NORTH TRSR,6.5569,126.9606,6.0457,official_observed_reference,0a480286538a55ae3c67df85aae6b2d7125c841280418357af6ff05a79503bb9
2025-02-21,400KV TVM,9.107,187.733,,official_observed_reference,0a480286538a55ae3c67df85aae6b2d7125c841280418357af6ff05a79503bb9
2025-02-21,220KV_KNPA+SBGR +PVUD+EDMN,9.8345,216.1401,10.2924,official_observed_reference,0a480286538a55ae3c67df85aae6b2d7125c841280418357af6ff05a79503bb9
2025-02-21,110KV_MJSM +PRSLA,0.7464,15.3911,,official_observed_reference,0a480286538a55ae3c67df85aae6b2d7125c841280418357af6ff05a79503bb9
2025-02-22,400KV MDKA,8.816,173.3,7.8773,official_observed_reference,28dc840df23a9ef321f3ceb5d24c06175b62b365a0255a72e29bccf5f864f867
2025-02-22,400KV PKKD,8.075,166.128,,official_observed_reference,28dc840df23a9ef321f3ceb5d24c06175b62b365a0255a72e29bccf5f864f867
2025-02-22,400KV KOCHI+KOTTAYAM,15.09,310.855,14.1298,official_observed_reference,28dc840df23a9ef321f3ceb5d24c06175b62b365a0255a72e29bccf5f864f867
2025-02-22,400KV KOZHKOD,15.257,313.573,,official_observed_reference,28dc840df23a9ef321f3ceb5d24c06175b62b365a0255a72e29bccf5f864f867
2025-02-22,400KV NORTH TRSR,6.4592,133.4198,6.0645,official_observed_reference,28dc840df23a9ef321f3ceb5d24c06175b62b365a0255a72e29bccf5f864f867
2025-02-22,400KV TVM,9.116,196.849,,official_observed_reference,28dc840df23a9ef321f3ceb5d24c06175b62b365a0255a72e29bccf5f864f867
2025-02-22,220KV_KNPA+SBGR +PVUD+EDMN,9.9029,226.043,10.2747,official_observed_reference,28dc840df23a9ef321f3ceb5d24c06175b62b365a0255a72e29bccf5f864f867
2025-02-22,110KV_MJSM +PRSLA,0.7648,16.1559,,official_observed_reference,28dc840df23a9ef321f3ceb5d24c06175b62b365a0255a72e29bccf5f864f867
2025-02-23,400KV MDKA,8.702,182.002,7.9131,official_observed_reference,be5a675583d933441fbd27f79cce6348e9aca407cf1a9a1c5ce691507b70d421
2025-02-23,400KV PKKD,7.599,173.727,,official_observed_reference,be5a675583d933441fbd27f79cce6348e9aca407cf1a9a1c5ce691507b70d421
2025-02-23,400KV KOCHI+KOTTAYAM,15.328,326.183,14.1819,official_observed_reference,be5a675583d933441fbd27f79cce6348e9aca407cf1a9a1c5ce691507b70d421
2025-02-23,400KV KOZHKOD,14.799,328.372,,official_observed_reference,be5a675583d933441fbd27f79cce6348e9aca407cf1a9a1c5ce691507b70d421
2025-02-23,400KV NORTH TRSR,6.4128,139.8326,6.0797,official_observed_reference,be5a675583d933441fbd27f79cce6348e9aca407cf1a9a1c5ce691507b70d421
2025-02-23,400KV TVM,9.032,205.881,,official_observed_reference,be5a675583d933441fbd27f79cce6348e9aca407cf1a9a1c5ce691507b70d421
2025-02-23,220KV_KNPA+SBGR +PVUD+EDMN,10.5552,236.5982,10.2869,official_observed_reference,be5a675583d933441fbd27f79cce6348e9aca407cf1a9a1c5ce691507b70d421
2025-02-23,110KV_MJSM +PRSLA,0.7524,16.9083,,official_observed_reference,be5a675583d933441fbd27f79cce6348e9aca407cf1a9a1c5ce691507b70d421
2025-02-24,400KV MDKA,9.124,191.126,7.9636,official_observed_reference,8ac112351a492ebe4557fa9e9bc3f3663fe7c3c428e66543041363332fb22a2e
2025-02-24,400KV PKKD,7.434,181.161,,official_observed_reference,8ac112351a492ebe4557fa9e9bc3f3663fe7c3c428e66543041363332fb22a2e
2025-02-24,400KV KOCHI+KOTTAYAM,16.557,342.74,14.2808,official_observed_reference,8ac112351a492ebe4557fa9e9bc3f3663fe7c3c428e66543041363332fb22a2e
2025-02-24,400KV KOZHKOD,15.251,343.623,,official_observed_reference,8ac112351a492ebe4557fa9e9bc3f3663fe7c3c428e66543041363332fb22a2e
2025-02-24,400KV NORTH TRSR,6.4156,146.2482,6.0937,official_observed_reference,8ac112351a492ebe4557fa9e9bc3f3663fe7c3c428e66543041363332fb22a2e
2025-02-24,400KV TVM,9.628,215.509,,official_observed_reference,8ac112351a492ebe4557fa9e9bc3f3663fe7c3c428e66543041363332fb22a2e
2025-02-24,220KV_KNPA+SBGR +PVUD+EDMN,12.1774,248.7756,10.3657,official_observed_reference,8ac112351a492ebe4557fa9e9bc3f3663fe7c3c428e66543041363332fb22a2e
2025-02-24,110KV_MJSM +PRSLA,0.763,17.6714,,official_observed_reference,8ac112351a492ebe4557fa9e9bc3f3663fe7c3c428e66543041363332fb22a2e
2025-02-25,400KV MDKA,9.031,200.157,8.0063,official_observed_reference,f0de6a4d31e6732e58689b2f090a5ed62c42b96b17491c678154a9598842277f
2025-02-25,400KV PKKD,7.621,188.782,,official_observed_reference,f0de6a4d31e6732e58689b2f090a5ed62c42b96b17491c678154a9598842277f
2025-02-25,400KV KOCHI+KOTTAYAM,16.444,359.184,14.3674,official_observed_reference,f0de6a4d31e6732e58689b2f090a5ed62c42b96b17491c678154a9598842277f
2025-02-25,400KV KOZHKOD,15.289,358.912,,official_observed_reference,f0de6a4d31e6732e58689b2f090a5ed62c42b96b17491c678154a9598842277f
2025-02-25,400KV NORTH TRSR,6.208,152.4562,6.0982,official_observed_reference,f0de6a4d31e6732e58689b2f090a5ed62c42b96b17491c678154a9598842277f
2025-02-25,400KV TVM,9.54,225.049,,official_observed_reference,f0de6a4d31e6732e58689b2f090a5ed62c42b96b17491c678154a9598842277f
2025-02-25,220KV_KNPA+SBGR +PVUD+EDMN,11.5173,260.2929,10.4117,official_observed_reference,f0de6a4d31e6732e58689b2f090a5ed62c42b96b17491c678154a9598842277f
2025-02-25,110KV_MJSM +PRSLA,0.7808,18.4521,,official_observed_reference,f0de6a4d31e6732e58689b2f090a5ed62c42b96b17491c678154a9598842277f
2025-02-26,400KV MDKA,9.545,209.702,8.0655,official_observed_reference,aebdc34540444562745a7ecf47b47440f819ffa2a3cddd0182fa406c269dfd3b
2025-02-26,400KV PKKD,7.634,196.416,,official_observed_reference,aebdc34540444562745a7ecf47b47440f819ffa2a3cddd0182fa406c269dfd3b
2025-02-26,400KV KOCHI+KOTTAYAM,17.073,376.257,14.4714,official_observed_reference,aebdc34540444562745a7ecf47b47440f819ffa2a3cddd0182fa406c269dfd3b
2025-02-26,400KV KOZHKOD,14.951,373.863,,official_observed_reference,aebdc34540444562745a7ecf47b47440f819ffa2a3cddd0182fa406c269dfd3b
2025-02-26,400KV NORTH TRSR,6.4896,158.9458,6.1133,official_observed_reference,aebdc34540444562745a7ecf47b47440f819ffa2a3cddd0182fa406c269dfd3b
2025-02-26,400KV TVM,9.828,234.877,,official_observed_reference,aebdc34540444562745a7ecf47b47440f819ffa2a3cddd0182fa406c269dfd3b
2025-02-26,220KV_KNPA+SBGR +PVUD+EDMN,12.7497,273.0426,10.5016,official_observed_reference,aebdc34540444562745a7ecf47b47440f819ffa2a3cddd0182fa406c269dfd3b
2025-02-26,110KV_MJSM +PRSLA,0.7883,19.2404,,official_observed_reference,aebdc34540444562745a7ecf47b47440f819ffa2a3cddd0182fa406c269dfd3b
2025-02-27,400KV MDKA,8.53,218.232,8.0827,official_observed_reference,8535da62a714f683d7ebf55bb073cd6feefa479c05a663a9fdeede6a3f65b4ce
2025-02-27,400KV PKKD,7.197,203.613,,official_observed_reference,8535da62a714f683d7ebf55bb073cd6feefa479c05a663a9fdeede6a3f65b4ce
2025-02-27,400KV KOCHI+KOTTAYAM,15.497,391.754,14.5094,official_observed_reference,8535da62a714f683d7ebf55bb073cd6feefa479c05a663a9fdeede6a3f65b4ce
2025-02-27,400KV KOZHKOD,15.77,389.633,,official_observed_reference,8535da62a714f683d7ebf55bb073cd6feefa479c05a663a9fdeede6a3f65b4ce
2025-02-27,400KV NORTH TRSR,6.6536,165.5993,6.1333,official_observed_reference,8535da62a714f683d7ebf55bb073cd6feefa479c05a663a9fdeede6a3f65b4ce
2025-02-27,400KV TVM,9.715,244.592,,official_observed_reference,8535da62a714f683d7ebf55bb073cd6feefa479c05a663a9fdeede6a3f65b4ce
2025-02-27,220KV_KNPA+SBGR +PVUD+EDMN,12.1157,285.1583,10.5614,official_observed_reference,8535da62a714f683d7ebf55bb073cd6feefa479c05a663a9fdeede6a3f65b4ce
2025-02-27,110KV_MJSM +PRSLA,0.7909,20.0313,,official_observed_reference,8535da62a714f683d7ebf55bb073cd6feefa479c05a663a9fdeede6a3f65b4ce
2025-02-28,400KV MDKA,9.089,227.321,8.1186,official_observed_reference,abd24bfc8a5f89abcec4fdbf9f476ccd0c006394481897546ac546aaad88f0e3
2025-02-28,400KV PKKD,7.754,211.367,,official_observed_reference,abd24bfc8a5f89abcec4fdbf9f476ccd0c006394481897546ac546aaad88f0e3
2025-02-28,400KV KOCHI+KOTTAYAM,15.318,407.072,14.5383,official_observed_reference,abd24bfc8a5f89abcec4fdbf9f476ccd0c006394481897546ac546aaad88f0e3
2025-02-28,400KV KOZHKOD,15.457,405.09,,official_observed_reference,abd24bfc8a5f89abcec4fdbf9f476ccd0c006394481897546ac546aaad88f0e3
2025-02-28,400KV NORTH TRSR,6.5716,172.171,6.149,official_observed_reference,abd24bfc8a5f89abcec4fdbf9f476ccd0c006394481897546ac546aaad88f0e3
2025-02-28,400KV TVM,9.821,254.413,,official_observed_reference,abd24bfc8a5f89abcec4fdbf9f476ccd0c006394481897546ac546aaad88f0e3
2025-02-28,220KV_KNPA+SBGR +PVUD+EDMN,11.4238,296.5821,10.5922,official_observed_reference,abd24bfc8a5f89abcec4fdbf9f476ccd0c006394481897546ac546aaad88f0e3
2025-02-28,110KV_MJSM +PRSLA,0.8009,20.8322,,official_observed_reference,abd24bfc8a5f89abcec4fdbf9f476ccd0c006394481897546ac546aaad88f0e3
2025-03-01,400KV MDKA,9.102,9.102,9.102,official_observed_reference,fddc58c5cf0ba116ffa3d13ef5d0e65bbf4b2b0f5a1686bf612630a0a540a0fd
2025-03-01,400KV PKKD,8.209,8.209,,official_observed_reference,fddc58c5cf0ba116ffa3d13ef5d0e65bbf4b2b0f5a1686bf612630a0a540a0fd
2025-03-01,400KV KOCHI+KOTTAYAM,13.529,13.529,13.529,official_observed_reference,fddc58c5cf0ba116ffa3d13ef5d0e65bbf4b2b0f5a1686bf612630a0a540a0fd
2025-03-01,400KV KOZHKOD,15.724,15.724,,official_observed_reference,fddc58c5cf0ba116ffa3d13ef5d0e65bbf4b2b0f5a1686bf612630a0a540a0fd
2025-03-01,400KV NORTH TRSR,6.8276,6.8276,6.8276,official_observed_reference,fddc58c5cf0ba116ffa3d13ef5d0e65bbf4b2b0f5a1686bf612630a0a540a0fd
2025-03-01,400KV TVM,9.575,9.575,,official_observed_reference,fddc58c5cf0ba116ffa3d13ef5d0e65bbf4b2b0f5a1686bf612630a0a540a0fd
2025-03-01,220KV_KNPA+SBGR +PVUD+EDMN,10.5588,10.5588,10.5588,official_observed_reference,fddc58c5cf0ba116ffa3d13ef5d0e65bbf4b2b0f5a1686bf612630a0a540a0fd
2025-03-01,110KV_MJSM +PRSLA,0.8094,0.8094,,official_observed_reference,fddc58c5cf0ba116ffa3d13ef5d0e65bbf4b2b0f5a1686bf612630a0a540a0fd
2025-03-02,400KV MDKA,8.798,17.9,8.95,official_observed_reference,81c721762f789388d209ccbd1bb4cb9ab623539909177df6a0111a1615f831e4
2025-03-02,400KV PKKD,8.061,16.27,,official_observed_reference,81c721762f789388d209ccbd1bb4cb9ab623539909177df6a0111a1615f831e4
2025-03-02,400KV KOCHI+KOTTAYAM,13.841,27.37,13.685,official_observed_reference,81c721762f789388d209ccbd1bb4cb9ab623539909177df6a0111a1615f831e4
2025-03-02,400KV KOZHKOD,14.96,30.684,,official_observed_reference,81c721762f789388d209ccbd1bb4cb9ab623539909177df6a0111a1615f831e4
2025-03-02,400KV NORTH TRSR,6.7899,13.6175,6.8087,official_observed_reference,81c721762f789388d209ccbd1bb4cb9ab623539909177df6a0111a1615f831e4
2025-03-02,400KV TVM,8.879,18.454,,official_observed_reference,81c721762f789388d209ccbd1bb4cb9ab623539909177df6a0111a1615f831e4
2025-03-02,220KV_KNPA+SBGR +PVUD+EDMN,9.7987,20.3575,10.1787,official_observed_reference,81c721762f789388d209ccbd1bb4cb9ab623539909177df6a0111a1615f831e4
2025-03-02,110KV_MJSM +PRSLA,0.6857,1.4951,,official_observed_reference,81c721762f789388d209ccbd1bb4cb9ab623539909177df6a0111a1615f831e4
2025-03-03,400KV MDKA,9.605,27.505,9.1683,official_observed_reference,5725a441d34b1ce99f00b0b9530b5b5638e830038b143614830b39c22effecc6
2025-03-03,400KV PKKD,8.741,25.011,,official_observed_reference,5725a441d34b1ce99f00b0b9530b5b5638e830038b143614830b39c22effecc6
2025-03-03,400KV KOCHI+KOTTAYAM,14.786,42.156,14.052,official_observed_reference,5725a441d34b1ce99f00b0b9530b5b5638e830038b143614830b39c22effecc6
2025-03-03,400KV KOZHKOD,15.935,46.619,,official_observed_reference,5725a441d34b1ce99f00b0b9530b5b5638e830038b143614830b39c22effecc6
2025-03-03,400KV NORTH TRSR,6.7466,20.3641,6.788,official_observed_reference,5725a441d34b1ce99f00b0b9530b5b5638e830038b143614830b39c22effecc6
2025-03-03,400KV TVM,9.143,27.597,,official_observed_reference,5725a441d34b1ce99f00b0b9530b5b5638e830038b143614830b39c22effecc6
2025-03-03,220KV_KNPA+SBGR +PVUD+EDMN,10.3601,30.7176,10.2392,official_observed_reference,5725a441d34b1ce99f00b0b9530b5b5638e830038b143614830b39c22effecc6
2025-03-03,110KV_MJSM +PRSLA,0.5422,2.0373,,official_observed_reference,5725a441d34b1ce99f00b0b9530b5b5638e830038b143614830b39c22effecc6
2025-03-04,400KV MDKA,10.342,37.847,9.4618,official_observed_reference,8ee5dcc0313b1ee664003ac58005ebb8f1c0c4376d96c9ef567f8db550fb1daa
2025-03-04,400KV PKKD,9.281,34.292,,official_observed_reference,8ee5dcc0313b1ee664003ac58005ebb8f1c0c4376d96c9ef567f8db550fb1daa
2025-03-04,400KV KOCHI+KOTTAYAM,16.016,58.172,14.543,official_observed_reference,8ee5dcc0313b1ee664003ac58005ebb8f1c0c4376d96c9ef567f8db550fb1daa
2025-03-04,400KV KOZHKOD,16.097,62.716,,official_observed_reference,8ee5dcc0313b1ee664003ac58005ebb8f1c0c4376d96c9ef567f8db550fb1daa
2025-03-04,400KV NORTH TRSR,6.8495,27.2136,6.8034,official_observed_reference,8ee5dcc0313b1ee664003ac58005ebb8f1c0c4376d96c9ef567f8db550fb1daa
2025-03-04,400KV TVM,9.772,37.369,,official_observed_reference,8ee5dcc0313b1ee664003ac58005ebb8f1c0c4376d96c9ef567f8db550fb1daa
2025-03-04,220KV_KNPA+SBGR +PVUD+EDMN,11.7609,42.4785,10.6196,official_observed_reference,8ee5dcc0313b1ee664003ac58005ebb8f1c0c4376d96c9ef567f8db550fb1daa
2025-03-04,110KV_MJSM +PRSLA,0.6449,2.6822,,official_observed_reference,8ee5dcc0313b1ee664003ac58005ebb8f1c0c4376d96c9ef567f8db550fb1daa
2025-03-06,400KV MDKA,9.419,57.306,9.551,official_observed_reference,ea4b39b3054fa9faea9bd024ca696f31e8517bba1fe361cc49810f2234017daa
2025-03-06,400KV PKKD,9.531,52.719,,official_observed_reference,ea4b39b3054fa9faea9bd024ca696f31e8517bba1fe361cc49810f2234017daa
2025-03-06,400KV KOCHI+KOTTAYAM,16.465,89.971,14.9952,official_observed_reference,ea4b39b3054fa9faea9bd024ca696f31e8517bba1fe361cc49810f2234017daa
2025-03-06,400KV KOZHKOD,16.545,95.492,,official_observed_reference,ea4b39b3054fa9faea9bd024ca696f31e8517bba1fe361cc49810f2234017daa
2025-03-06,400KV NORTH TRSR,7.0923,41.3901,6.8983,official_observed_reference,ea4b39b3054fa9faea9bd024ca696f31e8517bba1fe361cc49810f2234017daa
2025-03-06,400KV TVM,10.817,58.324,,official_observed_reference,ea4b39b3054fa9faea9bd024ca696f31e8517bba1fe361cc49810f2234017daa
2025-03-06,220KV_KNPA+SBGR +PVUD+EDMN,12.9334,67.0651,11.1775,official_observed_reference,ea4b39b3054fa9faea9bd024ca696f31e8517bba1fe361cc49810f2234017daa
2025-03-06,110KV_MJSM +PRSLA,0.6468,3.9674,,official_observed_reference,ea4b39b3054fa9faea9bd024ca696f31e8517bba1fe361cc49810f2234017daa
2025-03-07,400KV MDKA,9.594,66.9,9.5571,official_observed_reference,270db662b7d7ebcb17259e49ec785528e9d7e57a9c3fadcf028a71848287e403
2025-03-07,400KV PKKD,9.644,62.363,,official_observed_reference,270db662b7d7ebcb17259e49ec785528e9d7e57a9c3fadcf028a71848287e403
2025-03-07,400KV KOCHI+KOTTAYAM,16.864,106.835,15.2621,official_observed_reference,270db662b7d7ebcb17259e49ec785528e9d7e57a9c3fadcf028a71848287e403
2025-03-07,400KV KOZHKOD,16.864,112.356,,official_observed_reference,270db662b7d7ebcb17259e49ec785528e9d7e57a9c3fadcf028a71848287e403
2025-03-07,400KV NORTH TRSR,7.3558,48.7459,6.9637,official_observed_reference,270db662b7d7ebcb17259e49ec785528e9d7e57a9c3fadcf028a71848287e403
2025-03-07,400KV TVM,10.688,69.012,,official_observed_reference,270db662b7d7ebcb17259e49ec785528e9d7e57a9c3fadcf028a71848287e403
2025-03-07,220KV_KNPA+SBGR +PVUD+EDMN,13.1908,80.2559,11.4651,official_observed_reference,270db662b7d7ebcb17259e49ec785528e9d7e57a9c3fadcf028a71848287e403
2025-03-07,110KV_MJSM +PRSLA,0.78,4.7474,,official_observed_reference,270db662b7d7ebcb17259e49ec785528e9d7e57a9c3fadcf028a71848287e403
2025-03-08,400KV MDKA,10.275,77.175,9.6469,official_observed_reference,e8b1e7279926e74d6d8667a9c74d279f6eb625a50caae0e798adb8681f4e56e7
2025-03-08,400KV PKKD,9.549,71.912,,official_observed_reference,e8b1e7279926e74d6d8667a9c74d279f6eb625a50caae0e798adb8681f4e56e7
2025-03-08,400KV KOCHI+KOTTAYAM,15.513,122.348,15.2935,official_observed_reference,e8b1e7279926e74d6d8667a9c74d279f6eb625a50caae0e798adb8681f4e56e7
2025-03-08,400KV KOZHKOD,16.645,129.001,,official_observed_reference,e8b1e7279926e74d6d8667a9c74d279f6eb625a50caae0e798adb8681f4e56e7
2025-03-08,400KV NORTH TRSR,7.3206,56.0665,7.0083,official_observed_reference,e8b1e7279926e74d6d8667a9c74d279f6eb625a50caae0e798adb8681f4e56e7
2025-03-08,400KV TVM,10.6,79.612,,official_observed_reference,e8b1e7279926e74d6d8667a9c74d279f6eb625a50caae0e798adb8681f4e56e7
2025-03-08,220KV_KNPA+SBGR +PVUD+EDMN,12.7325,92.9884,11.6236,official_observed_reference,e8b1e7279926e74d6d8667a9c74d279f6eb625a50caae0e798adb8681f4e56e7
2025-03-08,110KV_MJSM +PRSLA,0.696,5.4435,,official_observed_reference,e8b1e7279926e74d6d8667a9c74d279f6eb625a50caae0e798adb8681f4e56e7
2025-03-09,400KV MDKA,8.821,85.996,9.5551,official_observed_reference,e4efbaf961f6ce021ec31b331491187bebb5434db97ca5167a80224f9252f8cf
2025-03-09,400KV PKKD,8.682,80.594,,official_observed_reference,e4efbaf961f6ce021ec31b331491187bebb5434db97ca5167a80224f9252f8cf
2025-03-09,400KV KOCHI+KOTTAYAM,13.324,135.672,15.0747,official_observed_reference,e4efbaf961f6ce021ec31b331491187bebb5434db97ca5167a80224f9252f8cf
2025-03-09,400KV KOZHKOD,15.172,144.173,,official_observed_reference,e4efbaf961f6ce021ec31b331491187bebb5434db97ca5167a80224f9252f8cf
2025-03-09,400KV NORTH TRSR,6.928,62.9945,6.9994,official_observed_reference,e4efbaf961f6ce021ec31b331491187bebb5434db97ca5167a80224f9252f8cf
2025-03-09,400KV TVM,9.985,89.597,,official_observed_reference,e4efbaf961f6ce021ec31b331491187bebb5434db97ca5167a80224f9252f8cf
2025-03-09,220KV_KNPA+SBGR +PVUD+EDMN,12.2474,105.2358,11.6929,official_observed_reference,e4efbaf961f6ce021ec31b331491187bebb5434db97ca5167a80224f9252f8cf
2025-03-09,110KV_MJSM +PRSLA,0.7725,6.2159,,official_observed_reference,e4efbaf961f6ce021ec31b331491187bebb5434db97ca5167a80224f9252f8cf
2025-03-11,400KV MDKA,8.651,103.478,9.4071,official_observed_reference,ca88e9c359bc0c7809706f205d16bdaae76175e71d8f221ec7d4816ec6eacae6
2025-03-11,400KV PKKD,8.588,97.766,,official_observed_reference,ca88e9c359bc0c7809706f205d16bdaae76175e71d8f221ec7d4816ec6eacae6
2025-03-11,400KV KOCHI+KOTTAYAM,14.529,164.133,14.9212,official_observed_reference,ca88e9c359bc0c7809706f205d16bdaae76175e71d8f221ec7d4816ec6eacae6
2025-03-11,400KV KOZHKOD,16.285,176.742,,official_observed_reference,ca88e9c359bc0c7809706f205d16bdaae76175e71d8f221ec7d4816ec6eacae6
2025-03-11,400KV NORTH TRSR,6.5453,76.5516,6.9592,official_observed_reference,ca88e9c359bc0c7809706f205d16bdaae76175e71d8f221ec7d4816ec6eacae6
2025-03-11,400KV TVM,10.405,110.202,,official_observed_reference,ca88e9c359bc0c7809706f205d16bdaae76175e71d8f221ec7d4816ec6eacae6
2025-03-11,220KV_KNPA+SBGR +PVUD+EDMN,13.6088,133.0574,12.0961,official_observed_reference,ca88e9c359bc0c7809706f205d16bdaae76175e71d8f221ec7d4816ec6eacae6
2025-03-11,110KV_MJSM +PRSLA,0.6579,7.4836,,official_observed_reference,ca88e9c359bc0c7809706f205d16bdaae76175e71d8f221ec7d4816ec6eacae6
2025-03-12,400KV MDKA,8.094,111.572,9.2977,official_observed_reference,28f457309318f1d4343193d0b5cf8e79a46b2a3d7a91516b57ad9a88403b5e73
2025-03-12,400KV PKKD,8.495,106.261,,official_observed_reference,28f457309318f1d4343193d0b5cf8e79a46b2a3d7a91516b57ad9a88403b5e73
2025-03-12,400KV KOCHI+KOTTAYAM,16.249,180.382,15.0318,official_observed_reference,28f457309318f1d4343193d0b5cf8e79a46b2a3d7a91516b57ad9a88403b5e73
2025-03-12,400KV KOZHKOD,16.315,193.057,,official_observed_reference,28f457309318f1d4343193d0b5cf8e79a46b2a3d7a91516b57ad9a88403b5e73
2025-03-12,400KV NORTH TRSR,6.4689,83.0204,6.9184,official_observed_reference,28f457309318f1d4343193d0b5cf8e79a46b2a3d7a91516b57ad9a88403b5e73
2025-03-12,400KV TVM,10.201,120.403,,official_observed_reference,28f457309318f1d4343193d0b5cf8e79a46b2a3d7a91516b57ad9a88403b5e73
2025-03-12,220KV_KNPA+SBGR +PVUD+EDMN,13.0414,146.0988,12.1749,official_observed_reference,28f457309318f1d4343193d0b5cf8e79a46b2a3d7a91516b57ad9a88403b5e73
2025-03-12,110KV_MJSM +PRSLA,0.652,8.1356,,official_observed_reference,28f457309318f1d4343193d0b5cf8e79a46b2a3d7a91516b57ad9a88403b5e73
2025-03-13,400KV MDKA,8.744,120.316,9.2551,official_observed_reference,daff359d497df23349dde010fd77519bdfe6d36988bc65eed624b7e44199b0ad
2025-03-13,400KV PKKD,8.525,114.786,,official_observed_reference,daff359d497df23349dde010fd77519bdfe6d36988bc65eed624b7e44199b0ad
2025-03-13,400KV KOCHI+KOTTAYAM,15.488,195.87,15.0669,official_observed_reference,daff359d497df23349dde010fd77519bdfe6d36988bc65eed624b7e44199b0ad
2025-03-13,400KV KOZHKOD,14.914,207.971,,official_observed_reference,daff359d497df23349dde010fd77519bdfe6d36988bc65eed624b7e44199b0ad
2025-03-13,400KV NORTH TRSR,6.6631,89.6835,6.8987,official_observed_reference,daff359d497df23349dde010fd77519bdfe6d36988bc65eed624b7e44199b0ad
2025-03-13,400KV TVM,9.567,129.97,,official_observed_reference,daff359d497df23349dde010fd77519bdfe6d36988bc65eed624b7e44199b0ad
2025-03-13,220KV_KNPA+SBGR +PVUD+EDMN,13.1163,159.2151,12.2473,official_observed_reference,daff359d497df23349dde010fd77519bdfe6d36988bc65eed624b7e44199b0ad
2025-03-13,110KV_MJSM +PRSLA,0.7218,8.8575,,official_observed_reference,daff359d497df23349dde010fd77519bdfe6d36988bc65eed624b7e44199b0ad
2025-03-14,400KV MDKA,9.738,130.054,9.2896,official_observed_reference,0a2f16dd4d5f7946e0e9c65148f91d857620e76da5dd33245984e7b3c7b145db
2025-03-14,400KV PKKD,8.733,123.519,,official_observed_reference,0a2f16dd4d5f7946e0e9c65148f91d857620e76da5dd33245984e7b3c7b145db
2025-03-14,400KV KOCHI+KOTTAYAM,19.65,215.52,15.3943,official_observed_reference,0a2f16dd4d5f7946e0e9c65148f91d857620e76da5dd33245984e7b3c7b145db
2025-03-14,400KV KOZHKOD,15.666,223.637,,official_observed_reference,0a2f16dd4d5f7946e0e9c65148f91d857620e76da5dd33245984e7b3c7b145db
2025-03-14,400KV NORTH TRSR,6.6789,96.3624,6.883,official_observed_reference,0a2f16dd4d5f7946e0e9c65148f91d857620e76da5dd33245984e7b3c7b145db
2025-03-14,400KV TVM,10.44,140.41,,official_observed_reference,0a2f16dd4d5f7946e0e9c65148f91d857620e76da5dd33245984e7b3c7b145db
2025-03-14,220KV_KNPA+SBGR +PVUD+EDMN,14.3112,173.5263,12.3947,official_observed_reference,0a2f16dd4d5f7946e0e9c65148f91d857620e76da5dd33245984e7b3c7b145db
2025-03-14,110KV_MJSM +PRSLA,0.6507,9.5082,,official_observed_reference,0a2f16dd4d5f7946e0e9c65148f91d857620e76da5dd33245984e7b3c7b145db
2025-03-15,400KV MDKA,9.944,139.998,9.3332,official_observed_reference,b8a0edd909735e9638c675c52f8c28cde14eeb399cb7490a3ec53b991e3a7dc0
2025-03-15,400KV PKKD,8.745,132.264,,official_observed_reference,b8a0edd909735e9638c675c52f8c28cde14eeb399cb7490a3ec53b991e3a7dc0
2025-03-15,400KV KOCHI+KOTTAYAM,17.604,233.124,15.5416,official_observed_reference,b8a0edd909735e9638c675c52f8c28cde14eeb399cb7490a3ec53b991e3a7dc0
2025-03-15,400KV KOZHKOD,15.964,239.601,,official_observed_reference,b8a0edd909735e9638c675c52f8c28cde14eeb399cb7490a3ec53b991e3a7dc0
2025-03-15,400KV NORTH TRSR,7.1587,103.5211,6.9014,official_observed_reference,b8a0edd909735e9638c675c52f8c28cde14eeb399cb7490a3ec53b991e3a7dc0
2025-03-15,400KV TVM,10.278,150.688,,official_observed_reference,b8a0edd909735e9638c675c52f8c28cde14eeb399cb7490a3ec53b991e3a7dc0
2025-03-15,220KV_KNPA+SBGR +PVUD+EDMN,12.9379,186.4642,12.4309,official_observed_reference,b8a0edd909735e9638c675c52f8c28cde14eeb399cb7490a3ec53b991e3a7dc0
2025-03-15,110KV_MJSM +PRSLA,0.7889,10.297,,official_observed_reference,b8a0edd909735e9638c675c52f8c28cde14eeb399cb7490a3ec53b991e3a7dc0
2025-03-16,400KV MDKA,9.661,149.659,9.3537,official_observed_reference,d9fb34abc8c239099b44e14c3ebdff60876ab67e9d2b04afb1fd42b9bc684e66
2025-03-16,400KV PKKD,8.227,140.491,,official_observed_reference,d9fb34abc8c239099b44e14c3ebdff60876ab67e9d2b04afb1fd42b9bc684e66
2025-03-16,400KV KOCHI+KOTTAYAM,16.999,250.123,15.6327,official_observed_reference,d9fb34abc8c239099b44e14c3ebdff60876ab67e9d2b04afb1fd42b9bc684e66
2025-03-16,400KV KOZHKOD,15.949,255.55,,official_observed_reference,d9fb34abc8c239099b44e14c3ebdff60876ab67e9d2b04afb1fd42b9bc684e66
2025-03-16,400KV NORTH TRSR,6.6729,110.194,6.8871,official_observed_reference,d9fb34abc8c239099b44e14c3ebdff60876ab67e9d2b04afb1fd42b9bc684e66
2025-03-16,400KV TVM,9.996,160.684,,official_observed_reference,d9fb34abc8c239099b44e14c3ebdff60876ab67e9d2b04afb1fd42b9bc684e66
2025-03-16,220KV_KNPA+SBGR +PVUD+EDMN,11.7892,198.2534,12.3908,official_observed_reference,d9fb34abc8c239099b44e14c3ebdff60876ab67e9d2b04afb1fd42b9bc684e66
2025-03-16,110KV_MJSM +PRSLA,0.6846,10.9816,,official_observed_reference,d9fb34abc8c239099b44e14c3ebdff60876ab67e9d2b04afb1fd42b9bc684e66
2025-03-18,400KV MDKA,8.615,167.164,9.2869,official_observed_reference,ab9483859714ac5893e32cff84afd97d6494f4b544bc10a8dee09b8bd1361a18
2025-03-18,400KV PKKD,8.758,158.071,,official_observed_reference,ab9483859714ac5893e32cff84afd97d6494f4b544bc10a8dee09b8bd1361a18
2025-03-18,400KV KOCHI+KOTTAYAM,17.451,285.185,15.8436,official_observed_reference,ab9483859714ac5893e32cff84afd97d6494f4b544bc10a8dee09b8bd1361a18
2025-03-18,400KV KOZHKOD,15.135,286.204,,official_observed_reference,ab9483859714ac5893e32cff84afd97d6494f4b544bc10a8dee09b8bd1361a18
2025-03-18,400KV NORTH TRSR,6.1786,122.7859,6.8214,official_observed_reference,ab9483859714ac5893e32cff84afd97d6494f4b544bc10a8dee09b8bd1361a18
2025-03-18,400KV TVM,10.532,181.851,,official_observed_reference,ab9483859714ac5893e32cff84afd97d6494f4b544bc10a8dee09b8bd1361a18
2025-03-18,220KV_KNPA+SBGR +PVUD+EDMN,11.2655,221.8329,12.3241,official_observed_reference,ab9483859714ac5893e32cff84afd97d6494f4b544bc10a8dee09b8bd1361a18
2025-03-18,110KV_MJSM +PRSLA,0.6822,12.3305,,official_observed_reference,ab9483859714ac5893e32cff84afd97d6494f4b544bc10a8dee09b8bd1361a18
2025-03-19,400KV MDKA,9.196,176.36,9.2821,official_observed_reference,9005fba125d9532026d613982df14a510402a420562967747c0a54b8b92c8931
2025-03-19,400KV PKKD,9.373,167.444,,official_observed_reference,9005fba125d9532026d613982df14a510402a420562967747c0a54b8b92c8931
2025-03-19,400KV KOCHI+KOTTAYAM,16.336,301.521,15.8695,official_observed_reference,9005fba125d9532026d613982df14a510402a420562967747c0a54b8b92c8931
2025-03-19,400KV KOZHKOD,16.547,302.751,,official_observed_reference,9005fba125d9532026d613982df14a510402a420562967747c0a54b8b92c8931
2025-03-19,400KV NORTH TRSR,6.1965,128.9824,6.7885,official_observed_reference,9005fba125d9532026d613982df14a510402a420562967747c0a54b8b92c8931
2025-03-19,400KV TVM,10.442,192.293,,official_observed_reference,9005fba125d9532026d613982df14a510402a420562967747c0a54b8b92c8931
2025-03-19,220KV_KNPA+SBGR +PVUD+EDMN,11.4838,233.3167,12.2798,official_observed_reference,9005fba125d9532026d613982df14a510402a420562967747c0a54b8b92c8931
2025-03-19,110KV_MJSM +PRSLA,0.716,13.0464,,official_observed_reference,9005fba125d9532026d613982df14a510402a420562967747c0a54b8b92c8931
2025-03-20,400KV MDKA,9.301,185.661,9.2831,official_observed_reference,25877178bb09ef572f5e2924d342dec51fb5d122c3513de5a2d5821fc10aa5fd
2025-03-20,400KV PKKD,9.292,176.736,,official_observed_reference,25877178bb09ef572f5e2924d342dec51fb5d122c3513de5a2d5821fc10aa5fd
2025-03-20,400KV KOCHI+KOTTAYAM,15.902,317.423,15.8712,official_observed_reference,25877178bb09ef572f5e2924d342dec51fb5d122c3513de5a2d5821fc10aa5fd
2025-03-20,400KV KOZHKOD,16.432,319.183,,official_observed_reference,25877178bb09ef572f5e2924d342dec51fb5d122c3513de5a2d5821fc10aa5fd
2025-03-20,400KV NORTH TRSR,6.9114,135.8937,6.7947,official_observed_reference,25877178bb09ef572f5e2924d342dec51fb5d122c3513de5a2d5821fc10aa5fd
2025-03-20,400KV TVM,10.425,202.718,,official_observed_reference,25877178bb09ef572f5e2924d342dec51fb5d122c3513de5a2d5821fc10aa5fd
2025-03-20,220KV_KNPA+SBGR +PVUD+EDMN,12.0808,245.3975,12.2699,official_observed_reference,25877178bb09ef572f5e2924d342dec51fb5d122c3513de5a2d5821fc10aa5fd
2025-03-20,110KV_MJSM +PRSLA,0.7308,13.7773,,official_observed_reference,25877178bb09ef572f5e2924d342dec51fb5d122c3513de5a2d5821fc10aa5fd
2025-03-21,400KV MDKA,9.607,195.268,9.2985,official_observed_reference,b71fafae3e74a2675e7fb6836736fb917ce59275c4df577f1faec59c7c38a546
2025-03-21,400KV PKKD,9.225,185.961,,official_observed_reference,b71fafae3e74a2675e7fb6836736fb917ce59275c4df577f1faec59c7c38a546
2025-03-21,400KV KOCHI+KOTTAYAM,16.373,333.796,15.895,official_observed_reference,b71fafae3e74a2675e7fb6836736fb917ce59275c4df577f1faec59c7c38a546
2025-03-21,400KV KOZHKOD,16.681,335.864,,official_observed_reference,b71fafae3e74a2675e7fb6836736fb917ce59275c4df577f1faec59c7c38a546
2025-03-21,400KV NORTH TRSR,6.9188,142.8125,6.8006,official_observed_reference,b71fafae3e74a2675e7fb6836736fb917ce59275c4df577f1faec59c7c38a546
2025-03-21,400KV TVM,10.85,213.568,,official_observed_reference,b71fafae3e74a2675e7fb6836736fb917ce59275c4df577f1faec59c7c38a546
2025-03-21,220KV_KNPA+SBGR +PVUD+EDMN,11.4675,256.865,12.2317,official_observed_reference,b71fafae3e74a2675e7fb6836736fb917ce59275c4df577f1faec59c7c38a546
2025-03-21,110KV_MJSM +PRSLA,0.7858,14.5631,,official_observed_reference,b71fafae3e74a2675e7fb6836736fb917ce59275c4df577f1faec59c7c38a546
2025-03-22,400KV MDKA,9.122,204.39,9.2905,official_observed_reference,12bb57d80081e2ef0627f1abb29305c531859e182c3e36b98fa8ab25630e3972
2025-03-22,400KV PKKD,7.98,193.941,,official_observed_reference,12bb57d80081e2ef0627f1abb29305c531859e182c3e36b98fa8ab25630e3972
2025-03-22,400KV KOCHI+KOTTAYAM,15.458,349.254,15.8752,official_observed_reference,12bb57d80081e2ef0627f1abb29305c531859e182c3e36b98fa8ab25630e3972
2025-03-22,400KV KOZHKOD,16.668,352.532,,official_observed_reference,12bb57d80081e2ef0627f1abb29305c531859e182c3e36b98fa8ab25630e3972
2025-03-22,400KV NORTH TRSR,6.6352,149.4477,6.7931,official_observed_reference,12bb57d80081e2ef0627f1abb29305c531859e182c3e36b98fa8ab25630e3972
2025-03-22,400KV TVM,10.265,223.833,,official_observed_reference,12bb57d80081e2ef0627f1abb29305c531859e182c3e36b98fa8ab25630e3972
2025-03-22,220KV_KNPA+SBGR +PVUD+EDMN,10.928,267.793,12.1724,official_observed_reference,12bb57d80081e2ef0627f1abb29305c531859e182c3e36b98fa8ab25630e3972
2025-03-22,110KV_MJSM +PRSLA,0.7003,15.2633,,official_observed_reference,12bb57d80081e2ef0627f1abb29305c531859e182c3e36b98fa8ab25630e3972
2025-03-23,400KV MDKA,7.573,211.963,9.2158,official_observed_reference,10a498d4ba519e51a139cee9566609be93aafa81e744b375cf1361ee05afd008
2025-03-23,400KV PKKD,8.319,202.26,,official_observed_reference,10a498d4ba519e51a139cee9566609be93aafa81e744b375cf1361ee05afd008
2025-03-23,400KV KOCHI+KOTTAYAM,13.605,362.859,15.7765,official_observed_reference,10a498d4ba519e51a139cee9566609be93aafa81e744b375cf1361ee05afd008
2025-03-23,400KV KOZHKOD,14.59,367.122,,official_observed_reference,10a498d4ba519e51a139cee9566609be93aafa81e744b375cf1361ee05afd008
2025-03-23,400KV NORTH TRSR,6.2529,155.7005,6.7696,official_observed_reference,10a498d4ba519e51a139cee9566609be93aafa81e744b375cf1361ee05afd008
2025-03-23,400KV TVM,9.519,233.352,,official_observed_reference,10a498d4ba519e51a139cee9566609be93aafa81e744b375cf1361ee05afd008
2025-03-23,220KV_KNPA+SBGR +PVUD+EDMN,9.999,277.792,12.0779,official_observed_reference,10a498d4ba519e51a139cee9566609be93aafa81e744b375cf1361ee05afd008
2025-03-23,110KV_MJSM +PRSLA,0.7683,16.0317,,official_observed_reference,10a498d4ba519e51a139cee9566609be93aafa81e744b375cf1361ee05afd008
2025-03-24,400KV MDKA,8.015,219.978,9.1658,official_observed_reference,55619c50e7ed957bf12a4fc125982a9beddbef6f8e1170c6b797dd16802e5ac2
2025-03-24,400KV PKKD,8.897,211.157,,official_observed_reference,55619c50e7ed957bf12a4fc125982a9beddbef6f8e1170c6b797dd16802e5ac2
2025-03-24,400KV KOCHI+KOTTAYAM,14.128,376.987,15.7078,official_observed_reference,55619c50e7ed957bf12a4fc125982a9beddbef6f8e1170c6b797dd16802e5ac2
2025-03-24,400KV KOZHKOD,15.542,382.664,,official_observed_reference,55619c50e7ed957bf12a4fc125982a9beddbef6f8e1170c6b797dd16802e5ac2
2025-03-24,400KV NORTH TRSR,6.7105,162.411,6.7671,official_observed_reference,55619c50e7ed957bf12a4fc125982a9beddbef6f8e1170c6b797dd16802e5ac2
2025-03-24,400KV TVM,9.918,243.27,,official_observed_reference,55619c50e7ed957bf12a4fc125982a9beddbef6f8e1170c6b797dd16802e5ac2
2025-03-24,220KV_KNPA+SBGR +PVUD+EDMN,10.0792,287.8712,11.9946,official_observed_reference,55619c50e7ed957bf12a4fc125982a9beddbef6f8e1170c6b797dd16802e5ac2
2025-03-24,110KV_MJSM +PRSLA,0.6881,16.7197,,official_observed_reference,55619c50e7ed957bf12a4fc125982a9beddbef6f8e1170c6b797dd16802e5ac2
2025-03-25,400KV MDKA,8.447,228.425,9.137,official_observed_reference,c9a83dd2986f4be12e4ce10e5b9edb69f8f725b1781903d1d20649c7672ed6f8
2025-03-25,400KV PKKD,9.173,220.33,,official_observed_reference,c9a83dd2986f4be12e4ce10e5b9edb69f8f725b1781903d1d20649c7672ed6f8
2025-03-25,400KV KOCHI+KOTTAYAM,14.813,391.8,15.672,official_observed_reference,c9a83dd2986f4be12e4ce10e5b9edb69f8f725b1781903d1d20649c7672ed6f8
2025-03-25,400KV KOZHKOD,16.101,398.765,,official_observed_reference,c9a83dd2986f4be12e4ce10e5b9edb69f8f725b1781903d1d20649c7672ed6f8
2025-03-25,400KV NORTH TRSR,6.7656,169.1766,6.7671,official_observed_reference,c9a83dd2986f4be12e4ce10e5b9edb69f8f725b1781903d1d20649c7672ed6f8
2025-03-25,400KV TVM,10.378,253.648,,official_observed_reference,c9a83dd2986f4be12e4ce10e5b9edb69f8f725b1781903d1d20649c7672ed6f8
2025-03-25,220KV_KNPA+SBGR +PVUD+EDMN,10.264,298.1353,11.9254,official_observed_reference,c9a83dd2986f4be12e4ce10e5b9edb69f8f725b1781903d1d20649c7672ed6f8
2025-03-25,110KV_MJSM +PRSLA,0.6989,17.4187,,official_observed_reference,c9a83dd2986f4be12e4ce10e5b9edb69f8f725b1781903d1d20649c7672ed6f8
2025-03-26,400KV MDKA,9.585,238.01,9.1542,official_observed_reference,378b261606b656da72c0475ff3fba04044b9c70c4121b8a14e7be35eb6dd513a
2025-03-26,400KV PKKD,7.947,228.277,,official_observed_reference,378b261606b656da72c0475ff3fba04044b9c70c4121b8a14e7be35eb6dd513a
2025-03-26,400KV KOCHI+KOTTAYAM,15.316,407.116,15.6583,official_observed_reference,378b261606b656da72c0475ff3fba04044b9c70c4121b8a14e7be35eb6dd513a
2025-03-26,400KV KOZHKOD,16.063,414.828,,official_observed_reference,378b261606b656da72c0475ff3fba04044b9c70c4121b8a14e7be35eb6dd513a
2025-03-26,400KV NORTH TRSR,6.5474,175.724,6.7586,official_observed_reference,378b261606b656da72c0475ff3fba04044b9c70c4121b8a14e7be35eb6dd513a
2025-03-26,400KV TVM,10.656,264.304,,official_observed_reference,378b261606b656da72c0475ff3fba04044b9c70c4121b8a14e7be35eb6dd513a
2025-03-26,220KV_KNPA+SBGR +PVUD+EDMN,10.5612,308.6965,11.8729,official_observed_reference,378b261606b656da72c0475ff3fba04044b9c70c4121b8a14e7be35eb6dd513a
2025-03-26,110KV_MJSM +PRSLA,0.884,18.3026,,official_observed_reference,378b261606b656da72c0475ff3fba04044b9c70c4121b8a14e7be35eb6dd513a
2025-03-27,400KV MDKA,9.558,247.568,9.1692,official_observed_reference,329d26eb6e185667d2b671a057e1cdb64b1eba3e60370609cce2039c9d3dc551
2025-03-27,400KV PKKD,8.654,236.931,,official_observed_reference,329d26eb6e185667d2b671a057e1cdb64b1eba3e60370609cce2039c9d3dc551
2025-03-27,400KV KOCHI+KOTTAYAM,16.273,423.389,15.6811,official_observed_reference,329d26eb6e185667d2b671a057e1cdb64b1eba3e60370609cce2039c9d3dc551
2025-03-27,400KV KOZHKOD,15.706,430.534,,official_observed_reference,329d26eb6e185667d2b671a057e1cdb64b1eba3e60370609cce2039c9d3dc551
2025-03-27,400KV NORTH TRSR,6.3455,182.0695,6.7433,official_observed_reference,329d26eb6e185667d2b671a057e1cdb64b1eba3e60370609cce2039c9d3dc551
2025-03-27,400KV TVM,10.588,274.892,,official_observed_reference,329d26eb6e185667d2b671a057e1cdb64b1eba3e60370609cce2039c9d3dc551
2025-03-27,220KV_KNPA+SBGR +PVUD+EDMN,10.3774,319.0739,11.8176,official_observed_reference,329d26eb6e185667d2b671a057e1cdb64b1eba3e60370609cce2039c9d3dc551
2025-03-27,110KV_MJSM +PRSLA,0.8864,19.189,,official_observed_reference,329d26eb6e185667d2b671a057e1cdb64b1eba3e60370609cce2039c9d3dc551
2025-03-28,400KV MDKA,9.374,256.942,9.1765,official_observed_reference,cb5ffa6fa205b8a448ee20c4d1174a7a831cbd33531ee72ee9b0734453bd609c
2025-03-28,400KV PKKD,9.343,246.274,,official_observed_reference,cb5ffa6fa205b8a448ee20c4d1174a7a831cbd33531ee72ee9b0734453bd609c
2025-03-28,400KV KOCHI+KOTTAYAM,15.522,438.911,15.6754,official_observed_reference,cb5ffa6fa205b8a448ee20c4d1174a7a831cbd33531ee72ee9b0734453bd609c
2025-03-28,400KV KOZHKOD,16.175,446.709,,official_observed_reference,cb5ffa6fa205b8a448ee20c4d1174a7a831cbd33531ee72ee9b0734453bd609c
2025-03-28,400KV NORTH TRSR,6.6748,188.7442,6.7409,official_observed_reference,cb5ffa6fa205b8a448ee20c4d1174a7a831cbd33531ee72ee9b0734453bd609c
2025-03-28,400KV TVM,10.629,285.521,,official_observed_reference,cb5ffa6fa205b8a448ee20c4d1174a7a831cbd33531ee72ee9b0734453bd609c
2025-03-28,220KV_KNPA+SBGR +PVUD+EDMN,10.1023,329.1762,11.7563,official_observed_reference,cb5ffa6fa205b8a448ee20c4d1174a7a831cbd33531ee72ee9b0734453bd609c
2025-03-28,110KV_MJSM +PRSLA,0.87,20.059,,official_observed_reference,cb5ffa6fa205b8a448ee20c4d1174a7a831cbd33531ee72ee9b0734453bd609c
2025-03-29,400KV MDKA,9.847,266.789,9.1996,official_observed_reference,ed30b63f1fc30ca82f51a09bfe6cefe99dcd0f68e520908b908a5d3b108d4255
2025-03-29,400KV PKKD,9.677,255.951,,official_observed_reference,ed30b63f1fc30ca82f51a09bfe6cefe99dcd0f68e520908b908a5d3b108d4255
2025-03-29,400KV KOCHI+KOTTAYAM,16.523,455.434,15.7046,official_observed_reference,ed30b63f1fc30ca82f51a09bfe6cefe99dcd0f68e520908b908a5d3b108d4255
2025-03-29,400KV KOZHKOD,16.723,463.432,,official_observed_reference,ed30b63f1fc30ca82f51a09bfe6cefe99dcd0f68e520908b908a5d3b108d4255
2025-03-29,400KV NORTH TRSR,6.9187,195.6629,6.747,official_observed_reference,ed30b63f1fc30ca82f51a09bfe6cefe99dcd0f68e520908b908a5d3b108d4255
2025-03-29,400KV TVM,10.659,296.18,,official_observed_reference,ed30b63f1fc30ca82f51a09bfe6cefe99dcd0f68e520908b908a5d3b108d4255
2025-03-29,220KV_KNPA+SBGR +PVUD+EDMN,10.688,339.8642,11.7195,official_observed_reference,ed30b63f1fc30ca82f51a09bfe6cefe99dcd0f68e520908b908a5d3b108d4255
2025-03-29,110KV_MJSM +PRSLA,0.9807,21.0397,,official_observed_reference,ed30b63f1fc30ca82f51a09bfe6cefe99dcd0f68e520908b908a5d3b108d4255
2025-03-30,400KV MDKA,9.238,276.027,9.2009,official_observed_reference,b3d4a3bae51b7aca725bdad7b929f2b560494bd9ce0d8e1d5d60c4ab64e55c80
2025-03-30,400KV PKKD,9.104,265.055,,official_observed_reference,b3d4a3bae51b7aca725bdad7b929f2b560494bd9ce0d8e1d5d60c4ab64e55c80
2025-03-30,400KV KOCHI+KOTTAYAM,14.971,470.405,15.6802,official_observed_reference,b3d4a3bae51b7aca725bdad7b929f2b560494bd9ce0d8e1d5d60c4ab64e55c80
2025-03-30,400KV KOZHKOD,15.987,479.419,,official_observed_reference,b3d4a3bae51b7aca725bdad7b929f2b560494bd9ce0d8e1d5d60c4ab64e55c80
2025-03-30,400KV NORTH TRSR,6.8337,202.4966,6.7499,official_observed_reference,b3d4a3bae51b7aca725bdad7b929f2b560494bd9ce0d8e1d5d60c4ab64e55c80
2025-03-30,400KV TVM,10.229,306.409,,official_observed_reference,b3d4a3bae51b7aca725bdad7b929f2b560494bd9ce0d8e1d5d60c4ab64e55c80
2025-03-30,220KV_KNPA+SBGR +PVUD+EDMN,10.4156,350.2799,11.676,official_observed_reference,b3d4a3bae51b7aca725bdad7b929f2b560494bd9ce0d8e1d5d60c4ab64e55c80
2025-03-30,110KV_MJSM +PRSLA,0.9255,21.9652,,official_observed_reference,b3d4a3bae51b7aca725bdad7b929f2b560494bd9ce0d8e1d5d60c4ab64e55c80
2025-03-31,400KV MDKA,9.397,285.424,9.2072,official_observed_reference,ab2b753171e47e432cbefcc417243dc18b4dabf452e63d8e9bd6b6ace9738151
2025-03-31,400KV PKKD,9.016,274.071,,official_observed_reference,ab2b753171e47e432cbefcc417243dc18b4dabf452e63d8e9bd6b6ace9738151
2025-03-31,400KV KOCHI+KOTTAYAM,16.545,486.95,15.7081,official_observed_reference,ab2b753171e47e432cbefcc417243dc18b4dabf452e63d8e9bd6b6ace9738151
2025-03-31,400KV KOZHKOD,15.955,495.374,,official_observed_reference,ab2b753171e47e432cbefcc417243dc18b4dabf452e63d8e9bd6b6ace9738151
2025-03-31,400KV NORTH TRSR,6.4684,208.965,6.7408,official_observed_reference,ab2b753171e47e432cbefcc417243dc18b4dabf452e63d8e9bd6b6ace9738151
2025-03-31,400KV TVM,10.449,316.858,,official_observed_reference,ab2b753171e47e432cbefcc417243dc18b4dabf452e63d8e9bd6b6ace9738151
2025-03-31,220KV_KNPA+SBGR +PVUD+EDMN,10.2951,360.575,11.6315,official_observed_reference,ab2b753171e47e432cbefcc417243dc18b4dabf452e63d8e9bd6b6ace9738151
2025-03-31,110KV_MJSM +PRSLA,0.8866,22.8518,,official_observed_reference,ab2b753171e47e432cbefcc417243dc18b4dabf452e63d8e9bd6b6ace9738151
