date,reservoir_name_as_reported,min_drawdown_level_m,full_reservoir_level_m,full_reservoir_storage_mcm,full_reservoir_storage_reported_mu,level_m,effective_storage_mcm,storage_percent,generation_capability_gross_mu,generation_capability_station_mu,classification,source_sha256
2024-04-01,IDUKKI,694.944,732.43,1460,2190,715.774,649.727,45,974.591,955.099,official_observed_reference,7b3095478b01c8bec9aa8c8f671a781bc4af1bb86dd364546cf854474078bec5
2024-04-01,PAMBA,963.168,986.332,31.001,59.46,964.6,1.06,46,423.849,357.001,official_observed_reference,7b3095478b01c8bec9aa8c8f671a781bc4af1bb86dd364546cf854474078bec5
2024-04-01,KAKKI,908.304,981.456,446.542,856.467,964.323,219.925,0,0,,official_observed_reference,7b3095478b01c8bec9aa8c8f671a781bc4af1bb86dd364546cf854474078bec5
2024-04-01,SHOLAYAR,779.374,811.68,149.23,152.065,798.85,58.555,39,59.667,39.056,official_observed_reference,7b3095478b01c8bec9aa8c8f671a781bc4af1bb86dd364546cf854474078bec5
2024-04-01,IDAMALAYAR,115,169,1017.8,254.45,147.16,452.52,44,113.13,113.13,official_observed_reference,7b3095478b01c8bec9aa8c8f671a781bc4af1bb86dd364546cf854474078bec5
2024-04-01,KUNDALA,1735.836,1758.696,7.787,22.738,1758.1,7.32,94,130.29,56.355,official_observed_reference,7b3095478b01c8bec9aa8c8f671a781bc4af1bb86dd364546cf854474078bec5
2024-04-01,MADUPPATTY,1554.48,1599.59,55.217,161.234,1592.75,37.3,68,0,,official_observed_reference,7b3095478b01c8bec9aa8c8f671a781bc4af1bb86dd364546cf854474078bec5
2024-04-01,KUTTIADI,737.616,758.037,33.99,42.827,753.039,21.865,64,108.127,104.694,official_observed_reference,7b3095478b01c8bec9aa8c8f671a781bc4af1bb86dd364546cf854474078bec5
2024-04-01,THARIODE,750.5,775.6,201,253.26,762.55,63.95,32,0,,official_observed_reference,7b3095478b01c8bec9aa8c8f671a781bc4af1bb86dd364546cf854474078bec5
2024-04-01,ANAYIRANKAL,1188,1207.008,48.968,65.616,1202.88,30.95,63,66.437,23.387,official_observed_reference,7b3095478b01c8bec9aa8c8f671a781bc4af1bb86dd364546cf854474078bec5
2024-04-01,PONMUDI,678.8,707.745,47.4,63.516,694.35,18.63,39,0,,official_observed_reference,7b3095478b01c8bec9aa8c8f671a781bc4af1bb86dd364546cf854474078bec5
2024-04-01,NERIAMANGALAM,445,456.59,5.557,4.835,453.6,3.62,65,3.149,1.483,official_observed_reference,7b3095478b01c8bec9aa8c8f671a781bc4af1bb86dd364546cf854474078bec5
2024-04-01,PORINGAL,405.689,423.976,30.356,10.625,416.6,12.3,41,4.305,4.305,official_observed_reference,7b3095478b01c8bec9aa8c8f671a781bc4af1bb86dd364546cf854474078bec5
2024-04-01,SENGULAM (SBR),844.86,847.6,1.614,0.71,846.7,,0,0,,official_observed_reference,7b3095478b01c8bec9aa8c8f671a781bc4af1bb86dd364546cf854474078bec5
2024-04-01,LOWER PERIYAR,237.74,253,4.55,2.093,250.4,3.44,76,1.582,1.582,official_observed_reference,7b3095478b01c8bec9aa8c8f671a781bc4af1bb86dd364546cf854474078bec5
2024-04-01,KAKKAD,181.36,192.63,1.16,0.358,185,,0,0,,official_observed_reference,7b3095478b01c8bec9aa8c8f671a781bc4af1bb86dd364546cf854474078bec5
2024-04-02,IDUKKI,694.944,732.43,1460,2190,715.634,644.077,44,966.116,946.793,official_observed_reference,dc34b723ecb9accfbc8c9d89d5c0fabfc862dd15299828316f8100bdc4c00ed9
2024-04-02,PAMBA,963.168,986.332,31.001,59.46,964.3,0.82,46,418.642,352.615,official_observed_reference,dc34b723ecb9accfbc8c9d89d5c0fabfc862dd15299828316f8100bdc4c00ed9
2024-04-02,KAKKI,908.304,981.456,446.542,856.467,964.055,217.45,0,0,,official_observed_reference,dc34b723ecb9accfbc8c9d89d5c0fabfc862dd15299828316f8100bdc4c00ed9
2024-04-02,SHOLAYAR,779.374,811.68,149.23,152.065,798.637,57.464,39,58.556,38.329,official_observed_reference,dc34b723ecb9accfbc8c9d89d5c0fabfc862dd15299828316f8100bdc4c00ed9
2024-04-02,IDAMALAYAR,115,169,1017.8,254.45,146.95,447.95,44,111.988,111.988,official_observed_reference,dc34b723ecb9accfbc8c9d89d5c0fabfc862dd15299828316f8100bdc4c00ed9
2024-04-02,KUNDALA,1735.836,1758.696,7.787,22.738,1758.1,7.32,94,129.414,55.976,official_observed_reference,dc34b723ecb9accfbc8c9d89d5c0fabfc862dd15299828316f8100bdc4c00ed9
2024-04-02,MADUPPATTY,1554.48,1599.59,55.217,161.234,1592.6,37,67,0,,official_observed_reference,dc34b723ecb9accfbc8c9d89d5c0fabfc862dd15299828316f8100bdc4c00ed9
2024-04-02,KUTTIADI,737.616,758.037,33.99,42.827,753.039,21.865,64,107.119,103.718,official_observed_reference,dc34b723ecb9accfbc8c9d89d5c0fabfc862dd15299828316f8100bdc4c00ed9
2024-04-02,THARIODE,750.5,775.6,201,253.26,762.45,63.15,31,0,,official_observed_reference,dc34b723ecb9accfbc8c9d89d5c0fabfc862dd15299828316f8100bdc4c00ed9
2024-04-02,ANAYIRANKAL,1188,1207.008,48.968,65.616,1202.7,30.23,62,65.472,23.047,official_observed_reference,dc34b723ecb9accfbc8c9d89d5c0fabfc862dd15299828316f8100bdc4c00ed9
2024-04-02,PONMUDI,678.8,707.745,47.4,63.516,694.35,18.63,39,0,,official_observed_reference,dc34b723ecb9accfbc8c9d89d5c0fabfc862dd15299828316f8100bdc4c00ed9
2024-04-02,NERIAMANGALAM,445,456.59,5.557,4.835,453.35,3.47,62,3.019,1.422,official_observed_reference,dc34b723ecb9accfbc8c9d89d5c0fabfc862dd15299828316f8100bdc4c00ed9
2024-04-02,PORINGAL,405.689,423.976,30.356,10.625,416.65,12.4,41,4.34,4.34,official_observed_reference,dc34b723ecb9accfbc8c9d89d5c0fabfc862dd15299828316f8100bdc4c00ed9
2024-04-02,SENGULAM (SBR),844.86,847.6,1.614,0.71,846.85,,0,0,,official_observed_reference,dc34b723ecb9accfbc8c9d89d5c0fabfc862dd15299828316f8100bdc4c00ed9
2024-04-02,LOWER PERIYAR,237.74,253,4.55,2.093,250.6,3.51,77,1.615,1.615,official_observed_reference,dc34b723ecb9accfbc8c9d89d5c0fabfc862dd15299828316f8100bdc4c00ed9
2024-04-02,KAKKAD,181.36,192.63,1.16,0.358,186.15,,0,0,,official_observed_reference,dc34b723ecb9accfbc8c9d89d5c0fabfc862dd15299828316f8100bdc4c00ed9
2024-04-03,IDUKKI,694.944,732.43,1460,2190,715.5,638.682,44,958.023,938.863,official_observed_reference,b0f52106291509e19c4f33ca3fbc252c7251747e398b130df04737b9a424113e
2024-04-03,PAMBA,963.168,986.332,31.001,59.46,964.05,0.62,45,413.296,348.113,official_observed_reference,b0f52106291509e19c4f33ca3fbc252c7251747e398b130df04737b9a424113e
2024-04-03,KAKKI,908.304,981.456,446.542,856.467,963.765,214.863,0,0,,official_observed_reference,b0f52106291509e19c4f33ca3fbc252c7251747e398b130df04737b9a424113e
2024-04-03,SHOLAYAR,779.374,811.68,149.23,152.065,798.454,56.541,38,57.615,37.713,official_observed_reference,b0f52106291509e19c4f33ca3fbc252c7251747e398b130df04737b9a424113e
2024-04-03,IDAMALAYAR,115,169,1017.8,254.45,146.75,443.75,44,110.938,110.938,official_observed_reference,b0f52106291509e19c4f33ca3fbc252c7251747e398b130df04737b9a424113e
2024-04-03,KUNDALA,1735.836,1758.696,7.787,22.738,1758.1,7.32,94,128.83,55.724,official_observed_reference,b0f52106291509e19c4f33ca3fbc252c7251747e398b130df04737b9a424113e
2024-04-03,MADUPPATTY,1554.48,1599.59,55.217,161.234,1592.5,36.8,67,0,,official_observed_reference,b0f52106291509e19c4f33ca3fbc252c7251747e398b130df04737b9a424113e
2024-04-03,KUTTIADI,737.616,758.037,33.99,42.827,752.765,21.318,63,105.422,102.075,official_observed_reference,b0f52106291509e19c4f33ca3fbc252c7251747e398b130df04737b9a424113e
2024-04-03,THARIODE,750.5,775.6,201,253.26,762.35,62.35,31,0,,official_observed_reference,b0f52106291509e19c4f33ca3fbc252c7251747e398b130df04737b9a424113e
2024-04-03,ANAYIRANKAL,1188,1207.008,48.968,65.616,1202.5,29.53,60,64.427,22.679,official_observed_reference,b0f52106291509e19c4f33ca3fbc252c7251747e398b130df04737b9a424113e
2024-04-03,PONMUDI,678.8,707.745,47.4,63.516,694.3,18.55,39,0,,official_observed_reference,b0f52106291509e19c4f33ca3fbc252c7251747e398b130df04737b9a424113e
2024-04-03,NERIAMANGALAM,445,456.59,5.557,4.835,453.2,3.38,61,2.941,1.385,official_observed_reference,b0f52106291509e19c4f33ca3fbc252c7251747e398b130df04737b9a424113e
2024-04-03,PORINGAL,405.689,423.976,30.356,10.625,416.4,11.9,39,4.165,4.165,official_observed_reference,b0f52106291509e19c4f33ca3fbc252c7251747e398b130df04737b9a424113e
2024-04-03,SENGULAM (SBR),844.86,847.6,1.614,0.71,846.75,,0,0,,official_observed_reference,b0f52106291509e19c4f33ca3fbc252c7251747e398b130df04737b9a424113e
2024-04-03,LOWER PERIYAR,237.74,253,4.55,2.093,250.2,3.36,74,1.546,1.546,official_observed_reference,b0f52106291509e19c4f33ca3fbc252c7251747e398b130df04737b9a424113e
2024-04-03,KAKKAD,181.36,192.63,1.16,0.358,188,,0,0,,official_observed_reference,b0f52106291509e19c4f33ca3fbc252c7251747e398b130df04737b9a424113e
2024-04-04,IDUKKI,694.944,732.43,1460,2190,715.347,632.55,43,948.825,929.849,official_observed_reference,9bb475aaac1fc53747f483db6b6d3d424a6f2d160423752b6163bd96bc0a3718
2024-04-04,PAMBA,963.168,986.332,31.001,59.46,963.8,0.42,44,407.517,343.245,official_observed_reference,9bb475aaac1fc53747f483db6b6d3d424a6f2d160423752b6163bd96bc0a3718
2024-04-04,KAKKI,908.304,981.456,446.542,856.467,963.454,212.05,0,0,,official_observed_reference,9bb475aaac1fc53747f483db6b6d3d424a6f2d160423752b6163bd96bc0a3718
2024-04-04,SHOLAYAR,779.374,811.68,149.23,152.065,798.241,55.473,37,56.527,37.001,official_observed_reference,9bb475aaac1fc53747f483db6b6d3d424a6f2d160423752b6163bd96bc0a3718
2024-04-04,IDAMALAYAR,115,169,1017.8,254.45,146.54,439.34,43,109.835,109.835,official_observed_reference,9bb475aaac1fc53747f483db6b6d3d424a6f2d160423752b6163bd96bc0a3718
2024-04-04,KUNDALA,1735.836,1758.696,7.787,22.738,1758.1,7.32,94,127.954,55.345,official_observed_reference,9bb475aaac1fc53747f483db6b6d3d424a6f2d160423752b6163bd96bc0a3718
2024-04-04,MADUPPATTY,1554.48,1599.59,55.217,161.234,1592.35,36.5,66,0,,official_observed_reference,9bb475aaac1fc53747f483db6b6d3d424a6f2d160423752b6163bd96bc0a3718
2024-04-04,KUTTIADI,737.616,758.037,33.99,42.827,752.308,20.403,60,103.261,99.983,official_observed_reference,9bb475aaac1fc53747f483db6b6d3d424a6f2d160423752b6163bd96bc0a3718
2024-04-04,THARIODE,750.5,775.6,201,253.26,762.25,61.55,31,0,,official_observed_reference,9bb475aaac1fc53747f483db6b6d3d424a6f2d160423752b6163bd96bc0a3718
2024-04-04,ANAYIRANKAL,1188,1207.008,48.968,65.616,1202.3,28.83,59,62.846,22.123,official_observed_reference,9bb475aaac1fc53747f483db6b6d3d424a6f2d160423752b6163bd96bc0a3718
2024-04-04,PONMUDI,678.8,707.745,47.4,63.516,694,18.07,38,0,,official_observed_reference,9bb475aaac1fc53747f483db6b6d3d424a6f2d160423752b6163bd96bc0a3718
2024-04-04,NERIAMANGALAM,445,456.59,5.557,4.835,452.75,,0,0,,official_observed_reference,9bb475aaac1fc53747f483db6b6d3d424a6f2d160423752b6163bd96bc0a3718
2024-04-04,PORINGAL,405.689,423.976,30.356,10.625,415.95,11,36,3.85,3.85,official_observed_reference,9bb475aaac1fc53747f483db6b6d3d424a6f2d160423752b6163bd96bc0a3718
2024-04-04,SENGULAM (SBR),844.86,847.6,1.614,0.71,846.75,,0,0,,official_observed_reference,9bb475aaac1fc53747f483db6b6d3d424a6f2d160423752b6163bd96bc0a3718
2024-04-04,LOWER PERIYAR,237.74,253,4.55,2.093,250,3.28,72,1.509,1.509,official_observed_reference,9bb475aaac1fc53747f483db6b6d3d424a6f2d160423752b6163bd96bc0a3718
2024-04-04,KAKKAD,181.36,192.63,1.16,0.358,188.4,,0,0,,official_observed_reference,9bb475aaac1fc53747f483db6b6d3d424a6f2d160423752b6163bd96bc0a3718
2024-04-05,IDUKKI,694.944,732.43,1460,2190,715.189,626.16,43,939.24,920.455,official_observed_reference,bc92e085cd4757ff80d899e016bed05325a3fe2b23629ccdc633117bbdf0cebe
2024-04-05,PAMBA,963.168,986.332,31.001,59.46,963.7,0.35,44,402.049,338.639,official_observed_reference,bc92e085cd4757ff80d899e016bed05325a3fe2b23629ccdc633117bbdf0cebe
2024-04-05,KAKKI,908.304,981.456,446.542,856.467,963.14,209.269,0,0,,official_observed_reference,bc92e085cd4757ff80d899e016bed05325a3fe2b23629ccdc633117bbdf0cebe
2024-04-05,SHOLAYAR,779.374,811.68,149.23,152.065,798.027,54.423,36,55.457,36.3,official_observed_reference,bc92e085cd4757ff80d899e016bed05325a3fe2b23629ccdc633117bbdf0cebe
2024-04-05,IDAMALAYAR,115,169,1017.8,254.45,146.34,435.14,43,108.785,108.785,official_observed_reference,bc92e085cd4757ff80d899e016bed05325a3fe2b23629ccdc633117bbdf0cebe
2024-04-05,KUNDALA,1735.836,1758.696,7.787,22.738,1758.1,7.32,94,127.078,54.966,official_observed_reference,bc92e085cd4757ff80d899e016bed05325a3fe2b23629ccdc633117bbdf0cebe
2024-04-05,MADUPPATTY,1554.48,1599.59,55.217,161.234,1592.2,36.2,66,0,,official_observed_reference,bc92e085cd4757ff80d899e016bed05325a3fe2b23629ccdc633117bbdf0cebe
2024-04-05,KUTTIADI,737.616,758.037,33.99,42.827,752.186,20.189,59,101.227,98.014,official_observed_reference,bc92e085cd4757ff80d899e016bed05325a3fe2b23629ccdc633117bbdf0cebe
2024-04-05,THARIODE,750.5,775.6,201,253.26,762.1,60.15,30,0,,official_observed_reference,bc92e085cd4757ff80d899e016bed05325a3fe2b23629ccdc633117bbdf0cebe
2024-04-05,ANAYIRANKAL,1188,1207.008,48.968,65.616,1202.09,28.095,57,61.003,21.474,official_observed_reference,bc92e085cd4757ff80d899e016bed05325a3fe2b23629ccdc633117bbdf0cebe
2024-04-05,PONMUDI,678.8,707.745,47.4,63.516,693.6,17.43,37,0,,official_observed_reference,bc92e085cd4757ff80d899e016bed05325a3fe2b23629ccdc633117bbdf0cebe
2024-04-05,NERIAMANGALAM,445,456.59,5.557,4.835,452.85,3.17,57,2.758,1.299,official_observed_reference,bc92e085cd4757ff80d899e016bed05325a3fe2b23629ccdc633117bbdf0cebe
2024-04-05,PORINGAL,405.689,423.976,30.356,10.625,415.5,10.2,34,3.57,3.57,official_observed_reference,bc92e085cd4757ff80d899e016bed05325a3fe2b23629ccdc633117bbdf0cebe
2024-04-05,SENGULAM (SBR),844.86,847.6,1.614,0.71,846.7,,0,0,,official_observed_reference,bc92e085cd4757ff80d899e016bed05325a3fe2b23629ccdc633117bbdf0cebe
2024-04-05,LOWER PERIYAR,237.74,253,4.55,2.093,250.2,3.36,74,1.546,1.546,official_observed_reference,bc92e085cd4757ff80d899e016bed05325a3fe2b23629ccdc633117bbdf0cebe
2024-04-05,KAKKAD,181.36,192.63,1.16,0.358,186.7,,0,0,,official_observed_reference,bc92e085cd4757ff80d899e016bed05325a3fe2b23629ccdc633117bbdf0cebe
2024-04-06,IDUKKI,694.944,732.43,1460,2190,715.036,620.015,42,930.023,911.422,official_observed_reference,9a5ddd2033f4e7c0d798ccd7b85a6c90dcc9a9a9eb1973d96d3508097a8f0847
2024-04-06,PAMBA,963.168,986.332,31.001,59.46,963.6,0.28,43,397.024,334.407,official_observed_reference,9a5ddd2033f4e7c0d798ccd7b85a6c90dcc9a9a9eb1973d96d3508097a8f0847
2024-04-06,KAKKI,908.304,981.456,446.542,856.467,962.838,206.719,0,0,,official_observed_reference,9a5ddd2033f4e7c0d798ccd7b85a6c90dcc9a9a9eb1973d96d3508097a8f0847
2024-04-06,SHOLAYAR,779.374,811.68,149.23,152.065,797.784,53.222,36,54.233,35.499,official_observed_reference,9a5ddd2033f4e7c0d798ccd7b85a6c90dcc9a9a9eb1973d96d3508097a8f0847
2024-04-06,IDAMALAYAR,115,169,1017.8,254.45,146.12,430.52,42,107.63,107.63,official_observed_reference,9a5ddd2033f4e7c0d798ccd7b85a6c90dcc9a9a9eb1973d96d3508097a8f0847
2024-04-06,KUNDALA,1735.836,1758.696,7.787,22.738,1758.1,7.32,94,126.202,54.587,official_observed_reference,9a5ddd2033f4e7c0d798ccd7b85a6c90dcc9a9a9eb1973d96d3508097a8f0847
2024-04-06,MADUPPATTY,1554.48,1599.59,55.217,161.234,1592.05,35.9,65,0,,official_observed_reference,9a5ddd2033f4e7c0d798ccd7b85a6c90dcc9a9a9eb1973d96d3508097a8f0847
2024-04-06,KUTTIADI,737.616,758.037,33.99,42.827,751.942,19.671,58,99.566,96.406,official_observed_reference,9a5ddd2033f4e7c0d798ccd7b85a6c90dcc9a9a9eb1973d96d3508097a8f0847
2024-04-06,THARIODE,750.5,775.6,201,253.26,762,59.35,30,0,,official_observed_reference,9a5ddd2033f4e7c0d798ccd7b85a6c90dcc9a9a9eb1973d96d3508097a8f0847
2024-04-06,ANAYIRANKAL,1188,1207.008,48.968,65.616,1201.89,27.395,56,59.422,20.918,official_observed_reference,9a5ddd2033f4e7c0d798ccd7b85a6c90dcc9a9a9eb1973d96d3508097a8f0847
2024-04-06,PONMUDI,678.8,707.745,47.4,63.516,693.3,16.95,36,0,,official_observed_reference,9a5ddd2033f4e7c0d798ccd7b85a6c90dcc9a9a9eb1973d96d3508097a8f0847
2024-04-06,NERIAMANGALAM,445,456.59,5.557,4.835,453.1,3.32,60,2.888,1.361,official_observed_reference,9a5ddd2033f4e7c0d798ccd7b85a6c90dcc9a9a9eb1973d96d3508097a8f0847
2024-04-06,PORINGAL,405.689,423.976,30.356,10.625,415.35,9.975,33,3.491,3.491,official_observed_reference,9a5ddd2033f4e7c0d798ccd7b85a6c90dcc9a9a9eb1973d96d3508097a8f0847
2024-04-06,SENGULAM (SBR),844.86,847.6,1.614,0.71,846.5,,0,0,,official_observed_reference,9a5ddd2033f4e7c0d798ccd7b85a6c90dcc9a9a9eb1973d96d3508097a8f0847
2024-04-06,LOWER PERIYAR,237.74,253,4.55,2.093,249.5,3.08,68,1.417,1.417,official_observed_reference,9a5ddd2033f4e7c0d798ccd7b85a6c90dcc9a9a9eb1973d96d3508097a8f0847
2024-04-06,KAKKAD,181.36,192.63,1.16,0.358,188.4,,0,0,,official_observed_reference,9a5ddd2033f4e7c0d798ccd7b85a6c90dcc9a9a9eb1973d96d3508097a8f0847
2024-04-07,IDUKKI,694.944,732.43,1460,2190,714.957,616.82,42,925.23,906.725,official_observed_reference,4e3bc173178c5272fbd045f72cf3269cd19a7dd5a6f23512c8962d541cbd63dc
2024-04-07,PAMBA,963.168,986.332,31.001,59.46,963.5,0.21,43,393.017,331.032,official_observed_reference,4e3bc173178c5272fbd045f72cf3269cd19a7dd5a6f23512c8962d541cbd63dc
2024-04-07,KAKKI,908.304,981.456,446.542,856.467,962.601,204.7,0,0,,official_observed_reference,4e3bc173178c5272fbd045f72cf3269cd19a7dd5a6f23512c8962d541cbd63dc
2024-04-07,SHOLAYAR,779.374,811.68,149.23,152.065,797.631,52.472,35,53.468,34.998,official_observed_reference,4e3bc173178c5272fbd045f72cf3269cd19a7dd5a6f23512c8962d541cbd63dc
2024-04-07,IDAMALAYAR,115,169,1017.8,254.45,146,428,42,107,107,official_observed_reference,4e3bc173178c5272fbd045f72cf3269cd19a7dd5a6f23512c8962d541cbd63dc
2024-04-07,KUNDALA,1735.836,1758.696,7.787,22.738,1758.1,7.32,94,125.326,54.208,official_observed_reference,4e3bc173178c5272fbd045f72cf3269cd19a7dd5a6f23512c8962d541cbd63dc
2024-04-07,MADUPPATTY,1554.48,1599.59,55.217,161.234,1591.9,35.6,64,0,,official_observed_reference,4e3bc173178c5272fbd045f72cf3269cd19a7dd5a6f23512c8962d541cbd63dc
2024-04-07,KUTTIADI,737.616,758.037,33.99,42.827,751.942,19.671,58,98.81,95.674,official_observed_reference,4e3bc173178c5272fbd045f72cf3269cd19a7dd5a6f23512c8962d541cbd63dc
2024-04-07,THARIODE,750.5,775.6,201,253.26,761.9,58.75,29,0,,official_observed_reference,4e3bc173178c5272fbd045f72cf3269cd19a7dd5a6f23512c8962d541cbd63dc
2024-04-07,ANAYIRANKAL,1188,1207.008,48.968,65.616,1201.69,26.695,55,57.841,20.361,official_observed_reference,4e3bc173178c5272fbd045f72cf3269cd19a7dd5a6f23512c8962d541cbd63dc
2024-04-07,PONMUDI,678.8,707.745,47.4,63.516,693,16.47,35,0,,official_observed_reference,4e3bc173178c5272fbd045f72cf3269cd19a7dd5a6f23512c8962d541cbd63dc
2024-04-07,NERIAMANGALAM,445,456.59,5.557,4.835,454,3.86,69,3.358,1.582,official_observed_reference,4e3bc173178c5272fbd045f72cf3269cd19a7dd5a6f23512c8962d541cbd63dc
2024-04-07,PORINGAL,405.689,423.976,30.356,10.625,415.5,10.2,34,3.57,3.57,official_observed_reference,4e3bc173178c5272fbd045f72cf3269cd19a7dd5a6f23512c8962d541cbd63dc
2024-04-07,SENGULAM (SBR),844.86,847.6,1.614,0.71,846.75,,0,0,,official_observed_reference,4e3bc173178c5272fbd045f72cf3269cd19a7dd5a6f23512c8962d541cbd63dc
2024-04-07,LOWER PERIYAR,237.74,253,4.55,2.093,250.9,3.65,80,1.679,1.679,official_observed_reference,4e3bc173178c5272fbd045f72cf3269cd19a7dd5a6f23512c8962d541cbd63dc
2024-04-07,KAKKAD,181.36,192.63,1.16,0.358,187.85,,0,0,,official_observed_reference,4e3bc173178c5272fbd045f72cf3269cd19a7dd5a6f23512c8962d541cbd63dc
2024-04-08,IDUKKI,694.944,732.43,1460,2190,714.835,611.904,42,917.856,899.499,official_observed_reference,51a2017d6103c7c84b3fcad633b069b472044adb58160eef54c7009149e947d8
2024-04-08,PAMBA,963.168,986.332,31.001,59.46,963.45,0.17,42,387.846,326.677,official_observed_reference,51a2017d6103c7c84b3fcad633b069b472044adb58160eef54c7009149e947d8
2024-04-08,KAKKI,908.304,981.456,446.542,856.467,962.284,202.044,0,0,,official_observed_reference,51a2017d6103c7c84b3fcad633b069b472044adb58160eef54c7009149e947d8
2024-04-08,SHOLAYAR,779.374,811.68,149.23,152.065,797.357,51.121,34,52.092,34.097,official_observed_reference,51a2017d6103c7c84b3fcad633b069b472044adb58160eef54c7009149e947d8
2024-04-08,IDAMALAYAR,115,169,1017.8,254.45,145.77,423.17,42,105.793,105.793,official_observed_reference,51a2017d6103c7c84b3fcad633b069b472044adb58160eef54c7009149e947d8
2024-04-08,KUNDALA,1735.836,1758.696,7.787,22.738,1758.1,7.32,94,124.742,53.955,official_observed_reference,51a2017d6103c7c84b3fcad633b069b472044adb58160eef54c7009149e947d8
2024-04-08,MADUPPATTY,1554.48,1599.59,55.217,161.234,1591.8,35.4,64,0,,official_observed_reference,51a2017d6103c7c84b3fcad633b069b472044adb58160eef54c7009149e947d8
2024-04-08,KUTTIADI,737.616,758.037,33.99,42.827,751.79,19.366,57,97.418,94.326,official_observed_reference,51a2017d6103c7c84b3fcad633b069b472044adb58160eef54c7009149e947d8
2024-04-08,THARIODE,750.5,775.6,201,253.26,761.8,57.95,29,0,,official_observed_reference,51a2017d6103c7c84b3fcad633b069b472044adb58160eef54c7009149e947d8
2024-04-08,ANAYIRANKAL,1188,1207.008,48.968,65.616,1201.49,25.995,53,56.474,19.88,official_observed_reference,51a2017d6103c7c84b3fcad633b069b472044adb58160eef54c7009149e947d8
2024-04-08,PONMUDI,678.8,707.745,47.4,63.516,692.8,16.15,34,0,,official_observed_reference,51a2017d6103c7c84b3fcad633b069b472044adb58160eef54c7009149e947d8
2024-04-08,NERIAMANGALAM,445,456.59,5.557,4.835,453.8,3.74,67,3.254,1.533,official_observed_reference,51a2017d6103c7c84b3fcad633b069b472044adb58160eef54c7009149e947d8
2024-04-08,PORINGAL,405.689,423.976,30.356,10.625,415.5,10.2,34,3.57,3.57,official_observed_reference,51a2017d6103c7c84b3fcad633b069b472044adb58160eef54c7009149e947d8
2024-04-08,SENGULAM (SBR),844.86,847.6,1.614,0.71,846.85,,0,0,,official_observed_reference,51a2017d6103c7c84b3fcad633b069b472044adb58160eef54c7009149e947d8
2024-04-08,LOWER PERIYAR,237.74,253,4.55,2.093,250.9,3.65,80,1.679,1.679,official_observed_reference,51a2017d6103c7c84b3fcad633b069b472044adb58160eef54c7009149e947d8
2024-04-08,KAKKAD,181.36,192.63,1.16,0.358,187,,0,0,,official_observed_reference,51a2017d6103c7c84b3fcad633b069b472044adb58160eef54c7009149e947d8
2024-04-09,IDUKKI,694.944,732.43,1460,2190,714.713,606.988,42,910.482,892.272,official_observed_reference,42fcc3d33f33404ae1b41bb1a91341e87aefefcc436dff9fa167c28d42a29f16
2024-04-09,PAMBA,963.168,986.332,31.001,59.46,963.35,0.1,42,382.006,321.758,official_observed_reference,42fcc3d33f33404ae1b41bb1a91341e87aefefcc436dff9fa167c28d42a29f16
2024-04-09,KAKKI,908.304,981.456,446.542,856.467,961.936,199.069,0,0,,official_observed_reference,42fcc3d33f33404ae1b41bb1a91341e87aefefcc436dff9fa167c28d42a29f16
2024-04-09,SHOLAYAR,779.374,811.68,149.23,152.065,797.143,50.09,34,51.042,33.41,official_observed_reference,42fcc3d33f33404ae1b41bb1a91341e87aefefcc436dff9fa167c28d42a29f16
2024-04-09,IDAMALAYAR,115,169,1017.8,254.45,145.54,418.34,41,104.585,104.585,official_observed_reference,42fcc3d33f33404ae1b41bb1a91341e87aefefcc436dff9fa167c28d42a29f16
2024-04-09,KUNDALA,1735.836,1758.696,7.787,22.738,1758.1,7.32,94,124.158,53.703,official_observed_reference,42fcc3d33f33404ae1b41bb1a91341e87aefefcc436dff9fa167c28d42a29f16
2024-04-09,MADUPPATTY,1554.48,1599.59,55.217,161.234,1591.7,35.2,64,0,,official_observed_reference,42fcc3d33f33404ae1b41bb1a91341e87aefefcc436dff9fa167c28d42a29f16
2024-04-09,KUTTIADI,737.616,758.037,33.99,42.827,751.393,18.573,55,95.663,92.626,official_observed_reference,42fcc3d33f33404ae1b41bb1a91341e87aefefcc436dff9fa167c28d42a29f16
2024-04-09,THARIODE,750.5,775.6,201,253.26,761.7,57.35,29,0,,official_observed_reference,42fcc3d33f33404ae1b41bb1a91341e87aefefcc436dff9fa167c28d42a29f16
2024-04-09,ANAYIRANKAL,1188,1207.008,48.968,65.616,1201.28,25.26,52,55.061,19.382,official_observed_reference,42fcc3d33f33404ae1b41bb1a91341e87aefefcc436dff9fa167c28d42a29f16
2024-04-09,PONMUDI,678.8,707.745,47.4,63.516,692.6,15.83,33,0,,official_observed_reference,42fcc3d33f33404ae1b41bb1a91341e87aefefcc436dff9fa167c28d42a29f16
2024-04-09,NERIAMANGALAM,445,456.59,5.557,4.835,453.95,3.83,69,3.332,1.57,official_observed_reference,42fcc3d33f33404ae1b41bb1a91341e87aefefcc436dff9fa167c28d42a29f16
2024-04-09,PORINGAL,405.689,423.976,30.356,10.625,415.65,10.425,34,3.649,3.649,official_observed_reference,42fcc3d33f33404ae1b41bb1a91341e87aefefcc436dff9fa167c28d42a29f16
2024-04-09,SENGULAM (SBR),844.86,847.6,1.614,0.71,846.8,,0,0,,official_observed_reference,42fcc3d33f33404ae1b41bb1a91341e87aefefcc436dff9fa167c28d42a29f16
2024-04-09,LOWER PERIYAR,237.74,253,4.55,2.093,250.9,3.65,80,1.679,1.679,official_observed_reference,42fcc3d33f33404ae1b41bb1a91341e87aefefcc436dff9fa167c28d42a29f16
2024-04-09,KAKKAD,181.36,192.63,1.16,0.358,187.2,,0,0,,official_observed_reference,42fcc3d33f33404ae1b41bb1a91341e87aefefcc436dff9fa167c28d42a29f16
2024-04-10,IDUKKI,694.944,732.43,1460,2190,714.622,603.301,41,904.952,886.852,official_observed_reference,632acaca6e2ca1bba0d13451198711481b06f0b5d9dcb86e95b9b40d89aa6406
2024-04-10,PAMBA,963.168,986.332,31.001,59.46,963.3,0.07,41,378.076,318.447,official_observed_reference,632acaca6e2ca1bba0d13451198711481b06f0b5d9dcb86e95b9b40d89aa6406
2024-04-10,KAKKI,908.304,981.456,446.542,856.467,961.708,197.05,0,0,,official_observed_reference,632acaca6e2ca1bba0d13451198711481b06f0b5d9dcb86e95b9b40d89aa6406
2024-04-10,SHOLAYAR,779.374,811.68,149.23,152.065,796.961,49.215,33,50.15,32.826,official_observed_reference,632acaca6e2ca1bba0d13451198711481b06f0b5d9dcb86e95b9b40d89aa6406
2024-04-10,IDAMALAYAR,115,169,1017.8,254.45,145.36,414.56,41,103.64,103.64,official_observed_reference,632acaca6e2ca1bba0d13451198711481b06f0b5d9dcb86e95b9b40d89aa6406
2024-04-10,KUNDALA,1735.836,1758.696,7.787,22.738,1758.1,7.32,94,123.282,53.324,official_observed_reference,632acaca6e2ca1bba0d13451198711481b06f0b5d9dcb86e95b9b40d89aa6406
2024-04-10,MADUPPATTY,1554.48,1599.59,55.217,161.234,1591.55,34.9,63,0,,official_observed_reference,632acaca6e2ca1bba0d13451198711481b06f0b5d9dcb86e95b9b40d89aa6406
2024-04-10,KUTTIADI,737.616,758.037,33.99,42.827,751.454,18.698,55,94.56,91.559,official_observed_reference,632acaca6e2ca1bba0d13451198711481b06f0b5d9dcb86e95b9b40d89aa6406
2024-04-10,THARIODE,750.5,775.6,201,253.26,761.6,56.35,28,0,,official_observed_reference,632acaca6e2ca1bba0d13451198711481b06f0b5d9dcb86e95b9b40d89aa6406
2024-04-10,ANAYIRANKAL,1188,1207.008,48.968,65.616,1201.06,24.49,50,54.458,19.17,official_observed_reference,632acaca6e2ca1bba0d13451198711481b06f0b5d9dcb86e95b9b40d89aa6406
2024-04-10,PONMUDI,678.8,707.745,47.4,63.516,692.8,16.15,34,0,,official_observed_reference,632acaca6e2ca1bba0d13451198711481b06f0b5d9dcb86e95b9b40d89aa6406
2024-04-10,NERIAMANGALAM,445,456.59,5.557,4.835,453.8,3.74,67,3.254,1.533,official_observed_reference,632acaca6e2ca1bba0d13451198711481b06f0b5d9dcb86e95b9b40d89aa6406
2024-04-10,PORINGAL,405.689,423.976,30.356,10.625,415.5,10.2,34,3.57,3.57,official_observed_reference,632acaca6e2ca1bba0d13451198711481b06f0b5d9dcb86e95b9b40d89aa6406
2024-04-10,SENGULAM (SBR),844.86,847.6,1.614,0.71,846.95,,0,0,,official_observed_reference,632acaca6e2ca1bba0d13451198711481b06f0b5d9dcb86e95b9b40d89aa6406
2024-04-10,LOWER PERIYAR,237.74,253,4.55,2.093,250.4,3.44,76,1.582,1.582,official_observed_reference,632acaca6e2ca1bba0d13451198711481b06f0b5d9dcb86e95b9b40d89aa6406
2024-04-10,KAKKAD,181.36,192.63,1.16,0.358,186.9,,0,0,,official_observed_reference,632acaca6e2ca1bba0d13451198711481b06f0b5d9dcb86e95b9b40d89aa6406
2024-04-11,IDUKKI,694.944,732.43,1460,2190,714.512,598.877,41,898.316,880.349,official_observed_reference,b6975ef0346a222e038ee8d8827b1c0e868107e610d3632c5df9c1c799fed2d3
2024-04-11,PAMBA,963.168,986.332,31.001,59.46,963.25,0.03,41,373.72,314.779,official_observed_reference,b6975ef0346a222e038ee8d8827b1c0e868107e610d3632c5df9c1c799fed2d3
2024-04-11,KAKKI,908.304,981.456,446.542,856.467,961.44,194.819,0,0,,official_observed_reference,b6975ef0346a222e038ee8d8827b1c0e868107e610d3632c5df9c1c799fed2d3
2024-04-11,SHOLAYAR,779.374,811.68,149.23,152.065,796.747,48.204,32,49.119,32.152,official_observed_reference,b6975ef0346a222e038ee8d8827b1c0e868107e610d3632c5df9c1c799fed2d3
2024-04-11,IDAMALAYAR,115,169,1017.8,254.45,145.14,409.94,40,102.485,102.485,official_observed_reference,b6975ef0346a222e038ee8d8827b1c0e868107e610d3632c5df9c1c799fed2d3
2024-04-11,KUNDALA,1735.836,1758.696,7.787,22.738,1758.05,7.285,94,122.304,52.901,official_observed_reference,b6975ef0346a222e038ee8d8827b1c0e868107e610d3632c5df9c1c799fed2d3
2024-04-11,MADUPPATTY,1554.48,1599.59,55.217,161.234,1591.4,34.6,63,0,,official_observed_reference,b6975ef0346a222e038ee8d8827b1c0e868107e610d3632c5df9c1c799fed2d3
2024-04-11,KUTTIADI,737.616,758.037,33.99,42.827,751.363,18.512,54,93.57,90.6,official_observed_reference,b6975ef0346a222e038ee8d8827b1c0e868107e610d3632c5df9c1c799fed2d3
2024-04-11,THARIODE,750.5,775.6,201,253.26,761.5,55.75,28,0,,official_observed_reference,b6975ef0346a222e038ee8d8827b1c0e868107e610d3632c5df9c1c799fed2d3
2024-04-11,ANAYIRANKAL,1188,1207.008,48.968,65.616,1200.85,23.755,49,53.901,18.974,official_observed_reference,b6975ef0346a222e038ee8d8827b1c0e868107e610d3632c5df9c1c799fed2d3
2024-04-11,PONMUDI,678.8,707.745,47.4,63.516,693,16.47,35,0,,official_observed_reference,b6975ef0346a222e038ee8d8827b1c0e868107e610d3632c5df9c1c799fed2d3
2024-04-11,NERIAMANGALAM,445,456.59,5.557,4.835,453.55,3.59,65,3.123,1.471,official_observed_reference,b6975ef0346a222e038ee8d8827b1c0e868107e610d3632c5df9c1c799fed2d3
2024-04-11,PORINGAL,405.689,423.976,30.356,10.625,415.65,10.425,34,3.649,3.649,official_observed_reference,b6975ef0346a222e038ee8d8827b1c0e868107e610d3632c5df9c1c799fed2d3
2024-04-11,SENGULAM (SBR),844.86,847.6,1.614,0.71,846.9,,0,0,,official_observed_reference,b6975ef0346a222e038ee8d8827b1c0e868107e610d3632c5df9c1c799fed2d3
2024-04-11,LOWER PERIYAR,237.74,253,4.55,2.093,251.5,3.91,86,1.799,1.799,official_observed_reference,b6975ef0346a222e038ee8d8827b1c0e868107e610d3632c5df9c1c799fed2d3
2024-04-11,KAKKAD,181.36,192.63,1.16,0.358,188.05,,0,0,,official_observed_reference,b6975ef0346a222e038ee8d8827b1c0e868107e610d3632c5df9c1c799fed2d3
2024-04-12,IDUKKI,694.944,732.43,1460,2190,714.451,596.419,41,894.629,876.736,official_observed_reference,e2eaf77975887ae3adfbd7e026fcf8ec04af94760a734297ee71a721820b94c0
2024-04-12,PAMBA,963.168,986.332,31.001,59.46,963.2,,40,370.615,312.163,official_observed_reference,e2eaf77975887ae3adfbd7e026fcf8ec04af94760a734297ee71a721820b94c0
2024-04-12,KAKKI,908.304,981.456,446.542,856.467,961.25,193.23,0,0,,official_observed_reference,e2eaf77975887ae3adfbd7e026fcf8ec04af94760a734297ee71a721820b94c0
2024-04-12,SHOLAYAR,779.374,811.68,149.23,152.065,796.595,47.496,32,48.398,31.68,official_observed_reference,e2eaf77975887ae3adfbd7e026fcf8ec04af94760a734297ee71a721820b94c0
2024-04-12,IDAMALAYAR,115,169,1017.8,254.45,145.02,407.42,40,101.855,101.855,official_observed_reference,e2eaf77975887ae3adfbd7e026fcf8ec04af94760a734297ee71a721820b94c0
2024-04-12,KUNDALA,1735.836,1758.696,7.787,22.738,1758.05,7.285,94,121.72,52.648,official_observed_reference,e2eaf77975887ae3adfbd7e026fcf8ec04af94760a734297ee71a721820b94c0
2024-04-12,MADUPPATTY,1554.48,1599.59,55.217,161.234,1591.3,34.4,62,0,,official_observed_reference,e2eaf77975887ae3adfbd7e026fcf8ec04af94760a734297ee71a721820b94c0
2024-04-12,KUTTIADI,737.616,758.037,33.99,42.827,751.424,18.634,55,92.59,89.65,official_observed_reference,e2eaf77975887ae3adfbd7e026fcf8ec04af94760a734297ee71a721820b94c0
2024-04-12,THARIODE,750.5,775.6,201,253.26,761.4,54.85,27,0,,official_observed_reference,e2eaf77975887ae3adfbd7e026fcf8ec04af94760a734297ee71a721820b94c0
2024-04-12,ANAYIRANKAL,1188,1207.008,48.968,65.616,1200.65,23.055,47,53.821,18.946,official_observed_reference,e2eaf77975887ae3adfbd7e026fcf8ec04af94760a734297ee71a721820b94c0
2024-04-12,PONMUDI,678.8,707.745,47.4,63.516,693.4,17.11,36,0,,official_observed_reference,e2eaf77975887ae3adfbd7e026fcf8ec04af94760a734297ee71a721820b94c0
2024-04-12,NERIAMANGALAM,445,456.59,5.557,4.835,453.7,3.68,66,3.202,1.508,official_observed_reference,e2eaf77975887ae3adfbd7e026fcf8ec04af94760a734297ee71a721820b94c0
2024-04-12,PORINGAL,405.689,423.976,30.356,10.625,415.75,10.6,35,3.71,3.71,official_observed_reference,e2eaf77975887ae3adfbd7e026fcf8ec04af94760a734297ee71a721820b94c0
2024-04-12,SENGULAM (SBR),844.86,847.6,1.614,0.71,846.75,,0,0,,official_observed_reference,e2eaf77975887ae3adfbd7e026fcf8ec04af94760a734297ee71a721820b94c0
2024-04-12,LOWER PERIYAR,237.74,253,4.55,2.093,250,3.28,72,1.509,1.509,official_observed_reference,e2eaf77975887ae3adfbd7e026fcf8ec04af94760a734297ee71a721820b94c0
2024-04-12,KAKKAD,181.36,192.63,1.16,0.358,185.7,,0,0,,official_observed_reference,e2eaf77975887ae3adfbd7e026fcf8ec04af94760a734297ee71a721820b94c0
2024-04-13,IDUKKI,694.944,732.43,1460,2190,714.402,594.453,41,891.68,873.846,official_observed_reference,bb59d9b4599b8ff9f2fd4c976a7cbdb17231df77de67be77d3196602ecc61c29
2024-04-13,PAMBA,963.168,986.332,31.001,59.46,963.15,,40,367.142,309.237,official_observed_reference,bb59d9b4599b8ff9f2fd4c976a7cbdb17231df77de67be77d3196602ecc61c29
2024-04-13,KAKKI,908.304,981.456,446.542,856.467,961.04,191.419,0,0,,official_observed_reference,bb59d9b4599b8ff9f2fd4c976a7cbdb17231df77de67be77d3196602ecc61c29
2024-04-13,SHOLAYAR,779.374,811.68,149.23,152.065,796.442,46.788,31,47.677,31.207,official_observed_reference,bb59d9b4599b8ff9f2fd4c976a7cbdb17231df77de67be77d3196602ecc61c29
2024-04-13,IDAMALAYAR,115,169,1017.8,254.45,144.86,404.13,40,101.033,101.033,official_observed_reference,bb59d9b4599b8ff9f2fd4c976a7cbdb17231df77de67be77d3196602ecc61c29
2024-04-13,KUNDALA,1735.836,1758.696,7.787,22.738,1758.05,7.285,94,121.136,52.396,official_observed_reference,bb59d9b4599b8ff9f2fd4c976a7cbdb17231df77de67be77d3196602ecc61c29
2024-04-13,MADUPPATTY,1554.48,1599.59,55.217,161.234,1591.2,34.2,62,0,,official_observed_reference,bb59d9b4599b8ff9f2fd4c976a7cbdb17231df77de67be77d3196602ecc61c29
2024-04-13,KUTTIADI,737.616,758.037,33.99,42.827,751.424,18.634,55,92.212,89.284,official_observed_reference,bb59d9b4599b8ff9f2fd4c976a7cbdb17231df77de67be77d3196602ecc61c29
2024-04-13,THARIODE,750.5,775.6,201,253.26,761.35,54.55,27,0,,official_observed_reference,bb59d9b4599b8ff9f2fd4c976a7cbdb17231df77de67be77d3196602ecc61c29
2024-04-13,ANAYIRANKAL,1188,1207.008,48.968,65.616,1200.45,22.43,46,53.412,18.802,official_observed_reference,bb59d9b4599b8ff9f2fd4c976a7cbdb17231df77de67be77d3196602ecc61c29
2024-04-13,PONMUDI,678.8,707.745,47.4,63.516,693.6,17.43,37,0,,official_observed_reference,bb59d9b4599b8ff9f2fd4c976a7cbdb17231df77de67be77d3196602ecc61c29
2024-04-13,NERIAMANGALAM,445,456.59,5.557,4.835,453.7,3.68,66,3.202,1.508,official_observed_reference,bb59d9b4599b8ff9f2fd4c976a7cbdb17231df77de67be77d3196602ecc61c29
2024-04-13,PORINGAL,405.689,423.976,30.356,10.625,415.55,10.275,34,3.596,3.596,official_observed_reference,bb59d9b4599b8ff9f2fd4c976a7cbdb17231df77de67be77d3196602ecc61c29
2024-04-13,SENGULAM (SBR),844.86,847.6,1.614,0.71,846.55,,0,0,,official_observed_reference,bb59d9b4599b8ff9f2fd4c976a7cbdb17231df77de67be77d3196602ecc61c29
2024-04-13,LOWER PERIYAR,237.74,253,4.55,2.093,250.2,3.36,74,1.546,1.546,official_observed_reference,bb59d9b4599b8ff9f2fd4c976a7cbdb17231df77de67be77d3196602ecc61c29
2024-04-13,KAKKAD,181.36,192.63,1.16,0.358,185.05,,0,0,,official_observed_reference,bb59d9b4599b8ff9f2fd4c976a7cbdb17231df77de67be77d3196602ecc61c29
2024-04-14,IDUKKI,694.944,732.43,1460,2190,714.329,591.503,41,887.255,869.509,official_observed_reference,d4e09d8514b4953643c47fea17f44effc1d92bc7c541712cb67b50edd13a1109
2024-04-14,PAMBA,963.168,986.332,31.001,59.46,963.168,,40,364.094,306.67,official_observed_reference,d4e09d8514b4953643c47fea17f44effc1d92bc7c541712cb67b50edd13a1109
2024-04-14,KAKKI,908.304,981.456,446.542,856.467,960.854,189.83,0,0,,official_observed_reference,d4e09d8514b4953643c47fea17f44effc1d92bc7c541712cb67b50edd13a1109
2024-04-14,SHOLAYAR,779.374,811.68,149.23,152.065,796.321,46.224,31,47.102,30.831,official_observed_reference,d4e09d8514b4953643c47fea17f44effc1d92bc7c541712cb67b50edd13a1109
2024-04-14,IDAMALAYAR,115,169,1017.8,254.45,144.74,401.67,39,100.418,100.418,official_observed_reference,d4e09d8514b4953643c47fea17f44effc1d92bc7c541712cb67b50edd13a1109
2024-04-14,KUNDALA,1735.836,1758.696,7.787,22.738,1758.05,7.285,94,120.552,52.143,official_observed_reference,d4e09d8514b4953643c47fea17f44effc1d92bc7c541712cb67b50edd13a1109
2024-04-14,MADUPPATTY,1554.48,1599.59,55.217,161.234,1591.1,34,62,0,,official_observed_reference,d4e09d8514b4953643c47fea17f44effc1d92bc7c541712cb67b50edd13a1109
2024-04-14,KUTTIADI,737.616,758.037,33.99,42.827,751.515,18.817,55,91.182,88.288,official_observed_reference,d4e09d8514b4953643c47fea17f44effc1d92bc7c541712cb67b50edd13a1109
2024-04-14,THARIODE,750.5,775.6,201,253.26,761.2,53.55,27,0,,official_observed_reference,d4e09d8514b4953643c47fea17f44effc1d92bc7c541712cb67b50edd13a1109
2024-04-14,ANAYIRANKAL,1188,1207.008,48.968,65.616,1200.2,21.68,44,52.836,18.599,official_observed_reference,d4e09d8514b4953643c47fea17f44effc1d92bc7c541712cb67b50edd13a1109
2024-04-14,PONMUDI,678.8,707.745,47.4,63.516,693.8,17.75,37,0,,official_observed_reference,d4e09d8514b4953643c47fea17f44effc1d92bc7c541712cb67b50edd13a1109
2024-04-14,NERIAMANGALAM,445,456.59,5.557,4.835,454.05,3.89,70,3.384,1.594,official_observed_reference,d4e09d8514b4953643c47fea17f44effc1d92bc7c541712cb67b50edd13a1109
2024-04-14,PORINGAL,405.689,423.976,30.356,10.625,415.55,10.275,34,3.596,3.596,official_observed_reference,d4e09d8514b4953643c47fea17f44effc1d92bc7c541712cb67b50edd13a1109
2024-04-14,SENGULAM (SBR),844.86,847.6,1.614,0.71,846.75,,0,0,,official_observed_reference,d4e09d8514b4953643c47fea17f44effc1d92bc7c541712cb67b50edd13a1109
2024-04-14,LOWER PERIYAR,237.74,253,4.55,2.093,250.6,3.51,77,1.615,1.615,official_observed_reference,d4e09d8514b4953643c47fea17f44effc1d92bc7c541712cb67b50edd13a1109
2024-04-14,KAKKAD,181.36,192.63,1.16,0.358,187.5,,0,0,,official_observed_reference,d4e09d8514b4953643c47fea17f44effc1d92bc7c541712cb67b50edd13a1109
2024-04-15,IDUKKI,694.944,732.43,1460,2190,714.183,585.604,40,878.406,860.838,official_observed_reference,b4a100771f1763d542f424c5c4aa6445d4c3094ac337a43963261ce6077e4bfd
2024-04-15,PAMBA,963.168,986.332,31.001,59.46,963.168,,39,358.787,302.2,official_observed_reference,b4a100771f1763d542f424c5c4aa6445d4c3094ac337a43963261ce6077e4bfd
2024-04-15,KAKKI,908.304,981.456,446.542,856.467,960.528,187.063,0,0,,official_observed_reference,b4a100771f1763d542f424c5c4aa6445d4c3094ac337a43963261ce6077e4bfd
2024-04-15,SHOLAYAR,779.374,811.68,149.23,152.065,796.138,45.4,30,46.263,30.282,official_observed_reference,b4a100771f1763d542f424c5c4aa6445d4c3094ac337a43963261ce6077e4bfd
2024-04-15,IDAMALAYAR,115,169,1017.8,254.45,144.54,397.57,39,99.393,99.393,official_observed_reference,b4a100771f1763d542f424c5c4aa6445d4c3094ac337a43963261ce6077e4bfd
2024-04-15,KUNDALA,1735.836,1758.696,7.787,22.738,1758.05,7.285,94,119.676,51.764,official_observed_reference,b4a100771f1763d542f424c5c4aa6445d4c3094ac337a43963261ce6077e4bfd
2024-04-15,MADUPPATTY,1554.48,1599.59,55.217,161.234,1590.95,33.7,61,0,,official_observed_reference,b4a100771f1763d542f424c5c4aa6445d4c3094ac337a43963261ce6077e4bfd
2024-04-15,KUTTIADI,737.616,758.037,33.99,42.827,751.393,18.573,55,89.867,87.014,official_observed_reference,b4a100771f1763d542f424c5c4aa6445d4c3094ac337a43963261ce6077e4bfd
2024-04-15,THARIODE,750.5,775.6,201,253.26,761.1,52.75,26,0,,official_observed_reference,b4a100771f1763d542f424c5c4aa6445d4c3094ac337a43963261ce6077e4bfd
2024-04-15,ANAYIRANKAL,1188,1207.008,48.968,65.616,1199.98,21.02,43,52.166,18.363,official_observed_reference,b4a100771f1763d542f424c5c4aa6445d4c3094ac337a43963261ce6077e4bfd
2024-04-15,PONMUDI,678.8,707.745,47.4,63.516,693.9,17.91,38,0,,official_observed_reference,b4a100771f1763d542f424c5c4aa6445d4c3094ac337a43963261ce6077e4bfd
2024-04-15,NERIAMANGALAM,445,456.59,5.557,4.835,454.2,3.98,72,3.463,1.631,official_observed_reference,b4a100771f1763d542f424c5c4aa6445d4c3094ac337a43963261ce6077e4bfd
2024-04-15,PORINGAL,405.689,423.976,30.356,10.625,415.25,9.825,32,3.439,3.439,official_observed_reference,b4a100771f1763d542f424c5c4aa6445d4c3094ac337a43963261ce6077e4bfd
2024-04-15,SENGULAM (SBR),844.86,847.6,1.614,0.71,846.7,,0,0,,official_observed_reference,b4a100771f1763d542f424c5c4aa6445d4c3094ac337a43963261ce6077e4bfd
2024-04-15,LOWER PERIYAR,237.74,253,4.55,2.093,250.4,3.44,76,1.582,1.582,official_observed_reference,b4a100771f1763d542f424c5c4aa6445d4c3094ac337a43963261ce6077e4bfd
2024-04-15,KAKKAD,181.36,192.63,1.16,0.358,188.2,,0,0,,official_observed_reference,b4a100771f1763d542f424c5c4aa6445d4c3094ac337a43963261ce6077e4bfd
2024-04-16,IDUKKI,694.944,732.43,1460,2190,714.055,580.451,40,870.677,853.263,official_observed_reference,521d1d8cfd8247fd5359d6260623fa2643652b645064905319f8d3caee3851fe
2024-04-16,PAMBA,963.168,986.332,31.001,59.46,963.168,,39,353.081,297.394,official_observed_reference,521d1d8cfd8247fd5359d6260623fa2643652b645064905319f8d3caee3851fe
2024-04-16,KAKKI,908.304,981.456,446.542,856.467,960.181,184.088,0,0,,official_observed_reference,521d1d8cfd8247fd5359d6260623fa2643652b645064905319f8d3caee3851fe
2024-04-16,SHOLAYAR,779.374,811.68,149.23,152.065,795.863,44.177,30,45.016,29.466,official_observed_reference,521d1d8cfd8247fd5359d6260623fa2643652b645064905319f8d3caee3851fe
2024-04-16,IDAMALAYAR,115,169,1017.8,254.45,144.33,393.265,39,98.316,98.316,official_observed_reference,521d1d8cfd8247fd5359d6260623fa2643652b645064905319f8d3caee3851fe
2024-04-16,KUNDALA,1735.836,1758.696,7.787,22.738,1758.05,7.285,94,119.092,51.511,official_observed_reference,521d1d8cfd8247fd5359d6260623fa2643652b645064905319f8d3caee3851fe
2024-04-16,MADUPPATTY,1554.48,1599.59,55.217,161.234,1590.85,33.5,61,0,,official_observed_reference,521d1d8cfd8247fd5359d6260623fa2643652b645064905319f8d3caee3851fe
2024-04-16,KUTTIADI,737.616,758.037,33.99,42.827,751.119,18.024,53,88.167,85.368,official_observed_reference,521d1d8cfd8247fd5359d6260623fa2643652b645064905319f8d3caee3851fe
2024-04-16,THARIODE,750.5,775.6,201,253.26,761,51.95,26,0,,official_observed_reference,521d1d8cfd8247fd5359d6260623fa2643652b645064905319f8d3caee3851fe
2024-04-16,ANAYIRANKAL,1188,1207.008,48.968,65.616,1199.78,20.42,42,51.362,18.08,official_observed_reference,521d1d8cfd8247fd5359d6260623fa2643652b645064905319f8d3caee3851fe
2024-04-16,PONMUDI,678.8,707.745,47.4,63.516,693.9,17.91,38,0,,official_observed_reference,521d1d8cfd8247fd5359d6260623fa2643652b645064905319f8d3caee3851fe
2024-04-16,NERIAMANGALAM,445,456.59,5.557,4.835,454.05,3.89,70,3.384,1.594,official_observed_reference,521d1d8cfd8247fd5359d6260623fa2643652b645064905319f8d3caee3851fe
2024-04-16,PORINGAL,405.689,423.976,30.356,10.625,415.3,9.9,33,3.465,3.465,official_observed_reference,521d1d8cfd8247fd5359d6260623fa2643652b645064905319f8d3caee3851fe
2024-04-16,SENGULAM (SBR),844.86,847.6,1.614,0.71,846.8,,0,0,,official_observed_reference,521d1d8cfd8247fd5359d6260623fa2643652b645064905319f8d3caee3851fe
2024-04-16,LOWER PERIYAR,237.74,253,4.55,2.093,250.8,3.6,79,1.656,1.656,official_observed_reference,521d1d8cfd8247fd5359d6260623fa2643652b645064905319f8d3caee3851fe
2024-04-16,KAKKAD,181.36,192.63,1.16,0.358,189.15,,0,0,,official_observed_reference,521d1d8cfd8247fd5359d6260623fa2643652b645064905319f8d3caee3851fe
2024-04-17,IDUKKI,694.944,732.43,1460,2190,713.939,575.792,39,863.688,846.414,official_observed_reference,b771929008a37a90834fa99231226dc31dea6d2b6346530fc79a7370b6f75c9a
2024-04-17,PAMBA,963.168,986.332,31.001,59.46,963.168,,38,347.578,292.759,official_observed_reference,b771929008a37a90834fa99231226dc31dea6d2b6346530fc79a7370b6f75c9a
2024-04-17,KAKKI,908.304,981.456,446.542,856.467,959.84,181.219,0,0,,official_observed_reference,b771929008a37a90834fa99231226dc31dea6d2b6346530fc79a7370b6f75c9a
2024-04-17,SHOLAYAR,779.374,811.68,149.23,152.065,795.68,43.375,29,44.199,28.931,official_observed_reference,b771929008a37a90834fa99231226dc31dea6d2b6346530fc79a7370b6f75c9a
2024-04-17,IDAMALAYAR,115,169,1017.8,254.45,144.16,389.8,38,97.45,97.45,official_observed_reference,b771929008a37a90834fa99231226dc31dea6d2b6346530fc79a7370b6f75c9a
2024-04-17,KUNDALA,1735.836,1758.696,7.787,22.738,1758.05,7.285,94,118.508,51.259,official_observed_reference,b771929008a37a90834fa99231226dc31dea6d2b6346530fc79a7370b6f75c9a
2024-04-17,MADUPPATTY,1554.48,1599.59,55.217,161.234,1590.75,33.3,60,0,,official_observed_reference,b771929008a37a90834fa99231226dc31dea6d2b6346530fc79a7370b6f75c9a
2024-04-17,KUTTIADI,737.616,758.037,33.99,42.827,750.997,17.781,52,86.853,84.096,official_observed_reference,b771929008a37a90834fa99231226dc31dea6d2b6346530fc79a7370b6f75c9a
2024-04-17,THARIODE,750.5,775.6,201,253.26,760.9,51.15,25,0,,official_observed_reference,b771929008a37a90834fa99231226dc31dea6d2b6346530fc79a7370b6f75c9a
2024-04-17,ANAYIRANKAL,1188,1207.008,48.968,65.616,1199.53,19.67,40,50.143,17.651,official_observed_reference,b771929008a37a90834fa99231226dc31dea6d2b6346530fc79a7370b6f75c9a
2024-04-17,PONMUDI,678.8,707.745,47.4,63.516,693.8,17.75,37,0,,official_observed_reference,b771929008a37a90834fa99231226dc31dea6d2b6346530fc79a7370b6f75c9a
2024-04-17,NERIAMANGALAM,445,456.59,5.557,4.835,453.8,3.74,67,3.254,1.533,official_observed_reference,b771929008a37a90834fa99231226dc31dea6d2b6346530fc79a7370b6f75c9a
2024-04-17,PORINGAL,405.689,423.976,30.356,10.625,415.3,9.9,33,3.465,3.465,official_observed_reference,b771929008a37a90834fa99231226dc31dea6d2b6346530fc79a7370b6f75c9a
2024-04-17,SENGULAM (SBR),844.86,847.6,1.614,0.71,846.75,,0,0,,official_observed_reference,b771929008a37a90834fa99231226dc31dea6d2b6346530fc79a7370b6f75c9a
2024-04-17,LOWER PERIYAR,237.74,253,4.55,2.093,250.9,3.65,80,1.679,1.679,official_observed_reference,b771929008a37a90834fa99231226dc31dea6d2b6346530fc79a7370b6f75c9a
2024-04-17,KAKKAD,181.36,192.63,1.16,0.358,188.2,,0,0,,official_observed_reference,b771929008a37a90834fa99231226dc31dea6d2b6346530fc79a7370b6f75c9a
2024-04-18,IDUKKI,694.944,732.43,1460,2190,713.829,571.377,39,857.066,839.924,official_observed_reference,894e27b63f32e2ff1852e8ae601f773d1b110f2aaf8f4182ad3067416573ff1b
2024-04-18,PAMBA,963.168,986.332,31.001,59.46,963.168,,37,342.279,288.296,official_observed_reference,894e27b63f32e2ff1852e8ae601f773d1b110f2aaf8f4182ad3067416573ff1b
2024-04-18,KAKKI,908.304,981.456,446.542,856.467,959.51,178.456,0,0,,official_observed_reference,894e27b63f32e2ff1852e8ae601f773d1b110f2aaf8f4182ad3067416573ff1b
2024-04-18,SHOLAYAR,779.374,811.68,149.23,152.065,795.467,42.449,28,43.256,28.313,official_observed_reference,894e27b63f32e2ff1852e8ae601f773d1b110f2aaf8f4182ad3067416573ff1b
2024-04-18,IDAMALAYAR,115,169,1017.8,254.45,143.97,386.015,38,96.504,96.504,official_observed_reference,894e27b63f32e2ff1852e8ae601f773d1b110f2aaf8f4182ad3067416573ff1b
2024-04-18,KUNDALA,1735.836,1758.696,7.787,22.738,1758.05,7.285,94,117.632,50.88,official_observed_reference,894e27b63f32e2ff1852e8ae601f773d1b110f2aaf8f4182ad3067416573ff1b
2024-04-18,MADUPPATTY,1554.48,1599.59,55.217,161.234,1590.6,33,60,0,,official_observed_reference,894e27b63f32e2ff1852e8ae601f773d1b110f2aaf8f4182ad3067416573ff1b
2024-04-18,KUTTIADI,737.616,758.037,33.99,42.827,750.814,17.416,51,85.637,82.919,official_observed_reference,894e27b63f32e2ff1852e8ae601f773d1b110f2aaf8f4182ad3067416573ff1b
2024-04-18,THARIODE,750.5,775.6,201,253.26,760.8,50.55,25,0,,official_observed_reference,894e27b63f32e2ff1852e8ae601f773d1b110f2aaf8f4182ad3067416573ff1b
2024-04-18,ANAYIRANKAL,1188,1207.008,48.968,65.616,1199.3,18.98,39,48.682,17.137,official_observed_reference,894e27b63f32e2ff1852e8ae601f773d1b110f2aaf8f4182ad3067416573ff1b
2024-04-18,PONMUDI,678.8,707.745,47.4,63.516,693.55,17.35,37,0,,official_observed_reference,894e27b63f32e2ff1852e8ae601f773d1b110f2aaf8f4182ad3067416573ff1b
2024-04-18,NERIAMANGALAM,445,456.59,5.557,4.835,454.4,4.1,74,3.567,1.68,official_observed_reference,894e27b63f32e2ff1852e8ae601f773d1b110f2aaf8f4182ad3067416573ff1b
2024-04-18,PORINGAL,405.689,423.976,30.356,10.625,415.3,9.6,32,3.36,3.36,official_observed_reference,894e27b63f32e2ff1852e8ae601f773d1b110f2aaf8f4182ad3067416573ff1b
2024-04-18,SENGULAM (SBR),844.86,847.6,1.614,0.71,846.7,,0,0,,official_observed_reference,894e27b63f32e2ff1852e8ae601f773d1b110f2aaf8f4182ad3067416573ff1b
2024-04-18,LOWER PERIYAR,237.74,253,4.55,2.093,250,3.28,72,1.509,1.509,official_observed_reference,894e27b63f32e2ff1852e8ae601f773d1b110f2aaf8f4182ad3067416573ff1b
2024-04-18,KAKKAD,181.36,192.63,1.16,0.358,188.1,,0,0,,official_observed_reference,894e27b63f32e2ff1852e8ae601f773d1b110f2aaf8f4182ad3067416573ff1b
2024-04-19,IDUKKI,694.944,732.43,1460,2190,713.726,567.198,39,850.797,833.781,official_observed_reference,f334d1940bfb9fb625da6795f80492146ecaaf2be8b53739543a3de9b78078fa
2024-04-19,PAMBA,963.168,986.332,31.001,59.46,963.168,,37,337.184,284.005,official_observed_reference,f334d1940bfb9fb625da6795f80492146ecaaf2be8b53739543a3de9b78078fa
2024-04-19,KAKKI,908.304,981.456,446.542,856.467,959.208,175.8,0,0,,official_observed_reference,f334d1940bfb9fb625da6795f80492146ecaaf2be8b53739543a3de9b78078fa
2024-04-19,SHOLAYAR,779.374,811.68,149.23,152.065,795.284,41.667,28,42.459,27.792,official_observed_reference,f334d1940bfb9fb625da6795f80492146ecaaf2be8b53739543a3de9b78078fa
2024-04-19,IDAMALAYAR,115,169,1017.8,254.45,143.8,382.7,38,95.675,95.675,official_observed_reference,f334d1940bfb9fb625da6795f80492146ecaaf2be8b53739543a3de9b78078fa
2024-04-19,KUNDALA,1735.836,1758.696,7.787,22.738,1758.1,7.32,94,116.858,50.545,official_observed_reference,f334d1940bfb9fb625da6795f80492146ecaaf2be8b53739543a3de9b78078fa
2024-04-19,MADUPPATTY,1554.48,1599.59,55.217,161.234,1590.45,32.7,59,0,,official_observed_reference,f334d1940bfb9fb625da6795f80492146ecaaf2be8b53739543a3de9b78078fa
2024-04-19,KUTTIADI,737.616,758.037,33.99,42.827,750.662,17.111,50,84.497,81.814,official_observed_reference,f334d1940bfb9fb625da6795f80492146ecaaf2be8b53739543a3de9b78078fa
2024-04-19,THARIODE,750.5,775.6,201,253.26,760.7,49.95,25,0,,official_observed_reference,f334d1940bfb9fb625da6795f80492146ecaaf2be8b53739543a3de9b78078fa
2024-04-19,ANAYIRANKAL,1188,1207.008,48.968,65.616,1199.06,18.26,37,47.396,16.684,official_observed_reference,f334d1940bfb9fb625da6795f80492146ecaaf2be8b53739543a3de9b78078fa
2024-04-19,PONMUDI,678.8,707.745,47.4,63.516,693.4,17.11,36,0,,official_observed_reference,f334d1940bfb9fb625da6795f80492146ecaaf2be8b53739543a3de9b78078fa
2024-04-19,NERIAMANGALAM,445,456.59,5.557,4.835,454.05,3.89,70,3.384,1.594,official_observed_reference,f334d1940bfb9fb625da6795f80492146ecaaf2be8b53739543a3de9b78078fa
2024-04-19,PORINGAL,405.689,423.976,30.356,10.625,415,9.45,31,3.308,3.308,official_observed_reference,f334d1940bfb9fb625da6795f80492146ecaaf2be8b53739543a3de9b78078fa
2024-04-19,SENGULAM (SBR),844.86,847.6,1.614,0.71,846.7,,0,0,,official_observed_reference,f334d1940bfb9fb625da6795f80492146ecaaf2be8b53739543a3de9b78078fa
2024-04-19,LOWER PERIYAR,237.74,253,4.55,2.093,250.9,3.65,80,1.679,1.679,official_observed_reference,f334d1940bfb9fb625da6795f80492146ecaaf2be8b53739543a3de9b78078fa
2024-04-19,KAKKAD,181.36,192.63,1.16,0.358,187.95,,0,0,,official_observed_reference,f334d1940bfb9fb625da6795f80492146ecaaf2be8b53739543a3de9b78078fa
2024-04-20,IDUKKI,694.944,732.43,1460,2190,713.647,564.003,39,846.005,829.084,official_observed_reference,e5b4abd6f1f5f8e4c3ee1e31e6e291369753924c5752e0a0f2f93f6615639d7c
2024-04-20,PAMBA,963.168,986.332,31.001,59.46,963.168,,36,332.702,280.229,official_observed_reference,e5b4abd6f1f5f8e4c3ee1e31e6e291369753924c5752e0a0f2f93f6615639d7c
2024-04-20,KAKKI,908.304,981.456,446.542,856.467,958.931,173.463,0,0,,official_observed_reference,e5b4abd6f1f5f8e4c3ee1e31e6e291369753924c5752e0a0f2f93f6615639d7c
2024-04-20,SHOLAYAR,779.374,811.68,149.23,152.065,795.132,41.025,27,41.804,27.363,official_observed_reference,e5b4abd6f1f5f8e4c3ee1e31e6e291369753924c5752e0a0f2f93f6615639d7c
2024-04-20,IDAMALAYAR,115,169,1017.8,254.45,143.69,380.555,37,95.139,95.139,official_observed_reference,e5b4abd6f1f5f8e4c3ee1e31e6e291369753924c5752e0a0f2f93f6615639d7c
2024-04-20,KUNDALA,1735.836,1758.696,7.787,22.738,1758.1,7.32,94,116.274,50.293,official_observed_reference,e5b4abd6f1f5f8e4c3ee1e31e6e291369753924c5752e0a0f2f93f6615639d7c
2024-04-20,MADUPPATTY,1554.48,1599.59,55.217,161.234,1590.35,32.5,59,0,,official_observed_reference,e5b4abd6f1f5f8e4c3ee1e31e6e291369753924c5752e0a0f2f93f6615639d7c
2024-04-20,KUTTIADI,737.616,758.037,33.99,42.827,750.693,17.172,51,83.314,80.669,official_observed_reference,e5b4abd6f1f5f8e4c3ee1e31e6e291369753924c5752e0a0f2f93f6615639d7c
2024-04-20,THARIODE,750.5,775.6,201,253.26,760.6,48.95,24,0,,official_observed_reference,e5b4abd6f1f5f8e4c3ee1e31e6e291369753924c5752e0a0f2f93f6615639d7c
2024-04-20,ANAYIRANKAL,1188,1207.008,48.968,65.616,1198.81,17.51,36,46.391,16.33,official_observed_reference,e5b4abd6f1f5f8e4c3ee1e31e6e291369753924c5752e0a0f2f93f6615639d7c
2024-04-20,PONMUDI,678.8,707.745,47.4,63.516,693.4,17.11,36,0,,official_observed_reference,e5b4abd6f1f5f8e4c3ee1e31e6e291369753924c5752e0a0f2f93f6615639d7c
2024-04-20,NERIAMANGALAM,445,456.59,5.557,4.835,453.7,,0,0,,official_observed_reference,e5b4abd6f1f5f8e4c3ee1e31e6e291369753924c5752e0a0f2f93f6615639d7c
2024-04-20,PORINGAL,405.689,423.976,30.356,10.625,414.8,9.15,30,3.203,3.203,official_observed_reference,e5b4abd6f1f5f8e4c3ee1e31e6e291369753924c5752e0a0f2f93f6615639d7c
2024-04-20,SENGULAM (SBR),844.86,847.6,1.614,0.71,846.9,,0,0,,official_observed_reference,e5b4abd6f1f5f8e4c3ee1e31e6e291369753924c5752e0a0f2f93f6615639d7c
2024-04-20,LOWER PERIYAR,237.74,253,4.55,2.093,251.3,3.82,84,1.757,1.757,official_observed_reference,e5b4abd6f1f5f8e4c3ee1e31e6e291369753924c5752e0a0f2f93f6615639d7c
2024-04-20,KAKKAD,181.36,192.63,1.16,0.358,185.5,,0,0,,official_observed_reference,e5b4abd6f1f5f8e4c3ee1e31e6e291369753924c5752e0a0f2f93f6615639d7c
2024-04-21,IDUKKI,694.944,732.43,1460,2190,713.567,560.808,38,841.212,824.388,official_observed_reference,1dd4cd1203e1b293dc9f71c7392b0a14244d2b732585ef4ea277582fe9a245e1
2024-04-21,PAMBA,963.168,986.332,31.001,59.46,963.168,,36,329.645,277.654,official_observed_reference,1dd4cd1203e1b293dc9f71c7392b0a14244d2b732585ef4ea277582fe9a245e1
2024-04-21,KAKKI,908.304,981.456,446.542,856.467,958.739,171.869,0,0,,official_observed_reference,1dd4cd1203e1b293dc9f71c7392b0a14244d2b732585ef4ea277582fe9a245e1
2024-04-21,SHOLAYAR,779.374,811.68,149.23,152.065,795.01,40.515,27,41.285,27.023,official_observed_reference,1dd4cd1203e1b293dc9f71c7392b0a14244d2b732585ef4ea277582fe9a245e1
2024-04-21,IDAMALAYAR,115,169,1017.8,254.45,143.57,378.215,37,94.554,94.554,official_observed_reference,1dd4cd1203e1b293dc9f71c7392b0a14244d2b732585ef4ea277582fe9a245e1
2024-04-21,KUNDALA,1735.836,1758.696,7.787,22.738,1758.1,7.32,94,115.398,49.914,official_observed_reference,1dd4cd1203e1b293dc9f71c7392b0a14244d2b732585ef4ea277582fe9a245e1
2024-04-21,MADUPPATTY,1554.48,1599.59,55.217,161.234,1590.2,32.2,58,0,,official_observed_reference,1dd4cd1203e1b293dc9f71c7392b0a14244d2b732585ef4ea277582fe9a245e1
2024-04-21,KUTTIADI,737.616,758.037,33.99,42.827,750.814,17.416,51,82.865,80.235,official_observed_reference,1dd4cd1203e1b293dc9f71c7392b0a14244d2b732585ef4ea277582fe9a245e1
2024-04-21,THARIODE,750.5,775.6,201,253.26,760.5,48.35,24,0,,official_observed_reference,1dd4cd1203e1b293dc9f71c7392b0a14244d2b732585ef4ea277582fe9a245e1
2024-04-21,ANAYIRANKAL,1188,1207.008,48.968,65.616,1198.58,16.82,34,45.466,16.005,official_observed_reference,1dd4cd1203e1b293dc9f71c7392b0a14244d2b732585ef4ea277582fe9a245e1
2024-04-21,PONMUDI,678.8,707.745,47.4,63.516,693.4,17.11,36,0,,official_observed_reference,1dd4cd1203e1b293dc9f71c7392b0a14244d2b732585ef4ea277582fe9a245e1
2024-04-21,NERIAMANGALAM,445,456.59,5.557,4.835,454,3.86,69,3.358,1.582,official_observed_reference,1dd4cd1203e1b293dc9f71c7392b0a14244d2b732585ef4ea277582fe9a245e1
2024-04-21,PORINGAL,405.689,423.976,30.356,10.625,414.8,9.15,30,3.203,3.203,official_observed_reference,1dd4cd1203e1b293dc9f71c7392b0a14244d2b732585ef4ea277582fe9a245e1
2024-04-21,SENGULAM (SBR),844.86,847.6,1.614,0.71,846.85,,0,0,,official_observed_reference,1dd4cd1203e1b293dc9f71c7392b0a14244d2b732585ef4ea277582fe9a245e1
2024-04-21,LOWER PERIYAR,237.74,253,4.55,2.093,251.3,3.82,84,1.757,1.757,official_observed_reference,1dd4cd1203e1b293dc9f71c7392b0a14244d2b732585ef4ea277582fe9a245e1
2024-04-21,KAKKAD,181.36,192.63,1.16,0.358,184.6,,0,0,,official_observed_reference,1dd4cd1203e1b293dc9f71c7392b0a14244d2b732585ef4ea277582fe9a245e1
2024-04-22,IDUKKI,694.944,732.43,1460,2190,713.482,557.367,38,836.051,819.329,official_observed_reference,cc13fc3a5daaf93191176d3958640f40b3eaf926f5ef54b5b73d9b1f32a8e68b
2024-04-22,PAMBA,963.168,986.332,31.001,59.46,963.168,,35,324.717,273.504,official_observed_reference,cc13fc3a5daaf93191176d3958640f40b3eaf926f5ef54b5b73d9b1f32a8e68b
2024-04-22,KAKKI,908.304,981.456,446.542,856.467,958.419,169.3,0,0,,official_observed_reference,cc13fc3a5daaf93191176d3958640f40b3eaf926f5ef54b5b73d9b1f32a8e68b
2024-04-22,SHOLAYAR,779.374,811.68,149.23,152.065,794.797,39.634,27,40.387,26.436,official_observed_reference,cc13fc3a5daaf93191176d3958640f40b3eaf926f5ef54b5b73d9b1f32a8e68b
2024-04-22,IDAMALAYAR,115,169,1017.8,254.45,143.44,375.68,37,93.92,93.92,official_observed_reference,cc13fc3a5daaf93191176d3958640f40b3eaf926f5ef54b5b73d9b1f32a8e68b
2024-04-22,KUNDALA,1735.836,1758.696,7.787,22.738,1758.1,7.32,94,114.814,49.661,official_observed_reference,cc13fc3a5daaf93191176d3958640f40b3eaf926f5ef54b5b73d9b1f32a8e68b
2024-04-22,MADUPPATTY,1554.48,1599.59,55.217,161.234,1590.1,32,58,0,,official_observed_reference,cc13fc3a5daaf93191176d3958640f40b3eaf926f5ef54b5b73d9b1f32a8e68b
2024-04-22,KUTTIADI,737.616,758.037,33.99,42.827,750.723,17.233,51,81.627,79.035,official_observed_reference,cc13fc3a5daaf93191176d3958640f40b3eaf926f5ef54b5b73d9b1f32a8e68b
2024-04-22,THARIODE,750.5,775.6,201,253.26,760.4,47.55,24,0,,official_observed_reference,cc13fc3a5daaf93191176d3958640f40b3eaf926f5ef54b5b73d9b1f32a8e68b
2024-04-22,ANAYIRANKAL,1188,1207.008,48.968,65.616,1198.33,16.07,33,44.675,15.726,official_observed_reference,cc13fc3a5daaf93191176d3958640f40b3eaf926f5ef54b5b73d9b1f32a8e68b
2024-04-22,PONMUDI,678.8,707.745,47.4,63.516,693.5,17.27,36,0,,official_observed_reference,cc13fc3a5daaf93191176d3958640f40b3eaf926f5ef54b5b73d9b1f32a8e68b
2024-04-22,NERIAMANGALAM,445,456.59,5.557,4.835,454.1,3.92,71,3.41,1.606,official_observed_reference,cc13fc3a5daaf93191176d3958640f40b3eaf926f5ef54b5b73d9b1f32a8e68b
2024-04-22,PORINGAL,405.689,423.976,30.356,10.625,414.8,9.15,30,3.203,3.203,official_observed_reference,cc13fc3a5daaf93191176d3958640f40b3eaf926f5ef54b5b73d9b1f32a8e68b
2024-04-22,SENGULAM (SBR),844.86,847.6,1.614,0.71,846.75,,0,0,,official_observed_reference,cc13fc3a5daaf93191176d3958640f40b3eaf926f5ef54b5b73d9b1f32a8e68b
2024-04-22,LOWER PERIYAR,237.74,253,4.55,2.093,250.8,3.6,79,1.656,1.656,official_observed_reference,cc13fc3a5daaf93191176d3958640f40b3eaf926f5ef54b5b73d9b1f32a8e68b
2024-04-22,KAKKAD,181.36,192.63,1.16,0.358,186,,0,0,,official_observed_reference,cc13fc3a5daaf93191176d3958640f40b3eaf926f5ef54b5b73d9b1f32a8e68b
2024-04-23,IDUKKI,694.944,732.43,1460,2190,713.384,553.434,38,830.151,813.548,official_observed_reference,7d7021f31abea46fa07c8e4a870ad7cf73a9ee3d3fb7b01227b2800044d8da54
2024-04-23,PAMBA,963.168,986.332,31.001,59.46,963.168,,35,321.265,270.596,official_observed_reference,7d7021f31abea46fa07c8e4a870ad7cf73a9ee3d3fb7b01227b2800044d8da54
2024-04-23,KAKKI,908.304,981.456,446.542,856.467,958.193,167.5,0,0,,official_observed_reference,7d7021f31abea46fa07c8e4a870ad7cf73a9ee3d3fb7b01227b2800044d8da54
2024-04-23,SHOLAYAR,779.374,811.68,149.23,152.065,794.614,38.886,26,39.625,25.937,official_observed_reference,7d7021f31abea46fa07c8e4a870ad7cf73a9ee3d3fb7b01227b2800044d8da54
2024-04-23,IDAMALAYAR,115,169,1017.8,254.45,143.28,372.56,37,93.14,93.14,official_observed_reference,7d7021f31abea46fa07c8e4a870ad7cf73a9ee3d3fb7b01227b2800044d8da54
2024-04-23,KUNDALA,1735.836,1758.696,7.787,22.738,1758.1,7.32,94,113.938,49.282,official_observed_reference,7d7021f31abea46fa07c8e4a870ad7cf73a9ee3d3fb7b01227b2800044d8da54
2024-04-23,MADUPPATTY,1554.48,1599.59,55.217,161.234,1589.95,31.7,57,0,,official_observed_reference,7d7021f31abea46fa07c8e4a870ad7cf73a9ee3d3fb7b01227b2800044d8da54
2024-04-23,KUTTIADI,737.616,758.037,33.99,42.827,750.479,16.745,49,80.004,77.464,official_observed_reference,7d7021f31abea46fa07c8e4a870ad7cf73a9ee3d3fb7b01227b2800044d8da54
2024-04-23,THARIODE,750.5,775.6,201,253.26,760.3,46.75,23,0,,official_observed_reference,7d7021f31abea46fa07c8e4a870ad7cf73a9ee3d3fb7b01227b2800044d8da54
2024-04-23,ANAYIRANKAL,1188,1207.008,48.968,65.616,1198.08,15.32,31,43.67,15.373,official_observed_reference,7d7021f31abea46fa07c8e4a870ad7cf73a9ee3d3fb7b01227b2800044d8da54
2024-04-23,PONMUDI,678.8,707.745,47.4,63.516,693.5,17.27,36,0,,official_observed_reference,7d7021f31abea46fa07c8e4a870ad7cf73a9ee3d3fb7b01227b2800044d8da54
2024-04-23,NERIAMANGALAM,445,456.59,5.557,4.835,453.3,4.04,73,3.515,1.656,official_observed_reference,7d7021f31abea46fa07c8e4a870ad7cf73a9ee3d3fb7b01227b2800044d8da54
2024-04-23,PORINGAL,405.689,423.976,30.356,10.625,414.85,9.225,30,3.229,3.229,official_observed_reference,7d7021f31abea46fa07c8e4a870ad7cf73a9ee3d3fb7b01227b2800044d8da54
2024-04-23,SENGULAM (SBR),844.86,847.6,1.614,0.71,846.75,,0,0,,official_observed_reference,7d7021f31abea46fa07c8e4a870ad7cf73a9ee3d3fb7b01227b2800044d8da54
2024-04-23,LOWER PERIYAR,237.74,253,4.55,2.093,251.1,3.74,82,1.72,1.72,official_observed_reference,7d7021f31abea46fa07c8e4a870ad7cf73a9ee3d3fb7b01227b2800044d8da54
2024-04-23,KAKKAD,181.36,192.63,1.16,0.358,187.95,,0,0,,official_observed_reference,7d7021f31abea46fa07c8e4a870ad7cf73a9ee3d3fb7b01227b2800044d8da54
2024-04-24,IDUKKI,694.944,732.43,1460,2190,713.275,549.01,38,823.515,807.045,official_observed_reference,e956c340b9fb78ed04634d42668669643e479f0ac1272965186c6ac9c99505c4
2024-04-24,PAMBA,963.168,986.332,31.001,59.46,963.168,,35,316.662,266.719,official_observed_reference,e956c340b9fb78ed04634d42668669643e479f0ac1272965186c6ac9c99505c4
2024-04-24,KAKKI,908.304,981.456,446.542,856.467,957.898,165.1,0,0,,official_observed_reference,e956c340b9fb78ed04634d42668669643e479f0ac1272965186c6ac9c99505c4
2024-04-24,SHOLAYAR,779.374,811.68,149.23,152.065,794.37,37.89,25,38.609,25.272,official_observed_reference,e956c340b9fb78ed04634d42668669643e479f0ac1272965186c6ac9c99505c4
2024-04-24,IDAMALAYAR,115,169,1017.8,254.45,143.16,370.22,36,92.555,92.555,official_observed_reference,e956c340b9fb78ed04634d42668669643e479f0ac1272965186c6ac9c99505c4
2024-04-24,KUNDALA,1735.836,1758.696,7.787,22.738,1758.1,7.32,94,113.062,48.903,official_observed_reference,e956c340b9fb78ed04634d42668669643e479f0ac1272965186c6ac9c99505c4
2024-04-24,MADUPPATTY,1554.48,1599.59,55.217,161.234,1589.8,31.4,57,0,,official_observed_reference,e956c340b9fb78ed04634d42668669643e479f0ac1272965186c6ac9c99505c4
2024-04-24,KUTTIADI,737.616,758.037,33.99,42.827,750.266,16.318,48,78.206,75.723,official_observed_reference,e956c340b9fb78ed04634d42668669643e479f0ac1272965186c6ac9c99505c4
2024-04-24,THARIODE,750.5,775.6,201,253.26,760.15,45.75,23,0,,official_observed_reference,e956c340b9fb78ed04634d42668669643e479f0ac1272965186c6ac9c99505c4
2024-04-24,ANAYIRANKAL,1188,1207.008,48.968,65.616,1197.84,14.63,30,43.067,15.16,official_observed_reference,e956c340b9fb78ed04634d42668669643e479f0ac1272965186c6ac9c99505c4
2024-04-24,PONMUDI,678.8,707.745,47.4,63.516,693.65,17.51,37,0,,official_observed_reference,e956c340b9fb78ed04634d42668669643e479f0ac1272965186c6ac9c99505c4
2024-04-24,NERIAMANGALAM,445,456.59,5.557,4.835,454.05,3.89,70,3.384,1.594,official_observed_reference,e956c340b9fb78ed04634d42668669643e479f0ac1272965186c6ac9c99505c4
2024-04-24,PORINGAL,405.689,423.976,30.356,10.625,414.75,9.075,30,3.176,3.176,official_observed_reference,e956c340b9fb78ed04634d42668669643e479f0ac1272965186c6ac9c99505c4
2024-04-24,SENGULAM (SBR),844.86,847.6,1.614,0.71,846.7,,0,0,,official_observed_reference,e956c340b9fb78ed04634d42668669643e479f0ac1272965186c6ac9c99505c4
2024-04-24,LOWER PERIYAR,237.74,253,4.55,2.093,251.1,3.74,82,1.72,1.72,official_observed_reference,e956c340b9fb78ed04634d42668669643e479f0ac1272965186c6ac9c99505c4
2024-04-24,KAKKAD,181.36,192.63,1.16,0.358,187.65,,0,0,,official_observed_reference,e956c340b9fb78ed04634d42668669643e479f0ac1272965186c6ac9c99505c4
2024-04-25,IDUKKI,694.944,732.43,1460,2190,713.141,544.087,37,816.131,799.808,official_observed_reference,bd18b003f9f0d12f80c01bc82ae2a63d94481dcb1d72b93c116c7d076993eef2
2024-04-25,PAMBA,963.168,986.332,31.001,59.46,963.168,,34,311.483,262.357,official_observed_reference,bd18b003f9f0d12f80c01bc82ae2a63d94481dcb1d72b93c116c7d076993eef2
2024-04-25,KAKKI,908.304,981.456,446.542,856.467,957.56,162.4,0,0,,official_observed_reference,bd18b003f9f0d12f80c01bc82ae2a63d94481dcb1d72b93c116c7d076993eef2
2024-04-25,SHOLAYAR,779.374,811.68,149.23,152.065,794.187,37.142,25,37.847,24.774,official_observed_reference,bd18b003f9f0d12f80c01bc82ae2a63d94481dcb1d72b93c116c7d076993eef2
2024-04-25,IDAMALAYAR,115,169,1017.8,254.45,142.97,366.515,36,91.629,91.629,official_observed_reference,bd18b003f9f0d12f80c01bc82ae2a63d94481dcb1d72b93c116c7d076993eef2
2024-04-25,KUNDALA,1735.836,1758.696,7.787,22.738,1758.1,7.32,94,112.478,48.651,official_observed_reference,bd18b003f9f0d12f80c01bc82ae2a63d94481dcb1d72b93c116c7d076993eef2
2024-04-25,MADUPPATTY,1554.48,1599.59,55.217,161.234,1589.7,31.2,57,0,,official_observed_reference,bd18b003f9f0d12f80c01bc82ae2a63d94481dcb1d72b93c116c7d076993eef2
2024-04-25,KUTTIADI,737.616,758.037,33.99,42.827,749.778,15.342,45,75.968,73.556,official_observed_reference,bd18b003f9f0d12f80c01bc82ae2a63d94481dcb1d72b93c116c7d076993eef2
2024-04-25,THARIODE,750.5,775.6,201,253.26,760.05,44.95,22,0,,official_observed_reference,bd18b003f9f0d12f80c01bc82ae2a63d94481dcb1d72b93c116c7d076993eef2
2024-04-25,ANAYIRANKAL,1188,1207.008,48.968,65.616,1197.58,13.98,29,42.196,14.854,official_observed_reference,bd18b003f9f0d12f80c01bc82ae2a63d94481dcb1d72b93c116c7d076993eef2
2024-04-25,PONMUDI,678.8,707.745,47.4,63.516,693.65,17.51,37,0,,official_observed_reference,bd18b003f9f0d12f80c01bc82ae2a63d94481dcb1d72b93c116c7d076993eef2
2024-04-25,NERIAMANGALAM,445,456.59,5.557,4.835,453.9,3.8,68,3.306,1.557,official_observed_reference,bd18b003f9f0d12f80c01bc82ae2a63d94481dcb1d72b93c116c7d076993eef2
2024-04-25,PORINGAL,405.689,423.976,30.356,10.625,414.5,8.7,29,3.045,3.045,official_observed_reference,bd18b003f9f0d12f80c01bc82ae2a63d94481dcb1d72b93c116c7d076993eef2
2024-04-25,SENGULAM (SBR),844.86,847.6,1.614,0.71,846.7,,0,0,,official_observed_reference,bd18b003f9f0d12f80c01bc82ae2a63d94481dcb1d72b93c116c7d076993eef2
2024-04-25,LOWER PERIYAR,237.74,253,4.55,2.093,250.6,3.51,77,1.615,1.615,official_observed_reference,bd18b003f9f0d12f80c01bc82ae2a63d94481dcb1d72b93c116c7d076993eef2
2024-04-25,KAKKAD,181.36,192.63,1.16,0.358,188.5,,0,0,,official_observed_reference,bd18b003f9f0d12f80c01bc82ae2a63d94481dcb1d72b93c116c7d076993eef2
2024-04-26,IDUKKI,694.944,732.43,1460,2190,713.019,539.816,37,809.724,793.53,official_observed_reference,7d2611799beedbf9978c8c4713025fdfb74e50c5bda2b357e32f4cb92a7df36c
2024-04-26,PAMBA,963.168,986.332,31.001,59.46,963.168,,34,306.88,258.48,official_observed_reference,7d2611799beedbf9978c8c4713025fdfb74e50c5bda2b357e32f4cb92a7df36c
2024-04-26,KAKKI,908.304,981.456,446.542,856.467,957.26,160,0,0,,official_observed_reference,7d2611799beedbf9978c8c4713025fdfb74e50c5bda2b357e32f4cb92a7df36c
2024-04-26,SHOLAYAR,779.374,811.68,149.23,152.065,794.04,36.394,24,37.085,24.275,official_observed_reference,7d2611799beedbf9978c8c4713025fdfb74e50c5bda2b357e32f4cb92a7df36c
2024-04-26,IDAMALAYAR,115,169,1017.8,254.45,142.82,363.59,36,90.898,90.898,official_observed_reference,7d2611799beedbf9978c8c4713025fdfb74e50c5bda2b357e32f4cb92a7df36c
2024-04-26,KUNDALA,1735.836,1758.696,7.787,22.738,1758.1,7.32,94,111.894,48.398,official_observed_reference,7d2611799beedbf9978c8c4713025fdfb74e50c5bda2b357e32f4cb92a7df36c
2024-04-26,MADUPPATTY,1554.48,1599.59,55.217,161.234,1589.6,31,56,0,,official_observed_reference,7d2611799beedbf9978c8c4713025fdfb74e50c5bda2b357e32f4cb92a7df36c
2024-04-26,KUTTIADI,737.616,758.037,33.99,42.827,749.625,15.037,44,74.828,72.452,official_observed_reference,7d2611799beedbf9978c8c4713025fdfb74e50c5bda2b357e32f4cb92a7df36c
2024-04-26,THARIODE,750.5,775.6,201,253.26,759.95,44.35,22,0,,official_observed_reference,7d2611799beedbf9978c8c4713025fdfb74e50c5bda2b357e32f4cb92a7df36c
2024-04-26,ANAYIRANKAL,1188,1207.008,48.968,65.616,1197.31,13.305,27,41.185,14.498,official_observed_reference,7d2611799beedbf9978c8c4713025fdfb74e50c5bda2b357e32f4cb92a7df36c
2024-04-26,PONMUDI,678.8,707.745,47.4,63.516,693.6,17.43,37,0,,official_observed_reference,7d2611799beedbf9978c8c4713025fdfb74e50c5bda2b357e32f4cb92a7df36c
2024-04-26,NERIAMANGALAM,445,456.59,5.557,4.835,454.2,3.98,72,3.463,1.631,official_observed_reference,7d2611799beedbf9978c8c4713025fdfb74e50c5bda2b357e32f4cb92a7df36c
2024-04-26,PORINGAL,405.689,423.976,30.356,10.625,414.2,8.25,27,2.888,2.888,official_observed_reference,7d2611799beedbf9978c8c4713025fdfb74e50c5bda2b357e32f4cb92a7df36c
2024-04-26,SENGULAM (SBR),844.86,847.6,1.614,0.71,846.7,,0,0,,official_observed_reference,7d2611799beedbf9978c8c4713025fdfb74e50c5bda2b357e32f4cb92a7df36c
2024-04-26,LOWER PERIYAR,237.74,253,4.55,2.093,250.1,3.31,73,1.523,1.523,official_observed_reference,7d2611799beedbf9978c8c4713025fdfb74e50c5bda2b357e32f4cb92a7df36c
2024-04-26,KAKKAD,181.36,192.63,1.16,0.358,188.9,,0,0,,official_observed_reference,7d2611799beedbf9978c8c4713025fdfb74e50c5bda2b357e32f4cb92a7df36c
2024-04-27,IDUKKI,694.944,732.43,1460,2190,712.866,534.479,37,801.719,785.684,official_observed_reference,a925a91bba02ce78d14f694493a7984d93e30cfc3a8d899a62942c6b7f1e4ae1
2024-04-27,PAMBA,963.168,986.332,31.001,59.46,963.168,,33,301.318,253.795,official_observed_reference,a925a91bba02ce78d14f694493a7984d93e30cfc3a8d899a62942c6b7f1e4ae1
2024-04-27,KAKKI,908.304,981.456,446.542,856.467,956.892,157.1,0,0,,official_observed_reference,a925a91bba02ce78d14f694493a7984d93e30cfc3a8d899a62942c6b7f1e4ae1
2024-04-27,SHOLAYAR,779.374,811.68,149.23,152.065,793.76,35.397,24,36.07,23.61,official_observed_reference,a925a91bba02ce78d14f694493a7984d93e30cfc3a8d899a62942c6b7f1e4ae1
2024-04-27,IDAMALAYAR,115,169,1017.8,254.45,142.6,359.35,35,89.838,89.838,official_observed_reference,a925a91bba02ce78d14f694493a7984d93e30cfc3a8d899a62942c6b7f1e4ae1
2024-04-27,KUNDALA,1735.836,1758.696,7.787,22.738,1758.1,7.32,94,111.018,48.019,official_observed_reference,a925a91bba02ce78d14f694493a7984d93e30cfc3a8d899a62942c6b7f1e4ae1
2024-04-27,MADUPPATTY,1554.48,1599.59,55.217,161.234,1589.45,30.7,56,0,,official_observed_reference,a925a91bba02ce78d14f694493a7984d93e30cfc3a8d899a62942c6b7f1e4ae1
2024-04-27,KUTTIADI,737.616,758.037,33.99,42.827,749.26,14.311,42,72.653,70.347,official_observed_reference,a925a91bba02ce78d14f694493a7984d93e30cfc3a8d899a62942c6b7f1e4ae1
2024-04-27,THARIODE,750.5,775.6,201,253.26,759.8,43.35,22,0,,official_observed_reference,a925a91bba02ce78d14f694493a7984d93e30cfc3a8d899a62942c6b7f1e4ae1
2024-04-27,ANAYIRANKAL,1188,1207.008,48.968,65.616,1197.05,12.655,26,39.349,13.852,official_observed_reference,a925a91bba02ce78d14f694493a7984d93e30cfc3a8d899a62942c6b7f1e4ae1
2024-04-27,PONMUDI,678.8,707.745,47.4,63.516,693.15,16.71,35,0,,official_observed_reference,a925a91bba02ce78d14f694493a7984d93e30cfc3a8d899a62942c6b7f1e4ae1
2024-04-27,NERIAMANGALAM,445,456.59,5.557,4.835,454.6,4.22,76,3.671,1.729,official_observed_reference,a925a91bba02ce78d14f694493a7984d93e30cfc3a8d899a62942c6b7f1e4ae1
2024-04-27,PORINGAL,405.689,423.976,30.356,10.625,413.85,7.725,25,2.704,2.704,official_observed_reference,a925a91bba02ce78d14f694493a7984d93e30cfc3a8d899a62942c6b7f1e4ae1
2024-04-27,SENGULAM (SBR),844.86,847.6,1.614,0.71,846.55,,0,0,,official_observed_reference,a925a91bba02ce78d14f694493a7984d93e30cfc3a8d899a62942c6b7f1e4ae1
2024-04-27,LOWER PERIYAR,237.74,253,4.55,2.093,248.4,2.65,58,1.219,1.219,official_observed_reference,a925a91bba02ce78d14f694493a7984d93e30cfc3a8d899a62942c6b7f1e4ae1
2024-04-27,KAKKAD,181.36,192.63,1.16,0.358,187.9,,0,0,,official_observed_reference,a925a91bba02ce78d14f694493a7984d93e30cfc3a8d899a62942c6b7f1e4ae1
2024-04-28,IDUKKI,694.944,732.43,1460,2190,712.757,530.636,36,795.954,780.035,official_observed_reference,967ad21ee1987f37adcd7cea813d507ef1bb79c889a72f947840381bf56855fa
2024-04-28,PAMBA,963.168,986.332,31.001,59.46,963.168,,32,296.638,249.853,official_observed_reference,967ad21ee1987f37adcd7cea813d507ef1bb79c889a72f947840381bf56855fa
2024-04-28,KAKKI,908.304,981.456,446.542,856.467,956.569,154.66,0,0,,official_observed_reference,967ad21ee1987f37adcd7cea813d507ef1bb79c889a72f947840381bf56855fa
2024-04-28,SHOLAYAR,779.374,811.68,149.23,152.065,793.486,34.276,23,34.927,22.862,official_observed_reference,967ad21ee1987f37adcd7cea813d507ef1bb79c889a72f947840381bf56855fa
2024-04-28,IDAMALAYAR,115,169,1017.8,254.45,142.44,356.23,35,89.058,89.058,official_observed_reference,967ad21ee1987f37adcd7cea813d507ef1bb79c889a72f947840381bf56855fa
2024-04-28,KUNDALA,1735.836,1758.696,7.787,22.738,1758.05,7.285,94,110.332,47.722,official_observed_reference,967ad21ee1987f37adcd7cea813d507ef1bb79c889a72f947840381bf56855fa
2024-04-28,MADUPPATTY,1554.48,1599.59,55.217,161.234,1589.35,30.5,55,0,,official_observed_reference,967ad21ee1987f37adcd7cea813d507ef1bb79c889a72f947840381bf56855fa
2024-04-28,KUTTIADI,737.616,758.037,33.99,42.827,749.169,14.141,42,71.178,68.918,official_observed_reference,967ad21ee1987f37adcd7cea813d507ef1bb79c889a72f947840381bf56855fa
2024-04-28,THARIODE,750.5,775.6,201,253.26,759.65,42.35,21,0,,official_observed_reference,967ad21ee1987f37adcd7cea813d507ef1bb79c889a72f947840381bf56855fa
2024-04-28,ANAYIRANKAL,1188,1207.008,48.968,65.616,1196.77,11.955,24,37.661,13.257,official_observed_reference,967ad21ee1987f37adcd7cea813d507ef1bb79c889a72f947840381bf56855fa
2024-04-28,PONMUDI,678.8,707.745,47.4,63.516,692.8,16.15,34,0,,official_observed_reference,967ad21ee1987f37adcd7cea813d507ef1bb79c889a72f947840381bf56855fa
2024-04-28,NERIAMANGALAM,445,456.59,5.557,4.835,454.2,3.98,72,3.463,1.631,official_observed_reference,967ad21ee1987f37adcd7cea813d507ef1bb79c889a72f947840381bf56855fa
2024-04-28,PORINGAL,405.689,423.976,30.356,10.625,413.8,7.65,25,2.678,2.678,official_observed_reference,967ad21ee1987f37adcd7cea813d507ef1bb79c889a72f947840381bf56855fa
2024-04-28,SENGULAM (SBR),844.86,847.6,1.614,0.71,846.75,,0,0,,official_observed_reference,967ad21ee1987f37adcd7cea813d507ef1bb79c889a72f947840381bf56855fa
2024-04-28,LOWER PERIYAR,237.74,253,4.55,2.093,250.6,3.51,77,1.615,1.615,official_observed_reference,967ad21ee1987f37adcd7cea813d507ef1bb79c889a72f947840381bf56855fa
2024-04-28,KAKKAD,181.36,192.63,1.16,0.358,187.9,,0,0,,official_observed_reference,967ad21ee1987f37adcd7cea813d507ef1bb79c889a72f947840381bf56855fa
2024-04-29,IDUKKI,694.944,732.43,1460,2190,712.604,525.296,36,787.944,772.185,official_observed_reference,b164b67f7f8f48907f52fdaa62461abd6e9a9e779a1a051d2d40684814419dd0
2024-04-29,PAMBA,963.168,986.332,31.001,59.46,963.168,,32,290.89,245.012,official_observed_reference,b164b67f7f8f48907f52fdaa62461abd6e9a9e779a1a051d2d40684814419dd0
2024-04-29,KAKKI,908.304,981.456,446.542,856.467,956.179,151.663,0,0,,official_observed_reference,b164b67f7f8f48907f52fdaa62461abd6e9a9e779a1a051d2d40684814419dd0
2024-04-29,SHOLAYAR,779.374,811.68,149.23,152.065,793.181,33.03,22,33.657,22.031,official_observed_reference,b164b67f7f8f48907f52fdaa62461abd6e9a9e779a1a051d2d40684814419dd0
2024-04-29,IDAMALAYAR,115,169,1017.8,254.45,142.23,352.135,35,88.034,88.034,official_observed_reference,b164b67f7f8f48907f52fdaa62461abd6e9a9e779a1a051d2d40684814419dd0
2024-04-29,KUNDALA,1735.836,1758.696,7.787,22.738,1758.05,7.285,94,109.456,47.344,official_observed_reference,b164b67f7f8f48907f52fdaa62461abd6e9a9e779a1a051d2d40684814419dd0
2024-04-29,MADUPPATTY,1554.48,1599.59,55.217,161.234,1589.2,30.2,55,0,,official_observed_reference,b164b67f7f8f48907f52fdaa62461abd6e9a9e779a1a051d2d40684814419dd0
2024-04-29,KUTTIADI,737.616,758.037,33.99,42.827,748.742,13.382,39,69.718,67.505,official_observed_reference,b164b67f7f8f48907f52fdaa62461abd6e9a9e779a1a051d2d40684814419dd0
2024-04-29,THARIODE,750.5,775.6,201,253.26,759.55,41.95,21,0,,official_observed_reference,b164b67f7f8f48907f52fdaa62461abd6e9a9e779a1a051d2d40684814419dd0
2024-04-29,ANAYIRANKAL,1188,1207.008,48.968,65.616,1196.49,11.255,23,36.08,12.701,official_observed_reference,b164b67f7f8f48907f52fdaa62461abd6e9a9e779a1a051d2d40684814419dd0
2024-04-29,PONMUDI,678.8,707.745,47.4,63.516,692.5,15.67,33,0,,official_observed_reference,b164b67f7f8f48907f52fdaa62461abd6e9a9e779a1a051d2d40684814419dd0
2024-04-29,NERIAMANGALAM,445,456.59,5.557,4.835,454.4,4.1,74,3.567,1.68,official_observed_reference,b164b67f7f8f48907f52fdaa62461abd6e9a9e779a1a051d2d40684814419dd0
2024-04-29,PORINGAL,405.689,423.976,30.356,10.625,413.75,7.575,25,2.651,2.651,official_observed_reference,b164b67f7f8f48907f52fdaa62461abd6e9a9e779a1a051d2d40684814419dd0
2024-04-29,SENGULAM (SBR),844.86,847.6,1.614,0.71,846.6,,0,0,,official_observed_reference,b164b67f7f8f48907f52fdaa62461abd6e9a9e779a1a051d2d40684814419dd0
2024-04-29,LOWER PERIYAR,237.74,253,4.55,2.093,249.9,3.24,71,1.49,1.49,official_observed_reference,b164b67f7f8f48907f52fdaa62461abd6e9a9e779a1a051d2d40684814419dd0
2024-04-29,KAKKAD,181.36,192.63,1.16,0.358,188.4,,0,0,,official_observed_reference,b164b67f7f8f48907f52fdaa62461abd6e9a9e779a1a051d2d40684814419dd0
2024-04-30,IDUKKI,694.944,732.43,1460,2190,712.494,521.443,36,782.165,766.521,official_observed_reference,f21891e2e6a46963d7d973953ed869dccc0fb62e7cfd4a5b45826b5805da3180
2024-04-30,PAMBA,963.168,986.332,31.001,59.46,963.168,,31,285.314,240.315,official_observed_reference,f21891e2e6a46963d7d973953ed869dccc0fb62e7cfd4a5b45826b5805da3180
2024-04-30,KAKKI,908.304,981.456,446.542,856.467,955.792,148.756,0,0,,official_observed_reference,f21891e2e6a46963d7d973953ed869dccc0fb62e7cfd4a5b45826b5805da3180
2024-04-30,SHOLAYAR,779.374,811.68,149.23,152.065,792.907,31.908,21,32.515,21.283,official_observed_reference,f21891e2e6a46963d7d973953ed869dccc0fb62e7cfd4a5b45826b5805da3180
2024-04-30,IDAMALAYAR,115,169,1017.8,254.45,142.06,348.82,34,87.205,87.205,official_observed_reference,f21891e2e6a46963d7d973953ed869dccc0fb62e7cfd4a5b45826b5805da3180
2024-04-30,KUNDALA,1735.836,1758.696,7.787,22.738,1758.05,7.285,94,108.58,46.965,official_observed_reference,f21891e2e6a46963d7d973953ed869dccc0fb62e7cfd4a5b45826b5805da3180
2024-04-30,MADUPPATTY,1554.48,1599.59,55.217,161.234,1589.05,29.9,54,0,,official_observed_reference,f21891e2e6a46963d7d973953ed869dccc0fb62e7cfd4a5b45826b5805da3180
2024-04-30,KUTTIADI,737.616,758.037,33.99,42.827,748.437,12.856,38,68.048,65.888,official_observed_reference,f21891e2e6a46963d7d973953ed869dccc0fb62e7cfd4a5b45826b5805da3180
2024-04-30,THARIODE,750.5,775.6,201,253.26,759.45,41.15,20,0,,official_observed_reference,f21891e2e6a46963d7d973953ed869dccc0fb62e7cfd4a5b45826b5805da3180
2024-04-30,ANAYIRANKAL,1188,1207.008,48.968,65.616,1196.2,10.53,22,34.893,12.283,official_observed_reference,f21891e2e6a46963d7d973953ed869dccc0fb62e7cfd4a5b45826b5805da3180
2024-04-30,PONMUDI,678.8,707.745,47.4,63.516,692.4,15.51,33,0,,official_observed_reference,f21891e2e6a46963d7d973953ed869dccc0fb62e7cfd4a5b45826b5805da3180
2024-04-30,NERIAMANGALAM,445,456.59,5.557,4.835,454.2,3.98,72,3.463,1.631,official_observed_reference,f21891e2e6a46963d7d973953ed869dccc0fb62e7cfd4a5b45826b5805da3180
2024-04-30,PORINGAL,405.689,423.976,30.356,10.625,414.1,8.1,27,2.835,2.835,official_observed_reference,f21891e2e6a46963d7d973953ed869dccc0fb62e7cfd4a5b45826b5805da3180
2024-04-30,SENGULAM (SBR),844.86,847.6,1.614,0.71,846.6,,0,0,,official_observed_reference,f21891e2e6a46963d7d973953ed869dccc0fb62e7cfd4a5b45826b5805da3180
2024-04-30,LOWER PERIYAR,237.74,253,4.55,2.093,250.8,3.6,79,1.656,1.656,official_observed_reference,f21891e2e6a46963d7d973953ed869dccc0fb62e7cfd4a5b45826b5805da3180
2024-04-30,KAKKAD,181.36,192.63,1.16,0.358,186.95,,0,0,,official_observed_reference,f21891e2e6a46963d7d973953ed869dccc0fb62e7cfd4a5b45826b5805da3180
2024-05-01,IDUKKI,694.944,732.43,1460,2190,712.403,518.232,35,777.348,761.801,official_observed_reference,58e384d9a35709f386a2d542951807d0bde6117b655245e7c844209a19455001
2024-05-01,PAMBA,963.168,986.332,31.001,59.46,963.168,,31,281.179,236.832,official_observed_reference,58e384d9a35709f386a2d542951807d0bde6117b655245e7c844209a19455001
2024-05-01,KAKKI,908.304,981.456,446.542,856.467,955.502,146.6,0,0,,official_observed_reference,58e384d9a35709f386a2d542951807d0bde6117b655245e7c844209a19455001
2024-05-01,SHOLAYAR,779.374,811.68,149.23,152.065,792.724,31.155,21,31.747,20.78,official_observed_reference,58e384d9a35709f386a2d542951807d0bde6117b655245e7c844209a19455001
2024-05-01,IDAMALAYAR,115,169,1017.8,254.45,141.96,346.87,34,86.718,86.718,official_observed_reference,58e384d9a35709f386a2d542951807d0bde6117b655245e7c844209a19455001
2024-05-01,KUNDALA,1735.836,1758.696,7.787,22.738,1758.05,7.285,94,107.704,46.586,official_observed_reference,58e384d9a35709f386a2d542951807d0bde6117b655245e7c844209a19455001
2024-05-01,MADUPPATTY,1554.48,1599.59,55.217,161.234,1588.9,29.6,54,0,,official_observed_reference,58e384d9a35709f386a2d542951807d0bde6117b655245e7c844209a19455001
2024-05-01,KUTTIADI,737.616,758.037,33.99,42.827,748.254,12.539,37,66.388,64.28,official_observed_reference,58e384d9a35709f386a2d542951807d0bde6117b655245e7c844209a19455001
2024-05-01,THARIODE,750.5,775.6,201,253.26,759.3,40.15,20,0,,official_observed_reference,58e384d9a35709f386a2d542951807d0bde6117b655245e7c844209a19455001
2024-05-01,ANAYIRANKAL,1188,1207.008,48.968,65.616,1195.92,9.83,20,33.956,11.953,official_observed_reference,58e384d9a35709f386a2d542951807d0bde6117b655245e7c844209a19455001
2024-05-01,PONMUDI,678.8,707.745,47.4,63.516,692.4,15.51,33,0,,official_observed_reference,58e384d9a35709f386a2d542951807d0bde6117b655245e7c844209a19455001
2024-05-01,NERIAMANGALAM,445,456.59,5.557,4.835,454,3.86,69,3.358,1.582,official_observed_reference,58e384d9a35709f386a2d542951807d0bde6117b655245e7c844209a19455001
2024-05-01,PORINGAL,405.689,423.976,30.356,10.625,414.1,8.1,27,2.835,2.835,official_observed_reference,58e384d9a35709f386a2d542951807d0bde6117b655245e7c844209a19455001
2024-05-01,SENGULAM (SBR),844.86,847.6,1.614,0.71,847,,0,0,,official_observed_reference,58e384d9a35709f386a2d542951807d0bde6117b655245e7c844209a19455001
2024-05-01,LOWER PERIYAR,237.74,253,4.55,2.093,251.6,3.96,87,1.822,1.822,official_observed_reference,58e384d9a35709f386a2d542951807d0bde6117b655245e7c844209a19455001
2024-05-01,KAKKAD,181.36,192.63,1.16,0.358,188.2,,0,0,,official_observed_reference,58e384d9a35709f386a2d542951807d0bde6117b655245e7c844209a19455001
2024-05-02,IDUKKI,694.944,732.43,1460,2190,712.269,513.527,35,770.291,754.885,official_observed_reference,b14c335a819068450605ca064cec72b81c850507f28b443d65ec4021d92541bb
2024-05-02,PAMBA,963.168,986.332,31.001,59.46,963.168,,30,275.425,231.986,official_observed_reference,b14c335a819068450605ca064cec72b81c850507f28b443d65ec4021d92541bb
2024-05-02,KAKKI,908.304,981.456,446.542,856.467,955.103,143.6,0,0,,official_observed_reference,b14c335a819068450605ca064cec72b81c850507f28b443d65ec4021d92541bb
2024-05-02,SHOLAYAR,779.374,811.68,149.23,152.065,792.45,30.019,20,30.589,20.022,official_observed_reference,b14c335a819068450605ca064cec72b81c850507f28b443d65ec4021d92541bb
2024-05-02,IDAMALAYAR,115,169,1017.8,254.45,141.75,342.775,34,85.694,85.694,official_observed_reference,b14c335a819068450605ca064cec72b81c850507f28b443d65ec4021d92541bb
2024-05-02,KUNDALA,1735.836,1758.696,7.787,22.738,1758.05,7.285,94,106.536,46.081,official_observed_reference,b14c335a819068450605ca064cec72b81c850507f28b443d65ec4021d92541bb
2024-05-02,MADUPPATTY,1554.48,1599.59,55.217,161.234,1588.7,29.2,53,0,,official_observed_reference,b14c335a819068450605ca064cec72b81c850507f28b443d65ec4021d92541bb
2024-05-02,KUTTIADI,737.616,758.037,33.99,42.827,747.857,11.886,35,65.061,62.996,official_observed_reference,b14c335a819068450605ca064cec72b81c850507f28b443d65ec4021d92541bb
2024-05-02,THARIODE,750.5,775.6,201,253.26,759.2,39.75,20,0,,official_observed_reference,b14c335a819068450605ca064cec72b81c850507f28b443d65ec4021d92541bb
2024-05-02,ANAYIRANKAL,1188,1207.008,48.968,65.616,1195.65,9.155,19,33.051,11.635,official_observed_reference,b14c335a819068450605ca064cec72b81c850507f28b443d65ec4021d92541bb
2024-05-02,PONMUDI,678.8,707.745,47.4,63.516,692.4,15.51,33,0,,official_observed_reference,b14c335a819068450605ca064cec72b81c850507f28b443d65ec4021d92541bb
2024-05-02,NERIAMANGALAM,445,456.59,5.557,4.835,454.25,4.01,72,3.489,1.643,official_observed_reference,b14c335a819068450605ca064cec72b81c850507f28b443d65ec4021d92541bb
2024-05-02,PORINGAL,405.689,423.976,30.356,10.625,414.05,8.025,26,2.809,2.809,official_observed_reference,b14c335a819068450605ca064cec72b81c850507f28b443d65ec4021d92541bb
2024-05-02,SENGULAM (SBR),844.86,847.6,1.614,0.71,846.8,,0,0,,official_observed_reference,b14c335a819068450605ca064cec72b81c850507f28b443d65ec4021d92541bb
2024-05-02,LOWER PERIYAR,237.74,253,4.55,2.093,251,3.69,81,1.697,1.697,official_observed_reference,b14c335a819068450605ca064cec72b81c850507f28b443d65ec4021d92541bb
2024-05-02,KAKKAD,181.36,192.63,1.16,0.358,188.2,,0,0,,official_observed_reference,b14c335a819068450605ca064cec72b81c850507f28b443d65ec4021d92541bb
2024-05-03,IDUKKI,694.944,732.43,1460,2190,712.153,509.47,35,764.205,748.921,official_observed_reference,1e6ad814e3a9cb0459d889bb0f3b916aa3d1aa07a6de15834db23027ae508cc9
2024-05-03,PAMBA,963.168,986.332,31.001,59.46,963.168,,29,269.047,226.614,official_observed_reference,1e6ad814e3a9cb0459d889bb0f3b916aa3d1aa07a6de15834db23027ae508cc9
2024-05-03,KAKKI,908.304,981.456,446.542,856.467,954.624,140.275,0,0,,official_observed_reference,1e6ad814e3a9cb0459d889bb0f3b916aa3d1aa07a6de15834db23027ae508cc9
2024-05-03,SHOLAYAR,779.374,811.68,149.23,152.065,792.236,29.184,20,29.738,19.466,official_observed_reference,1e6ad814e3a9cb0459d889bb0f3b916aa3d1aa07a6de15834db23027ae508cc9
2024-05-03,IDAMALAYAR,115,169,1017.8,254.45,141.58,339.46,33,84.865,84.865,official_observed_reference,1e6ad814e3a9cb0459d889bb0f3b916aa3d1aa07a6de15834db23027ae508cc9
2024-05-03,KUNDALA,1735.836,1758.696,7.787,22.738,1757.75,7.075,91,105.339,45.563,official_observed_reference,1e6ad814e3a9cb0459d889bb0f3b916aa3d1aa07a6de15834db23027ae508cc9
2024-05-03,MADUPPATTY,1554.48,1599.59,55.217,161.234,1588.6,29,53,0,,official_observed_reference,1e6ad814e3a9cb0459d889bb0f3b916aa3d1aa07a6de15834db23027ae508cc9
2024-05-03,KUTTIADI,737.616,758.037,33.99,42.827,747.857,11.886,35,63.801,61.776,official_observed_reference,1e6ad814e3a9cb0459d889bb0f3b916aa3d1aa07a6de15834db23027ae508cc9
2024-05-03,THARIODE,750.5,775.6,201,253.26,759.05,38.75,19,0,,official_observed_reference,1e6ad814e3a9cb0459d889bb0f3b916aa3d1aa07a6de15834db23027ae508cc9
2024-05-03,ANAYIRANKAL,1188,1207.008,48.968,65.616,1195.38,8.59,18,32.187,11.33,official_observed_reference,1e6ad814e3a9cb0459d889bb0f3b916aa3d1aa07a6de15834db23027ae508cc9
2024-05-03,PONMUDI,678.8,707.745,47.4,63.516,692.35,15.43,33,0,,official_observed_reference,1e6ad814e3a9cb0459d889bb0f3b916aa3d1aa07a6de15834db23027ae508cc9
2024-05-03,NERIAMANGALAM,445,456.59,5.557,4.835,454,3.86,69,3.358,1.582,official_observed_reference,1e6ad814e3a9cb0459d889bb0f3b916aa3d1aa07a6de15834db23027ae508cc9
2024-05-03,PORINGAL,405.689,423.976,30.356,10.625,414.2,8.25,27,2.888,2.888,official_observed_reference,1e6ad814e3a9cb0459d889bb0f3b916aa3d1aa07a6de15834db23027ae508cc9
2024-05-03,SENGULAM (SBR),844.86,847.6,1.614,0.71,846.7,,0,0,,official_observed_reference,1e6ad814e3a9cb0459d889bb0f3b916aa3d1aa07a6de15834db23027ae508cc9
2024-05-03,LOWER PERIYAR,237.74,253,4.55,2.093,251,3.69,81,1.697,1.697,official_observed_reference,1e6ad814e3a9cb0459d889bb0f3b916aa3d1aa07a6de15834db23027ae508cc9
2024-05-03,KAKKAD,181.36,192.63,1.16,0.358,186.6,,0,0,,official_observed_reference,1e6ad814e3a9cb0459d889bb0f3b916aa3d1aa07a6de15834db23027ae508cc9
2024-05-04,IDUKKI,694.944,732.43,1460,2190,712.007,504.346,35,756.519,741.389,official_observed_reference,b8b26af9f99391fda704561a294f46c4bde48eccb636ca3d984345e129e6fda0
2024-05-04,PAMBA,963.168,986.332,31.001,59.46,963.168,,29,264.517,222.798,official_observed_reference,b8b26af9f99391fda704561a294f46c4bde48eccb636ca3d984345e129e6fda0
2024-05-04,KAKKI,908.304,981.456,446.542,856.467,954.286,137.913,0,0,,official_observed_reference,b8b26af9f99391fda704561a294f46c4bde48eccb636ca3d984345e129e6fda0
2024-05-04,SHOLAYAR,779.374,811.68,149.23,152.065,791.962,28.113,19,28.648,18.752,official_observed_reference,b8b26af9f99391fda704561a294f46c4bde48eccb636ca3d984345e129e6fda0
2024-05-04,IDAMALAYAR,115,169,1017.8,254.45,141.41,336.145,33,84.036,84.036,official_observed_reference,b8b26af9f99391fda704561a294f46c4bde48eccb636ca3d984345e129e6fda0
2024-05-04,KUNDALA,1735.836,1758.696,7.787,22.738,1756.75,6.375,82,104.463,45.184,official_observed_reference,b8b26af9f99391fda704561a294f46c4bde48eccb636ca3d984345e129e6fda0
2024-05-04,MADUPPATTY,1554.48,1599.59,55.217,161.234,1588.8,29.4,53,0,,official_observed_reference,b8b26af9f99391fda704561a294f46c4bde48eccb636ca3d984345e129e6fda0
2024-05-04,KUTTIADI,737.616,758.037,33.99,42.827,747.675,11.565,34,62.389,60.408,official_observed_reference,b8b26af9f99391fda704561a294f46c4bde48eccb636ca3d984345e129e6fda0
2024-05-04,THARIODE,750.5,775.6,201,253.26,758.95,37.95,19,0,,official_observed_reference,b8b26af9f99391fda704561a294f46c4bde48eccb636ca3d984345e129e6fda0
2024-05-04,ANAYIRANKAL,1188,1207.008,48.968,65.616,1195.06,7.95,16,30.901,10.877,official_observed_reference,b8b26af9f99391fda704561a294f46c4bde48eccb636ca3d984345e129e6fda0
2024-05-04,PONMUDI,678.8,707.745,47.4,63.516,692.15,15.11,32,0,,official_observed_reference,b8b26af9f99391fda704561a294f46c4bde48eccb636ca3d984345e129e6fda0
2024-05-04,NERIAMANGALAM,445,456.59,5.557,4.835,454.2,3.98,72,3.463,1.631,official_observed_reference,b8b26af9f99391fda704561a294f46c4bde48eccb636ca3d984345e129e6fda0
2024-05-04,PORINGAL,405.689,423.976,30.356,10.625,414.3,8.4,28,2.94,2.94,official_observed_reference,b8b26af9f99391fda704561a294f46c4bde48eccb636ca3d984345e129e6fda0
2024-05-04,SENGULAM (SBR),844.86,847.6,1.614,0.71,846.4,,0,0,,official_observed_reference,b8b26af9f99391fda704561a294f46c4bde48eccb636ca3d984345e129e6fda0
2024-05-04,LOWER PERIYAR,237.74,253,4.55,2.093,250.9,3.65,80,1.679,1.679,official_observed_reference,b8b26af9f99391fda704561a294f46c4bde48eccb636ca3d984345e129e6fda0
2024-05-04,KAKKAD,181.36,192.63,1.16,0.358,188.1,,0,0,,official_observed_reference,b8b26af9f99391fda704561a294f46c4bde48eccb636ca3d984345e129e6fda0
2024-05-05,IDUKKI,694.944,732.43,1460,2190,711.946,502.211,34,753.317,738.25,official_observed_reference,3d0f7c59cf977bdf6b1800045db55f58d44f1dbf3b83ee224495152ba2c944c9
2024-05-05,PAMBA,963.168,986.332,31.001,59.46,963.168,,29,261.328,220.112,official_observed_reference,3d0f7c59cf977bdf6b1800045db55f58d44f1dbf3b83ee224495152ba2c944c9
2024-05-05,KAKKI,908.304,981.456,446.542,856.467,954.05,136.25,0,0,,official_observed_reference,3d0f7c59cf977bdf6b1800045db55f58d44f1dbf3b83ee224495152ba2c944c9
2024-05-05,SHOLAYAR,779.374,811.68,149.23,152.065,791.87,27.757,19,28.284,18.514,official_observed_reference,3d0f7c59cf977bdf6b1800045db55f58d44f1dbf3b83ee224495152ba2c944c9
2024-05-05,IDAMALAYAR,115,169,1017.8,254.45,141.3,334,33,83.5,83.5,official_observed_reference,3d0f7c59cf977bdf6b1800045db55f58d44f1dbf3b83ee224495152ba2c944c9
2024-05-05,KUNDALA,1735.836,1758.696,7.787,22.738,1755.7,5.74,74,103.777,44.887,official_observed_reference,3d0f7c59cf977bdf6b1800045db55f58d44f1dbf3b83ee224495152ba2c944c9
2024-05-05,MADUPPATTY,1554.48,1599.59,55.217,161.234,1589,29.8,54,0,,official_observed_reference,3d0f7c59cf977bdf6b1800045db55f58d44f1dbf3b83ee224495152ba2c944c9
2024-05-05,KUTTIADI,737.616,758.037,33.99,42.827,747.766,11.725,34,61.331,59.384,official_observed_reference,3d0f7c59cf977bdf6b1800045db55f58d44f1dbf3b83ee224495152ba2c944c9
2024-05-05,THARIODE,750.5,775.6,201,253.26,758.8,36.95,18,0,,official_observed_reference,3d0f7c59cf977bdf6b1800045db55f58d44f1dbf3b83ee224495152ba2c944c9
2024-05-05,ANAYIRANKAL,1188,1207.008,48.968,65.616,1194.76,7.35,15,30.204,10.632,official_observed_reference,3d0f7c59cf977bdf6b1800045db55f58d44f1dbf3b83ee224495152ba2c944c9
2024-05-05,PONMUDI,678.8,707.745,47.4,63.516,692.2,15.19,32,0,,official_observed_reference,3d0f7c59cf977bdf6b1800045db55f58d44f1dbf3b83ee224495152ba2c944c9
2024-05-05,NERIAMANGALAM,445,456.59,5.557,4.835,453.9,3.8,68,3.306,1.557,official_observed_reference,3d0f7c59cf977bdf6b1800045db55f58d44f1dbf3b83ee224495152ba2c944c9
2024-05-05,PORINGAL,405.689,423.976,30.356,10.625,414.15,8.175,27,2.861,2.861,official_observed_reference,3d0f7c59cf977bdf6b1800045db55f58d44f1dbf3b83ee224495152ba2c944c9
2024-05-05,SENGULAM (SBR),844.86,847.6,1.614,0.71,846.55,,0,0,,official_observed_reference,3d0f7c59cf977bdf6b1800045db55f58d44f1dbf3b83ee224495152ba2c944c9
2024-05-05,LOWER PERIYAR,237.74,253,4.55,2.093,251.2,3.78,83,1.739,1.739,official_observed_reference,3d0f7c59cf977bdf6b1800045db55f58d44f1dbf3b83ee224495152ba2c944c9
2024-05-05,KAKKAD,181.36,192.63,1.16,0.358,185.3,,0,0,,official_observed_reference,3d0f7c59cf977bdf6b1800045db55f58d44f1dbf3b83ee224495152ba2c944c9
2024-05-06,IDUKKI,694.944,732.43,1460,2190,711.854,499.008,34,748.512,733.542,official_observed_reference,71f8d0558ce41253d2640bf2b83fa967b02fad7404b2a7c621af74aea82107f1
2024-05-06,PAMBA,963.168,986.332,31.001,59.46,963.168,,28,257.357,216.768,official_observed_reference,71f8d0558ce41253d2640bf2b83fa967b02fad7404b2a7c621af74aea82107f1
2024-05-06,KAKKI,908.304,981.456,446.542,856.467,953.753,134.18,0,0,,official_observed_reference,71f8d0558ce41253d2640bf2b83fa967b02fad7404b2a7c621af74aea82107f1
2024-05-06,SHOLAYAR,779.374,811.68,149.23,152.065,791.688,27.077,18,27.591,18.06,official_observed_reference,71f8d0558ce41253d2640bf2b83fa967b02fad7404b2a7c621af74aea82107f1
2024-05-06,IDAMALAYAR,115,169,1017.8,254.45,141.13,330.685,32,82.671,82.671,official_observed_reference,71f8d0558ce41253d2640bf2b83fa967b02fad7404b2a7c621af74aea82107f1
2024-05-06,KUNDALA,1735.836,1758.696,7.787,22.738,1754.7,5.2,67,103.368,44.71,official_observed_reference,71f8d0558ce41253d2640bf2b83fa967b02fad7404b2a7c621af74aea82107f1
2024-05-06,MADUPPATTY,1554.48,1599.59,55.217,161.234,1589.2,30.2,55,0,,official_observed_reference,71f8d0558ce41253d2640bf2b83fa967b02fad7404b2a7c621af74aea82107f1
2024-05-06,KUTTIADI,737.616,758.037,33.99,42.827,747.614,11.462,34,59.991,58.087,official_observed_reference,71f8d0558ce41253d2640bf2b83fa967b02fad7404b2a7c621af74aea82107f1
2024-05-06,THARIODE,750.5,775.6,201,253.26,758.65,36.15,18,0,,official_observed_reference,71f8d0558ce41253d2640bf2b83fa967b02fad7404b2a7c621af74aea82107f1
2024-05-06,ANAYIRANKAL,1188,1207.008,48.968,65.616,1194.4,6.65,14,29.266,10.302,official_observed_reference,71f8d0558ce41253d2640bf2b83fa967b02fad7404b2a7c621af74aea82107f1
2024-05-06,PONMUDI,678.8,707.745,47.4,63.516,692.2,15.19,32,0,,official_observed_reference,71f8d0558ce41253d2640bf2b83fa967b02fad7404b2a7c621af74aea82107f1
2024-05-06,NERIAMANGALAM,445,456.59,5.557,4.835,454.1,3.92,71,3.41,1.606,official_observed_reference,71f8d0558ce41253d2640bf2b83fa967b02fad7404b2a7c621af74aea82107f1
2024-05-06,PORINGAL,405.689,423.976,30.356,10.625,414.2,8.25,27,2.888,2.888,official_observed_reference,71f8d0558ce41253d2640bf2b83fa967b02fad7404b2a7c621af74aea82107f1
2024-05-06,SENGULAM (SBR),844.86,847.6,1.614,0.71,847,,0,0,,official_observed_reference,71f8d0558ce41253d2640bf2b83fa967b02fad7404b2a7c621af74aea82107f1
2024-05-06,LOWER PERIYAR,237.74,253,4.55,2.093,251.1,3.74,82,1.72,1.72,official_observed_reference,71f8d0558ce41253d2640bf2b83fa967b02fad7404b2a7c621af74aea82107f1
2024-05-06,KAKKAD,181.36,192.63,1.16,0.358,184.9,,0,0,,official_observed_reference,71f8d0558ce41253d2640bf2b83fa967b02fad7404b2a7c621af74aea82107f1
2024-05-07,IDUKKI,694.944,732.43,1460,2190,711.763,495.805,34,743.708,728.833,official_observed_reference,de2928e69a336e3b83e2daf76bd06b8472f60fbb3d5d9784b1d9610a97058931
2024-05-07,PAMBA,963.168,986.332,31.001,59.46,963.168,,28,253.297,213.348,official_observed_reference,de2928e69a336e3b83e2daf76bd06b8472f60fbb3d5d9784b1d9610a97058931
2024-05-07,KAKKI,908.304,981.456,446.542,856.467,953.43,132.063,0,0,,official_observed_reference,de2928e69a336e3b83e2daf76bd06b8472f60fbb3d5d9784b1d9610a97058931
2024-05-07,SHOLAYAR,779.374,811.68,149.23,152.065,791.535,26.516,18,27.02,17.686,official_observed_reference,de2928e69a336e3b83e2daf76bd06b8472f60fbb3d5d9784b1d9610a97058931
2024-05-07,IDAMALAYAR,115,169,1017.8,254.45,141.02,328.58,32,82.145,82.145,official_observed_reference,de2928e69a336e3b83e2daf76bd06b8472f60fbb3d5d9784b1d9610a97058931
2024-05-07,KUNDALA,1735.836,1758.696,7.787,22.738,1753.6,4.65,60,102.346,44.268,official_observed_reference,de2928e69a336e3b83e2daf76bd06b8472f60fbb3d5d9784b1d9610a97058931
2024-05-07,MADUPPATTY,1554.48,1599.59,55.217,161.234,1589.3,30.4,55,0,,official_observed_reference,de2928e69a336e3b83e2daf76bd06b8472f60fbb3d5d9784b1d9610a97058931
2024-05-07,KUTTIADI,737.616,758.037,33.99,42.827,747.462,11.204,33,58.406,56.552,official_observed_reference,de2928e69a336e3b83e2daf76bd06b8472f60fbb3d5d9784b1d9610a97058931
2024-05-07,THARIODE,750.5,775.6,201,253.26,758.5,35.15,17,0,,official_observed_reference,de2928e69a336e3b83e2daf76bd06b8472f60fbb3d5d9784b1d9610a97058931
2024-05-07,ANAYIRANKAL,1188,1207.008,48.968,65.616,1194.05,6.02,12,28.422,10.005,official_observed_reference,de2928e69a336e3b83e2daf76bd06b8472f60fbb3d5d9784b1d9610a97058931
2024-05-07,PONMUDI,678.8,707.745,47.4,63.516,692.2,15.19,32,0,,official_observed_reference,de2928e69a336e3b83e2daf76bd06b8472f60fbb3d5d9784b1d9610a97058931
2024-05-07,NERIAMANGALAM,445,456.59,5.557,4.835,454.05,3.89,70,3.384,1.594,official_observed_reference,de2928e69a336e3b83e2daf76bd06b8472f60fbb3d5d9784b1d9610a97058931
2024-05-07,PORINGAL,405.689,423.976,30.356,10.625,414.2,8.25,27,2.888,2.888,official_observed_reference,de2928e69a336e3b83e2daf76bd06b8472f60fbb3d5d9784b1d9610a97058931
2024-05-07,SENGULAM (SBR),844.86,847.6,1.614,0.71,846.85,,0,0,,official_observed_reference,de2928e69a336e3b83e2daf76bd06b8472f60fbb3d5d9784b1d9610a97058931
2024-05-07,LOWER PERIYAR,237.74,253,4.55,2.093,251.3,3.82,84,1.757,1.757,official_observed_reference,de2928e69a336e3b83e2daf76bd06b8472f60fbb3d5d9784b1d9610a97058931
2024-05-07,KAKKAD,181.36,192.63,1.16,0.358,187.6,,0,0,,official_observed_reference,de2928e69a336e3b83e2daf76bd06b8472f60fbb3d5d9784b1d9610a97058931
2024-05-08,IDUKKI,694.944,732.43,1460,2190,711.739,494.951,34,742.427,727.578,official_observed_reference,5aa1a4de9f3b17e22d87cbca431f02943b80218bcf13fd193260b46ddb8d0f6e
2024-05-08,PAMBA,963.168,986.332,31.001,59.46,963.168,,27,250.491,210.984,official_observed_reference,5aa1a4de9f3b17e22d87cbca431f02943b80218bcf13fd193260b46ddb8d0f6e
2024-05-08,KAKKI,908.304,981.456,446.542,856.467,953.2,130.6,0,0,,official_observed_reference,5aa1a4de9f3b17e22d87cbca431f02943b80218bcf13fd193260b46ddb8d0f6e
2024-05-08,SHOLAYAR,779.374,811.68,149.23,152.065,791.352,25.871,17,26.362,17.256,official_observed_reference,5aa1a4de9f3b17e22d87cbca431f02943b80218bcf13fd193260b46ddb8d0f6e
2024-05-08,IDAMALAYAR,115,169,1017.8,254.45,140.91,326.445,32,81.611,81.611,official_observed_reference,5aa1a4de9f3b17e22d87cbca431f02943b80218bcf13fd193260b46ddb8d0f6e
2024-05-08,KUNDALA,1735.836,1758.696,7.787,22.738,1752.45,4.075,52,100.667,43.542,official_observed_reference,5aa1a4de9f3b17e22d87cbca431f02943b80218bcf13fd193260b46ddb8d0f6e
2024-05-08,MADUPPATTY,1554.48,1599.59,55.217,161.234,1589.5,30.4,55,0,,official_observed_reference,5aa1a4de9f3b17e22d87cbca431f02943b80218bcf13fd193260b46ddb8d0f6e
2024-05-08,KUTTIADI,737.616,758.037,33.99,42.827,747.553,11.359,33,57.845,56.009,official_observed_reference,5aa1a4de9f3b17e22d87cbca431f02943b80218bcf13fd193260b46ddb8d0f6e
2024-05-08,THARIODE,750.5,775.6,201,253.26,758.4,34.55,17,0,,official_observed_reference,5aa1a4de9f3b17e22d87cbca431f02943b80218bcf13fd193260b46ddb8d0f6e
2024-05-08,ANAYIRANKAL,1188,1207.008,48.968,65.616,1192.72,4.294,9,26.216,9.228,official_observed_reference,5aa1a4de9f3b17e22d87cbca431f02943b80218bcf13fd193260b46ddb8d0f6e
2024-05-08,PONMUDI,678.8,707.745,47.4,63.516,692.25,15.27,32,0,,official_observed_reference,5aa1a4de9f3b17e22d87cbca431f02943b80218bcf13fd193260b46ddb8d0f6e
2024-05-08,NERIAMANGALAM,445,456.59,5.557,4.835,453.75,3.71,67,3.228,1.52,official_observed_reference,5aa1a4de9f3b17e22d87cbca431f02943b80218bcf13fd193260b46ddb8d0f6e
2024-05-08,PORINGAL,405.689,423.976,30.356,10.625,413.9,7.8,26,2.73,2.73,official_observed_reference,5aa1a4de9f3b17e22d87cbca431f02943b80218bcf13fd193260b46ddb8d0f6e
2024-05-08,SENGULAM (SBR),844.86,847.6,1.614,0.71,847,,0,0,,official_observed_reference,5aa1a4de9f3b17e22d87cbca431f02943b80218bcf13fd193260b46ddb8d0f6e
2024-05-08,LOWER PERIYAR,237.74,253,4.55,2.093,251.4,3.86,85,1.776,1.776,official_observed_reference,5aa1a4de9f3b17e22d87cbca431f02943b80218bcf13fd193260b46ddb8d0f6e
2024-05-08,KAKKAD,181.36,192.63,1.16,0.358,185.55,,0,0,,official_observed_reference,5aa1a4de9f3b17e22d87cbca431f02943b80218bcf13fd193260b46ddb8d0f6e
2024-05-09,IDUKKI,694.944,732.43,1460,2190,711.708,493.884,34,740.826,726.009,official_observed_reference,f0b424d4c65ec0ed0525985bb21b35bec5a8e9d66df114dcc98c70d3a0f432c4
2024-05-09,PAMBA,963.168,986.332,31.001,59.46,963.168,,27,247.374,208.359,official_observed_reference,f0b424d4c65ec0ed0525985bb21b35bec5a8e9d66df114dcc98c70d3a0f432c4
2024-05-09,KAKKI,908.304,981.456,446.542,856.467,952.96,128.975,0,0,,official_observed_reference,f0b424d4c65ec0ed0525985bb21b35bec5a8e9d66df114dcc98c70d3a0f432c4
2024-05-09,SHOLAYAR,779.374,811.68,149.23,152.065,791.2,25.338,17,25.82,16.901,official_observed_reference,f0b424d4c65ec0ed0525985bb21b35bec5a8e9d66df114dcc98c70d3a0f432c4
2024-05-09,IDAMALAYAR,115,169,1017.8,254.45,140.81,324.54,32,81.135,81.135,official_observed_reference,f0b424d4c65ec0ed0525985bb21b35bec5a8e9d66df114dcc98c70d3a0f432c4
2024-05-09,KUNDALA,1735.836,1758.696,7.787,22.738,1751.3,3.55,46,101.47,43.889,official_observed_reference,f0b424d4c65ec0ed0525985bb21b35bec5a8e9d66df114dcc98c70d3a0f432c4
2024-05-09,MADUPPATTY,1554.48,1599.59,55.217,161.234,1589.7,31.2,57,0,,official_observed_reference,f0b424d4c65ec0ed0525985bb21b35bec5a8e9d66df114dcc98c70d3a0f432c4
2024-05-09,KUTTIADI,737.616,758.037,33.99,42.827,747.37,11.049,33,56.699,54.899,official_observed_reference,f0b424d4c65ec0ed0525985bb21b35bec5a8e9d66df114dcc98c70d3a0f432c4
2024-05-09,THARIODE,750.5,775.6,201,253.26,758.3,33.95,17,0,,official_observed_reference,f0b424d4c65ec0ed0525985bb21b35bec5a8e9d66df114dcc98c70d3a0f432c4
2024-05-09,ANAYIRANKAL,1188,1207.008,48.968,65.616,1193.38,5.086,10,27.92,9.828,official_observed_reference,f0b424d4c65ec0ed0525985bb21b35bec5a8e9d66df114dcc98c70d3a0f432c4
2024-05-09,PONMUDI,678.8,707.745,47.4,63.516,692.55,15.75,33,0,,official_observed_reference,f0b424d4c65ec0ed0525985bb21b35bec5a8e9d66df114dcc98c70d3a0f432c4
2024-05-09,NERIAMANGALAM,445,456.59,5.557,4.835,454,3.86,69,3.358,1.582,official_observed_reference,f0b424d4c65ec0ed0525985bb21b35bec5a8e9d66df114dcc98c70d3a0f432c4
2024-05-09,PORINGAL,405.689,423.976,30.356,10.625,413.95,7.875,26,2.756,2.756,official_observed_reference,f0b424d4c65ec0ed0525985bb21b35bec5a8e9d66df114dcc98c70d3a0f432c4
2024-05-09,SENGULAM (SBR),844.86,847.6,1.614,0.71,846.9,,0,0,,official_observed_reference,f0b424d4c65ec0ed0525985bb21b35bec5a8e9d66df114dcc98c70d3a0f432c4
2024-05-09,LOWER PERIYAR,237.74,253,4.55,2.093,251.3,3.82,84,1.757,1.757,official_observed_reference,f0b424d4c65ec0ed0525985bb21b35bec5a8e9d66df114dcc98c70d3a0f432c4
2024-05-09,KAKKAD,181.36,192.63,1.16,0.358,185.5,,0,0,,official_observed_reference,f0b424d4c65ec0ed0525985bb21b35bec5a8e9d66df114dcc98c70d3a0f432c4
2024-05-10,IDUKKI,694.944,732.43,1460,2190,711.671,492.603,34,738.905,724.126,official_observed_reference,158492319fdd26b3f4016e78c1fc792541807f10fd8722b3c12a7a37008634c8
2024-05-10,PAMBA,963.168,986.332,31.001,59.46,963.168,,27,244.725,206.128,official_observed_reference,158492319fdd26b3f4016e78c1fc792541807f10fd8722b3c12a7a37008634c8
2024-05-10,KAKKI,908.304,981.456,446.542,856.467,952.735,127.594,0,0,,official_observed_reference,158492319fdd26b3f4016e78c1fc792541807f10fd8722b3c12a7a37008634c8
2024-05-10,SHOLAYAR,779.374,811.68,149.23,152.065,791.017,24.709,17,25.179,16.481,official_observed_reference,158492319fdd26b3f4016e78c1fc792541807f10fd8722b3c12a7a37008634c8
2024-05-10,IDAMALAYAR,115,169,1017.8,254.45,140.72,322.79,32,80.698,80.698,official_observed_reference,158492319fdd26b3f4016e78c1fc792541807f10fd8722b3c12a7a37008634c8
2024-05-10,KUNDALA,1735.836,1758.696,7.787,22.738,1750.1,3.07,39,100.944,43.662,official_observed_reference,158492319fdd26b3f4016e78c1fc792541807f10fd8722b3c12a7a37008634c8
2024-05-10,MADUPPATTY,1554.48,1599.59,55.217,161.234,1589.85,31.5,57,0,,official_observed_reference,158492319fdd26b3f4016e78c1fc792541807f10fd8722b3c12a7a37008634c8
2024-05-10,KUTTIADI,737.616,758.037,33.99,42.827,747.492,11.255,33,55.95,54.174,official_observed_reference,158492319fdd26b3f4016e78c1fc792541807f10fd8722b3c12a7a37008634c8
2024-05-10,THARIODE,750.5,775.6,201,253.26,758.2,33.15,16,0,,official_observed_reference,158492319fdd26b3f4016e78c1fc792541807f10fd8722b3c12a7a37008634c8
2024-05-10,ANAYIRANKAL,1188,1207.008,48.968,65.616,1193.03,4.666,10,27.465,9.668,official_observed_reference,158492319fdd26b3f4016e78c1fc792541807f10fd8722b3c12a7a37008634c8
2024-05-10,PONMUDI,678.8,707.745,47.4,63.516,692.6,15.83,33,0,,official_observed_reference,158492319fdd26b3f4016e78c1fc792541807f10fd8722b3c12a7a37008634c8
2024-05-10,NERIAMANGALAM,445,456.59,5.557,4.835,453.35,3.47,62,3.019,1.422,official_observed_reference,158492319fdd26b3f4016e78c1fc792541807f10fd8722b3c12a7a37008634c8
2024-05-10,PORINGAL,405.689,423.976,30.356,10.625,413.75,7.575,25,2.651,2.651,official_observed_reference,158492319fdd26b3f4016e78c1fc792541807f10fd8722b3c12a7a37008634c8
2024-05-10,SENGULAM (SBR),844.86,847.6,1.614,0.71,846.8,,0,0,,official_observed_reference,158492319fdd26b3f4016e78c1fc792541807f10fd8722b3c12a7a37008634c8
2024-05-10,LOWER PERIYAR,237.74,253,4.55,2.093,249.8,3.2,70,1.472,1.472,official_observed_reference,158492319fdd26b3f4016e78c1fc792541807f10fd8722b3c12a7a37008634c8
2024-05-10,KAKKAD,181.36,192.63,1.16,0.358,185.9,,0,0,,official_observed_reference,158492319fdd26b3f4016e78c1fc792541807f10fd8722b3c12a7a37008634c8
2024-05-11,IDUKKI,694.944,732.43,1460,2190,711.629,491.108,34,736.662,721.929,official_observed_reference,51efc5145b9e33b15312aaa9e57d960a5f809000476461c1532dfa06d79f56a1
2024-05-11,PAMBA,963.168,986.332,31.001,59.46,963.168,,26,242.268,204.059,official_observed_reference,51efc5145b9e33b15312aaa9e57d960a5f809000476461c1532dfa06d79f56a1
2024-05-11,KAKKI,908.304,981.456,446.542,856.467,952.576,126.313,0,0,,official_observed_reference,51efc5145b9e33b15312aaa9e57d960a5f809000476461c1532dfa06d79f56a1
2024-05-11,SHOLAYAR,779.374,811.68,149.23,152.065,790.895,24.296,16,24.758,16.205,official_observed_reference,51efc5145b9e33b15312aaa9e57d960a5f809000476461c1532dfa06d79f56a1
2024-05-11,IDAMALAYAR,115,169,1017.8,254.45,140.66,321.62,32,80.405,80.405,official_observed_reference,51efc5145b9e33b15312aaa9e57d960a5f809000476461c1532dfa06d79f56a1
2024-05-11,KUNDALA,1735.836,1758.696,7.787,22.738,1748.9,2.558,33,100.033,43.268,official_observed_reference,51efc5145b9e33b15312aaa9e57d960a5f809000476461c1532dfa06d79f56a1
2024-05-11,MADUPPATTY,1554.48,1599.59,55.217,161.234,1589.95,31.7,57,0,,official_observed_reference,51efc5145b9e33b15312aaa9e57d960a5f809000476461c1532dfa06d79f56a1
2024-05-11,KUTTIADI,737.616,758.037,33.99,42.827,747.857,11.886,35,56.241,54.456,official_observed_reference,51efc5145b9e33b15312aaa9e57d960a5f809000476461c1532dfa06d79f56a1
2024-05-11,THARIODE,750.5,775.6,201,253.26,758.1,32.75,16,0,,official_observed_reference,51efc5145b9e33b15312aaa9e57d960a5f809000476461c1532dfa06d79f56a1
2024-05-11,ANAYIRANKAL,1188,1207.008,48.968,65.616,1192.62,4.174,9,27.985,9.851,official_observed_reference,51efc5145b9e33b15312aaa9e57d960a5f809000476461c1532dfa06d79f56a1
2024-05-11,PONMUDI,678.8,707.745,47.4,63.516,693.15,16.71,35,0,,official_observed_reference,51efc5145b9e33b15312aaa9e57d960a5f809000476461c1532dfa06d79f56a1
2024-05-11,NERIAMANGALAM,445,456.59,5.557,4.835,453.3,3.44,62,2.993,1.41,official_observed_reference,51efc5145b9e33b15312aaa9e57d960a5f809000476461c1532dfa06d79f56a1
2024-05-11,PORINGAL,405.689,423.976,30.356,10.625,413.75,7.575,25,2.651,2.651,official_observed_reference,51efc5145b9e33b15312aaa9e57d960a5f809000476461c1532dfa06d79f56a1
2024-05-11,SENGULAM (SBR),844.86,847.6,1.614,0.71,846.8,,0,0,,official_observed_reference,51efc5145b9e33b15312aaa9e57d960a5f809000476461c1532dfa06d79f56a1
2024-05-11,LOWER PERIYAR,237.74,253,4.55,2.093,248.5,2.69,59,1.237,1.237,official_observed_reference,51efc5145b9e33b15312aaa9e57d960a5f809000476461c1532dfa06d79f56a1
2024-05-11,KAKKAD,181.36,192.63,1.16,0.358,186.2,,0,0,,official_observed_reference,51efc5145b9e33b15312aaa9e57d960a5f809000476461c1532dfa06d79f56a1
2024-05-12,IDUKKI,694.944,732.43,1460,2190,711.592,489.827,34,734.741,720.046,official_observed_reference,0804f58e45b415f1ceee11d12e512ee8677ddd7ce9189961fa56c1d04b727cbf
2024-05-12,PAMBA,963.168,986.332,31.001,59.46,963.168,,26,240.673,202.715,official_observed_reference,0804f58e45b415f1ceee11d12e512ee8677ddd7ce9189961fa56c1d04b727cbf
2024-05-12,KAKKI,908.304,981.456,446.542,856.467,952.415,125.481,0,0,,official_observed_reference,0804f58e45b415f1ceee11d12e512ee8677ddd7ce9189961fa56c1d04b727cbf
2024-05-12,SHOLAYAR,779.374,811.68,149.23,152.065,790.743,23.786,16,24.238,15.865,official_observed_reference,0804f58e45b415f1ceee11d12e512ee8677ddd7ce9189961fa56c1d04b727cbf
2024-05-12,IDAMALAYAR,115,169,1017.8,254.45,140.6,320.45,31,80.113,80.113,official_observed_reference,0804f58e45b415f1ceee11d12e512ee8677ddd7ce9189961fa56c1d04b727cbf
2024-05-12,KUNDALA,1735.836,1758.696,7.787,22.738,1747.55,2.092,27,99.549,43.058,official_observed_reference,0804f58e45b415f1ceee11d12e512ee8677ddd7ce9189961fa56c1d04b727cbf
2024-05-12,MADUPPATTY,1554.48,1599.59,55.217,161.234,1590.1,32,58,0,,official_observed_reference,0804f58e45b415f1ceee11d12e512ee8677ddd7ce9189961fa56c1d04b727cbf
2024-05-12,KUTTIADI,737.616,758.037,33.99,42.827,748.101,12.301,36,55.63,53.864,official_observed_reference,0804f58e45b415f1ceee11d12e512ee8677ddd7ce9189961fa56c1d04b727cbf
2024-05-12,THARIODE,750.5,775.6,201,253.26,758,31.85,16,0,,official_observed_reference,0804f58e45b415f1ceee11d12e512ee8677ddd7ce9189961fa56c1d04b727cbf
2024-05-12,ANAYIRANKAL,1188,1207.008,48.968,65.616,1192.3,3.79,8,28.328,9.972,official_observed_reference,0804f58e45b415f1ceee11d12e512ee8677ddd7ce9189961fa56c1d04b727cbf
2024-05-12,PONMUDI,678.8,707.745,47.4,63.516,693.55,17.35,37,0,,official_observed_reference,0804f58e45b415f1ceee11d12e512ee8677ddd7ce9189961fa56c1d04b727cbf
2024-05-12,NERIAMANGALAM,445,456.59,5.557,4.835,453.6,3.62,65,3.149,1.483,official_observed_reference,0804f58e45b415f1ceee11d12e512ee8677ddd7ce9189961fa56c1d04b727cbf
2024-05-12,PORINGAL,405.689,423.976,30.356,10.625,413.85,7.725,25,2.704,2.704,official_observed_reference,0804f58e45b415f1ceee11d12e512ee8677ddd7ce9189961fa56c1d04b727cbf
2024-05-12,SENGULAM (SBR),844.86,847.6,1.614,0.71,846.65,,0,0,,official_observed_reference,0804f58e45b415f1ceee11d12e512ee8677ddd7ce9189961fa56c1d04b727cbf
2024-05-12,LOWER PERIYAR,237.74,253,4.55,2.093,250.2,3.36,74,1.546,1.546,official_observed_reference,0804f58e45b415f1ceee11d12e512ee8677ddd7ce9189961fa56c1d04b727cbf
2024-05-12,KAKKAD,181.36,192.63,1.16,0.358,186.15,,0,0,,official_observed_reference,0804f58e45b415f1ceee11d12e512ee8677ddd7ce9189961fa56c1d04b727cbf
2024-05-13,IDUKKI,694.944,732.43,1460,2190,711.519,487.265,33,730.898,716.28,official_observed_reference,fc9173a7d87f033f4036610ecba2044f8bb8b84f9f708077c010d6f64850a2cb
2024-05-13,PAMBA,963.168,986.332,31.001,59.46,963.168,,26,238.336,200.747,official_observed_reference,fc9173a7d87f033f4036610ecba2044f8bb8b84f9f708077c010d6f64850a2cb
2024-05-13,KAKKI,908.304,981.456,446.542,856.467,952.222,124.263,0,0,,official_observed_reference,fc9173a7d87f033f4036610ecba2044f8bb8b84f9f708077c010d6f64850a2cb
2024-05-13,SHOLAYAR,779.374,811.68,149.23,152.065,790.59,23.282,16,23.724,15.529,official_observed_reference,fc9173a7d87f033f4036610ecba2044f8bb8b84f9f708077c010d6f64850a2cb
2024-05-13,IDAMALAYAR,115,169,1017.8,254.45,140.52,318.89,31,79.723,79.723,official_observed_reference,fc9173a7d87f033f4036610ecba2044f8bb8b84f9f708077c010d6f64850a2cb
2024-05-13,KUNDALA,1735.836,1758.696,7.787,22.738,1746.2,1.668,21,99.187,42.902,official_observed_reference,fc9173a7d87f033f4036610ecba2044f8bb8b84f9f708077c010d6f64850a2cb
2024-05-13,MADUPPATTY,1554.48,1599.59,55.217,161.234,1590.25,32.3,58,0,,official_observed_reference,fc9173a7d87f033f4036610ecba2044f8bb8b84f9f708077c010d6f64850a2cb
2024-05-13,KUTTIADI,737.616,758.037,33.99,42.827,748.132,12.35,36,55.062,53.314,official_observed_reference,fc9173a7d87f033f4036610ecba2044f8bb8b84f9f708077c010d6f64850a2cb
2024-05-13,THARIODE,750.5,775.6,201,253.26,757.9,31.35,16,0,,official_observed_reference,fc9173a7d87f033f4036610ecba2044f8bb8b84f9f708077c010d6f64850a2cb
2024-05-13,ANAYIRANKAL,1188,1207.008,48.968,65.616,1191.9,3.31,7,27.899,9.821,official_observed_reference,fc9173a7d87f033f4036610ecba2044f8bb8b84f9f708077c010d6f64850a2cb
2024-05-13,PONMUDI,678.8,707.745,47.4,63.516,693.65,17.51,37,0,,official_observed_reference,fc9173a7d87f033f4036610ecba2044f8bb8b84f9f708077c010d6f64850a2cb
2024-05-13,NERIAMANGALAM,445,456.59,5.557,4.835,453.7,3.68,66,3.202,1.508,official_observed_reference,fc9173a7d87f033f4036610ecba2044f8bb8b84f9f708077c010d6f64850a2cb
2024-05-13,PORINGAL,405.689,423.976,30.356,10.625,413.65,7.425,24,2.599,2.599,official_observed_reference,fc9173a7d87f033f4036610ecba2044f8bb8b84f9f708077c010d6f64850a2cb
2024-05-13,SENGULAM (SBR),844.86,847.6,1.614,0.71,846.55,,0,0,,official_observed_reference,fc9173a7d87f033f4036610ecba2044f8bb8b84f9f708077c010d6f64850a2cb
2024-05-13,LOWER PERIYAR,237.74,253,4.55,2.093,250.6,3.51,77,1.615,1.615,official_observed_reference,fc9173a7d87f033f4036610ecba2044f8bb8b84f9f708077c010d6f64850a2cb
2024-05-13,KAKKAD,181.36,192.63,1.16,0.358,184.75,,0,0,,official_observed_reference,fc9173a7d87f033f4036610ecba2044f8bb8b84f9f708077c010d6f64850a2cb
2024-05-14,IDUKKI,694.944,732.43,1460,2190,711.47,485.557,33,728.336,713.769,official_observed_reference,c30b2b09e910276f32ddbb48bdd6ea8ba8ea4f9653ac62127f91f9215c4624b1
2024-05-14,PAMBA,963.168,986.332,31.001,59.46,963.168,,26,235.53,198.383,official_observed_reference,c30b2b09e910276f32ddbb48bdd6ea8ba8ea4f9653ac62127f91f9215c4624b1
2024-05-14,KAKKI,908.304,981.456,446.542,856.467,952,122.8,0,0,,official_observed_reference,c30b2b09e910276f32ddbb48bdd6ea8ba8ea4f9653ac62127f91f9215c4624b1
2024-05-14,SHOLAYAR,779.374,811.68,149.23,152.065,790.285,22.297,15,22.72,14.872,official_observed_reference,c30b2b09e910276f32ddbb48bdd6ea8ba8ea4f9653ac62127f91f9215c4624b1
2024-05-14,IDAMALAYAR,115,169,1017.8,254.45,140.43,317.17,31,79.293,79.293,official_observed_reference,c30b2b09e910276f32ddbb48bdd6ea8ba8ea4f9653ac62127f91f9215c4624b1
2024-05-14,KUNDALA,1735.836,1758.696,7.787,22.738,1744.7,1.246,16,98.83,42.747,official_observed_reference,c30b2b09e910276f32ddbb48bdd6ea8ba8ea4f9653ac62127f91f9215c4624b1
2024-05-14,MADUPPATTY,1554.48,1599.59,55.217,161.234,1590.4,32.6,59,0,,official_observed_reference,c30b2b09e910276f32ddbb48bdd6ea8ba8ea4f9653ac62127f91f9215c4624b1
2024-05-14,KUTTIADI,737.616,758.037,33.99,42.827,748.101,12.301,36,53.74,52.034,official_observed_reference,c30b2b09e910276f32ddbb48bdd6ea8ba8ea4f9653ac62127f91f9215c4624b1
2024-05-14,THARIODE,750.5,775.6,201,253.26,757.7,30.35,15,0,,official_observed_reference,c30b2b09e910276f32ddbb48bdd6ea8ba8ea4f9653ac62127f91f9215c4624b1
2024-05-14,ANAYIRANKAL,1188,1207.008,48.968,65.616,1191.54,2.878,6,28.07,9.881,official_observed_reference,c30b2b09e910276f32ddbb48bdd6ea8ba8ea4f9653ac62127f91f9215c4624b1
2024-05-14,PONMUDI,678.8,707.745,47.4,63.516,694,18.07,38,0,,official_observed_reference,c30b2b09e910276f32ddbb48bdd6ea8ba8ea4f9653ac62127f91f9215c4624b1
2024-05-14,NERIAMANGALAM,445,456.59,5.557,4.835,452.65,3.075,55,2.675,1.26,official_observed_reference,c30b2b09e910276f32ddbb48bdd6ea8ba8ea4f9653ac62127f91f9215c4624b1
2024-05-14,PORINGAL,405.689,423.976,30.356,10.625,413.9,7.8,26,2.73,2.73,official_observed_reference,c30b2b09e910276f32ddbb48bdd6ea8ba8ea4f9653ac62127f91f9215c4624b1
2024-05-14,SENGULAM (SBR),844.86,847.6,1.614,0.71,846.55,,0,0,,official_observed_reference,c30b2b09e910276f32ddbb48bdd6ea8ba8ea4f9653ac62127f91f9215c4624b1
2024-05-14,LOWER PERIYAR,237.74,253,4.55,2.093,249.3,3,66,1.38,1.38,official_observed_reference,c30b2b09e910276f32ddbb48bdd6ea8ba8ea4f9653ac62127f91f9215c4624b1
2024-05-14,KAKKAD,181.36,192.63,1.16,0.358,185.1,,0,0,,official_observed_reference,c30b2b09e910276f32ddbb48bdd6ea8ba8ea4f9653ac62127f91f9215c4624b1
2024-05-15,IDUKKI,694.944,732.43,1460,2190,711.428,484.062,33,726.093,711.571,official_observed_reference,1c31df76736bfeb9b5979fe4f893b7ebdda95768370ffdec256f16d3e17c4b7d
2024-05-15,PAMBA,963.168,986.332,31.001,59.46,963.168,,25,232.366,195.718,official_observed_reference,1c31df76736bfeb9b5979fe4f893b7ebdda95768370ffdec256f16d3e17c4b7d
2024-05-15,KAKKI,908.304,981.456,446.542,856.467,951.73,121.15,0,0,,official_observed_reference,1c31df76736bfeb9b5979fe4f893b7ebdda95768370ffdec256f16d3e17c4b7d
2024-05-15,SHOLAYAR,779.374,811.68,149.23,152.065,790.042,21.526,14,21.935,14.358,official_observed_reference,1c31df76736bfeb9b5979fe4f893b7ebdda95768370ffdec256f16d3e17c4b7d
2024-05-15,IDAMALAYAR,115,169,1017.8,254.45,140.35,315.65,31,78.913,78.913,official_observed_reference,1c31df76736bfeb9b5979fe4f893b7ebdda95768370ffdec256f16d3e17c4b7d
2024-05-15,KUNDALA,1735.836,1758.696,7.787,22.738,1743.05,0.991,13,98.67,42.678,official_observed_reference,1c31df76736bfeb9b5979fe4f893b7ebdda95768370ffdec256f16d3e17c4b7d
2024-05-15,MADUPPATTY,1554.48,1599.59,55.217,161.234,1590.5,32.8,59,0,,official_observed_reference,1c31df76736bfeb9b5979fe4f893b7ebdda95768370ffdec256f16d3e17c4b7d
2024-05-15,KUTTIADI,737.616,758.037,33.99,42.827,748.286,12.61,37,53.374,51.679,official_observed_reference,1c31df76736bfeb9b5979fe4f893b7ebdda95768370ffdec256f16d3e17c4b7d
2024-05-15,THARIODE,750.5,775.6,201,253.26,757.6,29.75,15,0,,official_observed_reference,1c31df76736bfeb9b5979fe4f893b7ebdda95768370ffdec256f16d3e17c4b7d
2024-05-15,ANAYIRANKAL,1188,1207.008,48.968,65.616,1191.25,2.53,5,27.711,9.755,official_observed_reference,1c31df76736bfeb9b5979fe4f893b7ebdda95768370ffdec256f16d3e17c4b7d
2024-05-15,PONMUDI,678.8,707.745,47.4,63.516,694.05,18.15,38,0,,official_observed_reference,1c31df76736bfeb9b5979fe4f893b7ebdda95768370ffdec256f16d3e17c4b7d
2024-05-15,NERIAMANGALAM,445,456.59,5.557,4.835,452.65,3.07,55,2.671,1.258,official_observed_reference,1c31df76736bfeb9b5979fe4f893b7ebdda95768370ffdec256f16d3e17c4b7d
2024-05-15,PORINGAL,405.689,423.976,30.356,10.625,414.1,8.1,27,2.835,2.835,official_observed_reference,1c31df76736bfeb9b5979fe4f893b7ebdda95768370ffdec256f16d3e17c4b7d
2024-05-15,SENGULAM (SBR),844.86,847.6,1.614,0.71,846.7,,0,0,,official_observed_reference,1c31df76736bfeb9b5979fe4f893b7ebdda95768370ffdec256f16d3e17c4b7d
2024-05-15,LOWER PERIYAR,237.74,253,4.55,2.093,249.4,3.04,67,1.398,1.398,official_observed_reference,1c31df76736bfeb9b5979fe4f893b7ebdda95768370ffdec256f16d3e17c4b7d
2024-05-15,KAKKAD,181.36,192.63,1.16,0.358,185.5,,0,0,,official_observed_reference,1c31df76736bfeb9b5979fe4f893b7ebdda95768370ffdec256f16d3e17c4b7d
2024-05-16,IDUKKI,694.944,732.43,1460,2190,711.361,481.714,33,722.571,708.12,official_observed_reference,2363520a1ddc588c5b3c52fa187e50f9786b66306ad854fdaeec14e568c34b9b
2024-05-16,PAMBA,963.168,986.332,31.001,59.46,963.168,,25,229.776,193.537,official_observed_reference,2363520a1ddc588c5b3c52fa187e50f9786b66306ad854fdaeec14e568c34b9b
2024-05-16,KAKKI,908.304,981.456,446.542,856.467,951.503,119.8,0,0,,official_observed_reference,2363520a1ddc588c5b3c52fa187e50f9786b66306ad854fdaeec14e568c34b9b
2024-05-16,SHOLAYAR,779.374,811.68,149.23,152.065,789.737,20.592,14,20.983,13.735,official_observed_reference,2363520a1ddc588c5b3c52fa187e50f9786b66306ad854fdaeec14e568c34b9b
2024-05-16,IDAMALAYAR,115,169,1017.8,254.45,140.29,314.51,31,78.628,78.628,official_observed_reference,2363520a1ddc588c5b3c52fa187e50f9786b66306ad854fdaeec14e568c34b9b
2024-05-16,KUNDALA,1735.836,1758.696,7.787,22.738,1741,0.9,12,98.696,42.689,official_observed_reference,2363520a1ddc588c5b3c52fa187e50f9786b66306ad854fdaeec14e568c34b9b
2024-05-16,MADUPPATTY,1554.48,1599.59,55.217,161.234,1590.55,32.9,60,0,,official_observed_reference,2363520a1ddc588c5b3c52fa187e50f9786b66306ad854fdaeec14e568c34b9b
2024-05-16,KUTTIADI,737.616,758.037,33.99,42.827,748.132,12.35,36,52.29,50.63,official_observed_reference,2363520a1ddc588c5b3c52fa187e50f9786b66306ad854fdaeec14e568c34b9b
2024-05-16,THARIODE,750.5,775.6,201,253.26,757.5,29.15,15,0,,official_observed_reference,2363520a1ddc588c5b3c52fa187e50f9786b66306ad854fdaeec14e568c34b9b
2024-05-16,ANAYIRANKAL,1188,1207.008,48.968,65.616,1190.8,1.99,4,27.309,9.613,official_observed_reference,2363520a1ddc588c5b3c52fa187e50f9786b66306ad854fdaeec14e568c34b9b
2024-05-16,PONMUDI,678.8,707.745,47.4,63.516,694.2,18.39,39,0,,official_observed_reference,2363520a1ddc588c5b3c52fa187e50f9786b66306ad854fdaeec14e568c34b9b
2024-05-16,NERIAMANGALAM,445,456.59,5.557,4.835,452.6,3.05,55,2.654,1.25,official_observed_reference,2363520a1ddc588c5b3c52fa187e50f9786b66306ad854fdaeec14e568c34b9b
2024-05-16,PORINGAL,405.689,423.976,30.356,10.625,414,7.95,26,2.783,2.783,official_observed_reference,2363520a1ddc588c5b3c52fa187e50f9786b66306ad854fdaeec14e568c34b9b
2024-05-16,SENGULAM (SBR),844.86,847.6,1.614,0.71,846.7,,0,0,,official_observed_reference,2363520a1ddc588c5b3c52fa187e50f9786b66306ad854fdaeec14e568c34b9b
2024-05-16,LOWER PERIYAR,237.74,253,4.55,2.093,249,2.88,63,1.325,1.325,official_observed_reference,2363520a1ddc588c5b3c52fa187e50f9786b66306ad854fdaeec14e568c34b9b
2024-05-16,KAKKAD,181.36,192.63,1.16,0.358,184.55,,0,0,,official_observed_reference,2363520a1ddc588c5b3c52fa187e50f9786b66306ad854fdaeec14e568c34b9b
2024-05-17,IDUKKI,694.944,732.43,1460,2190,711.33,480.646,33,720.969,706.55,official_observed_reference,c8b6b716a9e4e257a601c25722ea9ef8acb08813f155c6016a3e6f634176f299
2024-05-17,PAMBA,963.168,986.332,31.001,59.46,963.168,,25,227.331,191.477,official_observed_reference,c8b6b716a9e4e257a601c25722ea9ef8acb08813f155c6016a3e6f634176f299
2024-05-17,KAKKI,908.304,981.456,446.542,856.467,951,118.525,0,0,,official_observed_reference,c8b6b716a9e4e257a601c25722ea9ef8acb08813f155c6016a3e6f634176f299
2024-05-17,SHOLAYAR,779.374,811.68,149.23,152.065,789.493,19.867,13,20.244,13.251,official_observed_reference,c8b6b716a9e4e257a601c25722ea9ef8acb08813f155c6016a3e6f634176f299
2024-05-17,IDAMALAYAR,115,169,1017.8,254.45,140.22,313.18,31,78.295,78.295,official_observed_reference,c8b6b716a9e4e257a601c25722ea9ef8acb08813f155c6016a3e6f634176f299
2024-05-17,KUNDALA,1735.836,1758.696,7.787,22.738,1741,0.991,13,99.546,43.057,official_observed_reference,c8b6b716a9e4e257a601c25722ea9ef8acb08813f155c6016a3e6f634176f299
2024-05-17,MADUPPATTY,1554.48,1599.59,55.217,161.234,1590.65,33.1,60,0,,official_observed_reference,c8b6b716a9e4e257a601c25722ea9ef8acb08813f155c6016a3e6f634176f299
2024-05-17,KUTTIADI,737.616,758.037,33.99,42.827,748.162,12.402,36,51.852,50.206,official_observed_reference,c8b6b716a9e4e257a601c25722ea9ef8acb08813f155c6016a3e6f634176f299
2024-05-17,THARIODE,750.5,775.6,201,253.26,757.4,28.75,14,0,,official_observed_reference,c8b6b716a9e4e257a601c25722ea9ef8acb08813f155c6016a3e6f634176f299
2024-05-17,ANAYIRANKAL,1188,1207.008,48.968,65.616,1190.3,1.43,3,26.773,9.425,official_observed_reference,c8b6b716a9e4e257a601c25722ea9ef8acb08813f155c6016a3e6f634176f299
2024-05-17,PONMUDI,678.8,707.745,47.4,63.516,694.3,18.55,39,0,,official_observed_reference,c8b6b716a9e4e257a601c25722ea9ef8acb08813f155c6016a3e6f634176f299
2024-05-17,NERIAMANGALAM,445,456.59,5.557,4.835,453,3.26,59,2.836,1.336,official_observed_reference,c8b6b716a9e4e257a601c25722ea9ef8acb08813f155c6016a3e6f634176f299
2024-05-17,PORINGAL,405.689,423.976,30.356,10.625,414.15,8.175,27,2.861,2.861,official_observed_reference,c8b6b716a9e4e257a601c25722ea9ef8acb08813f155c6016a3e6f634176f299
2024-05-17,SENGULAM (SBR),844.86,847.6,1.614,0.71,846.75,,0,0,,official_observed_reference,c8b6b716a9e4e257a601c25722ea9ef8acb08813f155c6016a3e6f634176f299
2024-05-17,LOWER PERIYAR,237.74,253,4.55,2.093,248.7,2.76,61,1.27,1.27,official_observed_reference,c8b6b716a9e4e257a601c25722ea9ef8acb08813f155c6016a3e6f634176f299
2024-05-17,KAKKAD,181.36,192.63,1.16,0.358,185.6,,0,0,,official_observed_reference,c8b6b716a9e4e257a601c25722ea9ef8acb08813f155c6016a3e6f634176f299
2024-05-18,IDUKKI,694.944,732.43,1460,2190,711.342,481.073,33,721.61,707.177,official_observed_reference,c4c3300f9eb7ca271d8a92f66c345c83c46e4a2d5555e857ccfda0476b6d8c0d
2024-05-18,PAMBA,963.168,986.332,31.001,59.46,963.6,0.28,25,229.019,192.899,official_observed_reference,c4c3300f9eb7ca271d8a92f66c345c83c46e4a2d5555e857ccfda0476b6d8c0d
2024-05-18,KAKKI,908.304,981.456,446.542,856.467,951.384,119.125,0,0,,official_observed_reference,c4c3300f9eb7ca271d8a92f66c345c83c46e4a2d5555e857ccfda0476b6d8c0d
2024-05-18,SHOLAYAR,779.374,811.68,149.23,152.065,789.127,18.779,13,19.136,12.526,official_observed_reference,c4c3300f9eb7ca271d8a92f66c345c83c46e4a2d5555e857ccfda0476b6d8c0d
2024-05-18,IDAMALAYAR,115,169,1017.8,254.45,140.22,313.18,31,78.295,78.295,official_observed_reference,c4c3300f9eb7ca271d8a92f66c345c83c46e4a2d5555e857ccfda0476b6d8c0d
2024-05-18,KUNDALA,1735.836,1758.696,7.787,22.738,1741,0.991,13,99.546,43.057,official_observed_reference,c4c3300f9eb7ca271d8a92f66c345c83c46e4a2d5555e857ccfda0476b6d8c0d
2024-05-18,MADUPPATTY,1554.48,1599.59,55.217,161.234,1590.65,33.1,60,0,,official_observed_reference,c4c3300f9eb7ca271d8a92f66c345c83c46e4a2d5555e857ccfda0476b6d8c0d
2024-05-18,KUTTIADI,737.616,758.037,33.99,42.827,748.254,12.539,37,51.268,49.64,official_observed_reference,c4c3300f9eb7ca271d8a92f66c345c83c46e4a2d5555e857ccfda0476b6d8c0d
2024-05-18,THARIODE,750.5,775.6,201,253.26,757.3,28.15,14,0,,official_observed_reference,c4c3300f9eb7ca271d8a92f66c345c83c46e4a2d5555e857ccfda0476b6d8c0d
2024-05-18,ANAYIRANKAL,1188,1207.008,48.968,65.616,1189.9,1.04,2,27.256,9.594,official_observed_reference,c4c3300f9eb7ca271d8a92f66c345c83c46e4a2d5555e857ccfda0476b6d8c0d
2024-05-18,PONMUDI,678.8,707.745,47.4,63.516,694.6,19.3,41,0,,official_observed_reference,c4c3300f9eb7ca271d8a92f66c345c83c46e4a2d5555e857ccfda0476b6d8c0d
2024-05-18,NERIAMANGALAM,445,456.59,5.557,4.835,452.9,3.2,58,2.784,1.311,official_observed_reference,c4c3300f9eb7ca271d8a92f66c345c83c46e4a2d5555e857ccfda0476b6d8c0d
2024-05-18,PORINGAL,405.689,423.976,30.356,10.625,414.6,8.85,29,3.098,3.098,official_observed_reference,c4c3300f9eb7ca271d8a92f66c345c83c46e4a2d5555e857ccfda0476b6d8c0d
2024-05-18,SENGULAM (SBR),844.86,847.6,1.614,0.71,846.75,,0,0,,official_observed_reference,c4c3300f9eb7ca271d8a92f66c345c83c46e4a2d5555e857ccfda0476b6d8c0d
2024-05-18,LOWER PERIYAR,237.74,253,4.55,2.093,248.6,2.73,60,1.256,1.256,official_observed_reference,c4c3300f9eb7ca271d8a92f66c345c83c46e4a2d5555e857ccfda0476b6d8c0d
2024-05-18,KAKKAD,181.36,192.63,1.16,0.358,186.55,,0,0,,official_observed_reference,c4c3300f9eb7ca271d8a92f66c345c83c46e4a2d5555e857ccfda0476b6d8c0d
2024-05-19,IDUKKI,694.944,732.43,1460,2190,711.403,483.208,33,724.812,710.316,official_observed_reference,b91a3492294a3662add162ce8cfa5fa1f9ff17815c8f677c197cc317ee154b0b
2024-05-19,PAMBA,963.168,986.332,31.001,59.46,963.9,0.5,25,231.167,194.708,official_observed_reference,b91a3492294a3662add162ce8cfa5fa1f9ff17815c8f677c197cc317ee154b0b
2024-05-19,KAKKI,908.304,981.456,446.542,856.467,951.539,120.025,0,0,,official_observed_reference,b91a3492294a3662add162ce8cfa5fa1f9ff17815c8f677c197cc317ee154b0b
2024-05-19,SHOLAYAR,779.374,811.68,149.23,152.065,788.883,18.077,12,18.42,12.057,official_observed_reference,b91a3492294a3662add162ce8cfa5fa1f9ff17815c8f677c197cc317ee154b0b
2024-05-19,IDAMALAYAR,115,169,1017.8,254.45,140.18,312.42,31,78.105,78.105,official_observed_reference,b91a3492294a3662add162ce8cfa5fa1f9ff17815c8f677c197cc317ee154b0b
2024-05-19,KUNDALA,1735.836,1758.696,7.787,22.738,1741,0.991,13,99.254,42.931,official_observed_reference,b91a3492294a3662add162ce8cfa5fa1f9ff17815c8f677c197cc317ee154b0b
2024-05-19,MADUPPATTY,1554.48,1599.59,55.217,161.234,1590.6,33,60,0,,official_observed_reference,b91a3492294a3662add162ce8cfa5fa1f9ff17815c8f677c197cc317ee154b0b
2024-05-19,KUTTIADI,737.616,758.037,33.99,42.827,748.62,13.171,39,50.804,49.191,official_observed_reference,b91a3492294a3662add162ce8cfa5fa1f9ff17815c8f677c197cc317ee154b0b
2024-05-19,THARIODE,750.5,775.6,201,253.26,757.15,27.15,14,0,,official_observed_reference,b91a3492294a3662add162ce8cfa5fa1f9ff17815c8f677c197cc317ee154b0b
2024-05-19,ANAYIRANKAL,1188,1207.008,48.968,65.616,1189.5,0.68,1,26.76,9.42,official_observed_reference,b91a3492294a3662add162ce8cfa5fa1f9ff17815c8f677c197cc317ee154b0b
2024-05-19,PONMUDI,678.8,707.745,47.4,63.516,694.75,19.29,41,0,,official_observed_reference,b91a3492294a3662add162ce8cfa5fa1f9ff17815c8f677c197cc317ee154b0b
2024-05-19,NERIAMANGALAM,445,456.59,5.557,4.835,452.6,3.05,55,2.654,1.25,official_observed_reference,b91a3492294a3662add162ce8cfa5fa1f9ff17815c8f677c197cc317ee154b0b
2024-05-19,PORINGAL,405.689,423.976,30.356,10.625,415.45,10.125,33,3.544,3.544,official_observed_reference,b91a3492294a3662add162ce8cfa5fa1f9ff17815c8f677c197cc317ee154b0b
2024-05-19,SENGULAM (SBR),844.86,847.6,1.614,0.71,846.9,,0,0,,official_observed_reference,b91a3492294a3662add162ce8cfa5fa1f9ff17815c8f677c197cc317ee154b0b
2024-05-19,LOWER PERIYAR,237.74,253,4.55,2.093,248.9,2.84,62,1.306,1.306,official_observed_reference,b91a3492294a3662add162ce8cfa5fa1f9ff17815c8f677c197cc317ee154b0b
2024-05-19,KAKKAD,181.36,192.63,1.16,0.358,184.85,,0,0,,official_observed_reference,b91a3492294a3662add162ce8cfa5fa1f9ff17815c8f677c197cc317ee154b0b
2024-05-20,IDUKKI,694.944,732.43,1460,2190,711.519,487.265,33,730.898,716.28,official_observed_reference,86f1ddaa9524ad0423ca8221f6f34f17878d4e2dd8611c6db30dc823274dc3eb
2024-05-20,PAMBA,963.168,986.332,31.001,59.46,964,0.58,25,231.32,194.837,official_observed_reference,86f1ddaa9524ad0423ca8221f6f34f17878d4e2dd8611c6db30dc823274dc3eb
2024-05-20,KAKKI,908.304,981.456,446.542,856.467,951.53,120.025,0,0,,official_observed_reference,86f1ddaa9524ad0423ca8221f6f34f17878d4e2dd8611c6db30dc823274dc3eb
2024-05-20,SHOLAYAR,779.374,811.68,149.23,152.065,788.944,18.252,12,18.599,12.174,official_observed_reference,86f1ddaa9524ad0423ca8221f6f34f17878d4e2dd8611c6db30dc823274dc3eb
2024-05-20,IDAMALAYAR,115,169,1017.8,254.45,140.23,313.37,31,78.343,78.343,official_observed_reference,86f1ddaa9524ad0423ca8221f6f34f17878d4e2dd8611c6db30dc823274dc3eb
2024-05-20,KUNDALA,1735.836,1758.696,7.787,22.738,1741,0.991,13,99.546,43.057,official_observed_reference,86f1ddaa9524ad0423ca8221f6f34f17878d4e2dd8611c6db30dc823274dc3eb
2024-05-20,MADUPPATTY,1554.48,1599.59,55.217,161.234,1590.65,33.1,60,0,,official_observed_reference,86f1ddaa9524ad0423ca8221f6f34f17878d4e2dd8611c6db30dc823274dc3eb
2024-05-20,KUTTIADI,737.616,758.037,33.99,42.827,748.833,13.543,40,51.022,49.402,official_observed_reference,86f1ddaa9524ad0423ca8221f6f34f17878d4e2dd8611c6db30dc823274dc3eb
2024-05-20,THARIODE,750.5,775.6,201,253.26,757.1,26.95,13,0,,official_observed_reference,86f1ddaa9524ad0423ca8221f6f34f17878d4e2dd8611c6db30dc823274dc3eb
2024-05-20,ANAYIRANKAL,1188,1207.008,48.968,65.616,1189.19,0.494,1,27.516,9.686,official_observed_reference,86f1ddaa9524ad0423ca8221f6f34f17878d4e2dd8611c6db30dc823274dc3eb
2024-05-20,PONMUDI,678.8,707.745,47.4,63.516,695.25,20.04,42,0,,official_observed_reference,86f1ddaa9524ad0423ca8221f6f34f17878d4e2dd8611c6db30dc823274dc3eb
2024-05-20,NERIAMANGALAM,445,456.59,5.557,4.835,453.9,3.8,68,3.306,1.557,official_observed_reference,86f1ddaa9524ad0423ca8221f6f34f17878d4e2dd8611c6db30dc823274dc3eb
2024-05-20,PORINGAL,405.689,423.976,30.356,10.625,415.75,10.6,35,3.71,3.71,official_observed_reference,86f1ddaa9524ad0423ca8221f6f34f17878d4e2dd8611c6db30dc823274dc3eb
2024-05-20,SENGULAM (SBR),844.86,847.6,1.614,0.71,846.55,,0,0,,official_observed_reference,86f1ddaa9524ad0423ca8221f6f34f17878d4e2dd8611c6db30dc823274dc3eb
2024-05-20,LOWER PERIYAR,237.74,253,4.55,2.093,248,2.51,55,1.155,1.155,official_observed_reference,86f1ddaa9524ad0423ca8221f6f34f17878d4e2dd8611c6db30dc823274dc3eb
2024-05-20,KAKKAD,181.36,192.63,1.16,0.358,184.8,,0,0,,official_observed_reference,86f1ddaa9524ad0423ca8221f6f34f17878d4e2dd8611c6db30dc823274dc3eb
2024-05-21,IDUKKI,694.944,732.43,1460,2190,711.452,484.916,33,727.374,712.827,official_observed_reference,4b49bcf49223f5cd61364e455a2a6cd098dc482fd3cb982dcf2ca2e7d34d8f46
2024-05-21,PAMBA,963.168,986.332,31.001,59.46,964,0.58,25,228.894,192.794,official_observed_reference,4b49bcf49223f5cd61364e455a2a6cd098dc482fd3cb982dcf2ca2e7d34d8f46
2024-05-21,KAKKI,908.304,981.456,446.542,856.467,951.32,118.76,0,0,,official_observed_reference,4b49bcf49223f5cd61364e455a2a6cd098dc482fd3cb982dcf2ca2e7d34d8f46
2024-05-21,SHOLAYAR,779.374,811.68,149.23,152.065,789.005,18.428,12,18.778,12.291,official_observed_reference,4b49bcf49223f5cd61364e455a2a6cd098dc482fd3cb982dcf2ca2e7d34d8f46
2024-05-21,IDAMALAYAR,115,169,1017.8,254.45,140.25,313.75,31,78.438,78.438,official_observed_reference,4b49bcf49223f5cd61364e455a2a6cd098dc482fd3cb982dcf2ca2e7d34d8f46
2024-05-21,KUNDALA,1735.836,1758.696,7.787,22.738,1741,0.991,13,99.838,43.183,official_observed_reference,4b49bcf49223f5cd61364e455a2a6cd098dc482fd3cb982dcf2ca2e7d34d8f46
2024-05-21,MADUPPATTY,1554.48,1599.59,55.217,161.234,1590.7,33.2,60,0,,official_observed_reference,4b49bcf49223f5cd61364e455a2a6cd098dc482fd3cb982dcf2ca2e7d34d8f46
2024-05-21,KUTTIADI,737.616,758.037,33.99,42.827,748.864,13.595,40,50.331,48.733,official_observed_reference,4b49bcf49223f5cd61364e455a2a6cd098dc482fd3cb982dcf2ca2e7d34d8f46
2024-05-21,THARIODE,750.5,775.6,201,253.26,757,26.35,13,0,,official_observed_reference,4b49bcf49223f5cd61364e455a2a6cd098dc482fd3cb982dcf2ca2e7d34d8f46
2024-05-21,ANAYIRANKAL,1188,1207.008,48.968,65.616,1189.19,0.494,1,28.119,9.898,official_observed_reference,4b49bcf49223f5cd61364e455a2a6cd098dc482fd3cb982dcf2ca2e7d34d8f46
2024-05-21,PONMUDI,678.8,707.745,47.4,63.516,695.55,20.49,43,0,,official_observed_reference,4b49bcf49223f5cd61364e455a2a6cd098dc482fd3cb982dcf2ca2e7d34d8f46
2024-05-21,NERIAMANGALAM,445,456.59,5.557,4.835,453.4,3.5,63,3.045,1.434,official_observed_reference,4b49bcf49223f5cd61364e455a2a6cd098dc482fd3cb982dcf2ca2e7d34d8f46
2024-05-21,PORINGAL,405.689,423.976,30.356,10.625,415.65,10.425,34,3.649,3.649,official_observed_reference,4b49bcf49223f5cd61364e455a2a6cd098dc482fd3cb982dcf2ca2e7d34d8f46
2024-05-21,SENGULAM (SBR),844.86,847.6,1.614,0.71,846.7,,0,0,,official_observed_reference,4b49bcf49223f5cd61364e455a2a6cd098dc482fd3cb982dcf2ca2e7d34d8f46
2024-05-21,LOWER PERIYAR,237.74,253,4.55,2.093,247.6,2.39,53,1.099,1.099,official_observed_reference,4b49bcf49223f5cd61364e455a2a6cd098dc482fd3cb982dcf2ca2e7d34d8f46
2024-05-21,KAKKAD,181.36,192.63,1.16,0.358,188,,0,0,,official_observed_reference,4b49bcf49223f5cd61364e455a2a6cd098dc482fd3cb982dcf2ca2e7d34d8f46
2024-05-22,IDUKKI,694.944,732.43,1460,2190,711.318,480.219,33,720.329,705.922,official_observed_reference,b09a413610cd6ec7bc373bdfb5f77952ef5e7b590386b6c0caafc71a459baeb8
2024-05-22,PAMBA,963.168,986.332,31.001,59.46,964.05,0.62,25,224.504,189.096,official_observed_reference,b09a413610cd6ec7bc373bdfb5f77952ef5e7b590386b6c0caafc71a459baeb8
2024-05-22,KAKKI,908.304,981.456,446.542,856.467,950.94,116.431,0,0,,official_observed_reference,b09a413610cd6ec7bc373bdfb5f77952ef5e7b590386b6c0caafc71a459baeb8
2024-05-22,SHOLAYAR,779.374,811.68,149.23,152.065,789.127,18.779,13,19.136,12.526,official_observed_reference,b09a413610cd6ec7bc373bdfb5f77952ef5e7b590386b6c0caafc71a459baeb8
2024-05-22,IDAMALAYAR,115,169,1017.8,254.45,140.18,312.42,31,78.105,78.105,official_observed_reference,b09a413610cd6ec7bc373bdfb5f77952ef5e7b590386b6c0caafc71a459baeb8
2024-05-22,KUNDALA,1735.836,1758.696,7.787,22.738,1741,0.991,13,100.13,43.31,official_observed_reference,b09a413610cd6ec7bc373bdfb5f77952ef5e7b590386b6c0caafc71a459baeb8
2024-05-22,MADUPPATTY,1554.48,1599.59,55.217,161.234,1590.75,33.3,60,0,,official_observed_reference,b09a413610cd6ec7bc373bdfb5f77952ef5e7b590386b6c0caafc71a459baeb8
2024-05-22,KUTTIADI,737.616,758.037,33.99,42.827,749.138,14.086,41,50.949,49.331,official_observed_reference,b09a413610cd6ec7bc373bdfb5f77952ef5e7b590386b6c0caafc71a459baeb8
2024-05-22,THARIODE,750.5,775.6,201,253.26,757,26.35,13,0,,official_observed_reference,b09a413610cd6ec7bc373bdfb5f77952ef5e7b590386b6c0caafc71a459baeb8
2024-05-22,ANAYIRANKAL,1188,1207.008,48.968,65.616,1190.29,1.42,3,29.962,10.547,official_observed_reference,b09a413610cd6ec7bc373bdfb5f77952ef5e7b590386b6c0caafc71a459baeb8
2024-05-22,PONMUDI,678.8,707.745,47.4,63.516,695.85,20.94,44,0,,official_observed_reference,b09a413610cd6ec7bc373bdfb5f77952ef5e7b590386b6c0caafc71a459baeb8
2024-05-22,NERIAMANGALAM,445,456.59,5.557,4.835,454.7,4.28,77,3.724,1.754,official_observed_reference,b09a413610cd6ec7bc373bdfb5f77952ef5e7b590386b6c0caafc71a459baeb8
2024-05-22,PORINGAL,405.689,423.976,30.356,10.625,416,11.1,37,3.885,3.885,official_observed_reference,b09a413610cd6ec7bc373bdfb5f77952ef5e7b590386b6c0caafc71a459baeb8
2024-05-22,SENGULAM (SBR),844.86,847.6,1.614,0.71,846.4,,0,0,,official_observed_reference,b09a413610cd6ec7bc373bdfb5f77952ef5e7b590386b6c0caafc71a459baeb8
2024-05-22,LOWER PERIYAR,237.74,253,4.55,2.093,248.2,2.58,57,1.187,1.187,official_observed_reference,b09a413610cd6ec7bc373bdfb5f77952ef5e7b590386b6c0caafc71a459baeb8
2024-05-22,KAKKAD,181.36,192.63,1.16,0.358,187.4,,0,0,,official_observed_reference,b09a413610cd6ec7bc373bdfb5f77952ef5e7b590386b6c0caafc71a459baeb8
2024-05-23,IDUKKI,694.944,732.43,1460,2190,711.129,473.6,32,710.4,696.192,official_observed_reference,2ea2036ccb9cb2c5628db15bd5ec08e64d5b57a384d0736e8f26b6b649fd8c89
2024-05-23,PAMBA,963.168,986.332,31.001,59.46,964.05,0.62,24,220.261,185.522,official_observed_reference,2ea2036ccb9cb2c5628db15bd5ec08e64d5b57a384d0736e8f26b6b649fd8c89
2024-05-23,KAKKI,908.304,981.456,446.542,856.467,950.565,114.219,0,0,,official_observed_reference,2ea2036ccb9cb2c5628db15bd5ec08e64d5b57a384d0736e8f26b6b649fd8c89
2024-05-23,SHOLAYAR,779.374,811.68,149.23,152.065,789.219,19.051,13,19.413,12.707,official_observed_reference,2ea2036ccb9cb2c5628db15bd5ec08e64d5b57a384d0736e8f26b6b649fd8c89
2024-05-23,IDAMALAYAR,115,169,1017.8,254.45,139.98,308.62,30,77.155,77.155,official_observed_reference,2ea2036ccb9cb2c5628db15bd5ec08e64d5b57a384d0736e8f26b6b649fd8c89
2024-05-23,KUNDALA,1735.836,1758.696,7.787,22.738,1741,0.991,13,100.714,43.562,official_observed_reference,2ea2036ccb9cb2c5628db15bd5ec08e64d5b57a384d0736e8f26b6b649fd8c89
2024-05-23,MADUPPATTY,1554.48,1599.59,55.217,161.234,1590.85,33.5,61,0,,official_observed_reference,2ea2036ccb9cb2c5628db15bd5ec08e64d5b57a384d0736e8f26b6b649fd8c89
2024-05-23,KUTTIADI,737.616,758.037,33.99,42.827,748.864,13.595,40,50.331,48.733,official_observed_reference,2ea2036ccb9cb2c5628db15bd5ec08e64d5b57a384d0736e8f26b6b649fd8c89
2024-05-23,THARIODE,750.5,775.6,201,253.26,757,26.35,13,0,,official_observed_reference,2ea2036ccb9cb2c5628db15bd5ec08e64d5b57a384d0736e8f26b6b649fd8c89
2024-05-23,ANAYIRANKAL,1188,1207.008,48.968,65.616,1190.06,1.19,2,30.566,10.76,official_observed_reference,2ea2036ccb9cb2c5628db15bd5ec08e64d5b57a384d0736e8f26b6b649fd8c89
2024-05-23,PONMUDI,678.8,707.745,47.4,63.516,696.3,21.62,46,0,,official_observed_reference,2ea2036ccb9cb2c5628db15bd5ec08e64d5b57a384d0736e8f26b6b649fd8c89
2024-05-23,NERIAMANGALAM,445,456.59,5.557,4.835,454,3.86,69,3.358,1.582,official_observed_reference,2ea2036ccb9cb2c5628db15bd5ec08e64d5b57a384d0736e8f26b6b649fd8c89
2024-05-23,PORINGAL,405.689,423.976,30.356,10.625,414.95,9.375,31,3.281,3.281,official_observed_reference,2ea2036ccb9cb2c5628db15bd5ec08e64d5b57a384d0736e8f26b6b649fd8c89
2024-05-23,SENGULAM (SBR),844.86,847.6,1.614,0.71,846.5,,0,0,,official_observed_reference,2ea2036ccb9cb2c5628db15bd5ec08e64d5b57a384d0736e8f26b6b649fd8c89
2024-05-23,LOWER PERIYAR,237.74,253,4.55,2.093,247.7,2.41,53,1.109,1.109,official_observed_reference,2ea2036ccb9cb2c5628db15bd5ec08e64d5b57a384d0736e8f26b6b649fd8c89
2024-05-23,KAKKAD,181.36,192.63,1.16,0.358,187.8,,0,0,,official_observed_reference,2ea2036ccb9cb2c5628db15bd5ec08e64d5b57a384d0736e8f26b6b649fd8c89
2024-05-24,IDUKKI,694.944,732.43,1460,2190,711.214,476.589,33,714.884,700.586,official_observed_reference,92523d7b191bb5ad4ab435ac0d4dc015ce8c1758915179a922c6d674267d5a55
2024-05-24,PAMBA,963.168,986.332,31.001,59.46,965.8,2.02,26,235.233,198.133,official_observed_reference,92523d7b191bb5ad4ab435ac0d4dc015ce8c1758915179a922c6d674267d5a55
2024-05-24,KAKKI,908.304,981.456,446.542,856.467,951.634,120.625,0,0,,official_observed_reference,92523d7b191bb5ad4ab435ac0d4dc015ce8c1758915179a922c6d674267d5a55
2024-05-24,SHOLAYAR,779.374,811.68,149.23,152.065,789.341,19.414,13,19.782,12.949,official_observed_reference,92523d7b191bb5ad4ab435ac0d4dc015ce8c1758915179a922c6d674267d5a55
2024-05-24,IDAMALAYAR,115,169,1017.8,254.45,139.88,306.72,30,76.68,76.68,official_observed_reference,92523d7b191bb5ad4ab435ac0d4dc015ce8c1758915179a922c6d674267d5a55
2024-05-24,KUNDALA,1735.836,1758.696,7.787,22.738,1741,0.991,13,101.298,43.815,official_observed_reference,92523d7b191bb5ad4ab435ac0d4dc015ce8c1758915179a922c6d674267d5a55
2024-05-24,MADUPPATTY,1554.48,1599.59,55.217,161.234,1590.95,33.7,61,0,,official_observed_reference,92523d7b191bb5ad4ab435ac0d4dc015ce8c1758915179a922c6d674267d5a55
2024-05-24,KUTTIADI,737.616,758.037,33.99,42.827,748.772,13.437,40,49.174,47.613,official_observed_reference,92523d7b191bb5ad4ab435ac0d4dc015ce8c1758915179a922c6d674267d5a55
2024-05-24,THARIODE,750.5,775.6,201,253.26,756.85,25.59,13,0,,official_observed_reference,92523d7b191bb5ad4ab435ac0d4dc015ce8c1758915179a922c6d674267d5a55
2024-05-24,ANAYIRANKAL,1188,1207.008,48.968,65.616,1189.97,1.103,2,31.052,10.931,official_observed_reference,92523d7b191bb5ad4ab435ac0d4dc015ce8c1758915179a922c6d674267d5a55
2024-05-24,PONMUDI,678.8,707.745,47.4,63.516,696.6,22.07,47,0,,official_observed_reference,92523d7b191bb5ad4ab435ac0d4dc015ce8c1758915179a922c6d674267d5a55
2024-05-24,NERIAMANGALAM,445,456.59,5.557,4.835,454.45,4.13,74,3.593,1.692,official_observed_reference,92523d7b191bb5ad4ab435ac0d4dc015ce8c1758915179a922c6d674267d5a55
2024-05-24,PORINGAL,405.689,423.976,30.356,10.625,415.95,11,36,3.85,3.85,official_observed_reference,92523d7b191bb5ad4ab435ac0d4dc015ce8c1758915179a922c6d674267d5a55
2024-05-24,SENGULAM (SBR),844.86,847.6,1.614,0.71,846.75,,0,0,,official_observed_reference,92523d7b191bb5ad4ab435ac0d4dc015ce8c1758915179a922c6d674267d5a55
2024-05-24,LOWER PERIYAR,237.74,253,4.55,2.093,248.9,2.84,62,1.306,1.306,official_observed_reference,92523d7b191bb5ad4ab435ac0d4dc015ce8c1758915179a922c6d674267d5a55
2024-05-24,KAKKAD,181.36,192.63,1.16,0.358,188.3,,0,0,,official_observed_reference,92523d7b191bb5ad4ab435ac0d4dc015ce8c1758915179a922c6d674267d5a55
2024-05-25,IDUKKI,694.944,732.43,1460,2190,711.33,480.646,33,720.969,706.55,official_observed_reference,5c11658a9a7d17cc04fdd3b22f2df9e12f88c98b38f1686bc1d94382657e0b6d
2024-05-25,PAMBA,963.168,986.332,31.001,59.46,966.35,2.5,26,239.75,201.938,official_observed_reference,5c11658a9a7d17cc04fdd3b22f2df9e12f88c98b38f1686bc1d94382657e0b6d
2024-05-25,KAKKI,908.304,981.456,446.542,856.467,951.963,122.5,0,0,,official_observed_reference,5c11658a9a7d17cc04fdd3b22f2df9e12f88c98b38f1686bc1d94382657e0b6d
2024-05-25,SHOLAYAR,779.374,811.68,149.23,152.065,789.402,19.595,13,19.967,13.07,official_observed_reference,5c11658a9a7d17cc04fdd3b22f2df9e12f88c98b38f1686bc1d94382657e0b6d
2024-05-25,IDAMALAYAR,115,169,1017.8,254.45,139.81,305.39,30,76.348,76.348,official_observed_reference,5c11658a9a7d17cc04fdd3b22f2df9e12f88c98b38f1686bc1d94382657e0b6d
2024-05-25,KUNDALA,1735.836,1758.696,7.787,22.738,1741,0.991,13,101.298,43.815,official_observed_reference,5c11658a9a7d17cc04fdd3b22f2df9e12f88c98b38f1686bc1d94382657e0b6d
2024-05-25,MADUPPATTY,1554.48,1599.59,55.217,161.234,1590.95,33.7,61,0,,official_observed_reference,5c11658a9a7d17cc04fdd3b22f2df9e12f88c98b38f1686bc1d94382657e0b6d
2024-05-25,KUTTIADI,737.616,758.037,33.99,42.827,748.711,13.327,39,48.733,47.186,official_observed_reference,5c11658a9a7d17cc04fdd3b22f2df9e12f88c98b38f1686bc1d94382657e0b6d
2024-05-25,THARIODE,750.5,775.6,201,253.26,756.8,25.35,13,0,,official_observed_reference,5c11658a9a7d17cc04fdd3b22f2df9e12f88c98b38f1686bc1d94382657e0b6d
2024-05-25,ANAYIRANKAL,1188,1207.008,48.968,65.616,1189.8,0.95,2,31.249,11,official_observed_reference,5c11658a9a7d17cc04fdd3b22f2df9e12f88c98b38f1686bc1d94382657e0b6d
2024-05-25,PONMUDI,678.8,707.745,47.4,63.516,696.8,22.37,47,0,,official_observed_reference,5c11658a9a7d17cc04fdd3b22f2df9e12f88c98b38f1686bc1d94382657e0b6d
2024-05-25,NERIAMANGALAM,445,456.59,5.557,4.835,454.8,4.34,78,3.776,1.779,official_observed_reference,5c11658a9a7d17cc04fdd3b22f2df9e12f88c98b38f1686bc1d94382657e0b6d
2024-05-25,PORINGAL,405.689,423.976,30.356,10.625,415.65,10.425,34,3.649,3.649,official_observed_reference,5c11658a9a7d17cc04fdd3b22f2df9e12f88c98b38f1686bc1d94382657e0b6d
2024-05-25,SENGULAM (SBR),844.86,847.6,1.614,0.71,846.4,,0,0,,official_observed_reference,5c11658a9a7d17cc04fdd3b22f2df9e12f88c98b38f1686bc1d94382657e0b6d
2024-05-25,LOWER PERIYAR,237.74,253,4.55,2.093,245.8,1.83,40,0.842,0.842,official_observed_reference,5c11658a9a7d17cc04fdd3b22f2df9e12f88c98b38f1686bc1d94382657e0b6d
2024-05-25,KAKKAD,181.36,192.63,1.16,0.358,184.45,,0,0,,official_observed_reference,5c11658a9a7d17cc04fdd3b22f2df9e12f88c98b38f1686bc1d94382657e0b6d
2024-05-26,IDUKKI,694.944,732.43,1460,2190,711.336,480.86,33,721.29,706.864,official_observed_reference,82b08df14d2e5b71b5bc3531047288254641f32aa4dfc4d93bddbf2c76ae4775
2024-05-26,PAMBA,963.168,986.332,31.001,59.46,965.2,1.54,26,238.196,200.629,official_observed_reference,82b08df14d2e5b71b5bc3531047288254641f32aa4dfc4d93bddbf2c76ae4775
2024-05-26,KAKKI,908.304,981.456,446.542,856.467,951.975,122.65,0,0,,official_observed_reference,82b08df14d2e5b71b5bc3531047288254641f32aa4dfc4d93bddbf2c76ae4775
2024-05-26,SHOLAYAR,779.374,811.68,149.23,152.065,789.432,19.685,13,20.059,13.13,official_observed_reference,82b08df14d2e5b71b5bc3531047288254641f32aa4dfc4d93bddbf2c76ae4775
2024-05-26,IDAMALAYAR,115,169,1017.8,254.45,139.71,303.49,30,75.873,75.873,official_observed_reference,82b08df14d2e5b71b5bc3531047288254641f32aa4dfc4d93bddbf2c76ae4775
2024-05-26,KUNDALA,1735.836,1758.696,7.787,22.738,1741,0.991,13,101.298,43.815,official_observed_reference,82b08df14d2e5b71b5bc3531047288254641f32aa4dfc4d93bddbf2c76ae4775
2024-05-26,MADUPPATTY,1554.48,1599.59,55.217,161.234,1590.95,33.7,61,0,,official_observed_reference,82b08df14d2e5b71b5bc3531047288254641f32aa4dfc4d93bddbf2c76ae4775
2024-05-26,KUTTIADI,737.616,758.037,33.99,42.827,748.711,13.327,39,47.977,46.454,official_observed_reference,82b08df14d2e5b71b5bc3531047288254641f32aa4dfc4d93bddbf2c76ae4775
2024-05-26,THARIODE,750.5,775.6,201,253.26,756.7,24.75,12,0,,official_observed_reference,82b08df14d2e5b71b5bc3531047288254641f32aa4dfc4d93bddbf2c76ae4775
2024-05-26,ANAYIRANKAL,1188,1207.008,48.968,65.616,1189.8,0.95,2,31.249,11,official_observed_reference,82b08df14d2e5b71b5bc3531047288254641f32aa4dfc4d93bddbf2c76ae4775
2024-05-26,PONMUDI,678.8,707.745,47.4,63.516,696.8,22.37,47,0,,official_observed_reference,82b08df14d2e5b71b5bc3531047288254641f32aa4dfc4d93bddbf2c76ae4775
2024-05-26,NERIAMANGALAM,445,456.59,5.557,4.835,453.7,3.68,66,3.202,1.508,official_observed_reference,82b08df14d2e5b71b5bc3531047288254641f32aa4dfc4d93bddbf2c76ae4775
2024-05-26,PORINGAL,405.689,423.976,30.356,10.625,415.5,10.2,34,3.57,3.57,official_observed_reference,82b08df14d2e5b71b5bc3531047288254641f32aa4dfc4d93bddbf2c76ae4775
2024-05-26,SENGULAM (SBR),844.86,847.6,1.614,0.71,847.2,,0,0,,official_observed_reference,82b08df14d2e5b71b5bc3531047288254641f32aa4dfc4d93bddbf2c76ae4775
2024-05-26,LOWER PERIYAR,237.74,253,4.55,2.093,247.2,2.26,50,1.04,1.04,official_observed_reference,82b08df14d2e5b71b5bc3531047288254641f32aa4dfc4d93bddbf2c76ae4775
2024-05-26,KAKKAD,181.36,192.63,1.16,0.358,188.25,,0,0,,official_observed_reference,82b08df14d2e5b71b5bc3531047288254641f32aa4dfc4d93bddbf2c76ae4775
2024-05-27,IDUKKI,694.944,732.43,1460,2190,711.196,475.949,33,713.924,699.645,official_observed_reference,2a7b65c170262cab36bec964bdb2adb77b0642be1f63012ff20354d352d359d8
2024-05-27,PAMBA,963.168,986.332,31.001,59.46,964.5,0.98,25,232.663,195.968,official_observed_reference,2a7b65c170262cab36bec964bdb2adb77b0642be1f63012ff20354d352d359d8
2024-05-27,KAKKI,908.304,981.456,446.542,856.467,951.583,120.325,0,0,,official_observed_reference,2a7b65c170262cab36bec964bdb2adb77b0642be1f63012ff20354d352d359d8
2024-05-27,SHOLAYAR,779.374,811.68,149.23,152.065,789.463,19.776,13,20.152,13.191,official_observed_reference,2a7b65c170262cab36bec964bdb2adb77b0642be1f63012ff20354d352d359d8
2024-05-27,IDAMALAYAR,115,169,1017.8,254.45,139.52,299.88,29,74.97,74.97,official_observed_reference,2a7b65c170262cab36bec964bdb2adb77b0642be1f63012ff20354d352d359d8
2024-05-27,KUNDALA,1735.836,1758.696,7.787,22.738,1741,0.991,13,100.714,43.562,official_observed_reference,2a7b65c170262cab36bec964bdb2adb77b0642be1f63012ff20354d352d359d8
2024-05-27,MADUPPATTY,1554.48,1599.59,55.217,161.234,1590.85,33.5,61,0,,official_observed_reference,2a7b65c170262cab36bec964bdb2adb77b0642be1f63012ff20354d352d359d8
2024-05-27,KUTTIADI,737.616,758.037,33.99,42.827,748.65,13.222,39,46.333,44.862,official_observed_reference,2a7b65c170262cab36bec964bdb2adb77b0642be1f63012ff20354d352d359d8
2024-05-27,THARIODE,750.5,775.6,201,253.26,756.5,23.55,12,0,,official_observed_reference,2a7b65c170262cab36bec964bdb2adb77b0642be1f63012ff20354d352d359d8
2024-05-27,ANAYIRANKAL,1188,1207.008,48.968,65.616,1189.8,0.95,2,31.048,10.929,official_observed_reference,2a7b65c170262cab36bec964bdb2adb77b0642be1f63012ff20354d352d359d8
2024-05-27,PONMUDI,678.8,707.745,47.4,63.516,696.7,22.22,47,0,,official_observed_reference,2a7b65c170262cab36bec964bdb2adb77b0642be1f63012ff20354d352d359d8
2024-05-27,NERIAMANGALAM,445,456.59,5.557,4.835,453.3,3.44,62,2.993,1.41,official_observed_reference,2a7b65c170262cab36bec964bdb2adb77b0642be1f63012ff20354d352d359d8
2024-05-27,PORINGAL,405.689,423.976,30.356,10.625,414.9,9.3,31,3.255,3.255,official_observed_reference,2a7b65c170262cab36bec964bdb2adb77b0642be1f63012ff20354d352d359d8
2024-05-27,SENGULAM (SBR),844.86,847.6,1.614,0.71,846.5,,0,0,,official_observed_reference,2a7b65c170262cab36bec964bdb2adb77b0642be1f63012ff20354d352d359d8
2024-05-27,LOWER PERIYAR,237.74,253,4.55,2.093,248,2.51,55,1.155,1.155,official_observed_reference,2a7b65c170262cab36bec964bdb2adb77b0642be1f63012ff20354d352d359d8
2024-05-27,KAKKAD,181.36,192.63,1.16,0.358,188.4,,0,0,,official_observed_reference,2a7b65c170262cab36bec964bdb2adb77b0642be1f63012ff20354d352d359d8
2024-05-28,IDUKKI,694.944,732.43,1460,2190,711.411,474.027,32,711.041,696.82,official_observed_reference,cfca55ae693544a7708f7d90475f1aab4efa6d35795c961196f6f0ea80f115ca
2024-05-28,PAMBA,963.168,986.332,31.001,59.46,964.4,0.9,25,229.345,193.173,official_observed_reference,cfca55ae693544a7708f7d90475f1aab4efa6d35795c961196f6f0ea80f115ca
2024-05-28,KAKKI,908.304,981.456,446.542,856.467,951.314,118.675,0,0,,official_observed_reference,cfca55ae693544a7708f7d90475f1aab4efa6d35795c961196f6f0ea80f115ca
2024-05-28,SHOLAYAR,779.374,811.68,149.23,152.065,789.615,20.229,14,20.613,13.493,official_observed_reference,cfca55ae693544a7708f7d90475f1aab4efa6d35795c961196f6f0ea80f115ca
2024-05-28,IDAMALAYAR,115,169,1017.8,254.45,139.48,299.12,29,74.78,74.78,official_observed_reference,cfca55ae693544a7708f7d90475f1aab4efa6d35795c961196f6f0ea80f115ca
2024-05-28,KUNDALA,1735.836,1758.696,7.787,22.738,1741,0.991,13,100.422,43.436,official_observed_reference,cfca55ae693544a7708f7d90475f1aab4efa6d35795c961196f6f0ea80f115ca
2024-05-28,MADUPPATTY,1554.48,1599.59,55.217,161.234,1590.8,33.4,60,0,,official_observed_reference,cfca55ae693544a7708f7d90475f1aab4efa6d35795c961196f6f0ea80f115ca
2024-05-28,KUTTIADI,737.616,758.037,33.99,42.827,748.498,12.963,38,45.502,44.058,official_observed_reference,cfca55ae693544a7708f7d90475f1aab4efa6d35795c961196f6f0ea80f115ca
2024-05-28,THARIODE,750.5,775.6,201,253.26,756.4,23.15,12,0,,official_observed_reference,cfca55ae693544a7708f7d90475f1aab4efa6d35795c961196f6f0ea80f115ca
2024-05-28,ANAYIRANKAL,1188,1207.008,48.968,65.616,1189.8,0.95,2,30.847,10.859,official_observed_reference,cfca55ae693544a7708f7d90475f1aab4efa6d35795c961196f6f0ea80f115ca
2024-05-28,PONMUDI,678.8,707.745,47.4,63.516,696.6,22.07,47,0,,official_observed_reference,cfca55ae693544a7708f7d90475f1aab4efa6d35795c961196f6f0ea80f115ca
2024-05-28,NERIAMANGALAM,445,456.59,5.557,4.835,453,3.26,59,2.836,1.336,official_observed_reference,cfca55ae693544a7708f7d90475f1aab4efa6d35795c961196f6f0ea80f115ca
2024-05-28,PORINGAL,405.689,423.976,30.356,10.625,414.5,8.7,29,3.045,3.045,official_observed_reference,cfca55ae693544a7708f7d90475f1aab4efa6d35795c961196f6f0ea80f115ca
2024-05-28,SENGULAM (SBR),844.86,847.6,1.614,0.71,846.65,,0,0,,official_observed_reference,cfca55ae693544a7708f7d90475f1aab4efa6d35795c961196f6f0ea80f115ca
2024-05-28,LOWER PERIYAR,237.74,253,4.55,2.093,247.6,2.39,53,1.099,1.099,official_observed_reference,cfca55ae693544a7708f7d90475f1aab4efa6d35795c961196f6f0ea80f115ca
2024-05-28,KAKKAD,181.36,192.63,1.16,0.358,189,,0,0,,official_observed_reference,cfca55ae693544a7708f7d90475f1aab4efa6d35795c961196f6f0ea80f115ca
2024-05-29,IDUKKI,694.944,732.43,1460,2190,711.05,470.82,32,706.23,692.105,official_observed_reference,664de8df78b357bcf0e8bf164f46735afce94eb064b21d06a0ea4d65c93db778
2024-05-29,PAMBA,963.168,986.332,31.001,59.46,964.35,0.86,25,226.391,190.686,official_observed_reference,664de8df78b357bcf0e8bf164f46735afce94eb064b21d06a0ea4d65c93db778
2024-05-29,KAKKI,908.304,981.456,446.542,856.467,951.067,117.175,0,0,,official_observed_reference,664de8df78b357bcf0e8bf164f46735afce94eb064b21d06a0ea4d65c93db778
2024-05-29,SHOLAYAR,779.374,811.68,149.23,152.065,789.523,19.957,13,20.336,13.312,official_observed_reference,664de8df78b357bcf0e8bf164f46735afce94eb064b21d06a0ea4d65c93db778
2024-05-29,IDAMALAYAR,115,169,1017.8,254.45,139.33,296.27,29,74.068,74.068,official_observed_reference,664de8df78b357bcf0e8bf164f46735afce94eb064b21d06a0ea4d65c93db778
2024-05-29,KUNDALA,1735.836,1758.696,7.787,22.738,1741,0.991,13,100.422,43.436,official_observed_reference,664de8df78b357bcf0e8bf164f46735afce94eb064b21d06a0ea4d65c93db778
2024-05-29,MADUPPATTY,1554.48,1599.59,55.217,161.234,1590.8,33.4,60,0,,official_observed_reference,664de8df78b357bcf0e8bf164f46735afce94eb064b21d06a0ea4d65c93db778
2024-05-29,KUTTIADI,737.616,758.037,33.99,42.827,748.498,12.963,38,44.242,42.838,official_observed_reference,664de8df78b357bcf0e8bf164f46735afce94eb064b21d06a0ea4d65c93db778
2024-05-29,THARIODE,750.5,775.6,201,253.26,756.25,22.15,11,0,,official_observed_reference,664de8df78b357bcf0e8bf164f46735afce94eb064b21d06a0ea4d65c93db778
2024-05-29,ANAYIRANKAL,1188,1207.008,48.968,65.616,1189.8,0.95,2,29.534,10.396,official_observed_reference,664de8df78b357bcf0e8bf164f46735afce94eb064b21d06a0ea4d65c93db778
2024-05-29,PONMUDI,678.8,707.745,47.4,63.516,695.95,21.09,44,0,,official_observed_reference,664de8df78b357bcf0e8bf164f46735afce94eb064b21d06a0ea4d65c93db778
2024-05-29,NERIAMANGALAM,445,456.59,5.557,4.835,452.5,3,54,2.61,1.229,official_observed_reference,664de8df78b357bcf0e8bf164f46735afce94eb064b21d06a0ea4d65c93db778
2024-05-29,PORINGAL,405.689,423.976,30.356,10.625,414.5,8.7,29,3.045,3.045,official_observed_reference,664de8df78b357bcf0e8bf164f46735afce94eb064b21d06a0ea4d65c93db778
2024-05-29,SENGULAM (SBR),844.86,847.6,1.614,0.71,846.35,,0,0,,official_observed_reference,664de8df78b357bcf0e8bf164f46735afce94eb064b21d06a0ea4d65c93db778
2024-05-29,LOWER PERIYAR,237.74,253,4.55,2.093,247.5,2.36,52,1.086,1.086,official_observed_reference,664de8df78b357bcf0e8bf164f46735afce94eb064b21d06a0ea4d65c93db778
2024-05-29,KAKKAD,181.36,192.63,1.16,0.358,188,,0,0,,official_observed_reference,664de8df78b357bcf0e8bf164f46735afce94eb064b21d06a0ea4d65c93db778
2024-05-30,IDUKKI,694.944,732.43,1460,2190,710.964,467.823,32,701.735,687.7,official_observed_reference,2259e09ecf79f5664b67543f1026cec7baeefbd1df87e7f29277a953c7c353d3
2024-05-30,PAMBA,963.168,986.332,31.001,59.46,964.3,0.82,24,224.04,188.705,official_observed_reference,2259e09ecf79f5664b67543f1026cec7baeefbd1df87e7f29277a953c7c353d3
2024-05-30,KAKKI,908.304,981.456,446.542,856.467,950.88,115.989,0,0,,official_observed_reference,2259e09ecf79f5664b67543f1026cec7baeefbd1df87e7f29277a953c7c353d3
2024-05-30,SHOLAYAR,779.374,811.68,149.23,152.065,789.28,19.232,13,19.598,12.828,official_observed_reference,2259e09ecf79f5664b67543f1026cec7baeefbd1df87e7f29277a953c7c353d3
2024-05-30,IDAMALAYAR,115,169,1017.8,254.45,139.14,292.66,29,73.165,73.165,official_observed_reference,2259e09ecf79f5664b67543f1026cec7baeefbd1df87e7f29277a953c7c353d3
2024-05-30,KUNDALA,1735.836,1758.696,7.787,22.738,1741,0.991,13,99.838,43.183,official_observed_reference,2259e09ecf79f5664b67543f1026cec7baeefbd1df87e7f29277a953c7c353d3
2024-05-30,MADUPPATTY,1554.48,1599.59,55.217,161.234,1590.7,33.2,60,0,,official_observed_reference,2259e09ecf79f5664b67543f1026cec7baeefbd1df87e7f29277a953c7c353d3
2024-05-30,KUTTIADI,737.616,758.037,33.99,42.827,748.467,12.911,38,43.421,42.042,official_observed_reference,2259e09ecf79f5664b67543f1026cec7baeefbd1df87e7f29277a953c7c353d3
2024-05-30,THARIODE,750.5,775.6,201,253.26,756.15,21.55,11,0,,official_observed_reference,2259e09ecf79f5664b67543f1026cec7baeefbd1df87e7f29277a953c7c353d3
2024-05-30,ANAYIRANKAL,1188,1207.008,48.968,65.616,1189.8,0.95,2,28.435,10.009,official_observed_reference,2259e09ecf79f5664b67543f1026cec7baeefbd1df87e7f29277a953c7c353d3
2024-05-30,PONMUDI,678.8,707.745,47.4,63.516,695.4,20.27,43,0,,official_observed_reference,2259e09ecf79f5664b67543f1026cec7baeefbd1df87e7f29277a953c7c353d3
2024-05-30,NERIAMANGALAM,445,456.59,5.557,4.835,452.2,2.85,51,2.48,1.168,official_observed_reference,2259e09ecf79f5664b67543f1026cec7baeefbd1df87e7f29277a953c7c353d3
2024-05-30,PORINGAL,405.689,423.976,30.356,10.625,414.6,8.85,29,3.098,3.098,official_observed_reference,2259e09ecf79f5664b67543f1026cec7baeefbd1df87e7f29277a953c7c353d3
2024-05-30,SENGULAM (SBR),844.86,847.6,1.614,0.71,846.45,,0,0,,official_observed_reference,2259e09ecf79f5664b67543f1026cec7baeefbd1df87e7f29277a953c7c353d3
2024-05-30,LOWER PERIYAR,237.74,253,4.55,2.093,247.5,2.36,52,1.086,1.086,official_observed_reference,2259e09ecf79f5664b67543f1026cec7baeefbd1df87e7f29277a953c7c353d3
2024-05-30,KAKKAD,181.36,192.63,1.16,0.358,189.7,,0,0,,official_observed_reference,2259e09ecf79f5664b67543f1026cec7baeefbd1df87e7f29277a953c7c353d3
2024-05-31,IDUKKI,694.944,732.43,1460,2190,710.879,464.231,32,696.347,682.42,official_observed_reference,aed1e151faad6365a28fb8c3120c52cd91824d3018a2b1862aace262a01e92eb
2024-05-31,PAMBA,963.168,986.332,31.001,59.46,964.25,0.78,24,220.436,185.669,official_observed_reference,aed1e151faad6365a28fb8c3120c52cd91824d3018a2b1862aace262a01e92eb
2024-05-31,KAKKI,908.304,981.456,446.542,856.467,950.555,114.15,0,0,,official_observed_reference,aed1e151faad6365a28fb8c3120c52cd91824d3018a2b1862aace262a01e92eb
2024-05-31,SHOLAYAR,779.374,811.68,149.23,152.065,789.066,18.604,12,18.957,12.409,official_observed_reference,aed1e151faad6365a28fb8c3120c52cd91824d3018a2b1862aace262a01e92eb
2024-05-31,IDAMALAYAR,115,169,1017.8,254.45,139.02,290.38,29,72.595,72.595,official_observed_reference,aed1e151faad6365a28fb8c3120c52cd91824d3018a2b1862aace262a01e92eb
2024-05-31,KUNDALA,1735.836,1758.696,7.787,22.738,1741,0.991,13,99.546,43.057,official_observed_reference,aed1e151faad6365a28fb8c3120c52cd91824d3018a2b1862aace262a01e92eb
2024-05-31,MADUPPATTY,1554.48,1599.59,55.217,161.234,1590.65,33.1,60,0,,official_observed_reference,aed1e151faad6365a28fb8c3120c52cd91824d3018a2b1862aace262a01e92eb
2024-05-31,KUTTIADI,737.616,758.037,33.99,42.827,747.827,11.832,35,41.305,39.994,official_observed_reference,aed1e151faad6365a28fb8c3120c52cd91824d3018a2b1862aace262a01e92eb
2024-05-31,THARIODE,750.5,775.6,201,253.26,756.05,20.95,10,0,,official_observed_reference,aed1e151faad6365a28fb8c3120c52cd91824d3018a2b1862aace262a01e92eb
2024-05-31,ANAYIRANKAL,1188,1207.008,48.968,65.616,1189.8,0.95,2,26.988,9.5,official_observed_reference,aed1e151faad6365a28fb8c3120c52cd91824d3018a2b1862aace262a01e92eb
2024-05-31,PONMUDI,678.8,707.745,47.4,63.516,694.7,19.19,40,0,,official_observed_reference,aed1e151faad6365a28fb8c3120c52cd91824d3018a2b1862aace262a01e92eb
2024-05-31,NERIAMANGALAM,445,456.59,5.557,4.835,451.95,2.725,49,2.371,1.117,official_observed_reference,aed1e151faad6365a28fb8c3120c52cd91824d3018a2b1862aace262a01e92eb
2024-05-31,PORINGAL,405.689,423.976,30.356,10.625,413.55,7.275,24,2.546,2.546,official_observed_reference,aed1e151faad6365a28fb8c3120c52cd91824d3018a2b1862aace262a01e92eb
2024-05-31,SENGULAM (SBR),844.86,847.6,1.614,0.71,846.35,,0,0,,official_observed_reference,aed1e151faad6365a28fb8c3120c52cd91824d3018a2b1862aace262a01e92eb
2024-05-31,LOWER PERIYAR,237.74,253,4.55,2.093,246.7,2.11,46,0.971,0.971,official_observed_reference,aed1e151faad6365a28fb8c3120c52cd91824d3018a2b1862aace262a01e92eb
2024-05-31,KAKKAD,181.36,192.63,1.16,0.358,189.7,,0,0,,official_observed_reference,aed1e151faad6365a28fb8c3120c52cd91824d3018a2b1862aace262a01e92eb
2024-06-01,IDUKKI,694.944,732.43,1460,2190,710.733,459.692,31,689.538,675.748,official_observed_reference,141e0f4639f1210aa5836137753c899bb4b6b1e62001f85fd6a151ef6d1107d3
2024-06-01,PAMBA,963.168,986.332,31.001,59.46,964.2,0.74,24,216.638,182.471,official_observed_reference,141e0f4639f1210aa5836137753c899bb4b6b1e62001f85fd6a151ef6d1107d3
2024-06-01,KAKKI,908.304,981.456,446.542,856.467,950.21,112.21,0,0,,official_observed_reference,141e0f4639f1210aa5836137753c899bb4b6b1e62001f85fd6a151ef6d1107d3
2024-06-01,SHOLAYAR,779.374,811.68,149.23,152.065,788.731,17.638,12,17.973,11.764,official_observed_reference,141e0f4639f1210aa5836137753c899bb4b6b1e62001f85fd6a151ef6d1107d3
2024-06-01,IDAMALAYAR,115,169,1017.8,254.45,138.85,287.225,28,71.806,71.806,official_observed_reference,141e0f4639f1210aa5836137753c899bb4b6b1e62001f85fd6a151ef6d1107d3
2024-06-01,KUNDALA,1735.836,1758.696,7.787,22.738,1741,0.991,13,100.422,43.436,official_observed_reference,141e0f4639f1210aa5836137753c899bb4b6b1e62001f85fd6a151ef6d1107d3
2024-06-01,MADUPPATTY,1554.48,1599.59,55.217,161.234,1590.8,33.4,60,0,,official_observed_reference,141e0f4639f1210aa5836137753c899bb4b6b1e62001f85fd6a151ef6d1107d3
2024-06-01,KUTTIADI,737.616,758.037,33.99,42.827,747.614,11.462,34,40.083,38.811,official_observed_reference,141e0f4639f1210aa5836137753c899bb4b6b1e62001f85fd6a151ef6d1107d3
2024-06-01,THARIODE,750.5,775.6,201,253.26,755.9,20.35,10,0,,official_observed_reference,141e0f4639f1210aa5836137753c899bb4b6b1e62001f85fd6a151ef6d1107d3
2024-06-01,ANAYIRANKAL,1188,1207.008,48.968,65.616,1189.8,0.95,2,26.13,9.198,official_observed_reference,141e0f4639f1210aa5836137753c899bb4b6b1e62001f85fd6a151ef6d1107d3
2024-06-01,PONMUDI,678.8,707.745,47.4,63.516,694.3,18.55,39,0,,official_observed_reference,141e0f4639f1210aa5836137753c899bb4b6b1e62001f85fd6a151ef6d1107d3
2024-06-01,NERIAMANGALAM,445,456.59,5.557,4.835,452.35,2.925,53,2.545,1.199,official_observed_reference,141e0f4639f1210aa5836137753c899bb4b6b1e62001f85fd6a151ef6d1107d3
2024-06-01,PORINGAL,405.689,423.976,30.356,10.625,413.8,7.65,25,2.678,2.678,official_observed_reference,141e0f4639f1210aa5836137753c899bb4b6b1e62001f85fd6a151ef6d1107d3
2024-06-01,SENGULAM (SBR),844.86,847.6,1.614,0.71,846.45,,0,0,,official_observed_reference,141e0f4639f1210aa5836137753c899bb4b6b1e62001f85fd6a151ef6d1107d3
2024-06-01,LOWER PERIYAR,237.74,253,4.55,2.093,247,2.19,48,1.007,1.007,official_observed_reference,141e0f4639f1210aa5836137753c899bb4b6b1e62001f85fd6a151ef6d1107d3
2024-06-01,KAKKAD,181.36,192.63,1.16,0.358,186.7,,0,0,,official_observed_reference,141e0f4639f1210aa5836137753c899bb4b6b1e62001f85fd6a151ef6d1107d3
2024-06-02,IDUKKI,694.944,732.43,1460,2190,710.365,456.251,31,684.376,670.688,official_observed_reference,19b66b45206413fdef59dbb343ed8350d572e5a1fdf02e83aacf02d076dddfb3
2024-06-02,PAMBA,963.168,986.332,31.001,59.46,964.3,0.82,23,213.934,180.193,official_observed_reference,19b66b45206413fdef59dbb343ed8350d572e5a1fdf02e83aacf02d076dddfb3
2024-06-02,KAKKI,908.304,981.456,446.542,856.467,949.95,110.72,0,0,,official_observed_reference,19b66b45206413fdef59dbb343ed8350d572e5a1fdf02e83aacf02d076dddfb3
2024-06-02,SHOLAYAR,779.374,811.68,149.23,152.065,788.64,17.375,12,17.705,11.589,official_observed_reference,19b66b45206413fdef59dbb343ed8350d572e5a1fdf02e83aacf02d076dddfb3
2024-06-02,IDAMALAYAR,115,169,1017.8,254.45,138.91,288.335,28,72.084,72.084,official_observed_reference,19b66b45206413fdef59dbb343ed8350d572e5a1fdf02e83aacf02d076dddfb3
2024-06-02,KUNDALA,1735.836,1758.696,7.787,22.738,1741,0.991,13,101.298,43.815,official_observed_reference,19b66b45206413fdef59dbb343ed8350d572e5a1fdf02e83aacf02d076dddfb3
2024-06-02,MADUPPATTY,1554.48,1599.59,55.217,161.234,1590.95,33.7,61,0,,official_observed_reference,19b66b45206413fdef59dbb343ed8350d572e5a1fdf02e83aacf02d076dddfb3
2024-06-02,KUTTIADI,737.616,758.037,33.99,42.827,746.76,10.053,30,37.552,36.36,official_observed_reference,19b66b45206413fdef59dbb343ed8350d572e5a1fdf02e83aacf02d076dddfb3
2024-06-02,THARIODE,750.5,775.6,201,253.26,755.8,19.75,10,0,,official_observed_reference,19b66b45206413fdef59dbb343ed8350d572e5a1fdf02e83aacf02d076dddfb3
2024-06-02,ANAYIRANKAL,1188,1207.008,48.968,65.616,1189.89,1.031,2,25.381,8.934,official_observed_reference,19b66b45206413fdef59dbb343ed8350d572e5a1fdf02e83aacf02d076dddfb3
2024-06-02,PONMUDI,678.8,707.745,47.4,63.516,693.9,17.91,38,0,,official_observed_reference,19b66b45206413fdef59dbb343ed8350d572e5a1fdf02e83aacf02d076dddfb3
2024-06-02,NERIAMANGALAM,445,456.59,5.557,4.835,452.55,3.025,54,2.632,1.24,official_observed_reference,19b66b45206413fdef59dbb343ed8350d572e5a1fdf02e83aacf02d076dddfb3
2024-06-02,PORINGAL,405.689,423.976,30.356,10.625,415.45,10.125,33,3.544,3.544,official_observed_reference,19b66b45206413fdef59dbb343ed8350d572e5a1fdf02e83aacf02d076dddfb3
2024-06-02,SENGULAM (SBR),844.86,847.6,1.614,0.71,846.65,,0,0,,official_observed_reference,19b66b45206413fdef59dbb343ed8350d572e5a1fdf02e83aacf02d076dddfb3
2024-06-02,LOWER PERIYAR,237.74,253,4.55,2.093,247.2,2.26,50,1.04,1.04,official_observed_reference,19b66b45206413fdef59dbb343ed8350d572e5a1fdf02e83aacf02d076dddfb3
2024-06-02,KAKKAD,181.36,192.63,1.16,0.358,188.95,,0,0,,official_observed_reference,19b66b45206413fdef59dbb343ed8350d572e5a1fdf02e83aacf02d076dddfb3
2024-06-03,IDUKKI,694.944,732.43,1460,2190,710.458,450.086,31,675.129,661.626,official_observed_reference,f0f2983d66d5f18217f203c058e29c7957162dd7114c06633d444003fbaa5217
2024-06-03,PAMBA,963.168,986.332,31.001,59.46,964.2,0.74,23,208.947,175.993,official_observed_reference,f0f2983d66d5f18217f203c058e29c7957162dd7114c06633d444003fbaa5217
2024-06-03,KAKKI,908.304,981.456,446.542,856.467,949.498,108.2,0,0,,official_observed_reference,f0f2983d66d5f18217f203c058e29c7957162dd7114c06633d444003fbaa5217
2024-06-03,SHOLAYAR,779.374,811.68,149.23,152.065,788.335,16.497,11,16.81,11.003,official_observed_reference,f0f2983d66d5f18217f203c058e29c7957162dd7114c06633d444003fbaa5217
2024-06-03,IDAMALAYAR,115,169,1017.8,254.45,138.72,284.82,28,71.205,71.205,official_observed_reference,f0f2983d66d5f18217f203c058e29c7957162dd7114c06633d444003fbaa5217
2024-06-03,KUNDALA,1735.836,1758.696,7.787,22.738,1741,0.991,13,102.174,44.194,official_observed_reference,f0f2983d66d5f18217f203c058e29c7957162dd7114c06633d444003fbaa5217
2024-06-03,MADUPPATTY,1554.48,1599.59,55.217,161.234,1591.1,34,62,0,,official_observed_reference,f0f2983d66d5f18217f203c058e29c7957162dd7114c06633d444003fbaa5217
2024-06-03,KUTTIADI,737.616,758.037,33.99,42.827,747.736,11.672,34,39.088,37.847,official_observed_reference,f0f2983d66d5f18217f203c058e29c7957162dd7114c06633d444003fbaa5217
2024-06-03,THARIODE,750.5,775.6,201,253.26,755.7,19.35,10,0,,official_observed_reference,f0f2983d66d5f18217f203c058e29c7957162dd7114c06633d444003fbaa5217
2024-06-03,ANAYIRANKAL,1188,1207.008,48.968,65.616,1189.8,0.95,2,23.879,8.406,official_observed_reference,f0f2983d66d5f18217f203c058e29c7957162dd7114c06633d444003fbaa5217
2024-06-03,PONMUDI,678.8,707.745,47.4,63.516,693.25,16.87,36,0,,official_observed_reference,f0f2983d66d5f18217f203c058e29c7957162dd7114c06633d444003fbaa5217
2024-06-03,NERIAMANGALAM,445,456.59,5.557,4.835,452.5,3,54,2.61,1.229,official_observed_reference,f0f2983d66d5f18217f203c058e29c7957162dd7114c06633d444003fbaa5217
2024-06-03,PORINGAL,405.689,423.976,30.356,10.625,415.75,10.6,35,3.71,3.71,official_observed_reference,f0f2983d66d5f18217f203c058e29c7957162dd7114c06633d444003fbaa5217
2024-06-03,SENGULAM (SBR),844.86,847.6,1.614,0.71,846.7,,0,0,,official_observed_reference,f0f2983d66d5f18217f203c058e29c7957162dd7114c06633d444003fbaa5217
2024-06-03,LOWER PERIYAR,237.74,253,4.55,2.093,247.8,2.45,54,1.127,1.127,official_observed_reference,f0f2983d66d5f18217f203c058e29c7957162dd7114c06633d444003fbaa5217
2024-06-03,KAKKAD,181.36,192.63,1.16,0.358,190.35,,0,0,,official_observed_reference,f0f2983d66d5f18217f203c058e29c7957162dd7114c06633d444003fbaa5217
2024-06-04,IDUKKI,694.944,732.43,1460,2190,710.227,441.973,30,662.96,649.7,official_observed_reference,cd649a05b7d4dea843fec158c966ec68919348c963480b199232c221dd45ef87
2024-06-04,PAMBA,963.168,986.332,31.001,59.46,964.15,0.7,22,203.768,171.631,official_observed_reference,cd649a05b7d4dea843fec158c966ec68919348c963480b199232c221dd45ef87
2024-06-04,KAKKI,908.304,981.456,446.542,856.467,949.034,105.54,0,0,,official_observed_reference,cd649a05b7d4dea843fec158c966ec68919348c963480b199232c221dd45ef87
2024-06-04,SHOLAYAR,779.374,811.68,149.23,152.065,787.847,15.126,10,15.413,10.089,official_observed_reference,cd649a05b7d4dea843fec158c966ec68919348c963480b199232c221dd45ef87
2024-06-04,IDAMALAYAR,115,169,1017.8,254.45,138.53,281.305,28,70.326,70.326,official_observed_reference,cd649a05b7d4dea843fec158c966ec68919348c963480b199232c221dd45ef87
2024-06-04,KUNDALA,1735.836,1758.696,7.787,22.738,1741,0.991,13,101.882,44.067,official_observed_reference,cd649a05b7d4dea843fec158c966ec68919348c963480b199232c221dd45ef87
2024-06-04,MADUPPATTY,1554.48,1599.59,55.217,161.234,1591.05,33.9,61,0,,official_observed_reference,cd649a05b7d4dea843fec158c966ec68919348c963480b199232c221dd45ef87
2024-06-04,KUTTIADI,737.616,758.037,33.99,42.827,746.76,10.053,30,36.292,35.14,official_observed_reference,cd649a05b7d4dea843fec158c966ec68919348c963480b199232c221dd45ef87
2024-06-04,THARIODE,750.5,775.6,201,253.26,755.6,18.75,9,0,,official_observed_reference,cd649a05b7d4dea843fec158c966ec68919348c963480b199232c221dd45ef87
2024-06-04,ANAYIRANKAL,1188,1207.008,48.968,65.616,1189.8,0.95,2,22.056,7.764,official_observed_reference,cd649a05b7d4dea843fec158c966ec68919348c963480b199232c221dd45ef87
2024-06-04,PONMUDI,678.8,707.745,47.4,63.516,692.4,15.51,33,0,,official_observed_reference,cd649a05b7d4dea843fec158c966ec68919348c963480b199232c221dd45ef87
2024-06-04,NERIAMANGALAM,445,456.59,5.557,4.835,452.35,2.92,53,2.54,1.197,official_observed_reference,cd649a05b7d4dea843fec158c966ec68919348c963480b199232c221dd45ef87
2024-06-04,PORINGAL,405.689,423.976,30.356,10.625,415.9,10.9,36,3.815,3.815,official_observed_reference,cd649a05b7d4dea843fec158c966ec68919348c963480b199232c221dd45ef87
2024-06-04,SENGULAM (SBR),844.86,847.6,1.614,0.71,846.5,,0,0,,official_observed_reference,cd649a05b7d4dea843fec158c966ec68919348c963480b199232c221dd45ef87
2024-06-04,LOWER PERIYAR,237.74,253,4.55,2.093,247.5,2.36,52,1.086,1.086,official_observed_reference,cd649a05b7d4dea843fec158c966ec68919348c963480b199232c221dd45ef87
2024-06-04,KAKKAD,181.36,192.63,1.16,0.358,189.6,,0,0,,official_observed_reference,cd649a05b7d4dea843fec158c966ec68919348c963480b199232c221dd45ef87
2024-06-05,IDUKKI,694.944,732.43,1460,2190,710.074,436.635,30,654.953,641.853,official_observed_reference,56ffac75841acd07511423e8b94ae8e7fb9b87d632d1a21d4e0dc7844fbc48ef
2024-06-05,PAMBA,963.168,986.332,31.001,59.46,964.1,0.66,22,199.021,167.632,official_observed_reference,56ffac75841acd07511423e8b94ae8e7fb9b87d632d1a21d4e0dc7844fbc48ef
2024-06-05,KAKKI,908.304,981.456,446.542,856.467,948.583,103.105,0,0,,official_observed_reference,56ffac75841acd07511423e8b94ae8e7fb9b87d632d1a21d4e0dc7844fbc48ef
2024-06-05,SHOLAYAR,779.374,811.68,149.23,152.065,787.451,14.05,9,14.317,9.371,official_observed_reference,56ffac75841acd07511423e8b94ae8e7fb9b87d632d1a21d4e0dc7844fbc48ef
2024-06-05,IDAMALAYAR,115,169,1017.8,254.45,138.32,277.42,27,69.355,69.355,official_observed_reference,56ffac75841acd07511423e8b94ae8e7fb9b87d632d1a21d4e0dc7844fbc48ef
2024-06-05,KUNDALA,1735.836,1758.696,7.787,22.738,1741,0.991,13,101.59,43.941,official_observed_reference,56ffac75841acd07511423e8b94ae8e7fb9b87d632d1a21d4e0dc7844fbc48ef
2024-06-05,MADUPPATTY,1554.48,1599.59,55.217,161.234,1591,33.8,61,0,,official_observed_reference,56ffac75841acd07511423e8b94ae8e7fb9b87d632d1a21d4e0dc7844fbc48ef
2024-06-05,KUTTIADI,737.616,758.037,33.99,42.827,746.395,9.479,28,34.687,33.585,official_observed_reference,56ffac75841acd07511423e8b94ae8e7fb9b87d632d1a21d4e0dc7844fbc48ef
2024-06-05,THARIODE,750.5,775.6,201,253.26,755.45,18.05,9,0,,official_observed_reference,56ffac75841acd07511423e8b94ae8e7fb9b87d632d1a21d4e0dc7844fbc48ef
2024-06-05,ANAYIRANKAL,1188,1207.008,48.968,65.616,1189.8,0.95,2,20.663,7.274,official_observed_reference,56ffac75841acd07511423e8b94ae8e7fb9b87d632d1a21d4e0dc7844fbc48ef
2024-06-05,PONMUDI,678.8,707.745,47.4,63.516,691.75,14.47,31,0,,official_observed_reference,56ffac75841acd07511423e8b94ae8e7fb9b87d632d1a21d4e0dc7844fbc48ef
2024-06-05,NERIAMANGALAM,445,456.59,5.557,4.835,452.2,2.85,51,2.48,1.168,official_observed_reference,56ffac75841acd07511423e8b94ae8e7fb9b87d632d1a21d4e0dc7844fbc48ef
2024-06-05,PORINGAL,405.689,423.976,30.356,10.625,416.15,11.4,38,3.99,3.99,official_observed_reference,56ffac75841acd07511423e8b94ae8e7fb9b87d632d1a21d4e0dc7844fbc48ef
2024-06-05,SENGULAM (SBR),844.86,847.6,1.614,0.71,846.65,,0,0,,official_observed_reference,56ffac75841acd07511423e8b94ae8e7fb9b87d632d1a21d4e0dc7844fbc48ef
2024-06-05,LOWER PERIYAR,237.74,253,4.55,2.093,247.6,2.39,53,1.099,1.099,official_observed_reference,56ffac75841acd07511423e8b94ae8e7fb9b87d632d1a21d4e0dc7844fbc48ef
2024-06-05,KAKKAD,181.36,192.63,1.16,0.358,188.95,,0,0,,official_observed_reference,56ffac75841acd07511423e8b94ae8e7fb9b87d632d1a21d4e0dc7844fbc48ef
2024-06-06,IDUKKI,694.944,732.43,1460,2190,710.019,434.713,30,652.07,639.028,official_observed_reference,24f5b48327cb8e1f66d5b338d371313878c033380a85c1677513e2e7085f2bd8
2024-06-06,PAMBA,963.168,986.332,31.001,59.46,964.2,0.74,21,194.587,163.897,official_observed_reference,24f5b48327cb8e1f66d5b338d371313878c033380a85c1677513e2e7085f2bd8
2024-06-06,KAKKI,908.304,981.456,446.542,856.467,948.126,100.713,0,0,,official_observed_reference,24f5b48327cb8e1f66d5b338d371313878c033380a85c1677513e2e7085f2bd8
2024-06-06,SHOLAYAR,779.374,811.68,149.23,152.065,787.055,13.042,9,13.289,8.699,official_observed_reference,24f5b48327cb8e1f66d5b338d371313878c033380a85c1677513e2e7085f2bd8
2024-06-06,IDAMALAYAR,115,169,1017.8,254.45,138.18,274.83,27,68.708,68.708,official_observed_reference,24f5b48327cb8e1f66d5b338d371313878c033380a85c1677513e2e7085f2bd8
2024-06-06,KUNDALA,1735.836,1758.696,7.787,22.738,1741,0.991,13,101.298,43.815,official_observed_reference,24f5b48327cb8e1f66d5b338d371313878c033380a85c1677513e2e7085f2bd8
2024-06-06,MADUPPATTY,1554.48,1599.59,55.217,161.234,1590.95,33.7,61,0,,official_observed_reference,24f5b48327cb8e1f66d5b338d371313878c033380a85c1677513e2e7085f2bd8
2024-06-06,KUTTIADI,737.616,758.037,33.99,42.827,746.791,10.102,30,35.094,33.979,official_observed_reference,24f5b48327cb8e1f66d5b338d371313878c033380a85c1677513e2e7085f2bd8
2024-06-06,THARIODE,750.5,775.6,201,253.26,755.4,17.75,9,0,,official_observed_reference,24f5b48327cb8e1f66d5b338d371313878c033380a85c1677513e2e7085f2bd8
2024-06-06,ANAYIRANKAL,1188,1207.008,48.968,65.616,1189.8,0.95,2,18.84,6.632,official_observed_reference,24f5b48327cb8e1f66d5b338d371313878c033380a85c1677513e2e7085f2bd8
2024-06-06,PONMUDI,678.8,707.745,47.4,63.516,690.9,13.11,28,0,,official_observed_reference,24f5b48327cb8e1f66d5b338d371313878c033380a85c1677513e2e7085f2bd8
2024-06-06,NERIAMANGALAM,445,456.59,5.557,4.835,453.1,3.32,60,2.888,1.361,official_observed_reference,24f5b48327cb8e1f66d5b338d371313878c033380a85c1677513e2e7085f2bd8
2024-06-06,PORINGAL,405.689,423.976,30.356,10.625,416.3,11.7,39,4.095,4.095,official_observed_reference,24f5b48327cb8e1f66d5b338d371313878c033380a85c1677513e2e7085f2bd8
2024-06-06,SENGULAM (SBR),844.86,847.6,1.614,0.71,846.6,,0,0,,official_observed_reference,24f5b48327cb8e1f66d5b338d371313878c033380a85c1677513e2e7085f2bd8
2024-06-06,LOWER PERIYAR,237.74,253,4.55,2.093,249.5,3.08,68,1.417,1.417,official_observed_reference,24f5b48327cb8e1f66d5b338d371313878c033380a85c1677513e2e7085f2bd8
2024-06-06,KAKKAD,181.36,192.63,1.16,0.358,188.05,,0,0,,official_observed_reference,24f5b48327cb8e1f66d5b338d371313878c033380a85c1677513e2e7085f2bd8
2024-06-07,IDUKKI,694.944,732.43,1460,2190,709.983,433.432,30,650.148,637.145,official_observed_reference,98ab064df3ba357632b32d9af1f511053d3d79779d0f75f4ebffc9bf7f323996
2024-06-07,PAMBA,963.168,986.332,31.001,59.46,964.3,0.82,21,191.225,161.065,official_observed_reference,98ab064df3ba357632b32d9af1f511053d3d79779d0f75f4ebffc9bf7f323996
2024-06-07,KAKKI,908.304,981.456,446.542,856.467,947.784,98.88,0,0,,official_observed_reference,98ab064df3ba357632b32d9af1f511053d3d79779d0f75f4ebffc9bf7f323996
2024-06-07,SHOLAYAR,779.374,811.68,149.23,152.065,786.841,12.535,8,12.773,8.361,official_observed_reference,98ab064df3ba357632b32d9af1f511053d3d79779d0f75f4ebffc9bf7f323996
2024-06-07,IDAMALAYAR,115,169,1017.8,254.45,138.08,272.98,27,68.245,68.245,official_observed_reference,98ab064df3ba357632b32d9af1f511053d3d79779d0f75f4ebffc9bf7f323996
2024-06-07,KUNDALA,1735.836,1758.696,7.787,22.738,1741,0.991,13,101.006,43.688,official_observed_reference,98ab064df3ba357632b32d9af1f511053d3d79779d0f75f4ebffc9bf7f323996
2024-06-07,MADUPPATTY,1554.48,1599.59,55.217,161.234,1590.9,33.6,61,0,,official_observed_reference,98ab064df3ba357632b32d9af1f511053d3d79779d0f75f4ebffc9bf7f323996
2024-06-07,KUTTIADI,737.616,758.037,33.99,42.827,746.821,10.151,30,34.651,33.551,official_observed_reference,98ab064df3ba357632b32d9af1f511053d3d79779d0f75f4ebffc9bf7f323996
2024-06-07,THARIODE,750.5,775.6,201,253.26,755.3,17.35,9,0,,official_observed_reference,98ab064df3ba357632b32d9af1f511053d3d79779d0f75f4ebffc9bf7f323996
2024-06-07,ANAYIRANKAL,1188,1207.008,48.968,65.616,1189.8,0.95,2,17.876,6.292,official_observed_reference,98ab064df3ba357632b32d9af1f511053d3d79779d0f75f4ebffc9bf7f323996
2024-06-07,PONMUDI,678.8,707.745,47.4,63.516,690.45,12.39,26,0,,official_observed_reference,98ab064df3ba357632b32d9af1f511053d3d79779d0f75f4ebffc9bf7f323996
2024-06-07,NERIAMANGALAM,445,456.59,5.557,4.835,453.15,3.35,60,2.915,1.373,official_observed_reference,98ab064df3ba357632b32d9af1f511053d3d79779d0f75f4ebffc9bf7f323996
2024-06-07,PORINGAL,405.689,423.976,30.356,10.625,416.75,12.6,42,4.41,4.41,official_observed_reference,98ab064df3ba357632b32d9af1f511053d3d79779d0f75f4ebffc9bf7f323996
2024-06-07,SENGULAM (SBR),844.86,847.6,1.614,0.71,846.8,,0,0,,official_observed_reference,98ab064df3ba357632b32d9af1f511053d3d79779d0f75f4ebffc9bf7f323996
2024-06-07,LOWER PERIYAR,237.74,253,4.55,2.093,248.7,2.76,61,1.27,1.27,official_observed_reference,98ab064df3ba357632b32d9af1f511053d3d79779d0f75f4ebffc9bf7f323996
2024-06-07,KAKKAD,181.36,192.63,1.16,0.358,186.25,,0,0,,official_observed_reference,98ab064df3ba357632b32d9af1f511053d3d79779d0f75f4ebffc9bf7f323996
2024-06-08,IDUKKI,694.944,732.43,1460,2190,710.007,434.286,30,651.429,638.4,official_observed_reference,f243aa36a1426d8aea04816e4f01090842a0cf33e1ffcb3fda7df956704b9c4a
2024-06-08,PAMBA,963.168,986.332,31.001,59.46,965.35,1.66,21,193.459,162.947,official_observed_reference,f243aa36a1426d8aea04816e4f01090842a0cf33e1ffcb3fda7df956704b9c4a
2024-06-08,KAKKI,908.304,981.456,446.542,856.467,947.839,99.205,0,0,,official_observed_reference,f243aa36a1426d8aea04816e4f01090842a0cf33e1ffcb3fda7df956704b9c4a
2024-06-08,SHOLAYAR,779.374,811.68,149.23,152.065,787.298,13.653,9,13.913,9.107,official_observed_reference,f243aa36a1426d8aea04816e4f01090842a0cf33e1ffcb3fda7df956704b9c4a
2024-06-08,IDAMALAYAR,115,169,1017.8,254.45,138.23,275.75,27,68.938,68.938,official_observed_reference,f243aa36a1426d8aea04816e4f01090842a0cf33e1ffcb3fda7df956704b9c4a
2024-06-08,KUNDALA,1735.836,1758.696,7.787,22.738,1741,0.991,13,101.006,43.688,official_observed_reference,f243aa36a1426d8aea04816e4f01090842a0cf33e1ffcb3fda7df956704b9c4a
2024-06-08,MADUPPATTY,1554.48,1599.59,55.217,161.234,1590.9,33.6,61,0,,official_observed_reference,f243aa36a1426d8aea04816e4f01090842a0cf33e1ffcb3fda7df956704b9c4a
2024-06-08,KUTTIADI,737.616,758.037,33.99,42.827,747.37,11.049,33,35.783,34.647,official_observed_reference,f243aa36a1426d8aea04816e4f01090842a0cf33e1ffcb3fda7df956704b9c4a
2024-06-08,THARIODE,750.5,775.6,201,253.26,755.3,17.35,9,0,,official_observed_reference,f243aa36a1426d8aea04816e4f01090842a0cf33e1ffcb3fda7df956704b9c4a
2024-06-08,ANAYIRANKAL,1188,1207.008,48.968,65.616,1189.8,0.95,2,18.626,6.557,official_observed_reference,f243aa36a1426d8aea04816e4f01090842a0cf33e1ffcb3fda7df956704b9c4a
2024-06-08,PONMUDI,678.8,707.745,47.4,63.516,690.8,12.95,27,0,,official_observed_reference,f243aa36a1426d8aea04816e4f01090842a0cf33e1ffcb3fda7df956704b9c4a
2024-06-08,NERIAMANGALAM,445,456.59,5.557,4.835,453.2,3.38,61,2.941,1.385,official_observed_reference,f243aa36a1426d8aea04816e4f01090842a0cf33e1ffcb3fda7df956704b9c4a
2024-06-08,PORINGAL,405.689,423.976,30.356,10.625,417.2,13.5,44,4.725,4.725,official_observed_reference,f243aa36a1426d8aea04816e4f01090842a0cf33e1ffcb3fda7df956704b9c4a
2024-06-08,SENGULAM (SBR),844.86,847.6,1.614,0.71,846.85,,0,0,,official_observed_reference,f243aa36a1426d8aea04816e4f01090842a0cf33e1ffcb3fda7df956704b9c4a
2024-06-08,LOWER PERIYAR,237.74,253,4.55,2.093,250.8,3.6,79,1.656,1.656,official_observed_reference,f243aa36a1426d8aea04816e4f01090842a0cf33e1ffcb3fda7df956704b9c4a
2024-06-08,KAKKAD,181.36,192.63,1.16,0.358,188.65,,0,0,,official_observed_reference,f243aa36a1426d8aea04816e4f01090842a0cf33e1ffcb3fda7df956704b9c4a
2024-06-09,IDUKKI,694.944,732.43,1460,2190,710.111,437.916,30,656.874,643.737,official_observed_reference,cc153e58c61092b0332f4c3ceabb147721a44e9c92f64bb53246814550b51ff5
2024-06-09,PAMBA,963.168,986.332,31.001,59.46,965.75,1.98,21,194.946,164.199,official_observed_reference,cc153e58c61092b0332f4c3ceabb147721a44e9c92f64bb53246814550b51ff5
2024-06-09,KAKKI,908.304,981.456,446.542,856.467,947.928,99.66,0,0,,official_observed_reference,cc153e58c61092b0332f4c3ceabb147721a44e9c92f64bb53246814550b51ff5
2024-06-09,SHOLAYAR,779.374,811.68,149.23,152.065,787.512,14.208,10,14.478,9.477,official_observed_reference,cc153e58c61092b0332f4c3ceabb147721a44e9c92f64bb53246814550b51ff5
2024-06-09,IDAMALAYAR,115,169,1017.8,254.45,138.32,277.42,27,69.355,69.355,official_observed_reference,cc153e58c61092b0332f4c3ceabb147721a44e9c92f64bb53246814550b51ff5
2024-06-09,KUNDALA,1735.836,1758.696,7.787,22.738,1741,0.991,13,102.174,44.194,official_observed_reference,cc153e58c61092b0332f4c3ceabb147721a44e9c92f64bb53246814550b51ff5
2024-06-09,MADUPPATTY,1554.48,1599.59,55.217,161.234,1591.1,34,62,0,,official_observed_reference,cc153e58c61092b0332f4c3ceabb147721a44e9c92f64bb53246814550b51ff5
2024-06-09,KUTTIADI,737.616,758.037,33.99,42.827,747.766,11.725,34,36.257,35.106,official_observed_reference,cc153e58c61092b0332f4c3ceabb147721a44e9c92f64bb53246814550b51ff5
2024-06-09,THARIODE,750.5,775.6,201,253.26,755.25,17.05,8,0,,official_observed_reference,cc153e58c61092b0332f4c3ceabb147721a44e9c92f64bb53246814550b51ff5
2024-06-09,ANAYIRANKAL,1188,1207.008,48.968,65.616,1189.8,0.95,2,20.127,7.085,official_observed_reference,cc153e58c61092b0332f4c3ceabb147721a44e9c92f64bb53246814550b51ff5
2024-06-09,PONMUDI,678.8,707.745,47.4,63.516,691.5,14.07,30,0,,official_observed_reference,cc153e58c61092b0332f4c3ceabb147721a44e9c92f64bb53246814550b51ff5
2024-06-09,NERIAMANGALAM,445,456.59,5.557,4.835,452.85,3.175,57,2.762,1.301,official_observed_reference,cc153e58c61092b0332f4c3ceabb147721a44e9c92f64bb53246814550b51ff5
2024-06-09,PORINGAL,405.689,423.976,30.356,10.625,417.85,14.8,49,5.18,5.18,official_observed_reference,cc153e58c61092b0332f4c3ceabb147721a44e9c92f64bb53246814550b51ff5
2024-06-09,SENGULAM (SBR),844.86,847.6,1.614,0.71,846.6,,0,0,,official_observed_reference,cc153e58c61092b0332f4c3ceabb147721a44e9c92f64bb53246814550b51ff5
2024-06-09,LOWER PERIYAR,237.74,253,4.55,2.093,248,2.51,55,1.155,1.155,official_observed_reference,cc153e58c61092b0332f4c3ceabb147721a44e9c92f64bb53246814550b51ff5
2024-06-09,KAKKAD,181.36,192.63,1.16,0.358,186.5,,0,0,,official_observed_reference,cc153e58c61092b0332f4c3ceabb147721a44e9c92f64bb53246814550b51ff5
2024-06-10,IDUKKI,694.944,732.43,1460,2190,710.16,439.624,30,659.436,646.247,official_observed_reference,d44f87f7df67b7c43f37c92537ce786b4d632686168e3d6805c8642d3ff937a4
2024-06-10,PAMBA,963.168,986.332,31.001,59.46,965.45,1.74,22,197.013,165.941,official_observed_reference,d44f87f7df67b7c43f37c92537ce786b4d632686168e3d6805c8642d3ff937a4
2024-06-10,KAKKI,908.304,981.456,446.542,856.467,948.175,100.978,0,0,,official_observed_reference,d44f87f7df67b7c43f37c92537ce786b4d632686168e3d6805c8642d3ff937a4
2024-06-10,SHOLAYAR,779.374,811.68,149.23,152.065,787.573,14.367,10,14.64,9.583,official_observed_reference,d44f87f7df67b7c43f37c92537ce786b4d632686168e3d6805c8642d3ff937a4
2024-06-10,IDAMALAYAR,115,169,1017.8,254.45,138.32,277.42,27,69.355,69.355,official_observed_reference,d44f87f7df67b7c43f37c92537ce786b4d632686168e3d6805c8642d3ff937a4
2024-06-10,KUNDALA,1735.836,1758.696,7.787,22.738,1741,0.991,13,102.466,44.32,official_observed_reference,d44f87f7df67b7c43f37c92537ce786b4d632686168e3d6805c8642d3ff937a4
2024-06-10,MADUPPATTY,1554.48,1599.59,55.217,161.234,1591.15,34.1,62,0,,official_observed_reference,d44f87f7df67b7c43f37c92537ce786b4d632686168e3d6805c8642d3ff937a4
2024-06-10,KUTTIADI,737.616,758.037,33.99,42.827,748.254,12.539,37,37.282,36.098,official_observed_reference,d44f87f7df67b7c43f37c92537ce786b4d632686168e3d6805c8642d3ff937a4
2024-06-10,THARIODE,750.5,775.6,201,253.26,755.25,17.05,8,0,,official_observed_reference,d44f87f7df67b7c43f37c92537ce786b4d632686168e3d6805c8642d3ff937a4
2024-06-10,ANAYIRANKAL,1188,1207.008,48.968,65.616,1189.8,0.95,2,19.698,6.934,official_observed_reference,d44f87f7df67b7c43f37c92537ce786b4d632686168e3d6805c8642d3ff937a4
2024-06-10,PONMUDI,678.8,707.745,47.4,63.516,691.3,13.75,29,0,,official_observed_reference,d44f87f7df67b7c43f37c92537ce786b4d632686168e3d6805c8642d3ff937a4
2024-06-10,NERIAMANGALAM,445,456.59,5.557,4.835,452.6,3.05,55,2.654,1.25,official_observed_reference,d44f87f7df67b7c43f37c92537ce786b4d632686168e3d6805c8642d3ff937a4
2024-06-10,PORINGAL,405.689,423.976,30.356,10.625,417.8,14.7,48,5.145,5.145,official_observed_reference,d44f87f7df67b7c43f37c92537ce786b4d632686168e3d6805c8642d3ff937a4
2024-06-10,SENGULAM (SBR),844.86,847.6,1.614,0.71,846.75,,0,0,,official_observed_reference,d44f87f7df67b7c43f37c92537ce786b4d632686168e3d6805c8642d3ff937a4
2024-06-10,LOWER PERIYAR,237.74,253,4.55,2.093,247.1,2.23,49,1.026,1.026,official_observed_reference,d44f87f7df67b7c43f37c92537ce786b4d632686168e3d6805c8642d3ff937a4
2024-06-10,KAKKAD,181.36,192.63,1.16,0.358,188.3,,0,0,,official_observed_reference,d44f87f7df67b7c43f37c92537ce786b4d632686168e3d6805c8642d3ff937a4
2024-06-11,IDUKKI,694.944,732.43,1460,2190,710.184,440.478,30,660.717,647.503,official_observed_reference,82665c168015b23e9bfb06bb28c1c1c68ecc58c141d880faab4878f11b0c2dc8
2024-06-11,PAMBA,963.168,986.332,31.001,59.46,965.15,1.5,21,194.15,163.529,official_observed_reference,82665c168015b23e9bfb06bb28c1c1c68ecc58c141d880faab4878f11b0c2dc8
2024-06-11,KAKKI,908.304,981.456,446.542,856.467,947.943,99.725,0,0,,official_observed_reference,82665c168015b23e9bfb06bb28c1c1c68ecc58c141d880faab4878f11b0c2dc8
2024-06-11,SHOLAYAR,779.374,811.68,149.23,152.065,787.512,14.208,10,14.478,9.477,official_observed_reference,82665c168015b23e9bfb06bb28c1c1c68ecc58c141d880faab4878f11b0c2dc8
2024-06-11,IDAMALAYAR,115,169,1017.8,254.45,138.19,275.015,27,68.754,68.754,official_observed_reference,82665c168015b23e9bfb06bb28c1c1c68ecc58c141d880faab4878f11b0c2dc8
2024-06-11,KUNDALA,1735.836,1758.696,7.787,22.738,1741,0.991,13,102.758,44.446,official_observed_reference,82665c168015b23e9bfb06bb28c1c1c68ecc58c141d880faab4878f11b0c2dc8
2024-06-11,MADUPPATTY,1554.48,1599.59,55.217,161.234,1591.2,34.2,62,0,,official_observed_reference,82665c168015b23e9bfb06bb28c1c1c68ecc58c141d880faab4878f11b0c2dc8
2024-06-11,KUTTIADI,737.616,758.037,33.99,42.827,748.528,13.015,38,38.512,37.289,official_observed_reference,82665c168015b23e9bfb06bb28c1c1c68ecc58c141d880faab4878f11b0c2dc8
2024-06-11,THARIODE,750.5,775.6,201,253.26,755.35,17.55,9,0,,official_observed_reference,82665c168015b23e9bfb06bb28c1c1c68ecc58c141d880faab4878f11b0c2dc8
2024-06-11,ANAYIRANKAL,1188,1207.008,48.968,65.616,1189.8,0.95,2,18.626,6.557,official_observed_reference,82665c168015b23e9bfb06bb28c1c1c68ecc58c141d880faab4878f11b0c2dc8
2024-06-11,PONMUDI,678.8,707.745,47.4,63.516,690.8,12.95,27,0,,official_observed_reference,82665c168015b23e9bfb06bb28c1c1c68ecc58c141d880faab4878f11b0c2dc8
2024-06-11,NERIAMANGALAM,445,456.59,5.557,4.835,452.8,3.15,57,2.741,1.291,official_observed_reference,82665c168015b23e9bfb06bb28c1c1c68ecc58c141d880faab4878f11b0c2dc8
2024-06-11,PORINGAL,405.689,423.976,30.356,10.625,417.8,14.7,48,5.145,5.145,official_observed_reference,82665c168015b23e9bfb06bb28c1c1c68ecc58c141d880faab4878f11b0c2dc8
2024-06-11,SENGULAM (SBR),844.86,847.6,1.614,0.71,846.6,,0,0,,official_observed_reference,82665c168015b23e9bfb06bb28c1c1c68ecc58c141d880faab4878f11b0c2dc8
2024-06-11,LOWER PERIYAR,237.74,253,4.55,2.093,247.9,2.48,55,1.141,1.141,official_observed_reference,82665c168015b23e9bfb06bb28c1c1c68ecc58c141d880faab4878f11b0c2dc8
2024-06-11,KAKKAD,181.36,192.63,1.16,0.358,188.35,,0,0,,official_observed_reference,82665c168015b23e9bfb06bb28c1c1c68ecc58c141d880faab4878f11b0c2dc8
2024-06-12,IDUKKI,694.944,732.43,1460,2190,710.184,440.478,30,660.717,647.503,official_observed_reference,87624565aa323b6c8c8d172b8917c837885bbbeb80f9289bf6a8aa8bd6eb3126
2024-06-12,PAMBA,963.168,986.332,31.001,59.46,964.95,1.34,21,191.474,161.275,official_observed_reference,87624565aa323b6c8c8d172b8917c837885bbbeb80f9289bf6a8aa8bd6eb3126
2024-06-12,KAKKI,908.304,981.456,446.542,856.467,947.696,98.49,0,0,,official_observed_reference,87624565aa323b6c8c8d172b8917c837885bbbeb80f9289bf6a8aa8bd6eb3126
2024-06-12,SHOLAYAR,779.374,811.68,149.23,152.065,787.481,14.123,9,14.392,9.42,official_observed_reference,87624565aa323b6c8c8d172b8917c837885bbbeb80f9289bf6a8aa8bd6eb3126
2024-06-12,IDAMALAYAR,115,169,1017.8,254.45,138.08,272.98,27,68.245,68.245,official_observed_reference,87624565aa323b6c8c8d172b8917c837885bbbeb80f9289bf6a8aa8bd6eb3126
2024-06-12,KUNDALA,1735.836,1758.696,7.787,22.738,1741,0.991,13,103.05,44.573,official_observed_reference,87624565aa323b6c8c8d172b8917c837885bbbeb80f9289bf6a8aa8bd6eb3126
2024-06-12,MADUPPATTY,1554.48,1599.59,55.217,161.234,1591.25,34.3,62,0,,official_observed_reference,87624565aa323b6c8c8d172b8917c837885bbbeb80f9289bf6a8aa8bd6eb3126
2024-06-12,KUTTIADI,737.616,758.037,33.99,42.827,748.589,13.119,39,38.642,37.416,official_observed_reference,87624565aa323b6c8c8d172b8917c837885bbbeb80f9289bf6a8aa8bd6eb3126
2024-06-12,THARIODE,750.5,775.6,201,253.26,755.35,17.55,9,0,,official_observed_reference,87624565aa323b6c8c8d172b8917c837885bbbeb80f9289bf6a8aa8bd6eb3126
2024-06-12,ANAYIRANKAL,1188,1207.008,48.968,65.616,1189.8,0.95,2,18.197,6.406,official_observed_reference,87624565aa323b6c8c8d172b8917c837885bbbeb80f9289bf6a8aa8bd6eb3126
2024-06-12,PONMUDI,678.8,707.745,47.4,63.516,690.6,12.63,27,0,,official_observed_reference,87624565aa323b6c8c8d172b8917c837885bbbeb80f9289bf6a8aa8bd6eb3126
2024-06-12,NERIAMANGALAM,445,456.59,5.557,4.835,452.7,3.1,56,2.697,1.27,official_observed_reference,87624565aa323b6c8c8d172b8917c837885bbbeb80f9289bf6a8aa8bd6eb3126
2024-06-12,PORINGAL,405.689,423.976,30.356,10.625,417.4,13.9,46,4.865,4.865,official_observed_reference,87624565aa323b6c8c8d172b8917c837885bbbeb80f9289bf6a8aa8bd6eb3126
2024-06-12,SENGULAM (SBR),844.86,847.6,1.614,0.71,846.7,,0,0,,official_observed_reference,87624565aa323b6c8c8d172b8917c837885bbbeb80f9289bf6a8aa8bd6eb3126
2024-06-12,LOWER PERIYAR,237.74,253,4.55,2.093,248.1,2.54,56,1.168,1.168,official_observed_reference,87624565aa323b6c8c8d172b8917c837885bbbeb80f9289bf6a8aa8bd6eb3126
2024-06-12,KAKKAD,181.36,192.63,1.16,0.358,189.4,,0,0,,official_observed_reference,87624565aa323b6c8c8d172b8917c837885bbbeb80f9289bf6a8aa8bd6eb3126
2024-06-13,IDUKKI,694.944,732.43,1460,2190,710.141,438.984,30,658.476,645.306,official_observed_reference,0f6ae193832a879abffe2224232ffb13221728fb16ad59f2601afb2bf2755b02
2024-06-13,PAMBA,963.168,986.332,31.001,59.46,964.75,1.18,20,187.582,157.998,official_observed_reference,0f6ae193832a879abffe2224232ffb13221728fb16ad59f2601afb2bf2755b02
2024-06-13,KAKKI,908.304,981.456,446.542,856.467,947.342,96.621,0,0,,official_observed_reference,0f6ae193832a879abffe2224232ffb13221728fb16ad59f2601afb2bf2755b02
2024-06-13,SHOLAYAR,779.374,811.68,149.23,152.065,787.32,13.733,9,13.993,9.16,official_observed_reference,0f6ae193832a879abffe2224232ffb13221728fb16ad59f2601afb2bf2755b02
2024-06-13,IDAMALAYAR,115,169,1017.8,254.45,137.92,270.02,27,67.505,67.505,official_observed_reference,0f6ae193832a879abffe2224232ffb13221728fb16ad59f2601afb2bf2755b02
2024-06-13,KUNDALA,1735.836,1758.696,7.787,22.738,1741,0.991,13,102.758,44.446,official_observed_reference,0f6ae193832a879abffe2224232ffb13221728fb16ad59f2601afb2bf2755b02
2024-06-13,MADUPPATTY,1554.48,1599.59,55.217,161.234,1591.2,34.2,62,0,,official_observed_reference,0f6ae193832a879abffe2224232ffb13221728fb16ad59f2601afb2bf2755b02
2024-06-13,KUTTIADI,737.616,758.037,33.99,42.827,748.955,13.756,40,39.446,38.194,official_observed_reference,0f6ae193832a879abffe2224232ffb13221728fb16ad59f2601afb2bf2755b02
2024-06-13,THARIODE,750.5,775.6,201,253.26,755.35,17.55,9,0,,official_observed_reference,0f6ae193832a879abffe2224232ffb13221728fb16ad59f2601afb2bf2755b02
2024-06-13,ANAYIRANKAL,1188,1207.008,48.968,65.616,1189.8,0.95,2,17.38,6.118,official_observed_reference,0f6ae193832a879abffe2224232ffb13221728fb16ad59f2601afb2bf2755b02
2024-06-13,PONMUDI,678.8,707.745,47.4,63.516,690.2,12.02,25,0,,official_observed_reference,0f6ae193832a879abffe2224232ffb13221728fb16ad59f2601afb2bf2755b02
2024-06-13,NERIAMANGALAM,445,456.59,5.557,4.835,452.65,3.075,55,2.675,1.26,official_observed_reference,0f6ae193832a879abffe2224232ffb13221728fb16ad59f2601afb2bf2755b02
2024-06-13,PORINGAL,405.689,423.976,30.356,10.625,417.1,13.3,44,4.655,4.655,official_observed_reference,0f6ae193832a879abffe2224232ffb13221728fb16ad59f2601afb2bf2755b02
2024-06-13,SENGULAM (SBR),844.86,847.6,1.614,0.71,846.7,,0,0,,official_observed_reference,0f6ae193832a879abffe2224232ffb13221728fb16ad59f2601afb2bf2755b02
2024-06-13,LOWER PERIYAR,237.74,253,4.55,2.093,248.6,2.73,60,1.256,1.256,official_observed_reference,0f6ae193832a879abffe2224232ffb13221728fb16ad59f2601afb2bf2755b02
2024-06-13,KAKKAD,181.36,192.63,1.16,0.358,189.5,,0,0,,official_observed_reference,0f6ae193832a879abffe2224232ffb13221728fb16ad59f2601afb2bf2755b02
2024-06-14,IDUKKI,694.944,732.43,1460,2190,710.044,435.567,30,653.351,640.283,official_observed_reference,9d71abf8fe15fe27a24767ce73d2b8a1d7891d2da533dd66665d2221fae73e7d
2024-06-14,PAMBA,963.168,986.332,31.001,59.46,964.55,1.02,20,183.376,154.455,official_observed_reference,9d71abf8fe15fe27a24767ce73d2b8a1d7891d2da533dd66665d2221fae73e7d
2024-06-14,KAKKI,908.304,981.456,446.542,856.467,946.94,94.588,0,0,,official_observed_reference,9d71abf8fe15fe27a24767ce73d2b8a1d7891d2da533dd66665d2221fae73e7d
2024-06-14,SHOLAYAR,779.374,811.68,149.23,152.065,787.116,13.195,9,13.445,8.801,official_observed_reference,9d71abf8fe15fe27a24767ce73d2b8a1d7891d2da533dd66665d2221fae73e7d
2024-06-14,IDAMALAYAR,115,169,1017.8,254.45,137.76,267.06,26,66.765,66.765,official_observed_reference,9d71abf8fe15fe27a24767ce73d2b8a1d7891d2da533dd66665d2221fae73e7d
2024-06-14,KUNDALA,1735.836,1758.696,7.787,22.738,1741,0.991,13,102.466,44.32,official_observed_reference,9d71abf8fe15fe27a24767ce73d2b8a1d7891d2da533dd66665d2221fae73e7d
2024-06-14,MADUPPATTY,1554.48,1599.59,55.217,161.234,1591.15,34.1,62,0,,official_observed_reference,9d71abf8fe15fe27a24767ce73d2b8a1d7891d2da533dd66665d2221fae73e7d
2024-06-14,KUTTIADI,737.616,758.037,33.99,42.827,748.589,13.119,39,38.012,36.806,official_observed_reference,9d71abf8fe15fe27a24767ce73d2b8a1d7891d2da533dd66665d2221fae73e7d
2024-06-14,THARIODE,750.5,775.6,201,253.26,755.25,17.05,8,0,,official_observed_reference,9d71abf8fe15fe27a24767ce73d2b8a1d7891d2da533dd66665d2221fae73e7d
2024-06-14,ANAYIRANKAL,1188,1207.008,48.968,65.616,1189.8,0.95,2,16.04,5.646,official_observed_reference,9d71abf8fe15fe27a24767ce73d2b8a1d7891d2da533dd66665d2221fae73e7d
2024-06-14,PONMUDI,678.8,707.745,47.4,63.516,689.5,11.02,23,0,,official_observed_reference,9d71abf8fe15fe27a24767ce73d2b8a1d7891d2da533dd66665d2221fae73e7d
2024-06-14,NERIAMANGALAM,445,456.59,5.557,4.835,452.2,2.85,51,2.48,1.168,official_observed_reference,9d71abf8fe15fe27a24767ce73d2b8a1d7891d2da533dd66665d2221fae73e7d
2024-06-14,PORINGAL,405.689,423.976,30.356,10.625,416.3,11.7,39,4.095,4.095,official_observed_reference,9d71abf8fe15fe27a24767ce73d2b8a1d7891d2da533dd66665d2221fae73e7d
2024-06-14,SENGULAM (SBR),844.86,847.6,1.614,0.71,846.6,,0,0,,official_observed_reference,9d71abf8fe15fe27a24767ce73d2b8a1d7891d2da533dd66665d2221fae73e7d
2024-06-14,LOWER PERIYAR,237.74,253,4.55,2.093,247.9,2.48,55,1.141,1.141,official_observed_reference,9d71abf8fe15fe27a24767ce73d2b8a1d7891d2da533dd66665d2221fae73e7d
2024-06-14,KAKKAD,181.36,192.63,1.16,0.358,189.65,,0,0,,official_observed_reference,9d71abf8fe15fe27a24767ce73d2b8a1d7891d2da533dd66665d2221fae73e7d
2024-06-15,IDUKKI,694.944,732.43,1460,2190,709.898,430.443,29,645.665,632.751,official_observed_reference,e8e0e725720965ef66fea31ae0d6bd98d716377bc7358449e5e383fad25ddca4
2024-06-15,PAMBA,963.168,986.332,31.001,59.46,964.4,0.9,20,178.834,150.629,official_observed_reference,e8e0e725720965ef66fea31ae0d6bd98d716377bc7358449e5e383fad25ddca4
2024-06-15,KAKKI,908.304,981.456,446.542,856.467,946.48,92.34,0,0,,official_observed_reference,e8e0e725720965ef66fea31ae0d6bd98d716377bc7358449e5e383fad25ddca4
2024-06-15,SHOLAYAR,779.374,811.68,149.23,152.065,786.902,12.676,8,12.917,8.455,official_observed_reference,e8e0e725720965ef66fea31ae0d6bd98d716377bc7358449e5e383fad25ddca4
2024-06-15,IDAMALAYAR,115,169,1017.8,254.45,137.56,263.36,26,65.84,65.84,official_observed_reference,e8e0e725720965ef66fea31ae0d6bd98d716377bc7358449e5e383fad25ddca4
2024-06-15,KUNDALA,1735.836,1758.696,7.787,22.738,1741,0.991,13,102.174,44.194,official_observed_reference,e8e0e725720965ef66fea31ae0d6bd98d716377bc7358449e5e383fad25ddca4
2024-06-15,MADUPPATTY,1554.48,1599.59,55.217,161.234,1591.1,34,62,0,,official_observed_reference,e8e0e725720965ef66fea31ae0d6bd98d716377bc7358449e5e383fad25ddca4
2024-06-15,KUTTIADI,737.616,758.037,33.99,42.827,747.979,12.099,36,36.35,35.196,official_observed_reference,e8e0e725720965ef66fea31ae0d6bd98d716377bc7358449e5e383fad25ddca4
2024-06-15,THARIODE,750.5,775.6,201,253.26,755.2,16.75,8,0,,official_observed_reference,e8e0e725720965ef66fea31ae0d6bd98d716377bc7358449e5e383fad25ddca4
2024-06-15,ANAYIRANKAL,1188,1207.008,48.968,65.616,1189.8,0.95,2,14.378,5.061,official_observed_reference,e8e0e725720965ef66fea31ae0d6bd98d716377bc7358449e5e383fad25ddca4
2024-06-15,PONMUDI,678.8,707.745,47.4,63.516,688.6,9.78,21,0,,official_observed_reference,e8e0e725720965ef66fea31ae0d6bd98d716377bc7358449e5e383fad25ddca4
2024-06-15,NERIAMANGALAM,445,456.59,5.557,4.835,452.15,2.825,51,2.458,1.158,official_observed_reference,e8e0e725720965ef66fea31ae0d6bd98d716377bc7358449e5e383fad25ddca4
2024-06-15,PORINGAL,405.689,423.976,30.356,10.625,415.6,10.35,34,3.623,3.623,official_observed_reference,e8e0e725720965ef66fea31ae0d6bd98d716377bc7358449e5e383fad25ddca4
2024-06-15,SENGULAM (SBR),844.86,847.6,1.614,0.71,846.6,,0,0,,official_observed_reference,e8e0e725720965ef66fea31ae0d6bd98d716377bc7358449e5e383fad25ddca4
2024-06-15,LOWER PERIYAR,237.74,253,4.55,2.093,247.6,2.39,53,1.099,1.099,official_observed_reference,e8e0e725720965ef66fea31ae0d6bd98d716377bc7358449e5e383fad25ddca4
2024-06-15,KAKKAD,181.36,192.63,1.16,0.358,188.7,,0,0,,official_observed_reference,e8e0e725720965ef66fea31ae0d6bd98d716377bc7358449e5e383fad25ddca4
2024-06-16,IDUKKI,694.944,732.43,1460,2190,709.763,425.746,29,638.619,625.847,official_observed_reference,36c52b104cb2cd4957cb9255e25e140707908f9bb9d24fc37139fab75de0a81d
2024-06-16,PAMBA,963.168,986.332,31.001,59.46,964.25,0.78,19,174.922,147.334,official_observed_reference,36c52b104cb2cd4957cb9255e25e140707908f9bb9d24fc37139fab75de0a81d
2024-06-16,KAKKI,908.304,981.456,446.542,856.467,946.093,90.42,0,0,,official_observed_reference,36c52b104cb2cd4957cb9255e25e140707908f9bb9d24fc37139fab75de0a81d
2024-06-16,SHOLAYAR,779.374,811.68,149.23,152.065,786.749,12.322,8,12.556,8.219,official_observed_reference,36c52b104cb2cd4957cb9255e25e140707908f9bb9d24fc37139fab75de0a81d
2024-06-16,IDAMALAYAR,115,169,1017.8,254.45,137.48,261.88,26,65.47,65.47,official_observed_reference,36c52b104cb2cd4957cb9255e25e140707908f9bb9d24fc37139fab75de0a81d
2024-06-16,KUNDALA,1735.836,1758.696,7.787,22.738,1741,0.991,13,101.59,43.941,official_observed_reference,36c52b104cb2cd4957cb9255e25e140707908f9bb9d24fc37139fab75de0a81d
2024-06-16,MADUPPATTY,1554.48,1599.59,55.217,161.234,1591,33.8,61,0,,official_observed_reference,36c52b104cb2cd4957cb9255e25e140707908f9bb9d24fc37139fab75de0a81d
2024-06-16,KUTTIADI,737.616,758.037,33.99,42.827,747.431,11.152,33,34.905,33.796,official_observed_reference,36c52b104cb2cd4957cb9255e25e140707908f9bb9d24fc37139fab75de0a81d
2024-06-16,THARIODE,750.5,775.6,201,253.26,755.15,16.55,8,0,,official_observed_reference,36c52b104cb2cd4957cb9255e25e140707908f9bb9d24fc37139fab75de0a81d
2024-06-16,ANAYIRANKAL,1188,1207.008,48.968,65.616,1189.8,0.95,2,12.475,4.392,official_observed_reference,36c52b104cb2cd4957cb9255e25e140707908f9bb9d24fc37139fab75de0a81d
2024-06-16,PONMUDI,678.8,707.745,47.4,63.516,687.6,8.36,18,0,,official_observed_reference,36c52b104cb2cd4957cb9255e25e140707908f9bb9d24fc37139fab75de0a81d
2024-06-16,NERIAMANGALAM,445,456.59,5.557,4.835,452.2,2.85,51,2.48,1.168,official_observed_reference,36c52b104cb2cd4957cb9255e25e140707908f9bb9d24fc37139fab75de0a81d
2024-06-16,PORINGAL,405.689,423.976,30.356,10.625,415.35,9.975,33,3.491,3.491,official_observed_reference,36c52b104cb2cd4957cb9255e25e140707908f9bb9d24fc37139fab75de0a81d
2024-06-16,SENGULAM (SBR),844.86,847.6,1.614,0.71,846.7,,0,0,,official_observed_reference,36c52b104cb2cd4957cb9255e25e140707908f9bb9d24fc37139fab75de0a81d
2024-06-16,LOWER PERIYAR,237.74,253,4.55,2.093,247.7,2.41,53,1.109,1.109,official_observed_reference,36c52b104cb2cd4957cb9255e25e140707908f9bb9d24fc37139fab75de0a81d
2024-06-16,KAKKAD,181.36,192.63,1.16,0.358,187.75,,0,0,,official_observed_reference,36c52b104cb2cd4957cb9255e25e140707908f9bb9d24fc37139fab75de0a81d
2024-06-17,IDUKKI,694.944,732.43,1460,2190,709.587,419.554,29,629.331,616.744,official_observed_reference,6b6eee4cbf816106e72c89649f48f109aed8e5a5e53cac6834cdefc26359909c
2024-06-17,PAMBA,963.168,986.332,31.001,59.46,964.2,0.74,19,171.162,144.167,official_observed_reference,6b6eee4cbf816106e72c89649f48f109aed8e5a5e53cac6834cdefc26359909c
2024-06-17,KAKKI,908.304,981.456,446.542,856.467,945.682,88.5,0,0,,official_observed_reference,6b6eee4cbf816106e72c89649f48f109aed8e5a5e53cac6834cdefc26359909c
2024-06-17,SHOLAYAR,779.374,811.68,149.23,152.065,786.658,12.113,8,12.343,8.079,official_observed_reference,6b6eee4cbf816106e72c89649f48f109aed8e5a5e53cac6834cdefc26359909c
2024-06-17,IDAMALAYAR,115,169,1017.8,254.45,137.32,258.92,25,64.73,64.73,official_observed_reference,6b6eee4cbf816106e72c89649f48f109aed8e5a5e53cac6834cdefc26359909c
2024-06-17,KUNDALA,1735.836,1758.696,7.787,22.738,1741,0.991,13,101.006,43.688,official_observed_reference,6b6eee4cbf816106e72c89649f48f109aed8e5a5e53cac6834cdefc26359909c
2024-06-17,MADUPPATTY,1554.48,1599.59,55.217,161.234,1590.9,33.6,61,0,,official_observed_reference,6b6eee4cbf816106e72c89649f48f109aed8e5a5e53cac6834cdefc26359909c
2024-06-17,KUTTIADI,737.616,758.037,33.99,42.827,746.76,10.053,30,32.638,31.602,official_observed_reference,6b6eee4cbf816106e72c89649f48f109aed8e5a5e53cac6834cdefc26359909c
2024-06-17,THARIODE,750.5,775.6,201,253.26,755,15.85,8,0,,official_observed_reference,6b6eee4cbf816106e72c89649f48f109aed8e5a5e53cac6834cdefc26359909c
2024-06-17,ANAYIRANKAL,1188,1207.008,48.968,65.616,1189.8,0.95,2,10.841,3.816,official_observed_reference,6b6eee4cbf816106e72c89649f48f109aed8e5a5e53cac6834cdefc26359909c
2024-06-17,PONMUDI,678.8,707.745,47.4,63.516,686.6,7.14,15,0,,official_observed_reference,6b6eee4cbf816106e72c89649f48f109aed8e5a5e53cac6834cdefc26359909c
2024-06-17,NERIAMANGALAM,445,456.59,5.557,4.835,452.2,2.85,51,2.48,1.168,official_observed_reference,6b6eee4cbf816106e72c89649f48f109aed8e5a5e53cac6834cdefc26359909c
2024-06-17,PORINGAL,405.689,423.976,30.356,10.625,415.2,9.75,32,3.413,3.413,official_observed_reference,6b6eee4cbf816106e72c89649f48f109aed8e5a5e53cac6834cdefc26359909c
2024-06-17,SENGULAM (SBR),844.86,847.6,1.614,0.71,846.6,,0,0,,official_observed_reference,6b6eee4cbf816106e72c89649f48f109aed8e5a5e53cac6834cdefc26359909c
2024-06-17,LOWER PERIYAR,237.74,253,4.55,2.093,247,2.19,48,1.007,1.007,official_observed_reference,6b6eee4cbf816106e72c89649f48f109aed8e5a5e53cac6834cdefc26359909c
2024-06-17,KAKKAD,181.36,192.63,1.16,0.358,188.85,,0,0,,official_observed_reference,6b6eee4cbf816106e72c89649f48f109aed8e5a5e53cac6834cdefc26359909c
2024-06-18,IDUKKI,694.944,732.43,1460,2190,709.507,416.772,29,625.158,612.655,official_observed_reference,3c0a502e36e1293a2088d32095dcf95c18d2ce135cdbf8601ca24f77b74fe70e
2024-06-18,PAMBA,963.168,986.332,31.001,59.46,964.65,1.1,18,168.473,141.902,official_observed_reference,3c0a502e36e1293a2088d32095dcf95c18d2ce135cdbf8601ca24f77b74fe70e
2024-06-18,KAKKI,908.304,981.456,446.542,856.467,945.316,86.738,0,0,,official_observed_reference,3c0a502e36e1293a2088d32095dcf95c18d2ce135cdbf8601ca24f77b74fe70e
2024-06-18,SHOLAYAR,779.374,811.68,149.23,152.065,786.628,12.045,8,12.274,8.034,official_observed_reference,3c0a502e36e1293a2088d32095dcf95c18d2ce135cdbf8601ca24f77b74fe70e
2024-06-18,IDAMALAYAR,115,169,1017.8,254.45,137.14,255.59,25,63.898,63.898,official_observed_reference,3c0a502e36e1293a2088d32095dcf95c18d2ce135cdbf8601ca24f77b74fe70e
2024-06-18,KUNDALA,1735.836,1758.696,7.787,22.738,1741,0.991,13,100.714,43.562,official_observed_reference,3c0a502e36e1293a2088d32095dcf95c18d2ce135cdbf8601ca24f77b74fe70e
2024-06-18,MADUPPATTY,1554.48,1599.59,55.217,161.234,1590.85,33.5,61,0,,official_observed_reference,3c0a502e36e1293a2088d32095dcf95c18d2ce135cdbf8601ca24f77b74fe70e
2024-06-18,KUTTIADI,737.616,758.037,33.99,42.827,747.187,10.744,32,33.508,32.445,official_observed_reference,3c0a502e36e1293a2088d32095dcf95c18d2ce135cdbf8601ca24f77b74fe70e
2024-06-18,THARIODE,750.5,775.6,201,253.26,755,15.85,8,0,,official_observed_reference,3c0a502e36e1293a2088d32095dcf95c18d2ce135cdbf8601ca24f77b74fe70e
2024-06-18,ANAYIRANKAL,1188,1207.008,48.968,65.616,1189.8,0.95,2,9.072,3.193,official_observed_reference,3c0a502e36e1293a2088d32095dcf95c18d2ce135cdbf8601ca24f77b74fe70e
2024-06-18,PONMUDI,678.8,707.745,47.4,63.516,685.5,5.82,12,0,,official_observed_reference,3c0a502e36e1293a2088d32095dcf95c18d2ce135cdbf8601ca24f77b74fe70e
2024-06-18,NERIAMANGALAM,445,456.59,5.557,4.835,452.3,2.9,52,2.523,1.188,official_observed_reference,3c0a502e36e1293a2088d32095dcf95c18d2ce135cdbf8601ca24f77b74fe70e
2024-06-18,PORINGAL,405.689,423.976,30.356,10.625,415.1,9.6,32,3.36,3.36,official_observed_reference,3c0a502e36e1293a2088d32095dcf95c18d2ce135cdbf8601ca24f77b74fe70e
2024-06-18,SENGULAM (SBR),844.86,847.6,1.614,0.71,846.65,,0,0,,official_observed_reference,3c0a502e36e1293a2088d32095dcf95c18d2ce135cdbf8601ca24f77b74fe70e
2024-06-18,LOWER PERIYAR,237.74,253,4.55,2.093,247.5,2.36,52,1.086,1.086,official_observed_reference,3c0a502e36e1293a2088d32095dcf95c18d2ce135cdbf8601ca24f77b74fe70e
2024-06-18,KAKKAD,181.36,192.63,1.16,0.358,188.9,,0,0,,official_observed_reference,3c0a502e36e1293a2088d32095dcf95c18d2ce135cdbf8601ca24f77b74fe70e
2024-06-19,IDUKKI,694.944,732.43,1460,2190,709.495,416.344,29,624.516,612.026,official_observed_reference,087d7b61deda7d26281291c266f5ebd18a180ab77e407dadb05f3878c7c9f675
2024-06-19,PAMBA,963.168,986.332,31.001,59.46,964.95,1.34,18,167.499,141.082,official_observed_reference,087d7b61deda7d26281291c266f5ebd18a180ab77e407dadb05f3878c7c9f675
2024-06-19,KAKKI,908.304,981.456,446.542,856.467,945.15,85.99,0,0,,official_observed_reference,087d7b61deda7d26281291c266f5ebd18a180ab77e407dadb05f3878c7c9f675
2024-06-19,SHOLAYAR,779.374,811.68,149.23,152.065,786.628,12.045,8,12.274,8.034,official_observed_reference,087d7b61deda7d26281291c266f5ebd18a180ab77e407dadb05f3878c7c9f675
2024-06-19,IDAMALAYAR,115,169,1017.8,254.45,137.11,255.035,25,63.759,63.759,official_observed_reference,087d7b61deda7d26281291c266f5ebd18a180ab77e407dadb05f3878c7c9f675
2024-06-19,KUNDALA,1735.836,1758.696,7.787,22.738,1741,0.991,13,100.13,43.31,official_observed_reference,087d7b61deda7d26281291c266f5ebd18a180ab77e407dadb05f3878c7c9f675
2024-06-19,MADUPPATTY,1554.48,1599.59,55.217,161.234,1590.75,33.3,60,0,,official_observed_reference,087d7b61deda7d26281291c266f5ebd18a180ab77e407dadb05f3878c7c9f675
2024-06-19,KUTTIADI,737.616,758.037,33.99,42.827,747.279,10.897,32,33.449,32.387,official_observed_reference,087d7b61deda7d26281291c266f5ebd18a180ab77e407dadb05f3878c7c9f675
2024-06-19,THARIODE,750.5,775.6,201,253.26,754.95,15.65,8,0,,official_observed_reference,087d7b61deda7d26281291c266f5ebd18a180ab77e407dadb05f3878c7c9f675
2024-06-19,ANAYIRANKAL,1188,1207.008,48.968,65.616,1189.8,0.95,2,8.308,2.925,official_observed_reference,087d7b61deda7d26281291c266f5ebd18a180ab77e407dadb05f3878c7c9f675
2024-06-19,PONMUDI,678.8,707.745,47.4,63.516,685.25,5.25,11,0,,official_observed_reference,087d7b61deda7d26281291c266f5ebd18a180ab77e407dadb05f3878c7c9f675
2024-06-19,NERIAMANGALAM,445,456.59,5.557,4.835,452.75,3.125,56,2.719,1.281,official_observed_reference,087d7b61deda7d26281291c266f5ebd18a180ab77e407dadb05f3878c7c9f675
2024-06-19,PORINGAL,405.689,423.976,30.356,10.625,415.3,9.9,33,3.465,3.465,official_observed_reference,087d7b61deda7d26281291c266f5ebd18a180ab77e407dadb05f3878c7c9f675
2024-06-19,SENGULAM (SBR),844.86,847.6,1.614,0.71,846.6,,0,0,,official_observed_reference,087d7b61deda7d26281291c266f5ebd18a180ab77e407dadb05f3878c7c9f675
2024-06-19,LOWER PERIYAR,237.74,253,4.55,2.093,247.8,2.45,54,1.127,1.127,official_observed_reference,087d7b61deda7d26281291c266f5ebd18a180ab77e407dadb05f3878c7c9f675
2024-06-19,KAKKAD,181.36,192.63,1.16,0.358,188.85,,0,0,,official_observed_reference,087d7b61deda7d26281291c266f5ebd18a180ab77e407dadb05f3878c7c9f675
2024-06-20,IDUKKI,694.944,732.43,1460,2190,709.471,415.488,28,623.232,610.767,official_observed_reference,e49a9f182265261773a8856d5605a49b190377b723c7afd8d9365599f3a08581
2024-06-20,PAMBA,963.168,986.332,31.001,59.46,965.1,1.46,18,167.399,140.998,official_observed_reference,e49a9f182265261773a8856d5605a49b190377b723c7afd8d9365599f3a08581
2024-06-20,KAKKI,908.304,981.456,446.542,856.467,945.11,85.818,0,0,,official_observed_reference,e49a9f182265261773a8856d5605a49b190377b723c7afd8d9365599f3a08581
2024-06-20,SHOLAYAR,779.374,811.68,149.23,152.065,786.719,12.251,8,12.484,8.172,official_observed_reference,e49a9f182265261773a8856d5605a49b190377b723c7afd8d9365599f3a08581
2024-06-20,IDAMALAYAR,115,169,1017.8,254.45,137,253,25,63.25,63.25,official_observed_reference,e49a9f182265261773a8856d5605a49b190377b723c7afd8d9365599f3a08581
2024-06-20,KUNDALA,1735.836,1758.696,7.787,22.738,1741,0.991,13,99.838,43.183,official_observed_reference,e49a9f182265261773a8856d5605a49b190377b723c7afd8d9365599f3a08581
2024-06-20,MADUPPATTY,1554.48,1599.59,55.217,161.234,1590.7,33.2,60,0,,official_observed_reference,e49a9f182265261773a8856d5605a49b190377b723c7afd8d9365599f3a08581
2024-06-20,KUTTIADI,737.616,758.037,33.99,42.827,747.401,11.101,33,33.517,32.453,official_observed_reference,e49a9f182265261773a8856d5605a49b190377b723c7afd8d9365599f3a08581
2024-06-20,THARIODE,750.5,775.6,201,253.26,754.85,15.5,8,0,,official_observed_reference,e49a9f182265261773a8856d5605a49b190377b723c7afd8d9365599f3a08581
2024-06-20,ANAYIRANKAL,1188,1207.008,48.968,65.616,1189.8,0.95,2,9.715,3.42,official_observed_reference,e49a9f182265261773a8856d5605a49b190377b723c7afd8d9365599f3a08581
2024-06-20,PONMUDI,678.8,707.745,47.4,63.516,685.9,6.3,13,0,,official_observed_reference,e49a9f182265261773a8856d5605a49b190377b723c7afd8d9365599f3a08581
2024-06-20,NERIAMANGALAM,445,456.59,5.557,4.835,452.45,2.97,53,2.584,1.217,official_observed_reference,e49a9f182265261773a8856d5605a49b190377b723c7afd8d9365599f3a08581
2024-06-20,PORINGAL,405.689,423.976,30.356,10.625,416.1,11.3,37,3.955,3.955,official_observed_reference,e49a9f182265261773a8856d5605a49b190377b723c7afd8d9365599f3a08581
2024-06-20,SENGULAM (SBR),844.86,847.6,1.614,0.71,846.6,,0,0,,official_observed_reference,e49a9f182265261773a8856d5605a49b190377b723c7afd8d9365599f3a08581
2024-06-20,LOWER PERIYAR,237.74,253,4.55,2.093,248.4,2.65,58,1.219,1.219,official_observed_reference,e49a9f182265261773a8856d5605a49b190377b723c7afd8d9365599f3a08581
2024-06-20,KAKKAD,181.36,192.63,1.16,0.358,189.55,,0,0,,official_observed_reference,e49a9f182265261773a8856d5605a49b190377b723c7afd8d9365599f3a08581
2024-06-21,IDUKKI,694.944,732.43,1460,2190,709.507,416.772,29,625.158,612.655,official_observed_reference,a27d10216c752c5483094e827098bf507ba617465ac98fda7dff9cad008bb86f
2024-06-21,PAMBA,963.168,986.332,31.001,59.46,965.35,1.66,18,167.01,140.67,official_observed_reference,a27d10216c752c5483094e827098bf507ba617465ac98fda7dff9cad008bb86f
2024-06-21,KAKKI,908.304,981.456,446.542,856.467,945.023,85.415,0,0,,official_observed_reference,a27d10216c752c5483094e827098bf507ba617465ac98fda7dff9cad008bb86f
2024-06-21,SHOLAYAR,779.374,811.68,149.23,152.065,786.719,12.251,8,12.484,8.172,official_observed_reference,a27d10216c752c5483094e827098bf507ba617465ac98fda7dff9cad008bb86f
2024-06-21,IDAMALAYAR,115,169,1017.8,254.45,136.88,250.78,25,62.695,62.695,official_observed_reference,a27d10216c752c5483094e827098bf507ba617465ac98fda7dff9cad008bb86f
2024-06-21,KUNDALA,1735.836,1758.696,7.787,22.738,1741,0.991,13,99.838,43.183,official_observed_reference,a27d10216c752c5483094e827098bf507ba617465ac98fda7dff9cad008bb86f
2024-06-21,MADUPPATTY,1554.48,1599.59,55.217,161.234,1590.7,33.2,60,0,,official_observed_reference,a27d10216c752c5483094e827098bf507ba617465ac98fda7dff9cad008bb86f
2024-06-21,KUTTIADI,737.616,758.037,33.99,42.827,747.797,11.779,35,33.805,32.731,official_observed_reference,a27d10216c752c5483094e827098bf507ba617465ac98fda7dff9cad008bb86f
2024-06-21,THARIODE,750.5,775.6,201,253.26,754.8,15.05,7,0,,official_observed_reference,a27d10216c752c5483094e827098bf507ba617465ac98fda7dff9cad008bb86f
2024-06-21,ANAYIRANKAL,1188,1207.008,48.968,65.616,1189.8,0.95,2,9.635,3.392,official_observed_reference,a27d10216c752c5483094e827098bf507ba617465ac98fda7dff9cad008bb86f
2024-06-21,PONMUDI,678.8,707.745,47.4,63.516,685.85,6.24,13,0,,official_observed_reference,a27d10216c752c5483094e827098bf507ba617465ac98fda7dff9cad008bb86f
2024-06-21,NERIAMANGALAM,445,456.59,5.557,4.835,452,2.75,49,2.393,1.127,official_observed_reference,a27d10216c752c5483094e827098bf507ba617465ac98fda7dff9cad008bb86f
2024-06-21,PORINGAL,405.689,423.976,30.356,10.625,416.45,12,40,4.2,4.2,official_observed_reference,a27d10216c752c5483094e827098bf507ba617465ac98fda7dff9cad008bb86f
2024-06-21,SENGULAM (SBR),844.86,847.6,1.614,0.71,846.7,,0,0,,official_observed_reference,a27d10216c752c5483094e827098bf507ba617465ac98fda7dff9cad008bb86f
2024-06-21,LOWER PERIYAR,237.74,253,4.55,2.093,247.9,2.48,55,1.141,1.141,official_observed_reference,a27d10216c752c5483094e827098bf507ba617465ac98fda7dff9cad008bb86f
2024-06-21,KAKKAD,181.36,192.63,1.16,0.358,188.8,,0,0,,official_observed_reference,a27d10216c752c5483094e827098bf507ba617465ac98fda7dff9cad008bb86f
2024-06-22,IDUKKI,694.944,732.43,1460,2190,709.526,417.415,29,626.123,613.6,official_observed_reference,fe22c87dcb4579061df774666e1ff8c2b6600b11d10551b00ab7a2aaf82515a0
2024-06-22,PAMBA,963.168,986.332,31.001,59.46,965.55,1.82,18,166.876,140.557,official_observed_reference,fe22c87dcb4579061df774666e1ff8c2b6600b11d10551b00ab7a2aaf82515a0
2024-06-22,KAKKI,908.304,981.456,446.542,856.467,944.97,85.185,0,0,,official_observed_reference,fe22c87dcb4579061df774666e1ff8c2b6600b11d10551b00ab7a2aaf82515a0
2024-06-22,SHOLAYAR,779.374,811.68,149.23,152.065,786.1,12.251,8,12.484,8.172,official_observed_reference,fe22c87dcb4579061df774666e1ff8c2b6600b11d10551b00ab7a2aaf82515a0
2024-06-22,IDAMALAYAR,115,169,1017.8,254.45,136.84,250.04,25,62.51,62.51,official_observed_reference,fe22c87dcb4579061df774666e1ff8c2b6600b11d10551b00ab7a2aaf82515a0
2024-06-22,KUNDALA,1735.836,1758.696,7.787,22.738,1741,0.991,13,99.838,43.183,official_observed_reference,fe22c87dcb4579061df774666e1ff8c2b6600b11d10551b00ab7a2aaf82515a0
2024-06-22,MADUPPATTY,1554.48,1599.59,55.217,161.234,1590.7,33.2,60,0,,official_observed_reference,fe22c87dcb4579061df774666e1ff8c2b6600b11d10551b00ab7a2aaf82515a0
2024-06-22,KUTTIADI,737.616,758.037,33.99,42.827,747.736,11.672,34,34.3,33.211,official_observed_reference,fe22c87dcb4579061df774666e1ff8c2b6600b11d10551b00ab7a2aaf82515a0
2024-06-22,THARIODE,750.5,775.6,201,253.26,754.9,15.55,8,0,,official_observed_reference,fe22c87dcb4579061df774666e1ff8c2b6600b11d10551b00ab7a2aaf82515a0
2024-06-22,ANAYIRANKAL,1188,1207.008,48.968,65.616,1189.8,0.95,2,10.037,3.533,official_observed_reference,fe22c87dcb4579061df774666e1ff8c2b6600b11d10551b00ab7a2aaf82515a0
2024-06-22,PONMUDI,678.8,707.745,47.4,63.516,686.1,6.54,14,0,,official_observed_reference,fe22c87dcb4579061df774666e1ff8c2b6600b11d10551b00ab7a2aaf82515a0
2024-06-22,NERIAMANGALAM,445,456.59,5.557,4.835,452.95,3.23,58,2.81,1.324,official_observed_reference,fe22c87dcb4579061df774666e1ff8c2b6600b11d10551b00ab7a2aaf82515a0
2024-06-22,PORINGAL,405.689,423.976,30.356,10.625,416.95,13,43,4.55,4.55,official_observed_reference,fe22c87dcb4579061df774666e1ff8c2b6600b11d10551b00ab7a2aaf82515a0
2024-06-22,SENGULAM (SBR),844.86,847.6,1.614,0.71,846.55,,0,0,,official_observed_reference,fe22c87dcb4579061df774666e1ff8c2b6600b11d10551b00ab7a2aaf82515a0
2024-06-22,LOWER PERIYAR,237.74,253,4.55,2.093,247.2,2.26,50,1.04,1.04,official_observed_reference,fe22c87dcb4579061df774666e1ff8c2b6600b11d10551b00ab7a2aaf82515a0
2024-06-22,KAKKAD,181.36,192.63,1.16,0.358,187.9,,0,0,,official_observed_reference,fe22c87dcb4579061df774666e1ff8c2b6600b11d10551b00ab7a2aaf82515a0
2024-06-23,IDUKKI,694.944,732.43,1460,2190,709.715,424.038,29,636.057,623.336,official_observed_reference,eb14a23819bbb4fb4388f2a4081d2b3c850442f0c229049747e811e0e7fe0267
2024-06-23,PAMBA,963.168,986.332,31.001,59.46,965.9,2.1,19,171.383,144.353,official_observed_reference,eb14a23819bbb4fb4388f2a4081d2b3c850442f0c229049747e811e0e7fe0267
2024-06-23,KAKKI,908.304,981.456,446.542,856.467,945.426,87.255,0,0,,official_observed_reference,eb14a23819bbb4fb4388f2a4081d2b3c850442f0c229049747e811e0e7fe0267
2024-06-23,SHOLAYAR,779.374,811.68,149.23,152.065,786.994,12.889,9,13.133,8.597,official_observed_reference,eb14a23819bbb4fb4388f2a4081d2b3c850442f0c229049747e811e0e7fe0267
2024-06-23,IDAMALAYAR,115,169,1017.8,254.45,137.07,254.295,25,63.574,63.574,official_observed_reference,eb14a23819bbb4fb4388f2a4081d2b3c850442f0c229049747e811e0e7fe0267
2024-06-23,KUNDALA,1735.836,1758.696,7.787,22.738,1741,0.991,13,99.838,43.183,official_observed_reference,eb14a23819bbb4fb4388f2a4081d2b3c850442f0c229049747e811e0e7fe0267
2024-06-23,MADUPPATTY,1554.48,1599.59,55.217,161.234,1590.7,33.2,60,0,,official_observed_reference,eb14a23819bbb4fb4388f2a4081d2b3c850442f0c229049747e811e0e7fe0267
2024-06-23,KUTTIADI,737.616,758.037,33.99,42.827,748.894,13.647,40,39.56,38.304,official_observed_reference,eb14a23819bbb4fb4388f2a4081d2b3c850442f0c229049747e811e0e7fe0267
2024-06-23,THARIODE,750.5,775.6,201,253.26,755.4,17.75,9,0,,official_observed_reference,eb14a23819bbb4fb4388f2a4081d2b3c850442f0c229049747e811e0e7fe0267
2024-06-23,ANAYIRANKAL,1188,1207.008,48.968,65.616,1189.8,0.95,2,12.288,4.325,official_observed_reference,eb14a23819bbb4fb4388f2a4081d2b3c850442f0c229049747e811e0e7fe0267
2024-06-23,PONMUDI,678.8,707.745,47.4,63.516,687.5,8.22,17,0,,official_observed_reference,eb14a23819bbb4fb4388f2a4081d2b3c850442f0c229049747e811e0e7fe0267
2024-06-23,NERIAMANGALAM,445,456.59,5.557,4.835,451.9,2.7,49,2.349,1.106,official_observed_reference,eb14a23819bbb4fb4388f2a4081d2b3c850442f0c229049747e811e0e7fe0267
2024-06-23,PORINGAL,405.689,423.976,30.356,10.625,418.25,15.6,51,5.46,5.46,official_observed_reference,eb14a23819bbb4fb4388f2a4081d2b3c850442f0c229049747e811e0e7fe0267
2024-06-23,SENGULAM (SBR),844.86,847.6,1.614,0.71,846.55,,0,0,,official_observed_reference,eb14a23819bbb4fb4388f2a4081d2b3c850442f0c229049747e811e0e7fe0267
2024-06-23,LOWER PERIYAR,237.74,253,4.55,2.093,245.8,1.83,40,0.842,0.842,official_observed_reference,eb14a23819bbb4fb4388f2a4081d2b3c850442f0c229049747e811e0e7fe0267
2024-06-23,KAKKAD,181.36,192.63,1.16,0.358,188.5,,0,0,,official_observed_reference,eb14a23819bbb4fb4388f2a4081d2b3c850442f0c229049747e811e0e7fe0267
2024-06-24,IDUKKI,694.944,732.43,1460,2190,710.05,435.781,30,653.672,640.598,official_observed_reference,23e5642316698d9ce12dd07883fe4c7dc793989fc284bbb563be6e0399521210
2024-06-24,PAMBA,963.168,986.332,31.001,59.46,967.3,3.45,20,184.32,155.25,official_observed_reference,23e5642316698d9ce12dd07883fe4c7dc793989fc284bbb563be6e0399521210
2024-06-24,KAKKI,908.304,981.456,446.542,856.467,946.556,92.65,0,0,,official_observed_reference,23e5642316698d9ce12dd07883fe4c7dc793989fc284bbb563be6e0399521210
2024-06-24,SHOLAYAR,779.374,811.68,149.23,152.065,787.207,13.424,9,13.679,8.954,official_observed_reference,23e5642316698d9ce12dd07883fe4c7dc793989fc284bbb563be6e0399521210
2024-06-24,IDAMALAYAR,115,169,1017.8,254.45,137.17,256.145,25,64.036,64.036,official_observed_reference,23e5642316698d9ce12dd07883fe4c7dc793989fc284bbb563be6e0399521210
2024-06-24,KUNDALA,1735.836,1758.696,7.787,22.738,1741,0.991,13,99.838,43.183,official_observed_reference,23e5642316698d9ce12dd07883fe4c7dc793989fc284bbb563be6e0399521210
2024-06-24,MADUPPATTY,1554.48,1599.59,55.217,161.234,1590.7,33.2,60,0,,official_observed_reference,23e5642316698d9ce12dd07883fe4c7dc793989fc284bbb563be6e0399521210
2024-06-24,KUTTIADI,737.616,758.037,33.99,42.827,749.26,14.311,42,42.917,41.555,official_observed_reference,23e5642316698d9ce12dd07883fe4c7dc793989fc284bbb563be6e0399521210
2024-06-24,THARIODE,750.5,775.6,201,253.26,755.8,19.75,10,0,,official_observed_reference,23e5642316698d9ce12dd07883fe4c7dc793989fc284bbb563be6e0399521210
2024-06-24,ANAYIRANKAL,1188,1207.008,48.968,65.616,1189.8,0.95,2,14.378,5.061,official_observed_reference,23e5642316698d9ce12dd07883fe4c7dc793989fc284bbb563be6e0399521210
2024-06-24,PONMUDI,678.8,707.745,47.4,63.516,688.6,9.78,21,0,,official_observed_reference,23e5642316698d9ce12dd07883fe4c7dc793989fc284bbb563be6e0399521210
2024-06-24,NERIAMANGALAM,445,456.59,5.557,4.835,452.1,2.8,50,2.436,1.147,official_observed_reference,23e5642316698d9ce12dd07883fe4c7dc793989fc284bbb563be6e0399521210
2024-06-24,PORINGAL,405.689,423.976,30.356,10.625,418.55,16.2,53,5.67,5.67,official_observed_reference,23e5642316698d9ce12dd07883fe4c7dc793989fc284bbb563be6e0399521210
2024-06-24,SENGULAM (SBR),844.86,847.6,1.614,0.71,846.5,,0,0,,official_observed_reference,23e5642316698d9ce12dd07883fe4c7dc793989fc284bbb563be6e0399521210
2024-06-24,LOWER PERIYAR,237.74,253,4.55,2.093,248.3,2.61,57,1.201,1.201,official_observed_reference,23e5642316698d9ce12dd07883fe4c7dc793989fc284bbb563be6e0399521210
2024-06-24,KAKKAD,181.36,192.63,1.16,0.358,189.75,,0,0,,official_observed_reference,23e5642316698d9ce12dd07883fe4c7dc793989fc284bbb563be6e0399521210
2024-06-25,IDUKKI,694.944,732.43,1460,2190,710.702,458.626,31,687.939,674.18,official_observed_reference,36a02538fbc920a0ab4a9e17641509a9fd4e3c35674236f3dddecb954d84bf2e
2024-06-25,PAMBA,963.168,986.332,31.001,59.46,969.8,5.95,23,210.462,177.269,official_observed_reference,36a02538fbc920a0ab4a9e17641509a9fd4e3c35674236f3dddecb954d84bf2e
2024-06-25,KAKKI,908.304,981.456,446.542,856.467,948.702,103.78,0,0,,official_observed_reference,36a02538fbc920a0ab4a9e17641509a9fd4e3c35674236f3dddecb954d84bf2e
2024-06-25,SHOLAYAR,779.374,811.68,149.23,152.065,788.335,16.497,11,16.81,11.003,official_observed_reference,36a02538fbc920a0ab4a9e17641509a9fd4e3c35674236f3dddecb954d84bf2e
2024-06-25,IDAMALAYAR,115,169,1017.8,254.45,138.26,276.31,27,69.078,69.078,official_observed_reference,36a02538fbc920a0ab4a9e17641509a9fd4e3c35674236f3dddecb954d84bf2e
2024-06-25,KUNDALA,1735.836,1758.696,7.787,22.738,1741,0.991,13,101.298,43.815,official_observed_reference,36a02538fbc920a0ab4a9e17641509a9fd4e3c35674236f3dddecb954d84bf2e
2024-06-25,MADUPPATTY,1554.48,1599.59,55.217,161.234,1590.95,33.7,61,0,,official_observed_reference,36a02538fbc920a0ab4a9e17641509a9fd4e3c35674236f3dddecb954d84bf2e
2024-06-25,KUTTIADI,737.616,758.037,33.99,42.827,750.662,17.111,50,54.005,52.29,official_observed_reference,36a02538fbc920a0ab4a9e17641509a9fd4e3c35674236f3dddecb954d84bf2e
2024-06-25,THARIODE,750.5,775.6,201,253.26,756.9,25.75,13,0,,official_observed_reference,36a02538fbc920a0ab4a9e17641509a9fd4e3c35674236f3dddecb954d84bf2e
2024-06-25,ANAYIRANKAL,1188,1207.008,48.968,65.616,1189.8,,0,17.46,6.146,official_observed_reference,36a02538fbc920a0ab4a9e17641509a9fd4e3c35674236f3dddecb954d84bf2e
2024-06-25,PONMUDI,678.8,707.745,47.4,63.516,690.85,13.03,27,0,,official_observed_reference,36a02538fbc920a0ab4a9e17641509a9fd4e3c35674236f3dddecb954d84bf2e
2024-06-25,NERIAMANGALAM,445,456.59,5.557,4.835,456.3,5.34,96,4.646,2.188,official_observed_reference,36a02538fbc920a0ab4a9e17641509a9fd4e3c35674236f3dddecb954d84bf2e
2024-06-25,PORINGAL,405.689,423.976,30.356,10.625,422.5,26,86,9.1,9.1,official_observed_reference,36a02538fbc920a0ab4a9e17641509a9fd4e3c35674236f3dddecb954d84bf2e
2024-06-25,SENGULAM (SBR),844.86,847.6,1.614,0.71,846.45,,0,0,,official_observed_reference,36a02538fbc920a0ab4a9e17641509a9fd4e3c35674236f3dddecb954d84bf2e
2024-06-25,LOWER PERIYAR,237.74,253,4.55,2.093,253,4.55,100,2.093,2.093,official_observed_reference,36a02538fbc920a0ab4a9e17641509a9fd4e3c35674236f3dddecb954d84bf2e
2024-06-25,KAKKAD,181.36,192.63,1.16,0.358,190.1,,0,0,,official_observed_reference,36a02538fbc920a0ab4a9e17641509a9fd4e3c35674236f3dddecb954d84bf2e
2024-06-26,IDUKKI,694.944,732.43,1460,2190,711.708,493.884,34,740.826,726.009,official_observed_reference,c329301d6234c638421617411b52ac86aa9f2d8ed615f85371578b7c3a0163e8
2024-06-26,PAMBA,963.168,986.332,31.001,59.46,971.9,8.15,26,238.241,200.666,official_observed_reference,c329301d6234c638421617411b52ac86aa9f2d8ed615f85371578b7c3a0163e8
2024-06-26,KAKKI,908.304,981.456,446.542,856.467,950.875,116.063,0,0,,official_observed_reference,c329301d6234c638421617411b52ac86aa9f2d8ed615f85371578b7c3a0163e8
2024-06-26,SHOLAYAR,779.374,811.68,149.23,152.065,789.097,18.691,13,19.047,12.467,official_observed_reference,c329301d6234c638421617411b52ac86aa9f2d8ed615f85371578b7c3a0163e8
2024-06-26,IDAMALAYAR,115,169,1017.8,254.45,139.17,293.23,29,73.308,73.308,official_observed_reference,c329301d6234c638421617411b52ac86aa9f2d8ed615f85371578b7c3a0163e8
2024-06-26,KUNDALA,1735.836,1758.696,7.787,22.738,1741,0.991,13,104.51,45.204,official_observed_reference,c329301d6234c638421617411b52ac86aa9f2d8ed615f85371578b7c3a0163e8
2024-06-26,MADUPPATTY,1554.48,1599.59,55.217,161.234,1591.5,34.8,63,0,,official_observed_reference,c329301d6234c638421617411b52ac86aa9f2d8ed615f85371578b7c3a0163e8
2024-06-26,KUTTIADI,737.616,758.037,33.99,42.827,752.734,21.257,63,68.553,66.377,official_observed_reference,c329301d6234c638421617411b52ac86aa9f2d8ed615f85371578b7c3a0163e8
2024-06-26,THARIODE,750.5,775.6,201,253.26,758.2,33.15,16,0,,official_observed_reference,c329301d6234c638421617411b52ac86aa9f2d8ed615f85371578b7c3a0163e8
2024-06-26,ANAYIRANKAL,1188,1207.008,48.968,65.616,1190.4,1.53,3,25.192,8.868,official_observed_reference,c329301d6234c638421617411b52ac86aa9f2d8ed615f85371578b7c3a0163e8
2024-06-26,PONMUDI,678.8,707.745,47.4,63.516,693.5,17.27,36,0,,official_observed_reference,c329301d6234c638421617411b52ac86aa9f2d8ed615f85371578b7c3a0163e8
2024-06-26,NERIAMANGALAM,445,456.59,5.557,4.835,456.1,5.2,94,4.524,2.131,official_observed_reference,c329301d6234c638421617411b52ac86aa9f2d8ed615f85371578b7c3a0163e8
2024-06-26,PORINGAL,405.689,423.976,30.356,10.625,422.45,25.875,85,9.056,9.056,official_observed_reference,c329301d6234c638421617411b52ac86aa9f2d8ed615f85371578b7c3a0163e8
2024-06-26,SENGULAM (SBR),844.86,847.6,1.614,0.71,846.75,,0,0,,official_observed_reference,c329301d6234c638421617411b52ac86aa9f2d8ed615f85371578b7c3a0163e8
2024-06-26,LOWER PERIYAR,237.74,253,4.55,2.093,253,4.55,100,2.093,2.093,official_observed_reference,c329301d6234c638421617411b52ac86aa9f2d8ed615f85371578b7c3a0163e8
2024-06-26,KAKKAD,181.36,192.63,1.16,0.358,188.5,,0,0,,official_observed_reference,c329301d6234c638421617411b52ac86aa9f2d8ed615f85371578b7c3a0163e8
2024-06-27,IDUKKI,694.944,732.43,1460,2190,712.312,515.021,35,772.532,757.081,official_observed_reference,cbe0c91ce81fdff794a829c3128424e740ef80de047e71ceae376c6445cd4520
2024-06-27,PAMBA,963.168,986.332,31.001,59.46,972,8.27,28,256.068,215.682,official_observed_reference,cbe0c91ce81fdff794a829c3128424e740ef80de047e71ceae376c6445cd4520
2024-06-27,KAKKI,908.304,981.456,446.542,856.467,952.38,125.238,0,0,,official_observed_reference,cbe0c91ce81fdff794a829c3128424e740ef80de047e71ceae376c6445cd4520
2024-06-27,SHOLAYAR,779.374,811.68,149.23,152.065,789.584,20.139,13,20.521,13.432,official_observed_reference,cbe0c91ce81fdff794a829c3128424e740ef80de047e71ceae376c6445cd4520
2024-06-27,IDAMALAYAR,115,169,1017.8,254.45,139.69,303.11,30,75.778,75.778,official_observed_reference,cbe0c91ce81fdff794a829c3128424e740ef80de047e71ceae376c6445cd4520
2024-06-27,KUNDALA,1735.836,1758.696,7.787,22.738,1741,0.991,13,105.678,45.709,official_observed_reference,cbe0c91ce81fdff794a829c3128424e740ef80de047e71ceae376c6445cd4520
2024-06-27,MADUPPATTY,1554.48,1599.59,55.217,161.234,1591.7,35.2,64,0,,official_observed_reference,cbe0c91ce81fdff794a829c3128424e740ef80de047e71ceae376c6445cd4520
2024-06-27,KUTTIADI,737.616,758.037,33.99,42.827,752.856,21.501,63,74.656,72.286,official_observed_reference,cbe0c91ce81fdff794a829c3128424e740ef80de047e71ceae376c6445cd4520
2024-06-27,THARIODE,750.5,775.6,201,253.26,758.9,37.75,19,0,,official_observed_reference,cbe0c91ce81fdff794a829c3128424e740ef80de047e71ceae376c6445cd4520
2024-06-27,ANAYIRANKAL,1188,1207.008,48.968,65.616,1190.85,2.05,4,28.676,10.094,official_observed_reference,cbe0c91ce81fdff794a829c3128424e740ef80de047e71ceae376c6445cd4520
2024-06-27,PONMUDI,678.8,707.745,47.4,63.516,694.8,19.35,41,0,,official_observed_reference,cbe0c91ce81fdff794a829c3128424e740ef80de047e71ceae376c6445cd4520
2024-06-27,NERIAMANGALAM,445,456.59,5.557,4.835,456,5.13,92,4.463,2.102,official_observed_reference,cbe0c91ce81fdff794a829c3128424e740ef80de047e71ceae376c6445cd4520
2024-06-27,PORINGAL,405.689,423.976,30.356,10.625,422.3,25.5,84,8.925,8.925,official_observed_reference,cbe0c91ce81fdff794a829c3128424e740ef80de047e71ceae376c6445cd4520
2024-06-27,SENGULAM (SBR),844.86,847.6,1.614,0.71,846.65,,0,0,,official_observed_reference,cbe0c91ce81fdff794a829c3128424e740ef80de047e71ceae376c6445cd4520
2024-06-27,LOWER PERIYAR,237.74,253,4.55,2.093,253,4.55,100,2.093,2.093,official_observed_reference,cbe0c91ce81fdff794a829c3128424e740ef80de047e71ceae376c6445cd4520
2024-06-27,KAKKAD,181.36,192.63,1.16,0.358,189.35,,0,0,,official_observed_reference,cbe0c91ce81fdff794a829c3128424e740ef80de047e71ceae376c6445cd4520
2024-06-28,IDUKKI,694.944,732.43,1460,2190,712.659,527.219,36,790.829,775.012,official_observed_reference,9dce8f1f58a54f8842ee1bf8b4448080ca39681411cb9fa72fad14970df1ccfd
2024-06-28,PAMBA,963.168,986.332,31.001,59.46,971.25,7.4,29,268.269,225.958,official_observed_reference,9dce8f1f58a54f8842ee1bf8b4448080ca39681411cb9fa72fad14970df1ccfd
2024-06-28,KAKKI,908.304,981.456,446.542,856.467,953.48,132.469,0,0,,official_observed_reference,9dce8f1f58a54f8842ee1bf8b4448080ca39681411cb9fa72fad14970df1ccfd
2024-06-28,SHOLAYAR,779.374,811.68,149.23,152.065,789.676,20.41,14,20.798,13.614,official_observed_reference,9dce8f1f58a54f8842ee1bf8b4448080ca39681411cb9fa72fad14970df1ccfd
2024-06-28,IDAMALAYAR,115,169,1017.8,254.45,140.08,310.52,31,77.63,77.63,official_observed_reference,9dce8f1f58a54f8842ee1bf8b4448080ca39681411cb9fa72fad14970df1ccfd
2024-06-28,KUNDALA,1735.836,1758.696,7.787,22.738,1741,0.991,13,107.43,46.467,official_observed_reference,9dce8f1f58a54f8842ee1bf8b4448080ca39681411cb9fa72fad14970df1ccfd
2024-06-28,MADUPPATTY,1554.48,1599.59,55.217,161.234,1592,35.8,65,0,,official_observed_reference,9dce8f1f58a54f8842ee1bf8b4448080ca39681411cb9fa72fad14970df1ccfd
2024-06-28,KUTTIADI,737.616,758.037,33.99,42.827,752.795,21.379,63,78.283,75.797,official_observed_reference,9dce8f1f58a54f8842ee1bf8b4448080ca39681411cb9fa72fad14970df1ccfd
2024-06-28,THARIODE,750.5,775.6,201,253.26,759.4,40.75,20,0,,official_observed_reference,9dce8f1f58a54f8842ee1bf8b4448080ca39681411cb9fa72fad14970df1ccfd
2024-06-28,ANAYIRANKAL,1188,1207.008,48.968,65.616,1191.1,2.35,5,30.713,10.811,official_observed_reference,9dce8f1f58a54f8842ee1bf8b4448080ca39681411cb9fa72fad14970df1ccfd
2024-06-28,PONMUDI,678.8,707.745,47.4,63.516,695.6,20.57,43,0,,official_observed_reference,9dce8f1f58a54f8842ee1bf8b4448080ca39681411cb9fa72fad14970df1ccfd
2024-06-28,NERIAMANGALAM,445,456.59,5.557,4.835,456.1,5.2,94,4.524,2.131,official_observed_reference,9dce8f1f58a54f8842ee1bf8b4448080ca39681411cb9fa72fad14970df1ccfd
2024-06-28,PORINGAL,405.689,423.976,30.356,10.625,422.75,26.625,88,9.319,9.319,official_observed_reference,9dce8f1f58a54f8842ee1bf8b4448080ca39681411cb9fa72fad14970df1ccfd
2024-06-28,SENGULAM (SBR),844.86,847.6,1.614,0.71,846.6,,0,0,,official_observed_reference,9dce8f1f58a54f8842ee1bf8b4448080ca39681411cb9fa72fad14970df1ccfd
2024-06-28,LOWER PERIYAR,237.74,253,4.55,2.093,252,4.12,91,1.895,1.895,official_observed_reference,9dce8f1f58a54f8842ee1bf8b4448080ca39681411cb9fa72fad14970df1ccfd
2024-06-28,KAKKAD,181.36,192.63,1.16,0.358,188.8,,0,0,,official_observed_reference,9dce8f1f58a54f8842ee1bf8b4448080ca39681411cb9fa72fad14970df1ccfd
2024-06-29,IDUKKI,694.944,732.43,1460,2190,712.909,535.973,37,803.96,787.88,official_observed_reference,1d18946e73e22f4f9304e7a9bb0bc41db1a99ec9df76617bd8facc5aad8f4bdf
2024-06-29,PAMBA,963.168,986.332,31.001,59.46,969.95,6.1,30,276.888,233.218,official_observed_reference,1d18946e73e22f4f9304e7a9bb0bc41db1a99ec9df76617bd8facc5aad8f4bdf
2024-06-29,KAKKI,908.304,981.456,446.542,856.467,954.344,138.263,0,0,,official_observed_reference,1d18946e73e22f4f9304e7a9bb0bc41db1a99ec9df76617bd8facc5aad8f4bdf
2024-06-29,SHOLAYAR,779.374,811.68,149.23,152.065,789.676,20.41,14,20.798,13.614,official_observed_reference,1d18946e73e22f4f9304e7a9bb0bc41db1a99ec9df76617bd8facc5aad8f4bdf
2024-06-29,IDAMALAYAR,115,169,1017.8,254.45,140.49,318.31,31,79.578,79.578,official_observed_reference,1d18946e73e22f4f9304e7a9bb0bc41db1a99ec9df76617bd8facc5aad8f4bdf
2024-06-29,KUNDALA,1735.836,1758.696,7.787,22.738,1741,0.991,13,108.014,46.72,official_observed_reference,1d18946e73e22f4f9304e7a9bb0bc41db1a99ec9df76617bd8facc5aad8f4bdf
2024-06-29,MADUPPATTY,1554.48,1599.59,55.217,161.234,1592.1,36,65,0,,official_observed_reference,1d18946e73e22f4f9304e7a9bb0bc41db1a99ec9df76617bd8facc5aad8f4bdf
2024-06-29,KUTTIADI,737.616,758.037,33.99,42.827,752.461,20.706,61,80.459,77.904,official_observed_reference,1d18946e73e22f4f9304e7a9bb0bc41db1a99ec9df76617bd8facc5aad8f4bdf
2024-06-29,THARIODE,750.5,775.6,201,253.26,759.75,43.15,21,0,,official_observed_reference,1d18946e73e22f4f9304e7a9bb0bc41db1a99ec9df76617bd8facc5aad8f4bdf
2024-06-29,ANAYIRANKAL,1188,1207.008,48.968,65.616,1191.29,2.578,5,31.916,11.235,official_observed_reference,1d18946e73e22f4f9304e7a9bb0bc41db1a99ec9df76617bd8facc5aad8f4bdf
2024-06-29,PONMUDI,678.8,707.745,47.4,63.516,696.05,21.24,45,0,,official_observed_reference,1d18946e73e22f4f9304e7a9bb0bc41db1a99ec9df76617bd8facc5aad8f4bdf
2024-06-29,NERIAMANGALAM,445,456.59,5.557,4.835,455.35,4.675,84,4.067,1.916,official_observed_reference,1d18946e73e22f4f9304e7a9bb0bc41db1a99ec9df76617bd8facc5aad8f4bdf
2024-06-29,PORINGAL,405.689,423.976,30.356,10.625,422.8,26.75,88,9.363,9.363,official_observed_reference,1d18946e73e22f4f9304e7a9bb0bc41db1a99ec9df76617bd8facc5aad8f4bdf
2024-06-29,SENGULAM (SBR),844.86,847.6,1.614,0.71,846.55,,0,0,,official_observed_reference,1d18946e73e22f4f9304e7a9bb0bc41db1a99ec9df76617bd8facc5aad8f4bdf
2024-06-29,LOWER PERIYAR,237.74,253,4.55,2.093,249.1,2.91,64,1.339,1.339,official_observed_reference,1d18946e73e22f4f9304e7a9bb0bc41db1a99ec9df76617bd8facc5aad8f4bdf
2024-06-29,KAKKAD,181.36,192.63,1.16,0.358,188.3,,0,0,,official_observed_reference,1d18946e73e22f4f9304e7a9bb0bc41db1a99ec9df76617bd8facc5aad8f4bdf
2024-06-30,IDUKKI,694.944,732.43,1460,2190,713.11,543.019,37,814.529,798.238,official_observed_reference,8096ea2b61d8b00ed4a3418107bb327cd5d7f96c542cd070eab056fd219f7615
2024-06-30,PAMBA,963.168,986.332,31.001,59.46,968.2,4.35,31,283.097,238.448,official_observed_reference,8096ea2b61d8b00ed4a3418107bb327cd5d7f96c542cd070eab056fd219f7615
2024-06-30,KAKKI,908.304,981.456,446.542,856.467,955.05,143.25,0,0,,official_observed_reference,8096ea2b61d8b00ed4a3418107bb327cd5d7f96c542cd070eab056fd219f7615
2024-06-30,SHOLAYAR,779.374,811.68,149.23,152.065,789.767,20.685,14,21.078,13.797,official_observed_reference,8096ea2b61d8b00ed4a3418107bb327cd5d7f96c542cd070eab056fd219f7615
2024-06-30,IDAMALAYAR,115,169,1017.8,254.45,140.91,326.445,32,81.611,81.611,official_observed_reference,8096ea2b61d8b00ed4a3418107bb327cd5d7f96c542cd070eab056fd219f7615
2024-06-30,KUNDALA,1735.836,1758.696,7.787,22.738,1741,0.991,13,109.182,47.225,official_observed_reference,8096ea2b61d8b00ed4a3418107bb327cd5d7f96c542cd070eab056fd219f7615
2024-06-30,MADUPPATTY,1554.48,1599.59,55.217,161.234,1592.3,36.4,66,0,,official_observed_reference,8096ea2b61d8b00ed4a3418107bb327cd5d7f96c542cd070eab056fd219f7615
2024-06-30,KUTTIADI,737.616,758.037,33.99,42.827,752.643,21.074,62,86.214,83.477,official_observed_reference,8096ea2b61d8b00ed4a3418107bb327cd5d7f96c542cd070eab056fd219f7615
2024-06-30,THARIODE,750.5,775.6,201,253.26,760.35,47.35,24,0,,official_observed_reference,8096ea2b61d8b00ed4a3418107bb327cd5d7f96c542cd070eab056fd219f7615
2024-06-30,ANAYIRANKAL,1188,1207.008,48.968,65.616,1191.43,2.746,6,32.651,11.493,official_observed_reference,8096ea2b61d8b00ed4a3418107bb327cd5d7f96c542cd070eab056fd219f7615
2024-06-30,PONMUDI,678.8,707.745,47.4,63.516,696.3,21.62,46,0,,official_observed_reference,8096ea2b61d8b00ed4a3418107bb327cd5d7f96c542cd070eab056fd219f7615
2024-06-30,NERIAMANGALAM,445,456.59,5.557,4.835,455.35,4.675,84,4.067,1.916,official_observed_reference,8096ea2b61d8b00ed4a3418107bb327cd5d7f96c542cd070eab056fd219f7615
2024-06-30,PORINGAL,405.689,423.976,30.356,10.625,422.7,26.5,87,9.275,9.275,official_observed_reference,8096ea2b61d8b00ed4a3418107bb327cd5d7f96c542cd070eab056fd219f7615
2024-06-30,SENGULAM (SBR),844.86,847.6,1.614,0.71,846.55,,0,0,,official_observed_reference,8096ea2b61d8b00ed4a3418107bb327cd5d7f96c542cd070eab056fd219f7615
2024-06-30,LOWER PERIYAR,237.74,253,4.55,2.093,247.6,2.39,53,1.099,1.099,official_observed_reference,8096ea2b61d8b00ed4a3418107bb327cd5d7f96c542cd070eab056fd219f7615
2024-06-30,KAKKAD,181.36,192.63,1.16,0.358,189.1,,0,0,,official_observed_reference,8096ea2b61d8b00ed4a3418107bb327cd5d7f96c542cd070eab056fd219f7615
2024-07-01,IDUKKI,694.944,732.43,1460,2190,713.244,547.781,38,821.672,805.238,official_observed_reference,f43ab9f220160466dc0d74a0d09307fa1835a733725329beed0cb4b26d0682e4
2024-07-01,PAMBA,963.168,986.332,31.001,59.46,966.85,3,31,285.136,240.165,official_observed_reference,f43ab9f220160466dc0d74a0d09307fa1835a733725329beed0cb4b26d0682e4
2024-07-01,KAKKI,908.304,981.456,446.542,856.467,955.371,145.663,0,0,,official_observed_reference,f43ab9f220160466dc0d74a0d09307fa1835a733725329beed0cb4b26d0682e4
2024-07-01,SHOLAYAR,779.374,811.68,149.23,152.065,789.981,21.339,14,21.745,14.233,official_observed_reference,f43ab9f220160466dc0d74a0d09307fa1835a733725329beed0cb4b26d0682e4
2024-07-01,IDAMALAYAR,115,169,1017.8,254.45,141.23,332.635,33,83.159,83.159,official_observed_reference,f43ab9f220160466dc0d74a0d09307fa1835a733725329beed0cb4b26d0682e4
2024-07-01,KUNDALA,1735.836,1758.696,7.787,22.738,1741,0.991,13,109.766,47.477,official_observed_reference,f43ab9f220160466dc0d74a0d09307fa1835a733725329beed0cb4b26d0682e4
2024-07-01,MADUPPATTY,1554.48,1599.59,55.217,161.234,1592.4,36.6,66,0,,official_observed_reference,f43ab9f220160466dc0d74a0d09307fa1835a733725329beed0cb4b26d0682e4
2024-07-01,KUTTIADI,737.616,758.037,33.99,42.827,752.339,20.464,60,90.234,87.369,official_observed_reference,f43ab9f220160466dc0d74a0d09307fa1835a733725329beed0cb4b26d0682e4
2024-07-01,THARIODE,750.5,775.6,201,253.26,760.9,51.15,25,0,,official_observed_reference,f43ab9f220160466dc0d74a0d09307fa1835a733725329beed0cb4b26d0682e4
2024-07-01,ANAYIRANKAL,1188,1207.008,48.968,65.616,1191.55,2.89,6,32.442,11.42,official_observed_reference,f43ab9f220160466dc0d74a0d09307fa1835a733725329beed0cb4b26d0682e4
2024-07-01,PONMUDI,678.8,707.745,47.4,63.516,696.1,21.32,45,0,,official_observed_reference,f43ab9f220160466dc0d74a0d09307fa1835a733725329beed0cb4b26d0682e4
2024-07-01,NERIAMANGALAM,445,456.59,5.557,4.835,455.15,4.55,82,3.959,1.865,official_observed_reference,f43ab9f220160466dc0d74a0d09307fa1835a733725329beed0cb4b26d0682e4
2024-07-01,PORINGAL,405.689,423.976,30.356,10.625,422.75,26.625,88,9.319,9.319,official_observed_reference,f43ab9f220160466dc0d74a0d09307fa1835a733725329beed0cb4b26d0682e4
2024-07-01,SENGULAM (SBR),844.86,847.6,1.614,0.71,846.65,,0,0,,official_observed_reference,f43ab9f220160466dc0d74a0d09307fa1835a733725329beed0cb4b26d0682e4
2024-07-01,LOWER PERIYAR,237.74,253,4.55,2.093,247,2.19,48,1.007,1.007,official_observed_reference,f43ab9f220160466dc0d74a0d09307fa1835a733725329beed0cb4b26d0682e4
2024-07-01,KAKKAD,181.36,192.63,1.16,0.358,190.2,,0,0,,official_observed_reference,f43ab9f220160466dc0d74a0d09307fa1835a733725329beed0cb4b26d0682e4
2024-07-02,IDUKKI,694.944,732.43,1460,2190,713.311,550.485,38,825.728,809.213,official_observed_reference,79efda5fded44e634eb84653befd4e3dbd25f52b23977dad59d93a28c2a7062f
2024-07-02,PAMBA,963.168,986.332,31.001,59.46,966.1,2.26,31,285.155,240.181,official_observed_reference,79efda5fded44e634eb84653befd4e3dbd25f52b23977dad59d93a28c2a7062f
2024-07-02,KAKKI,908.304,981.456,446.542,856.467,955.47,146.413,0,0,,official_observed_reference,79efda5fded44e634eb84653befd4e3dbd25f52b23977dad59d93a28c2a7062f
2024-07-02,SHOLAYAR,779.374,811.68,149.23,152.065,790.225,22.104,15,22.524,14.743,official_observed_reference,79efda5fded44e634eb84653befd4e3dbd25f52b23977dad59d93a28c2a7062f
2024-07-02,IDAMALAYAR,115,169,1017.8,254.45,141.39,335.755,33,83.939,83.939,official_observed_reference,79efda5fded44e634eb84653befd4e3dbd25f52b23977dad59d93a28c2a7062f
2024-07-02,KUNDALA,1735.836,1758.696,7.787,22.738,1741,0.991,13,110.35,47.73,official_observed_reference,79efda5fded44e634eb84653befd4e3dbd25f52b23977dad59d93a28c2a7062f
2024-07-02,MADUPPATTY,1554.48,1599.59,55.217,161.234,1592.5,36.8,67,0,,official_observed_reference,79efda5fded44e634eb84653befd4e3dbd25f52b23977dad59d93a28c2a7062f
2024-07-02,KUTTIADI,737.616,758.037,33.99,42.827,752.278,20.342,60,94.112,91.124,official_observed_reference,79efda5fded44e634eb84653befd4e3dbd25f52b23977dad59d93a28c2a7062f
2024-07-02,THARIODE,750.5,775.6,201,253.26,761.3,54.35,27,0,,official_observed_reference,79efda5fded44e634eb84653befd4e3dbd25f52b23977dad59d93a28c2a7062f
2024-07-02,ANAYIRANKAL,1188,1207.008,48.968,65.616,1191.64,2.998,6,31.983,11.259,official_observed_reference,79efda5fded44e634eb84653befd4e3dbd25f52b23977dad59d93a28c2a7062f
2024-07-02,PONMUDI,678.8,707.745,47.4,63.516,695.8,20.87,44,0,,official_observed_reference,79efda5fded44e634eb84653befd4e3dbd25f52b23977dad59d93a28c2a7062f
2024-07-02,NERIAMANGALAM,445,456.59,5.557,4.835,454.65,4.25,76,3.698,1.742,official_observed_reference,79efda5fded44e634eb84653befd4e3dbd25f52b23977dad59d93a28c2a7062f
2024-07-02,PORINGAL,405.689,423.976,30.356,10.625,422.4,25.75,85,9.013,9.013,official_observed_reference,79efda5fded44e634eb84653befd4e3dbd25f52b23977dad59d93a28c2a7062f
2024-07-02,SENGULAM (SBR),844.86,847.6,1.614,0.71,846.55,,0,0,,official_observed_reference,79efda5fded44e634eb84653befd4e3dbd25f52b23977dad59d93a28c2a7062f
2024-07-02,LOWER PERIYAR,237.74,253,4.55,2.093,246.6,2.08,46,0.957,0.957,official_observed_reference,79efda5fded44e634eb84653befd4e3dbd25f52b23977dad59d93a28c2a7062f
2024-07-02,KAKKAD,181.36,192.63,1.16,0.358,190.3,,0,0,,official_observed_reference,79efda5fded44e634eb84653befd4e3dbd25f52b23977dad59d93a28c2a7062f
2024-07-03,IDUKKI,694.944,732.43,1460,2190,713.384,553.434,38,830.151,813.548,official_observed_reference,1a957e101ed92c88267c90f090298b5d6755fb571f03bb8c99de17f428a86674
2024-07-03,PAMBA,963.168,986.332,31.001,59.46,965.7,1.94,31,284.541,239.664,official_observed_reference,1a957e101ed92c88267c90f090298b5d6755fb571f03bb8c99de17f428a86674
2024-07-03,KAKKI,908.304,981.456,446.542,856.467,955.484,146.413,0,0,,official_observed_reference,1a957e101ed92c88267c90f090298b5d6755fb571f03bb8c99de17f428a86674
2024-07-03,SHOLAYAR,779.374,811.68,149.23,152.065,790.743,23.786,16,24.238,15.865,official_observed_reference,1a957e101ed92c88267c90f090298b5d6755fb571f03bb8c99de17f428a86674
2024-07-03,IDAMALAYAR,115,169,1017.8,254.45,141.58,339.46,33,84.865,84.865,official_observed_reference,1a957e101ed92c88267c90f090298b5d6755fb571f03bb8c99de17f428a86674
2024-07-03,KUNDALA,1735.836,1758.696,7.787,22.738,1741,0.991,13,110.934,47.983,official_observed_reference,1a957e101ed92c88267c90f090298b5d6755fb571f03bb8c99de17f428a86674
2024-07-03,MADUPPATTY,1554.48,1599.59,55.217,161.234,1592.6,37,67,0,,official_observed_reference,1a957e101ed92c88267c90f090298b5d6755fb571f03bb8c99de17f428a86674
2024-07-03,KUTTIADI,737.616,758.037,33.99,42.827,752.491,20.769,61,112.29,108.725,official_observed_reference,1a957e101ed92c88267c90f090298b5d6755fb571f03bb8c99de17f428a86674
2024-07-03,THARIODE,750.5,775.6,201,253.26,761.85,68.35,34,0,,official_observed_reference,1a957e101ed92c88267c90f090298b5d6755fb571f03bb8c99de17f428a86674
2024-07-03,ANAYIRANKAL,1188,1207.008,48.968,65.616,1191.73,3.106,6,31.217,10.989,official_observed_reference,1a957e101ed92c88267c90f090298b5d6755fb571f03bb8c99de17f428a86674
2024-07-03,PONMUDI,678.8,707.745,47.4,63.516,695.35,20.19,43,0,,official_observed_reference,1a957e101ed92c88267c90f090298b5d6755fb571f03bb8c99de17f428a86674
2024-07-03,NERIAMANGALAM,445,456.59,5.557,4.835,454.4,4.1,74,3.567,1.68,official_observed_reference,1a957e101ed92c88267c90f090298b5d6755fb571f03bb8c99de17f428a86674
2024-07-03,PORINGAL,405.689,423.976,30.356,10.625,422.1,25,82,8.75,8.75,official_observed_reference,1a957e101ed92c88267c90f090298b5d6755fb571f03bb8c99de17f428a86674
2024-07-03,SENGULAM (SBR),844.86,847.6,1.614,0.71,846.55,,0,0,,official_observed_reference,1a957e101ed92c88267c90f090298b5d6755fb571f03bb8c99de17f428a86674
2024-07-03,LOWER PERIYAR,237.74,253,4.55,2.093,246.7,2.11,46,0.971,0.971,official_observed_reference,1a957e101ed92c88267c90f090298b5d6755fb571f03bb8c99de17f428a86674
2024-07-03,KAKKAD,181.36,192.63,1.16,0.358,192,,0,0,,official_observed_reference,1a957e101ed92c88267c90f090298b5d6755fb571f03bb8c99de17f428a86674
2024-07-04,IDUKKI,694.944,732.43,1460,2190,713.384,553.434,38,830.151,813.548,official_observed_reference,528c894425809d2569e09f9072a8b7aaa34930d45cc7c1190b347e8817972a7a
2024-07-04,PAMBA,963.168,986.332,31.001,59.46,965.35,1.66,31,284.543,239.666,official_observed_reference,528c894425809d2569e09f9072a8b7aaa34930d45cc7c1190b347e8817972a7a
2024-07-04,KAKKI,908.304,981.456,446.542,856.467,955.511,146.694,0,0,,official_observed_reference,528c894425809d2569e09f9072a8b7aaa34930d45cc7c1190b347e8817972a7a
2024-07-04,SHOLAYAR,779.374,811.68,149.23,152.065,791.108,25.024,17,25.499,16.691,official_observed_reference,528c894425809d2569e09f9072a8b7aaa34930d45cc7c1190b347e8817972a7a
2024-07-04,IDAMALAYAR,115,169,1017.8,254.45,141.68,341.41,34,85.353,85.353,official_observed_reference,528c894425809d2569e09f9072a8b7aaa34930d45cc7c1190b347e8817972a7a
2024-07-04,KUNDALA,1735.836,1758.696,7.787,22.738,1741,0.991,13,111.226,48.109,official_observed_reference,528c894425809d2569e09f9072a8b7aaa34930d45cc7c1190b347e8817972a7a
2024-07-04,MADUPPATTY,1554.48,1599.59,55.217,161.234,1592.65,37.1,67,0,,official_observed_reference,528c894425809d2569e09f9072a8b7aaa34930d45cc7c1190b347e8817972a7a
2024-07-04,KUTTIADI,737.616,758.037,33.99,42.827,752.095,19.976,59,100.959,97.754,official_observed_reference,528c894425809d2569e09f9072a8b7aaa34930d45cc7c1190b347e8817972a7a
2024-07-04,THARIODE,750.5,775.6,201,253.26,762.1,60.15,30,0,,official_observed_reference,528c894425809d2569e09f9072a8b7aaa34930d45cc7c1190b347e8817972a7a
2024-07-04,ANAYIRANKAL,1188,1207.008,48.968,65.616,1191.78,3.166,6,29.957,10.545,official_observed_reference,528c894425809d2569e09f9072a8b7aaa34930d45cc7c1190b347e8817972a7a
2024-07-04,PONMUDI,678.8,707.745,47.4,63.516,694.7,19.19,40,0,,official_observed_reference,528c894425809d2569e09f9072a8b7aaa34930d45cc7c1190b347e8817972a7a
2024-07-04,NERIAMANGALAM,445,456.59,5.557,4.835,453.9,3.8,68,3.306,1.557,official_observed_reference,528c894425809d2569e09f9072a8b7aaa34930d45cc7c1190b347e8817972a7a
2024-07-04,PORINGAL,405.689,423.976,30.356,10.625,421.65,23.875,79,8.356,8.356,official_observed_reference,528c894425809d2569e09f9072a8b7aaa34930d45cc7c1190b347e8817972a7a
2024-07-04,SENGULAM (SBR),844.86,847.6,1.614,0.71,846.5,,0,0,,official_observed_reference,528c894425809d2569e09f9072a8b7aaa34930d45cc7c1190b347e8817972a7a
2024-07-04,LOWER PERIYAR,237.74,253,4.55,2.093,246.7,2.11,46,0.971,0.971,official_observed_reference,528c894425809d2569e09f9072a8b7aaa34930d45cc7c1190b347e8817972a7a
2024-07-04,KAKKAD,181.36,192.63,1.16,0.358,192.2,,0,0,,official_observed_reference,528c894425809d2569e09f9072a8b7aaa34930d45cc7c1190b347e8817972a7a
2024-07-05,IDUKKI,694.944,732.43,1460,2190,713.439,555.646,38,833.469,816.8,official_observed_reference,04ff58a68908c18bdc51d74f86b6912477fa2d327063ef1c995b94d03fb63ae5
2024-07-05,PAMBA,963.168,986.332,31.001,59.46,965.4,1.7,31,284.62,239.731,official_observed_reference,04ff58a68908c18bdc51d74f86b6912477fa2d327063ef1c995b94d03fb63ae5
2024-07-05,KAKKI,908.304,981.456,446.542,856.467,955.514,146.694,0,0,,official_observed_reference,04ff58a68908c18bdc51d74f86b6912477fa2d327063ef1c995b94d03fb63ae5
2024-07-05,SHOLAYAR,779.374,811.68,149.23,152.065,791.474,26.301,18,26.801,17.543,official_observed_reference,04ff58a68908c18bdc51d74f86b6912477fa2d327063ef1c995b94d03fb63ae5
2024-07-05,IDAMALAYAR,115,169,1017.8,254.45,141.81,343.945,34,85.986,85.986,official_observed_reference,04ff58a68908c18bdc51d74f86b6912477fa2d327063ef1c995b94d03fb63ae5
2024-07-05,KUNDALA,1735.836,1758.696,7.787,22.738,1741.4,0.991,13,111.226,48.109,official_observed_reference,04ff58a68908c18bdc51d74f86b6912477fa2d327063ef1c995b94d03fb63ae5
2024-07-05,MADUPPATTY,1554.48,1599.59,55.217,161.234,1592.7,37.1,67,0,,official_observed_reference,04ff58a68908c18bdc51d74f86b6912477fa2d327063ef1c995b94d03fb63ae5
2024-07-05,KUTTIADI,737.616,758.037,33.99,42.827,751.546,18.878,56,102.347,99.098,official_observed_reference,04ff58a68908c18bdc51d74f86b6912477fa2d327063ef1c995b94d03fb63ae5
2024-07-05,THARIODE,750.5,775.6,201,253.26,762.3,62.35,31,0,,official_observed_reference,04ff58a68908c18bdc51d74f86b6912477fa2d327063ef1c995b94d03fb63ae5
2024-07-05,ANAYIRANKAL,1188,1207.008,48.968,65.616,1191.82,3.214,7,28.735,10.115,official_observed_reference,04ff58a68908c18bdc51d74f86b6912477fa2d327063ef1c995b94d03fb63ae5
2024-07-05,PONMUDI,678.8,707.745,47.4,63.516,694.1,18.23,38,0,,official_observed_reference,04ff58a68908c18bdc51d74f86b6912477fa2d327063ef1c995b94d03fb63ae5
2024-07-05,NERIAMANGALAM,445,456.59,5.557,4.835,453.15,3.35,60,2.915,1.373,official_observed_reference,04ff58a68908c18bdc51d74f86b6912477fa2d327063ef1c995b94d03fb63ae5
2024-07-05,PORINGAL,405.689,423.976,30.356,10.625,421.3,23,76,8.05,8.05,official_observed_reference,04ff58a68908c18bdc51d74f86b6912477fa2d327063ef1c995b94d03fb63ae5
2024-07-05,SENGULAM (SBR),844.86,847.6,1.614,0.71,846.55,,0,0,,official_observed_reference,04ff58a68908c18bdc51d74f86b6912477fa2d327063ef1c995b94d03fb63ae5
2024-07-05,LOWER PERIYAR,237.74,253,4.55,2.093,247.1,2.23,49,1.026,1.026,official_observed_reference,04ff58a68908c18bdc51d74f86b6912477fa2d327063ef1c995b94d03fb63ae5
2024-07-05,KAKKAD,181.36,192.63,1.16,0.358,189.45,,0,0,,official_observed_reference,04ff58a68908c18bdc51d74f86b6912477fa2d327063ef1c995b94d03fb63ae5
2024-07-06,IDUKKI,694.944,732.43,1460,2190,713.464,556.629,38,834.944,818.245,official_observed_reference,69e0273dab58b0aa947f1f4c3167eee539d10e0c14a3617c22027087fe1ca1f4
2024-07-06,PAMBA,963.168,986.332,31.001,59.46,965.25,1.58,31,284.029,239.233,official_observed_reference,69e0273dab58b0aa947f1f4c3167eee539d10e0c14a3617c22027087fe1ca1f4
2024-07-06,KAKKI,908.304,981.456,446.542,856.467,955.487,146.506,0,0,,official_observed_reference,69e0273dab58b0aa947f1f4c3167eee539d10e0c14a3617c22027087fe1ca1f4
2024-07-06,SHOLAYAR,779.374,811.68,149.23,152.065,791.779,27.417,18,27.938,18.287,official_observed_reference,69e0273dab58b0aa947f1f4c3167eee539d10e0c14a3617c22027087fe1ca1f4
2024-07-06,IDAMALAYAR,115,169,1017.8,254.45,141.94,346.48,34,86.62,86.62,official_observed_reference,69e0273dab58b0aa947f1f4c3167eee539d10e0c14a3617c22027087fe1ca1f4
2024-07-06,KUNDALA,1735.836,1758.696,7.787,22.738,1741.8,0.991,13,111.81,48.362,official_observed_reference,69e0273dab58b0aa947f1f4c3167eee539d10e0c14a3617c22027087fe1ca1f4
2024-07-06,MADUPPATTY,1554.48,1599.59,55.217,161.234,1592.75,37.3,68,0,,official_observed_reference,69e0273dab58b0aa947f1f4c3167eee539d10e0c14a3617c22027087fe1ca1f4
2024-07-06,KUTTIADI,737.616,758.037,33.99,42.827,751.088,17.963,53,103.21,99.934,official_observed_reference,69e0273dab58b0aa947f1f4c3167eee539d10e0c14a3617c22027087fe1ca1f4
2024-07-06,THARIODE,750.5,775.6,201,253.26,762.55,63.95,32,0,,official_observed_reference,69e0273dab58b0aa947f1f4c3167eee539d10e0c14a3617c22027087fe1ca1f4
2024-07-06,ANAYIRANKAL,1188,1207.008,48.968,65.616,1191.86,3.262,7,27.727,9.76,official_observed_reference,69e0273dab58b0aa947f1f4c3167eee539d10e0c14a3617c22027087fe1ca1f4
2024-07-06,PONMUDI,678.8,707.745,47.4,63.516,693.6,17.43,37,0,,official_observed_reference,69e0273dab58b0aa947f1f4c3167eee539d10e0c14a3617c22027087fe1ca1f4
2024-07-06,NERIAMANGALAM,445,456.59,5.557,4.835,452.6,3.05,55,2.654,1.25,official_observed_reference,69e0273dab58b0aa947f1f4c3167eee539d10e0c14a3617c22027087fe1ca1f4
2024-07-06,PORINGAL,405.689,423.976,30.356,10.625,420.8,21.75,72,7.613,7.613,official_observed_reference,69e0273dab58b0aa947f1f4c3167eee539d10e0c14a3617c22027087fe1ca1f4
2024-07-06,SENGULAM (SBR),844.86,847.6,1.614,0.71,846.6,,0,0,,official_observed_reference,69e0273dab58b0aa947f1f4c3167eee539d10e0c14a3617c22027087fe1ca1f4
2024-07-06,LOWER PERIYAR,237.74,253,4.55,2.093,246.8,2.14,47,0.984,0.984,official_observed_reference,69e0273dab58b0aa947f1f4c3167eee539d10e0c14a3617c22027087fe1ca1f4
2024-07-06,KAKKAD,181.36,192.63,1.16,0.358,188.2,,0,0,,official_observed_reference,69e0273dab58b0aa947f1f4c3167eee539d10e0c14a3617c22027087fe1ca1f4
2024-07-07,IDUKKI,694.944,732.43,1460,2190,713.482,557.367,38,836.051,819.329,official_observed_reference,937cccfcbdc96dee07cd425e640655152c416addaf41514934d3520d64d1f311
2024-07-07,PAMBA,963.168,986.332,31.001,59.46,965.15,1.5,31,284.236,239.407,official_observed_reference,937cccfcbdc96dee07cd425e640655152c416addaf41514934d3520d64d1f311
2024-07-07,KAKKI,908.304,981.456,446.542,856.467,955.51,146.694,0,0,,official_observed_reference,937cccfcbdc96dee07cd425e640655152c416addaf41514934d3520d64d1f311
2024-07-07,SHOLAYAR,779.374,811.68,149.23,152.065,792.175,28.946,19,29.496,19.307,official_observed_reference,937cccfcbdc96dee07cd425e640655152c416addaf41514934d3520d64d1f311
2024-07-07,IDAMALAYAR,115,169,1017.8,254.45,142.02,348.04,34,87.01,87.01,official_observed_reference,937cccfcbdc96dee07cd425e640655152c416addaf41514934d3520d64d1f311
2024-07-07,KUNDALA,1735.836,1758.696,7.787,22.738,1742,0.991,13,112.102,48.488,official_observed_reference,937cccfcbdc96dee07cd425e640655152c416addaf41514934d3520d64d1f311
2024-07-07,MADUPPATTY,1554.48,1599.59,55.217,161.234,1592.8,37.4,68,0,,official_observed_reference,937cccfcbdc96dee07cd425e640655152c416addaf41514934d3520d64d1f311
2024-07-07,KUTTIADI,737.616,758.037,33.99,42.827,750.723,17.233,51,103.803,100.507,official_observed_reference,937cccfcbdc96dee07cd425e640655152c416addaf41514934d3520d64d1f311
2024-07-07,THARIODE,750.5,775.6,201,253.26,762.7,65.15,32,0,,official_observed_reference,937cccfcbdc96dee07cd425e640655152c416addaf41514934d3520d64d1f311
2024-07-07,ANAYIRANKAL,1188,1207.008,48.968,65.616,1191.9,3.31,7,27.363,9.632,official_observed_reference,937cccfcbdc96dee07cd425e640655152c416addaf41514934d3520d64d1f311
2024-07-07,PONMUDI,678.8,707.745,47.4,63.516,693.4,17.11,36,0,,official_observed_reference,937cccfcbdc96dee07cd425e640655152c416addaf41514934d3520d64d1f311
2024-07-07,NERIAMANGALAM,445,456.59,5.557,4.835,452.7,3.1,56,2.697,1.27,official_observed_reference,937cccfcbdc96dee07cd425e640655152c416addaf41514934d3520d64d1f311
2024-07-07,PORINGAL,405.689,423.976,30.356,10.625,420.65,21.375,70,7.481,7.481,official_observed_reference,937cccfcbdc96dee07cd425e640655152c416addaf41514934d3520d64d1f311
2024-07-07,SENGULAM (SBR),844.86,847.6,1.614,0.71,846.6,,0,0,,official_observed_reference,937cccfcbdc96dee07cd425e640655152c416addaf41514934d3520d64d1f311
2024-07-07,LOWER PERIYAR,237.74,253,4.55,2.093,248.2,2.58,57,1.187,1.187,official_observed_reference,937cccfcbdc96dee07cd425e640655152c416addaf41514934d3520d64d1f311
2024-07-07,KAKKAD,181.36,192.63,1.16,0.358,187.25,,0,0,,official_observed_reference,937cccfcbdc96dee07cd425e640655152c416addaf41514934d3520d64d1f311
2024-07-08,IDUKKI,694.944,732.43,1460,2190,713.464,556.629,38,834.944,818.245,official_observed_reference,55903579efa587b61b0b19ee1064cdbf79f2998e17a1ad0de3a6774437fab00f
2024-07-08,PAMBA,963.168,986.332,31.001,59.46,965.15,1.5,31,282.798,238.196,official_observed_reference,55903579efa587b61b0b19ee1064cdbf79f2998e17a1ad0de3a6774437fab00f
2024-07-08,KAKKI,908.304,981.456,446.542,856.467,955.417,145.944,0,0,,official_observed_reference,55903579efa587b61b0b19ee1064cdbf79f2998e17a1ad0de3a6774437fab00f
2024-07-08,SHOLAYAR,779.374,811.68,149.23,152.065,792.571,30.518,20,31.098,20.355,official_observed_reference,55903579efa587b61b0b19ee1064cdbf79f2998e17a1ad0de3a6774437fab00f
2024-07-08,IDAMALAYAR,115,169,1017.8,254.45,142.15,350.575,34,87.644,87.644,official_observed_reference,55903579efa587b61b0b19ee1064cdbf79f2998e17a1ad0de3a6774437fab00f
2024-07-08,KUNDALA,1735.836,1758.696,7.787,22.738,1742.3,0.991,13,112.394,48.614,official_observed_reference,55903579efa587b61b0b19ee1064cdbf79f2998e17a1ad0de3a6774437fab00f
2024-07-08,MADUPPATTY,1554.48,1599.59,55.217,161.234,1592.85,37.5,68,0,,official_observed_reference,55903579efa587b61b0b19ee1064cdbf79f2998e17a1ad0de3a6774437fab00f
2024-07-08,KUTTIADI,737.616,758.037,33.99,42.827,750.113,16.013,47,105.037,101.703,official_observed_reference,55903579efa587b61b0b19ee1064cdbf79f2998e17a1ad0de3a6774437fab00f
2024-07-08,THARIODE,750.5,775.6,201,253.26,763,67.35,34,0,,official_observed_reference,55903579efa587b61b0b19ee1064cdbf79f2998e17a1ad0de3a6774437fab00f
2024-07-08,ANAYIRANKAL,1188,1207.008,48.968,65.616,1191.96,3.382,7,26.602,9.364,official_observed_reference,55903579efa587b61b0b19ee1064cdbf79f2998e17a1ad0de3a6774437fab00f
2024-07-08,PONMUDI,678.8,707.745,47.4,63.516,693,16.47,35,0,,official_observed_reference,55903579efa587b61b0b19ee1064cdbf79f2998e17a1ad0de3a6774437fab00f
2024-07-08,NERIAMANGALAM,445,456.59,5.557,4.835,452.65,3.075,55,2.675,1.26,official_observed_reference,55903579efa587b61b0b19ee1064cdbf79f2998e17a1ad0de3a6774437fab00f
2024-07-08,PORINGAL,405.689,423.976,30.356,10.625,420.7,21.5,71,7.525,7.525,official_observed_reference,55903579efa587b61b0b19ee1064cdbf79f2998e17a1ad0de3a6774437fab00f
2024-07-08,SENGULAM (SBR),844.86,847.6,1.614,0.71,846.6,,0,0,,official_observed_reference,55903579efa587b61b0b19ee1064cdbf79f2998e17a1ad0de3a6774437fab00f
2024-07-08,LOWER PERIYAR,237.74,253,4.55,2.093,247.4,2.33,51,1.072,1.072,official_observed_reference,55903579efa587b61b0b19ee1064cdbf79f2998e17a1ad0de3a6774437fab00f
2024-07-08,KAKKAD,181.36,192.63,1.16,0.358,188.7,,0,0,,official_observed_reference,55903579efa587b61b0b19ee1064cdbf79f2998e17a1ad0de3a6774437fab00f
2024-07-09,IDUKKI,694.944,732.43,1460,2190,713.427,555.155,38,832.733,816.078,official_observed_reference,501265c562fb205c6a6abb39e2db3d1b74325760a7ee111a47fe207cfbd285a0
2024-07-09,PAMBA,963.168,986.332,31.001,59.46,965.15,1.5,31,280.999,236.68,official_observed_reference,501265c562fb205c6a6abb39e2db3d1b74325760a7ee111a47fe207cfbd285a0
2024-07-09,KAKKI,908.304,981.456,446.542,856.467,955.28,145.006,0,0,,official_observed_reference,501265c562fb205c6a6abb39e2db3d1b74325760a7ee111a47fe207cfbd285a0
2024-07-09,SHOLAYAR,779.374,811.68,149.23,152.065,792.907,31.908,21,32.515,21.283,official_observed_reference,501265c562fb205c6a6abb39e2db3d1b74325760a7ee111a47fe207cfbd285a0
2024-07-09,IDAMALAYAR,115,169,1017.8,254.45,142.24,352.33,35,88.083,88.083,official_observed_reference,501265c562fb205c6a6abb39e2db3d1b74325760a7ee111a47fe207cfbd285a0
2024-07-09,KUNDALA,1735.836,1758.696,7.787,22.738,1742.5,0.991,13,112.686,48.74,official_observed_reference,501265c562fb205c6a6abb39e2db3d1b74325760a7ee111a47fe207cfbd285a0
2024-07-09,MADUPPATTY,1554.48,1599.59,55.217,161.234,1592.9,37.6,68,0,,official_observed_reference,501265c562fb205c6a6abb39e2db3d1b74325760a7ee111a47fe207cfbd285a0
2024-07-09,KUTTIADI,737.616,758.037,33.99,42.827,749.504,14.795,44,105.519,102.169,official_observed_reference,501265c562fb205c6a6abb39e2db3d1b74325760a7ee111a47fe207cfbd285a0
2024-07-09,THARIODE,750.5,775.6,201,253.26,763.15,68.95,34,0,,official_observed_reference,501265c562fb205c6a6abb39e2db3d1b74325760a7ee111a47fe207cfbd285a0
2024-07-09,ANAYIRANKAL,1188,1207.008,48.968,65.616,1191.99,3.418,7,24.828,8.74,official_observed_reference,501265c562fb205c6a6abb39e2db3d1b74325760a7ee111a47fe207cfbd285a0
2024-07-09,PONMUDI,678.8,707.745,47.4,63.516,692.15,15.11,32,0,,official_observed_reference,501265c562fb205c6a6abb39e2db3d1b74325760a7ee111a47fe207cfbd285a0
2024-07-09,NERIAMANGALAM,445,456.59,5.557,4.835,452.6,3.05,55,2.654,1.25,official_observed_reference,501265c562fb205c6a6abb39e2db3d1b74325760a7ee111a47fe207cfbd285a0
2024-07-09,PORINGAL,405.689,423.976,30.356,10.625,420.6,21.25,70,7.438,7.438,official_observed_reference,501265c562fb205c6a6abb39e2db3d1b74325760a7ee111a47fe207cfbd285a0
2024-07-09,SENGULAM (SBR),844.86,847.6,1.614,0.71,846.7,,0,0,,official_observed_reference,501265c562fb205c6a6abb39e2db3d1b74325760a7ee111a47fe207cfbd285a0
2024-07-09,LOWER PERIYAR,237.74,253,4.55,2.093,247.9,2.48,55,1.141,1.141,official_observed_reference,501265c562fb205c6a6abb39e2db3d1b74325760a7ee111a47fe207cfbd285a0
2024-07-09,KAKKAD,181.36,192.63,1.16,0.358,189.9,,0,0,,official_observed_reference,501265c562fb205c6a6abb39e2db3d1b74325760a7ee111a47fe207cfbd285a0
2024-07-10,IDUKKI,694.944,732.43,1460,2190,713.372,552.942,38,829.413,812.825,official_observed_reference,9bea4876299cbc09a25519872218fb9d3dd22e813027698606abac1d1d29d7d2
2024-07-10,PAMBA,963.168,986.332,31.001,59.46,965.1,1.46,30,279.305,235.254,official_observed_reference,9bea4876299cbc09a25519872218fb9d3dd22e813027698606abac1d1d29d7d2
2024-07-10,KAKKI,908.304,981.456,446.542,856.467,955.176,144.163,0,0,,official_observed_reference,9bea4876299cbc09a25519872218fb9d3dd22e813027698606abac1d1d29d7d2
2024-07-10,SHOLAYAR,779.374,811.68,149.23,152.065,793.212,33.154,22,33.784,22.114,official_observed_reference,9bea4876299cbc09a25519872218fb9d3dd22e813027698606abac1d1d29d7d2
2024-07-10,IDAMALAYAR,115,169,1017.8,254.45,142.29,353.305,35,88.326,88.326,official_observed_reference,9bea4876299cbc09a25519872218fb9d3dd22e813027698606abac1d1d29d7d2
2024-07-10,KUNDALA,1735.836,1758.696,7.787,22.738,1742.75,0.991,13,113.124,48.93,official_observed_reference,9bea4876299cbc09a25519872218fb9d3dd22e813027698606abac1d1d29d7d2
2024-07-10,MADUPPATTY,1554.48,1599.59,55.217,161.234,1592.95,37.75,68,0,,official_observed_reference,9bea4876299cbc09a25519872218fb9d3dd22e813027698606abac1d1d29d7d2
2024-07-10,KUTTIADI,737.616,758.037,33.99,42.827,748.711,13.327,39,104.929,101.598,official_observed_reference,9bea4876299cbc09a25519872218fb9d3dd22e813027698606abac1d1d29d7d2
2024-07-10,THARIODE,750.5,775.6,201,253.26,763.3,69.95,35,0,,official_observed_reference,9bea4876299cbc09a25519872218fb9d3dd22e813027698606abac1d1d29d7d2
2024-07-10,ANAYIRANKAL,1188,1207.008,48.968,65.616,1192.02,3.454,7,23.482,8.266,official_observed_reference,9bea4876299cbc09a25519872218fb9d3dd22e813027698606abac1d1d29d7d2
2024-07-10,PONMUDI,678.8,707.745,47.4,63.516,691.5,14.07,30,0,,official_observed_reference,9bea4876299cbc09a25519872218fb9d3dd22e813027698606abac1d1d29d7d2
2024-07-10,NERIAMANGALAM,445,456.59,5.557,4.835,452.75,3.125,56,2.719,1.281,official_observed_reference,9bea4876299cbc09a25519872218fb9d3dd22e813027698606abac1d1d29d7d2
2024-07-10,PORINGAL,405.689,423.976,30.356,10.625,420,19.75,65,6.913,6.913,official_observed_reference,9bea4876299cbc09a25519872218fb9d3dd22e813027698606abac1d1d29d7d2
2024-07-10,SENGULAM (SBR),844.86,847.6,1.614,0.71,846.6,,0,0,,official_observed_reference,9bea4876299cbc09a25519872218fb9d3dd22e813027698606abac1d1d29d7d2
2024-07-10,LOWER PERIYAR,237.74,253,4.55,2.093,247.1,2.23,49,1.026,1.026,official_observed_reference,9bea4876299cbc09a25519872218fb9d3dd22e813027698606abac1d1d29d7d2
2024-07-10,KAKKAD,181.36,192.63,1.16,0.358,190.7,,0,0,,official_observed_reference,9bea4876299cbc09a25519872218fb9d3dd22e813027698606abac1d1d29d7d2
2024-07-11,IDUKKI,694.944,732.43,1460,2190,713.305,550.239,38,825.359,808.851,official_observed_reference,28623d637c1e286ae4b4b1157d32bfe9923db7a2bced5e389e07bfd3d7aab28b
2024-07-11,PAMBA,963.168,986.332,31.001,59.46,964.95,1.34,30,276.317,232.737,official_observed_reference,28623d637c1e286ae4b4b1157d32bfe9923db7a2bced5e389e07bfd3d7aab28b
2024-07-11,KAKKI,908.304,981.456,446.542,856.467,954.978,142.725,0,0,,official_observed_reference,28623d637c1e286ae4b4b1157d32bfe9923db7a2bced5e389e07bfd3d7aab28b
2024-07-11,SHOLAYAR,779.374,811.68,149.23,152.065,793.516,34.401,23,35.054,22.945,official_observed_reference,28623d637c1e286ae4b4b1157d32bfe9923db7a2bced5e389e07bfd3d7aab28b
2024-07-11,IDAMALAYAR,115,169,1017.8,254.45,142.31,353.695,35,88.424,88.424,official_observed_reference,28623d637c1e286ae4b4b1157d32bfe9923db7a2bced5e389e07bfd3d7aab28b
2024-07-11,KUNDALA,1735.836,1758.696,7.787,22.738,1742.95,0.991,13,113.562,49.119,official_observed_reference,28623d637c1e286ae4b4b1157d32bfe9923db7a2bced5e389e07bfd3d7aab28b
2024-07-11,MADUPPATTY,1554.48,1599.59,55.217,161.234,1593,37.9,69,0,,official_observed_reference,28623d637c1e286ae4b4b1157d32bfe9923db7a2bced5e389e07bfd3d7aab28b
2024-07-11,KUTTIADI,737.616,758.037,33.99,42.827,747.523,11.307,33,103.392,100.11,official_observed_reference,28623d637c1e286ae4b4b1157d32bfe9923db7a2bced5e389e07bfd3d7aab28b
2024-07-11,THARIODE,750.5,775.6,201,253.26,763.4,70.75,35,0,,official_observed_reference,28623d637c1e286ae4b4b1157d32bfe9923db7a2bced5e389e07bfd3d7aab28b
2024-07-11,ANAYIRANKAL,1188,1207.008,48.968,65.616,1192.06,3.502,7,22.367,7.874,official_observed_reference,28623d637c1e286ae4b4b1157d32bfe9923db7a2bced5e389e07bfd3d7aab28b
2024-07-11,PONMUDI,678.8,707.745,47.4,63.516,690.95,13.19,28,0,,official_observed_reference,28623d637c1e286ae4b4b1157d32bfe9923db7a2bced5e389e07bfd3d7aab28b
2024-07-11,NERIAMANGALAM,445,456.59,5.557,4.835,452.2,2.85,51,2.48,1.168,official_observed_reference,28623d637c1e286ae4b4b1157d32bfe9923db7a2bced5e389e07bfd3d7aab28b
2024-07-11,PORINGAL,405.689,423.976,30.356,10.625,419.25,17.875,59,6.256,6.256,official_observed_reference,28623d637c1e286ae4b4b1157d32bfe9923db7a2bced5e389e07bfd3d7aab28b
2024-07-11,SENGULAM (SBR),844.86,847.6,1.614,0.71,846.55,,0,0,,official_observed_reference,28623d637c1e286ae4b4b1157d32bfe9923db7a2bced5e389e07bfd3d7aab28b
2024-07-11,LOWER PERIYAR,237.74,253,4.55,2.093,247.3,2.29,50,1.053,1.053,official_observed_reference,28623d637c1e286ae4b4b1157d32bfe9923db7a2bced5e389e07bfd3d7aab28b
2024-07-11,KAKKAD,181.36,192.63,1.16,0.358,190,,0,0,,official_observed_reference,28623d637c1e286ae4b4b1157d32bfe9923db7a2bced5e389e07bfd3d7aab28b
2024-07-12,IDUKKI,694.944,732.43,1460,2190,713.427,555.155,38,832.733,816.078,official_observed_reference,277fc6ad29214c8acca7c9ee15a4038d6ab307c0f7b1eee359e68062725a0f0c
2024-07-12,PAMBA,963.168,986.332,31.001,59.46,965.5,1.78,31,281.006,236.687,official_observed_reference,277fc6ad29214c8acca7c9ee15a4038d6ab307c0f7b1eee359e68062725a0f0c
2024-07-12,KAKKI,908.304,981.456,446.542,856.467,955.25,144.73,0,0,,official_observed_reference,277fc6ad29214c8acca7c9ee15a4038d6ab307c0f7b1eee359e68062725a0f0c
2024-07-12,SHOLAYAR,779.374,811.68,149.23,152.065,793.943,36.145,24,36.832,24.109,official_observed_reference,277fc6ad29214c8acca7c9ee15a4038d6ab307c0f7b1eee359e68062725a0f0c
2024-07-12,IDAMALAYAR,115,169,1017.8,254.45,142.6,359.35,35,89.838,89.838,official_observed_reference,277fc6ad29214c8acca7c9ee15a4038d6ab307c0f7b1eee359e68062725a0f0c
2024-07-12,KUNDALA,1735.836,1758.696,7.787,22.738,1743.2,0.991,13,113.927,49.277,official_observed_reference,277fc6ad29214c8acca7c9ee15a4038d6ab307c0f7b1eee359e68062725a0f0c
2024-07-12,MADUPPATTY,1554.48,1599.59,55.217,161.234,1593.05,38.025,69,0,,official_observed_reference,277fc6ad29214c8acca7c9ee15a4038d6ab307c0f7b1eee359e68062725a0f0c
2024-07-12,KUTTIADI,737.616,758.037,33.99,42.827,748.589,13.119,39,110.714,107.2,official_observed_reference,277fc6ad29214c8acca7c9ee15a4038d6ab307c0f7b1eee359e68062725a0f0c
2024-07-12,THARIODE,750.5,775.6,201,253.26,763.85,74.75,37,0,,official_observed_reference,277fc6ad29214c8acca7c9ee15a4038d6ab307c0f7b1eee359e68062725a0f0c
2024-07-12,ANAYIRANKAL,1188,1207.008,48.968,65.616,1192.13,3.586,7,22.587,7.951,official_observed_reference,277fc6ad29214c8acca7c9ee15a4038d6ab307c0f7b1eee359e68062725a0f0c
2024-07-12,PONMUDI,678.8,707.745,47.4,63.516,691,13.27,28,0,,official_observed_reference,277fc6ad29214c8acca7c9ee15a4038d6ab307c0f7b1eee359e68062725a0f0c
2024-07-12,NERIAMANGALAM,445,456.59,5.557,4.835,453.65,3.65,66,3.176,1.496,official_observed_reference,277fc6ad29214c8acca7c9ee15a4038d6ab307c0f7b1eee359e68062725a0f0c
2024-07-12,PORINGAL,405.689,423.976,30.356,10.625,419.15,17.625,58,6.169,6.169,official_observed_reference,277fc6ad29214c8acca7c9ee15a4038d6ab307c0f7b1eee359e68062725a0f0c
2024-07-12,SENGULAM (SBR),844.86,847.6,1.614,0.71,846.4,,0,0,,official_observed_reference,277fc6ad29214c8acca7c9ee15a4038d6ab307c0f7b1eee359e68062725a0f0c
2024-07-12,LOWER PERIYAR,237.74,253,4.55,2.093,247,2.19,48,1.007,1.007,official_observed_reference,277fc6ad29214c8acca7c9ee15a4038d6ab307c0f7b1eee359e68062725a0f0c
2024-07-12,KAKKAD,181.36,192.63,1.16,0.358,188.7,,0,0,,official_observed_reference,277fc6ad29214c8acca7c9ee15a4038d6ab307c0f7b1eee359e68062725a0f0c
2024-07-13,IDUKKI,694.944,732.43,1460,2190,713.573,561.054,38,841.581,824.749,official_observed_reference,6a6c3bbde6aeb7f6c8271e45db6dc1347932702584bc12e77c401418d3381538
2024-07-13,PAMBA,963.168,986.332,31.001,59.46,965.95,2.14,31,285.464,240.441,official_observed_reference,6a6c3bbde6aeb7f6c8271e45db6dc1347932702584bc12e77c401418d3381538
2024-07-13,KAKKI,908.304,981.456,446.542,856.467,955.517,146.694,0,0,,official_observed_reference,6a6c3bbde6aeb7f6c8271e45db6dc1347932702584bc12e77c401418d3381538
2024-07-13,SHOLAYAR,779.374,811.68,149.23,152.065,794.339,37.765,25,38.482,25.189,official_observed_reference,6a6c3bbde6aeb7f6c8271e45db6dc1347932702584bc12e77c401418d3381538
2024-07-13,IDAMALAYAR,115,169,1017.8,254.45,142.86,364.37,36,91.093,91.093,official_observed_reference,6a6c3bbde6aeb7f6c8271e45db6dc1347932702584bc12e77c401418d3381538
2024-07-13,KUNDALA,1735.836,1758.696,7.787,22.738,1743.5,0.991,13,114.292,49.435,official_observed_reference,6a6c3bbde6aeb7f6c8271e45db6dc1347932702584bc12e77c401418d3381538
2024-07-13,MADUPPATTY,1554.48,1599.59,55.217,161.234,1593.1,38.15,69,0,,official_observed_reference,6a6c3bbde6aeb7f6c8271e45db6dc1347932702584bc12e77c401418d3381538
2024-07-13,KUTTIADI,737.616,758.037,33.99,42.827,749.199,14.195,42,117.111,113.393,official_observed_reference,6a6c3bbde6aeb7f6c8271e45db6dc1347932702584bc12e77c401418d3381538
2024-07-13,THARIODE,750.5,775.6,201,253.26,764.3,78.75,39,0,,official_observed_reference,6a6c3bbde6aeb7f6c8271e45db6dc1347932702584bc12e77c401418d3381538
2024-07-13,ANAYIRANKAL,1188,1207.008,48.968,65.616,1192.22,3.694,8,23.911,8.417,official_observed_reference,6a6c3bbde6aeb7f6c8271e45db6dc1347932702584bc12e77c401418d3381538
2024-07-13,PONMUDI,678.8,707.745,47.4,63.516,691.55,14.15,30,0,,official_observed_reference,6a6c3bbde6aeb7f6c8271e45db6dc1347932702584bc12e77c401418d3381538
2024-07-13,NERIAMANGALAM,445,456.59,5.557,4.835,453.35,3.47,62,3.019,1.422,official_observed_reference,6a6c3bbde6aeb7f6c8271e45db6dc1347932702584bc12e77c401418d3381538
2024-07-13,PORINGAL,405.689,423.976,30.356,10.625,419.45,18.375,61,6.431,6.431,official_observed_reference,6a6c3bbde6aeb7f6c8271e45db6dc1347932702584bc12e77c401418d3381538
2024-07-13,SENGULAM (SBR),844.86,847.6,1.614,0.71,846.65,,0,0,,official_observed_reference,6a6c3bbde6aeb7f6c8271e45db6dc1347932702584bc12e77c401418d3381538
2024-07-13,LOWER PERIYAR,237.74,253,4.55,2.093,248.1,2.54,56,1.168,1.168,official_observed_reference,6a6c3bbde6aeb7f6c8271e45db6dc1347932702584bc12e77c401418d3381538
2024-07-13,KAKKAD,181.36,192.63,1.16,0.358,189,,0,0,,official_observed_reference,6a6c3bbde6aeb7f6c8271e45db6dc1347932702584bc12e77c401418d3381538
2024-07-14,IDUKKI,694.944,732.43,1460,2190,713.848,572.114,39,858.171,841.008,official_observed_reference,d07fbff4ccc0c3ae5dd91f9f563cab4986a7d9c9242bf5a6a651f54fad17abf8
2024-07-14,PAMBA,963.168,986.332,31.001,59.46,966.4,2.55,33,299.035,251.873,official_observed_reference,d07fbff4ccc0c3ae5dd91f9f563cab4986a7d9c9242bf5a6a651f54fad17abf8
2024-07-14,KAKKI,908.304,981.456,446.542,856.467,956.04,153.36,0,0,,official_observed_reference,d07fbff4ccc0c3ae5dd91f9f563cab4986a7d9c9242bf5a6a651f54fad17abf8
2024-07-14,SHOLAYAR,779.374,811.68,149.23,152.065,794.857,39.883,27,40.641,26.602,official_observed_reference,d07fbff4ccc0c3ae5dd91f9f563cab4986a7d9c9242bf5a6a651f54fad17abf8
2024-07-14,IDAMALAYAR,115,169,1017.8,254.45,143.41,375.095,37,93.774,93.774,official_observed_reference,d07fbff4ccc0c3ae5dd91f9f563cab4986a7d9c9242bf5a6a651f54fad17abf8
2024-07-14,KUNDALA,1735.836,1758.696,7.787,22.738,1744,1.05,13,115.559,49.983,official_observed_reference,d07fbff4ccc0c3ae5dd91f9f563cab4986a7d9c9242bf5a6a651f54fad17abf8
2024-07-14,MADUPPATTY,1554.48,1599.59,55.217,161.234,1593.25,38.525,70,0,,official_observed_reference,d07fbff4ccc0c3ae5dd91f9f563cab4986a7d9c9242bf5a6a651f54fad17abf8
2024-07-14,KUTTIADI,737.616,758.037,33.99,42.827,750.113,16.013,47,124.945,120.979,official_observed_reference,d07fbff4ccc0c3ae5dd91f9f563cab4986a7d9c9242bf5a6a651f54fad17abf8
2024-07-14,THARIODE,750.5,775.6,201,253.26,764.8,83.15,41,0,,official_observed_reference,d07fbff4ccc0c3ae5dd91f9f563cab4986a7d9c9242bf5a6a651f54fad17abf8
2024-07-14,ANAYIRANKAL,1188,1207.008,48.968,65.616,1192.34,3.83,8,26.88,9.462,official_observed_reference,d07fbff4ccc0c3ae5dd91f9f563cab4986a7d9c9242bf5a6a651f54fad17abf8
2024-07-14,PONMUDI,678.8,707.745,47.4,63.516,692.85,16.23,34,0,,official_observed_reference,d07fbff4ccc0c3ae5dd91f9f563cab4986a7d9c9242bf5a6a651f54fad17abf8
2024-07-14,NERIAMANGALAM,445,456.59,5.557,4.835,453.9,3.8,68,3.306,1.557,official_observed_reference,d07fbff4ccc0c3ae5dd91f9f563cab4986a7d9c9242bf5a6a651f54fad17abf8
2024-07-14,PORINGAL,405.689,423.976,30.356,10.625,421.6,23.75,78,8.313,8.313,official_observed_reference,d07fbff4ccc0c3ae5dd91f9f563cab4986a7d9c9242bf5a6a651f54fad17abf8
2024-07-14,SENGULAM (SBR),844.86,847.6,1.614,0.71,846.55,,0,0,,official_observed_reference,d07fbff4ccc0c3ae5dd91f9f563cab4986a7d9c9242bf5a6a651f54fad17abf8
2024-07-14,LOWER PERIYAR,237.74,253,4.55,2.093,247.3,2.29,50,1.053,1.053,official_observed_reference,d07fbff4ccc0c3ae5dd91f9f563cab4986a7d9c9242bf5a6a651f54fad17abf8
2024-07-14,KAKKAD,181.36,192.63,1.16,0.358,190.2,,0,0,,official_observed_reference,d07fbff4ccc0c3ae5dd91f9f563cab4986a7d9c9242bf5a6a651f54fad17abf8
2024-07-15,IDUKKI,694.944,732.43,1460,2190,714.939,616.082,42,924.123,905.641,official_observed_reference,9eb549c9502c57d887338ebbb107a1021d27c527737409ed2bbc13da8de582d8
2024-07-15,PAMBA,963.168,986.332,31.001,59.46,970.05,6.2,36,331.43,279.158,official_observed_reference,9eb549c9502c57d887338ebbb107a1021d27c527737409ed2bbc13da8de582d8
2024-07-15,KAKKI,908.304,981.456,446.542,856.467,958.084,166.6,0,0,,official_observed_reference,9eb549c9502c57d887338ebbb107a1021d27c527737409ed2bbc13da8de582d8
2024-07-15,SHOLAYAR,779.374,811.68,149.23,152.065,795.985,44.721,30,45.57,29.829,official_observed_reference,9eb549c9502c57d887338ebbb107a1021d27c527737409ed2bbc13da8de582d8
2024-07-15,IDAMALAYAR,115,169,1017.8,254.45,145.23,411.83,40,102.958,102.958,official_observed_reference,9eb549c9502c57d887338ebbb107a1021d27c527737409ed2bbc13da8de582d8
2024-07-15,KUNDALA,1735.836,1758.696,7.787,22.738,1745.65,1.512,19,123.843,53.566,official_observed_reference,9eb549c9502c57d887338ebbb107a1021d27c527737409ed2bbc13da8de582d8
2024-07-15,MADUPPATTY,1554.48,1599.59,55.217,161.234,1594.2,40.9,74,0,,official_observed_reference,9eb549c9502c57d887338ebbb107a1021d27c527737409ed2bbc13da8de582d8
2024-07-15,KUTTIADI,737.616,758.037,33.99,42.827,752.339,20.464,60,141.39,136.901,official_observed_reference,9eb549c9502c57d887338ebbb107a1021d27c527737409ed2bbc13da8de582d8
2024-07-15,THARIODE,750.5,775.6,201,253.26,765.8,91.75,46,0,,official_observed_reference,9eb549c9502c57d887338ebbb107a1021d27c527737409ed2bbc13da8de582d8
2024-07-15,ANAYIRANKAL,1188,1207.008,48.968,65.616,1193.45,5.17,11,34.692,12.212,official_observed_reference,9eb549c9502c57d887338ebbb107a1021d27c527737409ed2bbc13da8de582d8
2024-07-15,PONMUDI,678.8,707.745,47.4,63.516,695.7,20.72,44,0,,official_observed_reference,9eb549c9502c57d887338ebbb107a1021d27c527737409ed2bbc13da8de582d8
2024-07-15,NERIAMANGALAM,445,456.59,5.557,4.835,456.4,5.41,97,4.707,2.217,official_observed_reference,9eb549c9502c57d887338ebbb107a1021d27c527737409ed2bbc13da8de582d8
2024-07-15,PORINGAL,405.689,423.976,30.356,10.625,423.4,28.4,94,9.94,9.94,official_observed_reference,9eb549c9502c57d887338ebbb107a1021d27c527737409ed2bbc13da8de582d8
2024-07-15,SENGULAM (SBR),844.86,847.6,1.614,0.71,846.7,,0,0,,official_observed_reference,9eb549c9502c57d887338ebbb107a1021d27c527737409ed2bbc13da8de582d8
2024-07-15,LOWER PERIYAR,237.74,253,4.55,2.093,253,4.55,100,2.093,2.093,official_observed_reference,9eb549c9502c57d887338ebbb107a1021d27c527737409ed2bbc13da8de582d8
2024-07-15,KAKKAD,181.36,192.63,1.16,0.358,189,,0,0,,official_observed_reference,9eb549c9502c57d887338ebbb107a1021d27c527737409ed2bbc13da8de582d8
2024-07-16,IDUKKI,694.944,732.43,1460,2190,715.823,651.693,45,977.54,957.989,official_observed_reference,2b304dcd05a11153ce319e69b25e3616d4e7c7f52d2667df0d051b2690a342c5
2024-07-16,PAMBA,963.168,986.332,31.001,59.46,971.55,7.73,39,356.495,300.27,official_observed_reference,2b304dcd05a11153ce319e69b25e3616d4e7c7f52d2667df0d051b2690a342c5
2024-07-16,KAKKI,908.304,981.456,446.542,856.467,959.47,178.138,0,0,,official_observed_reference,2b304dcd05a11153ce319e69b25e3616d4e7c7f52d2667df0d051b2690a342c5
2024-07-16,SHOLAYAR,779.374,811.68,149.23,152.065,796.93,49.07,33,50.003,32.73,official_observed_reference,2b304dcd05a11153ce319e69b25e3616d4e7c7f52d2667df0d051b2690a342c5
2024-07-16,IDAMALAYAR,115,169,1017.8,254.45,146.42,436.82,43,109.205,109.205,official_observed_reference,2b304dcd05a11153ce319e69b25e3616d4e7c7f52d2667df0d051b2690a342c5
2024-07-16,KUNDALA,1735.836,1758.696,7.787,22.738,1746.75,1.82,23,129.122,55.85,official_observed_reference,2b304dcd05a11153ce319e69b25e3616d4e7c7f52d2667df0d051b2690a342c5
2024-07-16,MADUPPATTY,1554.48,1599.59,55.217,161.234,1594.8,42.4,77,0,,official_observed_reference,2b304dcd05a11153ce319e69b25e3616d4e7c7f52d2667df0d051b2690a342c5
2024-07-16,KUTTIADI,737.616,758.037,33.99,42.827,753.984,23.846,70,159.511,154.447,official_observed_reference,2b304dcd05a11153ce319e69b25e3616d4e7c7f52d2667df0d051b2690a342c5
2024-07-16,THARIODE,750.5,775.6,201,253.26,766.9,102.75,51,0,,official_observed_reference,2b304dcd05a11153ce319e69b25e3616d4e7c7f52d2667df0d051b2690a342c5
2024-07-16,ANAYIRANKAL,1188,1207.008,48.968,65.616,1194,5.93,12,40.602,14.293,official_observed_reference,2b304dcd05a11153ce319e69b25e3616d4e7c7f52d2667df0d051b2690a342c5
2024-07-16,PONMUDI,678.8,707.745,47.4,63.516,697.9,24.37,51,0,,official_observed_reference,2b304dcd05a11153ce319e69b25e3616d4e7c7f52d2667df0d051b2690a342c5
2024-07-16,NERIAMANGALAM,445,456.59,5.557,4.835,456.4,5.41,97,4.707,2.217,official_observed_reference,2b304dcd05a11153ce319e69b25e3616d4e7c7f52d2667df0d051b2690a342c5
2024-07-16,PORINGAL,405.689,423.976,30.356,10.625,422.65,23.375,77,8.181,8.181,official_observed_reference,2b304dcd05a11153ce319e69b25e3616d4e7c7f52d2667df0d051b2690a342c5
2024-07-16,SENGULAM (SBR),844.86,847.6,1.614,0.71,846.85,,0,0,,official_observed_reference,2b304dcd05a11153ce319e69b25e3616d4e7c7f52d2667df0d051b2690a342c5
2024-07-16,LOWER PERIYAR,237.74,253,4.55,2.093,253,4.55,100,2.093,2.093,official_observed_reference,2b304dcd05a11153ce319e69b25e3616d4e7c7f52d2667df0d051b2690a342c5
2024-07-16,KAKKAD,181.36,192.63,1.16,0.358,191.5,,0,0,,official_observed_reference,2b304dcd05a11153ce319e69b25e3616d4e7c7f52d2667df0d051b2690a342c5
2024-07-17,IDUKKI,694.944,732.43,1460,2190,716.548,680.943,47,1021.415,1000.986,official_observed_reference,6d840320441f6bd2846257722a7fdc8084e22eefd9f4fbd247129475c3203a55
2024-07-17,PAMBA,963.168,986.332,31.001,59.46,971.7,7.91,41,371.513,312.919,official_observed_reference,6d840320441f6bd2846257722a7fdc8084e22eefd9f4fbd247129475c3203a55
2024-07-17,KAKKI,908.304,981.456,446.542,856.467,960.376,185.788,0,0,,official_observed_reference,6d840320441f6bd2846257722a7fdc8084e22eefd9f4fbd247129475c3203a55
2024-07-17,SHOLAYAR,779.374,811.68,149.23,152.065,797.905,53.767,36,54.789,35.863,official_observed_reference,6d840320441f6bd2846257722a7fdc8084e22eefd9f4fbd247129475c3203a55
2024-07-17,IDAMALAYAR,115,169,1017.8,254.45,147.72,464.84,46,116.21,116.21,official_observed_reference,6d840320441f6bd2846257722a7fdc8084e22eefd9f4fbd247129475c3203a55
2024-07-17,KUNDALA,1735.836,1758.696,7.787,22.738,1747.55,2.092,27,135.027,58.404,official_observed_reference,6d840320441f6bd2846257722a7fdc8084e22eefd9f4fbd247129475c3203a55
2024-07-17,MADUPPATTY,1554.48,1599.59,55.217,161.234,1595.5,44.15,80,0,,official_observed_reference,6d840320441f6bd2846257722a7fdc8084e22eefd9f4fbd247129475c3203a55
2024-07-17,KUTTIADI,737.616,758.037,33.99,42.827,755.478,27.582,81,177.575,171.937,official_observed_reference,6d840320441f6bd2846257722a7fdc8084e22eefd9f4fbd247129475c3203a55
2024-07-17,THARIODE,750.5,775.6,201,253.26,768,113.35,56,0,,official_observed_reference,6d840320441f6bd2846257722a7fdc8084e22eefd9f4fbd247129475c3203a55
2024-07-17,ANAYIRANKAL,1188,1207.008,48.968,65.616,1194.56,6.95,14,47.597,16.755,official_observed_reference,6d840320441f6bd2846257722a7fdc8084e22eefd9f4fbd247129475c3203a55
2024-07-17,PONMUDI,678.8,707.745,47.4,63.516,700,28.57,60,0,,official_observed_reference,6d840320441f6bd2846257722a7fdc8084e22eefd9f4fbd247129475c3203a55
2024-07-17,NERIAMANGALAM,445,456.59,5.557,4.835,456.4,5.41,97,4.707,2.217,official_observed_reference,6d840320441f6bd2846257722a7fdc8084e22eefd9f4fbd247129475c3203a55
2024-07-17,PORINGAL,405.689,423.976,30.356,10.625,423.1,27.5,91,9.625,9.625,official_observed_reference,6d840320441f6bd2846257722a7fdc8084e22eefd9f4fbd247129475c3203a55
2024-07-17,SENGULAM (SBR),844.86,847.6,1.614,0.71,846.8,,0,0,,official_observed_reference,6d840320441f6bd2846257722a7fdc8084e22eefd9f4fbd247129475c3203a55
2024-07-17,LOWER PERIYAR,237.74,253,4.55,2.093,253,4.55,100,2.093,2.093,official_observed_reference,6d840320441f6bd2846257722a7fdc8084e22eefd9f4fbd247129475c3203a55
2024-07-17,KAKKAD,181.36,192.63,1.16,0.358,190.5,,0,0,,official_observed_reference,6d840320441f6bd2846257722a7fdc8084e22eefd9f4fbd247129475c3203a55
2024-07-18,IDUKKI,694.944,732.43,1460,2190,717.17,706.013,48,1059.02,1037.839,official_observed_reference,6d3a9eb4d9baaa22a4718a7c68b2ffef2ef674ae3f57b170d9bb3da1c572a46f
2024-07-18,PAMBA,963.168,986.332,31.001,59.46,971.85,8.09,42,386.325,325.396,official_observed_reference,6d3a9eb4d9baaa22a4718a7c68b2ffef2ef674ae3f57b170d9bb3da1c572a46f
2024-07-18,KAKKI,908.304,981.456,446.542,856.467,961.272,193.331,0,0,,official_observed_reference,6d3a9eb4d9baaa22a4718a7c68b2ffef2ef674ae3f57b170d9bb3da1c572a46f
2024-07-18,SHOLAYAR,779.374,811.68,149.23,152.065,798.881,58.71,39,59.826,39.16,official_observed_reference,6d3a9eb4d9baaa22a4718a7c68b2ffef2ef674ae3f57b170d9bb3da1c572a46f
2024-07-18,IDAMALAYAR,115,169,1017.8,254.45,148.95,491.9,48,122.975,122.975,official_observed_reference,6d3a9eb4d9baaa22a4718a7c68b2ffef2ef674ae3f57b170d9bb3da1c572a46f
2024-07-18,KUNDALA,1735.836,1758.696,7.787,22.738,1748.55,2.435,31,141.138,61.047,official_observed_reference,6d3a9eb4d9baaa22a4718a7c68b2ffef2ef674ae3f57b170d9bb3da1c572a46f
2024-07-18,MADUPPATTY,1554.48,1599.59,55.217,161.234,1596.2,45.9,83,0,,official_observed_reference,6d3a9eb4d9baaa22a4718a7c68b2ffef2ef674ae3f57b170d9bb3da1c572a46f
2024-07-18,KUTTIADI,737.616,758.037,33.99,42.827,757.001,31.391,92,195.477,189.272,official_observed_reference,6d3a9eb4d9baaa22a4718a7c68b2ffef2ef674ae3f57b170d9bb3da1c572a46f
2024-07-18,THARIODE,750.5,775.6,201,253.26,769,123.75,62,0,,official_observed_reference,6d3a9eb4d9baaa22a4718a7c68b2ffef2ef674ae3f57b170d9bb3da1c572a46f
2024-07-18,ANAYIRANKAL,1188,1207.008,48.968,65.616,1195.16,8.15,17,54.833,19.302,official_observed_reference,6d3a9eb4d9baaa22a4718a7c68b2ffef2ef674ae3f57b170d9bb3da1c572a46f
2024-07-18,PONMUDI,678.8,707.745,47.4,63.516,702.1,32.77,69,0,,official_observed_reference,6d3a9eb4d9baaa22a4718a7c68b2ffef2ef674ae3f57b170d9bb3da1c572a46f
2024-07-18,NERIAMANGALAM,445,456.59,5.557,4.835,456.35,5.375,97,4.676,2.203,official_observed_reference,6d3a9eb4d9baaa22a4718a7c68b2ffef2ef674ae3f57b170d9bb3da1c572a46f
2024-07-18,PORINGAL,405.689,423.976,30.356,10.625,422.85,26.875,89,9.406,9.406,official_observed_reference,6d3a9eb4d9baaa22a4718a7c68b2ffef2ef674ae3f57b170d9bb3da1c572a46f
2024-07-18,SENGULAM (SBR),844.86,847.6,1.614,0.71,846.85,,0,0,,official_observed_reference,6d3a9eb4d9baaa22a4718a7c68b2ffef2ef674ae3f57b170d9bb3da1c572a46f
2024-07-18,LOWER PERIYAR,237.74,253,4.55,2.093,253,4.55,100,2.093,2.093,official_observed_reference,6d3a9eb4d9baaa22a4718a7c68b2ffef2ef674ae3f57b170d9bb3da1c572a46f
2024-07-18,KAKKAD,181.36,192.63,1.16,0.358,188,,0,0,,official_observed_reference,6d3a9eb4d9baaa22a4718a7c68b2ffef2ef674ae3f57b170d9bb3da1c572a46f
2024-07-19,IDUKKI,694.944,732.43,1460,2190,717.591,722.944,50,1084.416,1062.728,official_observed_reference,1689ed72e4302f1b18ee79e8a69b0d578f332c521c0e5faf2a2858b2da7d25cf
2024-07-19,PAMBA,963.168,986.332,31.001,59.46,971.35,7.5,43,395.791,333.368,official_observed_reference,1689ed72e4302f1b18ee79e8a69b0d578f332c521c0e5faf2a2858b2da7d25cf
2024-07-19,KAKKI,908.304,981.456,446.542,856.467,961.91,198.856,0,0,,official_observed_reference,1689ed72e4302f1b18ee79e8a69b0d578f332c521c0e5faf2a2858b2da7d25cf
2024-07-19,SHOLAYAR,779.374,811.68,149.23,152.065,799.521,61.134,41,62.296,40.777,official_observed_reference,1689ed72e4302f1b18ee79e8a69b0d578f332c521c0e5faf2a2858b2da7d25cf
2024-07-19,IDAMALAYAR,115,169,1017.8,254.45,149.65,507.475,50,126.869,126.869,official_observed_reference,1689ed72e4302f1b18ee79e8a69b0d578f332c521c0e5faf2a2858b2da7d25cf
2024-07-19,KUNDALA,1735.836,1758.696,7.787,22.738,1749.4,2.79,36,145.825,63.074,official_observed_reference,1689ed72e4302f1b18ee79e8a69b0d578f332c521c0e5faf2a2858b2da7d25cf
2024-07-19,MADUPPATTY,1554.48,1599.59,55.217,161.234,1596.7,47.15,85,0,,official_observed_reference,1689ed72e4302f1b18ee79e8a69b0d578f332c521c0e5faf2a2858b2da7d25cf
2024-07-19,KUTTIADI,737.616,758.037,33.99,42.827,757.611,32.915,97,206.596,200.037,official_observed_reference,1689ed72e4302f1b18ee79e8a69b0d578f332c521c0e5faf2a2858b2da7d25cf
2024-07-19,THARIODE,750.5,775.6,201,253.26,769.65,131.05,65,0,,official_observed_reference,1689ed72e4302f1b18ee79e8a69b0d578f332c521c0e5faf2a2858b2da7d25cf
2024-07-19,ANAYIRANKAL,1188,1207.008,48.968,65.616,1195.56,8.95,18,58.317,20.528,official_observed_reference,1689ed72e4302f1b18ee79e8a69b0d578f332c521c0e5faf2a2858b2da7d25cf
2024-07-19,PONMUDI,678.8,707.745,47.4,63.516,703,34.57,73,0,,official_observed_reference,1689ed72e4302f1b18ee79e8a69b0d578f332c521c0e5faf2a2858b2da7d25cf
2024-07-19,NERIAMANGALAM,445,456.59,5.557,4.835,456.3,5.34,96,4.646,2.188,official_observed_reference,1689ed72e4302f1b18ee79e8a69b0d578f332c521c0e5faf2a2858b2da7d25cf
2024-07-19,PORINGAL,405.689,423.976,30.356,10.625,422.8,26.75,88,9.363,9.363,official_observed_reference,1689ed72e4302f1b18ee79e8a69b0d578f332c521c0e5faf2a2858b2da7d25cf
2024-07-19,SENGULAM (SBR),844.86,847.6,1.614,0.71,846.75,,0,0,,official_observed_reference,1689ed72e4302f1b18ee79e8a69b0d578f332c521c0e5faf2a2858b2da7d25cf
2024-07-19,LOWER PERIYAR,237.74,253,4.55,2.093,253,4.55,100,2.093,2.093,official_observed_reference,1689ed72e4302f1b18ee79e8a69b0d578f332c521c0e5faf2a2858b2da7d25cf
2024-07-19,KAKKAD,181.36,192.63,1.16,0.358,189.4,,0,0,,official_observed_reference,1689ed72e4302f1b18ee79e8a69b0d578f332c521c0e5faf2a2858b2da7d25cf
2024-07-20,IDUKKI,694.944,732.43,1460,2190,717.834,732.776,50,1099.164,1077.181,official_observed_reference,09edaa4604cb95bf711c70eada8c924f78bedf8737878a71cd95bc4594689e51
2024-07-20,PAMBA,963.168,986.332,31.001,59.46,970.25,6.35,44,400.728,337.526,official_observed_reference,09edaa4604cb95bf711c70eada8c924f78bedf8737878a71cd95bc4594689e51
2024-07-20,KAKKI,908.304,981.456,446.542,856.467,962.354,202.58,0,0,,official_observed_reference,09edaa4604cb95bf711c70eada8c924f78bedf8737878a71cd95bc4594689e51
2024-07-20,SHOLAYAR,779.374,811.68,149.23,152.065,800.1,65.337,44,66.579,43.58,official_observed_reference,09edaa4604cb95bf711c70eada8c924f78bedf8737878a71cd95bc4594689e51
2024-07-20,IDAMALAYAR,115,169,1017.8,254.45,150.12,518.12,51,129.53,129.53,official_observed_reference,09edaa4604cb95bf711c70eada8c924f78bedf8737878a71cd95bc4594689e51
2024-07-20,KUNDALA,1735.836,1758.696,7.787,22.738,1750,3.03,39,152.366,65.903,official_observed_reference,09edaa4604cb95bf711c70eada8c924f78bedf8737878a71cd95bc4594689e51
2024-07-20,MADUPPATTY,1554.48,1599.59,55.217,161.234,1597.5,49.15,89,0,,official_observed_reference,09edaa4604cb95bf711c70eada8c924f78bedf8737878a71cd95bc4594689e51
2024-07-20,KUTTIADI,737.616,758.037,33.99,42.827,757.519,32.386,95,210.339,203.662,official_observed_reference,09edaa4604cb95bf711c70eada8c924f78bedf8737878a71cd95bc4594689e51
2024-07-20,THARIODE,750.5,775.6,201,253.26,770,134.55,67,0,,official_observed_reference,09edaa4604cb95bf711c70eada8c924f78bedf8737878a71cd95bc4594689e51
2024-07-20,ANAYIRANKAL,1188,1207.008,48.968,65.616,1195.8,9.53,19,60.166,21.179,official_observed_reference,09edaa4604cb95bf711c70eada8c924f78bedf8737878a71cd95bc4594689e51
2024-07-20,PONMUDI,678.8,707.745,47.4,63.516,703.4,35.37,75,0,,official_observed_reference,09edaa4604cb95bf711c70eada8c924f78bedf8737878a71cd95bc4594689e51
2024-07-20,NERIAMANGALAM,445,456.59,5.557,4.835,456.3,5.34,96,4.646,2.188,official_observed_reference,09edaa4604cb95bf711c70eada8c924f78bedf8737878a71cd95bc4594689e51
2024-07-20,PORINGAL,405.689,423.976,30.356,10.625,422.7,26.5,87,9.275,9.275,official_observed_reference,09edaa4604cb95bf711c70eada8c924f78bedf8737878a71cd95bc4594689e51
2024-07-20,SENGULAM (SBR),844.86,847.6,1.614,0.71,846.6,,0,0,,official_observed_reference,09edaa4604cb95bf711c70eada8c924f78bedf8737878a71cd95bc4594689e51
2024-07-20,LOWER PERIYAR,237.74,253,4.55,2.093,253,4.55,100,0,2.093,official_observed_reference,09edaa4604cb95bf711c70eada8c924f78bedf8737878a71cd95bc4594689e51
2024-07-20,KAKKAD,181.36,192.63,1.16,0.358,189.5,,0,0,,official_observed_reference,09edaa4604cb95bf711c70eada8c924f78bedf8737878a71cd95bc4594689e51
2024-07-21,IDUKKI,694.944,732.43,1460,2190,718.011,739.904,51,1109.856,1087.659,official_observed_reference,c488bab5cd29dc4aefe1da22492aa9cada4e2ea511e0010c1e4e1123780151fa
2024-07-21,PAMBA,963.168,986.332,31.001,59.46,968.8,4.95,44,404.351,340.578,official_observed_reference,c488bab5cd29dc4aefe1da22492aa9cada4e2ea511e0010c1e4e1123780151fa
2024-07-21,KAKKI,908.304,981.456,446.542,856.467,962.741,205.869,0,0,,official_observed_reference,c488bab5cd29dc4aefe1da22492aa9cada4e2ea511e0010c1e4e1123780151fa
2024-07-21,SHOLAYAR,779.374,811.68,149.23,152.065,800.527,67.767,45,69.055,45.201,official_observed_reference,c488bab5cd29dc4aefe1da22492aa9cada4e2ea511e0010c1e4e1123780151fa
2024-07-21,IDAMALAYAR,115,169,1017.8,254.45,150.4,524.6,52,131.15,131.15,official_observed_reference,c488bab5cd29dc4aefe1da22492aa9cada4e2ea511e0010c1e4e1123780151fa
2024-07-21,KUNDALA,1735.836,1758.696,7.787,22.738,1750.4,3.19,41,154.658,66.895,official_observed_reference,c488bab5cd29dc4aefe1da22492aa9cada4e2ea511e0010c1e4e1123780151fa
2024-07-21,MADUPPATTY,1554.48,1599.59,55.217,161.234,1597.75,49.775,90,0,,official_observed_reference,c488bab5cd29dc4aefe1da22492aa9cada4e2ea511e0010c1e4e1123780151fa
2024-07-21,KUTTIADI,737.616,758.037,33.99,42.827,757.154,31.771,93,214.352,207.548,official_observed_reference,c488bab5cd29dc4aefe1da22492aa9cada4e2ea511e0010c1e4e1123780151fa
2024-07-21,THARIODE,750.5,775.6,201,253.26,770.3,138.35,69,0,,official_observed_reference,c488bab5cd29dc4aefe1da22492aa9cada4e2ea511e0010c1e4e1123780151fa
2024-07-21,ANAYIRANKAL,1188,1207.008,48.968,65.616,1195.96,9.93,20,61.64,21.698,official_observed_reference,c488bab5cd29dc4aefe1da22492aa9cada4e2ea511e0010c1e4e1123780151fa
2024-07-21,PONMUDI,678.8,707.745,47.4,63.516,703.7,36.07,76,0,,official_observed_reference,c488bab5cd29dc4aefe1da22492aa9cada4e2ea511e0010c1e4e1123780151fa
2024-07-21,NERIAMANGALAM,445,456.59,5.557,4.835,456.35,5.375,97,4.676,2.203,official_observed_reference,c488bab5cd29dc4aefe1da22492aa9cada4e2ea511e0010c1e4e1123780151fa
2024-07-21,PORINGAL,405.689,423.976,30.356,10.625,422.6,26.25,86,9.188,9.188,official_observed_reference,c488bab5cd29dc4aefe1da22492aa9cada4e2ea511e0010c1e4e1123780151fa
2024-07-21,SENGULAM (SBR),844.86,847.6,1.614,0.71,846.55,,0,0,,official_observed_reference,c488bab5cd29dc4aefe1da22492aa9cada4e2ea511e0010c1e4e1123780151fa
2024-07-21,LOWER PERIYAR,237.74,253,4.55,2.093,253,4.55,100,2.093,2.093,official_observed_reference,c488bab5cd29dc4aefe1da22492aa9cada4e2ea511e0010c1e4e1123780151fa
2024-07-21,KAKKAD,181.36,192.63,1.16,0.358,188.5,,0,0,,official_observed_reference,c488bab5cd29dc4aefe1da22492aa9cada4e2ea511e0010c1e4e1123780151fa
2024-07-22,IDUKKI,694.944,732.43,1460,2190,718.109,743.837,51,1115.756,1093.44,official_observed_reference,079fed6402bf0c7036a1c94f97bbb0f3d95453beffa61e7f34ccf2ab2229a790
2024-07-22,PAMBA,963.168,986.332,31.001,59.46,967.5,3.65,44,406.137,342.082,official_observed_reference,079fed6402bf0c7036a1c94f97bbb0f3d95453beffa61e7f34ccf2ab2229a790
2024-07-22,KAKKI,908.304,981.456,446.542,856.467,963,208.1,0,0,,official_observed_reference,079fed6402bf0c7036a1c94f97bbb0f3d95453beffa61e7f34ccf2ab2229a790
2024-07-22,SHOLAYAR,779.374,811.68,149.23,152.065,800.953,70.109,47,71.441,46.763,official_observed_reference,079fed6402bf0c7036a1c94f97bbb0f3d95453beffa61e7f34ccf2ab2229a790
2024-07-22,IDAMALAYAR,115,169,1017.8,254.45,150.73,532.255,52,133.064,133.064,official_observed_reference,079fed6402bf0c7036a1c94f97bbb0f3d95453beffa61e7f34ccf2ab2229a790
2024-07-22,KUNDALA,1735.836,1758.696,7.787,22.738,1750.65,3.29,42,156.41,67.653,official_observed_reference,079fed6402bf0c7036a1c94f97bbb0f3d95453beffa61e7f34ccf2ab2229a790
2024-07-22,MADUPPATTY,1554.48,1599.59,55.217,161.234,1597.95,50.275,91,0,,official_observed_reference,079fed6402bf0c7036a1c94f97bbb0f3d95453beffa61e7f34ccf2ab2229a790
2024-07-22,KUTTIADI,737.616,758.037,33.99,42.827,756.728,30.706,90,215.783,208.932,official_observed_reference,079fed6402bf0c7036a1c94f97bbb0f3d95453beffa61e7f34ccf2ab2229a790
2024-07-22,THARIODE,750.5,775.6,201,253.26,770.5,140.55,70,0,,official_observed_reference,079fed6402bf0c7036a1c94f97bbb0f3d95453beffa61e7f34ccf2ab2229a790
2024-07-22,ANAYIRANKAL,1188,1207.008,48.968,65.616,1196.1,10.28,21,62.605,22.038,official_observed_reference,079fed6402bf0c7036a1c94f97bbb0f3d95453beffa61e7f34ccf2ab2229a790
2024-07-22,PONMUDI,678.8,707.745,47.4,63.516,703.85,36.44,77,0,,official_observed_reference,079fed6402bf0c7036a1c94f97bbb0f3d95453beffa61e7f34ccf2ab2229a790
2024-07-22,NERIAMANGALAM,445,456.59,5.557,4.835,456.3,5.34,96,4.646,2.188,official_observed_reference,079fed6402bf0c7036a1c94f97bbb0f3d95453beffa61e7f34ccf2ab2229a790
2024-07-22,PORINGAL,405.689,423.976,30.356,10.625,422.75,26.625,88,9.319,9.319,official_observed_reference,079fed6402bf0c7036a1c94f97bbb0f3d95453beffa61e7f34ccf2ab2229a790
2024-07-22,SENGULAM (SBR),844.86,847.6,1.614,0.71,846.55,,0,0,,official_observed_reference,079fed6402bf0c7036a1c94f97bbb0f3d95453beffa61e7f34ccf2ab2229a790
2024-07-22,LOWER PERIYAR,237.74,253,4.55,2.093,253,4.55,100,2.093,2.093,official_observed_reference,079fed6402bf0c7036a1c94f97bbb0f3d95453beffa61e7f34ccf2ab2229a790
2024-07-22,KAKKAD,181.36,192.63,1.16,0.358,189,,0,0,,official_observed_reference,079fed6402bf0c7036a1c94f97bbb0f3d95453beffa61e7f34ccf2ab2229a790
2024-07-23,IDUKKI,694.944,732.43,1460,2190,718.206,747.769,51,1121.654,1099.22,official_observed_reference,11491ed6e285e428e62e8a21f49d2e374ebfa13ee08f5b2723e7043b44c6ddf9
2024-07-23,PAMBA,963.168,986.332,31.001,59.46,966.25,2.4,45,408.726,344.263,official_observed_reference,11491ed6e285e428e62e8a21f49d2e374ebfa13ee08f5b2723e7043b44c6ddf9
2024-07-23,KAKKI,908.304,981.456,446.542,856.467,963.1,210.7,0,0,,official_observed_reference,11491ed6e285e428e62e8a21f49d2e374ebfa13ee08f5b2723e7043b44c6ddf9
2024-07-23,SHOLAYAR,779.374,811.68,149.23,152.065,801.319,72.092,48,73.461,48.085,official_observed_reference,11491ed6e285e428e62e8a21f49d2e374ebfa13ee08f5b2723e7043b44c6ddf9
2024-07-23,IDAMALAYAR,115,169,1017.8,254.45,150.96,537.58,53,134.395,134.395,official_observed_reference,11491ed6e285e428e62e8a21f49d2e374ebfa13ee08f5b2723e7043b44c6ddf9
2024-07-23,KUNDALA,1735.836,1758.696,7.787,22.738,1751,3.43,44,158.498,68.556,official_observed_reference,11491ed6e285e428e62e8a21f49d2e374ebfa13ee08f5b2723e7043b44c6ddf9
2024-07-23,MADUPPATTY,1554.48,1599.59,55.217,161.234,1598.15,50.85,92,0,,official_observed_reference,11491ed6e285e428e62e8a21f49d2e374ebfa13ee08f5b2723e7043b44c6ddf9
2024-07-23,KUTTIADI,737.616,758.037,33.99,42.827,756.24,29.486,87,217.899,210.982,official_observed_reference,11491ed6e285e428e62e8a21f49d2e374ebfa13ee08f5b2723e7043b44c6ddf9
2024-07-23,THARIODE,750.5,775.6,201,253.26,770.75,143.45,71,0,,official_observed_reference,11491ed6e285e428e62e8a21f49d2e374ebfa13ee08f5b2723e7043b44c6ddf9
2024-07-23,ANAYIRANKAL,1188,1207.008,48.968,65.616,1196.24,10.63,22,62.913,22.146,official_observed_reference,11491ed6e285e428e62e8a21f49d2e374ebfa13ee08f5b2723e7043b44c6ddf9
2024-07-23,PONMUDI,678.8,707.745,47.4,63.516,703.8,36.32,77,0,,official_observed_reference,11491ed6e285e428e62e8a21f49d2e374ebfa13ee08f5b2723e7043b44c6ddf9
2024-07-23,NERIAMANGALAM,445,456.59,5.557,4.835,456.35,5.375,97,4.676,2.203,official_observed_reference,11491ed6e285e428e62e8a21f49d2e374ebfa13ee08f5b2723e7043b44c6ddf9
2024-07-23,PORINGAL,405.689,423.976,30.356,10.625,422.8,26.75,88,9.363,9.363,official_observed_reference,11491ed6e285e428e62e8a21f49d2e374ebfa13ee08f5b2723e7043b44c6ddf9
2024-07-23,SENGULAM (SBR),844.86,847.6,1.614,0.71,846.5,,0,0,,official_observed_reference,11491ed6e285e428e62e8a21f49d2e374ebfa13ee08f5b2723e7043b44c6ddf9
2024-07-23,LOWER PERIYAR,237.74,253,4.55,2.093,252.8,4.45,98,2.047,2.047,official_observed_reference,11491ed6e285e428e62e8a21f49d2e374ebfa13ee08f5b2723e7043b44c6ddf9
2024-07-23,KAKKAD,181.36,192.63,1.16,0.358,188.9,,0,0,,official_observed_reference,11491ed6e285e428e62e8a21f49d2e374ebfa13ee08f5b2723e7043b44c6ddf9
2024-07-24,IDUKKI,694.944,732.43,1460,2190,718.286,750.964,51,1126.446,1103.917,official_observed_reference,7f0aea3f1aaba90a66f0dadb985a47fb3535564bc1c26a5f1276577e48d451ba
2024-07-24,PAMBA,963.168,986.332,31.001,59.46,965.65,1.9,44,404.41,340.628,official_observed_reference,7f0aea3f1aaba90a66f0dadb985a47fb3535564bc1c26a5f1276577e48d451ba
2024-07-24,KAKKI,908.304,981.456,446.542,856.467,963.103,208.95,0,0,,official_observed_reference,7f0aea3f1aaba90a66f0dadb985a47fb3535564bc1c26a5f1276577e48d451ba
2024-07-24,SHOLAYAR,779.374,811.68,149.23,152.065,801.715,74.286,50,75.698,49.549,official_observed_reference,7f0aea3f1aaba90a66f0dadb985a47fb3535564bc1c26a5f1276577e48d451ba
2024-07-24,IDAMALAYAR,115,169,1017.8,254.45,151.1,540.85,53,135.213,135.213,official_observed_reference,7f0aea3f1aaba90a66f0dadb985a47fb3535564bc1c26a5f1276577e48d451ba
2024-07-24,KUNDALA,1735.836,1758.696,7.787,22.738,1751.25,3.53,45,160.98,69.629,official_observed_reference,7f0aea3f1aaba90a66f0dadb985a47fb3535564bc1c26a5f1276577e48d451ba
2024-07-24,MADUPPATTY,1554.48,1599.59,55.217,161.234,1598.4,51.6,93,0,,official_observed_reference,7f0aea3f1aaba90a66f0dadb985a47fb3535564bc1c26a5f1276577e48d451ba
2024-07-24,KUTTIADI,737.616,758.037,33.99,42.827,755.843,28.495,84,221.187,214.165,official_observed_reference,7f0aea3f1aaba90a66f0dadb985a47fb3535564bc1c26a5f1276577e48d451ba
2024-07-24,THARIODE,750.5,775.6,201,253.26,771.05,147.05,73,0,,official_observed_reference,7f0aea3f1aaba90a66f0dadb985a47fb3535564bc1c26a5f1276577e48d451ba
2024-07-24,ANAYIRANKAL,1188,1207.008,48.968,65.616,1196.34,10.88,22,62.739,22.085,official_observed_reference,7f0aea3f1aaba90a66f0dadb985a47fb3535564bc1c26a5f1276577e48d451ba
2024-07-24,PONMUDI,678.8,707.745,47.4,63.516,703.65,35.94,76,0,,official_observed_reference,7f0aea3f1aaba90a66f0dadb985a47fb3535564bc1c26a5f1276577e48d451ba
2024-07-24,NERIAMANGALAM,445,456.59,5.557,4.835,456.35,5.375,97,4.676,2.203,official_observed_reference,7f0aea3f1aaba90a66f0dadb985a47fb3535564bc1c26a5f1276577e48d451ba
2024-07-24,PORINGAL,405.689,423.976,30.356,10.625,423.1,27.5,91,9.625,9.625,official_observed_reference,7f0aea3f1aaba90a66f0dadb985a47fb3535564bc1c26a5f1276577e48d451ba
2024-07-24,SENGULAM (SBR),844.86,847.6,1.614,0.71,846.4,,0,0,,official_observed_reference,7f0aea3f1aaba90a66f0dadb985a47fb3535564bc1c26a5f1276577e48d451ba
2024-07-24,LOWER PERIYAR,237.74,253,4.55,2.093,253,4.55,100,2.093,2.093,official_observed_reference,7f0aea3f1aaba90a66f0dadb985a47fb3535564bc1c26a5f1276577e48d451ba
2024-07-24,KAKKAD,181.36,192.63,1.16,0.358,189.25,,0,0,,official_observed_reference,7f0aea3f1aaba90a66f0dadb985a47fb3535564bc1c26a5f1276577e48d451ba
2024-07-25,IDUKKI,694.944,732.43,1460,2190,718.389,755.161,52,1132.742,1110.087,official_observed_reference,89b92084667681c53d51874d8c1a8e8c7a6cb304fbb3ba033848d76781cdc08f
2024-07-25,PAMBA,963.168,986.332,31.001,59.46,965.65,1.9,44,405.837,341.83,official_observed_reference,89b92084667681c53d51874d8c1a8e8c7a6cb304fbb3ba033848d76781cdc08f
2024-07-25,KAKKI,908.304,981.456,446.542,856.467,963.18,209.694,0,0,,official_observed_reference,89b92084667681c53d51874d8c1a8e8c7a6cb304fbb3ba033848d76781cdc08f
2024-07-25,SHOLAYAR,779.374,811.68,149.23,152.065,802.173,77.203,52,78.67,51.495,official_observed_reference,89b92084667681c53d51874d8c1a8e8c7a6cb304fbb3ba033848d76781cdc08f
2024-07-25,IDAMALAYAR,115,169,1017.8,254.45,151.7,554.7,54,138.675,138.675,official_observed_reference,89b92084667681c53d51874d8c1a8e8c7a6cb304fbb3ba033848d76781cdc08f
2024-07-25,KUNDALA,1735.836,1758.696,7.787,22.738,1751.7,3.71,48,164.571,71.183,official_observed_reference,89b92084667681c53d51874d8c1a8e8c7a6cb304fbb3ba033848d76781cdc08f
2024-07-25,MADUPPATTY,1554.48,1599.59,55.217,161.234,1598.75,52.65,95,0,,official_observed_reference,89b92084667681c53d51874d8c1a8e8c7a6cb304fbb3ba033848d76781cdc08f
2024-07-25,KUTTIADI,737.616,758.037,33.99,42.827,755.904,28.647,84,229.316,222.037,official_observed_reference,89b92084667681c53d51874d8c1a8e8c7a6cb304fbb3ba033848d76781cdc08f
2024-07-25,THARIODE,750.5,775.6,201,253.26,771.6,153.35,76,0,,official_observed_reference,89b92084667681c53d51874d8c1a8e8c7a6cb304fbb3ba033848d76781cdc08f
2024-07-25,ANAYIRANKAL,1188,1207.008,48.968,65.616,1196.48,11.23,23,63.382,22.311,official_observed_reference,89b92084667681c53d51874d8c1a8e8c7a6cb304fbb3ba033848d76781cdc08f
2024-07-25,PONMUDI,678.8,707.745,47.4,63.516,703.7,36.07,76,0,,official_observed_reference,89b92084667681c53d51874d8c1a8e8c7a6cb304fbb3ba033848d76781cdc08f
2024-07-25,NERIAMANGALAM,445,456.59,5.557,4.835,456.45,5.445,98,4.737,2.231,official_observed_reference,89b92084667681c53d51874d8c1a8e8c7a6cb304fbb3ba033848d76781cdc08f
2024-07-25,PORINGAL,405.689,423.976,30.356,10.625,423.6,29,96,10.15,10.15,official_observed_reference,89b92084667681c53d51874d8c1a8e8c7a6cb304fbb3ba033848d76781cdc08f
2024-07-25,SENGULAM (SBR),844.86,847.6,1.614,0.71,846.85,,0,0,,official_observed_reference,89b92084667681c53d51874d8c1a8e8c7a6cb304fbb3ba033848d76781cdc08f
2024-07-25,LOWER PERIYAR,237.74,253,4.55,2.093,253,4.55,100,2.093,2.093,official_observed_reference,89b92084667681c53d51874d8c1a8e8c7a6cb304fbb3ba033848d76781cdc08f
2024-07-25,KAKKAD,181.36,192.63,1.16,0.358,189.7,,0,0,,official_observed_reference,89b92084667681c53d51874d8c1a8e8c7a6cb304fbb3ba033848d76781cdc08f
2024-07-26,IDUKKI,694.944,732.43,1460,2190,718.45,757.597,52,1136.396,1113.668,official_observed_reference,0b3950614fcb10583ce9c13fad20509a97404d073c02c71eaa4488f7fd3deca9
2024-07-26,PAMBA,963.168,986.332,31.001,59.46,965.9,2.1,45,407.936,343.597,official_observed_reference,0b3950614fcb10583ce9c13fad20509a97404d073c02c71eaa4488f7fd3deca9
2024-07-26,KAKKI,908.304,981.456,446.542,856.467,963.29,210.588,0,0,,official_observed_reference,0b3950614fcb10583ce9c13fad20509a97404d073c02c71eaa4488f7fd3deca9
2024-07-26,SHOLAYAR,779.374,811.68,149.23,152.065,802.595,80.149,54,81.671,53.459,official_observed_reference,0b3950614fcb10583ce9c13fad20509a97404d073c02c71eaa4488f7fd3deca9
2024-07-26,IDAMALAYAR,115,169,1017.8,254.45,152.24,567.22,56,141.805,141.805,official_observed_reference,0b3950614fcb10583ce9c13fad20509a97404d073c02c71eaa4488f7fd3deca9
2024-07-26,KUNDALA,1735.836,1758.696,7.787,22.738,1752.25,3.975,51,166.659,72.086,official_observed_reference,0b3950614fcb10583ce9c13fad20509a97404d073c02c71eaa4488f7fd3deca9
2024-07-26,MADUPPATTY,1554.48,1599.59,55.217,161.234,1598.9,53.1,96,0,,official_observed_reference,0b3950614fcb10583ce9c13fad20509a97404d073c02c71eaa4488f7fd3deca9
2024-07-26,KUTTIADI,737.616,758.037,33.99,42.827,756.026,28.952,85,239.025,231.437,official_observed_reference,0b3950614fcb10583ce9c13fad20509a97404d073c02c71eaa4488f7fd3deca9
2024-07-26,THARIODE,750.5,775.6,201,253.26,772.25,160.75,80,0,,official_observed_reference,0b3950614fcb10583ce9c13fad20509a97404d073c02c71eaa4488f7fd3deca9
2024-07-26,ANAYIRANKAL,1188,1207.008,48.968,65.616,1196.7,11.78,24,65.459,23.042,official_observed_reference,0b3950614fcb10583ce9c13fad20509a97404d073c02c71eaa4488f7fd3deca9
2024-07-26,PONMUDI,678.8,707.745,47.4,63.516,704.1,37.07,78,0,,official_observed_reference,0b3950614fcb10583ce9c13fad20509a97404d073c02c71eaa4488f7fd3deca9
2024-07-26,NERIAMANGALAM,445,456.59,5.557,4.835,456.4,5.41,97,4.707,2.217,official_observed_reference,0b3950614fcb10583ce9c13fad20509a97404d073c02c71eaa4488f7fd3deca9
2024-07-26,PORINGAL,405.689,423.976,30.356,10.625,423.1,27.5,91,9.625,9.625,official_observed_reference,0b3950614fcb10583ce9c13fad20509a97404d073c02c71eaa4488f7fd3deca9
2024-07-26,SENGULAM (SBR),844.86,847.6,1.614,0.71,846.6,,0,0,,official_observed_reference,0b3950614fcb10583ce9c13fad20509a97404d073c02c71eaa4488f7fd3deca9
2024-07-26,LOWER PERIYAR,237.74,253,4.55,2.093,252.8,4.45,98,2.047,2.047,official_observed_reference,0b3950614fcb10583ce9c13fad20509a97404d073c02c71eaa4488f7fd3deca9
2024-07-26,KAKKAD,181.36,192.63,1.16,0.358,188.2,,0,0,,official_observed_reference,0b3950614fcb10583ce9c13fad20509a97404d073c02c71eaa4488f7fd3deca9
2024-07-27,IDUKKI,694.944,732.43,1460,2190,718.523,760.54,52,1140.81,1117.994,official_observed_reference,541dabd6c4ef89f62fb135401112f1dffdf571fa0d7b7d6139abf659c1844d06
2024-07-27,PAMBA,963.168,986.332,31.001,59.46,965.8,2.02,45,408.86,344.376,official_observed_reference,541dabd6c4ef89f62fb135401112f1dffdf571fa0d7b7d6139abf659c1844d06
2024-07-27,KAKKI,908.304,981.456,446.542,856.467,963.35,211.15,0,0,,official_observed_reference,541dabd6c4ef89f62fb135401112f1dffdf571fa0d7b7d6139abf659c1844d06
2024-07-27,SHOLAYAR,779.374,811.68,149.23,152.065,802.996,82.782,55,84.355,55.216,official_observed_reference,541dabd6c4ef89f62fb135401112f1dffdf571fa0d7b7d6139abf659c1844d06
2024-07-27,IDAMALAYAR,115,169,1017.8,254.45,152.45,572.075,56,143.019,143.019,official_observed_reference,541dabd6c4ef89f62fb135401112f1dffdf571fa0d7b7d6139abf659c1844d06
2024-07-27,KUNDALA,1735.836,1758.696,7.787,22.738,1752.7,4.2,54,169.068,73.128,official_observed_reference,541dabd6c4ef89f62fb135401112f1dffdf571fa0d7b7d6139abf659c1844d06
2024-07-27,MADUPPATTY,1554.48,1599.59,55.217,161.234,1599.1,53.7,97,0,,official_observed_reference,541dabd6c4ef89f62fb135401112f1dffdf571fa0d7b7d6139abf659c1844d06
2024-07-27,KUTTIADI,737.616,758.037,33.99,42.827,755.965,28.8,85,242.613,234.911,official_observed_reference,541dabd6c4ef89f62fb135401112f1dffdf571fa0d7b7d6139abf659c1844d06
2024-07-27,THARIODE,750.5,775.6,201,253.26,772.5,163.75,81,0,,official_observed_reference,541dabd6c4ef89f62fb135401112f1dffdf571fa0d7b7d6139abf659c1844d06
2024-07-27,ANAYIRANKAL,1188,1207.008,48.968,65.616,1196.85,12.155,25,66.122,23.276,official_observed_reference,541dabd6c4ef89f62fb135401112f1dffdf571fa0d7b7d6139abf659c1844d06
2024-07-27,PONMUDI,678.8,707.745,47.4,63.516,704.15,37.19,78,0,,official_observed_reference,541dabd6c4ef89f62fb135401112f1dffdf571fa0d7b7d6139abf659c1844d06
2024-07-27,NERIAMANGALAM,445,456.59,5.557,4.835,456.4,5.41,97,4.707,2.217,official_observed_reference,541dabd6c4ef89f62fb135401112f1dffdf571fa0d7b7d6139abf659c1844d06
2024-07-27,PORINGAL,405.689,423.976,30.356,10.625,423.1,27.5,91,9.625,9.625,official_observed_reference,541dabd6c4ef89f62fb135401112f1dffdf571fa0d7b7d6139abf659c1844d06
2024-07-27,SENGULAM (SBR),844.86,847.6,1.614,0.71,846.8,,0,0,,official_observed_reference,541dabd6c4ef89f62fb135401112f1dffdf571fa0d7b7d6139abf659c1844d06
2024-07-27,LOWER PERIYAR,237.74,253,4.55,2.093,252.9,4.51,99,2.075,2.075,official_observed_reference,541dabd6c4ef89f62fb135401112f1dffdf571fa0d7b7d6139abf659c1844d06
2024-07-27,KAKKAD,181.36,192.63,1.16,0.358,188.5,,0,0,,official_observed_reference,541dabd6c4ef89f62fb135401112f1dffdf571fa0d7b7d6139abf659c1844d06
2024-07-28,IDUKKI,694.944,732.43,1460,2190,718.798,771.582,53,1157.373,1134.226,official_observed_reference,ba07cd30c5093fa04f1137efdbd14e8497b15a18fbd655810d4cda194d9b0616
2024-07-28,PAMBA,963.168,986.332,31.001,59.46,966.35,2.5,45,416.686,350.967,official_observed_reference,ba07cd30c5093fa04f1137efdbd14e8497b15a18fbd655810d4cda194d9b0616
2024-07-28,KAKKI,908.304,981.456,446.542,856.467,963.756,214.75,0,0,,official_observed_reference,ba07cd30c5093fa04f1137efdbd14e8497b15a18fbd655810d4cda194d9b0616
2024-07-28,SHOLAYAR,779.374,811.68,149.23,152.065,803.514,85.954,58,87.587,57.331,official_observed_reference,ba07cd30c5093fa04f1137efdbd14e8497b15a18fbd655810d4cda194d9b0616
2024-07-28,IDAMALAYAR,115,169,1017.8,254.45,152.98,584.33,57,146.083,146.083,official_observed_reference,ba07cd30c5093fa04f1137efdbd14e8497b15a18fbd655810d4cda194d9b0616
2024-07-28,KUNDALA,1735.836,1758.696,7.787,22.738,1753.1,4.4,57,170.09,73.57,official_observed_reference,ba07cd30c5093fa04f1137efdbd14e8497b15a18fbd655810d4cda194d9b0616
2024-07-28,MADUPPATTY,1554.48,1599.59,55.217,161.234,1599.15,53.85,98,0,,official_observed_reference,ba07cd30c5093fa04f1137efdbd14e8497b15a18fbd655810d4cda194d9b0616
2024-07-28,KUTTIADI,737.616,758.037,33.99,42.827,755.965,28.8,85,247.149,239.303,official_observed_reference,ba07cd30c5093fa04f1137efdbd14e8497b15a18fbd655810d4cda194d9b0616
2024-07-28,THARIODE,750.5,775.6,201,253.26,772.8,167.35,83,0,,official_observed_reference,ba07cd30c5093fa04f1137efdbd14e8497b15a18fbd655810d4cda194d9b0616
2024-07-28,ANAYIRANKAL,1188,1207.008,48.968,65.616,1196.95,12.405,25,66.792,23.512,official_observed_reference,ba07cd30c5093fa04f1137efdbd14e8497b15a18fbd655810d4cda194d9b0616
2024-07-28,PONMUDI,678.8,707.745,47.4,63.516,704.25,37.44,79,0,,official_observed_reference,ba07cd30c5093fa04f1137efdbd14e8497b15a18fbd655810d4cda194d9b0616
2024-07-28,NERIAMANGALAM,445,456.59,5.557,4.835,456.35,5.375,97,4.676,2.203,official_observed_reference,ba07cd30c5093fa04f1137efdbd14e8497b15a18fbd655810d4cda194d9b0616
2024-07-28,PORINGAL,405.689,423.976,30.356,10.625,423.4,28.4,94,9.94,9.94,official_observed_reference,ba07cd30c5093fa04f1137efdbd14e8497b15a18fbd655810d4cda194d9b0616
2024-07-28,SENGULAM (SBR),844.86,847.6,1.614,0.71,846.75,,0,0,,official_observed_reference,ba07cd30c5093fa04f1137efdbd14e8497b15a18fbd655810d4cda194d9b0616
2024-07-28,LOWER PERIYAR,237.74,253,4.55,2.093,253,4.55,100,2.093,2.093,official_observed_reference,ba07cd30c5093fa04f1137efdbd14e8497b15a18fbd655810d4cda194d9b0616
2024-07-28,KAKKAD,181.36,192.63,1.16,0.358,190,,0,0,,official_observed_reference,ba07cd30c5093fa04f1137efdbd14e8497b15a18fbd655810d4cda194d9b0616
2024-07-29,IDUKKI,694.944,732.43,1460,2190,719.499,800.996,55,1201.494,1177.464,official_observed_reference,3b493c893f1fa19542e83971932212170d6f7906bb7ec9eb88e41f260d9a8ec8
2024-07-29,PAMBA,963.168,986.332,31.001,59.46,968.85,5,48,435.722,367.001,official_observed_reference,3b493c893f1fa19542e83971932212170d6f7906bb7ec9eb88e41f260d9a8ec8
2024-07-29,KAKKI,908.304,981.456,446.542,856.467,964.573,222.175,0,0,,official_observed_reference,3b493c893f1fa19542e83971932212170d6f7906bb7ec9eb88e41f260d9a8ec8
2024-07-29,SHOLAYAR,779.374,811.68,149.23,152.065,804.733,93.643,63,95.422,62.46,official_observed_reference,3b493c893f1fa19542e83971932212170d6f7906bb7ec9eb88e41f260d9a8ec8
2024-07-29,IDAMALAYAR,115,169,1017.8,254.45,155.04,633.19,62,158.298,158.298,official_observed_reference,3b493c893f1fa19542e83971932212170d6f7906bb7ec9eb88e41f260d9a8ec8
2024-07-29,KUNDALA,1735.836,1758.696,7.787,22.738,1753.95,4.825,62,173.083,74.864,official_observed_reference,3b493c893f1fa19542e83971932212170d6f7906bb7ec9eb88e41f260d9a8ec8
2024-07-29,MADUPPATTY,1554.48,1599.59,55.217,161.234,1599.35,54.45,99,0,,official_observed_reference,3b493c893f1fa19542e83971932212170d6f7906bb7ec9eb88e41f260d9a8ec8
2024-07-29,KUTTIADI,737.616,758.037,33.99,42.827,758.037,33.985,100,274.346,265.636,official_observed_reference,3b493c893f1fa19542e83971932212170d6f7906bb7ec9eb88e41f260d9a8ec8
2024-07-29,THARIODE,750.5,775.6,201,253.26,774.2,183.75,91,0,,official_observed_reference,3b493c893f1fa19542e83971932212170d6f7906bb7ec9eb88e41f260d9a8ec8
2024-07-29,ANAYIRANKAL,1188,1207.008,48.968,65.616,1197.65,14.155,29,75.342,26.521,official_observed_reference,3b493c893f1fa19542e83971932212170d6f7906bb7ec9eb88e41f260d9a8ec8
2024-07-29,PONMUDI,678.8,707.745,47.4,63.516,706.1,42.07,89,0,,official_observed_reference,3b493c893f1fa19542e83971932212170d6f7906bb7ec9eb88e41f260d9a8ec8
2024-07-29,NERIAMANGALAM,445,456.59,5.557,4.835,456.4,5.41,97,4.707,2.217,official_observed_reference,3b493c893f1fa19542e83971932212170d6f7906bb7ec9eb88e41f260d9a8ec8
2024-07-29,PORINGAL,405.689,423.976,30.356,10.625,423.15,27.65,91,9.678,9.678,official_observed_reference,3b493c893f1fa19542e83971932212170d6f7906bb7ec9eb88e41f260d9a8ec8
2024-07-29,SENGULAM (SBR),844.86,847.6,1.614,0.71,846.55,,0,0,,official_observed_reference,3b493c893f1fa19542e83971932212170d6f7906bb7ec9eb88e41f260d9a8ec8
2024-07-29,LOWER PERIYAR,237.74,253,4.55,2.093,253,4.55,100,2.093,2.093,official_observed_reference,3b493c893f1fa19542e83971932212170d6f7906bb7ec9eb88e41f260d9a8ec8
2024-07-29,KAKKAD,181.36,192.63,1.16,0.358,191.85,,0,0,,official_observed_reference,3b493c893f1fa19542e83971932212170d6f7906bb7ec9eb88e41f260d9a8ec8
2024-07-30,IDUKKI,694.944,732.43,1460,2190,720.431,844.368,58,1266.552,1241.221,official_observed_reference,a19f74b2b3ef97e187698a1e080821e92227c7fcf6e5b39c8404dfd23eb667b8
2024-07-30,PAMBA,963.168,986.332,31.001,59.46,971.75,7.97,50,455.228,383.431,official_observed_reference,a19f74b2b3ef97e187698a1e080821e92227c7fcf6e5b39c8404dfd23eb667b8
2024-07-30,KAKKI,908.304,981.456,446.542,856.467,965.375,229.375,0,0,,official_observed_reference,a19f74b2b3ef97e187698a1e080821e92227c7fcf6e5b39c8404dfd23eb667b8
2024-07-30,SHOLAYAR,779.374,811.68,149.23,152.065,806.318,104.787,70,106.778,69.893,official_observed_reference,a19f74b2b3ef97e187698a1e080821e92227c7fcf6e5b39c8404dfd23eb667b8
2024-07-30,IDAMALAYAR,115,169,1017.8,254.45,156.37,664.88,65,166.22,166.22,official_observed_reference,a19f74b2b3ef97e187698a1e080821e92227c7fcf6e5b39c8404dfd23eb667b8
2024-07-30,KUNDALA,1735.836,1758.696,7.787,22.738,1754.7,5.2,67,169.36,73.254,official_observed_reference,a19f74b2b3ef97e187698a1e080821e92227c7fcf6e5b39c8404dfd23eb667b8
2024-07-30,MADUPPATTY,1554.48,1599.59,55.217,161.234,1598.8,52.8,96,0,,official_observed_reference,a19f74b2b3ef97e187698a1e080821e92227c7fcf6e5b39c8404dfd23eb667b8
2024-07-30,KUTTIADI,737.616,758.037,33.99,42.827,757.733,33.22,98,280.438,271.535,official_observed_reference,a19f74b2b3ef97e187698a1e080821e92227c7fcf6e5b39c8404dfd23eb667b8
2024-07-30,THARIODE,750.5,775.6,201,253.26,774.65,189.35,94,0,,official_observed_reference,a19f74b2b3ef97e187698a1e080821e92227c7fcf6e5b39c8404dfd23eb667b8
2024-07-30,ANAYIRANKAL,1188,1207.008,48.968,65.616,1198.08,15.32,31,80.587,28.368,official_observed_reference,a19f74b2b3ef97e187698a1e080821e92227c7fcf6e5b39c8404dfd23eb667b8
2024-07-30,PONMUDI,678.8,707.745,47.4,63.516,707.2,44.82,95,0,,official_observed_reference,a19f74b2b3ef97e187698a1e080821e92227c7fcf6e5b39c8404dfd23eb667b8
2024-07-30,NERIAMANGALAM,445,456.59,5.557,4.835,456.4,5.41,97,4.707,2.217,official_observed_reference,a19f74b2b3ef97e187698a1e080821e92227c7fcf6e5b39c8404dfd23eb667b8
2024-07-30,PORINGAL,405.689,423.976,30.356,10.625,421,22.25,73,7.788,7.788,official_observed_reference,a19f74b2b3ef97e187698a1e080821e92227c7fcf6e5b39c8404dfd23eb667b8
2024-07-30,SENGULAM (SBR),844.86,847.6,1.614,0.71,846.4,,0,0,,official_observed_reference,a19f74b2b3ef97e187698a1e080821e92227c7fcf6e5b39c8404dfd23eb667b8
2024-07-30,LOWER PERIYAR,237.74,253,4.55,2.093,253,4.55,100,2.093,2.093,official_observed_reference,a19f74b2b3ef97e187698a1e080821e92227c7fcf6e5b39c8404dfd23eb667b8
2024-07-30,KAKKAD,181.36,192.63,1.16,0.358,190.25,,0,0,,official_observed_reference,a19f74b2b3ef97e187698a1e080821e92227c7fcf6e5b39c8404dfd23eb667b8
2024-07-31,IDUKKI,694.944,732.43,1460,2190,720.919,867.084,59,1300.626,1274.613,official_observed_reference,ad84afd43d064fb38c94f6c7374f76a7c6f646c6679807ba6bdae3856441cfb7
2024-07-31,PAMBA,963.168,986.332,31.001,59.46,972.45,8.81,51,465.506,392.088,official_observed_reference,ad84afd43d064fb38c94f6c7374f76a7c6f646c6679807ba6bdae3856441cfb7
2024-07-31,KAKKI,908.304,981.456,446.542,856.467,965.862,233.894,0,0,,official_observed_reference,ad84afd43d064fb38c94f6c7374f76a7c6f646c6679807ba6bdae3856441cfb7
2024-07-31,SHOLAYAR,779.374,811.68,149.23,152.065,806.867,109.007,73,111.078,72.707,official_observed_reference,ad84afd43d064fb38c94f6c7374f76a7c6f646c6679807ba6bdae3856441cfb7
2024-07-31,IDAMALAYAR,115,169,1017.8,254.45,157.04,680.98,67,170.245,170.245,official_observed_reference,ad84afd43d064fb38c94f6c7374f76a7c6f646c6679807ba6bdae3856441cfb7
2024-07-31,KUNDALA,1735.836,1758.696,7.787,22.738,1755.15,5.425,70,166.951,72.212,official_observed_reference,ad84afd43d064fb38c94f6c7374f76a7c6f646c6679807ba6bdae3856441cfb7
2024-07-31,MADUPPATTY,1554.48,1599.59,55.217,161.234,1598.45,51.75,94,0,,official_observed_reference,ad84afd43d064fb38c94f6c7374f76a7c6f646c6679807ba6bdae3856441cfb7
2024-07-31,KUTTIADI,737.616,758.037,33.99,42.827,757.702,33.144,98,279.082,270.222,official_observed_reference,ad84afd43d064fb38c94f6c7374f76a7c6f646c6679807ba6bdae3856441cfb7
2024-07-31,THARIODE,750.5,775.6,201,253.26,774.6,188.35,94,0,,official_observed_reference,ad84afd43d064fb38c94f6c7374f76a7c6f646c6679807ba6bdae3856441cfb7
2024-07-31,ANAYIRANKAL,1188,1207.008,48.968,65.616,1198.39,16.25,33,81.164,28.571,official_observed_reference,ad84afd43d064fb38c94f6c7374f76a7c6f646c6679807ba6bdae3856441cfb7
2024-07-31,PONMUDI,678.8,707.745,47.4,63.516,707,44.32,94,0,,official_observed_reference,ad84afd43d064fb38c94f6c7374f76a7c6f646c6679807ba6bdae3856441cfb7
2024-07-31,NERIAMANGALAM,445,456.59,5.557,4.835,456.35,5.375,97,4.676,2.203,official_observed_reference,ad84afd43d064fb38c94f6c7374f76a7c6f646c6679807ba6bdae3856441cfb7
2024-07-31,PORINGAL,405.689,423.976,30.356,10.625,420.35,20.625,68,7.219,7.219,official_observed_reference,ad84afd43d064fb38c94f6c7374f76a7c6f646c6679807ba6bdae3856441cfb7
2024-07-31,SENGULAM (SBR),844.86,847.6,1.614,0.71,846.75,,0,0,,official_observed_reference,ad84afd43d064fb38c94f6c7374f76a7c6f646c6679807ba6bdae3856441cfb7
2024-07-31,LOWER PERIYAR,237.74,253,4.55,2.093,253,4.55,100,2.093,2.093,official_observed_reference,ad84afd43d064fb38c94f6c7374f76a7c6f646c6679807ba6bdae3856441cfb7
2024-07-31,KAKKAD,181.36,192.63,1.16,0.358,190.7,,0,0,,official_observed_reference,ad84afd43d064fb38c94f6c7374f76a7c6f646c6679807ba6bdae3856441cfb7
2024-08-01,IDUKKI,694.944,732.43,1460,2190,721.23,881.576,60,1322.364,1295.917,official_observed_reference,fd7025de975a8d816510a12c5e3886f829833bcc609c6e95ef5175903f780a50
2024-08-01,PAMBA,963.168,986.332,31.001,59.46,972.1,8.39,51,470.395,396.206,official_observed_reference,fd7025de975a8d816510a12c5e3886f829833bcc609c6e95ef5175903f780a50
2024-08-01,KAKKI,908.304,981.456,446.542,856.467,966.18,236.863,0,0,,official_observed_reference,fd7025de975a8d816510a12c5e3886f829833bcc609c6e95ef5175903f780a50
2024-08-01,SHOLAYAR,779.374,811.68,149.23,152.065,807.141,111.102,74,113.213,74.105,official_observed_reference,fd7025de975a8d816510a12c5e3886f829833bcc609c6e95ef5175903f780a50
2024-08-01,IDAMALAYAR,115,169,1017.8,254.45,157.42,690.3,68,172.575,172.575,official_observed_reference,fd7025de975a8d816510a12c5e3886f829833bcc609c6e95ef5175903f780a50
2024-08-01,KUNDALA,1735.836,1758.696,7.787,22.738,1755.55,5.65,73,168.484,72.875,official_observed_reference,fd7025de975a8d816510a12c5e3886f829833bcc609c6e95ef5175903f780a50
2024-08-01,MADUPPATTY,1554.48,1599.59,55.217,161.234,1598.55,52.05,94,0,,official_observed_reference,fd7025de975a8d816510a12c5e3886f829833bcc609c6e95ef5175903f780a50
2024-08-01,KUTTIADI,737.616,758.037,33.99,42.827,757.885,33.6,99,276.129,267.363,official_observed_reference,fd7025de975a8d816510a12c5e3886f829833bcc609c6e95ef5175903f780a50
2024-08-01,THARIODE,750.5,775.6,201,253.26,774.35,185.55,92,0,,official_observed_reference,fd7025de975a8d816510a12c5e3886f829833bcc609c6e95ef5175903f780a50
2024-08-01,ANAYIRANKAL,1188,1207.008,48.968,65.616,1198.58,16.82,34,82.597,29.076,official_observed_reference,fd7025de975a8d816510a12c5e3886f829833bcc609c6e95ef5175903f780a50
2024-08-01,PONMUDI,678.8,707.745,47.4,63.516,707.2,44.82,95,0,,official_observed_reference,fd7025de975a8d816510a12c5e3886f829833bcc609c6e95ef5175903f780a50
2024-08-01,NERIAMANGALAM,445,456.59,5.557,4.835,456.35,5.375,97,4.676,2.203,official_observed_reference,fd7025de975a8d816510a12c5e3886f829833bcc609c6e95ef5175903f780a50
2024-08-01,PORINGAL,405.689,423.976,30.356,10.625,419.2,17.75,58,6.213,6.213,official_observed_reference,fd7025de975a8d816510a12c5e3886f829833bcc609c6e95ef5175903f780a50
2024-08-01,SENGULAM (SBR),844.86,847.6,1.614,0.71,846.15,,0,0,,official_observed_reference,fd7025de975a8d816510a12c5e3886f829833bcc609c6e95ef5175903f780a50
2024-08-01,LOWER PERIYAR,237.74,253,4.55,2.093,253,4.55,100,2.093,2.093,official_observed_reference,fd7025de975a8d816510a12c5e3886f829833bcc609c6e95ef5175903f780a50
2024-08-01,KAKKAD,181.36,192.63,1.16,0.358,191.1,,0,0,,official_observed_reference,fd7025de975a8d816510a12c5e3886f829833bcc609c6e95ef5175903f780a50
2024-08-02,IDUKKI,694.944,732.43,1460,2190,721.431,890.94,61,1336.41,1309.682,official_observed_reference,b3e8f272cbf7f602ea523ddb1314e2b83892907eb92a1ef598bafa4770a49c2d
2024-08-02,PAMBA,963.168,986.332,31.001,59.46,971.4,7.55,51,471.157,396.848,official_observed_reference,b3e8f272cbf7f602ea523ddb1314e2b83892907eb92a1ef598bafa4770a49c2d
2024-08-02,KAKKI,908.304,981.456,446.542,856.467,966.395,238.1,0,0,,official_observed_reference,b3e8f272cbf7f602ea523ddb1314e2b83892907eb92a1ef598bafa4770a49c2d
2024-08-02,SHOLAYAR,779.374,811.68,149.23,152.065,807.354,112.745,76,114.887,75.201,official_observed_reference,b3e8f272cbf7f602ea523ddb1314e2b83892907eb92a1ef598bafa4770a49c2d
2024-08-02,IDAMALAYAR,115,169,1017.8,254.45,157.66,696.33,68,174.083,174.083,official_observed_reference,b3e8f272cbf7f602ea523ddb1314e2b83892907eb92a1ef598bafa4770a49c2d
2024-08-02,KUNDALA,1735.836,1758.696,7.787,22.738,1755.8,5.8,74,167.608,72.496,official_observed_reference,b3e8f272cbf7f602ea523ddb1314e2b83892907eb92a1ef598bafa4770a49c2d
2024-08-02,MADUPPATTY,1554.48,1599.59,55.217,161.234,1598.4,51.6,93,0,,official_observed_reference,b3e8f272cbf7f602ea523ddb1314e2b83892907eb92a1ef598bafa4770a49c2d
2024-08-02,KUTTIADI,737.616,758.037,33.99,42.827,757.885,33.6,99,273.231,264.557,official_observed_reference,b3e8f272cbf7f602ea523ddb1314e2b83892907eb92a1ef598bafa4770a49c2d
2024-08-02,THARIODE,750.5,775.6,201,253.26,774.15,183.25,91,0,,official_observed_reference,b3e8f272cbf7f602ea523ddb1314e2b83892907eb92a1ef598bafa4770a49c2d
2024-08-02,ANAYIRANKAL,1188,1207.008,48.968,65.616,1198.73,17.27,35,83.026,29.226,official_observed_reference,b3e8f272cbf7f602ea523ddb1314e2b83892907eb92a1ef598bafa4770a49c2d
2024-08-02,PONMUDI,678.8,707.745,47.4,63.516,707.15,44.69,94,0,,official_observed_reference,b3e8f272cbf7f602ea523ddb1314e2b83892907eb92a1ef598bafa4770a49c2d
2024-08-02,NERIAMANGALAM,445,456.59,5.557,4.835,456.4,5.41,97,4.707,2.217,official_observed_reference,b3e8f272cbf7f602ea523ddb1314e2b83892907eb92a1ef598bafa4770a49c2d
2024-08-02,PORINGAL,405.689,423.976,30.356,10.625,419.35,18.125,60,6.344,6.344,official_observed_reference,b3e8f272cbf7f602ea523ddb1314e2b83892907eb92a1ef598bafa4770a49c2d
2024-08-02,SENGULAM (SBR),844.86,847.6,1.614,0.71,846.8,,0,0,,official_observed_reference,b3e8f272cbf7f602ea523ddb1314e2b83892907eb92a1ef598bafa4770a49c2d
2024-08-02,LOWER PERIYAR,237.74,253,4.55,2.093,253,4.55,100,2.093,2.093,official_observed_reference,b3e8f272cbf7f602ea523ddb1314e2b83892907eb92a1ef598bafa4770a49c2d
2024-08-02,KAKKAD,181.36,192.63,1.16,0.358,191.4,,0,0,,official_observed_reference,b3e8f272cbf7f602ea523ddb1314e2b83892907eb92a1ef598bafa4770a49c2d
2024-08-03,IDUKKI,694.944,732.43,1460,2190,721.541,896.054,61,1344.081,1317.199,official_observed_reference,c1c61de3d0849b3ddbd33d633aeb91ab42d7c29b5829332083ea94d5367e0d44
2024-08-03,PAMBA,963.168,986.332,31.001,59.46,970.4,6.55,52,474.273,399.473,official_observed_reference,c1c61de3d0849b3ddbd33d633aeb91ab42d7c29b5829332083ea94d5367e0d44
2024-08-03,KAKKI,908.304,981.456,446.542,856.467,966.56,240.725,0,0,,official_observed_reference,c1c61de3d0849b3ddbd33d633aeb91ab42d7c29b5829332083ea94d5367e0d44
2024-08-03,SHOLAYAR,779.374,811.68,149.23,152.065,807.898,114.6,77,116.777,76.438,official_observed_reference,c1c61de3d0849b3ddbd33d633aeb91ab42d7c29b5829332083ea94d5367e0d44
2024-08-03,IDAMALAYAR,115,169,1017.8,254.45,157.8,699.9,69,174.975,174.975,official_observed_reference,c1c61de3d0849b3ddbd33d633aeb91ab42d7c29b5829332083ea94d5367e0d44
2024-08-03,KUNDALA,1735.836,1758.696,7.787,22.738,1756.1,5.9,76,165.856,71.738,official_observed_reference,c1c61de3d0849b3ddbd33d633aeb91ab42d7c29b5829332083ea94d5367e0d44
2024-08-03,MADUPPATTY,1554.48,1599.59,55.217,161.234,1598.5,50.9,92,0,,official_observed_reference,c1c61de3d0849b3ddbd33d633aeb91ab42d7c29b5829332083ea94d5367e0d44
2024-08-03,KUTTIADI,737.616,758.037,33.99,42.827,757.885,33.6,99,272.601,263.947,official_observed_reference,c1c61de3d0849b3ddbd33d633aeb91ab42d7c29b5829332083ea94d5367e0d44
2024-08-03,THARIODE,750.5,775.6,201,253.26,774.1,182.75,91,0,,official_observed_reference,c1c61de3d0849b3ddbd33d633aeb91ab42d7c29b5829332083ea94d5367e0d44
2024-08-03,ANAYIRANKAL,1188,1207.008,48.968,65.616,1198.85,17.63,36,83.013,29.222,official_observed_reference,c1c61de3d0849b3ddbd33d633aeb91ab42d7c29b5829332083ea94d5367e0d44
2024-08-03,PONMUDI,678.8,707.745,47.4,63.516,707,44.32,94,0,,official_observed_reference,c1c61de3d0849b3ddbd33d633aeb91ab42d7c29b5829332083ea94d5367e0d44
2024-08-03,NERIAMANGALAM,445,456.59,5.557,4.835,456.35,5.375,97,4.676,2.203,official_observed_reference,c1c61de3d0849b3ddbd33d633aeb91ab42d7c29b5829332083ea94d5367e0d44
2024-08-03,PORINGAL,405.689,423.976,30.356,10.625,420.05,19.875,65,6.956,6.956,official_observed_reference,c1c61de3d0849b3ddbd33d633aeb91ab42d7c29b5829332083ea94d5367e0d44
2024-08-03,SENGULAM (SBR),844.86,847.6,1.614,0.71,846.4,,0,0,,official_observed_reference,c1c61de3d0849b3ddbd33d633aeb91ab42d7c29b5829332083ea94d5367e0d44
2024-08-03,LOWER PERIYAR,237.74,253,4.55,2.093,253,4.55,100,2.093,2.093,official_observed_reference,c1c61de3d0849b3ddbd33d633aeb91ab42d7c29b5829332083ea94d5367e0d44
2024-08-03,KAKKAD,181.36,192.63,1.16,0.358,191.6,,0,0,,official_observed_reference,c1c61de3d0849b3ddbd33d633aeb91ab42d7c29b5829332083ea94d5367e0d44
2024-08-04,IDUKKI,694.944,732.43,1460,2190,721.626,900.035,62,1350.053,1323.051,official_observed_reference,387ad4cdd73fba1ad934b500452c4f9ce48176d7d27c7c7efa1da62753f25425
2024-08-04,PAMBA,963.168,986.332,31.001,59.46,969.45,5.6,52,474.849,399.957,official_observed_reference,387ad4cdd73fba1ad934b500452c4f9ce48176d7d27c7c7efa1da62753f25425
2024-08-04,KAKKI,908.304,981.456,446.542,856.467,966.688,241.975,0,0,,official_observed_reference,387ad4cdd73fba1ad934b500452c4f9ce48176d7d27c7c7efa1da62753f25425
2024-08-04,SHOLAYAR,779.374,811.68,149.23,152.065,807.72,115.563,77,117.758,77.08,official_observed_reference,387ad4cdd73fba1ad934b500452c4f9ce48176d7d27c7c7efa1da62753f25425
2024-08-04,IDAMALAYAR,115,169,1017.8,254.45,158.01,705.26,69,176.315,176.315,official_observed_reference,387ad4cdd73fba1ad934b500452c4f9ce48176d7d27c7c7efa1da62753f25425
2024-08-04,KUNDALA,1735.836,1758.696,7.787,22.738,1756.3,6.1,78,170.236,73.633,official_observed_reference,387ad4cdd73fba1ad934b500452c4f9ce48176d7d27c7c7efa1da62753f25425
2024-08-04,MADUPPATTY,1554.48,1599.59,55.217,161.234,1598.6,52.2,95,0,,official_observed_reference,387ad4cdd73fba1ad934b500452c4f9ce48176d7d27c7c7efa1da62753f25425
2024-08-04,KUTTIADI,737.616,758.037,33.99,42.827,757.796,33.372,98,270.927,262.326,official_observed_reference,387ad4cdd73fba1ad934b500452c4f9ce48176d7d27c7c7efa1da62753f25425
2024-08-04,THARIODE,750.5,775.6,201,253.26,774,181.65,90,0,,official_observed_reference,387ad4cdd73fba1ad934b500452c4f9ce48176d7d27c7c7efa1da62753f25425
2024-08-04,ANAYIRANKAL,1188,1207.008,48.968,65.616,1198.93,17.87,36,82.491,29.038,official_observed_reference,387ad4cdd73fba1ad934b500452c4f9ce48176d7d27c7c7efa1da62753f25425
2024-08-04,PONMUDI,678.8,707.745,47.4,63.516,706.75,43.69,92,0,,official_observed_reference,387ad4cdd73fba1ad934b500452c4f9ce48176d7d27c7c7efa1da62753f25425
2024-08-04,NERIAMANGALAM,445,456.59,5.557,4.835,456.4,5.41,97,4.707,2.217,official_observed_reference,387ad4cdd73fba1ad934b500452c4f9ce48176d7d27c7c7efa1da62753f25425
2024-08-04,PORINGAL,405.689,423.976,30.356,10.625,419.9,19.5,64,6.825,6.825,official_observed_reference,387ad4cdd73fba1ad934b500452c4f9ce48176d7d27c7c7efa1da62753f25425
2024-08-04,SENGULAM (SBR),844.86,847.6,1.614,0.71,846.7,,0,0,,official_observed_reference,387ad4cdd73fba1ad934b500452c4f9ce48176d7d27c7c7efa1da62753f25425
2024-08-04,LOWER PERIYAR,237.74,253,4.55,2.093,253,4.55,100,2.093,2.093,official_observed_reference,387ad4cdd73fba1ad934b500452c4f9ce48176d7d27c7c7efa1da62753f25425
2024-08-04,KAKKAD,181.36,192.63,1.16,0.358,189.2,,0,0,,official_observed_reference,387ad4cdd73fba1ad934b500452c4f9ce48176d7d27c7c7efa1da62753f25425
2024-08-05,IDUKKI,694.944,732.43,1460,2190,721.638,900.603,62,1350.905,1323.886,official_observed_reference,2586b3bdedb5b6b153ab8ef1339321b5646bd891eefb8cb033aaafa5c22dfe5b
2024-08-05,PAMBA,963.168,986.332,31.001,59.46,968.8,4.95,52,474.858,399.965,official_observed_reference,2586b3bdedb5b6b153ab8ef1339321b5646bd891eefb8cb033aaafa5c22dfe5b
2024-08-05,KAKKI,908.304,981.456,446.542,856.467,966.749,242.63,0,0,,official_observed_reference,2586b3bdedb5b6b153ab8ef1339321b5646bd891eefb8cb033aaafa5c22dfe5b
2024-08-05,SHOLAYAR,779.374,811.68,149.23,152.065,807.903,116.965,78,119.187,78.015,official_observed_reference,2586b3bdedb5b6b153ab8ef1339321b5646bd891eefb8cb033aaafa5c22dfe5b
2024-08-05,IDAMALAYAR,115,169,1017.8,254.45,158.19,709.985,70,177.496,177.496,official_observed_reference,2586b3bdedb5b6b153ab8ef1339321b5646bd891eefb8cb033aaafa5c22dfe5b
2024-08-05,KUNDALA,1735.836,1758.696,7.787,22.738,1756.5,6.22,80,171.462,74.163,official_observed_reference,2586b3bdedb5b6b153ab8ef1339321b5646bd891eefb8cb033aaafa5c22dfe5b
2024-08-05,MADUPPATTY,1554.48,1599.59,55.217,161.234,1598.7,52.5,95,0,,official_observed_reference,2586b3bdedb5b6b153ab8ef1339321b5646bd891eefb8cb033aaafa5c22dfe5b
2024-08-05,KUTTIADI,737.616,758.037,33.99,42.827,757.672,33.067,97,270.544,261.955,official_observed_reference,2586b3bdedb5b6b153ab8ef1339321b5646bd891eefb8cb033aaafa5c22dfe5b
2024-08-05,THARIODE,750.5,775.6,201,253.26,774,181.65,90,0,,official_observed_reference,2586b3bdedb5b6b153ab8ef1339321b5646bd891eefb8cb033aaafa5c22dfe5b
2024-08-05,ANAYIRANKAL,1188,1207.008,48.968,65.616,1199,18.08,37,82.611,29.08,official_observed_reference,2586b3bdedb5b6b153ab8ef1339321b5646bd891eefb8cb033aaafa5c22dfe5b
2024-08-05,PONMUDI,678.8,707.745,47.4,63.516,706.7,43.57,92,0,,official_observed_reference,2586b3bdedb5b6b153ab8ef1339321b5646bd891eefb8cb033aaafa5c22dfe5b
2024-08-05,NERIAMANGALAM,445,456.59,5.557,4.835,456.35,5.375,97,4.676,2.203,official_observed_reference,2586b3bdedb5b6b153ab8ef1339321b5646bd891eefb8cb033aaafa5c22dfe5b
2024-08-05,PORINGAL,405.689,423.976,30.356,10.625,419.8,19.25,63,6.738,6.738,official_observed_reference,2586b3bdedb5b6b153ab8ef1339321b5646bd891eefb8cb033aaafa5c22dfe5b
2024-08-05,SENGULAM (SBR),844.86,847.6,1.614,0.71,846.4,,0,0,,official_observed_reference,2586b3bdedb5b6b153ab8ef1339321b5646bd891eefb8cb033aaafa5c22dfe5b
2024-08-05,LOWER PERIYAR,237.74,253,4.55,2.093,253,4.55,100,2.093,2.093,official_observed_reference,2586b3bdedb5b6b153ab8ef1339321b5646bd891eefb8cb033aaafa5c22dfe5b
2024-08-05,KAKKAD,181.36,192.63,1.16,0.358,192,,0,0,,official_observed_reference,2586b3bdedb5b6b153ab8ef1339321b5646bd891eefb8cb033aaafa5c22dfe5b
2024-08-06,IDUKKI,694.944,732.43,1460,2190,721.657,901.456,62,1352.184,1325.14,official_observed_reference,cde9e0a25db2e4a2e86c47d1d8a99be2706ddd739698b2ea0b1fcef5641a0e85
2024-08-06,PAMBA,963.168,986.332,31.001,59.46,968.2,4.35,52,472.691,398.14,official_observed_reference,cde9e0a25db2e4a2e86c47d1d8a99be2706ddd739698b2ea0b1fcef5641a0e85
2024-08-06,KAKKI,908.304,981.456,446.542,856.467,966.7,242.1,0,0,,official_observed_reference,cde9e0a25db2e4a2e86c47d1d8a99be2706ddd739698b2ea0b1fcef5641a0e85
2024-08-06,SHOLAYAR,779.374,811.68,149.23,152.065,808.025,117.899,79,120.139,78.639,official_observed_reference,cde9e0a25db2e4a2e86c47d1d8a99be2706ddd739698b2ea0b1fcef5641a0e85
2024-08-06,IDAMALAYAR,115,169,1017.8,254.45,158.26,711.87,70,177.968,177.968,official_observed_reference,cde9e0a25db2e4a2e86c47d1d8a99be2706ddd739698b2ea0b1fcef5641a0e85
2024-08-06,KUNDALA,1735.836,1758.696,7.787,22.738,1756.75,6.375,82,171.477,74.17,official_observed_reference,cde9e0a25db2e4a2e86c47d1d8a99be2706ddd739698b2ea0b1fcef5641a0e85
2024-08-06,MADUPPATTY,1554.48,1599.59,55.217,161.234,1598.65,52.35,95,0,,official_observed_reference,cde9e0a25db2e4a2e86c47d1d8a99be2706ddd739698b2ea0b1fcef5641a0e85
2024-08-06,KUTTIADI,737.616,758.037,33.99,42.827,757.459,32.534,96,270.501,261.914,official_observed_reference,cde9e0a25db2e4a2e86c47d1d8a99be2706ddd739698b2ea0b1fcef5641a0e85
2024-08-06,THARIODE,750.5,775.6,201,253.26,774.05,182.15,91,0,,official_observed_reference,cde9e0a25db2e4a2e86c47d1d8a99be2706ddd739698b2ea0b1fcef5641a0e85
2024-08-06,ANAYIRANKAL,1188,1207.008,48.968,65.616,1199.09,18.35,37,82.638,29.09,official_observed_reference,cde9e0a25db2e4a2e86c47d1d8a99be2706ddd739698b2ea0b1fcef5641a0e85
2024-08-06,PONMUDI,678.8,707.745,47.4,63.516,706.6,43.32,91,0,,official_observed_reference,cde9e0a25db2e4a2e86c47d1d8a99be2706ddd739698b2ea0b1fcef5641a0e85
2024-08-06,NERIAMANGALAM,445,456.59,5.557,4.835,456.35,5.375,97,4.676,2.203,official_observed_reference,cde9e0a25db2e4a2e86c47d1d8a99be2706ddd739698b2ea0b1fcef5641a0e85
2024-08-06,PORINGAL,405.689,423.976,30.356,10.625,419.75,19.125,63,6.694,6.694,official_observed_reference,cde9e0a25db2e4a2e86c47d1d8a99be2706ddd739698b2ea0b1fcef5641a0e85
2024-08-06,SENGULAM (SBR),844.86,847.6,1.614,0.71,846.55,,0,0,,official_observed_reference,cde9e0a25db2e4a2e86c47d1d8a99be2706ddd739698b2ea0b1fcef5641a0e85
2024-08-06,LOWER PERIYAR,237.74,253,4.55,2.093,253,4.55,100,2.093,2.093,official_observed_reference,cde9e0a25db2e4a2e86c47d1d8a99be2706ddd739698b2ea0b1fcef5641a0e85
2024-08-06,KAKKAD,181.36,192.63,1.16,0.358,192.2,,0,0,,official_observed_reference,cde9e0a25db2e4a2e86c47d1d8a99be2706ddd739698b2ea0b1fcef5641a0e85
2024-08-07,IDUKKI,694.944,732.43,1460,2190,721.657,901.456,62,1352.184,1325.14,official_observed_reference,97d8a039abd2925732d4ba833e5efd51c66831a65b869ddcc62c377d45ab7f7e
2024-08-07,PAMBA,963.168,986.332,31.001,59.46,967.8,3.95,51,471.684,397.292,official_observed_reference,97d8a039abd2925732d4ba833e5efd51c66831a65b869ddcc62c377d45ab7f7e
2024-08-07,KAKKI,908.304,981.456,446.542,856.467,966.682,241.975,0,0,,official_observed_reference,97d8a039abd2925732d4ba833e5efd51c66831a65b869ddcc62c377d45ab7f7e
2024-08-07,SHOLAYAR,779.374,811.68,149.23,152.065,808.208,119.216,80,121.481,79.517,official_observed_reference,97d8a039abd2925732d4ba833e5efd51c66831a65b869ddcc62c377d45ab7f7e
2024-08-07,IDAMALAYAR,115,169,1017.8,254.45,158.32,713.49,70,178.373,178.373,official_observed_reference,97d8a039abd2925732d4ba833e5efd51c66831a65b869ddcc62c377d45ab7f7e
2024-08-07,KUNDALA,1735.836,1758.696,7.787,22.738,1756.95,6.515,84,171.01,73.968,official_observed_reference,97d8a039abd2925732d4ba833e5efd51c66831a65b869ddcc62c377d45ab7f7e
2024-08-07,MADUPPATTY,1554.48,1599.59,55.217,161.234,1598.55,52.05,94,0,,official_observed_reference,97d8a039abd2925732d4ba833e5efd51c66831a65b869ddcc62c377d45ab7f7e
2024-08-07,KUTTIADI,737.616,758.037,33.99,42.827,757.154,31.771,93,270.296,261.716,official_observed_reference,97d8a039abd2925732d4ba833e5efd51c66831a65b869ddcc62c377d45ab7f7e
2024-08-07,THARIODE,750.5,775.6,201,253.26,774.1,182.75,91,0,,official_observed_reference,97d8a039abd2925732d4ba833e5efd51c66831a65b869ddcc62c377d45ab7f7e
2024-08-07,ANAYIRANKAL,1188,1207.008,48.968,65.616,1199.26,18.86,39,82.812,29.151,official_observed_reference,97d8a039abd2925732d4ba833e5efd51c66831a65b869ddcc62c377d45ab7f7e
2024-08-07,PONMUDI,678.8,707.745,47.4,63.516,706.45,42.94,91,0,,official_observed_reference,97d8a039abd2925732d4ba833e5efd51c66831a65b869ddcc62c377d45ab7f7e
2024-08-07,NERIAMANGALAM,445,456.59,5.557,4.835,456.45,5.445,98,4.737,2.231,official_observed_reference,97d8a039abd2925732d4ba833e5efd51c66831a65b869ddcc62c377d45ab7f7e
2024-08-07,PORINGAL,405.689,423.976,30.356,10.625,419.6,18.75,62,6.563,6.563,official_observed_reference,97d8a039abd2925732d4ba833e5efd51c66831a65b869ddcc62c377d45ab7f7e
2024-08-07,SENGULAM (SBR),844.86,847.6,1.614,0.71,846.4,,0,0,,official_observed_reference,97d8a039abd2925732d4ba833e5efd51c66831a65b869ddcc62c377d45ab7f7e
2024-08-07,LOWER PERIYAR,237.74,253,4.55,2.093,252.9,4.51,99,2.075,2.075,official_observed_reference,97d8a039abd2925732d4ba833e5efd51c66831a65b869ddcc62c377d45ab7f7e
2024-08-07,KAKKAD,181.36,192.63,1.16,0.358,190.25,,0,0,,official_observed_reference,97d8a039abd2925732d4ba833e5efd51c66831a65b869ddcc62c377d45ab7f7e
2024-08-08,IDUKKI,694.944,732.43,1460,2190,721.663,901.74,62,1352.61,1325.558,official_observed_reference,76a22551da06e260583428dc6b3e5daeb046a8c23a7639be20ef3ebeaecee513
2024-08-08,PAMBA,963.168,986.332,31.001,59.46,967.5,3.65,51,469.191,395.192,official_observed_reference,76a22551da06e260583428dc6b3e5daeb046a8c23a7639be20ef3ebeaecee513
2024-08-08,KAKKI,908.304,981.456,446.542,856.467,966.59,240.975,0,0,,official_observed_reference,76a22551da06e260583428dc6b3e5daeb046a8c23a7639be20ef3ebeaecee513
2024-08-08,SHOLAYAR,779.374,811.68,149.23,152.065,808.391,120.632,81,122.924,80.462,official_observed_reference,76a22551da06e260583428dc6b3e5daeb046a8c23a7639be20ef3ebeaecee513
2024-08-08,IDAMALAYAR,115,169,1017.8,254.45,158.38,715.11,70,178.778,178.778,official_observed_reference,76a22551da06e260583428dc6b3e5daeb046a8c23a7639be20ef3ebeaecee513
2024-08-08,KUNDALA,1735.836,1758.696,7.787,22.738,1757.1,6.62,85,170.878,73.911,official_observed_reference,76a22551da06e260583428dc6b3e5daeb046a8c23a7639be20ef3ebeaecee513
2024-08-08,MADUPPATTY,1554.48,1599.59,55.217,161.234,1598.5,51.9,94,0,,official_observed_reference,76a22551da06e260583428dc6b3e5daeb046a8c23a7639be20ef3ebeaecee513
2024-08-08,KUTTIADI,737.616,758.037,33.99,42.827,756.91,31.163,92,269.53,260.973,official_observed_reference,76a22551da06e260583428dc6b3e5daeb046a8c23a7639be20ef3ebeaecee513
2024-08-08,THARIODE,750.5,775.6,201,253.26,774.1,182.75,91,0,,official_observed_reference,76a22551da06e260583428dc6b3e5daeb046a8c23a7639be20ef3ebeaecee513
2024-08-08,ANAYIRANKAL,1188,1207.008,48.968,65.616,1199.3,18.98,39,82.477,29.033,official_observed_reference,76a22551da06e260583428dc6b3e5daeb046a8c23a7639be20ef3ebeaecee513
2024-08-08,PONMUDI,678.8,707.745,47.4,63.516,706.3,42.57,90,0,,official_observed_reference,76a22551da06e260583428dc6b3e5daeb046a8c23a7639be20ef3ebeaecee513
2024-08-08,NERIAMANGALAM,445,456.59,5.557,4.835,456.4,5.41,97,4.707,2.217,official_observed_reference,76a22551da06e260583428dc6b3e5daeb046a8c23a7639be20ef3ebeaecee513
2024-08-08,PORINGAL,405.689,423.976,30.356,10.625,419.55,18.625,61,6.519,6.519,official_observed_reference,76a22551da06e260583428dc6b3e5daeb046a8c23a7639be20ef3ebeaecee513
2024-08-08,SENGULAM (SBR),844.86,847.6,1.614,0.71,846.4,,0,0,,official_observed_reference,76a22551da06e260583428dc6b3e5daeb046a8c23a7639be20ef3ebeaecee513
2024-08-08,LOWER PERIYAR,237.74,253,4.55,2.093,252.8,4.45,98,2.047,2.047,official_observed_reference,76a22551da06e260583428dc6b3e5daeb046a8c23a7639be20ef3ebeaecee513
2024-08-08,KAKKAD,181.36,192.63,1.16,0.358,191.6,,0,0,,official_observed_reference,76a22551da06e260583428dc6b3e5daeb046a8c23a7639be20ef3ebeaecee513
2024-08-09,IDUKKI,694.944,732.43,1460,2190,721.663,901.74,62,1352.61,1325.558,official_observed_reference,5f558d38c739df1404acd6efff051f3957a5670bfd5d39a9e0a8b88f5adbcb5c
2024-08-09,PAMBA,963.168,986.332,31.001,59.46,967.2,3.35,51,467.896,394.101,official_observed_reference,5f558d38c739df1404acd6efff051f3957a5670bfd5d39a9e0a8b88f5adbcb5c
2024-08-09,KAKKI,908.304,981.456,446.542,856.467,966.55,240.6,0,0,,official_observed_reference,5f558d38c739df1404acd6efff051f3957a5670bfd5d39a9e0a8b88f5adbcb5c
2024-08-09,SHOLAYAR,779.374,811.68,149.23,152.065,808.543,121.807,82,124.122,81.245,official_observed_reference,5f558d38c739df1404acd6efff051f3957a5670bfd5d39a9e0a8b88f5adbcb5c
2024-08-09,IDAMALAYAR,115,169,1017.8,254.45,158.38,715.11,70,178.778,178.778,official_observed_reference,5f558d38c739df1404acd6efff051f3957a5670bfd5d39a9e0a8b88f5adbcb5c
2024-08-09,KUNDALA,1735.836,1758.696,7.787,22.738,1757.25,6.725,86,171.185,74.043,official_observed_reference,5f558d38c739df1404acd6efff051f3957a5670bfd5d39a9e0a8b88f5adbcb5c
2024-08-09,MADUPPATTY,1554.48,1599.59,55.217,161.234,1598.5,51.9,94,0,,official_observed_reference,5f558d38c739df1404acd6efff051f3957a5670bfd5d39a9e0a8b88f5adbcb5c
2024-08-09,KUTTIADI,737.616,758.037,33.99,42.827,756.789,30.859,91,269.147,260.602,official_observed_reference,5f558d38c739df1404acd6efff051f3957a5670bfd5d39a9e0a8b88f5adbcb5c
2024-08-09,THARIODE,750.5,775.6,201,253.26,774.1,182.75,91,0,,official_observed_reference,5f558d38c739df1404acd6efff051f3957a5670bfd5d39a9e0a8b88f5adbcb5c
2024-08-09,ANAYIRANKAL,1188,1207.008,48.968,65.616,1199.33,19.07,39,81.927,28.84,official_observed_reference,5f558d38c739df1404acd6efff051f3957a5670bfd5d39a9e0a8b88f5adbcb5c
2024-08-09,PONMUDI,678.8,707.745,47.4,63.516,706.1,42.07,89,0,,official_observed_reference,5f558d38c739df1404acd6efff051f3957a5670bfd5d39a9e0a8b88f5adbcb5c
2024-08-09,NERIAMANGALAM,445,456.59,5.557,4.835,456.35,5.375,97,4.676,2.203,official_observed_reference,5f558d38c739df1404acd6efff051f3957a5670bfd5d39a9e0a8b88f5adbcb5c
2024-08-09,PORINGAL,405.689,423.976,30.356,10.625,419.5,18.5,61,6.475,6.475,official_observed_reference,5f558d38c739df1404acd6efff051f3957a5670bfd5d39a9e0a8b88f5adbcb5c
2024-08-09,SENGULAM (SBR),844.86,847.6,1.614,0.71,846.75,,0,0,,official_observed_reference,5f558d38c739df1404acd6efff051f3957a5670bfd5d39a9e0a8b88f5adbcb5c
2024-08-09,LOWER PERIYAR,237.74,253,4.55,2.093,252.4,4.29,94,1.973,1.973,official_observed_reference,5f558d38c739df1404acd6efff051f3957a5670bfd5d39a9e0a8b88f5adbcb5c
2024-08-09,KAKKAD,181.36,192.63,1.16,0.358,186,,0,0,,official_observed_reference,5f558d38c739df1404acd6efff051f3957a5670bfd5d39a9e0a8b88f5adbcb5c
2024-08-10,IDUKKI,694.944,732.43,1460,2190,721.651,901.172,62,1351.758,1324.723,official_observed_reference,9dab9c03e20a095cb2efbe9e44bed6cd324bd0ef447620ac7621c1f568f6c9ea
2024-08-10,PAMBA,963.168,986.332,31.001,59.46,967,3.15,51,466.314,392.768,official_observed_reference,9dab9c03e20a095cb2efbe9e44bed6cd324bd0ef447620ac7621c1f568f6c9ea
2024-08-10,KAKKI,908.304,981.456,446.542,856.467,966.49,239.975,0,0,,official_observed_reference,9dab9c03e20a095cb2efbe9e44bed6cd324bd0ef447620ac7621c1f568f6c9ea
2024-08-10,SHOLAYAR,779.374,811.68,149.23,152.065,808.634,122.572,82,124.901,81.756,official_observed_reference,9dab9c03e20a095cb2efbe9e44bed6cd324bd0ef447620ac7621c1f568f6c9ea
2024-08-10,IDAMALAYAR,115,169,1017.8,254.45,158.37,714.84,70,178.71,178.71,official_observed_reference,9dab9c03e20a095cb2efbe9e44bed6cd324bd0ef447620ac7621c1f568f6c9ea
2024-08-10,KUNDALA,1735.836,1758.696,7.787,22.738,1757.4,6.83,88,171.054,73.987,official_observed_reference,9dab9c03e20a095cb2efbe9e44bed6cd324bd0ef447620ac7621c1f568f6c9ea
2024-08-10,MADUPPATTY,1554.48,1599.59,55.217,161.234,1598.45,51.75,94,0,,official_observed_reference,9dab9c03e20a095cb2efbe9e44bed6cd324bd0ef447620ac7621c1f568f6c9ea
2024-08-10,KUTTIADI,737.616,758.037,33.99,42.827,756.335,29.715,87,267.706,259.207,official_observed_reference,9dab9c03e20a095cb2efbe9e44bed6cd324bd0ef447620ac7621c1f568f6c9ea
2024-08-10,THARIODE,750.5,775.6,201,253.26,774.1,182.75,91,0,,official_observed_reference,9dab9c03e20a095cb2efbe9e44bed6cd324bd0ef447620ac7621c1f568f6c9ea
2024-08-10,ANAYIRANKAL,1188,1207.008,48.968,65.616,1199.64,20,41,82.839,29.16,official_observed_reference,9dab9c03e20a095cb2efbe9e44bed6cd324bd0ef447620ac7621c1f568f6c9ea
2024-08-10,PONMUDI,678.8,707.745,47.4,63.516,706,41.82,88,0,,official_observed_reference,9dab9c03e20a095cb2efbe9e44bed6cd324bd0ef447620ac7621c1f568f6c9ea
2024-08-10,NERIAMANGALAM,445,456.59,5.557,4.835,456.35,5.375,97,4.676,2.203,official_observed_reference,9dab9c03e20a095cb2efbe9e44bed6cd324bd0ef447620ac7621c1f568f6c9ea
2024-08-10,PORINGAL,405.689,423.976,30.356,10.625,419.4,18.25,60,6.388,6.388,official_observed_reference,9dab9c03e20a095cb2efbe9e44bed6cd324bd0ef447620ac7621c1f568f6c9ea
2024-08-10,SENGULAM (SBR),844.86,847.6,1.614,0.71,846.45,,0,0,,official_observed_reference,9dab9c03e20a095cb2efbe9e44bed6cd324bd0ef447620ac7621c1f568f6c9ea
2024-08-10,LOWER PERIYAR,237.74,253,4.55,2.093,251.5,3.91,86,1.799,1.799,official_observed_reference,9dab9c03e20a095cb2efbe9e44bed6cd324bd0ef447620ac7621c1f568f6c9ea
2024-08-10,KAKKAD,181.36,192.63,1.16,0.358,189.35,,0,0,,official_observed_reference,9dab9c03e20a095cb2efbe9e44bed6cd324bd0ef447620ac7621c1f568f6c9ea
2024-08-11,IDUKKI,694.944,732.43,1460,2190,721.705,903.73,62,1355.595,1328.483,official_observed_reference,70c2120ae02b89a07e3815096d0b06367e95829fb48ada088267d8cef9a67ed0
2024-08-11,PAMBA,963.168,986.332,31.001,59.46,967,3.15,51,468.472,394.586,official_observed_reference,70c2120ae02b89a07e3815096d0b06367e95829fb48ada088267d8cef9a67ed0
2024-08-11,KAKKI,908.304,981.456,446.542,856.467,966.603,241.1,0,0,,official_observed_reference,70c2120ae02b89a07e3815096d0b06367e95829fb48ada088267d8cef9a67ed0
2024-08-11,SHOLAYAR,779.374,811.68,149.23,152.065,808.756,123.535,83,125.882,82.398,official_observed_reference,70c2120ae02b89a07e3815096d0b06367e95829fb48ada088267d8cef9a67ed0
2024-08-11,IDAMALAYAR,115,169,1017.8,254.45,158.37,714.84,70,178.71,178.71,official_observed_reference,70c2120ae02b89a07e3815096d0b06367e95829fb48ada088267d8cef9a67ed0
2024-08-11,KUNDALA,1735.836,1758.696,7.787,22.738,1757.6,6.97,90,171.024,73.974,official_observed_reference,70c2120ae02b89a07e3815096d0b06367e95829fb48ada088267d8cef9a67ed0
2024-08-11,MADUPPATTY,1554.48,1599.59,55.217,161.234,1598.4,51.6,93,0,,official_observed_reference,70c2120ae02b89a07e3815096d0b06367e95829fb48ada088267d8cef9a67ed0
2024-08-11,KUTTIADI,737.616,758.037,33.99,42.827,755.965,28.8,85,265.797,257.359,official_observed_reference,70c2120ae02b89a07e3815096d0b06367e95829fb48ada088267d8cef9a67ed0
2024-08-11,THARIODE,750.5,775.6,201,253.26,774.05,182.15,91,0,,official_observed_reference,70c2120ae02b89a07e3815096d0b06367e95829fb48ada088267d8cef9a67ed0
2024-08-11,ANAYIRANKAL,1188,1207.008,48.968,65.616,1199.8,20.48,42,83.482,29.387,official_observed_reference,70c2120ae02b89a07e3815096d0b06367e95829fb48ada088267d8cef9a67ed0
2024-08-11,PONMUDI,678.8,707.745,47.4,63.516,706,41.82,88,0,,official_observed_reference,70c2120ae02b89a07e3815096d0b06367e95829fb48ada088267d8cef9a67ed0
2024-08-11,NERIAMANGALAM,445,456.59,5.557,4.835,456.35,5.375,97,4.676,2.203,official_observed_reference,70c2120ae02b89a07e3815096d0b06367e95829fb48ada088267d8cef9a67ed0
2024-08-11,PORINGAL,405.689,423.976,30.356,10.625,419.2,17.75,58,6.213,6.213,official_observed_reference,70c2120ae02b89a07e3815096d0b06367e95829fb48ada088267d8cef9a67ed0
2024-08-11,SENGULAM (SBR),844.86,847.6,1.614,0.71,846.6,,0,0,,official_observed_reference,70c2120ae02b89a07e3815096d0b06367e95829fb48ada088267d8cef9a67ed0
2024-08-11,LOWER PERIYAR,237.74,253,4.55,2.093,253,4.55,100,2.093,2.093,official_observed_reference,70c2120ae02b89a07e3815096d0b06367e95829fb48ada088267d8cef9a67ed0
2024-08-11,KAKKAD,181.36,192.63,1.16,0.358,189.35,,0,0,,official_observed_reference,70c2120ae02b89a07e3815096d0b06367e95829fb48ada088267d8cef9a67ed0
2024-08-13,IDUKKI,694.944,732.43,1460,2190,721.76,906.289,62,1359.434,1332.245,official_observed_reference,37e1dfd6f3c8cf02b92826024975ed6f7c8cb26be2fdd5d09b627247b5ac79fe
2024-08-13,PAMBA,963.168,986.332,31.001,59.46,967,3.15,51,467.033,393.374,official_observed_reference,37e1dfd6f3c8cf02b92826024975ed6f7c8cb26be2fdd5d09b627247b5ac79fe
2024-08-13,KAKKI,908.304,981.456,446.542,856.467,966.52,240.35,0,0,,official_observed_reference,37e1dfd6f3c8cf02b92826024975ed6f7c8cb26be2fdd5d09b627247b5ac79fe
2024-08-13,SHOLAYAR,779.374,811.68,149.23,152.065,809.002,125.687,84,128.075,83.833,official_observed_reference,37e1dfd6f3c8cf02b92826024975ed6f7c8cb26be2fdd5d09b627247b5ac79fe
2024-08-13,IDAMALAYAR,115,169,1017.8,254.45,158.44,716.73,70,179.183,179.183,official_observed_reference,37e1dfd6f3c8cf02b92826024975ed6f7c8cb26be2fdd5d09b627247b5ac79fe
2024-08-13,KUNDALA,1735.836,1758.696,7.787,22.738,1758.3,7.47,96,173.36,74.984,official_observed_reference,37e1dfd6f3c8cf02b92826024975ed6f7c8cb26be2fdd5d09b627247b5ac79fe
2024-08-13,MADUPPATTY,1554.48,1599.59,55.217,161.234,1598.5,51.9,94,0,,official_observed_reference,37e1dfd6f3c8cf02b92826024975ed6f7c8cb26be2fdd5d09b627247b5ac79fe
2024-08-13,KUTTIADI,737.616,758.037,33.99,42.827,755.417,27.43,81,263.44,255.077,official_observed_reference,37e1dfd6f3c8cf02b92826024975ed6f7c8cb26be2fdd5d09b627247b5ac79fe
2024-08-13,THARIODE,750.5,775.6,201,253.26,774,181.65,90,0,,official_observed_reference,37e1dfd6f3c8cf02b92826024975ed6f7c8cb26be2fdd5d09b627247b5ac79fe
2024-08-13,ANAYIRANKAL,1188,1207.008,48.968,65.616,1200.61,22.915,47,87.911,30.946,official_observed_reference,37e1dfd6f3c8cf02b92826024975ed6f7c8cb26be2fdd5d09b627247b5ac79fe
2024-08-13,PONMUDI,678.8,707.745,47.4,63.516,706.35,42.69,90,0,,official_observed_reference,37e1dfd6f3c8cf02b92826024975ed6f7c8cb26be2fdd5d09b627247b5ac79fe
2024-08-13,NERIAMANGALAM,445,456.59,5.557,4.835,456.4,5.41,97,4.707,2.217,official_observed_reference,37e1dfd6f3c8cf02b92826024975ed6f7c8cb26be2fdd5d09b627247b5ac79fe
2024-08-13,PORINGAL,405.689,423.976,30.356,10.625,419.5,18.5,61,6.475,6.475,official_observed_reference,37e1dfd6f3c8cf02b92826024975ed6f7c8cb26be2fdd5d09b627247b5ac79fe
2024-08-13,SENGULAM (SBR),844.86,847.6,1.614,0.71,846.45,,0,0,,official_observed_reference,37e1dfd6f3c8cf02b92826024975ed6f7c8cb26be2fdd5d09b627247b5ac79fe
2024-08-13,LOWER PERIYAR,237.74,253,4.55,2.093,253,4.55,100,2.093,2.093,official_observed_reference,37e1dfd6f3c8cf02b92826024975ed6f7c8cb26be2fdd5d09b627247b5ac79fe
2024-08-13,KAKKAD,181.36,192.63,1.16,0.358,189.2,,0,0,,official_observed_reference,37e1dfd6f3c8cf02b92826024975ed6f7c8cb26be2fdd5d09b627247b5ac79fe
2024-08-14,IDUKKI,694.944,732.43,1460,2190,721.754,906.005,62,1359.008,1331.827,official_observed_reference,a501c66336b0bab6e0ab9929ffc3723f765f8054dfcf29e0cd3ac71c4106576f
2024-08-14,PAMBA,963.168,986.332,31.001,59.46,967.05,3.2,51,465.93,392.445,official_observed_reference,a501c66336b0bab6e0ab9929ffc3723f765f8054dfcf29e0cd3ac71c4106576f
2024-08-14,KAKKI,908.304,981.456,446.542,856.467,966.457,239.725,0,0,,official_observed_reference,a501c66336b0bab6e0ab9929ffc3723f765f8054dfcf29e0cd3ac71c4106576f
2024-08-14,SHOLAYAR,779.374,811.68,149.23,152.065,809.092,126.424,85,128.826,84.324,official_observed_reference,a501c66336b0bab6e0ab9929ffc3723f765f8054dfcf29e0cd3ac71c4106576f
2024-08-14,IDAMALAYAR,115,169,1017.8,254.45,158.4,715.65,70,178.913,178.913,official_observed_reference,a501c66336b0bab6e0ab9929ffc3723f765f8054dfcf29e0cd3ac71c4106576f
2024-08-14,KUNDALA,1735.836,1758.696,7.787,22.738,1758.35,7.51,96,173.915,75.224,official_observed_reference,a501c66336b0bab6e0ab9929ffc3723f765f8054dfcf29e0cd3ac71c4106576f
2024-08-14,MADUPPATTY,1554.48,1599.59,55.217,161.234,1598.55,52.05,94,0,,official_observed_reference,a501c66336b0bab6e0ab9929ffc3723f765f8054dfcf29e0cd3ac71c4106576f
2024-08-14,KUTTIADI,737.616,758.037,33.99,42.827,754.899,26.133,77,261.807,253.495,official_observed_reference,a501c66336b0bab6e0ab9929ffc3723f765f8054dfcf29e0cd3ac71c4106576f
2024-08-14,THARIODE,750.5,775.6,201,253.26,774,181.65,90,0,,official_observed_reference,a501c66336b0bab6e0ab9929ffc3723f765f8054dfcf29e0cd3ac71c4106576f
2024-08-14,ANAYIRANKAL,1188,1207.008,48.968,65.616,1200.94,24.07,49,90.302,31.788,official_observed_reference,a501c66336b0bab6e0ab9929ffc3723f765f8054dfcf29e0cd3ac71c4106576f
2024-08-14,PONMUDI,678.8,707.745,47.4,63.516,706.6,43.32,91,0,,official_observed_reference,a501c66336b0bab6e0ab9929ffc3723f765f8054dfcf29e0cd3ac71c4106576f
2024-08-14,NERIAMANGALAM,445,456.59,5.557,4.835,456.45,5.445,98,4.737,2.231,official_observed_reference,a501c66336b0bab6e0ab9929ffc3723f765f8054dfcf29e0cd3ac71c4106576f
2024-08-14,PORINGAL,405.689,423.976,30.356,10.625,419.65,18.875,62,6.606,6.606,official_observed_reference,a501c66336b0bab6e0ab9929ffc3723f765f8054dfcf29e0cd3ac71c4106576f
2024-08-14,SENGULAM (SBR),844.86,847.6,1.614,0.71,846.65,,0,0,,official_observed_reference,a501c66336b0bab6e0ab9929ffc3723f765f8054dfcf29e0cd3ac71c4106576f
2024-08-14,LOWER PERIYAR,237.74,253,4.55,2.093,253,4.55,100,2.093,2.093,official_observed_reference,a501c66336b0bab6e0ab9929ffc3723f765f8054dfcf29e0cd3ac71c4106576f
2024-08-14,KAKKAD,181.36,192.63,1.16,0.358,189.7,,0,0,,official_observed_reference,a501c66336b0bab6e0ab9929ffc3723f765f8054dfcf29e0cd3ac71c4106576f
2024-08-15,IDUKKI,694.944,732.43,1460,2190,721.779,907.141,62,1360.712,1333.497,official_observed_reference,de6be82016cb8c2d543cb8ce32e38d76af883699ec07cab3cc9cf23d26af83da
2024-08-15,PAMBA,963.168,986.332,31.001,59.46,966.9,3.05,51,464.923,391.597,official_observed_reference,de6be82016cb8c2d543cb8ce32e38d76af883699ec07cab3cc9cf23d26af83da
2024-08-15,KAKKI,908.304,981.456,446.542,856.467,966.42,239.35,0,0,,official_observed_reference,de6be82016cb8c2d543cb8ce32e38d76af883699ec07cab3cc9cf23d26af83da
2024-08-15,SHOLAYAR,779.374,811.68,149.23,152.065,809.183,127.16,85,129.576,84.816,official_observed_reference,de6be82016cb8c2d543cb8ce32e38d76af883699ec07cab3cc9cf23d26af83da
2024-08-15,IDAMALAYAR,115,169,1017.8,254.45,158.32,713.49,70,178.373,178.373,official_observed_reference,de6be82016cb8c2d543cb8ce32e38d76af883699ec07cab3cc9cf23d26af83da
2024-08-15,KUNDALA,1735.836,1758.696,7.787,22.738,1758.35,7.51,96,174.353,75.414,official_observed_reference,de6be82016cb8c2d543cb8ce32e38d76af883699ec07cab3cc9cf23d26af83da
2024-08-15,MADUPPATTY,1554.48,1599.59,55.217,161.234,1598.6,52.2,95,0,,official_observed_reference,de6be82016cb8c2d543cb8ce32e38d76af883699ec07cab3cc9cf23d26af83da
2024-08-15,KUTTIADI,737.616,758.037,33.99,42.827,754.35,24.764,73,260.082,251.825,official_observed_reference,de6be82016cb8c2d543cb8ce32e38d76af883699ec07cab3cc9cf23d26af83da
2024-08-15,THARIODE,750.5,775.6,201,253.26,774,181.65,90,0,,official_observed_reference,de6be82016cb8c2d543cb8ce32e38d76af883699ec07cab3cc9cf23d26af83da
2024-08-15,ANAYIRANKAL,1188,1207.008,48.968,65.616,1201.13,24.735,51,91.194,32.102,official_observed_reference,de6be82016cb8c2d543cb8ce32e38d76af883699ec07cab3cc9cf23d26af83da
2024-08-15,PONMUDI,678.8,707.745,47.4,63.516,706.6,43.32,91,0,,official_observed_reference,de6be82016cb8c2d543cb8ce32e38d76af883699ec07cab3cc9cf23d26af83da
2024-08-15,NERIAMANGALAM,445,456.59,5.557,4.835,456.45,5.445,98,4.737,2.231,official_observed_reference,de6be82016cb8c2d543cb8ce32e38d76af883699ec07cab3cc9cf23d26af83da
2024-08-15,PORINGAL,405.689,423.976,30.356,10.625,419.5,18.5,61,6.475,6.475,official_observed_reference,de6be82016cb8c2d543cb8ce32e38d76af883699ec07cab3cc9cf23d26af83da
2024-08-15,SENGULAM (SBR),844.86,847.6,1.614,0.71,846.6,,0,0,,official_observed_reference,de6be82016cb8c2d543cb8ce32e38d76af883699ec07cab3cc9cf23d26af83da
2024-08-15,LOWER PERIYAR,237.74,253,4.55,2.093,252.9,4.51,99,2.075,2.075,official_observed_reference,de6be82016cb8c2d543cb8ce32e38d76af883699ec07cab3cc9cf23d26af83da
2024-08-15,KAKKAD,181.36,192.63,1.16,0.358,191.2,,0,0,,official_observed_reference,de6be82016cb8c2d543cb8ce32e38d76af883699ec07cab3cc9cf23d26af83da
2024-08-16,IDUKKI,694.944,732.43,1460,2190,721.766,906.573,62,1359.86,1332.662,official_observed_reference,9ee8de9dc0eccf6403898a48c115349959a4cbfb99ad26d882abff362efdf704
2024-08-16,PAMBA,963.168,986.332,31.001,59.46,967.05,3.2,51,467.848,394.061,official_observed_reference,9ee8de9dc0eccf6403898a48c115349959a4cbfb99ad26d882abff362efdf704
2024-08-16,KAKKI,908.304,981.456,446.542,856.467,966.56,240.725,0,0,,official_observed_reference,9ee8de9dc0eccf6403898a48c115349959a4cbfb99ad26d882abff362efdf704
2024-08-16,SHOLAYAR,779.374,811.68,149.23,152.065,809.244,127.698,86,130.124,85.174,official_observed_reference,9ee8de9dc0eccf6403898a48c115349959a4cbfb99ad26d882abff362efdf704
2024-08-16,IDAMALAYAR,115,169,1017.8,254.45,158.31,713.22,70,178.305,178.305,official_observed_reference,9ee8de9dc0eccf6403898a48c115349959a4cbfb99ad26d882abff362efdf704
2024-08-16,KUNDALA,1735.836,1758.696,7.787,22.738,1758.35,7.51,96,174.353,75.414,official_observed_reference,9ee8de9dc0eccf6403898a48c115349959a4cbfb99ad26d882abff362efdf704
2024-08-16,MADUPPATTY,1554.48,1599.59,55.217,161.234,1598.6,52.2,95,0,,official_observed_reference,9ee8de9dc0eccf6403898a48c115349959a4cbfb99ad26d882abff362efdf704
2024-08-16,KUTTIADI,737.616,758.037,33.99,42.827,753.893,23.618,69,257.756,249.573,official_observed_reference,9ee8de9dc0eccf6403898a48c115349959a4cbfb99ad26d882abff362efdf704
2024-08-16,THARIODE,750.5,775.6,201,253.26,773.95,180.95,90,0,,official_observed_reference,9ee8de9dc0eccf6403898a48c115349959a4cbfb99ad26d882abff362efdf704
2024-08-16,ANAYIRANKAL,1188,1207.008,48.968,65.616,1201.3,25.33,52,91.656,32.264,official_observed_reference,9ee8de9dc0eccf6403898a48c115349959a4cbfb99ad26d882abff362efdf704
2024-08-16,PONMUDI,678.8,707.745,47.4,63.516,706.5,43.07,91,0,,official_observed_reference,9ee8de9dc0eccf6403898a48c115349959a4cbfb99ad26d882abff362efdf704
2024-08-16,NERIAMANGALAM,445,456.59,5.557,4.835,456.35,5.375,97,4.676,2.203,official_observed_reference,9ee8de9dc0eccf6403898a48c115349959a4cbfb99ad26d882abff362efdf704
2024-08-16,PORINGAL,405.689,423.976,30.356,10.625,419.45,18.375,61,6.431,6.431,official_observed_reference,9ee8de9dc0eccf6403898a48c115349959a4cbfb99ad26d882abff362efdf704
2024-08-16,SENGULAM (SBR),844.86,847.6,1.614,0.71,846.75,,0,0,,official_observed_reference,9ee8de9dc0eccf6403898a48c115349959a4cbfb99ad26d882abff362efdf704
2024-08-16,LOWER PERIYAR,237.74,253,4.55,2.093,253,4.55,100,2.093,2.093,official_observed_reference,9ee8de9dc0eccf6403898a48c115349959a4cbfb99ad26d882abff362efdf704
2024-08-16,KAKKAD,181.36,192.63,1.16,0.358,191.5,,0,0,,official_observed_reference,9ee8de9dc0eccf6403898a48c115349959a4cbfb99ad26d882abff362efdf704
2024-08-17,IDUKKI,694.944,732.43,1460,2190,721.815,908.843,62,1363.265,1335.999,official_observed_reference,360865d71a0a8e8a60ae049db77e981c77a9adfb555454c5aab244e34d120515
2024-08-17,PAMBA,963.168,986.332,31.001,59.46,967.3,3.45,51,470.965,396.686,official_observed_reference,360865d71a0a8e8a60ae049db77e981c77a9adfb555454c5aab244e34d120515
2024-08-17,KAKKI,908.304,981.456,446.542,856.467,966.703,242.1,0,0,,official_observed_reference,360865d71a0a8e8a60ae049db77e981c77a9adfb555454c5aab244e34d120515
2024-08-17,SHOLAYAR,779.374,811.68,149.23,152.065,809.364,129.001,86,131.452,86.043,official_observed_reference,360865d71a0a8e8a60ae049db77e981c77a9adfb555454c5aab244e34d120515
2024-08-17,IDAMALAYAR,115,169,1017.8,254.45,158.32,713.49,70,178.373,178.373,official_observed_reference,360865d71a0a8e8a60ae049db77e981c77a9adfb555454c5aab244e34d120515
2024-08-17,KUNDALA,1735.836,1758.696,7.787,22.738,1758.35,7.51,96,173.915,75.224,official_observed_reference,360865d71a0a8e8a60ae049db77e981c77a9adfb555454c5aab244e34d120515
2024-08-17,MADUPPATTY,1554.48,1599.59,55.217,161.234,1598.55,52.05,94,0,,official_observed_reference,360865d71a0a8e8a60ae049db77e981c77a9adfb555454c5aab244e34d120515
2024-08-17,KUTTIADI,737.616,758.037,33.99,42.827,753.466,22.715,67,255.106,247.007,official_observed_reference,360865d71a0a8e8a60ae049db77e981c77a9adfb555454c5aab244e34d120515
2024-08-17,THARIODE,750.5,775.6,201,253.26,773.85,179.75,89,0,,official_observed_reference,360865d71a0a8e8a60ae049db77e981c77a9adfb555454c5aab244e34d120515
2024-08-17,ANAYIRANKAL,1188,1207.008,48.968,65.616,1201.45,25.855,53,92.185,32.451,official_observed_reference,360865d71a0a8e8a60ae049db77e981c77a9adfb555454c5aab244e34d120515
2024-08-17,PONMUDI,678.8,707.745,47.4,63.516,706.45,42.94,91,0,,official_observed_reference,360865d71a0a8e8a60ae049db77e981c77a9adfb555454c5aab244e34d120515
2024-08-17,NERIAMANGALAM,445,456.59,5.557,4.835,456.45,5.445,98,4.737,2.231,official_observed_reference,360865d71a0a8e8a60ae049db77e981c77a9adfb555454c5aab244e34d120515
2024-08-17,PORINGAL,405.689,423.976,30.356,10.625,419.65,18.875,62,6.606,6.606,official_observed_reference,360865d71a0a8e8a60ae049db77e981c77a9adfb555454c5aab244e34d120515
2024-08-17,SENGULAM (SBR),844.86,847.6,1.614,0.71,846.55,,0,0,,official_observed_reference,360865d71a0a8e8a60ae049db77e981c77a9adfb555454c5aab244e34d120515
2024-08-17,LOWER PERIYAR,237.74,253,4.55,2.093,251.8,4.04,89,1.858,1.858,official_observed_reference,360865d71a0a8e8a60ae049db77e981c77a9adfb555454c5aab244e34d120515
2024-08-17,KAKKAD,181.36,192.63,1.16,0.358,191.55,,0,0,,official_observed_reference,360865d71a0a8e8a60ae049db77e981c77a9adfb555454c5aab244e34d120515
2024-08-18,IDUKKI,694.944,732.43,1460,2190,721.846,910.262,62,1365.393,1338.085,official_observed_reference,ad3b6f18251fd0b260fc125f4f05c5cc3a02306f4de7ab63b8e9dc6eda6f99de
2024-08-18,PAMBA,963.168,986.332,31.001,59.46,967.35,3.5,52,472.823,398.251,official_observed_reference,ad3b6f18251fd0b260fc125f4f05c5cc3a02306f4de7ab63b8e9dc6eda6f99de
2024-08-18,KAKKI,908.304,981.456,446.542,856.467,966.783,243.019,0,0,,official_observed_reference,ad3b6f18251fd0b260fc125f4f05c5cc3a02306f4de7ab63b8e9dc6eda6f99de
2024-08-18,SHOLAYAR,779.374,811.68,149.23,152.065,809.549,130.278,87,132.753,86.895,official_observed_reference,ad3b6f18251fd0b260fc125f4f05c5cc3a02306f4de7ab63b8e9dc6eda6f99de
2024-08-18,IDAMALAYAR,115,169,1017.8,254.45,158.3,712.95,70,178.238,178.238,official_observed_reference,ad3b6f18251fd0b260fc125f4f05c5cc3a02306f4de7ab63b8e9dc6eda6f99de
2024-08-18,KUNDALA,1735.836,1758.696,7.787,22.738,1758.35,7.51,96,173.039,74.845,official_observed_reference,ad3b6f18251fd0b260fc125f4f05c5cc3a02306f4de7ab63b8e9dc6eda6f99de
2024-08-18,MADUPPATTY,1554.48,1599.59,55.217,161.234,1598.45,51.75,94,0,,official_observed_reference,ad3b6f18251fd0b260fc125f4f05c5cc3a02306f4de7ab63b8e9dc6eda6f99de
2024-08-18,KUTTIADI,737.616,758.037,33.99,42.827,753.405,22.607,67,254.088,246.022,official_observed_reference,ad3b6f18251fd0b260fc125f4f05c5cc3a02306f4de7ab63b8e9dc6eda6f99de
2024-08-18,THARIODE,750.5,775.6,201,253.26,773.8,179.05,89,0,,official_observed_reference,ad3b6f18251fd0b260fc125f4f05c5cc3a02306f4de7ab63b8e9dc6eda6f99de
2024-08-18,ANAYIRANKAL,1188,1207.008,48.968,65.616,1201.58,26.31,54,92.299,32.491,official_observed_reference,ad3b6f18251fd0b260fc125f4f05c5cc3a02306f4de7ab63b8e9dc6eda6f99de
2024-08-18,PONMUDI,678.8,707.745,47.4,63.516,706.3,42.57,90,0,,official_observed_reference,ad3b6f18251fd0b260fc125f4f05c5cc3a02306f4de7ab63b8e9dc6eda6f99de
2024-08-18,NERIAMANGALAM,445,456.59,5.557,4.835,456.4,5.41,97,4.707,2.217,official_observed_reference,ad3b6f18251fd0b260fc125f4f05c5cc3a02306f4de7ab63b8e9dc6eda6f99de
2024-08-18,PORINGAL,405.689,423.976,30.356,10.625,419.5,18.5,61,6.475,6.475,official_observed_reference,ad3b6f18251fd0b260fc125f4f05c5cc3a02306f4de7ab63b8e9dc6eda6f99de
2024-08-18,SENGULAM (SBR),844.86,847.6,1.614,0.71,846.4,,0,0,,official_observed_reference,ad3b6f18251fd0b260fc125f4f05c5cc3a02306f4de7ab63b8e9dc6eda6f99de
2024-08-18,LOWER PERIYAR,237.74,253,4.55,2.093,250.2,3.36,74,1.546,1.546,official_observed_reference,ad3b6f18251fd0b260fc125f4f05c5cc3a02306f4de7ab63b8e9dc6eda6f99de
2024-08-18,KAKKAD,181.36,192.63,1.16,0.358,187.7,,0,0,,official_observed_reference,ad3b6f18251fd0b260fc125f4f05c5cc3a02306f4de7ab63b8e9dc6eda6f99de
2024-08-19,IDUKKI,694.944,732.43,1460,2190,721.858,910.829,62,1366.244,1338.919,official_observed_reference,eebfeeb1beb91333b8ab0405c8b196c178cdf5930248f05152dde3485d6724e7
2024-08-19,PAMBA,963.168,986.332,31.001,59.46,967.4,3.55,52,473.926,399.18,official_observed_reference,eebfeeb1beb91333b8ab0405c8b196c178cdf5930248f05152dde3485d6724e7
2024-08-19,KAKKI,908.304,981.456,446.542,856.467,966.84,243.544,0,0,,official_observed_reference,eebfeeb1beb91333b8ab0405c8b196c178cdf5930248f05152dde3485d6724e7
2024-08-19,SHOLAYAR,779.374,811.68,149.23,152.065,809.762,132.088,89,134.597,88.102,official_observed_reference,eebfeeb1beb91333b8ab0405c8b196c178cdf5930248f05152dde3485d6724e7
2024-08-19,IDAMALAYAR,115,169,1017.8,254.45,158.3,712.95,70,178.238,178.238,official_observed_reference,eebfeeb1beb91333b8ab0405c8b196c178cdf5930248f05152dde3485d6724e7
2024-08-19,KUNDALA,1735.836,1758.696,7.787,22.738,1758.35,7.51,96,172.163,74.466,official_observed_reference,eebfeeb1beb91333b8ab0405c8b196c178cdf5930248f05152dde3485d6724e7
2024-08-19,MADUPPATTY,1554.48,1599.59,55.217,161.234,1598.35,51.45,93,0,,official_observed_reference,eebfeeb1beb91333b8ab0405c8b196c178cdf5930248f05152dde3485d6724e7
2024-08-19,KUTTIADI,737.616,758.037,33.99,42.827,753.405,22.607,67,254.088,246.022,official_observed_reference,eebfeeb1beb91333b8ab0405c8b196c178cdf5930248f05152dde3485d6724e7
2024-08-19,THARIODE,750.5,775.6,201,253.26,773.8,179.05,89,0,,official_observed_reference,eebfeeb1beb91333b8ab0405c8b196c178cdf5930248f05152dde3485d6724e7
2024-08-19,ANAYIRANKAL,1188,1207.008,48.968,65.616,1201.71,26.765,55,92.574,32.587,official_observed_reference,eebfeeb1beb91333b8ab0405c8b196c178cdf5930248f05152dde3485d6724e7
2024-08-19,PONMUDI,678.8,707.745,47.4,63.516,706.2,42.32,89,0,,official_observed_reference,eebfeeb1beb91333b8ab0405c8b196c178cdf5930248f05152dde3485d6724e7
2024-08-19,NERIAMANGALAM,445,456.59,5.557,4.835,456.4,5.41,97,4.707,2.217,official_observed_reference,eebfeeb1beb91333b8ab0405c8b196c178cdf5930248f05152dde3485d6724e7
2024-08-19,PORINGAL,405.689,423.976,30.356,10.625,419.6,18.75,62,6.563,6.563,official_observed_reference,eebfeeb1beb91333b8ab0405c8b196c178cdf5930248f05152dde3485d6724e7
2024-08-19,SENGULAM (SBR),844.86,847.6,1.614,0.71,846.5,,0,0,,official_observed_reference,eebfeeb1beb91333b8ab0405c8b196c178cdf5930248f05152dde3485d6724e7
2024-08-19,LOWER PERIYAR,237.74,253,4.55,2.093,249.1,2.91,64,1.339,1.339,official_observed_reference,eebfeeb1beb91333b8ab0405c8b196c178cdf5930248f05152dde3485d6724e7
2024-08-19,KAKKAD,181.36,192.63,1.16,0.358,185.8,,0,0,,official_observed_reference,eebfeeb1beb91333b8ab0405c8b196c178cdf5930248f05152dde3485d6724e7
2024-08-20,IDUKKI,694.944,732.43,1460,2190,721.901,912.816,63,1369.224,1341.84,official_observed_reference,59a2d298a23df54a0c9a7e60b6e60d79163ada6b6026951c370276535a3eb720
2024-08-20,PAMBA,963.168,986.332,31.001,59.46,967.65,3.8,53,480.95,405.096,official_observed_reference,59a2d298a23df54a0c9a7e60b6e60d79163ada6b6026951c370276535a3eb720
2024-08-20,KAKKI,908.304,981.456,446.542,856.467,967.161,246.956,0,0,,official_observed_reference,59a2d298a23df54a0c9a7e60b6e60d79163ada6b6026951c370276535a3eb720
2024-08-20,SHOLAYAR,779.374,811.68,149.23,152.065,809.945,133.631,90,136.17,89.132,official_observed_reference,59a2d298a23df54a0c9a7e60b6e60d79163ada6b6026951c370276535a3eb720
2024-08-20,IDAMALAYAR,115,169,1017.8,254.45,158.39,715.38,70,178.845,178.845,official_observed_reference,59a2d298a23df54a0c9a7e60b6e60d79163ada6b6026951c370276535a3eb720
2024-08-20,KUNDALA,1735.836,1758.696,7.787,22.738,1758.35,7.51,96,171.725,74.277,official_observed_reference,59a2d298a23df54a0c9a7e60b6e60d79163ada6b6026951c370276535a3eb720
2024-08-20,MADUPPATTY,1554.48,1599.59,55.217,161.234,1598.3,51.3,93,0,,official_observed_reference,59a2d298a23df54a0c9a7e60b6e60d79163ada6b6026951c370276535a3eb720
2024-08-20,KUTTIADI,737.616,758.037,33.99,42.827,753.344,22.475,66,252.284,244.275,official_observed_reference,59a2d298a23df54a0c9a7e60b6e60d79163ada6b6026951c370276535a3eb720
2024-08-20,THARIODE,750.5,775.6,201,253.26,773.7,177.75,88,0,,official_observed_reference,59a2d298a23df54a0c9a7e60b6e60d79163ada6b6026951c370276535a3eb720
2024-08-20,ANAYIRANKAL,1188,1207.008,48.968,65.616,1201.85,27.255,56,92.895,32.701,official_observed_reference,59a2d298a23df54a0c9a7e60b6e60d79163ada6b6026951c370276535a3eb720
2024-08-20,PONMUDI,678.8,707.745,47.4,63.516,706.1,42.07,89,0,,official_observed_reference,59a2d298a23df54a0c9a7e60b6e60d79163ada6b6026951c370276535a3eb720
2024-08-20,NERIAMANGALAM,445,456.59,5.557,4.835,456.35,5.375,97,4.676,2.203,official_observed_reference,59a2d298a23df54a0c9a7e60b6e60d79163ada6b6026951c370276535a3eb720
2024-08-20,PORINGAL,405.689,423.976,30.356,10.625,419.8,19.25,63,6.738,6.738,official_observed_reference,59a2d298a23df54a0c9a7e60b6e60d79163ada6b6026951c370276535a3eb720
2024-08-20,SENGULAM (SBR),844.86,847.6,1.614,0.71,846.45,,0,0,,official_observed_reference,59a2d298a23df54a0c9a7e60b6e60d79163ada6b6026951c370276535a3eb720
2024-08-20,LOWER PERIYAR,237.74,253,4.55,2.093,248,2.51,55,1.155,1.155,official_observed_reference,59a2d298a23df54a0c9a7e60b6e60d79163ada6b6026951c370276535a3eb720
2024-08-20,KAKKAD,181.36,192.63,1.16,0.358,190.3,,0,0,,official_observed_reference,59a2d298a23df54a0c9a7e60b6e60d79163ada6b6026951c370276535a3eb720
2024-08-21,IDUKKI,694.944,732.43,1460,2190,722.022,918.49,63,1377.735,1350.18,official_observed_reference,5fea8e5a6fb5b7a0bdfa78975ff37fa247995bb338c1a19e043de4e36cbaf58f
2024-08-21,PAMBA,963.168,986.332,31.001,59.46,968,4.15,53,486.154,409.479,official_observed_reference,5fea8e5a6fb5b7a0bdfa78975ff37fa247995bb338c1a19e043de4e36cbaf58f
2024-08-21,KAKKI,908.304,981.456,446.542,856.467,967.393,249.319,0,0,,official_observed_reference,5fea8e5a6fb5b7a0bdfa78975ff37fa247995bb338c1a19e043de4e36cbaf58f
2024-08-21,SHOLAYAR,779.374,811.68,149.23,152.065,810.372,137.355,92,139.965,91.616,official_observed_reference,5fea8e5a6fb5b7a0bdfa78975ff37fa247995bb338c1a19e043de4e36cbaf58f
2024-08-21,IDAMALAYAR,115,169,1017.8,254.45,158.58,720.51,71,180.128,180.128,official_observed_reference,5fea8e5a6fb5b7a0bdfa78975ff37fa247995bb338c1a19e043de4e36cbaf58f
2024-08-21,KUNDALA,1735.836,1758.696,7.787,22.738,1758.35,7.51,96,171.725,74.277,official_observed_reference,5fea8e5a6fb5b7a0bdfa78975ff37fa247995bb338c1a19e043de4e36cbaf58f
2024-08-21,MADUPPATTY,1554.48,1599.59,55.217,161.234,1598.3,51.3,93,0,,official_observed_reference,5fea8e5a6fb5b7a0bdfa78975ff37fa247995bb338c1a19e043de4e36cbaf58f
2024-08-21,KUTTIADI,737.616,758.037,33.99,42.827,753.466,22.715,67,252.586,244.567,official_observed_reference,5fea8e5a6fb5b7a0bdfa78975ff37fa247995bb338c1a19e043de4e36cbaf58f
2024-08-21,THARIODE,750.5,775.6,201,253.26,773.7,177.75,88,0,,official_observed_reference,5fea8e5a6fb5b7a0bdfa78975ff37fa247995bb338c1a19e043de4e36cbaf58f
2024-08-21,ANAYIRANKAL,1188,1207.008,48.968,65.616,1201.98,27.71,57,93.17,32.797,official_observed_reference,5fea8e5a6fb5b7a0bdfa78975ff37fa247995bb338c1a19e043de4e36cbaf58f
2024-08-21,PONMUDI,678.8,707.745,47.4,63.516,706,41.82,88,0,,official_observed_reference,5fea8e5a6fb5b7a0bdfa78975ff37fa247995bb338c1a19e043de4e36cbaf58f
2024-08-21,NERIAMANGALAM,445,456.59,5.557,4.835,456.4,5.41,97,4.707,2.217,official_observed_reference,5fea8e5a6fb5b7a0bdfa78975ff37fa247995bb338c1a19e043de4e36cbaf58f
2024-08-21,PORINGAL,405.689,423.976,30.356,10.625,419.85,19.375,64,6.781,6.781,official_observed_reference,5fea8e5a6fb5b7a0bdfa78975ff37fa247995bb338c1a19e043de4e36cbaf58f
2024-08-21,SENGULAM (SBR),844.86,847.6,1.614,0.71,846.4,,0,0,,official_observed_reference,5fea8e5a6fb5b7a0bdfa78975ff37fa247995bb338c1a19e043de4e36cbaf58f
2024-08-21,LOWER PERIYAR,237.74,253,4.55,2.093,251.2,3.78,83,1.739,1.739,official_observed_reference,5fea8e5a6fb5b7a0bdfa78975ff37fa247995bb338c1a19e043de4e36cbaf58f
2024-08-21,KAKKAD,181.36,192.63,1.16,0.358,191.1,,0,0,,official_observed_reference,5fea8e5a6fb5b7a0bdfa78975ff37fa247995bb338c1a19e043de4e36cbaf58f
2024-08-22,IDUKKI,694.944,732.43,1460,2190,722.065,920.476,63,1380.714,1353.1,official_observed_reference,4bcf43ec3bef5b7978c246daf3219128ea1a5020688267f4e8143bbc0400a5fb
2024-08-22,PAMBA,963.168,986.332,31.001,59.46,968.1,4.25,53,487.916,410.964,official_observed_reference,4bcf43ec3bef5b7978c246daf3219128ea1a5020688267f4e8143bbc0400a5fb
2024-08-22,KAKKI,908.304,981.456,446.542,856.467,967.459,250.138,0,0,,official_observed_reference,4bcf43ec3bef5b7978c246daf3219128ea1a5020688267f4e8143bbc0400a5fb
2024-08-22,SHOLAYAR,779.374,811.68,149.23,152.065,810.585,139.337,93,141.985,92.938,official_observed_reference,4bcf43ec3bef5b7978c246daf3219128ea1a5020688267f4e8143bbc0400a5fb
2024-08-22,IDAMALAYAR,115,169,1017.8,254.45,158.58,720.51,71,180.128,180.128,official_observed_reference,4bcf43ec3bef5b7978c246daf3219128ea1a5020688267f4e8143bbc0400a5fb
2024-08-22,KUNDALA,1735.836,1758.696,7.787,22.738,1758.35,7.51,96,170.849,73.898,official_observed_reference,4bcf43ec3bef5b7978c246daf3219128ea1a5020688267f4e8143bbc0400a5fb
2024-08-22,MADUPPATTY,1554.48,1599.59,55.217,161.234,1598.2,51,92,0,,official_observed_reference,4bcf43ec3bef5b7978c246daf3219128ea1a5020688267f4e8143bbc0400a5fb
2024-08-22,KUTTIADI,737.616,758.037,33.99,42.827,753.283,22.353,66,250.366,242.418,official_observed_reference,4bcf43ec3bef5b7978c246daf3219128ea1a5020688267f4e8143bbc0400a5fb
2024-08-22,THARIODE,750.5,775.6,201,253.26,773.6,176.35,88,0,,official_observed_reference,4bcf43ec3bef5b7978c246daf3219128ea1a5020688267f4e8143bbc0400a5fb
2024-08-22,ANAYIRANKAL,1188,1207.008,48.968,65.616,1202.13,28.235,58,93.204,32.809,official_observed_reference,4bcf43ec3bef5b7978c246daf3219128ea1a5020688267f4e8143bbc0400a5fb
2024-08-22,PONMUDI,678.8,707.745,47.4,63.516,705.8,41.32,87,0,,official_observed_reference,4bcf43ec3bef5b7978c246daf3219128ea1a5020688267f4e8143bbc0400a5fb
2024-08-22,NERIAMANGALAM,445,456.59,5.557,4.835,456.35,5.375,97,4.676,2.203,official_observed_reference,4bcf43ec3bef5b7978c246daf3219128ea1a5020688267f4e8143bbc0400a5fb
2024-08-22,PORINGAL,405.689,423.976,30.356,10.625,419.65,18.875,62,6.606,6.606,official_observed_reference,4bcf43ec3bef5b7978c246daf3219128ea1a5020688267f4e8143bbc0400a5fb
2024-08-22,SENGULAM (SBR),844.86,847.6,1.614,0.71,846.6,,0,0,,official_observed_reference,4bcf43ec3bef5b7978c246daf3219128ea1a5020688267f4e8143bbc0400a5fb
2024-08-22,LOWER PERIYAR,237.74,253,4.55,2.093,248.5,2.69,59,1.237,1.237,official_observed_reference,4bcf43ec3bef5b7978c246daf3219128ea1a5020688267f4e8143bbc0400a5fb
2024-08-22,KAKKAD,181.36,192.63,1.16,0.358,190.15,,0,0,,official_observed_reference,4bcf43ec3bef5b7978c246daf3219128ea1a5020688267f4e8143bbc0400a5fb
2024-08-23,IDUKKI,694.944,732.43,1460,2190,722.114,922.75,63,1384.125,1356.443,official_observed_reference,4be6dbe024af5ea025e663582c49ee582c24d91405c26a9878e4cd3d01e75f4d
2024-08-23,PAMBA,963.168,986.332,31.001,59.46,968.1,4.25,53,488.706,411.629,official_observed_reference,4be6dbe024af5ea025e663582c49ee582c24d91405c26a9878e4cd3d01e75f4d
2024-08-23,KAKKI,908.304,981.456,446.542,856.467,967.496,250.55,0,0,,official_observed_reference,4be6dbe024af5ea025e663582c49ee582c24d91405c26a9878e4cd3d01e75f4d
2024-08-23,SHOLAYAR,779.374,811.68,149.23,152.065,810.677,140.215,94,142.879,93.524,official_observed_reference,4be6dbe024af5ea025e663582c49ee582c24d91405c26a9878e4cd3d01e75f4d
2024-08-23,IDAMALAYAR,115,169,1017.8,254.45,158.55,719.7,71,179.925,179.925,official_observed_reference,4be6dbe024af5ea025e663582c49ee582c24d91405c26a9878e4cd3d01e75f4d
2024-08-23,KUNDALA,1735.836,1758.696,7.787,22.738,1758.3,7.47,96,170.294,73.658,official_observed_reference,4be6dbe024af5ea025e663582c49ee582c24d91405c26a9878e4cd3d01e75f4d
2024-08-23,MADUPPATTY,1554.48,1599.59,55.217,161.234,1598.15,50.85,92,0,,official_observed_reference,4be6dbe024af5ea025e663582c49ee582c24d91405c26a9878e4cd3d01e75f4d
2024-08-23,KUTTIADI,737.616,758.037,33.99,42.827,753.253,22.292,66,249.785,241.855,official_observed_reference,4be6dbe024af5ea025e663582c49ee582c24d91405c26a9878e4cd3d01e75f4d
2024-08-23,THARIODE,750.5,775.6,201,253.26,773.55,175.95,88,0,,official_observed_reference,4be6dbe024af5ea025e663582c49ee582c24d91405c26a9878e4cd3d01e75f4d
2024-08-23,ANAYIRANKAL,1188,1207.008,48.968,65.616,1202.21,28.515,58,93.244,32.823,official_observed_reference,4be6dbe024af5ea025e663582c49ee582c24d91405c26a9878e4cd3d01e75f4d
2024-08-23,PONMUDI,678.8,707.745,47.4,63.516,705.7,41.07,87,0,,official_observed_reference,4be6dbe024af5ea025e663582c49ee582c24d91405c26a9878e4cd3d01e75f4d
2024-08-23,NERIAMANGALAM,445,456.59,5.557,4.835,456.4,5.41,97,4.707,2.217,official_observed_reference,4be6dbe024af5ea025e663582c49ee582c24d91405c26a9878e4cd3d01e75f4d
2024-08-23,PORINGAL,405.689,423.976,30.356,10.625,419.65,18.875,62,6.606,6.606,official_observed_reference,4be6dbe024af5ea025e663582c49ee582c24d91405c26a9878e4cd3d01e75f4d
2024-08-23,SENGULAM (SBR),844.86,847.6,1.614,0.71,846.4,,0,0,,official_observed_reference,4be6dbe024af5ea025e663582c49ee582c24d91405c26a9878e4cd3d01e75f4d
2024-08-23,LOWER PERIYAR,237.74,253,4.55,2.093,247,2.19,48,1.007,1.007,official_observed_reference,4be6dbe024af5ea025e663582c49ee582c24d91405c26a9878e4cd3d01e75f4d
2024-08-23,KAKKAD,181.36,192.63,1.16,0.358,187.1,,0,0,,official_observed_reference,4be6dbe024af5ea025e663582c49ee582c24d91405c26a9878e4cd3d01e75f4d
2024-08-24,IDUKKI,694.944,732.43,1460,2190,722.169,925.309,63,1387.964,1360.204,official_observed_reference,0c02efc961a71d88a18f7173cf1e8fcc4db21192e947af247237e090276f158c
2024-08-24,PAMBA,963.168,986.332,31.001,59.46,968.05,4.2,54,490.193,412.881,official_observed_reference,0c02efc961a71d88a18f7173cf1e8fcc4db21192e947af247237e090276f158c
2024-08-24,KAKKI,908.304,981.456,446.542,856.467,967.572,251.375,0,0,,official_observed_reference,0c02efc961a71d88a18f7173cf1e8fcc4db21192e947af247237e090276f158c
2024-08-24,SHOLAYAR,779.374,811.68,149.23,152.065,810.89,142.297,95,145,94.912,official_observed_reference,0c02efc961a71d88a18f7173cf1e8fcc4db21192e947af247237e090276f158c
2024-08-24,IDAMALAYAR,115,169,1017.8,254.45,158.55,719.7,71,179.925,179.925,official_observed_reference,0c02efc961a71d88a18f7173cf1e8fcc4db21192e947af247237e090276f158c
2024-08-24,KUNDALA,1735.836,1758.696,7.787,22.738,1758.3,7.47,96,170.294,73.658,official_observed_reference,0c02efc961a71d88a18f7173cf1e8fcc4db21192e947af247237e090276f158c
2024-08-24,MADUPPATTY,1554.48,1599.59,55.217,161.234,1598.15,50.85,92,0,,official_observed_reference,0c02efc961a71d88a18f7173cf1e8fcc4db21192e947af247237e090276f158c
2024-08-24,KUTTIADI,737.616,758.037,33.99,42.827,753.405,22.607,67,249.426,241.508,official_observed_reference,0c02efc961a71d88a18f7173cf1e8fcc4db21192e947af247237e090276f158c
2024-08-24,THARIODE,750.5,775.6,201,253.26,773.5,175.35,87,0,,official_observed_reference,0c02efc961a71d88a18f7173cf1e8fcc4db21192e947af247237e090276f158c
2024-08-24,ANAYIRANKAL,1188,1207.008,48.968,65.616,1202.28,28.76,59,93.733,32.995,official_observed_reference,0c02efc961a71d88a18f7173cf1e8fcc4db21192e947af247237e090276f158c
2024-08-24,PONMUDI,678.8,707.745,47.4,63.516,705.75,41.19,87,0,,official_observed_reference,0c02efc961a71d88a18f7173cf1e8fcc4db21192e947af247237e090276f158c
2024-08-24,NERIAMANGALAM,445,456.59,5.557,4.835,456.4,5.41,97,4.707,2.217,official_observed_reference,0c02efc961a71d88a18f7173cf1e8fcc4db21192e947af247237e090276f158c
2024-08-24,PORINGAL,405.689,423.976,30.356,10.625,419.55,18.625,61,6.519,6.519,official_observed_reference,0c02efc961a71d88a18f7173cf1e8fcc4db21192e947af247237e090276f158c
2024-08-24,SENGULAM (SBR),844.86,847.6,1.614,0.71,846.5,,0,0,,official_observed_reference,0c02efc961a71d88a18f7173cf1e8fcc4db21192e947af247237e090276f158c
2024-08-24,LOWER PERIYAR,237.74,253,4.55,2.093,247.6,2.39,53,1.099,1.099,official_observed_reference,0c02efc961a71d88a18f7173cf1e8fcc4db21192e947af247237e090276f158c
2024-08-24,KAKKAD,181.36,192.63,1.16,0.358,185.8,,0,0,,official_observed_reference,0c02efc961a71d88a18f7173cf1e8fcc4db21192e947af247237e090276f158c
2024-08-25,IDUKKI,694.944,732.43,1460,2190,722.211,927.299,64,1390.949,1363.13,official_observed_reference,bfa6c48263035b20da07f54c1e3c97c4d301f72a7a50e196a7f0b99fe16202ce
2024-08-25,PAMBA,963.168,986.332,31.001,59.46,968,4.15,54,491.152,413.689,official_observed_reference,bfa6c48263035b20da07f54c1e3c97c4d301f72a7a50e196a7f0b99fe16202ce
2024-08-25,KAKKI,908.304,981.456,446.542,856.467,967.621,251.925,0,0,,official_observed_reference,bfa6c48263035b20da07f54c1e3c97c4d301f72a7a50e196a7f0b99fe16202ce
2024-08-25,SHOLAYAR,779.374,811.68,149.23,152.065,811.103,144.081,97,146.819,96.102,official_observed_reference,bfa6c48263035b20da07f54c1e3c97c4d301f72a7a50e196a7f0b99fe16202ce
2024-08-25,IDAMALAYAR,115,169,1017.8,254.45,158.56,719.97,71,179.993,179.993,official_observed_reference,bfa6c48263035b20da07f54c1e3c97c4d301f72a7a50e196a7f0b99fe16202ce
2024-08-25,KUNDALA,1735.836,1758.696,7.787,22.738,1758.25,7.43,95,169.74,73.418,official_observed_reference,bfa6c48263035b20da07f54c1e3c97c4d301f72a7a50e196a7f0b99fe16202ce
2024-08-25,MADUPPATTY,1554.48,1599.59,55.217,161.234,1598.1,50.7,92,0,,official_observed_reference,bfa6c48263035b20da07f54c1e3c97c4d301f72a7a50e196a7f0b99fe16202ce
2024-08-25,KUTTIADI,737.616,758.037,33.99,42.827,753.771,23.329,69,250.336,242.388,official_observed_reference,bfa6c48263035b20da07f54c1e3c97c4d301f72a7a50e196a7f0b99fe16202ce
2024-08-25,THARIODE,750.5,775.6,201,253.26,773.5,175.35,87,0,,official_observed_reference,bfa6c48263035b20da07f54c1e3c97c4d301f72a7a50e196a7f0b99fe16202ce
2024-08-25,ANAYIRANKAL,1188,1207.008,48.968,65.616,1202.35,29.005,59,93.9,33.054,official_observed_reference,bfa6c48263035b20da07f54c1e3c97c4d301f72a7a50e196a7f0b99fe16202ce
2024-08-25,PONMUDI,678.8,707.745,47.4,63.516,705.7,41.07,87,0,,official_observed_reference,bfa6c48263035b20da07f54c1e3c97c4d301f72a7a50e196a7f0b99fe16202ce
2024-08-25,NERIAMANGALAM,445,456.59,5.557,4.835,456.4,5.41,97,4.707,2.217,official_observed_reference,bfa6c48263035b20da07f54c1e3c97c4d301f72a7a50e196a7f0b99fe16202ce
2024-08-25,PORINGAL,405.689,423.976,30.356,10.625,419.4,18.25,60,6.388,6.388,official_observed_reference,bfa6c48263035b20da07f54c1e3c97c4d301f72a7a50e196a7f0b99fe16202ce
2024-08-25,SENGULAM (SBR),844.86,847.6,1.614,0.71,846.5,,0,0,,official_observed_reference,bfa6c48263035b20da07f54c1e3c97c4d301f72a7a50e196a7f0b99fe16202ce
2024-08-25,LOWER PERIYAR,237.74,253,4.55,2.093,248.9,2.84,62,1.306,1.306,official_observed_reference,bfa6c48263035b20da07f54c1e3c97c4d301f72a7a50e196a7f0b99fe16202ce
2024-08-25,KAKKAD,181.36,192.63,1.16,0.358,186.05,,0,0,,official_observed_reference,bfa6c48263035b20da07f54c1e3c97c4d301f72a7a50e196a7f0b99fe16202ce
2024-08-26,IDUKKI,694.944,732.43,1460,2190,722.23,928.152,64,1392.228,1364.383,official_observed_reference,95e8584146806c50ace9ac81d464df2754c58a1c14a2bdad5ed97263d68a70d0
2024-08-26,PAMBA,963.168,986.332,31.001,59.46,968,4.15,54,491.152,413.689,official_observed_reference,95e8584146806c50ace9ac81d464df2754c58a1c14a2bdad5ed97263d68a70d0
2024-08-26,KAKKI,908.304,981.456,446.542,856.467,967.627,251.925,0,0,,official_observed_reference,95e8584146806c50ace9ac81d464df2754c58a1c14a2bdad5ed97263d68a70d0
2024-08-26,SHOLAYAR,779.374,811.68,149.23,152.065,811.256,145.37,97,148.132,96.962,official_observed_reference,95e8584146806c50ace9ac81d464df2754c58a1c14a2bdad5ed97263d68a70d0
2024-08-26,IDAMALAYAR,115,169,1017.8,254.45,157.57,720.24,71,180.06,180.06,official_observed_reference,95e8584146806c50ace9ac81d464df2754c58a1c14a2bdad5ed97263d68a70d0
2024-08-26,KUNDALA,1735.836,1758.696,7.787,22.738,1758.25,7.43,95,169.302,73.229,official_observed_reference,95e8584146806c50ace9ac81d464df2754c58a1c14a2bdad5ed97263d68a70d0
2024-08-26,MADUPPATTY,1554.48,1599.59,55.217,161.234,1598.05,50.55,92,0,,official_observed_reference,95e8584146806c50ace9ac81d464df2754c58a1c14a2bdad5ed97263d68a70d0
2024-08-26,KUTTIADI,737.616,758.037,33.99,42.827,754.014,23.922,70,251.839,243.844,official_observed_reference,95e8584146806c50ace9ac81d464df2754c58a1c14a2bdad5ed97263d68a70d0
2024-08-26,THARIODE,750.5,775.6,201,253.26,773.55,175.95,88,0,,official_observed_reference,95e8584146806c50ace9ac81d464df2754c58a1c14a2bdad5ed97263d68a70d0
2024-08-26,ANAYIRANKAL,1188,1207.008,48.968,65.616,1202.41,29.215,60,94.182,33.153,official_observed_reference,95e8584146806c50ace9ac81d464df2754c58a1c14a2bdad5ed97263d68a70d0
2024-08-26,PONMUDI,678.8,707.745,47.4,63.516,705.7,41.07,87,0,,official_observed_reference,95e8584146806c50ace9ac81d464df2754c58a1c14a2bdad5ed97263d68a70d0
2024-08-26,NERIAMANGALAM,445,456.59,5.557,4.835,456.25,5.305,95,4.615,2.174,official_observed_reference,95e8584146806c50ace9ac81d464df2754c58a1c14a2bdad5ed97263d68a70d0
2024-08-26,PORINGAL,405.689,423.976,30.356,10.625,419.05,17.375,57,6.081,6.081,official_observed_reference,95e8584146806c50ace9ac81d464df2754c58a1c14a2bdad5ed97263d68a70d0
2024-08-26,SENGULAM (SBR),844.86,847.6,1.614,0.71,846.6,,0,0,,official_observed_reference,95e8584146806c50ace9ac81d464df2754c58a1c14a2bdad5ed97263d68a70d0
2024-08-26,LOWER PERIYAR,237.74,253,4.55,2.093,248.7,2.76,61,1.27,1.27,official_observed_reference,95e8584146806c50ace9ac81d464df2754c58a1c14a2bdad5ed97263d68a70d0
2024-08-26,KAKKAD,181.36,192.63,1.16,0.358,186.5,,0,0,,official_observed_reference,95e8584146806c50ace9ac81d464df2754c58a1c14a2bdad5ed97263d68a70d0
2024-08-27,IDUKKI,694.944,732.43,1460,2190,722.248,929.005,64,1393.508,1365.637,official_observed_reference,449c5c8f09fb932c74d8c4d12684a2fc482935e696dc423ad49ed16a81858fb1
2024-08-27,PAMBA,963.168,986.332,31.001,59.46,967.95,4.1,54,491.321,413.831,official_observed_reference,449c5c8f09fb932c74d8c4d12684a2fc482935e696dc423ad49ed16a81858fb1
2024-08-27,KAKKI,908.304,981.456,446.542,856.467,967.633,252.063,0,0,,official_observed_reference,449c5c8f09fb932c74d8c4d12684a2fc482935e696dc423ad49ed16a81858fb1
2024-08-27,SHOLAYAR,779.374,811.68,149.23,152.065,811.378,146.389,98,149.17,97.642,official_observed_reference,449c5c8f09fb932c74d8c4d12684a2fc482935e696dc423ad49ed16a81858fb1
2024-08-27,IDAMALAYAR,115,169,1017.8,254.45,158.54,719.43,71,179.858,179.858,official_observed_reference,449c5c8f09fb932c74d8c4d12684a2fc482935e696dc423ad49ed16a81858fb1
2024-08-27,KUNDALA,1735.836,1758.696,7.787,22.738,1758.25,7.43,95,169.302,73.229,official_observed_reference,449c5c8f09fb932c74d8c4d12684a2fc482935e696dc423ad49ed16a81858fb1
2024-08-27,MADUPPATTY,1554.48,1599.59,55.217,161.234,1598.05,50.55,92,0,,official_observed_reference,449c5c8f09fb932c74d8c4d12684a2fc482935e696dc423ad49ed16a81858fb1
2024-08-27,KUTTIADI,737.616,758.037,33.99,42.827,754.045,24,71,254.205,246.135,official_observed_reference,449c5c8f09fb932c74d8c4d12684a2fc482935e696dc423ad49ed16a81858fb1
2024-08-27,THARIODE,750.5,775.6,201,253.26,773.7,177.75,88,0,,official_observed_reference,449c5c8f09fb932c74d8c4d12684a2fc482935e696dc423ad49ed16a81858fb1
2024-08-27,ANAYIRANKAL,1188,1207.008,48.968,65.616,1202.46,29.39,60,94.081,33.118,official_observed_reference,449c5c8f09fb932c74d8c4d12684a2fc482935e696dc423ad49ed16a81858fb1
2024-08-27,PONMUDI,678.8,707.745,47.4,63.516,705.6,40.82,86,0,,official_observed_reference,449c5c8f09fb932c74d8c4d12684a2fc482935e696dc423ad49ed16a81858fb1
2024-08-27,NERIAMANGALAM,445,456.59,5.557,4.835,456.25,5.305,95,4.615,2.174,official_observed_reference,449c5c8f09fb932c74d8c4d12684a2fc482935e696dc423ad49ed16a81858fb1
2024-08-27,PORINGAL,405.689,423.976,30.356,10.625,418.85,16.875,56,5.906,5.906,official_observed_reference,449c5c8f09fb932c74d8c4d12684a2fc482935e696dc423ad49ed16a81858fb1
2024-08-27,SENGULAM (SBR),844.86,847.6,1.614,0.71,846.55,,0,0,,official_observed_reference,449c5c8f09fb932c74d8c4d12684a2fc482935e696dc423ad49ed16a81858fb1
2024-08-27,LOWER PERIYAR,237.74,253,4.55,2.093,245.9,1.86,41,0.856,0.856,official_observed_reference,449c5c8f09fb932c74d8c4d12684a2fc482935e696dc423ad49ed16a81858fb1
2024-08-27,KAKKAD,181.36,192.63,1.16,0.358,185.6,,0,0,,official_observed_reference,449c5c8f09fb932c74d8c4d12684a2fc482935e696dc423ad49ed16a81858fb1
2024-08-28,IDUKKI,694.944,732.43,1460,2190,722.248,929.005,64,1393.508,1365.637,official_observed_reference,d19779e70eebc9b0d5c4abd5bd104ca1c32804b3d506ff7a3a3a96a06f201dcd
2024-08-28,PAMBA,963.168,986.332,31.001,59.46,967.9,4.05,54,490.433,413.083,official_observed_reference,d19779e70eebc9b0d5c4abd5bd104ca1c32804b3d506ff7a3a3a96a06f201dcd
2024-08-28,KAKKI,908.304,981.456,446.542,856.467,967.6,251.65,0,0,,official_observed_reference,d19779e70eebc9b0d5c4abd5bd104ca1c32804b3d506ff7a3a3a96a06f201dcd
2024-08-28,SHOLAYAR,779.374,811.68,149.23,152.065,811.561,148.032,99,150.844,98.737,official_observed_reference,d19779e70eebc9b0d5c4abd5bd104ca1c32804b3d506ff7a3a3a96a06f201dcd
2024-08-28,IDAMALAYAR,115,169,1017.8,254.45,158.55,719.7,71,179.925,179.925,official_observed_reference,d19779e70eebc9b0d5c4abd5bd104ca1c32804b3d506ff7a3a3a96a06f201dcd
2024-08-28,KUNDALA,1735.836,1758.696,7.787,22.738,1758.25,7.43,95,169.302,73.229,official_observed_reference,d19779e70eebc9b0d5c4abd5bd104ca1c32804b3d506ff7a3a3a96a06f201dcd
2024-08-28,MADUPPATTY,1554.48,1599.59,55.217,161.234,1598.05,50.55,92,0,,official_observed_reference,d19779e70eebc9b0d5c4abd5bd104ca1c32804b3d506ff7a3a3a96a06f201dcd
2024-08-28,KUTTIADI,737.616,758.037,33.99,42.827,754.106,24.156,71,254.906,246.813,official_observed_reference,d19779e70eebc9b0d5c4abd5bd104ca1c32804b3d506ff7a3a3a96a06f201dcd
2024-08-28,THARIODE,750.5,775.6,201,253.26,773.75,178.15,89,0,,official_observed_reference,d19779e70eebc9b0d5c4abd5bd104ca1c32804b3d506ff7a3a3a96a06f201dcd
2024-08-28,ANAYIRANKAL,1188,1207.008,48.968,65.616,1202.5,29.53,60,94.095,33.123,official_observed_reference,d19779e70eebc9b0d5c4abd5bd104ca1c32804b3d506ff7a3a3a96a06f201dcd
2024-08-28,PONMUDI,678.8,707.745,47.4,63.516,705.55,40.69,86,0,,official_observed_reference,d19779e70eebc9b0d5c4abd5bd104ca1c32804b3d506ff7a3a3a96a06f201dcd
2024-08-28,NERIAMANGALAM,445,456.59,5.557,4.835,456.4,5.41,97,4.707,2.217,official_observed_reference,d19779e70eebc9b0d5c4abd5bd104ca1c32804b3d506ff7a3a3a96a06f201dcd
2024-08-28,PORINGAL,405.689,423.976,30.356,10.625,418.8,16.75,55,5.863,5.863,official_observed_reference,d19779e70eebc9b0d5c4abd5bd104ca1c32804b3d506ff7a3a3a96a06f201dcd
2024-08-28,SENGULAM (SBR),844.86,847.6,1.614,0.71,846.55,,0,0,,official_observed_reference,d19779e70eebc9b0d5c4abd5bd104ca1c32804b3d506ff7a3a3a96a06f201dcd
2024-08-28,LOWER PERIYAR,237.74,253,4.55,2.093,248.2,2.58,57,1.187,1.187,official_observed_reference,d19779e70eebc9b0d5c4abd5bd104ca1c32804b3d506ff7a3a3a96a06f201dcd
2024-08-28,KAKKAD,181.36,192.63,1.16,0.358,186.85,,0,0,,official_observed_reference,d19779e70eebc9b0d5c4abd5bd104ca1c32804b3d506ff7a3a3a96a06f201dcd
2024-08-29,IDUKKI,694.944,732.43,1460,2190,722.346,933.554,64,1400.331,1372.324,official_observed_reference,3f7f16e3774519861319ef61f1e1894f92ad73f96b71c54aec8757f8b40d32f8
2024-08-29,PAMBA,963.168,986.332,31.001,59.46,968.25,4.4,54,494.269,416.314,official_observed_reference,3f7f16e3774519861319ef61f1e1894f92ad73f96b71c54aec8757f8b40d32f8
2024-08-29,KAKKI,908.304,981.456,446.542,856.467,967.75,253.3,0,0,,official_observed_reference,3f7f16e3774519861319ef61f1e1894f92ad73f96b71c54aec8757f8b40d32f8
2024-08-29,SHOLAYAR,779.374,811.68,149.23,152.065,811.652,148.929,100,151.759,99.336,official_observed_reference,3f7f16e3774519861319ef61f1e1894f92ad73f96b71c54aec8757f8b40d32f8
2024-08-29,IDAMALAYAR,115,169,1017.8,254.45,158.7,723.75,71,180.938,180.938,official_observed_reference,3f7f16e3774519861319ef61f1e1894f92ad73f96b71c54aec8757f8b40d32f8
2024-08-29,KUNDALA,1735.836,1758.696,7.787,22.738,1758.25,7.43,95,168.864,73.039,official_observed_reference,3f7f16e3774519861319ef61f1e1894f92ad73f96b71c54aec8757f8b40d32f8
2024-08-29,MADUPPATTY,1554.48,1599.59,55.217,161.234,1598,50.4,91,0,,official_observed_reference,3f7f16e3774519861319ef61f1e1894f92ad73f96b71c54aec8757f8b40d32f8
2024-08-29,KUTTIADI,737.616,758.037,33.99,42.827,754.807,25.904,76,260.132,251.874,official_observed_reference,3f7f16e3774519861319ef61f1e1894f92ad73f96b71c54aec8757f8b40d32f8
2024-08-29,THARIODE,750.5,775.6,201,253.26,773.9,180.55,90,0,,official_observed_reference,3f7f16e3774519861319ef61f1e1894f92ad73f96b71c54aec8757f8b40d32f8
2024-08-29,ANAYIRANKAL,1188,1207.008,48.968,65.616,1202.57,29.775,61,94.597,33.3,official_observed_reference,3f7f16e3774519861319ef61f1e1894f92ad73f96b71c54aec8757f8b40d32f8
2024-08-29,PONMUDI,678.8,707.745,47.4,63.516,705.6,40.82,86,0,,official_observed_reference,3f7f16e3774519861319ef61f1e1894f92ad73f96b71c54aec8757f8b40d32f8
2024-08-29,NERIAMANGALAM,445,456.59,5.557,4.835,456.5,5.48,99,4.768,2.246,official_observed_reference,3f7f16e3774519861319ef61f1e1894f92ad73f96b71c54aec8757f8b40d32f8
2024-08-29,PORINGAL,405.689,423.976,30.356,10.625,420.1,20,66,7,7,official_observed_reference,3f7f16e3774519861319ef61f1e1894f92ad73f96b71c54aec8757f8b40d32f8
2024-08-29,SENGULAM (SBR),844.86,847.6,1.614,0.71,846.85,,0,0,,official_observed_reference,3f7f16e3774519861319ef61f1e1894f92ad73f96b71c54aec8757f8b40d32f8
2024-08-29,LOWER PERIYAR,237.74,253,4.55,2.093,248.6,2.73,60,1.256,1.256,official_observed_reference,3f7f16e3774519861319ef61f1e1894f92ad73f96b71c54aec8757f8b40d32f8
2024-08-29,KAKKAD,181.36,192.63,1.16,0.358,186.85,,0,0,,official_observed_reference,3f7f16e3774519861319ef61f1e1894f92ad73f96b71c54aec8757f8b40d32f8
2024-08-30,IDUKKI,694.944,732.43,1460,2190,722.516,941.501,64,1412.252,1384.006,official_observed_reference,0961f4155a3c02db5418810446b42e0b95aa2549d13b7cb51c02ec332961eaab
2024-08-30,PAMBA,963.168,986.332,31.001,59.46,968.75,4.9,54,498.987,420.288,official_observed_reference,0961f4155a3c02db5418810446b42e0b95aa2549d13b7cb51c02ec332961eaab
2024-08-30,KAKKI,908.304,981.456,446.542,856.467,967.92,255.26,0,0,,official_observed_reference,0961f4155a3c02db5418810446b42e0b95aa2549d13b7cb51c02ec332961eaab
2024-08-30,SHOLAYAR,779.374,811.68,149.23,152.065,811.561,148.032,99,150.844,98.737,official_observed_reference,0961f4155a3c02db5418810446b42e0b95aa2549d13b7cb51c02ec332961eaab
2024-08-30,IDAMALAYAR,115,169,1017.8,254.45,158.86,728.15,72,182.038,182.038,official_observed_reference,0961f4155a3c02db5418810446b42e0b95aa2549d13b7cb51c02ec332961eaab
2024-08-30,KUNDALA,1735.836,1758.696,7.787,22.738,1758.3,7.47,96,168.98,73.09,official_observed_reference,0961f4155a3c02db5418810446b42e0b95aa2549d13b7cb51c02ec332961eaab
2024-08-30,MADUPPATTY,1554.48,1599.59,55.217,161.234,1598,50.4,91,0,,official_observed_reference,0961f4155a3c02db5418810446b42e0b95aa2549d13b7cb51c02ec332961eaab
2024-08-30,KUTTIADI,737.616,758.037,33.99,42.827,755.904,28.647,84,266.36,257.905,official_observed_reference,0961f4155a3c02db5418810446b42e0b95aa2549d13b7cb51c02ec332961eaab
2024-08-30,THARIODE,750.5,775.6,201,253.26,774.1,182.75,91,0,,official_observed_reference,0961f4155a3c02db5418810446b42e0b95aa2549d13b7cb51c02ec332961eaab
2024-08-30,ANAYIRANKAL,1188,1207.008,48.968,65.616,1202.63,29.985,61,95.71,33.691,official_observed_reference,0961f4155a3c02db5418810446b42e0b95aa2549d13b7cb51c02ec332961eaab
2024-08-30,PONMUDI,678.8,707.745,47.4,63.516,705.85,41.44,87,0,,official_observed_reference,0961f4155a3c02db5418810446b42e0b95aa2549d13b7cb51c02ec332961eaab
2024-08-30,NERIAMANGALAM,445,456.59,5.557,4.835,456.4,5.41,97,4.707,2.217,official_observed_reference,0961f4155a3c02db5418810446b42e0b95aa2549d13b7cb51c02ec332961eaab
2024-08-30,PORINGAL,405.689,423.976,30.356,10.625,420.6,21.25,70,7.438,7.438,official_observed_reference,0961f4155a3c02db5418810446b42e0b95aa2549d13b7cb51c02ec332961eaab
2024-08-30,SENGULAM (SBR),844.86,847.6,1.614,0.71,846.35,,0,0,,official_observed_reference,0961f4155a3c02db5418810446b42e0b95aa2549d13b7cb51c02ec332961eaab
2024-08-30,LOWER PERIYAR,237.74,253,4.55,2.093,253,4.55,100,2.093,2.093,official_observed_reference,0961f4155a3c02db5418810446b42e0b95aa2549d13b7cb51c02ec332961eaab
2024-08-30,KAKKAD,181.36,192.63,1.16,0.358,186.1,,0,0,,official_observed_reference,0961f4155a3c02db5418810446b42e0b95aa2549d13b7cb51c02ec332961eaab
2024-08-31,IDUKKI,694.944,732.43,1460,2190,722.62,946.325,65,1419.488,1391.098,official_observed_reference,ac91a06ae38114e7a64bea653d2c9df8ed3d01eee0e9067610133272f375dba4
2024-08-31,PAMBA,963.168,986.332,31.001,59.46,968.95,5.1,55,502.361,423.13,official_observed_reference,ac91a06ae38114e7a64bea653d2c9df8ed3d01eee0e9067610133272f375dba4
2024-08-31,KAKKI,908.304,981.456,446.542,856.467,968.066,256.819,0,0,,official_observed_reference,ac91a06ae38114e7a64bea653d2c9df8ed3d01eee0e9067610133272f375dba4
2024-08-31,SHOLAYAR,779.374,811.68,149.23,152.065,811.68,149.23,100,152.065,99.536,official_observed_reference,ac91a06ae38114e7a64bea653d2c9df8ed3d01eee0e9067610133272f375dba4
2024-08-31,IDAMALAYAR,115,169,1017.8,254.45,158.95,730.625,72,182.656,182.656,official_observed_reference,ac91a06ae38114e7a64bea653d2c9df8ed3d01eee0e9067610133272f375dba4
2024-08-31,KUNDALA,1735.836,1758.696,7.787,22.738,1758.3,7.47,96,168.98,73.09,official_observed_reference,ac91a06ae38114e7a64bea653d2c9df8ed3d01eee0e9067610133272f375dba4
2024-08-31,MADUPPATTY,1554.48,1599.59,55.217,161.234,1598,50.4,91,0,,official_observed_reference,ac91a06ae38114e7a64bea653d2c9df8ed3d01eee0e9067610133272f375dba4
2024-08-31,KUTTIADI,737.616,758.037,33.99,42.827,756.335,29.715,87,270.478,261.891,official_observed_reference,ac91a06ae38114e7a64bea653d2c9df8ed3d01eee0e9067610133272f375dba4
2024-08-31,THARIODE,750.5,775.6,201,253.26,774.3,184.95,92,0,,official_observed_reference,ac91a06ae38114e7a64bea653d2c9df8ed3d01eee0e9067610133272f375dba4
2024-08-31,ANAYIRANKAL,1188,1207.008,48.968,65.616,1202.69,30.195,62,95.16,33.498,official_observed_reference,ac91a06ae38114e7a64bea653d2c9df8ed3d01eee0e9067610133272f375dba4
2024-08-31,PONMUDI,678.8,707.745,47.4,63.516,705.6,40.82,86,0,,official_observed_reference,ac91a06ae38114e7a64bea653d2c9df8ed3d01eee0e9067610133272f375dba4
2024-08-31,NERIAMANGALAM,445,456.59,5.557,4.835,456.4,5.41,97,4.707,2.217,official_observed_reference,ac91a06ae38114e7a64bea653d2c9df8ed3d01eee0e9067610133272f375dba4
2024-08-31,PORINGAL,405.689,423.976,30.356,10.625,420.35,20.625,68,7.219,7.219,official_observed_reference,ac91a06ae38114e7a64bea653d2c9df8ed3d01eee0e9067610133272f375dba4
2024-08-31,SENGULAM (SBR),844.86,847.6,1.614,0.71,846.55,,0,0,,official_observed_reference,ac91a06ae38114e7a64bea653d2c9df8ed3d01eee0e9067610133272f375dba4
2024-08-31,LOWER PERIYAR,237.74,253,4.55,2.093,253,4.55,100,2.093,2.093,official_observed_reference,ac91a06ae38114e7a64bea653d2c9df8ed3d01eee0e9067610133272f375dba4
2024-08-31,KAKKAD,181.36,192.63,1.16,0.358,185.4,,0,0,,official_observed_reference,ac91a06ae38114e7a64bea653d2c9df8ed3d01eee0e9067610133272f375dba4
2024-09-01,IDUKKI,694.944,732.43,1460,2190,722.803,954.848,65,1432.272,1403.627,official_observed_reference,eea48708cfb466855835fbd78ca991babb986a0cbb93b36d9020480efb1317a6
2024-09-01,PAMBA,963.168,986.332,31.001,59.46,969.1,5.25,55,507.06,427.088,official_observed_reference,eea48708cfb466855835fbd78ca991babb986a0cbb93b36d9020480efb1317a6
2024-09-01,KAKKI,908.304,981.456,446.542,856.467,968.264,259.119,0,0,,official_observed_reference,eea48708cfb466855835fbd78ca991babb986a0cbb93b36d9020480efb1317a6
2024-09-01,SHOLAYAR,779.374,811.68,149.23,152.065,811.652,148.929,100,151.759,99.336,official_observed_reference,eea48708cfb466855835fbd78ca991babb986a0cbb93b36d9020480efb1317a6
2024-09-01,IDAMALAYAR,115,169,1017.8,254.45,159.03,732.84,72,183.21,183.21,official_observed_reference,eea48708cfb466855835fbd78ca991babb986a0cbb93b36d9020480efb1317a6
2024-09-01,KUNDALA,1735.836,1758.696,7.787,22.738,1758.25,7.43,95,169.302,73.229,official_observed_reference,eea48708cfb466855835fbd78ca991babb986a0cbb93b36d9020480efb1317a6
2024-09-01,MADUPPATTY,1554.48,1599.59,55.217,161.234,1598.05,50.55,92,0,,official_observed_reference,eea48708cfb466855835fbd78ca991babb986a0cbb93b36d9020480efb1317a6
2024-09-01,KUTTIADI,737.616,758.037,33.99,42.827,756.46,30.02,88,271.618,262.995,official_observed_reference,eea48708cfb466855835fbd78ca991babb986a0cbb93b36d9020480efb1317a6
2024-09-01,THARIODE,750.5,775.6,201,253.26,774.35,185.55,92,0,,official_observed_reference,eea48708cfb466855835fbd78ca991babb986a0cbb93b36d9020480efb1317a6
2024-09-01,ANAYIRANKAL,1188,1207.008,48.968,65.616,1202.74,30.39,62,94.912,33.411,official_observed_reference,eea48708cfb466855835fbd78ca991babb986a0cbb93b36d9020480efb1317a6
2024-09-01,PONMUDI,678.8,707.745,47.4,63.516,705.45,40.44,85,0,,official_observed_reference,eea48708cfb466855835fbd78ca991babb986a0cbb93b36d9020480efb1317a6
2024-09-01,NERIAMANGALAM,445,456.59,5.557,4.835,456.45,5.445,98,4.737,2.231,official_observed_reference,eea48708cfb466855835fbd78ca991babb986a0cbb93b36d9020480efb1317a6
2024-09-01,PORINGAL,405.689,423.976,30.356,10.625,420.4,20.75,68,7.263,7.263,official_observed_reference,eea48708cfb466855835fbd78ca991babb986a0cbb93b36d9020480efb1317a6
2024-09-01,SENGULAM (SBR),844.86,847.6,1.614,0.71,846.45,,0,0,,official_observed_reference,eea48708cfb466855835fbd78ca991babb986a0cbb93b36d9020480efb1317a6
2024-09-01,LOWER PERIYAR,237.74,253,4.55,2.093,253,4.55,100,2.093,2.093,official_observed_reference,eea48708cfb466855835fbd78ca991babb986a0cbb93b36d9020480efb1317a6
2024-09-01,KAKKAD,181.36,192.63,1.16,0.358,186.7,,0,0,,official_observed_reference,eea48708cfb466855835fbd78ca991babb986a0cbb93b36d9020480efb1317a6
2024-09-02,IDUKKI,694.944,732.43,1460,2190,722.925,960.534,66,1440.801,1411.985,official_observed_reference,746e26f2fe020295df1b4f00f6ec8e35fa8ec852176680b4d0c4eddd22a0b3e6
2024-09-02,PAMBA,963.168,986.332,31.001,59.46,969.45,5.6,56,512.142,431.369,official_observed_reference,746e26f2fe020295df1b4f00f6ec8e35fa8ec852176680b4d0c4eddd22a0b3e6
2024-09-02,KAKKI,908.304,981.456,446.542,856.467,968.462,261.419,0,0,,official_observed_reference,746e26f2fe020295df1b4f00f6ec8e35fa8ec852176680b4d0c4eddd22a0b3e6
2024-09-02,SHOLAYAR,779.374,811.68,149.23,152.065,811.682,149.249,100,152.085,99.549,official_observed_reference,746e26f2fe020295df1b4f00f6ec8e35fa8ec852176680b4d0c4eddd22a0b3e6
2024-09-02,IDAMALAYAR,115,169,1017.8,254.45,159.1,734.8,72,183.7,183.7,official_observed_reference,746e26f2fe020295df1b4f00f6ec8e35fa8ec852176680b4d0c4eddd22a0b3e6
2024-09-02,KUNDALA,1735.836,1758.696,7.787,22.738,1758.25,7.43,95,169.302,73.229,official_observed_reference,746e26f2fe020295df1b4f00f6ec8e35fa8ec852176680b4d0c4eddd22a0b3e6
2024-09-02,MADUPPATTY,1554.48,1599.59,55.217,161.234,1598.05,50.55,92,0,,official_observed_reference,746e26f2fe020295df1b4f00f6ec8e35fa8ec852176680b4d0c4eddd22a0b3e6
2024-09-02,KUTTIADI,737.616,758.037,33.99,42.827,756.91,31.163,92,273.562,264.877,official_observed_reference,746e26f2fe020295df1b4f00f6ec8e35fa8ec852176680b4d0c4eddd22a0b3e6
2024-09-02,THARIODE,750.5,775.6,201,253.26,774.4,185.95,93,0,,official_observed_reference,746e26f2fe020295df1b4f00f6ec8e35fa8ec852176680b4d0c4eddd22a0b3e6
2024-09-02,ANAYIRANKAL,1188,1207.008,48.968,65.616,1202.79,30.59,62,94.685,33.33,official_observed_reference,746e26f2fe020295df1b4f00f6ec8e35fa8ec852176680b4d0c4eddd22a0b3e6
2024-09-02,PONMUDI,678.8,707.745,47.4,63.516,705.3,40.07,85,0,,official_observed_reference,746e26f2fe020295df1b4f00f6ec8e35fa8ec852176680b4d0c4eddd22a0b3e6
2024-09-02,NERIAMANGALAM,445,456.59,5.557,4.835,456.45,5.445,98,4.737,2.231,official_observed_reference,746e26f2fe020295df1b4f00f6ec8e35fa8ec852176680b4d0c4eddd22a0b3e6
2024-09-02,PORINGAL,405.689,423.976,30.356,10.625,420.75,21.625,71,7.569,7.569,official_observed_reference,746e26f2fe020295df1b4f00f6ec8e35fa8ec852176680b4d0c4eddd22a0b3e6
2024-09-02,SENGULAM (SBR),844.86,847.6,1.614,0.71,846.3,,0,0,,official_observed_reference,746e26f2fe020295df1b4f00f6ec8e35fa8ec852176680b4d0c4eddd22a0b3e6
2024-09-02,LOWER PERIYAR,237.74,253,4.55,2.093,253,4.55,100,2.093,2.093,official_observed_reference,746e26f2fe020295df1b4f00f6ec8e35fa8ec852176680b4d0c4eddd22a0b3e6
2024-09-02,KAKKAD,181.36,192.63,1.16,0.358,188,,0,0,,official_observed_reference,746e26f2fe020295df1b4f00f6ec8e35fa8ec852176680b4d0c4eddd22a0b3e6
2024-09-03,IDUKKI,694.944,732.43,1460,2190,723.059,966.782,66,1450.173,1421.17,official_observed_reference,f34815fe6b7eceeb3ab41339daf25b3a3918d06dd5c9898b6d1db5d0c0672db7
2024-09-03,PAMBA,963.168,986.332,31.001,59.46,969.8,5.95,57,518.34,436.589,official_observed_reference,f34815fe6b7eceeb3ab41339daf25b3a3918d06dd5c9898b6d1db5d0c0672db7
2024-09-03,KAKKI,908.304,981.456,446.542,856.467,968.712,264.3,0,0,,official_observed_reference,f34815fe6b7eceeb3ab41339daf25b3a3918d06dd5c9898b6d1db5d0c0672db7
2024-09-03,SHOLAYAR,779.374,811.68,149.23,152.065,811.561,148.032,99,150.844,98.737,official_observed_reference,f34815fe6b7eceeb3ab41339daf25b3a3918d06dd5c9898b6d1db5d0c0672db7
2024-09-03,IDAMALAYAR,115,169,1017.8,254.45,159.24,738.72,73,184.68,184.68,official_observed_reference,f34815fe6b7eceeb3ab41339daf25b3a3918d06dd5c9898b6d1db5d0c0672db7
2024-09-03,KUNDALA,1735.836,1758.696,7.787,22.738,1758.25,7.43,95,169.302,73.229,official_observed_reference,f34815fe6b7eceeb3ab41339daf25b3a3918d06dd5c9898b6d1db5d0c0672db7
2024-09-03,MADUPPATTY,1554.48,1599.59,55.217,161.234,1598.05,50.55,92,0,,official_observed_reference,f34815fe6b7eceeb3ab41339daf25b3a3918d06dd5c9898b6d1db5d0c0672db7
2024-09-03,KUTTIADI,737.616,758.037,33.99,42.827,756.819,30.935,91,275.291,266.551,official_observed_reference,f34815fe6b7eceeb3ab41339daf25b3a3918d06dd5c9898b6d1db5d0c0672db7
2024-09-03,THARIODE,750.5,775.6,201,253.26,774.5,187.55,93,0,,official_observed_reference,f34815fe6b7eceeb3ab41339daf25b3a3918d06dd5c9898b6d1db5d0c0672db7
2024-09-03,ANAYIRANKAL,1188,1207.008,48.968,65.616,1202.84,30.79,63,94.952,33.425,official_observed_reference,f34815fe6b7eceeb3ab41339daf25b3a3918d06dd5c9898b6d1db5d0c0672db7
2024-09-03,PONMUDI,678.8,707.745,47.4,63.516,705.3,40.07,85,0,,official_observed_reference,f34815fe6b7eceeb3ab41339daf25b3a3918d06dd5c9898b6d1db5d0c0672db7
2024-09-03,NERIAMANGALAM,445,456.59,5.557,4.835,456.35,5.375,97,4.676,2.203,official_observed_reference,f34815fe6b7eceeb3ab41339daf25b3a3918d06dd5c9898b6d1db5d0c0672db7
2024-09-03,PORINGAL,405.689,423.976,30.356,10.625,420.7,21.5,71,7.525,7.525,official_observed_reference,f34815fe6b7eceeb3ab41339daf25b3a3918d06dd5c9898b6d1db5d0c0672db7
2024-09-03,SENGULAM (SBR),844.86,847.6,1.614,0.71,846.7,,0,0,,official_observed_reference,f34815fe6b7eceeb3ab41339daf25b3a3918d06dd5c9898b6d1db5d0c0672db7
2024-09-03,LOWER PERIYAR,237.74,253,4.55,2.093,252.8,4.45,98,2.047,2.047,official_observed_reference,f34815fe6b7eceeb3ab41339daf25b3a3918d06dd5c9898b6d1db5d0c0672db7
2024-09-03,KAKKAD,181.36,192.63,1.16,0.358,188.45,,0,0,,official_observed_reference,f34815fe6b7eceeb3ab41339daf25b3a3918d06dd5c9898b6d1db5d0c0672db7
2024-09-04,IDUKKI,694.944,732.43,1460,2190,723.162,971.605,67,1457.408,1428.259,official_observed_reference,3fd1e61aed9eb550f19a0885ac9444ec91325c5309112d59aa1b03b6de5a72b3
2024-09-04,PAMBA,963.168,986.332,31.001,59.46,969.95,6.1,57,522.655,440.224,official_observed_reference,3fd1e61aed9eb550f19a0885ac9444ec91325c5309112d59aa1b03b6de5a72b3
2024-09-04,KAKKI,908.304,981.456,446.542,856.467,968.889,266.4,0,0,,official_observed_reference,3fd1e61aed9eb550f19a0885ac9444ec91325c5309112d59aa1b03b6de5a72b3
2024-09-04,SHOLAYAR,779.374,811.68,149.23,152.065,811.469,147.21,99,150.007,98.189,official_observed_reference,3fd1e61aed9eb550f19a0885ac9444ec91325c5309112d59aa1b03b6de5a72b3
2024-09-04,IDAMALAYAR,115,169,1017.8,254.45,159.3,740.4,73,185.1,185.1,official_observed_reference,3fd1e61aed9eb550f19a0885ac9444ec91325c5309112d59aa1b03b6de5a72b3
2024-09-04,KUNDALA,1735.836,1758.696,7.787,22.738,1758.25,7.43,95,169.302,73.229,official_observed_reference,3fd1e61aed9eb550f19a0885ac9444ec91325c5309112d59aa1b03b6de5a72b3
2024-09-04,MADUPPATTY,1554.48,1599.59,55.217,161.234,1598.05,50.55,92,0,,official_observed_reference,3fd1e61aed9eb550f19a0885ac9444ec91325c5309112d59aa1b03b6de5a72b3
2024-09-04,KUTTIADI,737.616,758.037,33.99,42.827,756.697,30.629,90,274.906,266.179,official_observed_reference,3fd1e61aed9eb550f19a0885ac9444ec91325c5309112d59aa1b03b6de5a72b3
2024-09-04,THARIODE,750.5,775.6,201,253.26,774.5,187.55,93,0,,official_observed_reference,3fd1e61aed9eb550f19a0885ac9444ec91325c5309112d59aa1b03b6de5a72b3
2024-09-04,ANAYIRANKAL,1188,1207.008,48.968,65.616,1202.87,30.91,63,95.783,33.717,official_observed_reference,3fd1e61aed9eb550f19a0885ac9444ec91325c5309112d59aa1b03b6de5a72b3
2024-09-04,PONMUDI,678.8,707.745,47.4,63.516,705.5,40.57,86,0,,official_observed_reference,3fd1e61aed9eb550f19a0885ac9444ec91325c5309112d59aa1b03b6de5a72b3
2024-09-04,NERIAMANGALAM,445,456.59,5.557,4.835,456.2,5.27,95,4.585,2.16,official_observed_reference,3fd1e61aed9eb550f19a0885ac9444ec91325c5309112d59aa1b03b6de5a72b3
2024-09-04,PORINGAL,405.689,423.976,30.356,10.625,421.7,24,79,8.4,8.4,official_observed_reference,3fd1e61aed9eb550f19a0885ac9444ec91325c5309112d59aa1b03b6de5a72b3
2024-09-04,SENGULAM (SBR),844.86,847.6,1.614,0.71,846.65,,0,0,,official_observed_reference,3fd1e61aed9eb550f19a0885ac9444ec91325c5309112d59aa1b03b6de5a72b3
2024-09-04,LOWER PERIYAR,237.74,253,4.55,2.093,251.2,3.78,83,1.739,1.739,official_observed_reference,3fd1e61aed9eb550f19a0885ac9444ec91325c5309112d59aa1b03b6de5a72b3
2024-09-04,KAKKAD,181.36,192.63,1.16,0.358,187.3,,0,0,,official_observed_reference,3fd1e61aed9eb550f19a0885ac9444ec91325c5309112d59aa1b03b6de5a72b3
2024-09-05,IDUKKI,694.944,732.43,1460,2190,723.254,975.861,67,1463.792,1434.516,official_observed_reference,cc956b436ae76cc006ef2376ec96c385f5c9a5a441070b89feeb41ab1289b5f3
2024-09-05,PAMBA,963.168,986.332,31.001,59.46,970.05,6.2,57,526.491,443.455,official_observed_reference,cc956b436ae76cc006ef2376ec96c385f5c9a5a441070b89feeb41ab1289b5f3
2024-09-05,KAKKI,908.304,981.456,446.542,856.467,969.044,268.3,0,0,,official_observed_reference,cc956b436ae76cc006ef2376ec96c385f5c9a5a441070b89feeb41ab1289b5f3
2024-09-05,SHOLAYAR,779.374,811.68,149.23,152.065,811.378,146.389,98,149.17,97.642,official_observed_reference,cc956b436ae76cc006ef2376ec96c385f5c9a5a441070b89feeb41ab1289b5f3
2024-09-05,IDAMALAYAR,115,169,1017.8,254.45,159.44,744.32,73,186.08,186.08,official_observed_reference,cc956b436ae76cc006ef2376ec96c385f5c9a5a441070b89feeb41ab1289b5f3
2024-09-05,KUNDALA,1735.836,1758.696,7.787,22.738,1758.25,7.43,95,168.864,73.039,official_observed_reference,cc956b436ae76cc006ef2376ec96c385f5c9a5a441070b89feeb41ab1289b5f3
2024-09-05,MADUPPATTY,1554.48,1599.59,55.217,161.234,1598,50.4,91,0,,official_observed_reference,cc956b436ae76cc006ef2376ec96c385f5c9a5a441070b89feeb41ab1289b5f3
2024-09-05,KUTTIADI,737.616,758.037,33.99,42.827,756.697,30.629,90,274.906,266.179,official_observed_reference,cc956b436ae76cc006ef2376ec96c385f5c9a5a441070b89feeb41ab1289b5f3
2024-09-05,THARIODE,750.5,775.6,201,253.26,774.5,187.55,93,0,,official_observed_reference,cc956b436ae76cc006ef2376ec96c385f5c9a5a441070b89feeb41ab1289b5f3
2024-09-05,ANAYIRANKAL,1188,1207.008,48.968,65.616,1202.9,31.03,63,95.77,33.712,official_observed_reference,cc956b436ae76cc006ef2376ec96c385f5c9a5a441070b89feeb41ab1289b5f3
2024-09-05,PONMUDI,678.8,707.745,47.4,63.516,705.45,40.44,85,0,,official_observed_reference,cc956b436ae76cc006ef2376ec96c385f5c9a5a441070b89feeb41ab1289b5f3
2024-09-05,NERIAMANGALAM,445,456.59,5.557,4.835,456.25,5.305,95,4.615,2.174,official_observed_reference,cc956b436ae76cc006ef2376ec96c385f5c9a5a441070b89feeb41ab1289b5f3
2024-09-05,PORINGAL,405.689,423.976,30.356,10.625,422.5,26.125,86,9.144,9.144,official_observed_reference,cc956b436ae76cc006ef2376ec96c385f5c9a5a441070b89feeb41ab1289b5f3
2024-09-05,SENGULAM (SBR),844.86,847.6,1.614,0.71,846.45,,0,0,,official_observed_reference,cc956b436ae76cc006ef2376ec96c385f5c9a5a441070b89feeb41ab1289b5f3
2024-09-05,LOWER PERIYAR,237.74,253,4.55,2.093,248.3,2.61,57,1.201,1.201,official_observed_reference,cc956b436ae76cc006ef2376ec96c385f5c9a5a441070b89feeb41ab1289b5f3
2024-09-05,KAKKAD,181.36,192.63,1.16,0.358,187.25,,0,0,,official_observed_reference,cc956b436ae76cc006ef2376ec96c385f5c9a5a441070b89feeb41ab1289b5f3
2024-09-07,IDUKKI,694.944,732.43,1460,2190,723.388,982.113,67,1473.17,1443.706,official_observed_reference,12c7726c8094e39d2d9f856ca91a1ebac8372090410098e973df6049369bd82a
2024-09-07,PAMBA,963.168,986.332,31.001,59.46,969.95,6.1,58,530.135,446.524,official_observed_reference,12c7726c8094e39d2d9f856ca91a1ebac8372090410098e973df6049369bd82a
2024-09-07,KAKKI,908.304,981.456,446.542,856.467,969.215,270.3,0,0,,official_observed_reference,12c7726c8094e39d2d9f856ca91a1ebac8372090410098e973df6049369bd82a
2024-09-07,SHOLAYAR,779.374,811.68,149.23,152.065,811.317,145.879,98,148.651,97.301,official_observed_reference,12c7726c8094e39d2d9f856ca91a1ebac8372090410098e973df6049369bd82a
2024-09-07,IDAMALAYAR,115,169,1017.8,254.45,159.63,749.64,74,187.41,187.41,official_observed_reference,12c7726c8094e39d2d9f856ca91a1ebac8372090410098e973df6049369bd82a
2024-09-07,KUNDALA,1735.836,1758.696,7.787,22.738,1758.25,7.43,95,168.864,73.039,official_observed_reference,12c7726c8094e39d2d9f856ca91a1ebac8372090410098e973df6049369bd82a
2024-09-07,MADUPPATTY,1554.48,1599.59,55.217,161.234,1598,50.4,91,0,,official_observed_reference,12c7726c8094e39d2d9f856ca91a1ebac8372090410098e973df6049369bd82a
2024-09-07,KUTTIADI,737.616,758.037,33.99,42.827,756.514,30.172,89,276.598,267.817,official_observed_reference,12c7726c8094e39d2d9f856ca91a1ebac8372090410098e973df6049369bd82a
2024-09-07,THARIODE,750.5,775.6,201,253.26,774.65,189.35,94,0,,official_observed_reference,12c7726c8094e39d2d9f856ca91a1ebac8372090410098e973df6049369bd82a
2024-09-07,ANAYIRANKAL,1188,1207.008,48.968,65.616,1202.94,31.19,64,95.649,33.67,official_observed_reference,12c7726c8094e39d2d9f856ca91a1ebac8372090410098e973df6049369bd82a
2024-09-07,PONMUDI,678.8,707.745,47.4,63.516,705.35,40.19,85,0,,official_observed_reference,12c7726c8094e39d2d9f856ca91a1ebac8372090410098e973df6049369bd82a
2024-09-07,NERIAMANGALAM,445,456.59,5.557,4.835,455.15,4.55,82,3.959,1.865,official_observed_reference,12c7726c8094e39d2d9f856ca91a1ebac8372090410098e973df6049369bd82a
2024-09-07,PORINGAL,405.689,423.976,30.356,10.625,422.7,26.5,87,9.275,9.275,official_observed_reference,12c7726c8094e39d2d9f856ca91a1ebac8372090410098e973df6049369bd82a
2024-09-07,SENGULAM (SBR),844.86,847.6,1.614,0.71,846.55,,0,0,,official_observed_reference,12c7726c8094e39d2d9f856ca91a1ebac8372090410098e973df6049369bd82a
2024-09-07,LOWER PERIYAR,237.74,253,4.55,2.093,248.3,2.61,57,1.201,1.201,official_observed_reference,12c7726c8094e39d2d9f856ca91a1ebac8372090410098e973df6049369bd82a
2024-09-07,KAKKAD,181.36,192.63,1.16,0.358,186.8,,0,0,,official_observed_reference,12c7726c8094e39d2d9f856ca91a1ebac8372090410098e973df6049369bd82a
2024-09-08,IDUKKI,694.944,732.43,1460,2190,723.473,986.093,68,1479.14,1449.557,official_observed_reference,c39b57e42ba023176f8b44b5940e4109f99c92a54a5c15301941340fa2cf0387
2024-09-08,PAMBA,963.168,986.332,31.001,59.46,970,6.15,58,533.684,449.513,official_observed_reference,c39b57e42ba023176f8b44b5940e4109f99c92a54a5c15301941340fa2cf0387
2024-09-08,KAKKI,908.304,981.456,446.542,856.467,969.367,272.1,0,0,,official_observed_reference,c39b57e42ba023176f8b44b5940e4109f99c92a54a5c15301941340fa2cf0387
2024-09-08,SHOLAYAR,779.374,811.68,149.23,152.065,811.317,145.879,98,148.651,97.301,official_observed_reference,c39b57e42ba023176f8b44b5940e4109f99c92a54a5c15301941340fa2cf0387
2024-09-08,IDAMALAYAR,115,169,1017.8,254.45,159.74,752.72,74,188.18,188.18,official_observed_reference,c39b57e42ba023176f8b44b5940e4109f99c92a54a5c15301941340fa2cf0387
2024-09-08,KUNDALA,1735.836,1758.696,7.787,22.738,1758.25,7.43,95,168.864,73.039,official_observed_reference,c39b57e42ba023176f8b44b5940e4109f99c92a54a5c15301941340fa2cf0387
2024-09-08,MADUPPATTY,1554.48,1599.59,55.217,161.234,1598,50.4,91,0,,official_observed_reference,c39b57e42ba023176f8b44b5940e4109f99c92a54a5c15301941340fa2cf0387
2024-09-08,KUTTIADI,737.616,758.037,33.99,42.827,756.667,30.554,90,277.078,268.282,official_observed_reference,c39b57e42ba023176f8b44b5940e4109f99c92a54a5c15301941340fa2cf0387
2024-09-08,THARIODE,750.5,775.6,201,253.26,774.65,189.35,94,0,,official_observed_reference,c39b57e42ba023176f8b44b5940e4109f99c92a54a5c15301941340fa2cf0387
2024-09-08,ANAYIRANKAL,1188,1207.008,48.968,65.616,1202.97,31.31,64,95.649,33.67,official_observed_reference,c39b57e42ba023176f8b44b5940e4109f99c92a54a5c15301941340fa2cf0387
2024-09-08,PONMUDI,678.8,707.745,47.4,63.516,705.3,40.07,85,0,,official_observed_reference,c39b57e42ba023176f8b44b5940e4109f99c92a54a5c15301941340fa2cf0387
2024-09-08,NERIAMANGALAM,445,456.59,5.557,4.835,454.75,4.31,78,3.75,1.766,official_observed_reference,c39b57e42ba023176f8b44b5940e4109f99c92a54a5c15301941340fa2cf0387
2024-09-08,PORINGAL,405.689,423.976,30.356,10.625,423.05,27.375,90,9.581,9.581,official_observed_reference,c39b57e42ba023176f8b44b5940e4109f99c92a54a5c15301941340fa2cf0387
2024-09-08,SENGULAM (SBR),844.86,847.6,1.614,0.71,846.7,,0,0,,official_observed_reference,c39b57e42ba023176f8b44b5940e4109f99c92a54a5c15301941340fa2cf0387
2024-09-08,LOWER PERIYAR,237.74,253,4.55,2.093,247.9,2.48,55,1.141,1.141,official_observed_reference,c39b57e42ba023176f8b44b5940e4109f99c92a54a5c15301941340fa2cf0387
2024-09-08,KAKKAD,181.36,192.63,1.16,0.358,185.7,,0,0,,official_observed_reference,c39b57e42ba023176f8b44b5940e4109f99c92a54a5c15301941340fa2cf0387
2024-09-09,IDUKKI,694.944,732.43,1460,2190,723.565,990.357,68,1485.536,1455.825,official_observed_reference,bb302fd24e8b47aabacf1d101f447cff5913599dd347e09c585a1d4f8e0d181a
2024-09-09,PAMBA,963.168,986.332,31.001,59.46,970.35,6.5,59,539.533,454.44,official_observed_reference,bb302fd24e8b47aabacf1d101f447cff5913599dd347e09c585a1d4f8e0d181a
2024-09-09,KAKKI,908.304,981.456,446.542,856.467,969.58,274.8,0,0,,official_observed_reference,bb302fd24e8b47aabacf1d101f447cff5913599dd347e09c585a1d4f8e0d181a
2024-09-09,SHOLAYAR,779.374,811.68,149.23,152.065,811.317,145.879,98,148.651,97.301,official_observed_reference,bb302fd24e8b47aabacf1d101f447cff5913599dd347e09c585a1d4f8e0d181a
2024-09-09,IDAMALAYAR,115,169,1017.8,254.45,159.99,759.72,75,189.93,189.93,official_observed_reference,bb302fd24e8b47aabacf1d101f447cff5913599dd347e09c585a1d4f8e0d181a
2024-09-09,KUNDALA,1735.836,1758.696,7.787,22.738,1758.25,7.43,95,168.864,73.039,official_observed_reference,bb302fd24e8b47aabacf1d101f447cff5913599dd347e09c585a1d4f8e0d181a
2024-09-09,MADUPPATTY,1554.48,1599.59,55.217,161.234,1598,50.4,91,0,,official_observed_reference,bb302fd24e8b47aabacf1d101f447cff5913599dd347e09c585a1d4f8e0d181a
2024-09-09,KUTTIADI,737.616,758.037,33.99,42.827,756.971,31.315,92,279.55,270.675,official_observed_reference,bb302fd24e8b47aabacf1d101f447cff5913599dd347e09c585a1d4f8e0d181a
2024-09-09,THARIODE,750.5,775.6,201,253.26,774.75,190.55,95,0,,official_observed_reference,bb302fd24e8b47aabacf1d101f447cff5913599dd347e09c585a1d4f8e0d181a
2024-09-09,ANAYIRANKAL,1188,1207.008,48.968,65.616,1202.99,31.39,64,96.252,33.882,official_observed_reference,bb302fd24e8b47aabacf1d101f447cff5913599dd347e09c585a1d4f8e0d181a
2024-09-09,PONMUDI,678.8,707.745,47.4,63.516,705.45,40.44,85,0,,official_observed_reference,bb302fd24e8b47aabacf1d101f447cff5913599dd347e09c585a1d4f8e0d181a
2024-09-09,NERIAMANGALAM,445,456.59,5.557,4.835,455.2,4.58,82,3.985,1.877,official_observed_reference,bb302fd24e8b47aabacf1d101f447cff5913599dd347e09c585a1d4f8e0d181a
2024-09-09,PORINGAL,405.689,423.976,30.356,10.625,423.1,27.5,91,9.625,9.625,official_observed_reference,bb302fd24e8b47aabacf1d101f447cff5913599dd347e09c585a1d4f8e0d181a
2024-09-09,SENGULAM (SBR),844.86,847.6,1.614,0.71,846.35,,0,0,,official_observed_reference,bb302fd24e8b47aabacf1d101f447cff5913599dd347e09c585a1d4f8e0d181a
2024-09-09,LOWER PERIYAR,237.74,253,4.55,2.093,250.8,3.6,79,1.656,1.656,official_observed_reference,bb302fd24e8b47aabacf1d101f447cff5913599dd347e09c585a1d4f8e0d181a
2024-09-09,KAKKAD,181.36,192.63,1.16,0.358,186.25,,0,0,,official_observed_reference,bb302fd24e8b47aabacf1d101f447cff5913599dd347e09c585a1d4f8e0d181a
2024-09-10,IDUKKI,694.944,732.43,1460,2190,723.65,994.332,68,1491.498,1461.668,official_observed_reference,e99dec4463e3cc022511df7a6877e8f8174528497e449dcaa9d85536cd7be4ba
2024-09-10,PAMBA,963.168,986.332,31.001,59.46,970.85,7,60,545.383,459.367,official_observed_reference,e99dec4463e3cc022511df7a6877e8f8174528497e449dcaa9d85536cd7be4ba
2024-09-10,KAKKI,908.304,981.456,446.542,856.467,969.8,277.35,0,0,,official_observed_reference,e99dec4463e3cc022511df7a6877e8f8174528497e449dcaa9d85536cd7be4ba
2024-09-10,SHOLAYAR,779.374,811.68,149.23,152.065,811.286,145.794,98,148.564,97.245,official_observed_reference,e99dec4463e3cc022511df7a6877e8f8174528497e449dcaa9d85536cd7be4ba
2024-09-10,IDAMALAYAR,115,169,1017.8,254.45,160.09,762.52,75,190.63,190.63,official_observed_reference,e99dec4463e3cc022511df7a6877e8f8174528497e449dcaa9d85536cd7be4ba
2024-09-10,KUNDALA,1735.836,1758.696,7.787,22.738,1758.25,7.43,95,168.864,73.039,official_observed_reference,e99dec4463e3cc022511df7a6877e8f8174528497e449dcaa9d85536cd7be4ba
2024-09-10,MADUPPATTY,1554.48,1599.59,55.217,161.234,1598,50.4,91,0,,official_observed_reference,e99dec4463e3cc022511df7a6877e8f8174528497e449dcaa9d85536cd7be4ba
2024-09-10,KUTTIADI,737.616,758.037,33.99,42.827,757.276,32.076,94,281.517,272.58,official_observed_reference,e99dec4463e3cc022511df7a6877e8f8174528497e449dcaa9d85536cd7be4ba
2024-09-10,THARIODE,750.5,775.6,201,253.26,774.8,191.35,95,0,,official_observed_reference,e99dec4463e3cc022511df7a6877e8f8174528497e449dcaa9d85536cd7be4ba
2024-09-10,ANAYIRANKAL,1188,1207.008,48.968,65.616,1203,31.43,64,96.48,33.962,official_observed_reference,e99dec4463e3cc022511df7a6877e8f8174528497e449dcaa9d85536cd7be4ba
2024-09-10,PONMUDI,678.8,707.745,47.4,63.516,705.5,40.57,86,0,,official_observed_reference,e99dec4463e3cc022511df7a6877e8f8174528497e449dcaa9d85536cd7be4ba
2024-09-10,NERIAMANGALAM,445,456.59,5.557,4.835,455.4,4.71,85,4.098,1.93,official_observed_reference,e99dec4463e3cc022511df7a6877e8f8174528497e449dcaa9d85536cd7be4ba
2024-09-10,PORINGAL,405.689,423.976,30.356,10.625,423.15,27.65,91,9.678,9.678,official_observed_reference,e99dec4463e3cc022511df7a6877e8f8174528497e449dcaa9d85536cd7be4ba
2024-09-10,SENGULAM (SBR),844.86,847.6,1.614,0.71,846.45,,0,0,,official_observed_reference,e99dec4463e3cc022511df7a6877e8f8174528497e449dcaa9d85536cd7be4ba
2024-09-10,LOWER PERIYAR,237.74,253,4.55,2.093,250.7,3.56,78,1.638,1.638,official_observed_reference,e99dec4463e3cc022511df7a6877e8f8174528497e449dcaa9d85536cd7be4ba
2024-09-10,KAKKAD,181.36,192.63,1.16,0.358,185.6,,0,0,,official_observed_reference,e99dec4463e3cc022511df7a6877e8f8174528497e449dcaa9d85536cd7be4ba
2024-09-11,IDUKKI,694.944,732.43,1460,2190,723.754,999.156,68,1498.734,1468.759,official_observed_reference,ba2d3282d24a470b2351861fc8d79b34fb2e280e3cd529fa42e422196ea20fbb
2024-09-11,PAMBA,963.168,986.332,31.001,59.46,971.65,7.85,60,553.631,466.314,official_observed_reference,ba2d3282d24a470b2351861fc8d79b34fb2e280e3cd529fa42e422196ea20fbb
2024-09-11,KAKKI,908.304,981.456,446.542,856.467,970.086,280.8,0,0,,official_observed_reference,ba2d3282d24a470b2351861fc8d79b34fb2e280e3cd529fa42e422196ea20fbb
2024-09-11,SHOLAYAR,779.374,811.68,149.23,152.065,811.286,145.794,98,148.564,97.245,official_observed_reference,ba2d3282d24a470b2351861fc8d79b34fb2e280e3cd529fa42e422196ea20fbb
2024-09-11,IDAMALAYAR,115,169,1017.8,254.45,160.27,767.56,75,191.89,191.89,official_observed_reference,ba2d3282d24a470b2351861fc8d79b34fb2e280e3cd529fa42e422196ea20fbb
2024-09-11,KUNDALA,1735.836,1758.696,7.787,22.738,1758.25,7.43,95,168.134,72.724,official_observed_reference,ba2d3282d24a470b2351861fc8d79b34fb2e280e3cd529fa42e422196ea20fbb
2024-09-11,MADUPPATTY,1554.48,1599.59,55.217,161.234,1597.9,50.15,91,0,,official_observed_reference,ba2d3282d24a470b2351861fc8d79b34fb2e280e3cd529fa42e422196ea20fbb
2024-09-11,KUTTIADI,737.616,758.037,33.99,42.827,757.306,32.152,95,282.117,273.161,official_observed_reference,ba2d3282d24a470b2351861fc8d79b34fb2e280e3cd529fa42e422196ea20fbb
2024-09-11,THARIODE,750.5,775.6,201,253.26,774.85,191.75,95,0,,official_observed_reference,ba2d3282d24a470b2351861fc8d79b34fb2e280e3cd529fa42e422196ea20fbb
2024-09-11,ANAYIRANKAL,1188,1207.008,48.968,65.616,1203.01,31.47,64,97.539,34.335,official_observed_reference,ba2d3282d24a470b2351861fc8d79b34fb2e280e3cd529fa42e422196ea20fbb
2024-09-11,PONMUDI,678.8,707.745,47.4,63.516,705.8,41.32,87,0,,official_observed_reference,ba2d3282d24a470b2351861fc8d79b34fb2e280e3cd529fa42e422196ea20fbb
2024-09-11,NERIAMANGALAM,445,456.59,5.557,4.835,455.1,4.52,81,3.932,1.852,official_observed_reference,ba2d3282d24a470b2351861fc8d79b34fb2e280e3cd529fa42e422196ea20fbb
2024-09-11,PORINGAL,405.689,423.976,30.356,10.625,423.25,27.95,92,9.783,9.783,official_observed_reference,ba2d3282d24a470b2351861fc8d79b34fb2e280e3cd529fa42e422196ea20fbb
2024-09-11,SENGULAM (SBR),844.86,847.6,1.614,0.71,846.6,,0,0,,official_observed_reference,ba2d3282d24a470b2351861fc8d79b34fb2e280e3cd529fa42e422196ea20fbb
2024-09-11,LOWER PERIYAR,237.74,253,4.55,2.093,251.9,4.08,90,1.877,1.877,official_observed_reference,ba2d3282d24a470b2351861fc8d79b34fb2e280e3cd529fa42e422196ea20fbb
2024-09-11,KAKKAD,181.36,192.63,1.16,0.358,186,,0,0,,official_observed_reference,ba2d3282d24a470b2351861fc8d79b34fb2e280e3cd529fa42e422196ea20fbb
2024-09-12,IDUKKI,694.944,732.43,1460,2190,723.821,1002.277,69,1503.416,1473.347,official_observed_reference,c08e0b58ab32339a2ea14bc14b360c4fc5c7e096bf80c6a1af23b89a9981b4be
2024-09-12,PAMBA,963.168,986.332,31.001,59.46,971.9,8.15,61,558.522,470.434,official_observed_reference,c08e0b58ab32339a2ea14bc14b360c4fc5c7e096bf80c6a1af23b89a9981b4be
2024-09-12,KAKKI,908.304,981.456,446.542,856.467,970.27,283.05,0,0,,official_observed_reference,c08e0b58ab32339a2ea14bc14b360c4fc5c7e096bf80c6a1af23b89a9981b4be
2024-09-12,SHOLAYAR,779.374,811.68,149.23,152.065,811.256,145.37,97,148.132,96.962,official_observed_reference,c08e0b58ab32339a2ea14bc14b360c4fc5c7e096bf80c6a1af23b89a9981b4be
2024-09-12,IDAMALAYAR,115,169,1017.8,254.45,160.37,770.36,76,192.59,192.59,official_observed_reference,c08e0b58ab32339a2ea14bc14b360c4fc5c7e096bf80c6a1af23b89a9981b4be
2024-09-12,KUNDALA,1735.836,1758.696,7.787,22.738,1758.25,7.43,95,167.039,72.25,official_observed_reference,c08e0b58ab32339a2ea14bc14b360c4fc5c7e096bf80c6a1af23b89a9981b4be
2024-09-12,MADUPPATTY,1554.48,1599.59,55.217,161.234,1597.75,49.775,90,0,,official_observed_reference,c08e0b58ab32339a2ea14bc14b360c4fc5c7e096bf80c6a1af23b89a9981b4be
2024-09-12,KUTTIADI,737.616,758.037,33.99,42.827,756.91,31.163,92,280.87,271.953,official_observed_reference,c08e0b58ab32339a2ea14bc14b360c4fc5c7e096bf80c6a1af23b89a9981b4be
2024-09-12,THARIODE,750.5,775.6,201,253.26,774.85,191.75,95,0,,official_observed_reference,c08e0b58ab32339a2ea14bc14b360c4fc5c7e096bf80c6a1af23b89a9981b4be
2024-09-12,ANAYIRANKAL,1188,1207.008,48.968,65.616,1203.01,31.47,64,97.699,34.392,official_observed_reference,c08e0b58ab32339a2ea14bc14b360c4fc5c7e096bf80c6a1af23b89a9981b4be
2024-09-12,PONMUDI,678.8,707.745,47.4,63.516,705.85,41.44,87,0,,official_observed_reference,c08e0b58ab32339a2ea14bc14b360c4fc5c7e096bf80c6a1af23b89a9981b4be
2024-09-12,NERIAMANGALAM,445,456.59,5.557,4.835,454.7,4.28,77,3.724,1.754,official_observed_reference,c08e0b58ab32339a2ea14bc14b360c4fc5c7e096bf80c6a1af23b89a9981b4be
2024-09-12,PORINGAL,405.689,423.976,30.356,10.625,423.35,28.25,93,9.888,9.888,official_observed_reference,c08e0b58ab32339a2ea14bc14b360c4fc5c7e096bf80c6a1af23b89a9981b4be
2024-09-12,SENGULAM (SBR),844.86,847.6,1.614,0.71,846.5,,0,0,,official_observed_reference,c08e0b58ab32339a2ea14bc14b360c4fc5c7e096bf80c6a1af23b89a9981b4be
2024-09-12,LOWER PERIYAR,237.74,253,4.55,2.093,249.6,3.11,68,1.431,1.431,official_observed_reference,c08e0b58ab32339a2ea14bc14b360c4fc5c7e096bf80c6a1af23b89a9981b4be
2024-09-12,KAKKAD,181.36,192.63,1.16,0.358,186.4,,0,0,,official_observed_reference,c08e0b58ab32339a2ea14bc14b360c4fc5c7e096bf80c6a1af23b89a9981b4be
2024-09-13,IDUKKI,694.944,732.43,1460,2190,723.857,1003.979,69,1505.969,1475.849,official_observed_reference,de4d1742fa2e91a794f21584e4f864103d2db34026d1bf47b424d2e88cd97994
2024-09-13,PAMBA,963.168,986.332,31.001,59.46,971.9,8.15,61,561.399,472.857,official_observed_reference,de4d1742fa2e91a794f21584e4f864103d2db34026d1bf47b424d2e88cd97994
2024-09-13,KAKKI,908.304,981.456,446.542,856.467,970.404,284.55,0,0,,official_observed_reference,de4d1742fa2e91a794f21584e4f864103d2db34026d1bf47b424d2e88cd97994
2024-09-13,SHOLAYAR,779.374,811.68,149.23,152.065,811.225,145.115,97,147.872,96.792,official_observed_reference,de4d1742fa2e91a794f21584e4f864103d2db34026d1bf47b424d2e88cd97994
2024-09-13,IDAMALAYAR,115,169,1017.8,254.45,160.44,772.32,76,193.08,193.08,official_observed_reference,de4d1742fa2e91a794f21584e4f864103d2db34026d1bf47b424d2e88cd97994
2024-09-13,KUNDALA,1735.836,1758.696,7.787,22.738,1758.2,7.39,95,165.827,71.726,official_observed_reference,de4d1742fa2e91a794f21584e4f864103d2db34026d1bf47b424d2e88cd97994
2024-09-13,MADUPPATTY,1554.48,1599.59,55.217,161.234,1597.6,49.4,89,0,,official_observed_reference,de4d1742fa2e91a794f21584e4f864103d2db34026d1bf47b424d2e88cd97994
2024-09-13,KUTTIADI,737.616,758.037,33.99,42.827,756.429,29.944,88,279.334,270.466,official_observed_reference,de4d1742fa2e91a794f21584e4f864103d2db34026d1bf47b424d2e88cd97994
2024-09-13,THARIODE,750.5,775.6,201,253.26,774.85,191.75,95,0,,official_observed_reference,de4d1742fa2e91a794f21584e4f864103d2db34026d1bf47b424d2e88cd97994
2024-09-13,ANAYIRANKAL,1188,1207.008,48.968,65.616,1203.02,31.51,64,97.592,34.354,official_observed_reference,de4d1742fa2e91a794f21584e4f864103d2db34026d1bf47b424d2e88cd97994
2024-09-13,PONMUDI,678.8,707.745,47.4,63.516,705.8,41.32,87,0,,official_observed_reference,de4d1742fa2e91a794f21584e4f864103d2db34026d1bf47b424d2e88cd97994
2024-09-13,NERIAMANGALAM,445,456.59,5.557,4.835,453.45,3.53,64,3.071,1.447,official_observed_reference,de4d1742fa2e91a794f21584e4f864103d2db34026d1bf47b424d2e88cd97994
2024-09-13,PORINGAL,405.689,423.976,30.356,10.625,423.25,27.95,92,9.783,9.783,official_observed_reference,de4d1742fa2e91a794f21584e4f864103d2db34026d1bf47b424d2e88cd97994
2024-09-13,SENGULAM (SBR),844.86,847.6,1.614,0.71,846.7,,0,0,,official_observed_reference,de4d1742fa2e91a794f21584e4f864103d2db34026d1bf47b424d2e88cd97994
2024-09-13,LOWER PERIYAR,237.74,253,4.55,2.093,249,2.88,63,1.325,1.325,official_observed_reference,de4d1742fa2e91a794f21584e4f864103d2db34026d1bf47b424d2e88cd97994
2024-09-13,KAKKAD,181.36,192.63,1.16,0.358,186.7,,0,0,,official_observed_reference,de4d1742fa2e91a794f21584e4f864103d2db34026d1bf47b424d2e88cd97994
2024-09-14,IDUKKI,694.944,732.43,1460,2190,723.882,1005.114,69,1507.671,1477.518,official_observed_reference,aed5be978c53d562bbf7f1609b04cadb151599ab658527eb37a4dd4a2220d4de
2024-09-14,PAMBA,963.168,986.332,31.001,59.46,971.75,7.97,62,564.218,475.232,official_observed_reference,aed5be978c53d562bbf7f1609b04cadb151599ab658527eb37a4dd4a2220d4de
2024-09-14,KAKKI,908.304,981.456,446.542,856.467,970.541,286.2,0,0,,official_observed_reference,aed5be978c53d562bbf7f1609b04cadb151599ab658527eb37a4dd4a2220d4de
2024-09-14,SHOLAYAR,779.374,811.68,149.23,152.065,811.225,145.115,97,147.872,96.792,official_observed_reference,aed5be978c53d562bbf7f1609b04cadb151599ab658527eb37a4dd4a2220d4de
2024-09-14,IDAMALAYAR,115,169,1017.8,254.45,160.52,774.56,76,193.64,193.64,official_observed_reference,aed5be978c53d562bbf7f1609b04cadb151599ab658527eb37a4dd4a2220d4de
2024-09-14,KUNDALA,1735.836,1758.696,7.787,22.738,1758.2,7.39,95,165.097,71.41,official_observed_reference,aed5be978c53d562bbf7f1609b04cadb151599ab658527eb37a4dd4a2220d4de
2024-09-14,MADUPPATTY,1554.48,1599.59,55.217,161.234,1597.5,49.15,89,0,,official_observed_reference,aed5be978c53d562bbf7f1609b04cadb151599ab658527eb37a4dd4a2220d4de
2024-09-14,KUTTIADI,737.616,758.037,33.99,42.827,756.057,29.029,85,278.181,269.35,official_observed_reference,aed5be978c53d562bbf7f1609b04cadb151599ab658527eb37a4dd4a2220d4de
2024-09-14,THARIODE,750.5,775.6,201,253.26,774.85,191.75,95,0,,official_observed_reference,aed5be978c53d562bbf7f1609b04cadb151599ab658527eb37a4dd4a2220d4de
2024-09-14,ANAYIRANKAL,1188,1207.008,48.968,65.616,1203.03,31.55,64,97.646,34.373,official_observed_reference,aed5be978c53d562bbf7f1609b04cadb151599ab658527eb37a4dd4a2220d4de
2024-09-14,PONMUDI,678.8,707.745,47.4,63.516,705.8,41.32,87,0,,official_observed_reference,aed5be978c53d562bbf7f1609b04cadb151599ab658527eb37a4dd4a2220d4de
2024-09-14,NERIAMANGALAM,445,456.59,5.557,4.835,453.3,3.44,62,2.993,1.41,official_observed_reference,aed5be978c53d562bbf7f1609b04cadb151599ab658527eb37a4dd4a2220d4de
2024-09-14,PORINGAL,405.689,423.976,30.356,10.625,422.95,27.125,89,9.494,9.494,official_observed_reference,aed5be978c53d562bbf7f1609b04cadb151599ab658527eb37a4dd4a2220d4de
2024-09-14,SENGULAM (SBR),844.86,847.6,1.614,0.71,846.75,,0,0,,official_observed_reference,aed5be978c53d562bbf7f1609b04cadb151599ab658527eb37a4dd4a2220d4de
2024-09-14,LOWER PERIYAR,237.74,253,4.55,2.093,249.9,3.24,71,1.49,1.49,official_observed_reference,aed5be978c53d562bbf7f1609b04cadb151599ab658527eb37a4dd4a2220d4de
2024-09-14,KAKKAD,181.36,192.63,1.16,0.358,186.1,,0,0,,official_observed_reference,aed5be978c53d562bbf7f1609b04cadb151599ab658527eb37a4dd4a2220d4de
2024-09-15,IDUKKI,694.944,732.43,1460,2190,723.912,1006.534,69,1509.801,1479.605,official_observed_reference,33d72d236f65a1111155bb788843a13b2dfd9827776b0bd18298f784c2274128
2024-09-15,PAMBA,963.168,986.332,31.001,59.46,971.55,7.73,62,566.347,477.025,official_observed_reference,33d72d236f65a1111155bb788843a13b2dfd9827776b0bd18298f784c2274128
2024-09-15,KAKKI,908.304,981.456,446.542,856.467,970.653,287.55,0,0,,official_observed_reference,33d72d236f65a1111155bb788843a13b2dfd9827776b0bd18298f784c2274128
2024-09-15,SHOLAYAR,779.374,811.68,149.23,152.065,811.134,144.336,97,147.078,96.272,official_observed_reference,33d72d236f65a1111155bb788843a13b2dfd9827776b0bd18298f784c2274128
2024-09-15,IDAMALAYAR,115,169,1017.8,254.45,160.56,775.68,76,193.92,193.92,official_observed_reference,33d72d236f65a1111155bb788843a13b2dfd9827776b0bd18298f784c2274128
2024-09-15,KUNDALA,1735.836,1758.696,7.787,22.738,1758.2,7.39,95,165.097,71.41,official_observed_reference,33d72d236f65a1111155bb788843a13b2dfd9827776b0bd18298f784c2274128
2024-09-15,MADUPPATTY,1554.48,1599.59,55.217,161.234,1597.5,49.15,89,0,,official_observed_reference,33d72d236f65a1111155bb788843a13b2dfd9827776b0bd18298f784c2274128
2024-09-15,KUTTIADI,737.616,758.037,33.99,42.827,756.057,29.029,85,277.677,268.862,official_observed_reference,33d72d236f65a1111155bb788843a13b2dfd9827776b0bd18298f784c2274128
2024-09-15,THARIODE,750.5,775.6,201,253.26,774.8,191.35,95,0,,official_observed_reference,33d72d236f65a1111155bb788843a13b2dfd9827776b0bd18298f784c2274128
2024-09-15,ANAYIRANKAL,1188,1207.008,48.968,65.616,1203.03,31.55,64,97.311,34.255,official_observed_reference,33d72d236f65a1111155bb788843a13b2dfd9827776b0bd18298f784c2274128
2024-09-15,PONMUDI,678.8,707.745,47.4,63.516,705.7,41.07,87,0,,official_observed_reference,33d72d236f65a1111155bb788843a13b2dfd9827776b0bd18298f784c2274128
2024-09-15,NERIAMANGALAM,445,456.59,5.557,4.835,452.9,3.2,58,2.784,1.311,official_observed_reference,33d72d236f65a1111155bb788843a13b2dfd9827776b0bd18298f784c2274128
2024-09-15,PORINGAL,405.689,423.976,30.356,10.625,422.65,26.375,87,9.231,9.231,official_observed_reference,33d72d236f65a1111155bb788843a13b2dfd9827776b0bd18298f784c2274128
2024-09-15,SENGULAM (SBR),844.86,847.6,1.614,0.71,846.45,,0,0,,official_observed_reference,33d72d236f65a1111155bb788843a13b2dfd9827776b0bd18298f784c2274128
2024-09-15,LOWER PERIYAR,237.74,253,4.55,2.093,248.2,2.58,57,1.187,1.187,official_observed_reference,33d72d236f65a1111155bb788843a13b2dfd9827776b0bd18298f784c2274128
2024-09-15,KAKKAD,181.36,192.63,1.16,0.358,185.7,,0,0,,official_observed_reference,33d72d236f65a1111155bb788843a13b2dfd9827776b0bd18298f784c2274128
2024-09-16,IDUKKI,694.944,732.43,1460,2190,723.912,1006.534,69,1509.801,1479.605,official_observed_reference,67b46bd226fc240ae8f9cbad90739b4dede45493971346385e074aac1fdd6b49
2024-09-16,PAMBA,963.168,986.332,31.001,59.46,971.35,7.5,62,566.481,477.138,official_observed_reference,67b46bd226fc240ae8f9cbad90739b4dede45493971346385e074aac1fdd6b49
2024-09-16,KAKKI,908.304,981.456,446.542,856.467,970.678,287.85,0,0,,official_observed_reference,67b46bd226fc240ae8f9cbad90739b4dede45493971346385e074aac1fdd6b49
2024-09-16,SHOLAYAR,779.374,811.68,149.23,152.065,811.073,143.826,96,146.559,95.932,official_observed_reference,67b46bd226fc240ae8f9cbad90739b4dede45493971346385e074aac1fdd6b49
2024-09-16,IDAMALAYAR,115,169,1017.8,254.45,160.55,775.4,76,193.85,193.85,official_observed_reference,67b46bd226fc240ae8f9cbad90739b4dede45493971346385e074aac1fdd6b49
2024-09-16,KUNDALA,1735.836,1758.696,7.787,22.738,1758.2,7.39,95,164.367,71.094,official_observed_reference,67b46bd226fc240ae8f9cbad90739b4dede45493971346385e074aac1fdd6b49
2024-09-16,MADUPPATTY,1554.48,1599.59,55.217,161.234,1597.4,48.9,89,0,,official_observed_reference,67b46bd226fc240ae8f9cbad90739b4dede45493971346385e074aac1fdd6b49
2024-09-16,KUTTIADI,737.616,758.037,33.99,42.827,755.722,28.192,83,275.615,266.865,official_observed_reference,67b46bd226fc240ae8f9cbad90739b4dede45493971346385e074aac1fdd6b49
2024-09-16,THARIODE,750.5,775.6,201,253.26,774.75,190.55,95,0,,official_observed_reference,67b46bd226fc240ae8f9cbad90739b4dede45493971346385e074aac1fdd6b49
2024-09-16,ANAYIRANKAL,1188,1207.008,48.968,65.616,1203.04,31.59,65,97.03,34.156,official_observed_reference,67b46bd226fc240ae8f9cbad90739b4dede45493971346385e074aac1fdd6b49
2024-09-16,PONMUDI,678.8,707.745,47.4,63.516,705.6,40.82,86,0,,official_observed_reference,67b46bd226fc240ae8f9cbad90739b4dede45493971346385e074aac1fdd6b49
2024-09-16,NERIAMANGALAM,445,456.59,5.557,4.835,454,3.86,69,3.358,1.582,official_observed_reference,67b46bd226fc240ae8f9cbad90739b4dede45493971346385e074aac1fdd6b49
2024-09-16,PORINGAL,405.689,423.976,30.356,10.625,422.35,25.625,84,8.969,8.969,official_observed_reference,67b46bd226fc240ae8f9cbad90739b4dede45493971346385e074aac1fdd6b49
2024-09-16,SENGULAM (SBR),844.86,847.6,1.614,0.71,846.45,,0,0,,official_observed_reference,67b46bd226fc240ae8f9cbad90739b4dede45493971346385e074aac1fdd6b49
2024-09-16,LOWER PERIYAR,237.74,253,4.55,2.093,247.9,2.48,55,1.141,1.141,official_observed_reference,67b46bd226fc240ae8f9cbad90739b4dede45493971346385e074aac1fdd6b49
2024-09-16,KAKKAD,181.36,192.63,1.16,0.358,188.7,,0,0,,official_observed_reference,67b46bd226fc240ae8f9cbad90739b4dede45493971346385e074aac1fdd6b49
2024-09-17,IDUKKI,694.944,732.43,1460,2190,723.888,1005.398,69,1508.097,1477.935,official_observed_reference,01c2a778a23f14b4d06e2a462099ac2ada28ab3c7bbda1ec9e3099b6c58038bb
2024-09-17,PAMBA,963.168,986.332,31.001,59.46,971.15,7.3,62,564.372,475.361,official_observed_reference,01c2a778a23f14b4d06e2a462099ac2ada28ab3c7bbda1ec9e3099b6c58038bb
2024-09-17,KAKKI,908.304,981.456,446.542,856.467,970.599,286.95,0,0,,official_observed_reference,01c2a778a23f14b4d06e2a462099ac2ada28ab3c7bbda1ec9e3099b6c58038bb
2024-09-17,SHOLAYAR,779.374,811.68,149.23,152.065,811.103,144.081,97,146.819,96.102,official_observed_reference,01c2a778a23f14b4d06e2a462099ac2ada28ab3c7bbda1ec9e3099b6c58038bb
2024-09-17,IDAMALAYAR,115,169,1017.8,254.45,160.42,771.76,76,192.94,192.94,official_observed_reference,01c2a778a23f14b4d06e2a462099ac2ada28ab3c7bbda1ec9e3099b6c58038bb
2024-09-17,KUNDALA,1735.836,1758.696,7.787,22.738,1758.2,7.39,95,163.637,70.779,official_observed_reference,01c2a778a23f14b4d06e2a462099ac2ada28ab3c7bbda1ec9e3099b6c58038bb
2024-09-17,MADUPPATTY,1554.48,1599.59,55.217,161.234,1597.3,48.65,88,0,,official_observed_reference,01c2a778a23f14b4d06e2a462099ac2ada28ab3c7bbda1ec9e3099b6c58038bb
2024-09-17,KUTTIADI,737.616,758.037,33.99,42.827,755.204,26.896,79,272.974,264.308,official_observed_reference,01c2a778a23f14b4d06e2a462099ac2ada28ab3c7bbda1ec9e3099b6c58038bb
2024-09-17,THARIODE,750.5,775.6,201,253.26,774.7,189.75,94,0,,official_observed_reference,01c2a778a23f14b4d06e2a462099ac2ada28ab3c7bbda1ec9e3099b6c58038bb
2024-09-17,ANAYIRANKAL,1188,1207.008,48.968,65.616,1203.05,31.63,65,96.748,34.057,official_observed_reference,01c2a778a23f14b4d06e2a462099ac2ada28ab3c7bbda1ec9e3099b6c58038bb
2024-09-17,PONMUDI,678.8,707.745,47.4,63.516,705.5,40.57,86,0,,official_observed_reference,01c2a778a23f14b4d06e2a462099ac2ada28ab3c7bbda1ec9e3099b6c58038bb
2024-09-17,NERIAMANGALAM,445,456.59,5.557,4.835,453.6,3.62,65,3.149,1.483,official_observed_reference,01c2a778a23f14b4d06e2a462099ac2ada28ab3c7bbda1ec9e3099b6c58038bb
2024-09-17,PORINGAL,405.689,423.976,30.356,10.625,422.05,24.875,82,8.706,8.706,official_observed_reference,01c2a778a23f14b4d06e2a462099ac2ada28ab3c7bbda1ec9e3099b6c58038bb
2024-09-17,SENGULAM (SBR),844.86,847.6,1.614,0.71,846.6,,0,0,,official_observed_reference,01c2a778a23f14b4d06e2a462099ac2ada28ab3c7bbda1ec9e3099b6c58038bb
2024-09-17,LOWER PERIYAR,237.74,253,4.55,2.093,249.7,3.16,69,1.454,1.454,official_observed_reference,01c2a778a23f14b4d06e2a462099ac2ada28ab3c7bbda1ec9e3099b6c58038bb
2024-09-17,KAKKAD,181.36,192.63,1.16,0.358,188.3,,0,0,,official_observed_reference,01c2a778a23f14b4d06e2a462099ac2ada28ab3c7bbda1ec9e3099b6c58038bb
2024-09-18,IDUKKI,694.944,732.43,1460,2190,723.845,1003.412,69,1505.118,1475.016,official_observed_reference,7d747354f105034928dcfbbe74c28102914c08a5fa8fe1a6944ccee52b797e6a
2024-09-18,PAMBA,963.168,986.332,31.001,59.46,970.95,7.1,61,562.262,473.584,official_observed_reference,7d747354f105034928dcfbbe74c28102914c08a5fa8fe1a6944ccee52b797e6a
2024-09-18,KAKKI,908.304,981.456,446.542,856.467,970.52,286.05,0,0,,official_observed_reference,7d747354f105034928dcfbbe74c28102914c08a5fa8fe1a6944ccee52b797e6a
2024-09-18,SHOLAYAR,779.374,811.68,149.23,152.065,811.134,144.336,97,147.078,96.272,official_observed_reference,7d747354f105034928dcfbbe74c28102914c08a5fa8fe1a6944ccee52b797e6a
2024-09-18,IDAMALAYAR,115,169,1017.8,254.45,160.34,769.52,76,192.38,192.38,official_observed_reference,7d747354f105034928dcfbbe74c28102914c08a5fa8fe1a6944ccee52b797e6a
2024-09-18,KUNDALA,1735.836,1758.696,7.787,22.738,1758.2,7.39,95,163.272,70.621,official_observed_reference,7d747354f105034928dcfbbe74c28102914c08a5fa8fe1a6944ccee52b797e6a
2024-09-18,MADUPPATTY,1554.48,1599.59,55.217,161.234,1597.25,48.525,88,0,,official_observed_reference,7d747354f105034928dcfbbe74c28102914c08a5fa8fe1a6944ccee52b797e6a
2024-09-18,KUTTIADI,737.616,758.037,33.99,42.827,754.746,25.752,76,271.029,262.424,official_observed_reference,7d747354f105034928dcfbbe74c28102914c08a5fa8fe1a6944ccee52b797e6a
2024-09-18,THARIODE,750.5,775.6,201,253.26,774.65,189.35,94,0,,official_observed_reference,7d747354f105034928dcfbbe74c28102914c08a5fa8fe1a6944ccee52b797e6a
2024-09-18,ANAYIRANKAL,1188,1207.008,48.968,65.616,1203.06,31.67,65,96.762,34.062,official_observed_reference,7d747354f105034928dcfbbe74c28102914c08a5fa8fe1a6944ccee52b797e6a
2024-09-18,PONMUDI,678.8,707.745,47.4,63.516,705.49,40.54,86,0,,official_observed_reference,7d747354f105034928dcfbbe74c28102914c08a5fa8fe1a6944ccee52b797e6a
2024-09-18,NERIAMANGALAM,445,456.59,5.557,4.835,452.6,3.05,55,2.654,1.25,official_observed_reference,7d747354f105034928dcfbbe74c28102914c08a5fa8fe1a6944ccee52b797e6a
2024-09-18,PORINGAL,405.689,423.976,30.356,10.625,421.7,24,79,8.4,8.4,official_observed_reference,7d747354f105034928dcfbbe74c28102914c08a5fa8fe1a6944ccee52b797e6a
2024-09-18,SENGULAM (SBR),844.86,847.6,1.614,0.71,846.4,,0,0,,official_observed_reference,7d747354f105034928dcfbbe74c28102914c08a5fa8fe1a6944ccee52b797e6a
2024-09-18,LOWER PERIYAR,237.74,253,4.55,2.093,249.6,3.11,68,1.431,1.431,official_observed_reference,7d747354f105034928dcfbbe74c28102914c08a5fa8fe1a6944ccee52b797e6a
2024-09-18,KAKKAD,181.36,192.63,1.16,0.358,186.8,,0,0,,official_observed_reference,7d747354f105034928dcfbbe74c28102914c08a5fa8fe1a6944ccee52b797e6a
2024-09-19,IDUKKI,694.944,732.43,1460,2190,723.778,1000.291,69,1500.437,1470.428,official_observed_reference,44cba9713727d60a83262a97b6ef391710dfdefaf03b12187a16080a55aab3a5
2024-09-19,PAMBA,963.168,986.332,31.001,59.46,970.8,6.95,61,560.536,472.13,official_observed_reference,44cba9713727d60a83262a97b6ef391710dfdefaf03b12187a16080a55aab3a5
2024-09-19,KAKKI,908.304,981.456,446.542,856.467,970.467,285.3,0,0,,official_observed_reference,44cba9713727d60a83262a97b6ef391710dfdefaf03b12187a16080a55aab3a5
2024-09-19,SHOLAYAR,779.374,811.68,149.23,152.065,811.195,144.846,97,147.598,96.612,official_observed_reference,44cba9713727d60a83262a97b6ef391710dfdefaf03b12187a16080a55aab3a5
2024-09-19,IDAMALAYAR,115,169,1017.8,254.45,160.24,766.72,75,191.68,191.68,official_observed_reference,44cba9713727d60a83262a97b6ef391710dfdefaf03b12187a16080a55aab3a5
2024-09-19,KUNDALA,1735.836,1758.696,7.787,22.738,1758.2,7.39,95,162.542,70.305,official_observed_reference,44cba9713727d60a83262a97b6ef391710dfdefaf03b12187a16080a55aab3a5
2024-09-19,MADUPPATTY,1554.48,1599.59,55.217,161.234,1597.15,48.275,87,0,,official_observed_reference,44cba9713727d60a83262a97b6ef391710dfdefaf03b12187a16080a55aab3a5
2024-09-19,KUTTIADI,737.616,758.037,33.99,42.827,754.502,25.14,74,268.997,260.458,official_observed_reference,44cba9713727d60a83262a97b6ef391710dfdefaf03b12187a16080a55aab3a5
2024-09-19,THARIODE,750.5,775.6,201,253.26,774.6,188.35,94,0,,official_observed_reference,44cba9713727d60a83262a97b6ef391710dfdefaf03b12187a16080a55aab3a5
2024-09-19,ANAYIRANKAL,1188,1207.008,48.968,65.616,1203.08,31.75,65,96.399,33.934,official_observed_reference,44cba9713727d60a83262a97b6ef391710dfdefaf03b12187a16080a55aab3a5
2024-09-19,PONMUDI,678.8,707.745,47.4,63.516,705.35,40.19,85,0,,official_observed_reference,44cba9713727d60a83262a97b6ef391710dfdefaf03b12187a16080a55aab3a5
2024-09-19,NERIAMANGALAM,445,456.59,5.557,4.835,453.1,3.32,60,2.888,1.361,official_observed_reference,44cba9713727d60a83262a97b6ef391710dfdefaf03b12187a16080a55aab3a5
2024-09-19,PORINGAL,405.689,423.976,30.356,10.625,421.2,22.75,75,7.963,7.963,official_observed_reference,44cba9713727d60a83262a97b6ef391710dfdefaf03b12187a16080a55aab3a5
2024-09-19,SENGULAM (SBR),844.86,847.6,1.614,0.71,846.6,,0,0,,official_observed_reference,44cba9713727d60a83262a97b6ef391710dfdefaf03b12187a16080a55aab3a5
2024-09-19,LOWER PERIYAR,237.74,253,4.55,2.093,248.2,2.58,57,1.187,1.187,official_observed_reference,44cba9713727d60a83262a97b6ef391710dfdefaf03b12187a16080a55aab3a5
2024-09-19,KAKKAD,181.36,192.63,1.16,0.358,187.1,,0,0,,official_observed_reference,44cba9713727d60a83262a97b6ef391710dfdefaf03b12187a16080a55aab3a5
2024-09-21,IDUKKI,694.944,732.43,1460,2190,723.614,992.63,68,1488.945,1459.166,official_observed_reference,17b6d9514f13d01d2e87e9189ddacf64291c1a2ce52c0ab1311b1b969ec2fd2f
2024-09-21,PAMBA,963.168,986.332,31.001,59.46,970.55,6.7,61,556.028,468.333,official_observed_reference,17b6d9514f13d01d2e87e9189ddacf64291c1a2ce52c0ab1311b1b969ec2fd2f
2024-09-21,KAKKI,908.304,981.456,446.542,856.467,970.282,283.2,0,0,,official_observed_reference,17b6d9514f13d01d2e87e9189ddacf64291c1a2ce52c0ab1311b1b969ec2fd2f
2024-09-21,SHOLAYAR,779.374,811.68,149.23,152.065,811.103,144.081,97,146.819,96.102,official_observed_reference,17b6d9514f13d01d2e87e9189ddacf64291c1a2ce52c0ab1311b1b969ec2fd2f
2024-09-21,IDAMALAYAR,115,169,1017.8,254.45,160,760,75,190,190,official_observed_reference,17b6d9514f13d01d2e87e9189ddacf64291c1a2ce52c0ab1311b1b969ec2fd2f
2024-09-21,KUNDALA,1735.836,1758.696,7.787,22.738,1758.2,7.39,95,161.447,69.831,official_observed_reference,17b6d9514f13d01d2e87e9189ddacf64291c1a2ce52c0ab1311b1b969ec2fd2f
2024-09-21,MADUPPATTY,1554.48,1599.59,55.217,161.234,1597,47.9,87,0,,official_observed_reference,17b6d9514f13d01d2e87e9189ddacf64291c1a2ce52c0ab1311b1b969ec2fd2f
2024-09-21,KUTTIADI,737.616,758.037,33.99,42.827,753.923,23.694,70,264.403,256.01,official_observed_reference,17b6d9514f13d01d2e87e9189ddacf64291c1a2ce52c0ab1311b1b969ec2fd2f
2024-09-21,THARIODE,750.5,775.6,201,253.26,774.45,186.15,93,0,,official_observed_reference,17b6d9514f13d01d2e87e9189ddacf64291c1a2ce52c0ab1311b1b969ec2fd2f
2024-09-21,ANAYIRANKAL,1188,1207.008,48.968,65.616,1203.11,31.87,65,95.22,33.519,official_observed_reference,17b6d9514f13d01d2e87e9189ddacf64291c1a2ce52c0ab1311b1b969ec2fd2f
2024-09-21,PONMUDI,678.8,707.745,47.4,63.516,704.95,39.19,83,0,,official_observed_reference,17b6d9514f13d01d2e87e9189ddacf64291c1a2ce52c0ab1311b1b969ec2fd2f
2024-09-21,NERIAMANGALAM,445,456.59,5.557,4.835,452.45,2.975,54,2.588,1.219,official_observed_reference,17b6d9514f13d01d2e87e9189ddacf64291c1a2ce52c0ab1311b1b969ec2fd2f
2024-09-21,PORINGAL,405.689,423.976,30.356,10.625,420.35,20.625,68,7.219,7.219,official_observed_reference,17b6d9514f13d01d2e87e9189ddacf64291c1a2ce52c0ab1311b1b969ec2fd2f
2024-09-21,SENGULAM (SBR),844.86,847.6,1.614,0.71,846.6,,0,0,,official_observed_reference,17b6d9514f13d01d2e87e9189ddacf64291c1a2ce52c0ab1311b1b969ec2fd2f
2024-09-21,LOWER PERIYAR,237.74,253,4.55,2.093,248.7,2.76,61,1.27,1.27,official_observed_reference,17b6d9514f13d01d2e87e9189ddacf64291c1a2ce52c0ab1311b1b969ec2fd2f
2024-09-21,KAKKAD,181.36,192.63,1.16,0.358,186.9,,0,0,,official_observed_reference,17b6d9514f13d01d2e87e9189ddacf64291c1a2ce52c0ab1311b1b969ec2fd2f
2024-09-22,IDUKKI,694.944,732.43,1460,2190,723.559,990.073,68,1485.11,1455.407,official_observed_reference,0e8f337e9c2332d2fc5e9197ac46a34af4fed371aeb5860757933ad20b429611
2024-09-22,PAMBA,963.168,986.332,31.001,59.46,970.45,6.6,60,554.11,466.718,official_observed_reference,0e8f337e9c2332d2fc5e9197ac46a34af4fed371aeb5860757933ad20b429611
2024-09-22,KAKKI,908.304,981.456,446.542,856.467,970.215,282.3,0,0,,official_observed_reference,0e8f337e9c2332d2fc5e9197ac46a34af4fed371aeb5860757933ad20b429611
2024-09-22,SHOLAYAR,779.374,811.68,149.23,152.065,811.042,143.571,96,146.299,95.762,official_observed_reference,0e8f337e9c2332d2fc5e9197ac46a34af4fed371aeb5860757933ad20b429611
2024-09-22,IDAMALAYAR,115,169,1017.8,254.45,159.91,757.48,74,189.37,189.37,official_observed_reference,0e8f337e9c2332d2fc5e9197ac46a34af4fed371aeb5860757933ad20b429611
2024-09-22,KUNDALA,1735.836,1758.696,7.787,22.738,1758.2,7.39,95,160.717,69.516,official_observed_reference,0e8f337e9c2332d2fc5e9197ac46a34af4fed371aeb5860757933ad20b429611
2024-09-22,MADUPPATTY,1554.48,1599.59,55.217,161.234,1596.9,47.65,86,0,,official_observed_reference,0e8f337e9c2332d2fc5e9197ac46a34af4fed371aeb5860757933ad20b429611
2024-09-22,KUTTIADI,737.616,758.037,33.99,42.827,754.075,24.08,71,264.638,256.237,official_observed_reference,0e8f337e9c2332d2fc5e9197ac46a34af4fed371aeb5860757933ad20b429611
2024-09-22,THARIODE,750.5,775.6,201,253.26,774.4,185.95,93,0,,official_observed_reference,0e8f337e9c2332d2fc5e9197ac46a34af4fed371aeb5860757933ad20b429611
2024-09-22,ANAYIRANKAL,1188,1207.008,48.968,65.616,1203.11,31.87,65,94.724,33.344,official_observed_reference,0e8f337e9c2332d2fc5e9197ac46a34af4fed371aeb5860757933ad20b429611
2024-09-22,PONMUDI,678.8,707.745,47.4,63.516,704.8,38.82,82,0,,official_observed_reference,0e8f337e9c2332d2fc5e9197ac46a34af4fed371aeb5860757933ad20b429611
2024-09-22,NERIAMANGALAM,445,456.59,5.557,4.835,452.8,3.15,57,2.741,1.291,official_observed_reference,0e8f337e9c2332d2fc5e9197ac46a34af4fed371aeb5860757933ad20b429611
2024-09-22,PORINGAL,405.689,423.976,30.356,10.625,419.75,19.125,63,6.694,6.694,official_observed_reference,0e8f337e9c2332d2fc5e9197ac46a34af4fed371aeb5860757933ad20b429611
2024-09-22,SENGULAM (SBR),844.86,847.6,1.614,0.71,846.55,,0,0,,official_observed_reference,0e8f337e9c2332d2fc5e9197ac46a34af4fed371aeb5860757933ad20b429611
2024-09-22,LOWER PERIYAR,237.74,253,4.55,2.093,248.2,2.58,57,1.187,1.187,official_observed_reference,0e8f337e9c2332d2fc5e9197ac46a34af4fed371aeb5860757933ad20b429611
2024-09-22,KAKKAD,181.36,192.63,1.16,0.358,187.6,,0,0,,official_observed_reference,0e8f337e9c2332d2fc5e9197ac46a34af4fed371aeb5860757933ad20b429611
2024-09-23,IDUKKI,694.944,732.43,1460,2190,723.479,986.377,68,1479.566,1449.974,official_observed_reference,cdc04fd0ff3c7064e21ebbb2464f133892021cdf1ebd2d25caa3e98bf4a4b352
2024-09-23,PAMBA,963.168,986.332,31.001,59.46,970.35,6.5,60,551.617,464.618,official_observed_reference,cdc04fd0ff3c7064e21ebbb2464f133892021cdf1ebd2d25caa3e98bf4a4b352
2024-09-23,KAKKI,908.304,981.456,446.542,856.467,970.114,281.1,0,0,,official_observed_reference,cdc04fd0ff3c7064e21ebbb2464f133892021cdf1ebd2d25caa3e98bf4a4b352
2024-09-23,SHOLAYAR,779.374,811.68,149.23,152.065,811.012,143.316,96,146.039,95.592,official_observed_reference,cdc04fd0ff3c7064e21ebbb2464f133892021cdf1ebd2d25caa3e98bf4a4b352
2024-09-23,IDAMALAYAR,115,169,1017.8,254.45,159.81,754.68,74,188.67,188.67,official_observed_reference,cdc04fd0ff3c7064e21ebbb2464f133892021cdf1ebd2d25caa3e98bf4a4b352
2024-09-23,KUNDALA,1735.836,1758.696,7.787,22.738,1758.2,7.39,95,160.352,69.358,official_observed_reference,cdc04fd0ff3c7064e21ebbb2464f133892021cdf1ebd2d25caa3e98bf4a4b352
2024-09-23,MADUPPATTY,1554.48,1599.59,55.217,161.234,1596.85,47.525,86,0,,official_observed_reference,cdc04fd0ff3c7064e21ebbb2464f133892021cdf1ebd2d25caa3e98bf4a4b352
2024-09-23,KUTTIADI,737.616,758.037,33.99,42.827,754.167,24.308,72,263.665,255.295,official_observed_reference,cdc04fd0ff3c7064e21ebbb2464f133892021cdf1ebd2d25caa3e98bf4a4b352
2024-09-23,THARIODE,750.5,775.6,201,253.26,774.3,184.95,92,0,,official_observed_reference,cdc04fd0ff3c7064e21ebbb2464f133892021cdf1ebd2d25caa3e98bf4a4b352
2024-09-23,ANAYIRANKAL,1188,1207.008,48.968,65.616,1203.12,31.91,65,94.108,33.127,official_observed_reference,cdc04fd0ff3c7064e21ebbb2464f133892021cdf1ebd2d25caa3e98bf4a4b352
2024-09-23,PONMUDI,678.8,707.745,47.4,63.516,704.65,38.32,81,0,,official_observed_reference,cdc04fd0ff3c7064e21ebbb2464f133892021cdf1ebd2d25caa3e98bf4a4b352
2024-09-23,NERIAMANGALAM,445,456.59,5.557,4.835,453.55,3.59,65,3.123,1.471,official_observed_reference,cdc04fd0ff3c7064e21ebbb2464f133892021cdf1ebd2d25caa3e98bf4a4b352
2024-09-23,PORINGAL,405.689,423.976,30.356,10.625,419.25,17.875,59,6.256,6.256,official_observed_reference,cdc04fd0ff3c7064e21ebbb2464f133892021cdf1ebd2d25caa3e98bf4a4b352
2024-09-23,SENGULAM (SBR),844.86,847.6,1.614,0.71,846.6,,0,0,,official_observed_reference,cdc04fd0ff3c7064e21ebbb2464f133892021cdf1ebd2d25caa3e98bf4a4b352
2024-09-23,LOWER PERIYAR,237.74,253,4.55,2.093,249.1,2.91,64,1.339,1.339,official_observed_reference,cdc04fd0ff3c7064e21ebbb2464f133892021cdf1ebd2d25caa3e98bf4a4b352
2024-09-23,KAKKAD,181.36,192.63,1.16,0.358,187.6,,0,0,,official_observed_reference,cdc04fd0ff3c7064e21ebbb2464f133892021cdf1ebd2d25caa3e98bf4a4b352
2024-09-24,IDUKKI,694.944,732.43,1460,2190,723.412,983.25,67,1474.875,1445.378,official_observed_reference,df8d411facbb9f4a7fd3ebfcd83dc13e5c36b4c4f9ec6f529454ef0b09794b4e
2024-09-24,PAMBA,963.168,986.332,31.001,59.46,970.2,6.35,60,549.028,462.437,official_observed_reference,df8d411facbb9f4a7fd3ebfcd83dc13e5c36b4c4f9ec6f529454ef0b09794b4e
2024-09-24,KAKKI,908.304,981.456,446.542,856.467,970.019,279.9,0,0,,official_observed_reference,df8d411facbb9f4a7fd3ebfcd83dc13e5c36b4c4f9ec6f529454ef0b09794b4e
2024-09-24,SHOLAYAR,779.374,811.68,149.23,152.065,810.951,142.807,96,145.52,95.252,official_observed_reference,df8d411facbb9f4a7fd3ebfcd83dc13e5c36b4c4f9ec6f529454ef0b09794b4e
2024-09-24,IDAMALAYAR,115,169,1017.8,254.45,159.74,752.72,74,188.18,188.18,official_observed_reference,df8d411facbb9f4a7fd3ebfcd83dc13e5c36b4c4f9ec6f529454ef0b09794b4e
2024-09-24,KUNDALA,1735.836,1758.696,7.787,22.738,1758.2,7.39,95,159.987,69.2,official_observed_reference,df8d411facbb9f4a7fd3ebfcd83dc13e5c36b4c4f9ec6f529454ef0b09794b4e
2024-09-24,MADUPPATTY,1554.48,1599.59,55.217,161.234,1596.8,47.4,86,0,,official_observed_reference,df8d411facbb9f4a7fd3ebfcd83dc13e5c36b4c4f9ec6f529454ef0b09794b4e
2024-09-24,KUTTIADI,737.616,758.037,33.99,42.827,754.228,24.46,72,263.857,255.48,official_observed_reference,df8d411facbb9f4a7fd3ebfcd83dc13e5c36b4c4f9ec6f529454ef0b09794b4e
2024-09-24,THARIODE,750.5,775.6,201,253.26,774.3,184.95,92,0,,official_observed_reference,df8d411facbb9f4a7fd3ebfcd83dc13e5c36b4c4f9ec6f529454ef0b09794b4e
2024-09-24,ANAYIRANKAL,1188,1207.008,48.968,65.616,1203.12,31.91,65,93.599,32.948,official_observed_reference,df8d411facbb9f4a7fd3ebfcd83dc13e5c36b4c4f9ec6f529454ef0b09794b4e
2024-09-24,PONMUDI,678.8,707.745,47.4,63.516,704.45,37.94,80,0,,official_observed_reference,df8d411facbb9f4a7fd3ebfcd83dc13e5c36b4c4f9ec6f529454ef0b09794b4e
2024-09-24,NERIAMANGALAM,445,456.59,5.557,4.835,453.85,3.77,68,3.28,1.545,official_observed_reference,df8d411facbb9f4a7fd3ebfcd83dc13e5c36b4c4f9ec6f529454ef0b09794b4e
2024-09-24,PORINGAL,405.689,423.976,30.356,10.625,418.7,16.5,54,5.775,5.775,official_observed_reference,df8d411facbb9f4a7fd3ebfcd83dc13e5c36b4c4f9ec6f529454ef0b09794b4e
2024-09-24,SENGULAM (SBR),844.86,847.6,1.614,0.71,846.4,,0,0,,official_observed_reference,df8d411facbb9f4a7fd3ebfcd83dc13e5c36b4c4f9ec6f529454ef0b09794b4e
2024-09-24,LOWER PERIYAR,237.74,253,4.55,2.093,249.1,2.91,64,1.339,1.339,official_observed_reference,df8d411facbb9f4a7fd3ebfcd83dc13e5c36b4c4f9ec6f529454ef0b09794b4e
2024-09-24,KAKKAD,181.36,192.63,1.16,0.358,187.25,,0,0,,official_observed_reference,df8d411facbb9f4a7fd3ebfcd83dc13e5c36b4c4f9ec6f529454ef0b09794b4e
2024-09-25,IDUKKI,694.944,732.43,1460,2190,723.351,980.407,67,1470.611,1441.198,official_observed_reference,a6da653aaeac5b4f5b78aad6c6a76fc38c1a6d75270d4b7ba083362a39e240d3
2024-09-25,PAMBA,963.168,986.332,31.001,59.46,970.1,6.25,60,547.11,460.821,official_observed_reference,a6da653aaeac5b4f5b78aad6c6a76fc38c1a6d75270d4b7ba083362a39e240d3
2024-09-25,KAKKI,908.304,981.456,446.542,856.467,969.931,279,0,0,,official_observed_reference,a6da653aaeac5b4f5b78aad6c6a76fc38c1a6d75270d4b7ba083362a39e240d3
2024-09-25,SHOLAYAR,779.374,811.68,149.23,152.065,810.89,142.297,95,145,94.912,official_observed_reference,a6da653aaeac5b4f5b78aad6c6a76fc38c1a6d75270d4b7ba083362a39e240d3
2024-09-25,IDAMALAYAR,115,169,1017.8,254.45,159.7,751.6,74,187.9,187.9,official_observed_reference,a6da653aaeac5b4f5b78aad6c6a76fc38c1a6d75270d4b7ba083362a39e240d3
2024-09-25,KUNDALA,1735.836,1758.696,7.787,22.738,1758.15,7.355,94,159.52,68.998,official_observed_reference,a6da653aaeac5b4f5b78aad6c6a76fc38c1a6d75270d4b7ba083362a39e240d3
2024-09-25,MADUPPATTY,1554.48,1599.59,55.217,161.234,1596.75,47.275,86,0,,official_observed_reference,a6da653aaeac5b4f5b78aad6c6a76fc38c1a6d75270d4b7ba083362a39e240d3
2024-09-25,KUTTIADI,737.616,758.037,33.99,42.827,754.197,24.384,72,262.879,254.533,official_observed_reference,a6da653aaeac5b4f5b78aad6c6a76fc38c1a6d75270d4b7ba083362a39e240d3
2024-09-25,THARIODE,750.5,775.6,201,253.26,774.25,184.25,92,0,,official_observed_reference,a6da653aaeac5b4f5b78aad6c6a76fc38c1a6d75270d4b7ba083362a39e240d3
2024-09-25,ANAYIRANKAL,1188,1207.008,48.968,65.616,1203.12,31.91,65,93.438,32.892,official_observed_reference,a6da653aaeac5b4f5b78aad6c6a76fc38c1a6d75270d4b7ba083362a39e240d3
2024-09-25,PONMUDI,678.8,707.745,47.4,63.516,704.4,37.82,80,0,,official_observed_reference,a6da653aaeac5b4f5b78aad6c6a76fc38c1a6d75270d4b7ba083362a39e240d3
2024-09-25,NERIAMANGALAM,445,456.59,5.557,4.835,452.85,3.175,57,2.762,1.301,official_observed_reference,a6da653aaeac5b4f5b78aad6c6a76fc38c1a6d75270d4b7ba083362a39e240d3
2024-09-25,PORINGAL,405.689,423.976,30.356,10.625,418.6,16.3,54,5.705,5.705,official_observed_reference,a6da653aaeac5b4f5b78aad6c6a76fc38c1a6d75270d4b7ba083362a39e240d3
2024-09-25,SENGULAM (SBR),844.86,847.6,1.614,0.71,846.5,,0,0,,official_observed_reference,a6da653aaeac5b4f5b78aad6c6a76fc38c1a6d75270d4b7ba083362a39e240d3
2024-09-25,LOWER PERIYAR,237.74,253,4.55,2.093,250,3.28,72,1.509,1.509,official_observed_reference,a6da653aaeac5b4f5b78aad6c6a76fc38c1a6d75270d4b7ba083362a39e240d3
2024-09-25,KAKKAD,181.36,192.63,1.16,0.358,185.65,,0,0,,official_observed_reference,a6da653aaeac5b4f5b78aad6c6a76fc38c1a6d75270d4b7ba083362a39e240d3
2024-09-26,IDUKKI,694.944,732.43,1460,2190,723.272,976.713,67,1465.07,1435.768,official_observed_reference,1140d99fc55c2531286de48eb0b57da678b585d18fb7a1539caa80c7c2da4ebf
2024-09-26,PAMBA,963.168,986.332,31.001,59.46,970,6.15,59,544.041,458.237,official_observed_reference,1140d99fc55c2531286de48eb0b57da678b585d18fb7a1539caa80c7c2da4ebf
2024-09-26,KAKKI,908.304,981.456,446.542,856.467,969.818,277.5,0,0,,official_observed_reference,1140d99fc55c2531286de48eb0b57da678b585d18fb7a1539caa80c7c2da4ebf
2024-09-26,SHOLAYAR,779.374,811.68,149.23,152.065,810.829,141.73,95,144.423,94.534,official_observed_reference,1140d99fc55c2531286de48eb0b57da678b585d18fb7a1539caa80c7c2da4ebf
2024-09-26,IDAMALAYAR,115,169,1017.8,254.45,159.6,748.8,74,187.2,187.2,official_observed_reference,1140d99fc55c2531286de48eb0b57da678b585d18fb7a1539caa80c7c2da4ebf
2024-09-26,KUNDALA,1735.836,1758.696,7.787,22.738,1758.15,7.355,94,159.155,68.84,official_observed_reference,1140d99fc55c2531286de48eb0b57da678b585d18fb7a1539caa80c7c2da4ebf
2024-09-26,MADUPPATTY,1554.48,1599.59,55.217,161.234,1596.7,47.15,85,0,,official_observed_reference,1140d99fc55c2531286de48eb0b57da678b585d18fb7a1539caa80c7c2da4ebf
2024-09-26,KUTTIADI,737.616,758.037,33.99,42.827,754.075,24.08,71,261.866,253.553,official_observed_reference,1140d99fc55c2531286de48eb0b57da678b585d18fb7a1539caa80c7c2da4ebf
2024-09-26,THARIODE,750.5,775.6,201,253.26,774.2,183.75,91,0,,official_observed_reference,1140d99fc55c2531286de48eb0b57da678b585d18fb7a1539caa80c7c2da4ebf
2024-09-26,ANAYIRANKAL,1188,1207.008,48.968,65.616,1202.12,31.91,65,93.036,32.75,official_observed_reference,1140d99fc55c2531286de48eb0b57da678b585d18fb7a1539caa80c7c2da4ebf
2024-09-26,PONMUDI,678.8,707.745,47.4,63.516,704.3,37.52,79,0,,official_observed_reference,1140d99fc55c2531286de48eb0b57da678b585d18fb7a1539caa80c7c2da4ebf
2024-09-26,NERIAMANGALAM,445,456.59,5.557,4.835,453,3.26,59,2.836,1.336,official_observed_reference,1140d99fc55c2531286de48eb0b57da678b585d18fb7a1539caa80c7c2da4ebf
2024-09-26,PORINGAL,405.689,423.976,30.356,10.625,418.4,15.9,52,5.565,5.565,official_observed_reference,1140d99fc55c2531286de48eb0b57da678b585d18fb7a1539caa80c7c2da4ebf
2024-09-26,SENGULAM (SBR),844.86,847.6,1.614,0.71,846.55,,0,0,,official_observed_reference,1140d99fc55c2531286de48eb0b57da678b585d18fb7a1539caa80c7c2da4ebf
2024-09-26,LOWER PERIYAR,237.74,253,4.55,2.093,249.2,2.95,65,1.357,1.357,official_observed_reference,1140d99fc55c2531286de48eb0b57da678b585d18fb7a1539caa80c7c2da4ebf
2024-09-26,KAKKAD,181.36,192.63,1.16,0.358,188.1,,0,0,,official_observed_reference,1140d99fc55c2531286de48eb0b57da678b585d18fb7a1539caa80c7c2da4ebf
2024-09-27,IDUKKI,694.944,732.43,1460,2190,723.199,973.308,67,1459.962,1430.763,official_observed_reference,599f99de1d851684485528e73f4880b3bbcfea156f3ab1cbd68eaf0e40139e79
2024-09-27,PAMBA,963.168,986.332,31.001,59.46,969.9,6.05,59,542.41,456.863,official_observed_reference,599f99de1d851684485528e73f4880b3bbcfea156f3ab1cbd68eaf0e40139e79
2024-09-27,KAKKI,908.304,981.456,446.542,856.467,969.746,276.75,0,0,,official_observed_reference,599f99de1d851684485528e73f4880b3bbcfea156f3ab1cbd68eaf0e40139e79
2024-09-27,SHOLAYAR,779.374,811.68,149.23,152.065,810.738,140.838,94,143.514,93.939,official_observed_reference,599f99de1d851684485528e73f4880b3bbcfea156f3ab1cbd68eaf0e40139e79
2024-09-27,IDAMALAYAR,115,169,1017.8,254.45,159.51,746.28,73,186.57,186.57,official_observed_reference,599f99de1d851684485528e73f4880b3bbcfea156f3ab1cbd68eaf0e40139e79
2024-09-27,KUNDALA,1735.836,1758.696,7.787,22.738,1758.15,7.355,94,158.79,68.682,official_observed_reference,599f99de1d851684485528e73f4880b3bbcfea156f3ab1cbd68eaf0e40139e79
2024-09-27,MADUPPATTY,1554.48,1599.59,55.217,161.234,1596.65,47.025,85,0,,official_observed_reference,599f99de1d851684485528e73f4880b3bbcfea156f3ab1cbd68eaf0e40139e79
2024-09-27,KUTTIADI,737.616,758.037,33.99,42.827,754.014,23.922,70,261.037,252.75,official_observed_reference,599f99de1d851684485528e73f4880b3bbcfea156f3ab1cbd68eaf0e40139e79
2024-09-27,THARIODE,750.5,775.6,201,253.26,774.15,183.25,3,0,,official_observed_reference,599f99de1d851684485528e73f4880b3bbcfea156f3ab1cbd68eaf0e40139e79
2024-09-27,ANAYIRANKAL,1188,1207.008,48.968,65.616,1203.15,32.03,65,92.755,32.651,official_observed_reference,599f99de1d851684485528e73f4880b3bbcfea156f3ab1cbd68eaf0e40139e79
2024-09-27,PONMUDI,678.8,707.745,47.4,63.516,704.15,37.19,78,0,,official_observed_reference,599f99de1d851684485528e73f4880b3bbcfea156f3ab1cbd68eaf0e40139e79
2024-09-27,NERIAMANGALAM,445,456.59,5.557,4.835,452.35,2.925,53,2.545,1.199,official_observed_reference,599f99de1d851684485528e73f4880b3bbcfea156f3ab1cbd68eaf0e40139e79
2024-09-27,PORINGAL,405.689,423.976,30.356,10.625,417.8,14.7,48,5.145,5.145,official_observed_reference,599f99de1d851684485528e73f4880b3bbcfea156f3ab1cbd68eaf0e40139e79
2024-09-27,SENGULAM (SBR),844.86,847.6,1.614,0.71,846.4,,0,0,,official_observed_reference,599f99de1d851684485528e73f4880b3bbcfea156f3ab1cbd68eaf0e40139e79
2024-09-27,LOWER PERIYAR,237.74,253,4.55,2.093,249.4,3.04,67,1.398,1.398,official_observed_reference,599f99de1d851684485528e73f4880b3bbcfea156f3ab1cbd68eaf0e40139e79
2024-09-27,KAKKAD,181.36,192.63,1.16,0.358,189.5,,0,0,,official_observed_reference,599f99de1d851684485528e73f4880b3bbcfea156f3ab1cbd68eaf0e40139e79
2024-09-28,IDUKKI,694.944,732.43,1460,2190,723.15,971.038,67,1456.557,1427.426,official_observed_reference,549c58ee72d85ae3cf8abdf9ca729c04626b654720c60634489d76a6119ea115
2024-09-28,PAMBA,963.168,986.332,31.001,59.46,969.9,6.06,59,542.43,456.88,official_observed_reference,549c58ee72d85ae3cf8abdf9ca729c04626b654720c60634489d76a6119ea115
2024-09-28,KAKKI,908.304,981.456,446.542,856.467,969.75,276.75,0,0,,official_observed_reference,549c58ee72d85ae3cf8abdf9ca729c04626b654720c60634489d76a6119ea115
2024-09-28,SHOLAYAR,779.374,811.68,149.23,152.065,810.738,140.838,94,143.514,93.939,official_observed_reference,549c58ee72d85ae3cf8abdf9ca729c04626b654720c60634489d76a6119ea115
2024-09-28,IDAMALAYAR,115,169,1017.8,254.45,159.46,744.88,73,186.22,186.22,official_observed_reference,549c58ee72d85ae3cf8abdf9ca729c04626b654720c60634489d76a6119ea115
2024-09-28,KUNDALA,1735.836,1758.696,7.787,22.738,1758.2,7.39,95,158.527,68.568,official_observed_reference,549c58ee72d85ae3cf8abdf9ca729c04626b654720c60634489d76a6119ea115
2024-09-28,MADUPPATTY,1554.48,1599.59,55.217,161.234,1596.6,46.9,85,0,,official_observed_reference,549c58ee72d85ae3cf8abdf9ca729c04626b654720c60634489d76a6119ea115
2024-09-28,KUTTIADI,737.616,758.037,33.99,42.827,753.832,23.466,69,259.076,250.852,official_observed_reference,549c58ee72d85ae3cf8abdf9ca729c04626b654720c60634489d76a6119ea115
2024-09-28,THARIODE,750.5,775.6,201,253.26,774.05,182.15,91,0,,official_observed_reference,549c58ee72d85ae3cf8abdf9ca729c04626b654720c60634489d76a6119ea115
2024-09-28,ANAYIRANKAL,1188,1207.008,48.968,65.616,1203.18,32.15,66,92.42,32.533,official_observed_reference,549c58ee72d85ae3cf8abdf9ca729c04626b654720c60634489d76a6119ea115
2024-09-28,PONMUDI,678.8,707.745,47.4,63.516,704,36.82,78,0,,official_observed_reference,549c58ee72d85ae3cf8abdf9ca729c04626b654720c60634489d76a6119ea115
2024-09-28,NERIAMANGALAM,445,456.59,5.557,4.835,452.5,3,54,2.61,1.229,official_observed_reference,549c58ee72d85ae3cf8abdf9ca729c04626b654720c60634489d76a6119ea115
2024-09-28,PORINGAL,405.689,423.976,30.356,10.625,417.15,13.4,44,4.69,4.69,official_observed_reference,549c58ee72d85ae3cf8abdf9ca729c04626b654720c60634489d76a6119ea115
2024-09-28,SENGULAM (SBR),844.86,847.6,1.614,0.71,846.45,,0,0,,official_observed_reference,549c58ee72d85ae3cf8abdf9ca729c04626b654720c60634489d76a6119ea115
2024-09-28,LOWER PERIYAR,237.74,253,4.55,2.093,249.6,3.11,68,1.431,1.431,official_observed_reference,549c58ee72d85ae3cf8abdf9ca729c04626b654720c60634489d76a6119ea115
2024-09-28,KAKKAD,181.36,192.63,1.16,0.358,188.35,,0,0,,official_observed_reference,549c58ee72d85ae3cf8abdf9ca729c04626b654720c60634489d76a6119ea115
2024-09-29,IDUKKI,694.944,732.43,1460,2190,723.095,968.484,66,1452.726,1423.671,official_observed_reference,ed180761abff21326dd9da02a5fd60c3c56e6e16454e5163e6562f083e5d652d
2024-09-29,PAMBA,963.168,986.332,31.001,59.46,969.9,6.05,59,541.547,456.136,official_observed_reference,ed180761abff21326dd9da02a5fd60c3c56e6e16454e5163e6562f083e5d652d
2024-09-29,KAKKI,908.304,981.456,446.542,856.467,969.705,276.3,0,0,,official_observed_reference,ed180761abff21326dd9da02a5fd60c3c56e6e16454e5163e6562f083e5d652d
2024-09-29,SHOLAYAR,779.374,811.68,149.23,152.065,810.646,139.918,94,142.576,93.325,official_observed_reference,ed180761abff21326dd9da02a5fd60c3c56e6e16454e5163e6562f083e5d652d
2024-09-29,IDAMALAYAR,115,169,1017.8,254.45,159.4,743.2,73,185.8,185.8,official_observed_reference,ed180761abff21326dd9da02a5fd60c3c56e6e16454e5163e6562f083e5d652d
2024-09-29,KUNDALA,1735.836,1758.696,7.787,22.738,1758.2,7.39,95,158.162,68.41,official_observed_reference,ed180761abff21326dd9da02a5fd60c3c56e6e16454e5163e6562f083e5d652d
2024-09-29,MADUPPATTY,1554.48,1599.59,55.217,161.234,1596.55,46.775,85,0,,official_observed_reference,ed180761abff21326dd9da02a5fd60c3c56e6e16454e5163e6562f083e5d652d
2024-09-29,KUTTIADI,737.616,758.037,33.99,42.827,754.167,24.308,72,259.507,251.269,official_observed_reference,ed180761abff21326dd9da02a5fd60c3c56e6e16454e5163e6562f083e5d652d
2024-09-29,THARIODE,750.5,775.6,201,253.26,774,181.65,90,0,,official_observed_reference,ed180761abff21326dd9da02a5fd60c3c56e6e16454e5163e6562f083e5d652d
2024-09-29,ANAYIRANKAL,1188,1207.008,48.968,65.616,1203.26,32.47,66,92.849,32.684,official_observed_reference,ed180761abff21326dd9da02a5fd60c3c56e6e16454e5163e6562f083e5d652d
2024-09-29,PONMUDI,678.8,707.745,47.4,63.516,704,36.82,78,0,,official_observed_reference,ed180761abff21326dd9da02a5fd60c3c56e6e16454e5163e6562f083e5d652d
2024-09-29,NERIAMANGALAM,445,456.59,5.557,4.835,453.05,3.29,59,2.862,1.348,official_observed_reference,ed180761abff21326dd9da02a5fd60c3c56e6e16454e5163e6562f083e5d652d
2024-09-29,PORINGAL,405.689,423.976,30.356,10.625,417.15,13.4,44,4.69,4.69,official_observed_reference,ed180761abff21326dd9da02a5fd60c3c56e6e16454e5163e6562f083e5d652d
2024-09-29,SENGULAM (SBR),844.86,847.6,1.614,0.71,846.7,,0,0,,official_observed_reference,ed180761abff21326dd9da02a5fd60c3c56e6e16454e5163e6562f083e5d652d
2024-09-29,LOWER PERIYAR,237.74,253,4.55,2.093,249.6,3.11,68,1.431,1.431,official_observed_reference,ed180761abff21326dd9da02a5fd60c3c56e6e16454e5163e6562f083e5d652d
2024-09-29,KAKKAD,181.36,192.63,1.16,0.358,189.35,,0,0,,official_observed_reference,ed180761abff21326dd9da02a5fd60c3c56e6e16454e5163e6562f083e5d652d
2024-09-30,IDUKKI,694.944,732.43,1460,2190,723.022,965.079,66,1447.619,1418.666,official_observed_reference,078162366d335c0ba5a9f15fd07d12485733893f8cd35ca880ac833744503bc4
2024-09-30,PAMBA,963.168,986.332,31.001,59.46,969.8,5.95,59,538.766,453.794,official_observed_reference,078162366d335c0ba5a9f15fd07d12485733893f8cd35ca880ac833744503bc4
2024-09-30,KAKKI,908.304,981.456,446.542,856.467,969.599,274.95,0,0,,official_observed_reference,078162366d335c0ba5a9f15fd07d12485733893f8cd35ca880ac833744503bc4
2024-09-30,SHOLAYAR,779.374,811.68,149.23,152.065,810.555,139.054,93,141.696,92.749,official_observed_reference,078162366d335c0ba5a9f15fd07d12485733893f8cd35ca880ac833744503bc4
2024-09-30,IDAMALAYAR,115,169,1017.8,254.45,159.3,740.4,73,185.1,185.1,official_observed_reference,078162366d335c0ba5a9f15fd07d12485733893f8cd35ca880ac833744503bc4
2024-09-30,KUNDALA,1735.836,1758.696,7.787,22.738,1758.2,7.39,95,158.892,68.726,official_observed_reference,078162366d335c0ba5a9f15fd07d12485733893f8cd35ca880ac833744503bc4
2024-09-30,MADUPPATTY,1554.48,1599.59,55.217,161.234,1596.65,47.025,85,0,,official_observed_reference,078162366d335c0ba5a9f15fd07d12485733893f8cd35ca880ac833744503bc4
2024-09-30,KUTTIADI,737.616,758.037,33.99,42.827,754.319,24.686,73,259.983,251.73,official_observed_reference,078162366d335c0ba5a9f15fd07d12485733893f8cd35ca880ac833744503bc4
2024-09-30,THARIODE,750.5,775.6,201,253.26,774,181.65,90,0,,official_observed_reference,078162366d335c0ba5a9f15fd07d12485733893f8cd35ca880ac833744503bc4
2024-09-30,ANAYIRANKAL,1188,1207.008,48.968,65.616,1203.29,32.59,67,92.835,32.679,official_observed_reference,078162366d335c0ba5a9f15fd07d12485733893f8cd35ca880ac833744503bc4
2024-09-30,PONMUDI,678.8,707.745,47.4,63.516,703.95,36.69,77,0,,official_observed_reference,078162366d335c0ba5a9f15fd07d12485733893f8cd35ca880ac833744503bc4
2024-09-30,NERIAMANGALAM,445,456.59,5.557,4.835,452,2.75,49,2.393,1.127,official_observed_reference,078162366d335c0ba5a9f15fd07d12485733893f8cd35ca880ac833744503bc4
2024-09-30,PORINGAL,405.689,423.976,30.356,10.625,417.05,13.2,43,4.62,4.62,official_observed_reference,078162366d335c0ba5a9f15fd07d12485733893f8cd35ca880ac833744503bc4
2024-09-30,SENGULAM (SBR),844.86,847.6,1.614,0.71,846.7,,0,0,,official_observed_reference,078162366d335c0ba5a9f15fd07d12485733893f8cd35ca880ac833744503bc4
2024-09-30,LOWER PERIYAR,237.74,253,4.55,2.093,248.4,2.65,58,1.219,1.219,official_observed_reference,078162366d335c0ba5a9f15fd07d12485733893f8cd35ca880ac833744503bc4
2024-09-30,KAKKAD,181.36,192.63,1.16,0.358,185.7,,0,0,,official_observed_reference,078162366d335c0ba5a9f15fd07d12485733893f8cd35ca880ac833744503bc4
2024-10-01,IDUKKI,694.944,732.43,1460,2190,722.973,962.808,66,1444.212,1415.328,official_observed_reference,433107b3ee74b56cd569186528da556ab0acaf24887657e5d02a6aa9f148fb2d
2024-10-01,PAMBA,963.168,986.332,31.001,59.46,969.65,5.8,59,535.889,451.371,official_observed_reference,433107b3ee74b56cd569186528da556ab0acaf24887657e5d02a6aa9f148fb2d
2024-10-01,KAKKI,908.304,981.456,446.542,856.467,969.49,273.6,0,0,,official_observed_reference,433107b3ee74b56cd569186528da556ab0acaf24887657e5d02a6aa9f148fb2d
2024-10-01,SHOLAYAR,779.374,811.68,149.23,152.065,810.524,138.771,93,141.408,92.56,official_observed_reference,433107b3ee74b56cd569186528da556ab0acaf24887657e5d02a6aa9f148fb2d
2024-10-01,IDAMALAYAR,115,169,1017.8,254.45,159.27,739.56,73,184.89,184.89,official_observed_reference,433107b3ee74b56cd569186528da556ab0acaf24887657e5d02a6aa9f148fb2d
2024-10-01,KUNDALA,1735.836,1758.696,7.787,22.738,1758.2,7.39,95,158.527,68.568,official_observed_reference,433107b3ee74b56cd569186528da556ab0acaf24887657e5d02a6aa9f148fb2d
2024-10-01,MADUPPATTY,1554.48,1599.59,55.217,161.234,1596.6,46.9,85,0,,official_observed_reference,433107b3ee74b56cd569186528da556ab0acaf24887657e5d02a6aa9f148fb2d
2024-10-01,KUTTIADI,737.616,758.037,33.99,42.827,754.624,25.443,75,259.551,251.311,official_observed_reference,433107b3ee74b56cd569186528da556ab0acaf24887657e5d02a6aa9f148fb2d
2024-10-01,THARIODE,750.5,775.6,201,253.26,773.9,180.55,90,0,,official_observed_reference,433107b3ee74b56cd569186528da556ab0acaf24887657e5d02a6aa9f148fb2d
2024-10-01,ANAYIRANKAL,1188,1207.008,48.968,65.616,1203.35,32.83,67,92.326,32.5,official_observed_reference,433107b3ee74b56cd569186528da556ab0acaf24887657e5d02a6aa9f148fb2d
2024-10-01,PONMUDI,678.8,707.745,47.4,63.516,703.7,36.07,76,0,,official_observed_reference,433107b3ee74b56cd569186528da556ab0acaf24887657e5d02a6aa9f148fb2d
2024-10-01,NERIAMANGALAM,445,456.59,5.557,4.835,452.5,3,54,2.61,1.229,official_observed_reference,433107b3ee74b56cd569186528da556ab0acaf24887657e5d02a6aa9f148fb2d
2024-10-01,PORINGAL,405.689,423.976,30.356,10.625,417.4,13.9,46,4.865,4.865,official_observed_reference,433107b3ee74b56cd569186528da556ab0acaf24887657e5d02a6aa9f148fb2d
2024-10-01,SENGULAM (SBR),844.86,847.6,1.614,0.71,846.55,,0,0,,official_observed_reference,433107b3ee74b56cd569186528da556ab0acaf24887657e5d02a6aa9f148fb2d
2024-10-01,LOWER PERIYAR,237.74,253,4.55,2.093,248.9,2.84,62,1.306,1.306,official_observed_reference,433107b3ee74b56cd569186528da556ab0acaf24887657e5d02a6aa9f148fb2d
2024-10-01,KAKKAD,181.36,192.63,1.16,0.358,187.6,,0,0,,official_observed_reference,433107b3ee74b56cd569186528da556ab0acaf24887657e5d02a6aa9f148fb2d
2024-10-02,IDUKKI,694.944,732.43,1460,2190,722.943,961.387,66,1442.081,1413.239,official_observed_reference,00b082fd0703e4e746832350e8229df3fe77e5b3458308bfead42a13b565262d
2024-10-02,PAMBA,963.168,986.332,31.001,59.46,969.6,5.75,58,534.067,449.836,official_observed_reference,00b082fd0703e4e746832350e8229df3fe77e5b3458308bfead42a13b565262d
2024-10-02,KAKKI,908.304,981.456,446.542,856.467,969.419,272.7,0,0,,official_observed_reference,00b082fd0703e4e746832350e8229df3fe77e5b3458308bfead42a13b565262d
2024-10-02,SHOLAYAR,779.374,811.68,149.23,152.065,810.494,138.488,93,141.119,92.371,official_observed_reference,00b082fd0703e4e746832350e8229df3fe77e5b3458308bfead42a13b565262d
2024-10-02,IDAMALAYAR,115,169,1017.8,254.45,159.18,737.04,72,184.26,184.26,official_observed_reference,00b082fd0703e4e746832350e8229df3fe77e5b3458308bfead42a13b565262d
2024-10-02,KUNDALA,1735.836,1758.696,7.787,22.738,1758.2,7.39,95,158.162,68.41,official_observed_reference,00b082fd0703e4e746832350e8229df3fe77e5b3458308bfead42a13b565262d
2024-10-02,MADUPPATTY,1554.48,1599.59,55.217,161.234,1596.55,46.775,85,0,,official_observed_reference,00b082fd0703e4e746832350e8229df3fe77e5b3458308bfead42a13b565262d
2024-10-02,KUTTIADI,737.616,758.037,33.99,42.827,754.685,25.6,75,258.741,250.527,official_observed_reference,00b082fd0703e4e746832350e8229df3fe77e5b3458308bfead42a13b565262d
2024-10-02,THARIODE,750.5,775.6,201,253.26,773.85,179.75,89,0,,official_observed_reference,00b082fd0703e4e746832350e8229df3fe77e5b3458308bfead42a13b565262d
2024-10-02,ANAYIRANKAL,1188,1207.008,48.968,65.616,1203.4,33.03,67,92.259,32.477,official_observed_reference,00b082fd0703e4e746832350e8229df3fe77e5b3458308bfead42a13b565262d
2024-10-02,PONMUDI,678.8,707.745,47.4,63.516,703.6,35.82,76,0,,official_observed_reference,00b082fd0703e4e746832350e8229df3fe77e5b3458308bfead42a13b565262d
2024-10-02,NERIAMANGALAM,445,456.59,5.557,4.835,453,3.26,59,2.836,1.336,official_observed_reference,00b082fd0703e4e746832350e8229df3fe77e5b3458308bfead42a13b565262d
2024-10-02,PORINGAL,405.689,423.976,30.356,10.625,417.8,14.7,48,5.145,5.145,official_observed_reference,00b082fd0703e4e746832350e8229df3fe77e5b3458308bfead42a13b565262d
2024-10-02,SENGULAM (SBR),844.86,847.6,1.614,0.71,846.65,,0,0,,official_observed_reference,00b082fd0703e4e746832350e8229df3fe77e5b3458308bfead42a13b565262d
2024-10-02,LOWER PERIYAR,237.74,253,4.55,2.093,250.9,3.65,80,1.679,1.679,official_observed_reference,00b082fd0703e4e746832350e8229df3fe77e5b3458308bfead42a13b565262d
2024-10-02,KAKKAD,181.36,192.63,1.16,0.358,187.4,,0,0,,official_observed_reference,00b082fd0703e4e746832350e8229df3fe77e5b3458308bfead42a13b565262d
2024-10-03,IDUKKI,694.944,732.43,1460,2190,722.888,958.828,66,1438.242,1409.477,official_observed_reference,041198412240922d5102e0f5f8064ee8d6626e78e7200174dbea77176ac623ee
2024-10-03,PAMBA,963.168,986.332,31.001,59.46,969.5,5.65,58,531.574,447.736,official_observed_reference,041198412240922d5102e0f5f8064ee8d6626e78e7200174dbea77176ac623ee
2024-10-03,KAKKI,908.304,981.456,446.542,856.467,969.313,271.5,0,0,,official_observed_reference,041198412240922d5102e0f5f8064ee8d6626e78e7200174dbea77176ac623ee
2024-10-03,SHOLAYAR,779.374,811.68,149.23,152.065,810.433,137.921,92,140.542,91.994,official_observed_reference,041198412240922d5102e0f5f8064ee8d6626e78e7200174dbea77176ac623ee
2024-10-03,IDAMALAYAR,115,169,1017.8,254.45,159.11,735.08,72,183.77,183.77,official_observed_reference,041198412240922d5102e0f5f8064ee8d6626e78e7200174dbea77176ac623ee
2024-10-03,KUNDALA,1735.836,1758.696,7.787,22.738,1758.25,7.43,95,158.644,68.619,official_observed_reference,041198412240922d5102e0f5f8064ee8d6626e78e7200174dbea77176ac623ee
2024-10-03,MADUPPATTY,1554.48,1599.59,55.217,161.234,1596.6,46.9,85,0,,official_observed_reference,041198412240922d5102e0f5f8064ee8d6626e78e7200174dbea77176ac623ee
2024-10-03,KUTTIADI,737.616,758.037,33.99,42.827,754.807,25.904,76,258.242,250.044,official_observed_reference,041198412240922d5102e0f5f8064ee8d6626e78e7200174dbea77176ac623ee
2024-10-03,THARIODE,750.5,775.6,201,253.26,773.8,179.05,89,0,,official_observed_reference,041198412240922d5102e0f5f8064ee8d6626e78e7200174dbea77176ac623ee
2024-10-03,ANAYIRANKAL,1188,1207.008,48.968,65.616,1203.42,33.11,68,91.763,32.302,official_observed_reference,041198412240922d5102e0f5f8064ee8d6626e78e7200174dbea77176ac623ee
2024-10-03,PONMUDI,678.8,707.745,47.4,63.516,703.4,35.37,75,0,,official_observed_reference,041198412240922d5102e0f5f8064ee8d6626e78e7200174dbea77176ac623ee
2024-10-03,NERIAMANGALAM,445,456.59,5.557,4.835,453.5,3.56,64,3.097,1.459,official_observed_reference,041198412240922d5102e0f5f8064ee8d6626e78e7200174dbea77176ac623ee
2024-10-03,PORINGAL,405.689,423.976,30.356,10.625,417.85,14.8,49,5.18,5.18,official_observed_reference,041198412240922d5102e0f5f8064ee8d6626e78e7200174dbea77176ac623ee
2024-10-03,SENGULAM (SBR),844.86,847.6,1.614,0.71,846.65,,0,0,,official_observed_reference,041198412240922d5102e0f5f8064ee8d6626e78e7200174dbea77176ac623ee
2024-10-03,LOWER PERIYAR,237.74,253,4.55,2.093,250,3.31,73,1.523,1.523,official_observed_reference,041198412240922d5102e0f5f8064ee8d6626e78e7200174dbea77176ac623ee
2024-10-03,KAKKAD,181.36,192.63,1.16,0.358,185.75,,0,0,,official_observed_reference,041198412240922d5102e0f5f8064ee8d6626e78e7200174dbea77176ac623ee
2024-10-04,IDUKKI,694.944,732.43,1460,2190,722.914,959.965,66,1439.948,1411.149,official_observed_reference,e3baf8eac63c13fe40aa97c256cc96f8b495847dd5b61bbd40d5473c23e54d35
2024-10-04,PAMBA,963.168,986.332,31.001,59.46,969.6,5.75,58,530.615,446.928,official_observed_reference,e3baf8eac63c13fe40aa97c256cc96f8b495847dd5b61bbd40d5473c23e54d35
2024-10-04,KAKKI,908.304,981.456,446.542,856.467,969.26,270.9,0,0,,official_observed_reference,e3baf8eac63c13fe40aa97c256cc96f8b495847dd5b61bbd40d5473c23e54d35
2024-10-04,SHOLAYAR,779.374,811.68,149.23,152.065,810.402,137.638,92,140.253,91.805,official_observed_reference,e3baf8eac63c13fe40aa97c256cc96f8b495847dd5b61bbd40d5473c23e54d35
2024-10-04,IDAMALAYAR,115,169,1017.8,254.45,159.12,735.36,72,183.84,183.84,official_observed_reference,e3baf8eac63c13fe40aa97c256cc96f8b495847dd5b61bbd40d5473c23e54d35
2024-10-04,KUNDALA,1735.836,1758.696,7.787,22.738,1758.25,7.43,95,158.279,68.461,official_observed_reference,e3baf8eac63c13fe40aa97c256cc96f8b495847dd5b61bbd40d5473c23e54d35
2024-10-04,MADUPPATTY,1554.48,1599.59,55.217,161.234,1596.55,46.775,85,0,,official_observed_reference,e3baf8eac63c13fe40aa97c256cc96f8b495847dd5b61bbd40d5473c23e54d35
2024-10-04,KUTTIADI,737.616,758.037,33.99,42.827,755.082,26.591,78,257.47,249.296,official_observed_reference,e3baf8eac63c13fe40aa97c256cc96f8b495847dd5b61bbd40d5473c23e54d35
2024-10-04,THARIODE,750.5,775.6,201,253.26,773.7,177.75,88,0,,official_observed_reference,e3baf8eac63c13fe40aa97c256cc96f8b495847dd5b61bbd40d5473c23e54d35
2024-10-04,ANAYIRANKAL,1188,1207.008,48.968,65.616,1203.45,33.23,68,91.388,32.17,official_observed_reference,e3baf8eac63c13fe40aa97c256cc96f8b495847dd5b61bbd40d5473c23e54d35
2024-10-04,PONMUDI,678.8,707.745,47.4,63.516,703.2,34.97,74,0,,official_observed_reference,e3baf8eac63c13fe40aa97c256cc96f8b495847dd5b61bbd40d5473c23e54d35
2024-10-04,NERIAMANGALAM,445,456.59,5.557,4.835,452.95,3.23,58,2.81,1.324,official_observed_reference,e3baf8eac63c13fe40aa97c256cc96f8b495847dd5b61bbd40d5473c23e54d35
2024-10-04,PORINGAL,405.689,423.976,30.356,10.625,417.5,14.1,46,4.935,4.935,official_observed_reference,e3baf8eac63c13fe40aa97c256cc96f8b495847dd5b61bbd40d5473c23e54d35
2024-10-04,SENGULAM (SBR),844.86,847.6,1.614,0.71,846.65,,0,0,,official_observed_reference,e3baf8eac63c13fe40aa97c256cc96f8b495847dd5b61bbd40d5473c23e54d35
2024-10-04,LOWER PERIYAR,237.74,253,4.55,2.093,249.4,3.04,67,1.398,1.398,official_observed_reference,e3baf8eac63c13fe40aa97c256cc96f8b495847dd5b61bbd40d5473c23e54d35
2024-10-04,KAKKAD,181.36,192.63,1.16,0.358,186,,0,0,,official_observed_reference,e3baf8eac63c13fe40aa97c256cc96f8b495847dd5b61bbd40d5473c23e54d35
2024-10-05,IDUKKI,694.944,732.43,1460,2190,722.937,961.103,66,1441.655,1412.821,official_observed_reference,8e4e89ba492db060aa04c92309420ce5f31f1aaa1d4267ab0c312ff71415a467
2024-10-05,PAMBA,963.168,986.332,31.001,59.46,969.45,5.6,58,528.601,445.232,official_observed_reference,8e4e89ba492db060aa04c92309420ce5f31f1aaa1d4267ab0c312ff71415a467
2024-10-05,KAKKI,908.304,981.456,446.542,856.467,969.19,270,0,0,,official_observed_reference,8e4e89ba492db060aa04c92309420ce5f31f1aaa1d4267ab0c312ff71415a467
2024-10-05,SHOLAYAR,779.374,811.68,149.23,152.065,810.341,137.086,92,139.691,91.436,official_observed_reference,8e4e89ba492db060aa04c92309420ce5f31f1aaa1d4267ab0c312ff71415a467
2024-10-05,IDAMALAYAR,115,169,1017.8,254.45,159.08,734.24,72,183.56,183.56,official_observed_reference,8e4e89ba492db060aa04c92309420ce5f31f1aaa1d4267ab0c312ff71415a467
2024-10-05,KUNDALA,1735.836,1758.696,7.787,22.738,1758.25,7.43,95,158.279,68.461,official_observed_reference,8e4e89ba492db060aa04c92309420ce5f31f1aaa1d4267ab0c312ff71415a467
2024-10-05,MADUPPATTY,1554.48,1599.59,55.217,161.234,1596.55,46.775,85,0,,official_observed_reference,8e4e89ba492db060aa04c92309420ce5f31f1aaa1d4267ab0c312ff71415a467
2024-10-05,KUTTIADI,737.616,758.037,33.99,42.827,755.204,26.896,79,257.539,249.363,official_observed_reference,8e4e89ba492db060aa04c92309420ce5f31f1aaa1d4267ab0c312ff71415a467
2024-10-05,THARIODE,750.5,775.6,201,253.26,773.7,177.5,88,0,,official_observed_reference,8e4e89ba492db060aa04c92309420ce5f31f1aaa1d4267ab0c312ff71415a467
2024-10-05,ANAYIRANKAL,1188,1207.008,48.968,65.616,1203.49,33.39,68,90.932,32.01,official_observed_reference,8e4e89ba492db060aa04c92309420ce5f31f1aaa1d4267ab0c312ff71415a467
2024-10-05,PONMUDI,678.8,707.745,47.4,63.516,702.95,34.47,73,0,,official_observed_reference,8e4e89ba492db060aa04c92309420ce5f31f1aaa1d4267ab0c312ff71415a467
2024-10-05,NERIAMANGALAM,445,456.59,5.557,4.835,453,3.26,59,2.836,1.336,official_observed_reference,8e4e89ba492db060aa04c92309420ce5f31f1aaa1d4267ab0c312ff71415a467
2024-10-05,PORINGAL,405.689,423.976,30.356,10.625,417.3,13.7,45,4.795,4.795,official_observed_reference,8e4e89ba492db060aa04c92309420ce5f31f1aaa1d4267ab0c312ff71415a467
2024-10-05,SENGULAM (SBR),844.86,847.6,1.614,0.71,846.55,,0,0,,official_observed_reference,8e4e89ba492db060aa04c92309420ce5f31f1aaa1d4267ab0c312ff71415a467
2024-10-05,LOWER PERIYAR,237.74,253,4.55,2.093,249.2,2.95,65,1.357,1.357,official_observed_reference,8e4e89ba492db060aa04c92309420ce5f31f1aaa1d4267ab0c312ff71415a467
2024-10-05,KAKKAD,181.36,192.63,1.16,0.358,186.6,,0,0,,official_observed_reference,8e4e89ba492db060aa04c92309420ce5f31f1aaa1d4267ab0c312ff71415a467
2024-10-06,IDUKKI,694.944,732.43,1460,2190,723.01,964.512,66,1446.768,1417.833,official_observed_reference,e57cdfbb7de2a6aff3f0133cc6e912b08b0287124bce06ea160236e6a5630724
2024-10-06,PAMBA,963.168,986.332,31.001,59.46,969.3,5.45,58,527.738,444.505,official_observed_reference,e57cdfbb7de2a6aff3f0133cc6e912b08b0287124bce06ea160236e6a5630724
2024-10-06,KAKKI,908.304,981.456,446.542,856.467,969.163,269.7,0,0,,official_observed_reference,e57cdfbb7de2a6aff3f0133cc6e912b08b0287124bce06ea160236e6a5630724
2024-10-06,SHOLAYAR,779.374,811.68,149.23,152.065,810.372,137.355,92,139.965,91.616,official_observed_reference,e57cdfbb7de2a6aff3f0133cc6e912b08b0287124bce06ea160236e6a5630724
2024-10-06,IDAMALAYAR,115,169,1017.8,254.45,159.11,735.08,72,183.77,183.77,official_observed_reference,e57cdfbb7de2a6aff3f0133cc6e912b08b0287124bce06ea160236e6a5630724
2024-10-06,KUNDALA,1735.836,1758.696,7.787,22.738,1758.2,7.39,95,158.162,68.41,official_observed_reference,e57cdfbb7de2a6aff3f0133cc6e912b08b0287124bce06ea160236e6a5630724
2024-10-06,MADUPPATTY,1554.48,1599.59,55.217,161.234,1596.55,46.775,85,0,,official_observed_reference,e57cdfbb7de2a6aff3f0133cc6e912b08b0287124bce06ea160236e6a5630724
2024-10-06,KUTTIADI,737.616,758.037,33.99,42.827,755.448,27.506,81,257.867,249.68,official_observed_reference,e57cdfbb7de2a6aff3f0133cc6e912b08b0287124bce06ea160236e6a5630724
2024-10-06,THARIODE,750.5,775.6,201,253.26,773.65,177.15,88,0,,official_observed_reference,e57cdfbb7de2a6aff3f0133cc6e912b08b0287124bce06ea160236e6a5630724
2024-10-06,ANAYIRANKAL,1188,1207.008,48.968,65.616,1203.52,33.51,68,90.825,31.972,official_observed_reference,e57cdfbb7de2a6aff3f0133cc6e912b08b0287124bce06ea160236e6a5630724
2024-10-06,PONMUDI,678.8,707.745,47.4,63.516,702.85,34.27,72,0,,official_observed_reference,e57cdfbb7de2a6aff3f0133cc6e912b08b0287124bce06ea160236e6a5630724
2024-10-06,NERIAMANGALAM,445,456.59,5.557,4.835,453.35,3.47,62,3.019,1.422,official_observed_reference,e57cdfbb7de2a6aff3f0133cc6e912b08b0287124bce06ea160236e6a5630724
2024-10-06,PORINGAL,405.689,423.976,30.356,10.625,417.5,14.1,46,4.935,4.935,official_observed_reference,e57cdfbb7de2a6aff3f0133cc6e912b08b0287124bce06ea160236e6a5630724
2024-10-06,SENGULAM (SBR),844.86,847.6,1.614,0.71,846.65,,0,0,,official_observed_reference,e57cdfbb7de2a6aff3f0133cc6e912b08b0287124bce06ea160236e6a5630724
2024-10-06,LOWER PERIYAR,237.74,253,4.55,2.093,248.2,2.58,57,1.187,1.187,official_observed_reference,e57cdfbb7de2a6aff3f0133cc6e912b08b0287124bce06ea160236e6a5630724
2024-10-06,KAKKAD,181.36,192.63,1.16,0.358,185.05,,0,0,,official_observed_reference,e57cdfbb7de2a6aff3f0133cc6e912b08b0287124bce06ea160236e6a5630724
2024-10-07,IDUKKI,694.944,732.43,1460,2190,723.047,966.214,66,1449.321,1420.335,official_observed_reference,dd7c2aaebbc60698746a54fc093f929f051377438b412bbdb570604933339329
2024-10-07,PAMBA,963.168,986.332,31.001,59.46,969.25,5.4,57,526.491,443.455,official_observed_reference,dd7c2aaebbc60698746a54fc093f929f051377438b412bbdb570604933339329
2024-10-07,KAKKI,908.304,981.456,446.542,856.467,969.11,269.1,0,0,,official_observed_reference,dd7c2aaebbc60698746a54fc093f929f051377438b412bbdb570604933339329
2024-10-07,SHOLAYAR,779.374,811.68,149.23,152.065,810.555,139.054,93,141.696,92.749,official_observed_reference,dd7c2aaebbc60698746a54fc093f929f051377438b412bbdb570604933339329
2024-10-07,IDAMALAYAR,115,169,1017.8,254.45,159.25,739,73,184.75,184.75,official_observed_reference,dd7c2aaebbc60698746a54fc093f929f051377438b412bbdb570604933339329
2024-10-07,KUNDALA,1735.836,1758.696,7.787,22.738,1758.2,7.39,95,157.797,68.253,official_observed_reference,dd7c2aaebbc60698746a54fc093f929f051377438b412bbdb570604933339329
2024-10-07,MADUPPATTY,1554.48,1599.59,55.217,161.234,1596.5,46.65,84,0,,official_observed_reference,dd7c2aaebbc60698746a54fc093f929f051377438b412bbdb570604933339329
2024-10-07,KUTTIADI,737.616,758.037,33.99,42.827,755.935,28.724,85,259.401,251.166,official_observed_reference,dd7c2aaebbc60698746a54fc093f929f051377438b412bbdb570604933339329
2024-10-07,THARIODE,750.5,775.6,201,253.26,773.65,177.15,88,0,,official_observed_reference,dd7c2aaebbc60698746a54fc093f929f051377438b412bbdb570604933339329
2024-10-07,ANAYIRANKAL,1188,1207.008,48.968,65.616,1203.56,33.67,69,91.04,32.047,official_observed_reference,dd7c2aaebbc60698746a54fc093f929f051377438b412bbdb570604933339329
2024-10-07,PONMUDI,678.8,707.745,47.4,63.516,702.85,34.27,72,0,,official_observed_reference,dd7c2aaebbc60698746a54fc093f929f051377438b412bbdb570604933339329
2024-10-07,NERIAMANGALAM,445,456.59,5.557,4.835,453.35,3.47,62,3.019,1.422,official_observed_reference,dd7c2aaebbc60698746a54fc093f929f051377438b412bbdb570604933339329
2024-10-07,PORINGAL,405.689,423.976,30.356,10.625,419.35,18.125,60,6.344,6.344,official_observed_reference,dd7c2aaebbc60698746a54fc093f929f051377438b412bbdb570604933339329
2024-10-07,SENGULAM (SBR),844.86,847.6,1.614,0.71,846.55,,0,0,,official_observed_reference,dd7c2aaebbc60698746a54fc093f929f051377438b412bbdb570604933339329
2024-10-07,LOWER PERIYAR,237.74,253,4.55,2.093,250.2,3.36,74,1.546,1.546,official_observed_reference,dd7c2aaebbc60698746a54fc093f929f051377438b412bbdb570604933339329
2024-10-07,KAKKAD,181.36,192.63,1.16,0.358,186,,0,0,,official_observed_reference,dd7c2aaebbc60698746a54fc093f929f051377438b412bbdb570604933339329
2024-10-08,IDUKKI,694.944,732.43,1460,2190,723.034,965.647,66,1448.471,1419.501,official_observed_reference,4bfa88f1b9ec535b8b67f6af7b8ec8a0739256087e54511118b8f8c6b34f9805
2024-10-08,PAMBA,963.168,986.332,31.001,59.46,969.15,5.3,57,524.285,441.597,official_observed_reference,4bfa88f1b9ec535b8b67f6af7b8ec8a0739256087e54511118b8f8c6b34f9805
2024-10-08,KAKKI,908.304,981.456,446.542,856.467,969.023,268.05,0,0,,official_observed_reference,4bfa88f1b9ec535b8b67f6af7b8ec8a0739256087e54511118b8f8c6b34f9805
2024-10-08,SHOLAYAR,779.374,811.68,149.23,152.065,810.555,139.054,93,141.696,92.749,official_observed_reference,4bfa88f1b9ec535b8b67f6af7b8ec8a0739256087e54511118b8f8c6b34f9805
2024-10-08,IDAMALAYAR,115,169,1017.8,254.45,159.22,738.16,73,184.54,184.54,official_observed_reference,4bfa88f1b9ec535b8b67f6af7b8ec8a0739256087e54511118b8f8c6b34f9805
2024-10-08,KUNDALA,1735.836,1758.696,7.787,22.738,1758.2,7.39,95,157.797,68.253,official_observed_reference,4bfa88f1b9ec535b8b67f6af7b8ec8a0739256087e54511118b8f8c6b34f9805
2024-10-08,MADUPPATTY,1554.48,1599.59,55.217,161.234,1596.5,46.65,84,0,,official_observed_reference,4bfa88f1b9ec535b8b67f6af7b8ec8a0739256087e54511118b8f8c6b34f9805
2024-10-08,KUTTIADI,737.616,758.037,33.99,42.827,755.661,28.04,82,257.531,249.355,official_observed_reference,4bfa88f1b9ec535b8b67f6af7b8ec8a0739256087e54511118b8f8c6b34f9805
2024-10-08,THARIODE,750.5,775.6,201,253.26,773.6,176.35,88,0,,official_observed_reference,4bfa88f1b9ec535b8b67f6af7b8ec8a0739256087e54511118b8f8c6b34f9805
2024-10-08,ANAYIRANKAL,1188,1207.008,48.968,65.616,1203.58,33.75,69,91.013,32.038,official_observed_reference,4bfa88f1b9ec535b8b67f6af7b8ec8a0739256087e54511118b8f8c6b34f9805
2024-10-08,PONMUDI,678.8,707.745,47.4,63.516,702.8,34.17,72,0,,official_observed_reference,4bfa88f1b9ec535b8b67f6af7b8ec8a0739256087e54511118b8f8c6b34f9805
2024-10-08,NERIAMANGALAM,445,456.59,5.557,4.835,453,3.26,0,2.836,1.336,official_observed_reference,4bfa88f1b9ec535b8b67f6af7b8ec8a0739256087e54511118b8f8c6b34f9805
2024-10-08,PORINGAL,405.689,423.976,30.356,10.625,419.65,18.875,62,6.606,6.606,official_observed_reference,4bfa88f1b9ec535b8b67f6af7b8ec8a0739256087e54511118b8f8c6b34f9805
2024-10-08,SENGULAM (SBR),844.86,847.6,1.614,0.71,846.6,,0,0,,official_observed_reference,4bfa88f1b9ec535b8b67f6af7b8ec8a0739256087e54511118b8f8c6b34f9805
2024-10-08,LOWER PERIYAR,237.74,253,4.55,2.093,249.5,3.08,68,1.417,1.417,official_observed_reference,4bfa88f1b9ec535b8b67f6af7b8ec8a0739256087e54511118b8f8c6b34f9805
2024-10-08,KAKKAD,181.36,192.63,1.16,0.358,186.3,,0,0,,official_observed_reference,4bfa88f1b9ec535b8b67f6af7b8ec8a0739256087e54511118b8f8c6b34f9805
2024-10-09,IDUKKI,694.944,732.43,1460,2190,723.04,965.931,66,1448.897,1419.919,official_observed_reference,b9b4b72bd787562fc07162fd6689972820568731252f2b51fd4de580636cc419
2024-10-09,PAMBA,963.168,986.332,31.001,59.46,969.2,5.35,57,524.094,441.435,official_observed_reference,b9b4b72bd787562fc07162fd6689972820568731252f2b51fd4de580636cc419
2024-10-09,KAKKI,908.304,981.456,446.542,856.467,969.011,267.9,0,0,,official_observed_reference,b9b4b72bd787562fc07162fd6689972820568731252f2b51fd4de580636cc419
2024-10-09,SHOLAYAR,779.374,811.68,149.23,152.065,810.555,139.054,93,141.696,92.749,official_observed_reference,b9b4b72bd787562fc07162fd6689972820568731252f2b51fd4de580636cc419
2024-10-09,IDAMALAYAR,115,169,1017.8,254.45,159.3,740.4,73,185.1,185.1,official_observed_reference,b9b4b72bd787562fc07162fd6689972820568731252f2b51fd4de580636cc419
2024-10-09,KUNDALA,1735.836,1758.696,7.787,22.738,1758.2,7.39,95,157.432,68.095,official_observed_reference,b9b4b72bd787562fc07162fd6689972820568731252f2b51fd4de580636cc419
2024-10-09,MADUPPATTY,1554.48,1599.59,55.217,161.234,1596.45,46.525,84,0,,official_observed_reference,b9b4b72bd787562fc07162fd6689972820568731252f2b51fd4de580636cc419
2024-10-09,KUTTIADI,737.616,758.037,33.99,42.827,755.295,27.125,80,258.142,249.947,official_observed_reference,b9b4b72bd787562fc07162fd6689972820568731252f2b51fd4de580636cc419
2024-10-09,THARIODE,750.5,775.6,201,253.26,773.75,177.75,88,0,,official_observed_reference,b9b4b72bd787562fc07162fd6689972820568731252f2b51fd4de580636cc419
2024-10-09,ANAYIRANKAL,1188,1207.008,48.968,65.616,1203.6,33.83,69,91.12,32.076,official_observed_reference,b9b4b72bd787562fc07162fd6689972820568731252f2b51fd4de580636cc419
2024-10-09,PONMUDI,678.8,707.745,47.4,63.516,702.8,34.17,72,0,,official_observed_reference,b9b4b72bd787562fc07162fd6689972820568731252f2b51fd4de580636cc419
2024-10-09,NERIAMANGALAM,445,456.59,5.557,4.835,452.35,2.925,53,2.545,1.199,official_observed_reference,b9b4b72bd787562fc07162fd6689972820568731252f2b51fd4de580636cc419
2024-10-09,PORINGAL,405.689,423.976,30.356,10.625,420.5,19.875,65,6.956,6.956,official_observed_reference,b9b4b72bd787562fc07162fd6689972820568731252f2b51fd4de580636cc419
2024-10-09,SENGULAM (SBR),844.86,847.6,1.614,0.71,846.45,,0,0,,official_observed_reference,b9b4b72bd787562fc07162fd6689972820568731252f2b51fd4de580636cc419
2024-10-09,LOWER PERIYAR,237.74,253,4.55,2.093,249.8,3.2,70,1.472,1.472,official_observed_reference,b9b4b72bd787562fc07162fd6689972820568731252f2b51fd4de580636cc419
2024-10-09,KAKKAD,181.36,192.63,1.16,0.358,186.3,,0,0,,official_observed_reference,b9b4b72bd787562fc07162fd6689972820568731252f2b51fd4de580636cc419
2024-10-10,IDUKKI,694.944,732.43,1460,2190,723.077,967.633,66,1451.45,1422.421,official_observed_reference,7a09e7fd8a2a4b68e839c09a544077c3dccf2151dde59323a7dfe28583569da5
2024-10-10,PAMBA,963.168,986.332,31.001,59.46,969.1,5.25,57,523.326,440.789,official_observed_reference,7a09e7fd8a2a4b68e839c09a544077c3dccf2151dde59323a7dfe28583569da5
2024-10-10,KAKKI,908.304,981.456,446.542,856.467,968.989,267.6,0,0,,official_observed_reference,7a09e7fd8a2a4b68e839c09a544077c3dccf2151dde59323a7dfe28583569da5
2024-10-10,SHOLAYAR,779.374,811.68,149.23,152.065,810.524,138.771,93,141.408,92.56,official_observed_reference,7a09e7fd8a2a4b68e839c09a544077c3dccf2151dde59323a7dfe28583569da5
2024-10-10,IDAMALAYAR,115,169,1017.8,254.45,159.34,741.52,73,185.38,185.38,official_observed_reference,7a09e7fd8a2a4b68e839c09a544077c3dccf2151dde59323a7dfe28583569da5
2024-10-10,KUNDALA,1735.836,1758.696,7.787,22.738,1758.2,7.39,95,157.432,68.095,official_observed_reference,7a09e7fd8a2a4b68e839c09a544077c3dccf2151dde59323a7dfe28583569da5
2024-10-10,MADUPPATTY,1554.48,1599.59,55.217,161.234,1596.45,46.525,84,0,,official_observed_reference,7a09e7fd8a2a4b68e839c09a544077c3dccf2151dde59323a7dfe28583569da5
2024-10-10,KUTTIADI,737.616,758.037,33.99,42.827,755.021,26.439,78,257.278,249.11,official_observed_reference,7a09e7fd8a2a4b68e839c09a544077c3dccf2151dde59323a7dfe28583569da5
2024-10-10,THARIODE,750.5,775.6,201,253.26,773.7,177.75,88,0,,official_observed_reference,7a09e7fd8a2a4b68e839c09a544077c3dccf2151dde59323a7dfe28583569da5
2024-10-10,ANAYIRANKAL,1188,1207.008,48.968,65.616,1203.62,33.91,69,90.959,32.019,official_observed_reference,7a09e7fd8a2a4b68e839c09a544077c3dccf2151dde59323a7dfe28583569da5
2024-10-10,PONMUDI,678.8,707.745,47.4,63.516,702.7,33.97,72,0,,official_observed_reference,7a09e7fd8a2a4b68e839c09a544077c3dccf2151dde59323a7dfe28583569da5
2024-10-10,NERIAMANGALAM,445,456.59,5.557,4.835,453.3,3.44,62,2.993,1.41,official_observed_reference,7a09e7fd8a2a4b68e839c09a544077c3dccf2151dde59323a7dfe28583569da5
2024-10-10,PORINGAL,405.689,423.976,30.356,10.625,419.75,19.125,63,6.694,6.694,official_observed_reference,7a09e7fd8a2a4b68e839c09a544077c3dccf2151dde59323a7dfe28583569da5
2024-10-10,SENGULAM (SBR),844.86,847.6,1.614,0.71,846.55,,0,0,,official_observed_reference,7a09e7fd8a2a4b68e839c09a544077c3dccf2151dde59323a7dfe28583569da5
2024-10-10,LOWER PERIYAR,237.74,253,4.55,2.093,249.6,3.11,68,1.431,1.431,official_observed_reference,7a09e7fd8a2a4b68e839c09a544077c3dccf2151dde59323a7dfe28583569da5
2024-10-10,KAKKAD,181.36,192.63,1.16,0.358,186.4,,0,0,,official_observed_reference,7a09e7fd8a2a4b68e839c09a544077c3dccf2151dde59323a7dfe28583569da5
2024-10-11,IDUKKI,694.944,732.43,1460,2190,723.132,970.187,66,1455.281,1426.175,official_observed_reference,c0b785afb18bfe011d7661776941b636a18622903bb44dde08da61a2ff2d692e
2024-10-11,PAMBA,963.168,986.332,31.001,59.46,969.15,5.3,57,523.71,441.112,official_observed_reference,c0b785afb18bfe011d7661776941b636a18622903bb44dde08da61a2ff2d692e
2024-10-11,KAKKI,908.304,981.456,446.542,856.467,969.001,267.75,0,0,,official_observed_reference,c0b785afb18bfe011d7661776941b636a18622903bb44dde08da61a2ff2d692e
2024-10-11,SHOLAYAR,779.374,811.68,149.23,152.065,810.646,139.918,94,142.576,93.325,official_observed_reference,c0b785afb18bfe011d7661776941b636a18622903bb44dde08da61a2ff2d692e
2024-10-11,IDAMALAYAR,115,169,1017.8,254.45,159.66,750.48,74,187.62,187.62,official_observed_reference,c0b785afb18bfe011d7661776941b636a18622903bb44dde08da61a2ff2d692e
2024-10-11,KUNDALA,1735.836,1758.696,7.787,22.738,1758.25,7.43,95,157.184,67.987,official_observed_reference,c0b785afb18bfe011d7661776941b636a18622903bb44dde08da61a2ff2d692e
2024-10-11,MADUPPATTY,1554.48,1599.59,55.217,161.234,1596.4,46.4,84,0,,official_observed_reference,c0b785afb18bfe011d7661776941b636a18622903bb44dde08da61a2ff2d692e
2024-10-11,KUTTIADI,737.616,758.037,33.99,42.827,754.746,25.752,76,256.413,248.272,official_observed_reference,c0b785afb18bfe011d7661776941b636a18622903bb44dde08da61a2ff2d692e
2024-10-11,THARIODE,750.5,775.6,201,253.26,773.7,177.75,88,0,,official_observed_reference,c0b785afb18bfe011d7661776941b636a18622903bb44dde08da61a2ff2d692e
2024-10-11,ANAYIRANKAL,1188,1207.008,48.968,65.616,1203.65,34.03,69,91.12,32.076,official_observed_reference,c0b785afb18bfe011d7661776941b636a18622903bb44dde08da61a2ff2d692e
2024-10-11,PONMUDI,678.8,707.745,47.4,63.516,702.7,33.97,72,0,,official_observed_reference,c0b785afb18bfe011d7661776941b636a18622903bb44dde08da61a2ff2d692e
2024-10-11,NERIAMANGALAM,445,456.59,5.557,4.835,453.7,3.68,66,3.202,1.508,official_observed_reference,c0b785afb18bfe011d7661776941b636a18622903bb44dde08da61a2ff2d692e
2024-10-11,PORINGAL,405.689,423.976,30.356,10.625,421.6,23.75,78,8.313,8.313,official_observed_reference,c0b785afb18bfe011d7661776941b636a18622903bb44dde08da61a2ff2d692e
2024-10-11,SENGULAM (SBR),844.86,847.6,1.614,0.71,846.55,,0,0,,official_observed_reference,c0b785afb18bfe011d7661776941b636a18622903bb44dde08da61a2ff2d692e
2024-10-11,LOWER PERIYAR,237.74,253,4.55,2.093,250.8,3.6,79,1.656,1.656,official_observed_reference,c0b785afb18bfe011d7661776941b636a18622903bb44dde08da61a2ff2d692e
2024-10-11,KAKKAD,181.36,192.63,1.16,0.358,186,,0,0,,official_observed_reference,c0b785afb18bfe011d7661776941b636a18622903bb44dde08da61a2ff2d692e
2024-10-12,IDUKKI,694.944,732.43,1460,2190,723.175,972.173,67,1458.26,1429.094,official_observed_reference,dca52296e7fa3cf2022e2d9dc5ce70fe58375d4bdebd27bf0bfb2340148f1a17
2024-10-12,PAMBA,963.168,986.332,31.001,59.46,969.1,5.25,57,524.189,441.516,official_observed_reference,dca52296e7fa3cf2022e2d9dc5ce70fe58375d4bdebd27bf0bfb2340148f1a17
2024-10-12,KAKKI,908.304,981.456,446.542,856.467,969.03,268.05,0,0,,official_observed_reference,dca52296e7fa3cf2022e2d9dc5ce70fe58375d4bdebd27bf0bfb2340148f1a17
2024-10-12,SHOLAYAR,779.374,811.68,149.23,152.065,810.707,140.527,94,143.197,93.731,official_observed_reference,dca52296e7fa3cf2022e2d9dc5ce70fe58375d4bdebd27bf0bfb2340148f1a17
2024-10-12,IDAMALAYAR,115,169,1017.8,254.45,159.87,756.36,74,189.09,189.09,official_observed_reference,dca52296e7fa3cf2022e2d9dc5ce70fe58375d4bdebd27bf0bfb2340148f1a17
2024-10-12,KUNDALA,1735.836,1758.696,7.787,22.738,1758.3,7.47,96,157.665,68.196,official_observed_reference,dca52296e7fa3cf2022e2d9dc5ce70fe58375d4bdebd27bf0bfb2340148f1a17
2024-10-12,MADUPPATTY,1554.48,1599.59,55.217,161.234,1596.45,46.525,84,0,,official_observed_reference,dca52296e7fa3cf2022e2d9dc5ce70fe58375d4bdebd27bf0bfb2340148f1a17
2024-10-12,KUTTIADI,737.616,758.037,33.99,42.827,754.563,25.296,74,255.082,246.984,official_observed_reference,dca52296e7fa3cf2022e2d9dc5ce70fe58375d4bdebd27bf0bfb2340148f1a17
2024-10-12,THARIODE,750.5,775.6,201,253.26,772.25,177.15,88,0,,official_observed_reference,dca52296e7fa3cf2022e2d9dc5ce70fe58375d4bdebd27bf0bfb2340148f1a17
2024-10-12,ANAYIRANKAL,1188,1207.008,48.968,65.616,1203.7,34.23,70,92.192,32.453,official_observed_reference,dca52296e7fa3cf2022e2d9dc5ce70fe58375d4bdebd27bf0bfb2340148f1a17
2024-10-12,PONMUDI,678.8,707.745,47.4,63.516,703,34.57,73,0,,official_observed_reference,dca52296e7fa3cf2022e2d9dc5ce70fe58375d4bdebd27bf0bfb2340148f1a17
2024-10-12,NERIAMANGALAM,445,456.59,5.557,4.835,452.8,3.15,57,2.741,1.291,official_observed_reference,dca52296e7fa3cf2022e2d9dc5ce70fe58375d4bdebd27bf0bfb2340148f1a17
2024-10-12,PORINGAL,405.689,423.976,30.356,10.625,422.8,26.75,88,9.363,9.363,official_observed_reference,dca52296e7fa3cf2022e2d9dc5ce70fe58375d4bdebd27bf0bfb2340148f1a17
2024-10-12,SENGULAM (SBR),844.86,847.6,1.614,0.71,846.35,,0,0,,official_observed_reference,dca52296e7fa3cf2022e2d9dc5ce70fe58375d4bdebd27bf0bfb2340148f1a17
2024-10-12,LOWER PERIYAR,237.74,253,4.55,2.093,248.8,2.8,62,1.288,1.288,official_observed_reference,dca52296e7fa3cf2022e2d9dc5ce70fe58375d4bdebd27bf0bfb2340148f1a17
2024-10-12,KAKKAD,181.36,192.63,1.16,0.358,185.9,,0,0,,official_observed_reference,dca52296e7fa3cf2022e2d9dc5ce70fe58375d4bdebd27bf0bfb2340148f1a17
2024-10-13,IDUKKI,694.944,732.43,1460,2190,723.236,975.01,67,1462.515,1433.265,official_observed_reference,f69796011cd2eb033189711b1967947a85dfafc751b6a209cbc5db334021c550
2024-10-13,PAMBA,963.168,986.332,31.001,59.46,969.15,5.3,57,524.861,442.082,official_observed_reference,f69796011cd2eb033189711b1967947a85dfafc751b6a209cbc5db334021c550
2024-10-13,KAKKI,908.304,981.456,446.542,856.467,969.05,268.35,0,0,,official_observed_reference,f69796011cd2eb033189711b1967947a85dfafc751b6a209cbc5db334021c550
2024-10-13,SHOLAYAR,779.374,811.68,149.23,152.065,810.799,141.447,95,144.135,94.345,official_observed_reference,f69796011cd2eb033189711b1967947a85dfafc751b6a209cbc5db334021c550
2024-10-13,IDAMALAYAR,115,169,1017.8,254.45,160.05,761.4,75,190.35,190.35,official_observed_reference,f69796011cd2eb033189711b1967947a85dfafc751b6a209cbc5db334021c550
2024-10-13,KUNDALA,1735.836,1758.696,7.787,22.738,1758.3,7.47,96,157.665,68.196,official_observed_reference,f69796011cd2eb033189711b1967947a85dfafc751b6a209cbc5db334021c550
2024-10-13,MADUPPATTY,1554.48,1599.59,55.217,161.234,1596.45,46.525,84,0,,official_observed_reference,f69796011cd2eb033189711b1967947a85dfafc751b6a209cbc5db334021c550
2024-10-13,KUTTIADI,737.616,758.037,33.99,42.827,754.35,24.764,73,256.806,248.653,official_observed_reference,f69796011cd2eb033189711b1967947a85dfafc751b6a209cbc5db334021c550
2024-10-13,THARIODE,750.5,775.6,201,253.26,773.8,179.05,89,0,,official_observed_reference,f69796011cd2eb033189711b1967947a85dfafc751b6a209cbc5db334021c550
2024-10-13,ANAYIRANKAL,1188,1207.008,48.968,65.616,1203.73,34.35,70,93.023,32.745,official_observed_reference,f69796011cd2eb033189711b1967947a85dfafc751b6a209cbc5db334021c550
2024-10-13,PONMUDI,678.8,707.745,47.4,63.516,703.25,35.07,74,0,,official_observed_reference,f69796011cd2eb033189711b1967947a85dfafc751b6a209cbc5db334021c550
2024-10-13,NERIAMANGALAM,445,456.59,5.557,4.835,453.4,3.5,63,3.045,1.434,official_observed_reference,f69796011cd2eb033189711b1967947a85dfafc751b6a209cbc5db334021c550
2024-10-13,PORINGAL,405.689,423.976,30.356,10.625,421.95,24.625,81,8.619,8.619,official_observed_reference,f69796011cd2eb033189711b1967947a85dfafc751b6a209cbc5db334021c550
2024-10-13,SENGULAM (SBR),844.86,847.6,1.614,0.71,846.75,,0,0,,official_observed_reference,f69796011cd2eb033189711b1967947a85dfafc751b6a209cbc5db334021c550
2024-10-13,LOWER PERIYAR,237.74,253,4.55,2.093,250.4,3.44,76,1.582,1.582,official_observed_reference,f69796011cd2eb033189711b1967947a85dfafc751b6a209cbc5db334021c550
2024-10-13,KAKKAD,181.36,192.63,1.16,0.358,188,,0,0,,official_observed_reference,f69796011cd2eb033189711b1967947a85dfafc751b6a209cbc5db334021c550
2024-10-14,IDUKKI,694.944,732.43,1460,2190,723.29,977.564,67,1466.346,1437.019,official_observed_reference,b7be5daae92e1e282d1785a3ac4f8892e9731d4701e6aab3bc6ee59bc84fb7b6
2024-10-14,PAMBA,963.168,986.332,31.001,59.46,969.2,5.35,57,525.244,442.405,official_observed_reference,b7be5daae92e1e282d1785a3ac4f8892e9731d4701e6aab3bc6ee59bc84fb7b6
2024-10-14,KAKKI,908.304,981.456,446.542,856.467,969.06,268.5,0,0,,official_observed_reference,b7be5daae92e1e282d1785a3ac4f8892e9731d4701e6aab3bc6ee59bc84fb7b6
2024-10-14,SHOLAYAR,779.374,811.68,149.23,152.065,810.92,142.552,96,145.26,95.082,official_observed_reference,b7be5daae92e1e282d1785a3ac4f8892e9731d4701e6aab3bc6ee59bc84fb7b6
2024-10-14,IDAMALAYAR,115,169,1017.8,254.45,160.2,765.6,75,191.4,191.4,official_observed_reference,b7be5daae92e1e282d1785a3ac4f8892e9731d4701e6aab3bc6ee59bc84fb7b6
2024-10-14,KUNDALA,1735.836,1758.696,7.787,22.738,1758.25,7.43,95,157.914,68.303,official_observed_reference,b7be5daae92e1e282d1785a3ac4f8892e9731d4701e6aab3bc6ee59bc84fb7b6
2024-10-14,MADUPPATTY,1554.48,1599.59,55.217,161.234,1596.5,46.65,84,0,,official_observed_reference,b7be5daae92e1e282d1785a3ac4f8892e9731d4701e6aab3bc6ee59bc84fb7b6
2024-10-14,KUTTIADI,737.616,758.037,33.99,42.827,753.953,23.77,70,256.435,248.294,official_observed_reference,b7be5daae92e1e282d1785a3ac4f8892e9731d4701e6aab3bc6ee59bc84fb7b6
2024-10-14,THARIODE,750.5,775.6,201,253.26,773.85,179.75,89,0,,official_observed_reference,b7be5daae92e1e282d1785a3ac4f8892e9731d4701e6aab3bc6ee59bc84fb7b6
2024-10-14,ANAYIRANKAL,1188,1207.008,48.968,65.616,1203.8,34.63,71,96.681,34.033,official_observed_reference,b7be5daae92e1e282d1785a3ac4f8892e9731d4701e6aab3bc6ee59bc84fb7b6
2024-10-14,PONMUDI,678.8,707.745,47.4,63.516,704.3,37.52,79,0,,official_observed_reference,b7be5daae92e1e282d1785a3ac4f8892e9731d4701e6aab3bc6ee59bc84fb7b6
2024-10-14,NERIAMANGALAM,445,456.59,5.557,4.835,453.45,3.53,64,3.071,1.447,official_observed_reference,b7be5daae92e1e282d1785a3ac4f8892e9731d4701e6aab3bc6ee59bc84fb7b6
2024-10-14,PORINGAL,405.689,423.976,30.356,10.625,422,24.75,82,8.663,8.663,official_observed_reference,b7be5daae92e1e282d1785a3ac4f8892e9731d4701e6aab3bc6ee59bc84fb7b6
2024-10-14,SENGULAM (SBR),844.86,847.6,1.614,0.71,846.5,,0,0,,official_observed_reference,b7be5daae92e1e282d1785a3ac4f8892e9731d4701e6aab3bc6ee59bc84fb7b6
2024-10-14,LOWER PERIYAR,237.74,253,4.55,2.093,248.5,2.69,59,1.237,1.237,official_observed_reference,b7be5daae92e1e282d1785a3ac4f8892e9731d4701e6aab3bc6ee59bc84fb7b6
2024-10-14,KAKKAD,181.36,192.63,1.16,0.358,185.4,,0,0,,official_observed_reference,b7be5daae92e1e282d1785a3ac4f8892e9731d4701e6aab3bc6ee59bc84fb7b6
2024-10-15,IDUKKI,694.944,732.43,1460,2190,723.321,978.985,67,1468.478,1439.108,official_observed_reference,d7b2b38f5e87b2f7bd491f4365762b8253212808631fbbcbdb5171de5578acd4
2024-10-15,PAMBA,963.168,986.332,31.001,59.46,969.15,5.3,57,524.861,442.082,official_observed_reference,d7b2b38f5e87b2f7bd491f4365762b8253212808631fbbcbdb5171de5578acd4
2024-10-15,KAKKI,908.304,981.456,446.542,856.467,969.053,268.35,0,0,,official_observed_reference,d7b2b38f5e87b2f7bd491f4365762b8253212808631fbbcbdb5171de5578acd4
2024-10-15,SHOLAYAR,779.374,811.68,149.23,152.065,811.103,144.081,97,146.819,96.102,official_observed_reference,d7b2b38f5e87b2f7bd491f4365762b8253212808631fbbcbdb5171de5578acd4
2024-10-15,IDAMALAYAR,115,169,1017.8,254.45,160.35,769.8,76,192.45,192.45,official_observed_reference,d7b2b38f5e87b2f7bd491f4365762b8253212808631fbbcbdb5171de5578acd4
2024-10-15,KUNDALA,1735.836,1758.696,7.787,22.738,1758.25,7.43,95,158.279,68.461,official_observed_reference,d7b2b38f5e87b2f7bd491f4365762b8253212808631fbbcbdb5171de5578acd4
2024-10-15,MADUPPATTY,1554.48,1599.59,55.217,161.234,1596.55,46.775,85,0,,official_observed_reference,d7b2b38f5e87b2f7bd491f4365762b8253212808631fbbcbdb5171de5578acd4
2024-10-15,KUTTIADI,737.616,758.037,33.99,42.827,753.71,23.207,68,255.726,247.608,official_observed_reference,d7b2b38f5e87b2f7bd491f4365762b8253212808631fbbcbdb5171de5578acd4
2024-10-15,THARIODE,750.5,775.6,201,253.26,773.85,179.75,89,0,,official_observed_reference,d7b2b38f5e87b2f7bd491f4365762b8253212808631fbbcbdb5171de5578acd4
2024-10-15,ANAYIRANKAL,1188,1207.008,48.968,65.616,1203.84,34.79,71,97.458,34.307,official_observed_reference,d7b2b38f5e87b2f7bd491f4365762b8253212808631fbbcbdb5171de5578acd4
2024-10-15,PONMUDI,678.8,707.745,47.4,63.516,704.45,37.94,80,0,,official_observed_reference,d7b2b38f5e87b2f7bd491f4365762b8253212808631fbbcbdb5171de5578acd4
2024-10-15,NERIAMANGALAM,445,456.59,5.557,4.835,453.7,3.68,66,3.202,1.508,official_observed_reference,d7b2b38f5e87b2f7bd491f4365762b8253212808631fbbcbdb5171de5578acd4
2024-10-15,PORINGAL,405.689,423.976,30.356,10.625,422.45,25.875,85,9.056,9.056,official_observed_reference,d7b2b38f5e87b2f7bd491f4365762b8253212808631fbbcbdb5171de5578acd4
2024-10-15,SENGULAM (SBR),844.86,847.6,1.614,0.71,846.55,,0,0,,official_observed_reference,d7b2b38f5e87b2f7bd491f4365762b8253212808631fbbcbdb5171de5578acd4
2024-10-15,LOWER PERIYAR,237.74,253,4.55,2.093,248.3,2.61,57,1.201,1.201,official_observed_reference,d7b2b38f5e87b2f7bd491f4365762b8253212808631fbbcbdb5171de5578acd4
2024-10-15,KAKKAD,181.36,192.63,1.16,0.358,186,,0,0,,official_observed_reference,d7b2b38f5e87b2f7bd491f4365762b8253212808631fbbcbdb5171de5578acd4
2024-10-16,IDUKKI,694.944,732.43,1460,2190,723.357,980.691,67,1471.037,1441.616,official_observed_reference,96a65b4e804c546fd6cf32bd0e28ae2ed7dbe8c0c5b72fa2329c96dc316de3bd
2024-10-16,PAMBA,963.168,986.332,31.001,59.46,969.15,5.3,57,524.861,442.082,official_observed_reference,96a65b4e804c546fd6cf32bd0e28ae2ed7dbe8c0c5b72fa2329c96dc316de3bd
2024-10-16,KAKKI,908.304,981.456,446.542,856.467,969.05,268.35,0,0,,official_observed_reference,96a65b4e804c546fd6cf32bd0e28ae2ed7dbe8c0c5b72fa2329c96dc316de3bd
2024-10-16,SHOLAYAR,779.374,811.68,149.23,152.065,811.225,145.115,97,147.872,96.792,official_observed_reference,96a65b4e804c546fd6cf32bd0e28ae2ed7dbe8c0c5b72fa2329c96dc316de3bd
2024-10-16,IDAMALAYAR,115,169,1017.8,254.45,160.49,773.72,76,193.43,193.43,official_observed_reference,96a65b4e804c546fd6cf32bd0e28ae2ed7dbe8c0c5b72fa2329c96dc316de3bd
2024-10-16,KUNDALA,1735.836,1758.696,7.787,22.738,1758.25,7.43,95,158.279,68.461,official_observed_reference,96a65b4e804c546fd6cf32bd0e28ae2ed7dbe8c0c5b72fa2329c96dc316de3bd
2024-10-16,MADUPPATTY,1554.48,1599.59,55.217,161.234,1596.55,46.775,85,0,,official_observed_reference,96a65b4e804c546fd6cf32bd0e28ae2ed7dbe8c0c5b72fa2329c96dc316de3bd
2024-10-16,KUTTIADI,737.616,758.037,33.99,42.827,753.582,22.963,68,256.426,248.286,official_observed_reference,96a65b4e804c546fd6cf32bd0e28ae2ed7dbe8c0c5b72fa2329c96dc316de3bd
2024-10-16,THARIODE,750.5,775.6,201,253.26,773.9,180.55,90,0,,official_observed_reference,96a65b4e804c546fd6cf32bd0e28ae2ed7dbe8c0c5b72fa2329c96dc316de3bd
2024-10-16,ANAYIRANKAL,1188,1207.008,48.968,65.616,1203.88,34.95,71,97.512,34.326,official_observed_reference,96a65b4e804c546fd6cf32bd0e28ae2ed7dbe8c0c5b72fa2329c96dc316de3bd
2024-10-16,PONMUDI,678.8,707.745,47.4,63.516,704.4,37.82,80,0,,official_observed_reference,96a65b4e804c546fd6cf32bd0e28ae2ed7dbe8c0c5b72fa2329c96dc316de3bd
2024-10-16,NERIAMANGALAM,445,456.59,5.557,4.835,453.75,3.71,67,3.228,1.52,official_observed_reference,96a65b4e804c546fd6cf32bd0e28ae2ed7dbe8c0c5b72fa2329c96dc316de3bd
2024-10-16,PORINGAL,405.689,423.976,30.356,10.625,422.45,25.875,85,9.056,9.056,official_observed_reference,96a65b4e804c546fd6cf32bd0e28ae2ed7dbe8c0c5b72fa2329c96dc316de3bd
2024-10-16,SENGULAM (SBR),844.86,847.6,1.614,0.71,846.9,,0,0,,official_observed_reference,96a65b4e804c546fd6cf32bd0e28ae2ed7dbe8c0c5b72fa2329c96dc316de3bd
2024-10-16,LOWER PERIYAR,237.74,253,4.55,2.093,249,2.88,63,1.325,1.325,official_observed_reference,96a65b4e804c546fd6cf32bd0e28ae2ed7dbe8c0c5b72fa2329c96dc316de3bd
2024-10-16,KAKKAD,181.36,192.63,1.16,0.358,186.4,,0,0,,official_observed_reference,96a65b4e804c546fd6cf32bd0e28ae2ed7dbe8c0c5b72fa2329c96dc316de3bd
2024-10-17,IDUKKI,694.944,732.43,1460,2190,723.364,980.975,67,1471.463,1442.033,official_observed_reference,556f7cbc1d5ab13f6e762389ecfc354a76711814e490ba20f003427b0e33074e
2024-10-17,PAMBA,963.168,986.332,31.001,59.46,969.15,5.3,57,524.285,441.597,official_observed_reference,556f7cbc1d5ab13f6e762389ecfc354a76711814e490ba20f003427b0e33074e
2024-10-17,KAKKI,908.304,981.456,446.542,856.467,969.026,268.05,0,0,,official_observed_reference,556f7cbc1d5ab13f6e762389ecfc354a76711814e490ba20f003427b0e33074e
2024-10-17,SHOLAYAR,779.374,811.68,149.23,152.065,811.347,146.134,98,148.911,97.472,official_observed_reference,556f7cbc1d5ab13f6e762389ecfc354a76711814e490ba20f003427b0e33074e
2024-10-17,IDAMALAYAR,115,169,1017.8,254.45,160.54,775.12,76,193.78,193.78,official_observed_reference,556f7cbc1d5ab13f6e762389ecfc354a76711814e490ba20f003427b0e33074e
2024-10-17,KUNDALA,1735.836,1758.696,7.787,22.738,1758.25,7.43,95,158.644,68.619,official_observed_reference,556f7cbc1d5ab13f6e762389ecfc354a76711814e490ba20f003427b0e33074e
2024-10-17,MADUPPATTY,1554.48,1599.59,55.217,161.234,1596.6,46.9,85,0,,official_observed_reference,556f7cbc1d5ab13f6e762389ecfc354a76711814e490ba20f003427b0e33074e
2024-10-17,KUTTIADI,737.616,758.037,33.99,42.827,754.045,24,71,257.733,249.551,official_observed_reference,556f7cbc1d5ab13f6e762389ecfc354a76711814e490ba20f003427b0e33074e
2024-10-17,THARIODE,750.5,775.6,201,253.26,773.9,180.55,90,0,,official_observed_reference,556f7cbc1d5ab13f6e762389ecfc354a76711814e490ba20f003427b0e33074e
2024-10-17,ANAYIRANKAL,1188,1207.008,48.968,65.616,1203.9,35.03,72,96.614,34.01,official_observed_reference,556f7cbc1d5ab13f6e762389ecfc354a76711814e490ba20f003427b0e33074e
2024-10-17,PONMUDI,678.8,707.745,47.4,63.516,704.1,37.07,78,0,,official_observed_reference,556f7cbc1d5ab13f6e762389ecfc354a76711814e490ba20f003427b0e33074e
2024-10-17,NERIAMANGALAM,445,456.59,5.557,4.835,453.95,3.83,69,3.332,1.57,official_observed_reference,556f7cbc1d5ab13f6e762389ecfc354a76711814e490ba20f003427b0e33074e
2024-10-17,PORINGAL,405.689,423.976,30.356,10.625,422.1,25,82,8.75,8.75,official_observed_reference,556f7cbc1d5ab13f6e762389ecfc354a76711814e490ba20f003427b0e33074e
2024-10-17,SENGULAM (SBR),844.86,847.6,1.614,0.71,846.55,,0,0,,official_observed_reference,556f7cbc1d5ab13f6e762389ecfc354a76711814e490ba20f003427b0e33074e
2024-10-17,LOWER PERIYAR,237.74,253,4.55,2.093,250.1,3.31,73,1.523,1.523,official_observed_reference,556f7cbc1d5ab13f6e762389ecfc354a76711814e490ba20f003427b0e33074e
2024-10-17,KAKKAD,181.36,192.63,1.16,0.358,186.05,,0,0,,official_observed_reference,556f7cbc1d5ab13f6e762389ecfc354a76711814e490ba20f003427b0e33074e
2024-10-18,IDUKKI,694.944,732.43,1460,2190,723.382,981.828,67,1472.742,1443.287,official_observed_reference,8b554941502a58a1157de3dee618fd7b308ba9a8a8486f4daa95f20b2546a6b7
2024-10-18,PAMBA,963.168,986.332,31.001,59.46,969.15,5.3,57,524.285,441.597,official_observed_reference,8b554941502a58a1157de3dee618fd7b308ba9a8a8486f4daa95f20b2546a6b7
2024-10-18,KAKKI,908.304,981.456,446.542,856.467,969.02,268.05,0,0,,official_observed_reference,8b554941502a58a1157de3dee618fd7b308ba9a8a8486f4daa95f20b2546a6b7
2024-10-18,SHOLAYAR,779.374,811.68,149.23,152.065,811.408,146.672,98,149.459,97.83,official_observed_reference,8b554941502a58a1157de3dee618fd7b308ba9a8a8486f4daa95f20b2546a6b7
2024-10-18,IDAMALAYAR,115,169,1017.8,254.45,160.62,777.36,76,194.34,194.34,official_observed_reference,8b554941502a58a1157de3dee618fd7b308ba9a8a8486f4daa95f20b2546a6b7
2024-10-18,KUNDALA,1735.836,1758.696,7.787,22.738,1758.25,7.43,95,157.914,68.303,official_observed_reference,8b554941502a58a1157de3dee618fd7b308ba9a8a8486f4daa95f20b2546a6b7
2024-10-18,MADUPPATTY,1554.48,1599.59,55.217,161.234,1596.5,46.65,84,0,,official_observed_reference,8b554941502a58a1157de3dee618fd7b308ba9a8a8486f4daa95f20b2546a6b7
2024-10-18,KUTTIADI,737.616,758.037,33.99,42.827,754.228,24.46,72,257.305,249.136,official_observed_reference,8b554941502a58a1157de3dee618fd7b308ba9a8a8486f4daa95f20b2546a6b7
2024-10-18,THARIODE,750.5,775.6,201,253.26,773.85,179.75,89,0,,official_observed_reference,8b554941502a58a1157de3dee618fd7b308ba9a8a8486f4daa95f20b2546a6b7
2024-10-18,ANAYIRANKAL,1188,1207.008,48.968,65.616,1203.93,35.15,72,95.596,33.651,official_observed_reference,8b554941502a58a1157de3dee618fd7b308ba9a8a8486f4daa95f20b2546a6b7
2024-10-18,PONMUDI,678.8,707.745,47.4,63.516,703.75,36.19,76,0,,official_observed_reference,8b554941502a58a1157de3dee618fd7b308ba9a8a8486f4daa95f20b2546a6b7
2024-10-18,NERIAMANGALAM,445,456.59,5.557,4.835,454,3.86,69,3.358,1.582,official_observed_reference,8b554941502a58a1157de3dee618fd7b308ba9a8a8486f4daa95f20b2546a6b7
2024-10-18,PORINGAL,405.689,423.976,30.356,10.625,421.6,23.75,78,8.313,8.313,official_observed_reference,8b554941502a58a1157de3dee618fd7b308ba9a8a8486f4daa95f20b2546a6b7
2024-10-18,SENGULAM (SBR),844.86,847.6,1.614,0.71,846.45,,0,0,,official_observed_reference,8b554941502a58a1157de3dee618fd7b308ba9a8a8486f4daa95f20b2546a6b7
2024-10-18,LOWER PERIYAR,237.74,253,4.55,2.093,248.8,2.8,62,1.288,1.288,official_observed_reference,8b554941502a58a1157de3dee618fd7b308ba9a8a8486f4daa95f20b2546a6b7
2024-10-18,KAKKAD,181.36,192.63,1.16,0.358,185.7,,0,0,,official_observed_reference,8b554941502a58a1157de3dee618fd7b308ba9a8a8486f4daa95f20b2546a6b7
2024-10-19,IDUKKI,694.944,732.43,1460,2190,723.406,982.965,67,1474.448,1444.959,official_observed_reference,5d2084ff631e3d125bf56e042d179e1cc96c617f35997e3c3a4f1edbdbb97338
2024-10-19,PAMBA,963.168,986.332,31.001,59.46,969.15,5.3,57,524.573,441.839,official_observed_reference,5d2084ff631e3d125bf56e042d179e1cc96c617f35997e3c3a4f1edbdbb97338
2024-10-19,KAKKI,908.304,981.456,446.542,856.467,969.035,268.2,0,0,,official_observed_reference,5d2084ff631e3d125bf56e042d179e1cc96c617f35997e3c3a4f1edbdbb97338
2024-10-19,SHOLAYAR,779.374,811.68,149.23,152.065,811.5,147.465,99,150.267,98.359,official_observed_reference,5d2084ff631e3d125bf56e042d179e1cc96c617f35997e3c3a4f1edbdbb97338
2024-10-19,IDAMALAYAR,115,169,1017.8,254.45,160.69,779.32,77,194.83,194.83,official_observed_reference,5d2084ff631e3d125bf56e042d179e1cc96c617f35997e3c3a4f1edbdbb97338
2024-10-19,KUNDALA,1735.836,1758.696,7.787,22.738,1758.25,7.39,95,157.067,67.937,official_observed_reference,5d2084ff631e3d125bf56e042d179e1cc96c617f35997e3c3a4f1edbdbb97338
2024-10-19,MADUPPATTY,1554.48,1599.59,55.217,161.234,1596.4,46.4,84,0,,official_observed_reference,5d2084ff631e3d125bf56e042d179e1cc96c617f35997e3c3a4f1edbdbb97338
2024-10-19,KUTTIADI,737.616,758.037,33.99,42.827,754.289,24.312,72,257.118,248.956,official_observed_reference,5d2084ff631e3d125bf56e042d179e1cc96c617f35997e3c3a4f1edbdbb97338
2024-10-19,THARIODE,750.5,775.6,201,253.26,773.85,179.75,89,0,,official_observed_reference,5d2084ff631e3d125bf56e042d179e1cc96c617f35997e3c3a4f1edbdbb97338
2024-10-19,ANAYIRANKAL,1188,1207.008,48.968,65.616,1203.96,35.27,72,94.925,33.415,official_observed_reference,5d2084ff631e3d125bf56e042d179e1cc96c617f35997e3c3a4f1edbdbb97338
2024-10-19,PONMUDI,678.8,707.745,47.4,63.516,703.5,35.57,75,0,,official_observed_reference,5d2084ff631e3d125bf56e042d179e1cc96c617f35997e3c3a4f1edbdbb97338
2024-10-19,NERIAMANGALAM,445,456.59,5.557,4.835,453.45,3.525,63,3.067,1.445,official_observed_reference,5d2084ff631e3d125bf56e042d179e1cc96c617f35997e3c3a4f1edbdbb97338
2024-10-19,PORINGAL,405.689,423.976,30.356,10.625,421.1,22.55,74,7.893,7.893,official_observed_reference,5d2084ff631e3d125bf56e042d179e1cc96c617f35997e3c3a4f1edbdbb97338
2024-10-19,SENGULAM (SBR),844.86,847.6,1.614,0.71,846.6,,0,0,,official_observed_reference,5d2084ff631e3d125bf56e042d179e1cc96c617f35997e3c3a4f1edbdbb97338
2024-10-19,LOWER PERIYAR,237.74,253,4.55,2.093,249.3,3,66,1.38,1.38,official_observed_reference,5d2084ff631e3d125bf56e042d179e1cc96c617f35997e3c3a4f1edbdbb97338
2024-10-19,KAKKAD,181.36,192.63,1.16,0.358,185.8,,0,0,,official_observed_reference,5d2084ff631e3d125bf56e042d179e1cc96c617f35997e3c3a4f1edbdbb97338
2024-10-20,IDUKKI,694.944,732.43,1460,2190,723.449,984.956,67,1477.434,1447.885,official_observed_reference,b289dd34ae9ac7600fac3e7fa908da42a7831f38e38e055af4d9ddaafac7a4d8
2024-10-20,PAMBA,963.168,986.332,31.001,59.46,969.45,5.6,58,529.752,446.201,official_observed_reference,b289dd34ae9ac7600fac3e7fa908da42a7831f38e38e055af4d9ddaafac7a4d8
2024-10-20,KAKKI,908.304,981.456,446.542,856.467,969.243,270.6,0,0,,official_observed_reference,b289dd34ae9ac7600fac3e7fa908da42a7831f38e38e055af4d9ddaafac7a4d8
2024-10-20,SHOLAYAR,779.374,811.68,149.23,152.065,811.469,147.21,99,150.007,98.189,official_observed_reference,b289dd34ae9ac7600fac3e7fa908da42a7831f38e38e055af4d9ddaafac7a4d8
2024-10-20,IDAMALAYAR,115,169,1017.8,254.45,160.84,783.52,77,195.88,195.88,official_observed_reference,b289dd34ae9ac7600fac3e7fa908da42a7831f38e38e055af4d9ddaafac7a4d8
2024-10-20,KUNDALA,1735.836,1758.696,7.787,22.738,1758.25,7.43,95,156.819,67.829,official_observed_reference,b289dd34ae9ac7600fac3e7fa908da42a7831f38e38e055af4d9ddaafac7a4d8
2024-10-20,MADUPPATTY,1554.48,1599.59,55.217,161.234,1596.35,46.275,84,0,,official_observed_reference,b289dd34ae9ac7600fac3e7fa908da42a7831f38e38e055af4d9ddaafac7a4d8
2024-10-20,KUTTIADI,737.616,758.037,33.99,42.827,754.563,25.296,74,256.342,248.204,official_observed_reference,b289dd34ae9ac7600fac3e7fa908da42a7831f38e38e055af4d9ddaafac7a4d8
2024-10-20,THARIODE,750.5,775.6,201,253.26,773.75,178.15,89,0,,official_observed_reference,b289dd34ae9ac7600fac3e7fa908da42a7831f38e38e055af4d9ddaafac7a4d8
2024-10-20,ANAYIRANKAL,1188,1207.008,48.968,65.616,1204.26,36.5,75,96.735,34.052,official_observed_reference,b289dd34ae9ac7600fac3e7fa908da42a7831f38e38e055af4d9ddaafac7a4d8
2024-10-20,PONMUDI,678.8,707.745,47.4,63.516,703.55,35.69,75,0,,official_observed_reference,b289dd34ae9ac7600fac3e7fa908da42a7831f38e38e055af4d9ddaafac7a4d8
2024-10-20,NERIAMANGALAM,445,456.59,5.557,4.835,454.3,4.04,73,3.515,1.656,official_observed_reference,b289dd34ae9ac7600fac3e7fa908da42a7831f38e38e055af4d9ddaafac7a4d8
2024-10-20,PORINGAL,405.689,423.976,30.356,10.625,421.1,22.55,74,7.893,7.893,official_observed_reference,b289dd34ae9ac7600fac3e7fa908da42a7831f38e38e055af4d9ddaafac7a4d8
2024-10-20,SENGULAM (SBR),844.86,847.6,1.614,0.71,846.7,,0,0,,official_observed_reference,b289dd34ae9ac7600fac3e7fa908da42a7831f38e38e055af4d9ddaafac7a4d8
2024-10-20,LOWER PERIYAR,237.74,253,4.55,2.093,249.6,3.11,68,1.431,1.431,official_observed_reference,b289dd34ae9ac7600fac3e7fa908da42a7831f38e38e055af4d9ddaafac7a4d8
2024-10-20,KAKKAD,181.36,192.63,1.16,0.358,187.8,,0,0,,official_observed_reference,b289dd34ae9ac7600fac3e7fa908da42a7831f38e38e055af4d9ddaafac7a4d8
2024-10-21,IDUKKI,694.944,732.43,1460,2190,723.498,987.23,68,1480.845,1451.228,official_observed_reference,306c44af08a1ed92a33f25fdd49058fa96a90513a7754405511a727f6ef1ec4b
2024-10-21,PAMBA,963.168,986.332,31.001,59.46,969.45,5.6,58,532.341,448.382,official_observed_reference,306c44af08a1ed92a33f25fdd49058fa96a90513a7754405511a727f6ef1ec4b
2024-10-21,KAKKI,908.304,981.456,446.542,856.467,969.352,271.95,0,0,,official_observed_reference,306c44af08a1ed92a33f25fdd49058fa96a90513a7754405511a727f6ef1ec4b
2024-10-21,SHOLAYAR,779.374,811.68,149.23,152.065,811.378,146.389,98,149.17,97.642,official_observed_reference,306c44af08a1ed92a33f25fdd49058fa96a90513a7754405511a727f6ef1ec4b
2024-10-21,IDAMALAYAR,115,169,1017.8,254.45,160.98,787.44,77,196.86,196.86,official_observed_reference,306c44af08a1ed92a33f25fdd49058fa96a90513a7754405511a727f6ef1ec4b
2024-10-21,KUNDALA,1735.836,1758.696,7.787,22.738,1758.25,7.43,95,157.184,67.987,official_observed_reference,306c44af08a1ed92a33f25fdd49058fa96a90513a7754405511a727f6ef1ec4b
2024-10-21,MADUPPATTY,1554.48,1599.59,55.217,161.234,1596.4,46.4,84,0,,official_observed_reference,306c44af08a1ed92a33f25fdd49058fa96a90513a7754405511a727f6ef1ec4b
2024-10-21,KUTTIADI,737.616,758.037,33.99,42.827,754.746,25.752,76,256.413,248.272,official_observed_reference,306c44af08a1ed92a33f25fdd49058fa96a90513a7754405511a727f6ef1ec4b
2024-10-21,THARIODE,750.5,775.6,201,253.26,773.7,177.75,88,0,,official_observed_reference,306c44af08a1ed92a33f25fdd49058fa96a90513a7754405511a727f6ef1ec4b
2024-10-21,ANAYIRANKAL,1188,1207.008,48.968,65.616,1204.46,37.4,76,100.285,35.302,official_observed_reference,306c44af08a1ed92a33f25fdd49058fa96a90513a7754405511a727f6ef1ec4b
2024-10-21,PONMUDI,678.8,707.745,47.4,63.516,704.25,37.44,79,0,,official_observed_reference,306c44af08a1ed92a33f25fdd49058fa96a90513a7754405511a727f6ef1ec4b
2024-10-21,NERIAMANGALAM,445,456.59,5.557,4.835,454.7,4.28,77,3.724,1.754,official_observed_reference,306c44af08a1ed92a33f25fdd49058fa96a90513a7754405511a727f6ef1ec4b
2024-10-21,PORINGAL,405.689,423.976,30.356,10.625,420.95,22.125,73,7.744,7.744,official_observed_reference,306c44af08a1ed92a33f25fdd49058fa96a90513a7754405511a727f6ef1ec4b
2024-10-21,SENGULAM (SBR),844.86,847.6,1.614,0.71,846.45,,0,0,,official_observed_reference,306c44af08a1ed92a33f25fdd49058fa96a90513a7754405511a727f6ef1ec4b
2024-10-21,LOWER PERIYAR,237.74,253,4.55,2.093,248.5,2.69,59,1.237,1.237,official_observed_reference,306c44af08a1ed92a33f25fdd49058fa96a90513a7754405511a727f6ef1ec4b
2024-10-21,KAKKAD,181.36,192.63,1.16,0.358,186,,0,0,,official_observed_reference,306c44af08a1ed92a33f25fdd49058fa96a90513a7754405511a727f6ef1ec4b
2024-10-22,IDUKKI,694.944,732.43,1460,2190,723.546,989.504,68,1484.256,1454.571,official_observed_reference,d1d69866292d005de642d09cb413ac61443ff836e3331c008f629565e523d80a
2024-10-22,PAMBA,963.168,986.332,31.001,59.46,969.55,5.7,58,533.684,449.513,official_observed_reference,d1d69866292d005de642d09cb413ac61443ff836e3331c008f629565e523d80a
2024-10-22,KAKKI,908.304,981.456,446.542,856.467,969.395,272.55,0,0,,official_observed_reference,d1d69866292d005de642d09cb413ac61443ff836e3331c008f629565e523d80a
2024-10-22,SHOLAYAR,779.374,811.68,149.23,152.065,811.347,146.134,98,148.911,97.472,official_observed_reference,d1d69866292d005de642d09cb413ac61443ff836e3331c008f629565e523d80a
2024-10-22,IDAMALAYAR,115,169,1017.8,254.45,161.13,791.64,78,197.91,197.91,official_observed_reference,d1d69866292d005de642d09cb413ac61443ff836e3331c008f629565e523d80a
2024-10-22,KUNDALA,1735.836,1758.696,7.787,22.738,1758.25,7.43,95,157.184,67.987,official_observed_reference,d1d69866292d005de642d09cb413ac61443ff836e3331c008f629565e523d80a
2024-10-22,MADUPPATTY,1554.48,1599.59,55.217,161.234,1596.4,46.4,84,0,,official_observed_reference,d1d69866292d005de642d09cb413ac61443ff836e3331c008f629565e523d80a
2024-10-22,KUTTIADI,737.616,758.037,33.99,42.827,754.96,26.286,77,255.321,247.216,official_observed_reference,d1d69866292d005de642d09cb413ac61443ff836e3331c008f629565e523d80a
2024-10-22,THARIODE,750.5,775.6,201,253.26,773.6,176.35,88,0,,official_observed_reference,d1d69866292d005de642d09cb413ac61443ff836e3331c008f629565e523d80a
2024-10-22,ANAYIRANKAL,1188,1207.008,48.968,65.616,1204.56,37.85,77,102.229,35.986,official_observed_reference,d1d69866292d005de642d09cb413ac61443ff836e3331c008f629565e523d80a
2024-10-22,PONMUDI,678.8,707.745,47.4,63.516,704.65,38.44,81,0,,official_observed_reference,d1d69866292d005de642d09cb413ac61443ff836e3331c008f629565e523d80a
2024-10-22,NERIAMANGALAM,445,456.59,5.557,4.835,454.5,4.16,75,3.619,1.705,official_observed_reference,d1d69866292d005de642d09cb413ac61443ff836e3331c008f629565e523d80a
2024-10-22,PORINGAL,405.689,423.976,30.356,10.625,421.65,23.875,79,8.356,8.356,official_observed_reference,d1d69866292d005de642d09cb413ac61443ff836e3331c008f629565e523d80a
2024-10-22,SENGULAM (SBR),844.86,847.6,1.614,0.71,846.7,,0,0,,official_observed_reference,d1d69866292d005de642d09cb413ac61443ff836e3331c008f629565e523d80a
2024-10-22,LOWER PERIYAR,237.74,253,4.55,2.093,249,2.88,63,1.325,1.325,official_observed_reference,d1d69866292d005de642d09cb413ac61443ff836e3331c008f629565e523d80a
2024-10-22,KAKKAD,181.36,192.63,1.16,0.358,185.9,,0,0,,official_observed_reference,d1d69866292d005de642d09cb413ac61443ff836e3331c008f629565e523d80a
2024-10-23,IDUKKI,694.944,732.43,1460,2190,723.638,993.765,68,1490.648,1460.835,official_observed_reference,c948595666689775d48ae3109bfbc0febdaaf5146861c09cbd780e161f374f94
2024-10-23,PAMBA,963.168,986.332,31.001,59.46,969.75,5.9,59,536.081,451.532,official_observed_reference,c948595666689775d48ae3109bfbc0febdaaf5146861c09cbd780e161f374f94
2024-10-23,KAKKI,908.304,981.456,446.542,856.467,969.493,273.6,0,0,,official_observed_reference,c948595666689775d48ae3109bfbc0febdaaf5146861c09cbd780e161f374f94
2024-10-23,SHOLAYAR,779.374,811.68,149.23,152.065,811.347,146.134,98,148.911,97.472,official_observed_reference,c948595666689775d48ae3109bfbc0febdaaf5146861c09cbd780e161f374f94
2024-10-23,IDAMALAYAR,115,169,1017.8,254.45,161.4,799.2,79,199.8,199.8,official_observed_reference,c948595666689775d48ae3109bfbc0febdaaf5146861c09cbd780e161f374f94
2024-10-23,KUNDALA,1735.836,1758.696,7.787,22.738,1758.25,7.43,95,157.549,68.145,official_observed_reference,c948595666689775d48ae3109bfbc0febdaaf5146861c09cbd780e161f374f94
2024-10-23,MADUPPATTY,1554.48,1599.59,55.217,161.234,1596.45,46.525,84,0,,official_observed_reference,c948595666689775d48ae3109bfbc0febdaaf5146861c09cbd780e161f374f94
2024-10-23,KUTTIADI,737.616,758.037,33.99,42.827,755.082,26.591,78,255.706,247.588,official_observed_reference,c948595666689775d48ae3109bfbc0febdaaf5146861c09cbd780e161f374f94
2024-10-23,THARIODE,750.5,775.6,201,253.26,773.6,176.35,88,0,,official_observed_reference,c948595666689775d48ae3109bfbc0febdaaf5146861c09cbd780e161f374f94
2024-10-23,ANAYIRANKAL,1188,1207.008,48.968,65.616,1204.66,38.3,78,102.671,36.142,official_observed_reference,c948595666689775d48ae3109bfbc0febdaaf5146861c09cbd780e161f374f94
2024-10-23,PONMUDI,678.8,707.745,47.4,63.516,704.6,38.32,81,0,,official_observed_reference,c948595666689775d48ae3109bfbc0febdaaf5146861c09cbd780e161f374f94
2024-10-23,NERIAMANGALAM,445,456.59,5.557,4.835,455.2,4.58,82,3.985,1.877,official_observed_reference,c948595666689775d48ae3109bfbc0febdaaf5146861c09cbd780e161f374f94
2024-10-23,PORINGAL,405.689,423.976,30.356,10.625,423.25,27.95,92,9.783,9.783,official_observed_reference,c948595666689775d48ae3109bfbc0febdaaf5146861c09cbd780e161f374f94
2024-10-23,SENGULAM (SBR),844.86,847.6,1.614,0.71,846.5,,0,0,,official_observed_reference,c948595666689775d48ae3109bfbc0febdaaf5146861c09cbd780e161f374f94
2024-10-23,LOWER PERIYAR,237.74,253,4.55,2.093,248,2.51,55,1.155,1.155,official_observed_reference,c948595666689775d48ae3109bfbc0febdaaf5146861c09cbd780e161f374f94
2024-10-23,KAKKAD,181.36,192.63,1.16,0.358,186.3,,0,0,,official_observed_reference,c948595666689775d48ae3109bfbc0febdaaf5146861c09cbd780e161f374f94
2024-10-24,IDUKKI,694.944,732.43,1460,2190,723.705,996.886,68,1495.329,1465.422,official_observed_reference,f6a57813b524b7ec1a774f42185698f81bfa54bc84f49ade3641cee4171f8e91
2024-10-24,PAMBA,963.168,986.332,31.001,59.46,969.75,5.9,59,537.52,452.744,official_observed_reference,f6a57813b524b7ec1a774f42185698f81bfa54bc84f49ade3641cee4171f8e91
2024-10-24,KAKKI,908.304,981.456,446.542,856.467,969.55,274.35,0,0,,official_observed_reference,f6a57813b524b7ec1a774f42185698f81bfa54bc84f49ade3641cee4171f8e91
2024-10-24,SHOLAYAR,779.374,811.68,149.23,152.065,811.377,146.389,98,149.17,97.642,official_observed_reference,f6a57813b524b7ec1a774f42185698f81bfa54bc84f49ade3641cee4171f8e91
2024-10-24,IDAMALAYAR,115,169,1017.8,254.45,161.57,804.045,79,201.011,201.011,official_observed_reference,f6a57813b524b7ec1a774f42185698f81bfa54bc84f49ade3641cee4171f8e91
2024-10-24,KUNDALA,1735.836,1758.696,7.787,22.738,1758.25,7.43,95,157.549,68.145,official_observed_reference,f6a57813b524b7ec1a774f42185698f81bfa54bc84f49ade3641cee4171f8e91
2024-10-24,MADUPPATTY,1554.48,1599.59,55.217,161.234,1596.45,46.525,84,0,,official_observed_reference,f6a57813b524b7ec1a774f42185698f81bfa54bc84f49ade3641cee4171f8e91
2024-10-24,KUTTIADI,737.616,758.037,33.99,42.827,755.204,26.896,79,254.83,246.74,official_observed_reference,f6a57813b524b7ec1a774f42185698f81bfa54bc84f49ade3641cee4171f8e91
2024-10-24,THARIODE,750.5,775.6,201,253.26,773.5,175.35,87,0,,official_observed_reference,f6a57813b524b7ec1a774f42185698f81bfa54bc84f49ade3641cee4171f8e91
2024-10-24,ANAYIRANKAL,1188,1207.008,48.968,65.616,1204.74,38.66,79,103.823,36.547,official_observed_reference,f6a57813b524b7ec1a774f42185698f81bfa54bc84f49ade3641cee4171f8e91
2024-10-24,PONMUDI,678.8,707.745,47.4,63.516,704.8,38.82,82,0,,official_observed_reference,f6a57813b524b7ec1a774f42185698f81bfa54bc84f49ade3641cee4171f8e91
2024-10-24,NERIAMANGALAM,445,456.59,5.557,4.835,454.8,4.34,78,3.776,1.779,official_observed_reference,f6a57813b524b7ec1a774f42185698f81bfa54bc84f49ade3641cee4171f8e91
2024-10-24,PORINGAL,405.689,423.976,30.356,10.625,423.3,28.1,93,9.835,9.835,official_observed_reference,f6a57813b524b7ec1a774f42185698f81bfa54bc84f49ade3641cee4171f8e91
2024-10-24,SENGULAM (SBR),844.86,847.6,1.614,0.71,846.35,,0,0,,official_observed_reference,f6a57813b524b7ec1a774f42185698f81bfa54bc84f49ade3641cee4171f8e91
2024-10-24,LOWER PERIYAR,237.74,253,4.55,2.093,249.4,3.04,67,1.398,1.398,official_observed_reference,f6a57813b524b7ec1a774f42185698f81bfa54bc84f49ade3641cee4171f8e91
2024-10-24,KAKKAD,181.36,192.63,1.16,0.358,185.9,,0,0,,official_observed_reference,f6a57813b524b7ec1a774f42185698f81bfa54bc84f49ade3641cee4171f8e91
2024-10-25,IDUKKI,694.944,732.43,1460,2190,723.839,1003.128,69,1504.692,1474.598,official_observed_reference,41cb2a9e3b1180c499c677a301b22ac5d1fce2c41a3efc0314c55d6beb13db24
2024-10-25,PAMBA,963.168,986.332,31.001,59.46,969.95,6.1,59,540.205,455.006,official_observed_reference,41cb2a9e3b1180c499c677a301b22ac5d1fce2c41a3efc0314c55d6beb13db24
2024-10-25,KAKKI,908.304,981.456,446.542,856.467,969.648,275.55,0,0,,official_observed_reference,41cb2a9e3b1180c499c677a301b22ac5d1fce2c41a3efc0314c55d6beb13db24
2024-10-25,SHOLAYAR,779.374,811.68,149.23,152.065,811.439,146.941,98,149.733,98.01,official_observed_reference,41cb2a9e3b1180c499c677a301b22ac5d1fce2c41a3efc0314c55d6beb13db24
2024-10-25,IDAMALAYAR,115,169,1017.8,254.45,161.97,815.445,80,203.861,203.861,official_observed_reference,41cb2a9e3b1180c499c677a301b22ac5d1fce2c41a3efc0314c55d6beb13db24
2024-10-25,KUNDALA,1735.836,1758.696,7.787,22.738,1758.25,7.43,95,157.914,68.303,official_observed_reference,41cb2a9e3b1180c499c677a301b22ac5d1fce2c41a3efc0314c55d6beb13db24
2024-10-25,MADUPPATTY,1554.48,1599.59,55.217,161.234,1596.5,46.65,84,0,,official_observed_reference,41cb2a9e3b1180c499c677a301b22ac5d1fce2c41a3efc0314c55d6beb13db24
2024-10-25,KUTTIADI,737.616,758.037,33.99,42.827,755.295,27.125,80,254.362,246.287,official_observed_reference,41cb2a9e3b1180c499c677a301b22ac5d1fce2c41a3efc0314c55d6beb13db24
2024-10-25,THARIODE,750.5,775.6,201,253.26,773.45,174.75,87,0,,official_observed_reference,41cb2a9e3b1180c499c677a301b22ac5d1fce2c41a3efc0314c55d6beb13db24
2024-10-25,ANAYIRANKAL,1188,1207.008,48.968,65.616,1204.84,39.11,80,104.252,36.698,official_observed_reference,41cb2a9e3b1180c499c677a301b22ac5d1fce2c41a3efc0314c55d6beb13db24
2024-10-25,PONMUDI,678.8,707.745,47.4,63.516,704.75,38.69,82,0,,official_observed_reference,41cb2a9e3b1180c499c677a301b22ac5d1fce2c41a3efc0314c55d6beb13db24
2024-10-25,NERIAMANGALAM,445,456.59,5.557,4.835,454.7,4.28,77,3.724,1.754,official_observed_reference,41cb2a9e3b1180c499c677a301b22ac5d1fce2c41a3efc0314c55d6beb13db24
2024-10-25,PORINGAL,405.689,423.976,30.356,10.625,423.05,27.375,90,9.581,9.581,official_observed_reference,41cb2a9e3b1180c499c677a301b22ac5d1fce2c41a3efc0314c55d6beb13db24
2024-10-25,SENGULAM (SBR),844.86,847.6,1.614,0.71,846.55,,0,0,,official_observed_reference,41cb2a9e3b1180c499c677a301b22ac5d1fce2c41a3efc0314c55d6beb13db24
2024-10-25,LOWER PERIYAR,237.74,253,4.55,2.093,249.4,3.04,67,1.398,1.398,official_observed_reference,41cb2a9e3b1180c499c677a301b22ac5d1fce2c41a3efc0314c55d6beb13db24
2024-10-25,KAKKAD,181.36,192.63,1.16,0.358,184.6,,0,0,,official_observed_reference,41cb2a9e3b1180c499c677a301b22ac5d1fce2c41a3efc0314c55d6beb13db24
2024-10-27,IDUKKI,694.944,732.43,1460,2190,724.339,1026.423,70,1539.635,1508.842,official_observed_reference,8c71361ebae66bfd25df267d7c1bf0d778f5fc26246f561b65b6d28c39ca73d4
2024-10-27,PAMBA,963.168,986.332,31.001,59.46,970.2,6.35,60,548.164,461.71,official_observed_reference,8c71361ebae66bfd25df267d7c1bf0d778f5fc26246f561b65b6d28c39ca73d4
2024-10-27,KAKKI,908.304,981.456,446.542,856.467,969.97,279.45,0,0,,official_observed_reference,8c71361ebae66bfd25df267d7c1bf0d778f5fc26246f561b65b6d28c39ca73d4
2024-10-27,SHOLAYAR,779.374,811.68,149.23,152.065,811.439,146.941,98,149.733,98.01,official_observed_reference,8c71361ebae66bfd25df267d7c1bf0d778f5fc26246f561b65b6d28c39ca73d4
2024-10-27,IDAMALAYAR,115,169,1017.8,254.45,162.32,825.42,81,206.355,206.355,official_observed_reference,8c71361ebae66bfd25df267d7c1bf0d778f5fc26246f561b65b6d28c39ca73d4
2024-10-27,KUNDALA,1735.836,1758.696,7.787,22.738,1758.25,7.43,95,158.279,68.461,official_observed_reference,8c71361ebae66bfd25df267d7c1bf0d778f5fc26246f561b65b6d28c39ca73d4
2024-10-27,MADUPPATTY,1554.48,1599.59,55.217,161.234,1596.55,46.775,85,0,,official_observed_reference,8c71361ebae66bfd25df267d7c1bf0d778f5fc26246f561b65b6d28c39ca73d4
2024-10-27,KUTTIADI,737.616,758.037,33.99,42.827,755.6,27.887,82,252.803,244.777,official_observed_reference,8c71361ebae66bfd25df267d7c1bf0d778f5fc26246f561b65b6d28c39ca73d4
2024-10-27,THARIODE,750.5,775.6,201,253.26,773.3,172.75,86,0,,official_observed_reference,8c71361ebae66bfd25df267d7c1bf0d778f5fc26246f561b65b6d28c39ca73d4
2024-10-27,ANAYIRANKAL,1188,1207.008,48.968,65.616,1204.97,39.695,81,105.21,37.035,official_observed_reference,8c71361ebae66bfd25df267d7c1bf0d778f5fc26246f561b65b6d28c39ca73d4
2024-10-27,PONMUDI,678.8,707.745,47.4,63.516,704.8,38.82,82,0,,official_observed_reference,8c71361ebae66bfd25df267d7c1bf0d778f5fc26246f561b65b6d28c39ca73d4
2024-10-27,NERIAMANGALAM,445,456.59,5.557,4.835,454.4,4.1,74,3.567,1.68,official_observed_reference,8c71361ebae66bfd25df267d7c1bf0d778f5fc26246f561b65b6d28c39ca73d4
2024-10-27,PORINGAL,405.689,423.976,30.356,10.625,422.5,26,86,9.1,9.1,official_observed_reference,8c71361ebae66bfd25df267d7c1bf0d778f5fc26246f561b65b6d28c39ca73d4
2024-10-27,SENGULAM (SBR),844.86,847.6,1.614,0.71,846.55,,0,0,,official_observed_reference,8c71361ebae66bfd25df267d7c1bf0d778f5fc26246f561b65b6d28c39ca73d4
2024-10-27,LOWER PERIYAR,237.74,253,4.55,2.093,249.4,3.04,67,1.398,1.398,official_observed_reference,8c71361ebae66bfd25df267d7c1bf0d778f5fc26246f561b65b6d28c39ca73d4
2024-10-27,KAKKAD,181.36,192.63,1.16,0.358,186.25,,0,0,,official_observed_reference,8c71361ebae66bfd25df267d7c1bf0d778f5fc26246f561b65b6d28c39ca73d4
2024-10-28,IDUKKI,694.944,732.43,1460,2190,724.406,1029.544,71,1544.316,1513.43,official_observed_reference,196e290b799740bb388deebd1de185c6316b03af17e820005d6c11366a74b398
2024-10-28,PAMBA,963.168,986.332,31.001,59.46,970.3,6.45,60,549.507,462.841,official_observed_reference,196e290b799740bb388deebd1de185c6316b03af17e820005d6c11366a74b398
2024-10-28,KAKKI,908.304,981.456,446.542,856.467,970.023,280.05,0,0,,official_observed_reference,196e290b799740bb388deebd1de185c6316b03af17e820005d6c11366a74b398
2024-10-28,SHOLAYAR,779.374,811.68,149.23,152.065,811.317,145.879,98,148.651,97.301,official_observed_reference,196e290b799740bb388deebd1de185c6316b03af17e820005d6c11366a74b398
2024-10-28,IDAMALAYAR,115,169,1017.8,254.45,162.36,826.56,81,206.64,206.64,official_observed_reference,196e290b799740bb388deebd1de185c6316b03af17e820005d6c11366a74b398
2024-10-28,KUNDALA,1735.836,1758.696,7.787,22.738,1758.25,7.43,95,157.914,68.303,official_observed_reference,196e290b799740bb388deebd1de185c6316b03af17e820005d6c11366a74b398
2024-10-28,MADUPPATTY,1554.48,1599.59,55.217,161.234,1596.5,46.65,84,0,,official_observed_reference,196e290b799740bb388deebd1de185c6316b03af17e820005d6c11366a74b398
2024-10-28,KUTTIADI,737.616,758.037,33.99,42.827,755.295,27.125,80,250.582,242.627,official_observed_reference,196e290b799740bb388deebd1de185c6316b03af17e820005d6c11366a74b398
2024-10-28,THARIODE,750.5,775.6,201,253.26,773.2,171.75,85,0,,official_observed_reference,196e290b799740bb388deebd1de185c6316b03af17e820005d6c11366a74b398
2024-10-28,ANAYIRANKAL,1188,1207.008,48.968,65.616,1205,39.83,81,105.056,36.981,official_observed_reference,196e290b799740bb388deebd1de185c6316b03af17e820005d6c11366a74b398
2024-10-28,PONMUDI,678.8,707.745,47.4,63.516,704.7,38.57,81,0,,official_observed_reference,196e290b799740bb388deebd1de185c6316b03af17e820005d6c11366a74b398
2024-10-28,NERIAMANGALAM,445,456.59,5.557,4.835,454.1,3.92,71,3.41,1.606,official_observed_reference,196e290b799740bb388deebd1de185c6316b03af17e820005d6c11366a74b398
2024-10-28,PORINGAL,405.689,423.976,30.356,10.625,422.05,24.875,82,8.706,8.706,official_observed_reference,196e290b799740bb388deebd1de185c6316b03af17e820005d6c11366a74b398
2024-10-28,SENGULAM (SBR),844.86,847.6,1.614,0.71,846.6,,0,0,,official_observed_reference,196e290b799740bb388deebd1de185c6316b03af17e820005d6c11366a74b398
2024-10-28,LOWER PERIYAR,237.74,253,4.55,2.093,249.4,3.04,67,1.398,1.398,official_observed_reference,196e290b799740bb388deebd1de185c6316b03af17e820005d6c11366a74b398
2024-10-28,KAKKAD,181.36,192.63,1.16,0.358,186.1,,0,0,,official_observed_reference,196e290b799740bb388deebd1de185c6316b03af17e820005d6c11366a74b398
2024-10-29,IDUKKI,694.944,732.43,1460,2190,724.467,1032.381,71,1548.572,1517.6,official_observed_reference,9ff4c07053dd36be499fe5330ed668c82fd93618422a3263018456e6ae14b9aa
2024-10-29,PAMBA,963.168,986.332,31.001,59.46,970.25,6.4,60,549.987,463.245,official_observed_reference,9ff4c07053dd36be499fe5330ed668c82fd93618422a3263018456e6ae14b9aa
2024-10-29,KAKKI,908.304,981.456,446.542,856.467,970.053,280.35,0,0,,official_observed_reference,9ff4c07053dd36be499fe5330ed668c82fd93618422a3263018456e6ae14b9aa
2024-10-29,SHOLAYAR,779.374,811.68,149.23,152.065,811.225,145.115,97,147.872,96.792,official_observed_reference,9ff4c07053dd36be499fe5330ed668c82fd93618422a3263018456e6ae14b9aa
2024-10-29,IDAMALAYAR,115,169,1017.8,254.45,162.31,825.135,81,206.284,206.284,official_observed_reference,9ff4c07053dd36be499fe5330ed668c82fd93618422a3263018456e6ae14b9aa
2024-10-29,KUNDALA,1735.836,1758.696,7.787,22.738,1758.25,7.43,95,157.914,68.303,official_observed_reference,9ff4c07053dd36be499fe5330ed668c82fd93618422a3263018456e6ae14b9aa
2024-10-29,MADUPPATTY,1554.48,1599.59,55.217,161.234,1596.5,46.65,84,0,,official_observed_reference,9ff4c07053dd36be499fe5330ed668c82fd93618422a3263018456e6ae14b9aa
2024-10-29,KUTTIADI,737.616,758.037,33.99,42.827,755.112,26.667,78,249.376,241.459,official_observed_reference,9ff4c07053dd36be499fe5330ed668c82fd93618422a3263018456e6ae14b9aa
2024-10-29,THARIODE,750.5,775.6,201,253.26,773.15,171.25,85,0,,official_observed_reference,9ff4c07053dd36be499fe5330ed668c82fd93618422a3263018456e6ae14b9aa
2024-10-29,ANAYIRANKAL,1188,1207.008,48.968,65.616,1205.06,40.1,82,104.413,36.755,official_observed_reference,9ff4c07053dd36be499fe5330ed668c82fd93618422a3263018456e6ae14b9aa
2024-10-29,PONMUDI,678.8,707.745,47.4,63.516,704.4,37.82,80,0,,official_observed_reference,9ff4c07053dd36be499fe5330ed668c82fd93618422a3263018456e6ae14b9aa
2024-10-29,NERIAMANGALAM,445,456.59,5.557,4.835,453.2,3.38,61,2.941,1.385,official_observed_reference,9ff4c07053dd36be499fe5330ed668c82fd93618422a3263018456e6ae14b9aa
2024-10-29,PORINGAL,405.689,423.976,30.356,10.625,421.65,23.875,79,8.356,8.356,official_observed_reference,9ff4c07053dd36be499fe5330ed668c82fd93618422a3263018456e6ae14b9aa
2024-10-29,SENGULAM (SBR),844.86,847.6,1.614,0.71,846.65,,0,0,,official_observed_reference,9ff4c07053dd36be499fe5330ed668c82fd93618422a3263018456e6ae14b9aa
2024-10-29,LOWER PERIYAR,237.74,253,4.55,2.093,249.2,2.95,65,1.357,1.357,official_observed_reference,9ff4c07053dd36be499fe5330ed668c82fd93618422a3263018456e6ae14b9aa
2024-10-29,KAKKAD,181.36,192.63,1.16,0.358,186.4,,0,0,,official_observed_reference,9ff4c07053dd36be499fe5330ed668c82fd93618422a3263018456e6ae14b9aa
2024-10-30,IDUKKI,694.944,732.43,1460,2190,724.51,1034.367,71,1551.551,1520.519,official_observed_reference,90a9b866a380079ee9d4cb66d5e3dc3e32e0bd543f803bb2873d0348a8fcba74
2024-10-30,PAMBA,963.168,986.332,31.001,59.46,970.2,6.35,60,549.028,462.437,official_observed_reference,90a9b866a380079ee9d4cb66d5e3dc3e32e0bd543f803bb2873d0348a8fcba74
2024-10-30,KAKKI,908.304,981.456,446.542,856.467,970.01,279.9,0,0,,official_observed_reference,90a9b866a380079ee9d4cb66d5e3dc3e32e0bd543f803bb2873d0348a8fcba74
2024-10-30,SHOLAYAR,779.374,811.68,149.23,152.065,811.103,144.081,97,146.819,96.102,official_observed_reference,90a9b866a380079ee9d4cb66d5e3dc3e32e0bd543f803bb2873d0348a8fcba74
2024-10-30,IDAMALAYAR,115,169,1017.8,254.45,162.25,823.425,81,205.856,205.856,official_observed_reference,90a9b866a380079ee9d4cb66d5e3dc3e32e0bd543f803bb2873d0348a8fcba74
2024-10-30,KUNDALA,1735.836,1758.696,7.787,22.738,1758.25,7.43,95,157.914,68.303,official_observed_reference,90a9b866a380079ee9d4cb66d5e3dc3e32e0bd543f803bb2873d0348a8fcba74
2024-10-30,MADUPPATTY,1554.48,1599.59,55.217,161.234,1596.5,46.65,84,0,,official_observed_reference,90a9b866a380079ee9d4cb66d5e3dc3e32e0bd543f803bb2873d0348a8fcba74
2024-10-30,KUTTIADI,737.616,758.037,33.99,42.827,754.807,25.904,76,247.784,239.918,official_observed_reference,90a9b866a380079ee9d4cb66d5e3dc3e32e0bd543f803bb2873d0348a8fcba74
2024-10-30,THARIODE,750.5,775.6,201,253.26,773.1,170.75,85,0,,official_observed_reference,90a9b866a380079ee9d4cb66d5e3dc3e32e0bd543f803bb2873d0348a8fcba74
2024-10-30,ANAYIRANKAL,1188,1207.008,48.968,65.616,1205.1,40.28,82,104.252,36.698,official_observed_reference,90a9b866a380079ee9d4cb66d5e3dc3e32e0bd543f803bb2873d0348a8fcba74
2024-10-30,PONMUDI,678.8,707.745,47.4,63.516,704.3,37.52,79,0,,official_observed_reference,90a9b866a380079ee9d4cb66d5e3dc3e32e0bd543f803bb2873d0348a8fcba74
2024-10-30,NERIAMANGALAM,445,456.59,5.557,4.835,452.6,3.05,55,2.654,1.25,official_observed_reference,90a9b866a380079ee9d4cb66d5e3dc3e32e0bd543f803bb2873d0348a8fcba74
2024-10-30,PORINGAL,405.689,423.976,30.356,10.625,421.15,22.625,75,7.919,7.919,official_observed_reference,90a9b866a380079ee9d4cb66d5e3dc3e32e0bd543f803bb2873d0348a8fcba74
2024-10-30,SENGULAM (SBR),844.86,847.6,1.614,0.71,846.6,,0,0,,official_observed_reference,90a9b866a380079ee9d4cb66d5e3dc3e32e0bd543f803bb2873d0348a8fcba74
2024-10-30,LOWER PERIYAR,237.74,253,4.55,2.093,248.7,2.76,61,1.27,1.27,official_observed_reference,90a9b866a380079ee9d4cb66d5e3dc3e32e0bd543f803bb2873d0348a8fcba74
2024-10-30,KAKKAD,181.36,192.63,1.16,0.358,185.1,,0,0,,official_observed_reference,90a9b866a380079ee9d4cb66d5e3dc3e32e0bd543f803bb2873d0348a8fcba74
2024-10-31,IDUKKI,694.944,732.43,1460,2190,724.589,1038.063,71,1557.095,1525.953,official_observed_reference,afb261c2a59d23225ca4fb5ba2e7777aa6b1c8c45943fa3b2f5574b0d0045e93
2024-10-31,PAMBA,963.168,986.332,31.001,59.46,970.3,6.45,60,550.658,463.81,official_observed_reference,afb261c2a59d23225ca4fb5ba2e7777aa6b1c8c45943fa3b2f5574b0d0045e93
2024-10-31,KAKKI,908.304,981.456,446.542,856.467,970.08,280.65,0,0,,official_observed_reference,afb261c2a59d23225ca4fb5ba2e7777aa6b1c8c45943fa3b2f5574b0d0045e93
2024-10-31,SHOLAYAR,779.374,811.68,149.23,152.065,811.012,143.316,96,146.039,95.592,official_observed_reference,afb261c2a59d23225ca4fb5ba2e7777aa6b1c8c45943fa3b2f5574b0d0045e93
2024-10-31,IDAMALAYAR,115,169,1017.8,254.45,162.27,823.995,81,205.999,205.999,official_observed_reference,afb261c2a59d23225ca4fb5ba2e7777aa6b1c8c45943fa3b2f5574b0d0045e93
2024-10-31,KUNDALA,1735.836,1758.696,7.787,22.738,1758.2,7.39,95,157.432,68.095,official_observed_reference,afb261c2a59d23225ca4fb5ba2e7777aa6b1c8c45943fa3b2f5574b0d0045e93
2024-10-31,MADUPPATTY,1554.48,1599.59,55.217,161.234,1596.45,46.525,84,0,,official_observed_reference,afb261c2a59d23225ca4fb5ba2e7777aa6b1c8c45943fa3b2f5574b0d0045e93
2024-10-31,KUTTIADI,737.616,758.037,33.99,42.827,755.051,26.515,78,246.79,238.955,official_observed_reference,afb261c2a59d23225ca4fb5ba2e7777aa6b1c8c45943fa3b2f5574b0d0045e93
2024-10-31,THARIODE,750.5,775.6,201,253.26,773,169.35,84,0,,official_observed_reference,afb261c2a59d23225ca4fb5ba2e7777aa6b1c8c45943fa3b2f5574b0d0045e93
2024-10-31,ANAYIRANKAL,1188,1207.008,48.968,65.616,1205.14,40.46,83,104.386,36.745,official_observed_reference,afb261c2a59d23225ca4fb5ba2e7777aa6b1c8c45943fa3b2f5574b0d0045e93
2024-10-31,PONMUDI,678.8,707.745,47.4,63.516,704.25,37.44,79,0,,official_observed_reference,afb261c2a59d23225ca4fb5ba2e7777aa6b1c8c45943fa3b2f5574b0d0045e93
2024-10-31,NERIAMANGALAM,445,456.59,5.557,4.835,454,3.86,69,3.358,1.582,official_observed_reference,afb261c2a59d23225ca4fb5ba2e7777aa6b1c8c45943fa3b2f5574b0d0045e93
2024-10-31,PORINGAL,405.689,423.976,30.356,10.625,420.45,20.875,69,7.306,7.306,official_observed_reference,afb261c2a59d23225ca4fb5ba2e7777aa6b1c8c45943fa3b2f5574b0d0045e93
2024-10-31,SENGULAM (SBR),844.86,847.6,1.614,0.71,846.55,,0,0,,official_observed_reference,afb261c2a59d23225ca4fb5ba2e7777aa6b1c8c45943fa3b2f5574b0d0045e93
2024-10-31,LOWER PERIYAR,237.74,253,4.55,2.093,248.5,2.69,59,1.237,1.237,official_observed_reference,afb261c2a59d23225ca4fb5ba2e7777aa6b1c8c45943fa3b2f5574b0d0045e93
2024-10-31,KAKKAD,181.36,192.63,1.16,0.358,185.1,,0,0,,official_observed_reference,afb261c2a59d23225ca4fb5ba2e7777aa6b1c8c45943fa3b2f5574b0d0045e93
2024-11-01,IDUKKI,694.944,732.43,1460,2190,724.68,1042.328,71,1563.492,1532.222,official_observed_reference,d2532e87ee5ef36217effb482d353830cbe42d721e525f1055dbabeb8d21a96b
2024-11-01,PAMBA,963.168,986.332,31.001,59.46,970.75,6.9,61,554.398,466.96,official_observed_reference,d2532e87ee5ef36217effb482d353830cbe42d721e525f1055dbabeb8d21a96b
2024-11-01,KAKKI,908.304,981.456,446.542,856.467,970.197,282.15,0,0,,official_observed_reference,d2532e87ee5ef36217effb482d353830cbe42d721e525f1055dbabeb8d21a96b
2024-11-01,SHOLAYAR,779.374,811.68,149.23,152.065,810.92,142.552,96,145.26,95.082,official_observed_reference,d2532e87ee5ef36217effb482d353830cbe42d721e525f1055dbabeb8d21a96b
2024-11-01,IDAMALAYAR,115,169,1017.8,254.45,162.29,824.565,81,206.141,206.141,official_observed_reference,d2532e87ee5ef36217effb482d353830cbe42d721e525f1055dbabeb8d21a96b
2024-11-01,KUNDALA,1735.836,1758.696,7.787,22.738,1758.2,7.39,95,157.432,68.095,official_observed_reference,d2532e87ee5ef36217effb482d353830cbe42d721e525f1055dbabeb8d21a96b
2024-11-01,MADUPPATTY,1554.48,1599.59,55.217,161.234,1596.45,46.525,84,0,,official_observed_reference,d2532e87ee5ef36217effb482d353830cbe42d721e525f1055dbabeb8d21a96b
2024-11-01,KUTTIADI,737.616,758.037,33.99,42.827,755.265,27.049,80,246.958,239.118,official_observed_reference,d2532e87ee5ef36217effb482d353830cbe42d721e525f1055dbabeb8d21a96b
2024-11-01,THARIODE,750.5,775.6,201,253.26,772.95,168.95,84,0,,official_observed_reference,d2532e87ee5ef36217effb482d353830cbe42d721e525f1055dbabeb8d21a96b
2024-11-01,ANAYIRANKAL,1188,1207.008,48.968,65.616,1205.25,40.955,84,105.559,37.158,official_observed_reference,d2532e87ee5ef36217effb482d353830cbe42d721e525f1055dbabeb8d21a96b
2024-11-01,PONMUDI,678.8,707.745,47.4,63.516,704.4,37.82,80,0,,official_observed_reference,d2532e87ee5ef36217effb482d353830cbe42d721e525f1055dbabeb8d21a96b
2024-11-01,NERIAMANGALAM,445,456.59,5.557,4.835,453.5,3.56,64,3.097,1.459,official_observed_reference,d2532e87ee5ef36217effb482d353830cbe42d721e525f1055dbabeb8d21a96b
2024-11-01,PORINGAL,405.689,423.976,30.356,10.625,420.2,20.25,67,7.088,7.088,official_observed_reference,d2532e87ee5ef36217effb482d353830cbe42d721e525f1055dbabeb8d21a96b
2024-11-01,SENGULAM (SBR),844.86,847.6,1.614,0.71,846.4,,0,0,,official_observed_reference,d2532e87ee5ef36217effb482d353830cbe42d721e525f1055dbabeb8d21a96b
2024-11-01,LOWER PERIYAR,237.74,253,4.55,2.093,248,2.51,55,1.155,1.155,official_observed_reference,d2532e87ee5ef36217effb482d353830cbe42d721e525f1055dbabeb8d21a96b
2024-11-01,KAKKAD,181.36,192.63,1.16,0.358,186.5,,0,0,,official_observed_reference,d2532e87ee5ef36217effb482d353830cbe42d721e525f1055dbabeb8d21a96b
2024-11-02,IDUKKI,694.944,732.43,1460,2190,724.814,1048.582,72,1572.873,1541.416,official_observed_reference,8a3ff741210754f268bbcfc81cfae38d83cde35d84aff4cac79c001b414a808d
2024-11-02,PAMBA,963.168,986.332,31.001,59.46,971,7.15,61,559.481,471.241,official_observed_reference,8a3ff741210754f268bbcfc81cfae38d83cde35d84aff4cac79c001b414a808d
2024-11-02,KAKKI,908.304,981.456,446.542,856.467,970.407,284.55,0,0,,official_observed_reference,8a3ff741210754f268bbcfc81cfae38d83cde35d84aff4cac79c001b414a808d
2024-11-02,SHOLAYAR,779.374,811.68,149.23,152.065,810.859,142.014,95,144.712,94.723,official_observed_reference,8a3ff741210754f268bbcfc81cfae38d83cde35d84aff4cac79c001b414a808d
2024-11-02,IDAMALAYAR,115,169,1017.8,254.45,162.29,824.565,81,206.141,206.141,official_observed_reference,8a3ff741210754f268bbcfc81cfae38d83cde35d84aff4cac79c001b414a808d
2024-11-02,KUNDALA,1735.836,1758.696,7.787,22.738,1758.25,7.43,95,157.549,68.145,official_observed_reference,8a3ff741210754f268bbcfc81cfae38d83cde35d84aff4cac79c001b414a808d
2024-11-02,MADUPPATTY,1554.48,1599.59,55.217,161.234,1596.45,46.525,84,0,,official_observed_reference,8a3ff741210754f268bbcfc81cfae38d83cde35d84aff4cac79c001b414a808d
2024-11-02,KUTTIADI,737.616,758.037,33.99,42.827,755.448,27.506,81,246.023,238.212,official_observed_reference,8a3ff741210754f268bbcfc81cfae38d83cde35d84aff4cac79c001b414a808d
2024-11-02,THARIODE,750.5,775.6,201,253.26,772.85,167.75,83,0,,official_observed_reference,8a3ff741210754f268bbcfc81cfae38d83cde35d84aff4cac79c001b414a808d
2024-11-02,ANAYIRANKAL,1188,1207.008,48.968,65.616,1205.5,42.08,86,111.086,39.104,official_observed_reference,8a3ff741210754f268bbcfc81cfae38d83cde35d84aff4cac79c001b414a808d
2024-11-02,PONMUDI,678.8,707.745,47.4,63.516,705.6,40.82,86,0,,official_observed_reference,8a3ff741210754f268bbcfc81cfae38d83cde35d84aff4cac79c001b414a808d
2024-11-02,NERIAMANGALAM,445,456.59,5.557,4.835,454.4,4.1,74,3.567,1.68,official_observed_reference,8a3ff741210754f268bbcfc81cfae38d83cde35d84aff4cac79c001b414a808d
2024-11-02,PORINGAL,405.689,423.976,30.356,10.625,421.15,22.625,75,7.919,7.919,official_observed_reference,8a3ff741210754f268bbcfc81cfae38d83cde35d84aff4cac79c001b414a808d
2024-11-02,SENGULAM (SBR),844.86,847.6,1.614,0.71,846.45,,0,0,,official_observed_reference,8a3ff741210754f268bbcfc81cfae38d83cde35d84aff4cac79c001b414a808d
2024-11-02,LOWER PERIYAR,237.74,253,4.55,2.093,250.9,3.65,80,1.679,1.679,official_observed_reference,8a3ff741210754f268bbcfc81cfae38d83cde35d84aff4cac79c001b414a808d
2024-11-02,KAKKAD,181.36,192.63,1.16,0.358,185.1,,0,0,,official_observed_reference,8a3ff741210754f268bbcfc81cfae38d83cde35d84aff4cac79c001b414a808d
2024-11-03,IDUKKI,694.944,732.43,1460,2190,724.942,1054.541,72,1581.812,1550.175,official_observed_reference,c7db465afd3d3de65bffdc56a120d72615a05a65f8b4d944d586e5f23f678291
2024-11-03,PAMBA,963.168,986.332,31.001,59.46,971.05,7.2,61,562.741,473.988,official_observed_reference,c7db465afd3d3de65bffdc56a120d72615a05a65f8b4d944d586e5f23f678291
2024-11-03,KAKKI,908.304,981.456,446.542,856.467,970.532,286.2,0,0,,official_observed_reference,c7db465afd3d3de65bffdc56a120d72615a05a65f8b4d944d586e5f23f678291
2024-11-03,SHOLAYAR,779.374,811.68,149.23,152.065,810.799,141.447,95,144.135,94.345,official_observed_reference,c7db465afd3d3de65bffdc56a120d72615a05a65f8b4d944d586e5f23f678291
2024-11-03,IDAMALAYAR,115,169,1017.8,254.45,162.32,825.42,81,206.355,206.355,official_observed_reference,c7db465afd3d3de65bffdc56a120d72615a05a65f8b4d944d586e5f23f678291
2024-11-03,KUNDALA,1735.836,1758.696,7.787,22.738,1758.25,7.43,95,157.184,67.987,official_observed_reference,c7db465afd3d3de65bffdc56a120d72615a05a65f8b4d944d586e5f23f678291
2024-11-03,MADUPPATTY,1554.48,1599.59,55.217,161.234,1596.4,46.4,84,0,,official_observed_reference,c7db465afd3d3de65bffdc56a120d72615a05a65f8b4d944d586e5f23f678291
2024-11-03,KUTTIADI,737.616,758.037,33.99,42.827,755.904,28.647,84,246.956,239.117,official_observed_reference,c7db465afd3d3de65bffdc56a120d72615a05a65f8b4d944d586e5f23f678291
2024-11-03,THARIODE,750.5,775.6,201,253.26,772.8,167.35,83,0,,official_observed_reference,c7db465afd3d3de65bffdc56a120d72615a05a65f8b4d944d586e5f23f678291
2024-11-03,ANAYIRANKAL,1188,1207.008,48.968,65.616,1205.62,42.62,87,115.16,40.538,official_observed_reference,c7db465afd3d3de65bffdc56a120d72615a05a65f8b4d944d586e5f23f678291
2024-11-03,PONMUDI,678.8,707.745,47.4,63.516,706.6,43.32,91,0,,official_observed_reference,c7db465afd3d3de65bffdc56a120d72615a05a65f8b4d944d586e5f23f678291
2024-11-03,NERIAMANGALAM,445,456.59,5.557,4.835,453.9,3.8,68,3.306,1.557,official_observed_reference,c7db465afd3d3de65bffdc56a120d72615a05a65f8b4d944d586e5f23f678291
2024-11-03,PORINGAL,405.689,423.976,30.356,10.625,422.15,25.125,83,8.794,8.794,official_observed_reference,c7db465afd3d3de65bffdc56a120d72615a05a65f8b4d944d586e5f23f678291
2024-11-03,SENGULAM (SBR),844.86,847.6,1.614,0.71,846.7,,0,0,,official_observed_reference,c7db465afd3d3de65bffdc56a120d72615a05a65f8b4d944d586e5f23f678291
2024-11-03,LOWER PERIYAR,237.74,253,4.55,2.093,250.4,3.44,76,1.582,1.582,official_observed_reference,c7db465afd3d3de65bffdc56a120d72615a05a65f8b4d944d586e5f23f678291
2024-11-03,KAKKAD,181.36,192.63,1.16,0.358,185.8,,0,0,,official_observed_reference,c7db465afd3d3de65bffdc56a120d72615a05a65f8b4d944d586e5f23f678291
2024-11-04,IDUKKI,694.944,732.43,1460,2190,725.028,1058.518,73,1587.777,1556.021,official_observed_reference,c03829a4375f74f470a388519f19027865462c88a0dc7f1751d2a4aa576f9b67
2024-11-04,PAMBA,963.168,986.332,31.001,59.46,971,7.15,62,564.372,475.361,official_observed_reference,c03829a4375f74f470a388519f19027865462c88a0dc7f1751d2a4aa576f9b67
2024-11-04,KAKKI,908.304,981.456,446.542,856.467,970.614,287.1,0,0,,official_observed_reference,c03829a4375f74f470a388519f19027865462c88a0dc7f1751d2a4aa576f9b67
2024-11-04,SHOLAYAR,779.374,811.68,149.23,152.065,810.799,141.447,95,144.135,94.345,official_observed_reference,c03829a4375f74f470a388519f19027865462c88a0dc7f1751d2a4aa576f9b67
2024-11-04,IDAMALAYAR,115,169,1017.8,254.45,162.28,824.28,81,206.07,206.07,official_observed_reference,c03829a4375f74f470a388519f19027865462c88a0dc7f1751d2a4aa576f9b67
2024-11-04,KUNDALA,1735.836,1758.696,7.787,22.738,1758.25,7.43,95,157.184,67.987,official_observed_reference,c03829a4375f74f470a388519f19027865462c88a0dc7f1751d2a4aa576f9b67
2024-11-04,MADUPPATTY,1554.48,1599.59,55.217,161.234,1596.4,46.4,84,0,,official_observed_reference,c03829a4375f74f470a388519f19027865462c88a0dc7f1751d2a4aa576f9b67
2024-11-04,KUTTIADI,737.616,758.037,33.99,42.827,755.691,28.115,83,246.286,238.468,official_observed_reference,c03829a4375f74f470a388519f19027865462c88a0dc7f1751d2a4aa576f9b67
2024-11-04,THARIODE,750.5,775.6,201,253.26,772.8,167.35,83,0,,official_observed_reference,c03829a4375f74f470a388519f19027865462c88a0dc7f1751d2a4aa576f9b67
2024-11-04,ANAYIRANKAL,1188,1207.008,48.968,65.616,1205.73,43.115,88,116.158,40.889,official_observed_reference,c03829a4375f74f470a388519f19027865462c88a0dc7f1751d2a4aa576f9b67
2024-11-04,PONMUDI,678.8,707.745,47.4,63.516,706.7,43.57,92,0,,official_observed_reference,c03829a4375f74f470a388519f19027865462c88a0dc7f1751d2a4aa576f9b67
2024-11-04,NERIAMANGALAM,445,456.59,5.557,4.835,454.25,4.01,72,3.489,1.643,official_observed_reference,c03829a4375f74f470a388519f19027865462c88a0dc7f1751d2a4aa576f9b67
2024-11-04,PORINGAL,405.689,423.976,30.356,10.625,421.8,24.25,80,8.488,8.488,official_observed_reference,c03829a4375f74f470a388519f19027865462c88a0dc7f1751d2a4aa576f9b67
2024-11-04,SENGULAM (SBR),844.86,847.6,1.614,0.71,846.4,,0,0,,official_observed_reference,c03829a4375f74f470a388519f19027865462c88a0dc7f1751d2a4aa576f9b67
2024-11-04,LOWER PERIYAR,237.74,253,4.55,2.093,248.8,2.8,62,1.288,1.288,official_observed_reference,c03829a4375f74f470a388519f19027865462c88a0dc7f1751d2a4aa576f9b67
2024-11-04,KAKKAD,181.36,192.63,1.16,0.358,186.1,,0,0,,official_observed_reference,c03829a4375f74f470a388519f19027865462c88a0dc7f1751d2a4aa576f9b67
2024-11-05,IDUKKI,694.944,732.43,1460,2190,725.058,1059.932,73,1589.898,1558.1,official_observed_reference,b53f21e974b2815d76c082ff690854ec1e7b6c223da744cf555da25d89d91fda
2024-11-05,PAMBA,963.168,986.332,31.001,59.46,971,7.15,62,565.81,476.573,official_observed_reference,b53f21e974b2815d76c082ff690854ec1e7b6c223da744cf555da25d89d91fda
2024-11-05,KAKKI,908.304,981.456,446.542,856.467,970.681,287.85,0,0,,official_observed_reference,b53f21e974b2815d76c082ff690854ec1e7b6c223da744cf555da25d89d91fda
2024-11-05,SHOLAYAR,779.374,811.68,149.23,152.065,810.829,141.73,95,144.423,94.534,official_observed_reference,b53f21e974b2815d76c082ff690854ec1e7b6c223da744cf555da25d89d91fda
2024-11-05,IDAMALAYAR,115,169,1017.8,254.45,162.36,826.56,81,206.64,206.64,official_observed_reference,b53f21e974b2815d76c082ff690854ec1e7b6c223da744cf555da25d89d91fda
2024-11-05,KUNDALA,1735.836,1758.696,7.787,22.738,1758.25,7.43,95,157.184,67.987,official_observed_reference,b53f21e974b2815d76c082ff690854ec1e7b6c223da744cf555da25d89d91fda
2024-11-05,MADUPPATTY,1554.48,1599.59,55.217,161.234,1596.4,46.4,84,0,,official_observed_reference,b53f21e974b2815d76c082ff690854ec1e7b6c223da744cf555da25d89d91fda
2024-11-05,KUTTIADI,737.616,758.037,33.99,42.827,755.448,27.506,81,245.519,237.724,official_observed_reference,b53f21e974b2815d76c082ff690854ec1e7b6c223da744cf555da25d89d91fda
2024-11-05,THARIODE,750.5,775.6,201,253.26,772.8,167.35,83,0,,official_observed_reference,b53f21e974b2815d76c082ff690854ec1e7b6c223da744cf555da25d89d91fda
2024-11-05,ANAYIRANKAL,1188,1207.008,48.968,65.616,1205.82,43.52,89,117.035,41.198,official_observed_reference,b53f21e974b2815d76c082ff690854ec1e7b6c223da744cf555da25d89d91fda
2024-11-05,PONMUDI,678.8,707.745,47.4,63.516,706.8,43.82,92,0,,official_observed_reference,b53f21e974b2815d76c082ff690854ec1e7b6c223da744cf555da25d89d91fda
2024-11-05,NERIAMANGALAM,445,456.59,5.557,4.835,452.6,3.05,55,2.654,1.25,official_observed_reference,b53f21e974b2815d76c082ff690854ec1e7b6c223da744cf555da25d89d91fda
2024-11-05,PORINGAL,405.689,423.976,30.356,10.625,421.2,22.75,75,7.963,7.963,official_observed_reference,b53f21e974b2815d76c082ff690854ec1e7b6c223da744cf555da25d89d91fda
2024-11-05,SENGULAM (SBR),844.86,847.6,1.614,0.71,846.75,,0,0,,official_observed_reference,b53f21e974b2815d76c082ff690854ec1e7b6c223da744cf555da25d89d91fda
2024-11-05,LOWER PERIYAR,237.74,253,4.55,2.093,248.3,2.61,57,1.201,1.201,official_observed_reference,b53f21e974b2815d76c082ff690854ec1e7b6c223da744cf555da25d89d91fda
2024-11-05,KAKKAD,181.36,192.63,1.16,0.358,186.1,,0,0,,official_observed_reference,b53f21e974b2815d76c082ff690854ec1e7b6c223da744cf555da25d89d91fda
2024-11-06,IDUKKI,694.944,732.43,1460,2190,725.083,1061.067,73,1591.601,1559.768,official_observed_reference,e2fa6b3399a61c145bad53e0abea9e314c9038f97a46fc3446f96c62a8a6f624
2024-11-06,PAMBA,963.168,986.332,31.001,59.46,970.95,7.1,62,566.29,476.976,official_observed_reference,e2fa6b3399a61c145bad53e0abea9e314c9038f97a46fc3446f96c62a8a6f624
2024-11-06,KAKKI,908.304,981.456,446.542,856.467,970.708,288.15,0,0,,official_observed_reference,e2fa6b3399a61c145bad53e0abea9e314c9038f97a46fc3446f96c62a8a6f624
2024-11-06,SHOLAYAR,779.374,811.68,149.23,152.065,810.829,141.73,95,144.423,94.534,official_observed_reference,e2fa6b3399a61c145bad53e0abea9e314c9038f97a46fc3446f96c62a8a6f624
2024-11-06,IDAMALAYAR,115,169,1017.8,254.45,162.42,828.27,81,207.068,207.068,official_observed_reference,e2fa6b3399a61c145bad53e0abea9e314c9038f97a46fc3446f96c62a8a6f624
2024-11-06,KUNDALA,1735.836,1758.696,7.787,22.738,1758.25,7.43,95,157.184,67.987,official_observed_reference,e2fa6b3399a61c145bad53e0abea9e314c9038f97a46fc3446f96c62a8a6f624
2024-11-06,MADUPPATTY,1554.48,1599.59,55.217,161.234,1596.4,46.4,84,0,,official_observed_reference,e2fa6b3399a61c145bad53e0abea9e314c9038f97a46fc3446f96c62a8a6f624
2024-11-06,KUTTIADI,737.616,758.037,33.99,42.827,754.96,26.286,77,243.981,236.236,official_observed_reference,e2fa6b3399a61c145bad53e0abea9e314c9038f97a46fc3446f96c62a8a6f624
2024-11-06,THARIODE,750.5,775.6,201,253.26,772.8,167.35,83,0,,official_observed_reference,e2fa6b3399a61c145bad53e0abea9e314c9038f97a46fc3446f96c62a8a6f624
2024-11-06,ANAYIRANKAL,1188,1207.008,48.968,65.616,1205.88,43.79,89,117.062,41.208,official_observed_reference,e2fa6b3399a61c145bad53e0abea9e314c9038f97a46fc3446f96c62a8a6f624
2024-11-06,PONMUDI,678.8,707.745,47.4,63.516,706.7,43.57,92,0,,official_observed_reference,e2fa6b3399a61c145bad53e0abea9e314c9038f97a46fc3446f96c62a8a6f624
2024-11-06,NERIAMANGALAM,445,456.59,5.557,4.835,452.5,3,54,2.61,1.229,official_observed_reference,e2fa6b3399a61c145bad53e0abea9e314c9038f97a46fc3446f96c62a8a6f624
2024-11-06,PORINGAL,405.689,423.976,30.356,10.625,420.8,21.75,72,7.613,7.613,official_observed_reference,e2fa6b3399a61c145bad53e0abea9e314c9038f97a46fc3446f96c62a8a6f624
2024-11-06,SENGULAM (SBR),844.86,847.6,1.614,0.71,846.75,,0,0,,official_observed_reference,e2fa6b3399a61c145bad53e0abea9e314c9038f97a46fc3446f96c62a8a6f624
2024-11-06,LOWER PERIYAR,237.74,253,4.55,2.093,248.7,2.76,61,1.27,1.27,official_observed_reference,e2fa6b3399a61c145bad53e0abea9e314c9038f97a46fc3446f96c62a8a6f624
2024-11-06,KAKKAD,181.36,192.63,1.16,0.358,185.1,,0,0,,official_observed_reference,e2fa6b3399a61c145bad53e0abea9e314c9038f97a46fc3446f96c62a8a6f624
2024-11-07,IDUKKI,694.944,732.43,1460,2190,725.095,1061.634,73,1592.451,1560.602,official_observed_reference,77dd6c46f9d31429f9709b915dcda4bad5eff943a10423a0008838ba80cfefe5
2024-11-07,PAMBA,963.168,986.332,31.001,59.46,970.95,7.1,62,567.44,477.946,official_observed_reference,77dd6c46f9d31429f9709b915dcda4bad5eff943a10423a0008838ba80cfefe5
2024-11-07,KAKKI,908.304,981.456,446.542,856.467,970.745,288.75,0,0,,official_observed_reference,77dd6c46f9d31429f9709b915dcda4bad5eff943a10423a0008838ba80cfefe5
2024-11-07,SHOLAYAR,779.374,811.68,149.23,152.065,810.89,142.297,95,145,94.912,official_observed_reference,77dd6c46f9d31429f9709b915dcda4bad5eff943a10423a0008838ba80cfefe5
2024-11-07,IDAMALAYAR,115,169,1017.8,254.45,162.51,830.835,82,207.709,207.709,official_observed_reference,77dd6c46f9d31429f9709b915dcda4bad5eff943a10423a0008838ba80cfefe5
2024-11-07,KUNDALA,1735.836,1758.696,7.787,22.738,1758.25,7.43,95,157.549,68.145,official_observed_reference,77dd6c46f9d31429f9709b915dcda4bad5eff943a10423a0008838ba80cfefe5
2024-11-07,MADUPPATTY,1554.48,1599.59,55.217,161.234,1596.45,46.525,84,0,,official_observed_reference,77dd6c46f9d31429f9709b915dcda4bad5eff943a10423a0008838ba80cfefe5
2024-11-07,KUTTIADI,737.616,758.037,33.99,42.827,754.99,26.362,78,244.077,236.329,official_observed_reference,77dd6c46f9d31429f9709b915dcda4bad5eff943a10423a0008838ba80cfefe5
2024-11-07,THARIODE,750.5,775.6,201,253.26,772.8,167.35,83,0,,official_observed_reference,77dd6c46f9d31429f9709b915dcda4bad5eff943a10423a0008838ba80cfefe5
2024-11-07,ANAYIRANKAL,1188,1207.008,48.968,65.616,1205.94,44.06,90,117.089,41.217,official_observed_reference,77dd6c46f9d31429f9709b915dcda4bad5eff943a10423a0008838ba80cfefe5
2024-11-07,PONMUDI,678.8,707.745,47.4,63.516,706.6,43.32,91,0,,official_observed_reference,77dd6c46f9d31429f9709b915dcda4bad5eff943a10423a0008838ba80cfefe5
2024-11-07,NERIAMANGALAM,445,456.59,5.557,4.835,452.8,3.15,57,2.741,1.291,official_observed_reference,77dd6c46f9d31429f9709b915dcda4bad5eff943a10423a0008838ba80cfefe5
2024-11-07,PORINGAL,405.689,423.976,30.356,10.625,420.8,21.75,72,7.613,7.613,official_observed_reference,77dd6c46f9d31429f9709b915dcda4bad5eff943a10423a0008838ba80cfefe5
2024-11-07,SENGULAM (SBR),844.86,847.6,1.614,0.71,846.95,,0,0,,official_observed_reference,77dd6c46f9d31429f9709b915dcda4bad5eff943a10423a0008838ba80cfefe5
2024-11-07,LOWER PERIYAR,237.74,253,4.55,2.093,249.2,2.95,65,1.357,1.357,official_observed_reference,77dd6c46f9d31429f9709b915dcda4bad5eff943a10423a0008838ba80cfefe5
2024-11-07,KAKKAD,181.36,192.63,1.16,0.358,186.6,,0,0,,official_observed_reference,77dd6c46f9d31429f9709b915dcda4bad5eff943a10423a0008838ba80cfefe5
2024-11-08,IDUKKI,694.944,732.43,1460,2190,725.107,1062.202,73,1593.303,1561.437,official_observed_reference,e52ab486f8aa2a4a25e34f26f2a4fbc1c5bd97a978b2712faec3c8196e5710cd
2024-11-08,PAMBA,963.168,986.332,31.001,59.46,970.95,7.1,62,568.016,478.43,official_observed_reference,e52ab486f8aa2a4a25e34f26f2a4fbc1c5bd97a978b2712faec3c8196e5710cd
2024-11-08,KAKKI,908.304,981.456,446.542,856.467,970.779,289.05,0,0,,official_observed_reference,e52ab486f8aa2a4a25e34f26f2a4fbc1c5bd97a978b2712faec3c8196e5710cd
2024-11-08,SHOLAYAR,779.374,811.68,149.23,152.065,810.92,142.552,96,145.26,95.082,official_observed_reference,e52ab486f8aa2a4a25e34f26f2a4fbc1c5bd97a978b2712faec3c8196e5710cd
2024-11-08,IDAMALAYAR,115,169,1017.8,254.45,162.62,833.97,82,208.493,208.493,official_observed_reference,e52ab486f8aa2a4a25e34f26f2a4fbc1c5bd97a978b2712faec3c8196e5710cd
2024-11-08,KUNDALA,1735.836,1758.696,7.787,22.738,1758.2,7.39,95,157.067,67.937,official_observed_reference,e52ab486f8aa2a4a25e34f26f2a4fbc1c5bd97a978b2712faec3c8196e5710cd
2024-11-08,MADUPPATTY,1554.48,1599.59,55.217,161.234,1596.4,46.4,84,0,,official_observed_reference,e52ab486f8aa2a4a25e34f26f2a4fbc1c5bd97a978b2712faec3c8196e5710cd
2024-11-08,KUTTIADI,737.616,758.037,33.99,42.827,754.929,26.21,77,242.121,234.435,official_observed_reference,e52ab486f8aa2a4a25e34f26f2a4fbc1c5bd97a978b2712faec3c8196e5710cd
2024-11-08,THARIODE,750.5,775.6,201,253.26,772.7,165.95,83,0,,official_observed_reference,e52ab486f8aa2a4a25e34f26f2a4fbc1c5bd97a978b2712faec3c8196e5710cd
2024-11-08,ANAYIRANKAL,1188,1207.008,48.968,65.616,1206.03,44.465,91,117.632,41.408,official_observed_reference,e52ab486f8aa2a4a25e34f26f2a4fbc1c5bd97a978b2712faec3c8196e5710cd
2024-11-08,PONMUDI,678.8,707.745,47.4,63.516,706.6,43.32,91,0,,official_observed_reference,e52ab486f8aa2a4a25e34f26f2a4fbc1c5bd97a978b2712faec3c8196e5710cd
2024-11-08,NERIAMANGALAM,445,456.59,5.557,4.835,454.2,3.98,72,3.463,1.631,official_observed_reference,e52ab486f8aa2a4a25e34f26f2a4fbc1c5bd97a978b2712faec3c8196e5710cd
2024-11-08,PORINGAL,405.689,423.976,30.356,10.625,420.65,21.375,70,7.481,7.481,official_observed_reference,e52ab486f8aa2a4a25e34f26f2a4fbc1c5bd97a978b2712faec3c8196e5710cd
2024-11-08,SENGULAM (SBR),844.86,847.6,1.614,0.71,846.75,,0,0,,official_observed_reference,e52ab486f8aa2a4a25e34f26f2a4fbc1c5bd97a978b2712faec3c8196e5710cd
2024-11-08,LOWER PERIYAR,237.74,253,4.55,2.093,248.6,2.73,60,1.256,1.256,official_observed_reference,e52ab486f8aa2a4a25e34f26f2a4fbc1c5bd97a978b2712faec3c8196e5710cd
2024-11-08,KAKKAD,181.36,192.63,1.16,0.358,185.7,,0,0,,official_observed_reference,e52ab486f8aa2a4a25e34f26f2a4fbc1c5bd97a978b2712faec3c8196e5710cd
2024-11-09,IDUKKI,694.944,732.43,1460,2190,725.119,1062.769,73,1594.154,1562.27,official_observed_reference,b5c35d16007df721024a460613ba16696129c0785d2b4aba6d82b216fe897525
2024-11-09,PAMBA,963.168,986.332,31.001,59.46,970.9,7.05,62,567.632,478.107,official_observed_reference,b5c35d16007df721024a460613ba16696129c0785d2b4aba6d82b216fe897525
2024-11-09,KAKKI,908.304,981.456,446.542,856.467,970.769,288.9,0,0,,official_observed_reference,b5c35d16007df721024a460613ba16696129c0785d2b4aba6d82b216fe897525
2024-11-09,SHOLAYAR,779.374,811.68,149.23,152.065,810.951,142.807,96,145.52,95.252,official_observed_reference,b5c35d16007df721024a460613ba16696129c0785d2b4aba6d82b216fe897525
2024-11-09,IDAMALAYAR,115,169,1017.8,254.45,162.65,834.825,82,208.706,208.706,official_observed_reference,b5c35d16007df721024a460613ba16696129c0785d2b4aba6d82b216fe897525
2024-11-09,KUNDALA,1735.836,1758.696,7.787,22.738,1758.2,7.39,95,157.067,67.937,official_observed_reference,b5c35d16007df721024a460613ba16696129c0785d2b4aba6d82b216fe897525
2024-11-09,MADUPPATTY,1554.48,1599.59,55.217,161.234,1596.4,46.4,84,0,,official_observed_reference,b5c35d16007df721024a460613ba16696129c0785d2b4aba6d82b216fe897525
2024-11-09,KUTTIADI,737.616,758.037,33.99,42.827,754.777,25.828,76,240.884,233.237,official_observed_reference,b5c35d16007df721024a460613ba16696129c0785d2b4aba6d82b216fe897525
2024-11-09,THARIODE,750.5,775.6,201,253.26,772.65,165.35,82,0,,official_observed_reference,b5c35d16007df721024a460613ba16696129c0785d2b4aba6d82b216fe897525
2024-11-09,ANAYIRANKAL,1188,1207.008,48.968,65.616,1206.08,44.69,91,117.598,41.396,official_observed_reference,b5c35d16007df721024a460613ba16696129c0785d2b4aba6d82b216fe897525
2024-11-09,PONMUDI,678.8,707.745,47.4,63.516,706.5,43.07,91,0,,official_observed_reference,b5c35d16007df721024a460613ba16696129c0785d2b4aba6d82b216fe897525
2024-11-09,NERIAMANGALAM,445,456.59,5.557,4.835,453,3.26,59,2.836,1.336,official_observed_reference,b5c35d16007df721024a460613ba16696129c0785d2b4aba6d82b216fe897525
2024-11-09,PORINGAL,405.689,423.976,30.356,10.625,420.5,21,69,7.35,7.35,official_observed_reference,b5c35d16007df721024a460613ba16696129c0785d2b4aba6d82b216fe897525
2024-11-09,SENGULAM (SBR),844.86,847.6,1.614,0.71,846.75,,0,0,,official_observed_reference,b5c35d16007df721024a460613ba16696129c0785d2b4aba6d82b216fe897525
2024-11-09,LOWER PERIYAR,237.74,253,4.55,2.093,248.8,2.8,62,1.288,1.288,official_observed_reference,b5c35d16007df721024a460613ba16696129c0785d2b4aba6d82b216fe897525
2024-11-09,KAKKAD,181.36,192.63,1.16,0.358,186,,0,0,,official_observed_reference,b5c35d16007df721024a460613ba16696129c0785d2b4aba6d82b216fe897525
2024-11-10,IDUKKI,694.944,732.43,1460,2190,725.125,1063.053,73,1594.58,1562.688,official_observed_reference,aa3ffc2cb3baf513fe52be913237f7081d25611c10db7318d28f683c71b8fc03
2024-11-10,PAMBA,963.168,986.332,31.001,59.46,970.85,7,62,567.536,478.026,official_observed_reference,aa3ffc2cb3baf513fe52be913237f7081d25611c10db7318d28f683c71b8fc03
2024-11-10,KAKKI,908.304,981.456,446.542,856.467,970.76,288.9,0,0,,official_observed_reference,aa3ffc2cb3baf513fe52be913237f7081d25611c10db7318d28f683c71b8fc03
2024-11-10,SHOLAYAR,779.374,811.68,149.23,152.065,810.951,142.807,96,145.52,95.252,official_observed_reference,aa3ffc2cb3baf513fe52be913237f7081d25611c10db7318d28f683c71b8fc03
2024-11-10,IDAMALAYAR,115,169,1017.8,254.45,162.72,836.82,82,209.205,209.205,official_observed_reference,aa3ffc2cb3baf513fe52be913237f7081d25611c10db7318d28f683c71b8fc03
2024-11-10,KUNDALA,1735.836,1758.696,7.787,22.738,1758.2,7.39,95,156.702,67.779,official_observed_reference,aa3ffc2cb3baf513fe52be913237f7081d25611c10db7318d28f683c71b8fc03
2024-11-10,MADUPPATTY,1554.48,1599.59,55.217,161.234,1596.35,46.275,84,0,,official_observed_reference,aa3ffc2cb3baf513fe52be913237f7081d25611c10db7318d28f683c71b8fc03
2024-11-10,KUTTIADI,737.616,758.037,33.99,42.827,754.746,25.752,76,238.773,231.192,official_observed_reference,aa3ffc2cb3baf513fe52be913237f7081d25611c10db7318d28f683c71b8fc03
2024-11-10,THARIODE,750.5,775.6,201,253.26,772.5,163.75,81,0,,official_observed_reference,aa3ffc2cb3baf513fe52be913237f7081d25611c10db7318d28f683c71b8fc03
2024-11-10,ANAYIRANKAL,1188,1207.008,48.968,65.616,1206.14,44.96,92,117.451,41.345,official_observed_reference,aa3ffc2cb3baf513fe52be913237f7081d25611c10db7318d28f683c71b8fc03
2024-11-10,PONMUDI,678.8,707.745,47.4,63.516,706.35,42.69,90,0,,official_observed_reference,aa3ffc2cb3baf513fe52be913237f7081d25611c10db7318d28f683c71b8fc03
2024-11-10,NERIAMANGALAM,445,456.59,5.557,4.835,453.1,3.32,60,2.888,1.361,official_observed_reference,aa3ffc2cb3baf513fe52be913237f7081d25611c10db7318d28f683c71b8fc03
2024-11-10,PORINGAL,405.689,423.976,30.356,10.625,420.25,20.375,67,7.131,7.131,official_observed_reference,aa3ffc2cb3baf513fe52be913237f7081d25611c10db7318d28f683c71b8fc03
2024-11-10,SENGULAM (SBR),844.86,847.6,1.614,0.71,846.5,,0,0,,official_observed_reference,aa3ffc2cb3baf513fe52be913237f7081d25611c10db7318d28f683c71b8fc03
2024-11-10,LOWER PERIYAR,237.74,253,4.55,2.093,247.7,2.41,53,1.109,1.109,official_observed_reference,aa3ffc2cb3baf513fe52be913237f7081d25611c10db7318d28f683c71b8fc03
2024-11-10,KAKKAD,181.36,192.63,1.16,0.358,185.65,,0,0,,official_observed_reference,aa3ffc2cb3baf513fe52be913237f7081d25611c10db7318d28f683c71b8fc03
2024-11-11,IDUKKI,694.944,732.43,1460,2190,725.101,1061.918,73,1592.877,1561.019,official_observed_reference,e5035ef8714fe0968ee0bf05b74d642dd401ffba5ee2a4e895597508de3dc4d6
2024-11-11,PAMBA,963.168,986.332,31.001,59.46,970.8,6.95,62,566.002,476.734,official_observed_reference,e5035ef8714fe0968ee0bf05b74d642dd401ffba5ee2a4e895597508de3dc4d6
2024-11-11,KAKKI,908.304,981.456,446.542,856.467,970.702,288.15,0,0,,official_observed_reference,e5035ef8714fe0968ee0bf05b74d642dd401ffba5ee2a4e895597508de3dc4d6
2024-11-11,SHOLAYAR,779.374,811.68,149.23,152.065,810.951,142.807,96,145.52,95.252,official_observed_reference,e5035ef8714fe0968ee0bf05b74d642dd401ffba5ee2a4e895597508de3dc4d6
2024-11-11,IDAMALAYAR,115,169,1017.8,254.45,162.77,838.245,82,209.561,209.561,official_observed_reference,e5035ef8714fe0968ee0bf05b74d642dd401ffba5ee2a4e895597508de3dc4d6
2024-11-11,KUNDALA,1735.836,1758.696,7.787,22.738,1758.2,7.39,95,156.702,67.779,official_observed_reference,e5035ef8714fe0968ee0bf05b74d642dd401ffba5ee2a4e895597508de3dc4d6
2024-11-11,MADUPPATTY,1554.48,1599.59,55.217,161.234,1596.35,46.275,84,0,,official_observed_reference,e5035ef8714fe0968ee0bf05b74d642dd401ffba5ee2a4e895597508de3dc4d6
2024-11-11,KUTTIADI,737.616,758.037,33.99,42.827,754.655,25.524,75,237.477,229.938,official_observed_reference,e5035ef8714fe0968ee0bf05b74d642dd401ffba5ee2a4e895597508de3dc4d6
2024-11-11,THARIODE,750.5,775.6,201,253.26,772.45,162.95,81,0,,official_observed_reference,e5035ef8714fe0968ee0bf05b74d642dd401ffba5ee2a4e895597508de3dc4d6
2024-11-11,ANAYIRANKAL,1188,1207.008,48.968,65.616,1206.19,45.185,92,117.082,41.215,official_observed_reference,e5035ef8714fe0968ee0bf05b74d642dd401ffba5ee2a4e895597508de3dc4d6
2024-11-11,PONMUDI,678.8,707.745,47.4,63.516,706.15,42.19,89,0,,official_observed_reference,e5035ef8714fe0968ee0bf05b74d642dd401ffba5ee2a4e895597508de3dc4d6
2024-11-11,NERIAMANGALAM,445,456.59,5.557,4.835,452.6,3.05,55,2.654,1.25,official_observed_reference,e5035ef8714fe0968ee0bf05b74d642dd401ffba5ee2a4e895597508de3dc4d6
2024-11-11,PORINGAL,405.689,423.976,30.356,10.625,420.1,20,66,7,7,official_observed_reference,e5035ef8714fe0968ee0bf05b74d642dd401ffba5ee2a4e895597508de3dc4d6
2024-11-11,SENGULAM (SBR),844.86,847.6,1.614,0.71,846.45,,0,0,,official_observed_reference,e5035ef8714fe0968ee0bf05b74d642dd401ffba5ee2a4e895597508de3dc4d6
2024-11-11,LOWER PERIYAR,237.74,253,4.55,2.093,248.4,2.65,58,1.219,1.219,official_observed_reference,e5035ef8714fe0968ee0bf05b74d642dd401ffba5ee2a4e895597508de3dc4d6
2024-11-11,KAKKAD,181.36,192.63,1.16,0.358,186.2,,0,0,,official_observed_reference,e5035ef8714fe0968ee0bf05b74d642dd401ffba5ee2a4e895597508de3dc4d6
2024-11-12,IDUKKI,694.944,732.43,1460,2190,725.07,1060.499,73,1590.749,1558.934,official_observed_reference,1fd2c6aeebec861cf8545c25db00aad194a7f2c8de842497128edded2987a346
2024-11-12,PAMBA,963.168,986.332,31.001,59.46,970.8,6.95,62,564.851,475.765,official_observed_reference,1fd2c6aeebec861cf8545c25db00aad194a7f2c8de842497128edded2987a346
2024-11-12,KAKKI,908.304,981.456,446.542,856.467,970.644,287.55,0,0,,official_observed_reference,1fd2c6aeebec861cf8545c25db00aad194a7f2c8de842497128edded2987a346
2024-11-12,SHOLAYAR,779.374,811.68,149.23,152.065,810.981,143.062,96,145.78,95.422,official_observed_reference,1fd2c6aeebec861cf8545c25db00aad194a7f2c8de842497128edded2987a346
2024-11-12,IDAMALAYAR,115,169,1017.8,254.45,162.82,839.67,82,209.918,209.918,official_observed_reference,1fd2c6aeebec861cf8545c25db00aad194a7f2c8de842497128edded2987a346
2024-11-12,KUNDALA,1735.836,1758.696,7.787,22.738,1758.2,7.39,95,156.337,67.621,official_observed_reference,1fd2c6aeebec861cf8545c25db00aad194a7f2c8de842497128edded2987a346
2024-11-12,MADUPPATTY,1554.48,1599.59,55.217,161.234,1596.3,46.15,84,0,,official_observed_reference,1fd2c6aeebec861cf8545c25db00aad194a7f2c8de842497128edded2987a346
2024-11-12,KUTTIADI,737.616,758.037,33.99,42.827,754.441,24.992,74,235.295,227.825,official_observed_reference,1fd2c6aeebec861cf8545c25db00aad194a7f2c8de842497128edded2987a346
2024-11-12,THARIODE,750.5,775.6,201,253.26,772.35,161.75,80,0,,official_observed_reference,1fd2c6aeebec861cf8545c25db00aad194a7f2c8de842497128edded2987a346
2024-11-12,ANAYIRANKAL,1188,1207.008,48.968,65.616,1206.2,45.23,92,116.138,40.882,official_observed_reference,1fd2c6aeebec861cf8545c25db00aad194a7f2c8de842497128edded2987a346
2024-11-12,PONMUDI,678.8,707.745,47.4,63.516,705.85,41.44,87,0,,official_observed_reference,1fd2c6aeebec861cf8545c25db00aad194a7f2c8de842497128edded2987a346
2024-11-12,NERIAMANGALAM,445,456.59,5.557,4.835,453.55,3.59,65,3.123,1.471,official_observed_reference,1fd2c6aeebec861cf8545c25db00aad194a7f2c8de842497128edded2987a346
2024-11-12,PORINGAL,405.689,423.976,30.356,10.625,420.1,20,66,7,7,official_observed_reference,1fd2c6aeebec861cf8545c25db00aad194a7f2c8de842497128edded2987a346
2024-11-12,SENGULAM (SBR),844.86,847.6,1.614,0.71,846.7,,0,0,,official_observed_reference,1fd2c6aeebec861cf8545c25db00aad194a7f2c8de842497128edded2987a346
2024-11-12,LOWER PERIYAR,237.74,253,4.55,2.093,249.1,2.91,64,1.339,1.339,official_observed_reference,1fd2c6aeebec861cf8545c25db00aad194a7f2c8de842497128edded2987a346
2024-11-12,KAKKAD,181.36,192.63,1.16,0.358,185,,0,0,,official_observed_reference,1fd2c6aeebec861cf8545c25db00aad194a7f2c8de842497128edded2987a346
2024-11-13,IDUKKI,694.944,732.43,1460,2190,725.046,1059.364,73,1589.046,1557.265,official_observed_reference,0f31f90e2c7c1f8f4a664f12e25d4dd5b702c52158c14f7a28c103700f34c9a5
2024-11-13,PAMBA,963.168,986.332,31.001,59.46,970.7,6.85,62,563.508,474.634,official_observed_reference,0f31f90e2c7c1f8f4a664f12e25d4dd5b702c52158c14f7a28c103700f34c9a5
2024-11-13,KAKKI,908.304,981.456,446.542,856.467,970.6,286.95,0,0,,official_observed_reference,0f31f90e2c7c1f8f4a664f12e25d4dd5b702c52158c14f7a28c103700f34c9a5
2024-11-13,SHOLAYAR,779.374,811.68,149.23,152.065,810.951,142.807,96,145.52,95.252,official_observed_reference,0f31f90e2c7c1f8f4a664f12e25d4dd5b702c52158c14f7a28c103700f34c9a5
2024-11-13,IDAMALAYAR,115,169,1017.8,254.45,162.87,841.095,83,210.274,210.274,official_observed_reference,0f31f90e2c7c1f8f4a664f12e25d4dd5b702c52158c14f7a28c103700f34c9a5
2024-11-13,KUNDALA,1735.836,1758.696,7.787,22.738,1758.2,7.39,95,155.972,67.463,official_observed_reference,0f31f90e2c7c1f8f4a664f12e25d4dd5b702c52158c14f7a28c103700f34c9a5
2024-11-13,MADUPPATTY,1554.48,1599.59,55.217,161.234,1596.25,46.025,83,0,,official_observed_reference,0f31f90e2c7c1f8f4a664f12e25d4dd5b702c52158c14f7a28c103700f34c9a5
2024-11-13,KUTTIADI,737.616,758.037,33.99,42.827,754.563,25.296,74,235.174,227.708,official_observed_reference,0f31f90e2c7c1f8f4a664f12e25d4dd5b702c52158c14f7a28c103700f34c9a5
2024-11-13,THARIODE,750.5,775.6,201,253.26,772.3,161.35,80,0,,official_observed_reference,0f31f90e2c7c1f8f4a664f12e25d4dd5b702c52158c14f7a28c103700f34c9a5
2024-11-13,ANAYIRANKAL,1188,1207.008,48.968,65.616,1206.22,45.32,93,115.923,40.807,official_observed_reference,0f31f90e2c7c1f8f4a664f12e25d4dd5b702c52158c14f7a28c103700f34c9a5
2024-11-13,PONMUDI,678.8,707.745,47.4,63.516,705.75,41.19,87,0,,official_observed_reference,0f31f90e2c7c1f8f4a664f12e25d4dd5b702c52158c14f7a28c103700f34c9a5
2024-11-13,NERIAMANGALAM,445,456.59,5.557,4.835,453.55,3.59,65,3.123,1.471,official_observed_reference,0f31f90e2c7c1f8f4a664f12e25d4dd5b702c52158c14f7a28c103700f34c9a5
2024-11-13,PORINGAL,405.689,423.976,30.356,10.625,420.1,20,66,7,7,official_observed_reference,0f31f90e2c7c1f8f4a664f12e25d4dd5b702c52158c14f7a28c103700f34c9a5
2024-11-13,SENGULAM (SBR),844.86,847.6,1.614,0.71,846.5,,0,0,,official_observed_reference,0f31f90e2c7c1f8f4a664f12e25d4dd5b702c52158c14f7a28c103700f34c9a5
2024-11-13,LOWER PERIYAR,237.74,253,4.55,2.093,248.6,2.73,60,1.256,1.256,official_observed_reference,0f31f90e2c7c1f8f4a664f12e25d4dd5b702c52158c14f7a28c103700f34c9a5
2024-11-13,KAKKAD,181.36,192.63,1.16,0.358,186.2,,0,0,,official_observed_reference,0f31f90e2c7c1f8f4a664f12e25d4dd5b702c52158c14f7a28c103700f34c9a5
2024-11-14,IDUKKI,694.944,732.43,1460,2190,725.028,1058.513,73,1587.77,1556.014,official_observed_reference,2fc8deaad86a0aeae8972ad43302e5538064328ca1106d0e9dc62b1af7d8f9f2
2024-11-14,PAMBA,963.168,986.332,31.001,59.46,970.7,6.85,61,562.645,473.907,official_observed_reference,2fc8deaad86a0aeae8972ad43302e5538064328ca1106d0e9dc62b1af7d8f9f2
2024-11-14,KAKKI,908.304,981.456,446.542,856.467,970.556,286.5,0,0,,official_observed_reference,2fc8deaad86a0aeae8972ad43302e5538064328ca1106d0e9dc62b1af7d8f9f2
2024-11-14,SHOLAYAR,779.374,811.68,149.23,152.065,811.042,143.571,96,146.299,95.762,official_observed_reference,2fc8deaad86a0aeae8972ad43302e5538064328ca1106d0e9dc62b1af7d8f9f2
2024-11-14,IDAMALAYAR,115,169,1017.8,254.45,162.94,843.09,83,210.773,210.773,official_observed_reference,2fc8deaad86a0aeae8972ad43302e5538064328ca1106d0e9dc62b1af7d8f9f2
2024-11-14,KUNDALA,1735.836,1758.696,7.787,22.738,1758.2,7.39,95,155.972,67.463,official_observed_reference,2fc8deaad86a0aeae8972ad43302e5538064328ca1106d0e9dc62b1af7d8f9f2
2024-11-14,MADUPPATTY,1554.48,1599.59,55.217,161.234,1596.25,46.025,83,0,,official_observed_reference,2fc8deaad86a0aeae8972ad43302e5538064328ca1106d0e9dc62b1af7d8f9f2
2024-11-14,KUTTIADI,737.616,758.037,33.99,42.827,754.533,25.22,74,233.566,226.151,official_observed_reference,2fc8deaad86a0aeae8972ad43302e5538064328ca1106d0e9dc62b1af7d8f9f2
2024-11-14,THARIODE,750.5,775.6,201,253.26,772.2,160.15,80,0,,official_observed_reference,2fc8deaad86a0aeae8972ad43302e5538064328ca1106d0e9dc62b1af7d8f9f2
2024-11-14,ANAYIRANKAL,1188,1207.008,48.968,65.616,1206.27,45.545,93,115.394,40.62,official_observed_reference,2fc8deaad86a0aeae8972ad43302e5538064328ca1106d0e9dc62b1af7d8f9f2
2024-11-14,PONMUDI,678.8,707.745,47.4,63.516,705.5,40.57,86,0,,official_observed_reference,2fc8deaad86a0aeae8972ad43302e5538064328ca1106d0e9dc62b1af7d8f9f2
2024-11-14,NERIAMANGALAM,445,456.59,5.557,4.835,453.5,3.56,64,3.097,1.459,official_observed_reference,2fc8deaad86a0aeae8972ad43302e5538064328ca1106d0e9dc62b1af7d8f9f2
2024-11-14,PORINGAL,405.689,423.976,30.356,10.625,420.1,20,66,7,7,official_observed_reference,2fc8deaad86a0aeae8972ad43302e5538064328ca1106d0e9dc62b1af7d8f9f2
2024-11-14,SENGULAM (SBR),844.86,847.6,1.614,0.71,846.4,,0,0,,official_observed_reference,2fc8deaad86a0aeae8972ad43302e5538064328ca1106d0e9dc62b1af7d8f9f2
2024-11-14,LOWER PERIYAR,237.74,253,4.55,2.093,248.4,2.65,58,1.219,1.219,official_observed_reference,2fc8deaad86a0aeae8972ad43302e5538064328ca1106d0e9dc62b1af7d8f9f2
2024-11-14,KAKKAD,181.36,192.63,1.16,0.358,186.2,,0,0,,official_observed_reference,2fc8deaad86a0aeae8972ad43302e5538064328ca1106d0e9dc62b1af7d8f9f2
2024-11-15,IDUKKI,694.944,732.43,1460,2190,725.01,1057.662,72,1586.493,1554.763,official_observed_reference,149c8f481f163fea38d0184e27c5fcad3cf593d81046ddb6bfc1ffa9a83bc8a2
2024-11-15,PAMBA,963.168,986.332,31.001,59.46,970.65,6.8,61,561.686,473.099,official_observed_reference,149c8f481f163fea38d0184e27c5fcad3cf593d81046ddb6bfc1ffa9a83bc8a2
2024-11-15,KAKKI,908.304,981.456,446.542,856.467,970.525,286.05,0,0,,official_observed_reference,149c8f481f163fea38d0184e27c5fcad3cf593d81046ddb6bfc1ffa9a83bc8a2
2024-11-15,SHOLAYAR,779.374,811.68,149.23,152.065,811.042,143.571,96,146.299,95.762,official_observed_reference,149c8f481f163fea38d0184e27c5fcad3cf593d81046ddb6bfc1ffa9a83bc8a2
2024-11-15,IDAMALAYAR,115,169,1017.8,254.45,162.99,844.515,83,211.129,211.129,official_observed_reference,149c8f481f163fea38d0184e27c5fcad3cf593d81046ddb6bfc1ffa9a83bc8a2
2024-11-15,KUNDALA,1735.836,1758.696,7.787,22.738,1758.2,7.39,95,155.607,67.305,official_observed_reference,149c8f481f163fea38d0184e27c5fcad3cf593d81046ddb6bfc1ffa9a83bc8a2
2024-11-15,MADUPPATTY,1554.48,1599.59,55.217,161.234,1596.2,45.9,83,0,,official_observed_reference,149c8f481f163fea38d0184e27c5fcad3cf593d81046ddb6bfc1ffa9a83bc8a2
2024-11-15,KUTTIADI,737.616,758.037,33.99,42.827,754.624,25.443,75,232.839,225.447,official_observed_reference,149c8f481f163fea38d0184e27c5fcad3cf593d81046ddb6bfc1ffa9a83bc8a2
2024-11-15,THARIODE,750.5,775.6,201,253.26,772.15,159.35,79,0,,official_observed_reference,149c8f481f163fea38d0184e27c5fcad3cf593d81046ddb6bfc1ffa9a83bc8a2
2024-11-15,ANAYIRANKAL,1188,1207.008,48.968,65.616,1206.37,45.995,94,114.992,40.479,official_observed_reference,149c8f481f163fea38d0184e27c5fcad3cf593d81046ddb6bfc1ffa9a83bc8a2
2024-11-15,PONMUDI,678.8,707.745,47.4,63.516,705.2,39.82,84,0,,official_observed_reference,149c8f481f163fea38d0184e27c5fcad3cf593d81046ddb6bfc1ffa9a83bc8a2
2024-11-15,NERIAMANGALAM,445,456.59,5.557,4.835,454,3.86,69,3.358,1.582,official_observed_reference,149c8f481f163fea38d0184e27c5fcad3cf593d81046ddb6bfc1ffa9a83bc8a2
2024-11-15,PORINGAL,405.689,423.976,30.356,10.625,420.05,19.875,65,6.956,6.956,official_observed_reference,149c8f481f163fea38d0184e27c5fcad3cf593d81046ddb6bfc1ffa9a83bc8a2
2024-11-15,SENGULAM (SBR),844.86,847.6,1.614,0.71,846.5,,0,0,,official_observed_reference,149c8f481f163fea38d0184e27c5fcad3cf593d81046ddb6bfc1ffa9a83bc8a2
2024-11-15,LOWER PERIYAR,237.74,253,4.55,2.093,249.2,2.95,65,1.357,1.357,official_observed_reference,149c8f481f163fea38d0184e27c5fcad3cf593d81046ddb6bfc1ffa9a83bc8a2
2024-11-15,KAKKAD,181.36,192.63,1.16,0.358,186.05,,0,0,,official_observed_reference,149c8f481f163fea38d0184e27c5fcad3cf593d81046ddb6bfc1ffa9a83bc8a2
2024-11-16,IDUKKI,694.944,732.43,1460,2190,724.991,1056.811,72,1585.217,1553.512,official_observed_reference,daba763d66e9c52d0f0319616fbc34bef022384e536f4583fc01d3c765e00c5a
2024-11-16,PAMBA,963.168,986.332,31.001,59.46,970.6,6.75,61,560.727,472.291,official_observed_reference,daba763d66e9c52d0f0319616fbc34bef022384e536f4583fc01d3c765e00c5a
2024-11-16,KAKKI,908.304,981.456,446.542,856.467,970.489,285.6,0,0,,official_observed_reference,daba763d66e9c52d0f0319616fbc34bef022384e536f4583fc01d3c765e00c5a
2024-11-16,SHOLAYAR,779.374,811.68,149.23,152.065,811.042,143.571,96,146.299,95.762,official_observed_reference,daba763d66e9c52d0f0319616fbc34bef022384e536f4583fc01d3c765e00c5a
2024-11-16,IDAMALAYAR,115,169,1017.8,254.45,163.04,845.94,83,211.485,211.485,official_observed_reference,daba763d66e9c52d0f0319616fbc34bef022384e536f4583fc01d3c765e00c5a
2024-11-16,KUNDALA,1735.836,1758.696,7.787,22.738,1758.2,7.39,95,155.607,67.305,official_observed_reference,daba763d66e9c52d0f0319616fbc34bef022384e536f4583fc01d3c765e00c5a
2024-11-16,MADUPPATTY,1554.48,1599.59,55.217,161.234,1596.2,45.9,83,0,,official_observed_reference,daba763d66e9c52d0f0319616fbc34bef022384e536f4583fc01d3c765e00c5a
2024-11-16,KUTTIADI,737.616,758.037,33.99,42.827,754.777,25.828,76,232.064,224.697,official_observed_reference,daba763d66e9c52d0f0319616fbc34bef022384e536f4583fc01d3c765e00c5a
2024-11-16,THARIODE,750.5,775.6,201,253.26,772.05,158.35,79,0,,official_observed_reference,daba763d66e9c52d0f0319616fbc34bef022384e536f4583fc01d3c765e00c5a
2024-11-16,ANAYIRANKAL,1188,1207.008,48.968,65.616,1206.43,46.265,94,114.684,40.371,official_observed_reference,daba763d66e9c52d0f0319616fbc34bef022384e536f4583fc01d3c765e00c5a
2024-11-16,PONMUDI,678.8,707.745,47.4,63.516,705,39.32,83,0,,official_observed_reference,daba763d66e9c52d0f0319616fbc34bef022384e536f4583fc01d3c765e00c5a
2024-11-16,NERIAMANGALAM,445,456.59,5.557,4.835,454.3,4.04,73,3.515,1.656,official_observed_reference,daba763d66e9c52d0f0319616fbc34bef022384e536f4583fc01d3c765e00c5a
2024-11-16,PORINGAL,405.689,423.976,30.356,10.625,419.95,19.625,65,6.869,6.869,official_observed_reference,daba763d66e9c52d0f0319616fbc34bef022384e536f4583fc01d3c765e00c5a
2024-11-16,SENGULAM (SBR),844.86,847.6,1.614,0.71,846.7,,0,0,,official_observed_reference,daba763d66e9c52d0f0319616fbc34bef022384e536f4583fc01d3c765e00c5a
2024-11-16,LOWER PERIYAR,237.74,253,4.55,2.093,248.2,2.58,57,1.187,1.187,official_observed_reference,daba763d66e9c52d0f0319616fbc34bef022384e536f4583fc01d3c765e00c5a
2024-11-16,KAKKAD,181.36,192.63,1.16,0.358,187.55,,0,0,,official_observed_reference,daba763d66e9c52d0f0319616fbc34bef022384e536f4583fc01d3c765e00c5a
2024-11-18,IDUKKI,694.944,732.43,1460,2190,724.979,1056.243,72,1584.365,1552.677,official_observed_reference,b670b905bed38cecd6ba4ffd63e13c87be803b89531c9287b9dfc82a9c5afb10
2024-11-18,PAMBA,963.168,986.332,31.001,59.46,970.45,6.6,61,557.275,469.384,official_observed_reference,b670b905bed38cecd6ba4ffd63e13c87be803b89531c9287b9dfc82a9c5afb10
2024-11-18,KAKKI,908.304,981.456,446.542,856.467,970.352,283.95,0,0,,official_observed_reference,b670b905bed38cecd6ba4ffd63e13c87be803b89531c9287b9dfc82a9c5afb10
2024-11-18,SHOLAYAR,779.374,811.68,149.23,152.065,810.92,142.552,96,145.26,95.082,official_observed_reference,b670b905bed38cecd6ba4ffd63e13c87be803b89531c9287b9dfc82a9c5afb10
2024-11-18,IDAMALAYAR,115,169,1017.8,254.45,163.14,848.81,83,212.203,212.203,official_observed_reference,b670b905bed38cecd6ba4ffd63e13c87be803b89531c9287b9dfc82a9c5afb10
2024-11-18,KUNDALA,1735.836,1758.696,7.787,22.738,1758.2,7.39,95,154.877,66.99,official_observed_reference,b670b905bed38cecd6ba4ffd63e13c87be803b89531c9287b9dfc82a9c5afb10
2024-11-18,MADUPPATTY,1554.48,1599.59,55.217,161.234,1596.1,45.65,83,0,,official_observed_reference,b670b905bed38cecd6ba4ffd63e13c87be803b89531c9287b9dfc82a9c5afb10
2024-11-18,KUTTIADI,737.616,758.037,33.99,42.827,755.234,26.972,79,230.986,223.653,official_observed_reference,b670b905bed38cecd6ba4ffd63e13c87be803b89531c9287b9dfc82a9c5afb10
2024-11-18,THARIODE,750.5,775.6,201,253.26,771.9,156.35,78,0,,official_observed_reference,b670b905bed38cecd6ba4ffd63e13c87be803b89531c9287b9dfc82a9c5afb10
2024-11-18,ANAYIRANKAL,1188,1207.008,48.968,65.616,1206.52,46.67,95,113.217,39.854,official_observed_reference,b670b905bed38cecd6ba4ffd63e13c87be803b89531c9287b9dfc82a9c5afb10
2024-11-18,PONMUDI,678.8,707.745,47.4,63.516,704.4,37.82,80,0,,official_observed_reference,b670b905bed38cecd6ba4ffd63e13c87be803b89531c9287b9dfc82a9c5afb10
2024-11-18,NERIAMANGALAM,445,456.59,5.557,4.835,453.6,3.62,65,3.149,1.483,official_observed_reference,b670b905bed38cecd6ba4ffd63e13c87be803b89531c9287b9dfc82a9c5afb10
2024-11-18,PORINGAL,405.689,423.976,30.356,10.625,419.7,19,63,6.65,6.65,official_observed_reference,b670b905bed38cecd6ba4ffd63e13c87be803b89531c9287b9dfc82a9c5afb10
2024-11-18,SENGULAM (SBR),844.86,847.6,1.614,0.71,846.5,,0,0,,official_observed_reference,b670b905bed38cecd6ba4ffd63e13c87be803b89531c9287b9dfc82a9c5afb10
2024-11-18,LOWER PERIYAR,237.74,253,4.55,2.093,249.1,2.91,64,1.339,1.339,official_observed_reference,b670b905bed38cecd6ba4ffd63e13c87be803b89531c9287b9dfc82a9c5afb10
2024-11-18,KAKKAD,181.36,192.63,1.16,0.358,188,,0,0,,official_observed_reference,b670b905bed38cecd6ba4ffd63e13c87be803b89531c9287b9dfc82a9c5afb10
2024-11-19,IDUKKI,694.944,732.43,1460,2190,724.961,1055.392,72,1583.088,1551.426,official_observed_reference,8f7ad07ffc884b0aae07b0eea013926f814558ab883d67b8a42c4175cdd3a183
2024-11-19,PAMBA,963.168,986.332,31.001,59.46,970.4,6.55,61,555.741,468.091,official_observed_reference,8f7ad07ffc884b0aae07b0eea013926f814558ab883d67b8a42c4175cdd3a183
2024-11-19,KAKKI,908.304,981.456,446.542,856.467,970.29,283.2,0,0,,official_observed_reference,8f7ad07ffc884b0aae07b0eea013926f814558ab883d67b8a42c4175cdd3a183
2024-11-19,SHOLAYAR,779.374,811.68,149.23,152.065,810.829,141.73,95,144.423,94.534,official_observed_reference,8f7ad07ffc884b0aae07b0eea013926f814558ab883d67b8a42c4175cdd3a183
2024-11-19,IDAMALAYAR,115,169,1017.8,254.45,163.19,850.26,84,212.565,212.565,official_observed_reference,8f7ad07ffc884b0aae07b0eea013926f814558ab883d67b8a42c4175cdd3a183
2024-11-19,KUNDALA,1735.836,1758.696,7.787,22.738,1758.2,7.39,95,154.512,66.832,official_observed_reference,8f7ad07ffc884b0aae07b0eea013926f814558ab883d67b8a42c4175cdd3a183
2024-11-19,MADUPPATTY,1554.48,1599.59,55.217,161.234,1596.05,45.525,82,0,,official_observed_reference,8f7ad07ffc884b0aae07b0eea013926f814558ab883d67b8a42c4175cdd3a183
2024-11-19,KUTTIADI,737.616,758.037,33.99,42.827,755.478,27.582,81,230.747,223.421,official_observed_reference,8f7ad07ffc884b0aae07b0eea013926f814558ab883d67b8a42c4175cdd3a183
2024-11-19,THARIODE,750.5,775.6,201,253.26,771.8,155.55,77,0,,official_observed_reference,8f7ad07ffc884b0aae07b0eea013926f814558ab883d67b8a42c4175cdd3a183
2024-11-19,ANAYIRANKAL,1188,1207.008,48.968,65.616,1206.55,46.805,96,112.889,39.738,official_observed_reference,8f7ad07ffc884b0aae07b0eea013926f814558ab883d67b8a42c4175cdd3a183
2024-11-19,PONMUDI,678.8,707.745,47.4,63.516,704.25,37.44,79,0,,official_observed_reference,8f7ad07ffc884b0aae07b0eea013926f814558ab883d67b8a42c4175cdd3a183
2024-11-19,NERIAMANGALAM,445,456.59,5.557,4.835,452.65,3.075,55,2.675,1.26,official_observed_reference,8f7ad07ffc884b0aae07b0eea013926f814558ab883d67b8a42c4175cdd3a183
2024-11-19,PORINGAL,405.689,423.976,30.356,10.625,419.5,18.5,61,6.475,6.475,official_observed_reference,8f7ad07ffc884b0aae07b0eea013926f814558ab883d67b8a42c4175cdd3a183
2024-11-19,SENGULAM (SBR),844.86,847.6,1.614,0.71,846.5,,0,0,,official_observed_reference,8f7ad07ffc884b0aae07b0eea013926f814558ab883d67b8a42c4175cdd3a183
2024-11-19,LOWER PERIYAR,237.74,253,4.55,2.093,249.8,3.2,70,1.472,1.472,official_observed_reference,8f7ad07ffc884b0aae07b0eea013926f814558ab883d67b8a42c4175cdd3a183
2024-11-19,KAKKAD,181.36,192.63,1.16,0.358,187.4,,0,0,,official_observed_reference,8f7ad07ffc884b0aae07b0eea013926f814558ab883d67b8a42c4175cdd3a183
2024-11-20,IDUKKI,694.944,732.43,1460,2190,724.948,1054.825,72,1582.238,1550.593,official_observed_reference,57e8f65046958e7319c6780fd6e384f1bee4a0eb5f882e1612050a35718d63e1
2024-11-20,PAMBA,963.168,986.332,31.001,59.46,970.3,6.45,60,554.11,466.718,official_observed_reference,57e8f65046958e7319c6780fd6e384f1bee4a0eb5f882e1612050a35718d63e1
2024-11-20,KAKKI,908.304,981.456,446.542,856.467,970.22,282.45,0,0,,official_observed_reference,57e8f65046958e7319c6780fd6e384f1bee4a0eb5f882e1612050a35718d63e1
2024-11-20,SHOLAYAR,779.374,811.68,149.23,152.065,810.738,140.838,94,143.514,93.939,official_observed_reference,57e8f65046958e7319c6780fd6e384f1bee4a0eb5f882e1612050a35718d63e1
2024-11-20,IDAMALAYAR,115,169,1017.8,254.45,163.24,851.69,84,212.923,212.923,official_observed_reference,57e8f65046958e7319c6780fd6e384f1bee4a0eb5f882e1612050a35718d63e1
2024-11-20,KUNDALA,1735.836,1758.696,7.787,22.738,1758.2,7.39,95,154.147,66.674,official_observed_reference,57e8f65046958e7319c6780fd6e384f1bee4a0eb5f882e1612050a35718d63e1
2024-11-20,MADUPPATTY,1554.48,1599.59,55.217,161.234,1596,45.4,82,0,,official_observed_reference,57e8f65046958e7319c6780fd6e384f1bee4a0eb5f882e1612050a35718d63e1
2024-11-20,KUTTIADI,737.616,758.037,33.99,42.827,755.691,28.115,83,230.914,223.584,official_observed_reference,57e8f65046958e7319c6780fd6e384f1bee4a0eb5f882e1612050a35718d63e1
2024-11-20,THARIODE,750.5,775.6,201,253.26,771.75,155.15,77,0,,official_observed_reference,57e8f65046958e7319c6780fd6e384f1bee4a0eb5f882e1612050a35718d63e1
2024-11-20,ANAYIRANKAL,1188,1207.008,48.968,65.616,1206.58,46.94,96,113.176,39.84,official_observed_reference,57e8f65046958e7319c6780fd6e384f1bee4a0eb5f882e1612050a35718d63e1
2024-11-20,PONMUDI,678.8,707.745,47.4,63.516,704.3,37.52,79,0,,official_observed_reference,57e8f65046958e7319c6780fd6e384f1bee4a0eb5f882e1612050a35718d63e1
2024-11-20,NERIAMANGALAM,445,456.59,5.557,4.835,453.15,3.35,60,2.915,1.373,official_observed_reference,57e8f65046958e7319c6780fd6e384f1bee4a0eb5f882e1612050a35718d63e1
2024-11-20,PORINGAL,405.689,423.976,30.356,10.625,419.45,18.375,61,6.431,6.431,official_observed_reference,57e8f65046958e7319c6780fd6e384f1bee4a0eb5f882e1612050a35718d63e1
2024-11-20,SENGULAM (SBR),844.86,847.6,1.614,0.71,846.5,,0,0,,official_observed_reference,57e8f65046958e7319c6780fd6e384f1bee4a0eb5f882e1612050a35718d63e1
2024-11-20,LOWER PERIYAR,237.74,253,4.55,2.093,248.9,2.84,62,1.306,1.306,official_observed_reference,57e8f65046958e7319c6780fd6e384f1bee4a0eb5f882e1612050a35718d63e1
2024-11-20,KAKKAD,181.36,192.63,1.16,0.358,187.6,,0,0,,official_observed_reference,57e8f65046958e7319c6780fd6e384f1bee4a0eb5f882e1612050a35718d63e1
2024-11-21,IDUKKI,694.944,732.43,1460,2190,724.93,1053.973,72,1580.96,1549.34,official_observed_reference,93eb66311905bc04feeeab595665b9b999a37e76812fdae0d2a9963e8128a60c
2024-11-21,PAMBA,963.168,986.332,31.001,59.46,970.25,6.4,60,552.576,465.426,official_observed_reference,93eb66311905bc04feeeab595665b9b999a37e76812fdae0d2a9963e8128a60c
2024-11-21,KAKKI,908.304,981.456,446.542,856.467,970.163,281.7,0,0,,official_observed_reference,93eb66311905bc04feeeab595665b9b999a37e76812fdae0d2a9963e8128a60c
2024-11-21,SHOLAYAR,779.374,811.68,149.23,152.065,810.738,140.838,94,143.514,93.939,official_observed_reference,93eb66311905bc04feeeab595665b9b999a37e76812fdae0d2a9963e8128a60c
2024-11-21,IDAMALAYAR,115,169,1017.8,254.45,163.27,852.545,84,213.136,213.136,official_observed_reference,93eb66311905bc04feeeab595665b9b999a37e76812fdae0d2a9963e8128a60c
2024-11-21,KUNDALA,1735.836,1758.696,7.787,22.738,1758.2,7.39,95,153.782,66.516,official_observed_reference,93eb66311905bc04feeeab595665b9b999a37e76812fdae0d2a9963e8128a60c
2024-11-21,MADUPPATTY,1554.48,1599.59,55.217,161.234,1595.95,45.275,82,0,,official_observed_reference,93eb66311905bc04feeeab595665b9b999a37e76812fdae0d2a9963e8128a60c
2024-11-21,KUTTIADI,737.616,758.037,33.99,42.827,755.874,28.571,84,230.103,222.798,official_observed_reference,93eb66311905bc04feeeab595665b9b999a37e76812fdae0d2a9963e8128a60c
2024-11-21,THARIODE,750.5,775.6,201,253.26,771.65,154.05,77,0,,official_observed_reference,93eb66311905bc04feeeab595665b9b999a37e76812fdae0d2a9963e8128a60c
2024-11-21,ANAYIRANKAL,1188,1207.008,48.968,65.616,1206.6,47.03,96,112.694,39.67,official_observed_reference,93eb66311905bc04feeeab595665b9b999a37e76812fdae0d2a9963e8128a60c
2024-11-21,PONMUDI,678.8,707.745,47.4,63.516,704.1,37.07,78,0,,official_observed_reference,93eb66311905bc04feeeab595665b9b999a37e76812fdae0d2a9963e8128a60c
2024-11-21,NERIAMANGALAM,445,456.59,5.557,4.835,452.5,3,54,2.61,1.229,official_observed_reference,93eb66311905bc04feeeab595665b9b999a37e76812fdae0d2a9963e8128a60c
2024-11-21,PORINGAL,405.689,423.976,30.356,10.625,419.4,18.25,60,6.388,6.388,official_observed_reference,93eb66311905bc04feeeab595665b9b999a37e76812fdae0d2a9963e8128a60c
2024-11-21,SENGULAM (SBR),844.86,847.6,1.614,0.71,846.75,,0,0,,official_observed_reference,93eb66311905bc04feeeab595665b9b999a37e76812fdae0d2a9963e8128a60c
2024-11-21,LOWER PERIYAR,237.74,253,4.55,2.093,248.7,2.76,61,1.27,1.27,official_observed_reference,93eb66311905bc04feeeab595665b9b999a37e76812fdae0d2a9963e8128a60c
2024-11-21,KAKKAD,181.36,192.63,1.16,0.358,186.5,,0,0,,official_observed_reference,93eb66311905bc04feeeab595665b9b999a37e76812fdae0d2a9963e8128a60c
2024-11-22,IDUKKI,694.944,732.43,1460,2190,724.9,1052.555,72,1578.833,1547.256,official_observed_reference,395d8f0ee710242d3f30df1ab87ba7c74b03d05e34ca28af8356684d998a909e
2024-11-22,PAMBA,963.168,986.332,31.001,59.46,970.15,6.3,60,550.658,463.81,official_observed_reference,395d8f0ee710242d3f30df1ab87ba7c74b03d05e34ca28af8356684d998a909e
2024-11-22,KAKKI,908.304,981.456,446.542,856.467,970.087,280.8,0,0,,official_observed_reference,395d8f0ee710242d3f30df1ab87ba7c74b03d05e34ca28af8356684d998a909e
2024-11-22,SHOLAYAR,779.374,811.68,149.23,152.065,810.738,140.838,94,143.514,93.939,official_observed_reference,395d8f0ee710242d3f30df1ab87ba7c74b03d05e34ca28af8356684d998a909e
2024-11-22,IDAMALAYAR,115,169,1017.8,254.45,163.3,853.4,84,213.35,213.35,official_observed_reference,395d8f0ee710242d3f30df1ab87ba7c74b03d05e34ca28af8356684d998a909e
2024-11-22,KUNDALA,1735.836,1758.696,7.787,22.738,1758.2,7.39,95,153.782,66.516,official_observed_reference,395d8f0ee710242d3f30df1ab87ba7c74b03d05e34ca28af8356684d998a909e
2024-11-22,MADUPPATTY,1554.48,1599.59,55.217,161.234,1595.95,45.275,82,0,,official_observed_reference,395d8f0ee710242d3f30df1ab87ba7c74b03d05e34ca28af8356684d998a909e
2024-11-22,KUTTIADI,737.616,758.037,33.99,42.827,756.026,28.952,85,228.693,221.433,official_observed_reference,395d8f0ee710242d3f30df1ab87ba7c74b03d05e34ca28af8356684d998a909e
2024-11-22,THARIODE,750.5,775.6,201,253.26,771.55,152.55,76,0,,official_observed_reference,395d8f0ee710242d3f30df1ab87ba7c74b03d05e34ca28af8356684d998a909e
2024-11-22,ANAYIRANKAL,1188,1207.008,48.968,65.616,1206.62,47.12,96,112.48,39.594,official_observed_reference,395d8f0ee710242d3f30df1ab87ba7c74b03d05e34ca28af8356684d998a909e
2024-11-22,PONMUDI,678.8,707.745,47.4,63.516,704,36.82,78,0,,official_observed_reference,395d8f0ee710242d3f30df1ab87ba7c74b03d05e34ca28af8356684d998a909e
2024-11-22,NERIAMANGALAM,445,456.59,5.557,4.835,453.1,3.32,60,2.888,1.361,official_observed_reference,395d8f0ee710242d3f30df1ab87ba7c74b03d05e34ca28af8356684d998a909e
2024-11-22,PORINGAL,405.689,423.976,30.356,10.625,419.25,17.875,59,6.256,6.256,official_observed_reference,395d8f0ee710242d3f30df1ab87ba7c74b03d05e34ca28af8356684d998a909e
2024-11-22,SENGULAM (SBR),844.86,847.6,1.614,0.71,846.65,,0,0,,official_observed_reference,395d8f0ee710242d3f30df1ab87ba7c74b03d05e34ca28af8356684d998a909e
2024-11-22,LOWER PERIYAR,237.74,253,4.55,2.093,250,3.28,72,1.509,1.509,official_observed_reference,395d8f0ee710242d3f30df1ab87ba7c74b03d05e34ca28af8356684d998a909e
2024-11-22,KAKKAD,181.36,192.63,1.16,0.358,186.4,,0,0,,official_observed_reference,395d8f0ee710242d3f30df1ab87ba7c74b03d05e34ca28af8356684d998a909e
2024-11-23,IDUKKI,694.944,732.43,1460,2190,724.851,1050.285,72,1575.428,1543.919,official_observed_reference,6365f49f84e6d10bed818a85ae87b63bd29b2f367becfd38858a9919cd46a419
2024-11-23,PAMBA,963.168,986.332,31.001,59.46,970.05,6.2,60,548.452,461.952,official_observed_reference,6365f49f84e6d10bed818a85ae87b63bd29b2f367becfd38858a9919cd46a419
2024-11-23,KAKKI,908.304,981.456,446.542,856.467,969.996,279.75,0,0,,official_observed_reference,6365f49f84e6d10bed818a85ae87b63bd29b2f367becfd38858a9919cd46a419
2024-11-23,SHOLAYAR,779.374,811.68,149.23,152.065,810.677,140.215,94,142.879,93.524,official_observed_reference,6365f49f84e6d10bed818a85ae87b63bd29b2f367becfd38858a9919cd46a419
2024-11-23,IDAMALAYAR,115,169,1017.8,254.45,163.28,852.83,84,213.208,213.208,official_observed_reference,6365f49f84e6d10bed818a85ae87b63bd29b2f367becfd38858a9919cd46a419
2024-11-23,KUNDALA,1735.836,1758.696,7.787,22.738,1758.2,7.39,95,153.052,66.2,official_observed_reference,6365f49f84e6d10bed818a85ae87b63bd29b2f367becfd38858a9919cd46a419
2024-11-23,MADUPPATTY,1554.48,1599.59,55.217,161.234,1595.85,45.025,82,0,,official_observed_reference,6365f49f84e6d10bed818a85ae87b63bd29b2f367becfd38858a9919cd46a419
2024-11-23,KUTTIADI,737.616,758.037,33.99,42.827,756.118,29.181,86,228.225,220.98,official_observed_reference,6365f49f84e6d10bed818a85ae87b63bd29b2f367becfd38858a9919cd46a419
2024-11-23,THARIODE,750.5,775.6,201,253.26,771.5,151.95,76,0,,official_observed_reference,6365f49f84e6d10bed818a85ae87b63bd29b2f367becfd38858a9919cd46a419
2024-11-23,ANAYIRANKAL,1188,1207.008,48.968,65.616,1206.64,47.21,96,112.6,39.637,official_observed_reference,6365f49f84e6d10bed818a85ae87b63bd29b2f367becfd38858a9919cd46a419
2024-11-23,PONMUDI,678.8,707.745,47.4,63.516,704,36.82,78,0,,official_observed_reference,6365f49f84e6d10bed818a85ae87b63bd29b2f367becfd38858a9919cd46a419
2024-11-23,NERIAMANGALAM,445,456.59,5.557,4.835,453.65,3.65,66,3.176,1.496,official_observed_reference,6365f49f84e6d10bed818a85ae87b63bd29b2f367becfd38858a9919cd46a419
2024-11-23,PORINGAL,405.689,423.976,30.356,10.625,419.25,17.875,59,6.256,6.256,official_observed_reference,6365f49f84e6d10bed818a85ae87b63bd29b2f367becfd38858a9919cd46a419
2024-11-23,SENGULAM (SBR),844.86,847.6,1.614,0.71,846.85,,0,0,,official_observed_reference,6365f49f84e6d10bed818a85ae87b63bd29b2f367becfd38858a9919cd46a419
2024-11-23,LOWER PERIYAR,237.74,253,4.55,2.093,248.1,2.54,56,1.168,1.168,official_observed_reference,6365f49f84e6d10bed818a85ae87b63bd29b2f367becfd38858a9919cd46a419
2024-11-23,KAKKAD,181.36,192.63,1.16,0.358,187.8,,0,0,,official_observed_reference,6365f49f84e6d10bed818a85ae87b63bd29b2f367becfd38858a9919cd46a419
2024-11-24,IDUKKI,694.944,732.43,1460,2190,724.821,1048.866,72,1573.299,1541.833,official_observed_reference,5f8850c02f9f5ee5a0bdace6cbde07e9188538d133a51a72ba41cde86d8bb049
2024-11-24,PAMBA,963.168,986.332,31.001,59.46,970,6.15,60,546.63,460.418,official_observed_reference,5f8850c02f9f5ee5a0bdace6cbde07e9188538d133a51a72ba41cde86d8bb049
2024-11-24,KAKKI,908.304,981.456,446.542,856.467,969.93,278.85,0,0,,official_observed_reference,5f8850c02f9f5ee5a0bdace6cbde07e9188538d133a51a72ba41cde86d8bb049
2024-11-24,SHOLAYAR,779.374,811.68,149.23,152.065,810.646,139.918,94,142.576,93.325,official_observed_reference,5f8850c02f9f5ee5a0bdace6cbde07e9188538d133a51a72ba41cde86d8bb049
2024-11-24,IDAMALAYAR,115,169,1017.8,254.45,163.27,852.545,84,213.136,213.136,official_observed_reference,5f8850c02f9f5ee5a0bdace6cbde07e9188538d133a51a72ba41cde86d8bb049
2024-11-24,KUNDALA,1735.836,1758.696,7.787,22.738,1758.2,7.39,95,152.687,66.042,official_observed_reference,5f8850c02f9f5ee5a0bdace6cbde07e9188538d133a51a72ba41cde86d8bb049
2024-11-24,MADUPPATTY,1554.48,1599.59,55.217,161.234,1595.8,44.9,81,0,,official_observed_reference,5f8850c02f9f5ee5a0bdace6cbde07e9188538d133a51a72ba41cde86d8bb049
2024-11-24,KUTTIADI,737.616,758.037,33.99,42.827,756.335,29.715,87,227.386,220.167,official_observed_reference,5f8850c02f9f5ee5a0bdace6cbde07e9188538d133a51a72ba41cde86d8bb049
2024-11-24,THARIODE,750.5,775.6,201,253.26,771.4,150.75,75,0,,official_observed_reference,5f8850c02f9f5ee5a0bdace6cbde07e9188538d133a51a72ba41cde86d8bb049
2024-11-24,ANAYIRANKAL,1188,1207.008,48.968,65.616,1206.68,47.39,97,113.002,39.779,official_observed_reference,5f8850c02f9f5ee5a0bdace6cbde07e9188538d133a51a72ba41cde86d8bb049
2024-11-24,PONMUDI,678.8,707.745,47.4,63.516,704.05,36.94,78,0,,official_observed_reference,5f8850c02f9f5ee5a0bdace6cbde07e9188538d133a51a72ba41cde86d8bb049
2024-11-24,NERIAMANGALAM,445,456.59,5.557,4.835,452.5,3,54,2.61,1.229,official_observed_reference,5f8850c02f9f5ee5a0bdace6cbde07e9188538d133a51a72ba41cde86d8bb049
2024-11-24,PORINGAL,405.689,423.976,30.356,10.625,419.05,17.375,57,6.081,6.081,official_observed_reference,5f8850c02f9f5ee5a0bdace6cbde07e9188538d133a51a72ba41cde86d8bb049
2024-11-24,SENGULAM (SBR),844.86,847.6,1.614,0.71,846.4,,0,0,,official_observed_reference,5f8850c02f9f5ee5a0bdace6cbde07e9188538d133a51a72ba41cde86d8bb049
2024-11-24,LOWER PERIYAR,237.74,253,4.55,2.093,249.8,3.2,70,1.472,1.472,official_observed_reference,5f8850c02f9f5ee5a0bdace6cbde07e9188538d133a51a72ba41cde86d8bb049
2024-11-24,KAKKAD,181.36,192.63,1.16,0.358,188.6,,0,0,,official_observed_reference,5f8850c02f9f5ee5a0bdace6cbde07e9188538d133a51a72ba41cde86d8bb049
2024-11-25,IDUKKI,694.944,732.43,1460,2190,724.772,1046.592,72,1569.888,1538.49,official_observed_reference,2af7e896e68c452c3d890c9645a798613fe9a162ff970af4ced823b0cba62c69
2024-11-25,PAMBA,963.168,986.332,31.001,59.46,969.9,6.05,59,544.424,458.56,official_observed_reference,2af7e896e68c452c3d890c9645a798613fe9a162ff970af4ced823b0cba62c69
2024-11-25,KAKKI,908.304,981.456,446.542,856.467,969.843,277.8,0,0,,official_observed_reference,2af7e896e68c452c3d890c9645a798613fe9a162ff970af4ced823b0cba62c69
2024-11-25,SHOLAYAR,779.374,811.68,149.23,152.065,810.585,139.337,93,141.985,92.938,official_observed_reference,2af7e896e68c452c3d890c9645a798613fe9a162ff970af4ced823b0cba62c69
2024-11-25,IDAMALAYAR,115,169,1017.8,254.45,163.22,851.12,84,212.78,212.78,official_observed_reference,2af7e896e68c452c3d890c9645a798613fe9a162ff970af4ced823b0cba62c69
2024-11-25,KUNDALA,1735.836,1758.696,7.787,22.738,1758.2,7.39,95,152.322,65.884,official_observed_reference,2af7e896e68c452c3d890c9645a798613fe9a162ff970af4ced823b0cba62c69
2024-11-25,MADUPPATTY,1554.48,1599.59,55.217,161.234,1595.75,44.775,81,0,,official_observed_reference,2af7e896e68c452c3d890c9645a798613fe9a162ff970af4ced823b0cba62c69
2024-11-25,KUTTIADI,737.616,758.037,33.99,42.827,756.087,29.105,86,226.617,219.423,official_observed_reference,2af7e896e68c452c3d890c9645a798613fe9a162ff970af4ced823b0cba62c69
2024-11-25,THARIODE,750.5,775.6,201,253.26,771.4,150.75,75,0,,official_observed_reference,2af7e896e68c452c3d890c9645a798613fe9a162ff970af4ced823b0cba62c69
2024-11-25,ANAYIRANKAL,1188,1207.008,48.968,65.616,1206.69,47.435,97,112.727,39.682,official_observed_reference,2af7e896e68c452c3d890c9645a798613fe9a162ff970af4ced823b0cba62c69
2024-11-25,PONMUDI,678.8,707.745,47.4,63.516,703.95,36.69,77,0,,official_observed_reference,2af7e896e68c452c3d890c9645a798613fe9a162ff970af4ced823b0cba62c69
2024-11-25,NERIAMANGALAM,445,456.59,5.557,4.835,452.5,3,54,2.61,1.229,official_observed_reference,2af7e896e68c452c3d890c9645a798613fe9a162ff970af4ced823b0cba62c69
2024-11-25,PORINGAL,405.689,423.976,30.356,10.625,418.95,17.125,56,5.994,5.994,official_observed_reference,2af7e896e68c452c3d890c9645a798613fe9a162ff970af4ced823b0cba62c69
2024-11-25,SENGULAM (SBR),844.86,847.6,1.614,0.71,846.5,,0,0,,official_observed_reference,2af7e896e68c452c3d890c9645a798613fe9a162ff970af4ced823b0cba62c69
2024-11-25,LOWER PERIYAR,237.74,253,4.55,2.093,249.2,2.95,65,1.357,1.357,official_observed_reference,2af7e896e68c452c3d890c9645a798613fe9a162ff970af4ced823b0cba62c69
2024-11-25,KAKKAD,181.36,192.63,1.16,0.358,186.5,,0,0,,official_observed_reference,2af7e896e68c452c3d890c9645a798613fe9a162ff970af4ced823b0cba62c69
2024-11-26,IDUKKI,694.944,732.43,1460,2190,724.717,1044.034,72,1566.051,1534.73,official_observed_reference,2d0daf5538b7d4d9f5247751f2826cb2a9de40d9888a0dcc33928bfa2adc09b2
2024-11-26,PAMBA,963.168,986.332,31.001,59.46,969.8,5.95,59,541.931,456.46,official_observed_reference,2d0daf5538b7d4d9f5247751f2826cb2a9de40d9888a0dcc33928bfa2adc09b2
2024-11-26,KAKKI,908.304,981.456,446.542,856.467,969.742,276.6,0,0,,official_observed_reference,2d0daf5538b7d4d9f5247751f2826cb2a9de40d9888a0dcc33928bfa2adc09b2
2024-11-26,SHOLAYAR,779.374,811.68,149.23,152.065,810.494,138.488,93,141.119,92.371,official_observed_reference,2d0daf5538b7d4d9f5247751f2826cb2a9de40d9888a0dcc33928bfa2adc09b2
2024-11-26,IDAMALAYAR,115,169,1017.8,254.45,163.18,849.97,84,212.493,212.493,official_observed_reference,2d0daf5538b7d4d9f5247751f2826cb2a9de40d9888a0dcc33928bfa2adc09b2
2024-11-26,KUNDALA,1735.836,1758.696,7.787,22.738,1758.15,7.355,94,151.855,65.682,official_observed_reference,2d0daf5538b7d4d9f5247751f2826cb2a9de40d9888a0dcc33928bfa2adc09b2
2024-11-26,MADUPPATTY,1554.48,1599.59,55.217,161.234,1595.7,44.65,81,0,,official_observed_reference,2d0daf5538b7d4d9f5247751f2826cb2a9de40d9888a0dcc33928bfa2adc09b2
2024-11-26,KUTTIADI,737.616,758.037,33.99,42.827,755.752,28.267,83,225.562,218.401,official_observed_reference,2d0daf5538b7d4d9f5247751f2826cb2a9de40d9888a0dcc33928bfa2adc09b2
2024-11-26,THARIODE,750.5,775.6,201,253.26,771.4,150.75,75,0,,official_observed_reference,2d0daf5538b7d4d9f5247751f2826cb2a9de40d9888a0dcc33928bfa2adc09b2
2024-11-26,ANAYIRANKAL,1188,1207.008,48.968,65.616,1206.69,47.435,97,112.566,39.625,official_observed_reference,2d0daf5538b7d4d9f5247751f2826cb2a9de40d9888a0dcc33928bfa2adc09b2
2024-11-26,PONMUDI,678.8,707.745,47.4,63.516,703.9,36.57,77,0,,official_observed_reference,2d0daf5538b7d4d9f5247751f2826cb2a9de40d9888a0dcc33928bfa2adc09b2
2024-11-26,NERIAMANGALAM,445,456.59,5.557,4.835,453.3,3.44,62,2.993,1.41,official_observed_reference,2d0daf5538b7d4d9f5247751f2826cb2a9de40d9888a0dcc33928bfa2adc09b2
2024-11-26,PORINGAL,405.689,423.976,30.356,10.625,418.8,16.75,55,5.863,5.863,official_observed_reference,2d0daf5538b7d4d9f5247751f2826cb2a9de40d9888a0dcc33928bfa2adc09b2
2024-11-26,SENGULAM (SBR),844.86,847.6,1.614,0.71,846.85,,0,0,,official_observed_reference,2d0daf5538b7d4d9f5247751f2826cb2a9de40d9888a0dcc33928bfa2adc09b2
2024-11-26,LOWER PERIYAR,237.74,253,4.55,2.093,249.3,3,66,1.38,1.38,official_observed_reference,2d0daf5538b7d4d9f5247751f2826cb2a9de40d9888a0dcc33928bfa2adc09b2
2024-11-26,KAKKAD,181.36,192.63,1.16,0.358,185.75,,0,0,,official_observed_reference,2d0daf5538b7d4d9f5247751f2826cb2a9de40d9888a0dcc33928bfa2adc09b2
2024-11-27,IDUKKI,694.944,732.43,1460,2190,724.686,1042.612,71,1563.918,1532.64,official_observed_reference,d3f20cc54cd8e64d14a35c0c3176739aad6589b2e7e6c36760ad801ffb2c4abe
2024-11-27,PAMBA,963.168,986.332,31.001,59.46,969.75,5.9,59,540.109,454.925,official_observed_reference,d3f20cc54cd8e64d14a35c0c3176739aad6589b2e7e6c36760ad801ffb2c4abe
2024-11-27,KAKKI,908.304,981.456,446.542,856.467,969.66,275.7,0,0,,official_observed_reference,d3f20cc54cd8e64d14a35c0c3176739aad6589b2e7e6c36760ad801ffb2c4abe
2024-11-27,SHOLAYAR,779.374,811.68,149.23,152.065,810.402,137.638,92,140.253,91.805,official_observed_reference,d3f20cc54cd8e64d14a35c0c3176739aad6589b2e7e6c36760ad801ffb2c4abe
2024-11-27,IDAMALAYAR,115,169,1017.8,254.45,163.08,847.08,83,211.77,211.77,official_observed_reference,d3f20cc54cd8e64d14a35c0c3176739aad6589b2e7e6c36760ad801ffb2c4abe
2024-11-27,KUNDALA,1735.836,1758.696,7.787,22.738,1758.2,7.39,95,151.957,65.727,official_observed_reference,d3f20cc54cd8e64d14a35c0c3176739aad6589b2e7e6c36760ad801ffb2c4abe
2024-11-27,MADUPPATTY,1554.48,1599.59,55.217,161.234,1595.7,44.65,81,0,,official_observed_reference,d3f20cc54cd8e64d14a35c0c3176739aad6589b2e7e6c36760ad801ffb2c4abe
2024-11-27,KUTTIADI,737.616,758.037,33.99,42.827,755.387,27.354,80,224.41,217.286,official_observed_reference,d3f20cc54cd8e64d14a35c0c3176739aad6589b2e7e6c36760ad801ffb2c4abe
2024-11-27,THARIODE,750.5,775.6,201,253.26,771.4,150.75,75,0,,official_observed_reference,d3f20cc54cd8e64d14a35c0c3176739aad6589b2e7e6c36760ad801ffb2c4abe
2024-11-27,ANAYIRANKAL,1188,1207.008,48.968,65.616,1206.7,47.48,97,112.627,39.646,official_observed_reference,d3f20cc54cd8e64d14a35c0c3176739aad6589b2e7e6c36760ad801ffb2c4abe
2024-11-27,PONMUDI,678.8,707.745,47.4,63.516,703.9,36.57,77,0,,official_observed_reference,d3f20cc54cd8e64d14a35c0c3176739aad6589b2e7e6c36760ad801ffb2c4abe
2024-11-27,NERIAMANGALAM,445,456.59,5.557,4.835,453.7,3.68,66,3.202,1.508,official_observed_reference,d3f20cc54cd8e64d14a35c0c3176739aad6589b2e7e6c36760ad801ffb2c4abe
2024-11-27,PORINGAL,405.689,423.976,30.356,10.625,418.75,16.625,55,5.819,5.819,official_observed_reference,d3f20cc54cd8e64d14a35c0c3176739aad6589b2e7e6c36760ad801ffb2c4abe
2024-11-27,SENGULAM (SBR),844.86,847.6,1.614,0.71,846.75,,0,0,,official_observed_reference,d3f20cc54cd8e64d14a35c0c3176739aad6589b2e7e6c36760ad801ffb2c4abe
2024-11-27,LOWER PERIYAR,237.74,253,4.55,2.093,249.3,3.04,67,1.398,1.398,official_observed_reference,d3f20cc54cd8e64d14a35c0c3176739aad6589b2e7e6c36760ad801ffb2c4abe
2024-11-27,KAKKAD,181.36,192.63,1.16,0.358,186.8,,0,0,,official_observed_reference,d3f20cc54cd8e64d14a35c0c3176739aad6589b2e7e6c36760ad801ffb2c4abe
2024-11-28,IDUKKI,694.944,732.43,1460,2190,724.65,1040.906,71,1561.359,1530.132,official_observed_reference,28e100380f8fd10a34ebdb3e4885252749334f98f8d8e7a9234d4ce486992de1
2024-11-28,PAMBA,963.168,986.332,31.001,59.46,969.65,5.8,59,538.191,453.309,official_observed_reference,28e100380f8fd10a34ebdb3e4885252749334f98f8d8e7a9234d4ce486992de1
2024-11-28,KAKKI,908.304,981.456,446.542,856.467,969.587,274.8,0,0,,official_observed_reference,28e100380f8fd10a34ebdb3e4885252749334f98f8d8e7a9234d4ce486992de1
2024-11-28,SHOLAYAR,779.374,811.68,149.23,152.065,810.341,137.086,92,139.691,91.436,official_observed_reference,28e100380f8fd10a34ebdb3e4885252749334f98f8d8e7a9234d4ce486992de1
2024-11-28,IDAMALAYAR,115,169,1017.8,254.45,163.02,845.37,83,211.343,211.343,official_observed_reference,28e100380f8fd10a34ebdb3e4885252749334f98f8d8e7a9234d4ce486992de1
2024-11-28,KUNDALA,1735.836,1758.696,7.787,22.738,1758.25,7.43,95,152.074,65.777,official_observed_reference,28e100380f8fd10a34ebdb3e4885252749334f98f8d8e7a9234d4ce486992de1
2024-11-28,MADUPPATTY,1554.48,1599.59,55.217,161.234,1595.7,44.65,81,0,,official_observed_reference,28e100380f8fd10a34ebdb3e4885252749334f98f8d8e7a9234d4ce486992de1
2024-11-28,KUTTIADI,737.616,758.037,33.99,42.827,755.082,26.591,78,223.45,216.356,official_observed_reference,28e100380f8fd10a34ebdb3e4885252749334f98f8d8e7a9234d4ce486992de1
2024-11-28,THARIODE,750.5,775.6,201,253.26,771.4,150.75,75,0,,official_observed_reference,28e100380f8fd10a34ebdb3e4885252749334f98f8d8e7a9234d4ce486992de1
2024-11-28,ANAYIRANKAL,1188,1207.008,48.968,65.616,1206.72,47.57,97,112.573,39.627,official_observed_reference,28e100380f8fd10a34ebdb3e4885252749334f98f8d8e7a9234d4ce486992de1
2024-11-28,PONMUDI,678.8,707.745,47.4,63.516,703.85,36.44,77,0,,official_observed_reference,28e100380f8fd10a34ebdb3e4885252749334f98f8d8e7a9234d4ce486992de1
2024-11-28,NERIAMANGALAM,445,456.59,5.557,4.835,453.35,3.47,62,3.019,1.422,official_observed_reference,28e100380f8fd10a34ebdb3e4885252749334f98f8d8e7a9234d4ce486992de1
2024-11-28,PORINGAL,405.689,423.976,30.356,10.625,418.75,16.625,55,5.819,5.819,official_observed_reference,28e100380f8fd10a34ebdb3e4885252749334f98f8d8e7a9234d4ce486992de1
2024-11-28,SENGULAM (SBR),844.86,847.6,1.614,0.71,846.55,,0,0,,official_observed_reference,28e100380f8fd10a34ebdb3e4885252749334f98f8d8e7a9234d4ce486992de1
2024-11-28,LOWER PERIYAR,237.74,253,4.55,2.093,251.1,3.74,82,1.72,1.72,official_observed_reference,28e100380f8fd10a34ebdb3e4885252749334f98f8d8e7a9234d4ce486992de1
2024-11-28,KAKKAD,181.36,192.63,1.16,0.358,187.3,,0,0,,official_observed_reference,28e100380f8fd10a34ebdb3e4885252749334f98f8d8e7a9234d4ce486992de1
2024-11-29,IDUKKI,694.944,732.43,1460,2190,724.595,1038.348,71,1557.522,1526.372,official_observed_reference,f66e4491015eb1b64de14ae567ebd6efd0f9b5fc56cc0a6c30311888546b0fd5
2024-11-29,PAMBA,963.168,986.332,31.001,59.46,969.6,5.75,58,535.793,451.29,official_observed_reference,f66e4491015eb1b64de14ae567ebd6efd0f9b5fc56cc0a6c30311888546b0fd5
2024-11-29,KAKKI,908.304,981.456,446.542,856.467,969.483,273.6,0,0,,official_observed_reference,f66e4491015eb1b64de14ae567ebd6efd0f9b5fc56cc0a6c30311888546b0fd5
2024-11-29,SHOLAYAR,779.374,811.68,149.23,152.065,810.25,136.293,91,138.883,90.907,official_observed_reference,f66e4491015eb1b64de14ae567ebd6efd0f9b5fc56cc0a6c30311888546b0fd5
2024-11-29,IDAMALAYAR,115,169,1017.8,254.45,162.92,842.52,83,210.63,210.63,official_observed_reference,f66e4491015eb1b64de14ae567ebd6efd0f9b5fc56cc0a6c30311888546b0fd5
2024-11-29,KUNDALA,1735.836,1758.696,7.787,22.738,1758.2,7.39,95,151.592,65.569,official_observed_reference,f66e4491015eb1b64de14ae567ebd6efd0f9b5fc56cc0a6c30311888546b0fd5
2024-11-29,MADUPPATTY,1554.48,1599.59,55.217,161.234,1595.65,44.525,81,0,,official_observed_reference,f66e4491015eb1b64de14ae567ebd6efd0f9b5fc56cc0a6c30311888546b0fd5
2024-11-29,KUTTIADI,737.616,758.037,33.99,42.827,755.204,26.896,79,223.834,216.728,official_observed_reference,f66e4491015eb1b64de14ae567ebd6efd0f9b5fc56cc0a6c30311888546b0fd5
2024-11-29,THARIODE,750.5,775.6,201,253.26,771.4,150.75,75,0,,official_observed_reference,f66e4491015eb1b64de14ae567ebd6efd0f9b5fc56cc0a6c30311888546b0fd5
2024-11-29,ANAYIRANKAL,1188,1207.008,48.968,65.616,1206.73,47.615,97,112.299,39.531,official_observed_reference,f66e4491015eb1b64de14ae567ebd6efd0f9b5fc56cc0a6c30311888546b0fd5
2024-11-29,PONMUDI,678.8,707.745,47.4,63.516,703.75,36.19,76,0,,official_observed_reference,f66e4491015eb1b64de14ae567ebd6efd0f9b5fc56cc0a6c30311888546b0fd5
2024-11-29,NERIAMANGALAM,445,456.59,5.557,4.835,453.6,3.62,65,3.149,1.483,official_observed_reference,f66e4491015eb1b64de14ae567ebd6efd0f9b5fc56cc0a6c30311888546b0fd5
2024-11-29,PORINGAL,405.689,423.976,30.356,10.625,418.7,16.5,54,5.775,5.775,official_observed_reference,f66e4491015eb1b64de14ae567ebd6efd0f9b5fc56cc0a6c30311888546b0fd5
2024-11-29,SENGULAM (SBR),844.86,847.6,1.614,0.71,846.7,,0,0,,official_observed_reference,f66e4491015eb1b64de14ae567ebd6efd0f9b5fc56cc0a6c30311888546b0fd5
2024-11-29,LOWER PERIYAR,237.74,253,4.55,2.093,250.8,3.6,79,1.656,1.656,official_observed_reference,f66e4491015eb1b64de14ae567ebd6efd0f9b5fc56cc0a6c30311888546b0fd5
2024-11-29,KAKKAD,181.36,192.63,1.16,0.358,187.5,,0,0,,official_observed_reference,f66e4491015eb1b64de14ae567ebd6efd0f9b5fc56cc0a6c30311888546b0fd5
2024-12-01,IDUKKI,694.944,732.43,1460,2190,724.65,1040.906,71,1561.359,1530.132,official_observed_reference,63dcfb9c271e5751149cd37c756a6dd7d88f3e85597ce63f1146af2a15d503ad
2024-12-01,PAMBA,963.168,986.332,31.001,59.46,969.8,5.98,59,539.111,454.085,official_observed_reference,63dcfb9c271e5751149cd37c756a6dd7d88f3e85597ce63f1146af2a15d503ad
2024-12-01,KAKKI,908.304,981.456,446.542,856.467,969.611,275.1,0,0,,official_observed_reference,63dcfb9c271e5751149cd37c756a6dd7d88f3e85597ce63f1146af2a15d503ad
2024-12-01,SHOLAYAR,779.374,811.68,149.23,152.065,810.189,135.755,91,138.334,90.549,official_observed_reference,63dcfb9c271e5751149cd37c756a6dd7d88f3e85597ce63f1146af2a15d503ad
2024-12-01,IDAMALAYAR,115,169,1017.8,254.45,162.92,842.52,83,210.63,210.63,official_observed_reference,63dcfb9c271e5751149cd37c756a6dd7d88f3e85597ce63f1146af2a15d503ad
2024-12-01,KUNDALA,1735.836,1758.696,7.787,22.738,1758.2,7.39,95,151.227,65.411,official_observed_reference,63dcfb9c271e5751149cd37c756a6dd7d88f3e85597ce63f1146af2a15d503ad
2024-12-01,MADUPPATTY,1554.48,1599.59,55.217,161.234,1595.6,44.4,80,0,,official_observed_reference,63dcfb9c271e5751149cd37c756a6dd7d88f3e85597ce63f1146af2a15d503ad
2024-12-01,KUTTIADI,737.616,758.037,33.99,42.827,755.813,28.419,84,223.233,216.146,official_observed_reference,63dcfb9c271e5751149cd37c756a6dd7d88f3e85597ce63f1146af2a15d503ad
2024-12-01,THARIODE,750.5,775.6,201,253.26,771.2,148.75,74,0,,official_observed_reference,63dcfb9c271e5751149cd37c756a6dd7d88f3e85597ce63f1146af2a15d503ad
2024-12-01,ANAYIRANKAL,1188,1207.008,48.968,65.616,1206.78,47.84,98,112.775,39.698,official_observed_reference,63dcfb9c271e5751149cd37c756a6dd7d88f3e85597ce63f1146af2a15d503ad
2024-12-01,PONMUDI,678.8,707.745,47.4,63.516,703.8,36.32,77,0,,official_observed_reference,63dcfb9c271e5751149cd37c756a6dd7d88f3e85597ce63f1146af2a15d503ad
2024-12-01,NERIAMANGALAM,445,456.59,5.557,4.835,452.55,3.025,54,2.632,1.24,official_observed_reference,63dcfb9c271e5751149cd37c756a6dd7d88f3e85597ce63f1146af2a15d503ad
2024-12-01,PORINGAL,405.689,423.976,30.356,10.625,418.8,16.75,55,5.863,5.863,official_observed_reference,63dcfb9c271e5751149cd37c756a6dd7d88f3e85597ce63f1146af2a15d503ad
2024-12-01,SENGULAM (SBR),844.86,847.6,1.614,0.71,846.9,,0,0,,official_observed_reference,63dcfb9c271e5751149cd37c756a6dd7d88f3e85597ce63f1146af2a15d503ad
2024-12-01,LOWER PERIYAR,237.74,253,4.55,2.093,251.3,3.82,84,1.757,1.757,official_observed_reference,63dcfb9c271e5751149cd37c756a6dd7d88f3e85597ce63f1146af2a15d503ad
2024-12-01,KAKKAD,181.36,192.63,1.16,0.358,185,,0,0,,official_observed_reference,63dcfb9c271e5751149cd37c756a6dd7d88f3e85597ce63f1146af2a15d503ad
2024-12-02,IDUKKI,694.944,732.43,1460,2190,724.729,1044.602,72,1566.903,1535.565,official_observed_reference,b0761f34f37a8759e9bc569e7036df88f7d37c21dd1dd34757d25ba2fc946669
2024-12-02,PAMBA,963.168,986.332,31.001,59.46,969.9,6.05,59,541.547,456.136,official_observed_reference,b0761f34f37a8759e9bc569e7036df88f7d37c21dd1dd34757d25ba2fc946669
2024-12-02,KAKKI,908.304,981.456,446.542,856.467,969.71,276.3,0,0,,official_observed_reference,b0761f34f37a8759e9bc569e7036df88f7d37c21dd1dd34757d25ba2fc946669
2024-12-02,SHOLAYAR,779.374,811.68,149.23,152.065,810.28,136.562,92,139.157,91.087,official_observed_reference,b0761f34f37a8759e9bc569e7036df88f7d37c21dd1dd34757d25ba2fc946669
2024-12-02,IDAMALAYAR,115,169,1017.8,254.45,162.99,844.515,83,211.129,211.129,official_observed_reference,b0761f34f37a8759e9bc569e7036df88f7d37c21dd1dd34757d25ba2fc946669
2024-12-02,KUNDALA,1735.836,1758.696,7.787,22.738,1758.15,7.355,94,150.76,65.209,official_observed_reference,b0761f34f37a8759e9bc569e7036df88f7d37c21dd1dd34757d25ba2fc946669
2024-12-02,MADUPPATTY,1554.48,1599.59,55.217,161.234,1595.55,44.275,80,0,,official_observed_reference,b0761f34f37a8759e9bc569e7036df88f7d37c21dd1dd34757d25ba2fc946669
2024-12-02,KUTTIADI,737.616,758.037,33.99,42.827,755.56,27.811,82,223.097,216.014,official_observed_reference,b0761f34f37a8759e9bc569e7036df88f7d37c21dd1dd34757d25ba2fc946669
2024-12-02,THARIODE,750.5,775.6,201,253.26,771.25,149.25,74,0,,official_observed_reference,b0761f34f37a8759e9bc569e7036df88f7d37c21dd1dd34757d25ba2fc946669
2024-12-02,ANAYIRANKAL,1188,1207.008,48.968,65.616,1206.8,47.93,98,113.565,39.977,official_observed_reference,b0761f34f37a8759e9bc569e7036df88f7d37c21dd1dd34757d25ba2fc946669
2024-12-02,PONMUDI,678.8,707.745,47.4,63.516,704,36.82,78,0,,official_observed_reference,b0761f34f37a8759e9bc569e7036df88f7d37c21dd1dd34757d25ba2fc946669
2024-12-02,NERIAMANGALAM,445,456.59,5.557,4.835,453.8,3.74,67,3.254,1.533,official_observed_reference,b0761f34f37a8759e9bc569e7036df88f7d37c21dd1dd34757d25ba2fc946669
2024-12-02,PORINGAL,405.689,423.976,30.356,10.625,419.1,17.5,58,6.125,6.125,official_observed_reference,b0761f34f37a8759e9bc569e7036df88f7d37c21dd1dd34757d25ba2fc946669
2024-12-02,SENGULAM (SBR),844.86,847.6,1.614,0.71,846.85,,0,0,,official_observed_reference,b0761f34f37a8759e9bc569e7036df88f7d37c21dd1dd34757d25ba2fc946669
2024-12-02,LOWER PERIYAR,237.74,253,4.55,2.093,249.6,3.11,68,1.431,1.431,official_observed_reference,b0761f34f37a8759e9bc569e7036df88f7d37c21dd1dd34757d25ba2fc946669
2024-12-02,KAKKAD,181.36,192.63,1.16,0.358,186.95,,0,0,,official_observed_reference,b0761f34f37a8759e9bc569e7036df88f7d37c21dd1dd34757d25ba2fc946669
2024-12-03,IDUKKI,694.944,732.43,1460,2190,724.753,1045.739,72,1568.609,1537.236,official_observed_reference,0672b64190cf7829cfcc53b43b5d094d2d77db2c227c33f7953adc148f097a47
2024-12-03,PAMBA,963.168,986.332,31.001,59.46,969.85,6,59,542.89,457.267,official_observed_reference,0672b64190cf7829cfcc53b43b5d094d2d77db2c227c33f7953adc148f097a47
2024-12-03,KAKKI,908.304,981.456,446.542,856.467,969.77,277.05,0,0,,official_observed_reference,0672b64190cf7829cfcc53b43b5d094d2d77db2c227c33f7953adc148f097a47
2024-12-03,SHOLAYAR,779.374,811.68,149.23,152.065,810.31,136.831,92,139.431,91.266,official_observed_reference,0672b64190cf7829cfcc53b43b5d094d2d77db2c227c33f7953adc148f097a47
2024-12-03,IDAMALAYAR,115,169,1017.8,254.45,163,844.8,83,211.2,211.2,official_observed_reference,0672b64190cf7829cfcc53b43b5d094d2d77db2c227c33f7953adc148f097a47
2024-12-03,KUNDALA,1735.836,1758.696,7.787,22.738,1758.2,7.39,95,151.592,65.569,official_observed_reference,0672b64190cf7829cfcc53b43b5d094d2d77db2c227c33f7953adc148f097a47
2024-12-03,MADUPPATTY,1554.48,1599.59,55.217,161.234,1595.65,44.525,81,0,,official_observed_reference,0672b64190cf7829cfcc53b43b5d094d2d77db2c227c33f7953adc148f097a47
2024-12-03,KUTTIADI,737.616,758.037,33.99,42.827,755.295,27.125,80,222.232,215.177,official_observed_reference,0672b64190cf7829cfcc53b43b5d094d2d77db2c227c33f7953adc148f097a47
2024-12-03,THARIODE,750.5,775.6,201,253.26,771.25,149.25,74,0,,official_observed_reference,0672b64190cf7829cfcc53b43b5d094d2d77db2c227c33f7953adc148f097a47
2024-12-03,ANAYIRANKAL,1188,1207.008,48.968,65.616,1206.83,48.08,98,115.441,40.637,official_observed_reference,0672b64190cf7829cfcc53b43b5d094d2d77db2c227c33f7953adc148f097a47
2024-12-03,PONMUDI,678.8,707.745,47.4,63.516,704.5,38.07,80,0,,official_observed_reference,0672b64190cf7829cfcc53b43b5d094d2d77db2c227c33f7953adc148f097a47
2024-12-03,NERIAMANGALAM,445,456.59,5.557,4.835,453,3.26,59,2.836,1.336,official_observed_reference,0672b64190cf7829cfcc53b43b5d094d2d77db2c227c33f7953adc148f097a47
2024-12-03,PORINGAL,405.689,423.976,30.356,10.625,419.7,19,63,6.65,6.65,official_observed_reference,0672b64190cf7829cfcc53b43b5d094d2d77db2c227c33f7953adc148f097a47
2024-12-03,SENGULAM (SBR),844.86,847.6,1.614,0.71,846.4,,0,0,,official_observed_reference,0672b64190cf7829cfcc53b43b5d094d2d77db2c227c33f7953adc148f097a47
2024-12-03,LOWER PERIYAR,237.74,253,4.55,2.093,249.1,2.91,64,1.339,1.339,official_observed_reference,0672b64190cf7829cfcc53b43b5d094d2d77db2c227c33f7953adc148f097a47
2024-12-03,KAKKAD,181.36,192.63,1.16,0.358,186.65,,0,0,,official_observed_reference,0672b64190cf7829cfcc53b43b5d094d2d77db2c227c33f7953adc148f097a47
2024-12-04,IDUKKI,694.944,732.43,1460,2190,724.759,1046.024,72,1569.036,1537.655,official_observed_reference,942bf230d420042cebbdb00f2af2afd1e91c030b83766bb9c85a9483914f7fbb
2024-12-04,PAMBA,963.168,986.332,31.001,59.46,969.85,6,59,542.602,457.025,official_observed_reference,942bf230d420042cebbdb00f2af2afd1e91c030b83766bb9c85a9483914f7fbb
2024-12-04,KAKKI,908.304,981.456,446.542,856.467,969.76,276.9,0,0,,official_observed_reference,942bf230d420042cebbdb00f2af2afd1e91c030b83766bb9c85a9483914f7fbb
2024-12-04,SHOLAYAR,779.374,811.68,149.23,152.065,810.28,136.562,92,139.157,91.087,official_observed_reference,942bf230d420042cebbdb00f2af2afd1e91c030b83766bb9c85a9483914f7fbb
2024-12-04,IDAMALAYAR,115,169,1017.8,254.45,162.94,843.09,83,210.773,210.773,official_observed_reference,942bf230d420042cebbdb00f2af2afd1e91c030b83766bb9c85a9483914f7fbb
2024-12-04,KUNDALA,1735.836,1758.696,7.787,22.738,1758.2,7.39,95,151.592,65.569,official_observed_reference,942bf230d420042cebbdb00f2af2afd1e91c030b83766bb9c85a9483914f7fbb
2024-12-04,MADUPPATTY,1554.48,1599.59,55.217,161.234,1595.65,44.525,81,0,,official_observed_reference,942bf230d420042cebbdb00f2af2afd1e91c030b83766bb9c85a9483914f7fbb
2024-12-04,KUTTIADI,737.616,758.037,33.99,42.827,755.082,26.591,78,222.442,215.38,official_observed_reference,942bf230d420042cebbdb00f2af2afd1e91c030b83766bb9c85a9483914f7fbb
2024-12-04,THARIODE,750.5,775.6,201,253.26,771.3,149.95,75,0,,official_observed_reference,942bf230d420042cebbdb00f2af2afd1e91c030b83766bb9c85a9483914f7fbb
2024-12-04,ANAYIRANKAL,1188,1207.008,48.968,65.616,1206.84,48.13,98,115.843,40.778,official_observed_reference,942bf230d420042cebbdb00f2af2afd1e91c030b83766bb9c85a9483914f7fbb
2024-12-04,PONMUDI,678.8,707.745,47.4,63.516,704.6,38.32,81,0,,official_observed_reference,942bf230d420042cebbdb00f2af2afd1e91c030b83766bb9c85a9483914f7fbb
2024-12-04,NERIAMANGALAM,445,456.59,5.557,4.835,453.2,3.38,61,2.941,1.385,official_observed_reference,942bf230d420042cebbdb00f2af2afd1e91c030b83766bb9c85a9483914f7fbb
2024-12-04,PORINGAL,405.689,423.976,30.356,10.625,419.75,19.125,63,6.694,6.694,official_observed_reference,942bf230d420042cebbdb00f2af2afd1e91c030b83766bb9c85a9483914f7fbb
2024-12-04,SENGULAM (SBR),844.86,847.6,1.614,0.71,846.7,,0,0,,official_observed_reference,942bf230d420042cebbdb00f2af2afd1e91c030b83766bb9c85a9483914f7fbb
2024-12-04,LOWER PERIYAR,237.74,253,4.55,2.093,249.6,3.11,68,1.431,1.431,official_observed_reference,942bf230d420042cebbdb00f2af2afd1e91c030b83766bb9c85a9483914f7fbb
2024-12-04,KAKKAD,181.36,192.63,1.16,0.358,184.7,,0,0,,official_observed_reference,942bf230d420042cebbdb00f2af2afd1e91c030b83766bb9c85a9483914f7fbb
2024-12-05,IDUKKI,694.944,732.43,1460,2190,724.74,1045.171,72,1567.756,1536.401,official_observed_reference,a870ba756ef00ac651f783400f46e608c51f0516ef66c78351ae45531a134dfb
2024-12-05,PAMBA,963.168,986.332,31.001,59.46,969.85,6,59,542.602,457.025,official_observed_reference,a870ba756ef00ac651f783400f46e608c51f0516ef66c78351ae45531a134dfb
2024-12-05,KAKKI,908.304,981.456,446.542,856.467,969.76,276.9,0,0,,official_observed_reference,a870ba756ef00ac651f783400f46e608c51f0516ef66c78351ae45531a134dfb
2024-12-05,SHOLAYAR,779.374,811.68,149.23,152.065,810.25,136.293,91,138.883,90.907,official_observed_reference,a870ba756ef00ac651f783400f46e608c51f0516ef66c78351ae45531a134dfb
2024-12-05,IDAMALAYAR,115,169,1017.8,254.45,162.85,840.525,83,210.131,210.131,official_observed_reference,a870ba756ef00ac651f783400f46e608c51f0516ef66c78351ae45531a134dfb
2024-12-05,KUNDALA,1735.836,1758.696,7.787,22.738,1758.2,7.39,95,151.957,65.727,official_observed_reference,a870ba756ef00ac651f783400f46e608c51f0516ef66c78351ae45531a134dfb
2024-12-05,MADUPPATTY,1554.48,1599.59,55.217,161.234,1595.7,44.65,81,0,,official_observed_reference,a870ba756ef00ac651f783400f46e608c51f0516ef66c78351ae45531a134dfb
2024-12-05,KUTTIADI,737.616,758.037,33.99,42.827,755.295,27.125,80,222.232,215.177,official_observed_reference,a870ba756ef00ac651f783400f46e608c51f0516ef66c78351ae45531a134dfb
2024-12-05,THARIODE,750.5,775.6,201,253.26,771.25,149.25,74,0,,official_observed_reference,a870ba756ef00ac651f783400f46e608c51f0516ef66c78351ae45531a134dfb
2024-12-05,ANAYIRANKAL,1188,1207.008,48.968,65.616,1206.85,48.18,98,116.245,40.92,official_observed_reference,a870ba756ef00ac651f783400f46e608c51f0516ef66c78351ae45531a134dfb
2024-12-05,PONMUDI,678.8,707.745,47.4,63.516,704.7,38.57,81,0,,official_observed_reference,a870ba756ef00ac651f783400f46e608c51f0516ef66c78351ae45531a134dfb
2024-12-05,NERIAMANGALAM,445,456.59,5.557,4.835,453.9,3.8,68,3.306,1.557,official_observed_reference,a870ba756ef00ac651f783400f46e608c51f0516ef66c78351ae45531a134dfb
2024-12-05,PORINGAL,405.689,423.976,30.356,10.625,419.55,18.625,61,6.519,6.519,official_observed_reference,a870ba756ef00ac651f783400f46e608c51f0516ef66c78351ae45531a134dfb
2024-12-05,SENGULAM (SBR),844.86,847.6,1.614,0.71,846.9,,0,0,,official_observed_reference,a870ba756ef00ac651f783400f46e608c51f0516ef66c78351ae45531a134dfb
2024-12-05,LOWER PERIYAR,237.74,253,4.55,2.093,249.5,3.08,68,1.417,1.417,official_observed_reference,a870ba756ef00ac651f783400f46e608c51f0516ef66c78351ae45531a134dfb
2024-12-05,KAKKAD,181.36,192.63,1.16,0.358,184.5,,0,0,,official_observed_reference,a870ba756ef00ac651f783400f46e608c51f0516ef66c78351ae45531a134dfb
2024-12-06,IDUKKI,694.944,732.43,1460,2190,724.711,1043.749,71,1565.624,1534.311,official_observed_reference,98eb7e060846f286559db62e81504c243db5f6ffd5d4e071196a98b1d47e6912
2024-12-06,PAMBA,963.168,986.332,31.001,59.46,969.85,6,59,541.739,456.298,official_observed_reference,98eb7e060846f286559db62e81504c243db5f6ffd5d4e071196a98b1d47e6912
2024-12-06,KAKKI,908.304,981.456,446.542,856.467,969.72,276.45,0,0,,official_observed_reference,98eb7e060846f286559db62e81504c243db5f6ffd5d4e071196a98b1d47e6912
2024-12-06,SHOLAYAR,779.374,811.68,149.23,152.065,810.189,135.755,91,138.334,90.549,official_observed_reference,98eb7e060846f286559db62e81504c243db5f6ffd5d4e071196a98b1d47e6912
2024-12-06,IDAMALAYAR,115,169,1017.8,254.45,162.78,838.53,82,209.633,209.633,official_observed_reference,98eb7e060846f286559db62e81504c243db5f6ffd5d4e071196a98b1d47e6912
2024-12-06,KUNDALA,1735.836,1758.696,7.787,22.738,1758.2,7.39,95,152.322,65.884,official_observed_reference,98eb7e060846f286559db62e81504c243db5f6ffd5d4e071196a98b1d47e6912
2024-12-06,MADUPPATTY,1554.48,1599.59,55.217,161.234,1595.75,44.775,81,0,,official_observed_reference,98eb7e060846f286559db62e81504c243db5f6ffd5d4e071196a98b1d47e6912
2024-12-06,KUTTIADI,737.616,758.037,33.99,42.827,755.509,27.659,81,222.275,215.218,official_observed_reference,98eb7e060846f286559db62e81504c243db5f6ffd5d4e071196a98b1d47e6912
2024-12-06,THARIODE,750.5,775.6,201,253.26,771.2,148.75,74,0,,official_observed_reference,98eb7e060846f286559db62e81504c243db5f6ffd5d4e071196a98b1d47e6912
2024-12-06,ANAYIRANKAL,1188,1207.008,48.968,65.616,1206.88,48.33,99,116.272,40.929,official_observed_reference,98eb7e060846f286559db62e81504c243db5f6ffd5d4e071196a98b1d47e6912
2024-12-06,PONMUDI,678.8,707.745,47.4,63.516,704.65,38.44,81,0,,official_observed_reference,98eb7e060846f286559db62e81504c243db5f6ffd5d4e071196a98b1d47e6912
2024-12-06,NERIAMANGALAM,445,456.59,5.557,4.835,453.8,3.74,67,3.254,1.533,official_observed_reference,98eb7e060846f286559db62e81504c243db5f6ffd5d4e071196a98b1d47e6912
2024-12-06,PORINGAL,405.689,423.976,30.356,10.625,419.4,18.25,60,6.388,6.388,official_observed_reference,98eb7e060846f286559db62e81504c243db5f6ffd5d4e071196a98b1d47e6912
2024-12-06,SENGULAM (SBR),844.86,847.6,1.614,0.71,846.7,,0,0,,official_observed_reference,98eb7e060846f286559db62e81504c243db5f6ffd5d4e071196a98b1d47e6912
2024-12-06,LOWER PERIYAR,237.74,253,4.55,2.093,250.4,3.44,76,1.582,1.582,official_observed_reference,98eb7e060846f286559db62e81504c243db5f6ffd5d4e071196a98b1d47e6912
2024-12-06,KAKKAD,181.36,192.63,1.16,0.358,185.5,,0,0,,official_observed_reference,98eb7e060846f286559db62e81504c243db5f6ffd5d4e071196a98b1d47e6912
2024-12-07,IDUKKI,694.944,732.43,1460,2190,724.693,1042.896,71,1564.344,1533.057,official_observed_reference,e867d63feea591672f5fb834eb75b5eefc5ec52ff7b5ed94c820b5a7af56e850
2024-12-07,PAMBA,963.168,986.332,31.001,59.46,969.8,5.95,59,541.931,456.46,official_observed_reference,e867d63feea591672f5fb834eb75b5eefc5ec52ff7b5ed94c820b5a7af56e850
2024-12-07,KAKKI,908.304,981.456,446.542,856.467,969.736,276.6,0,0,,official_observed_reference,e867d63feea591672f5fb834eb75b5eefc5ec52ff7b5ed94c820b5a7af56e850
2024-12-07,SHOLAYAR,779.374,811.68,149.23,152.065,810.128,135.217,91,137.786,90.19,official_observed_reference,e867d63feea591672f5fb834eb75b5eefc5ec52ff7b5ed94c820b5a7af56e850
2024-12-07,IDAMALAYAR,115,169,1017.8,254.45,162.68,835.68,82,208.92,208.92,official_observed_reference,e867d63feea591672f5fb834eb75b5eefc5ec52ff7b5ed94c820b5a7af56e850
2024-12-07,KUNDALA,1735.836,1758.696,7.787,22.738,1758.15,7.355,94,152.585,65.998,official_observed_reference,e867d63feea591672f5fb834eb75b5eefc5ec52ff7b5ed94c820b5a7af56e850
2024-12-07,MADUPPATTY,1554.48,1599.59,55.217,161.234,1595.8,44.9,81,0,,official_observed_reference,e867d63feea591672f5fb834eb75b5eefc5ec52ff7b5ed94c820b5a7af56e850
2024-12-07,KUTTIADI,737.616,758.037,33.99,42.827,755.752,28.267,83,221.782,214.741,official_observed_reference,e867d63feea591672f5fb834eb75b5eefc5ec52ff7b5ed94c820b5a7af56e850
2024-12-07,THARIODE,750.5,775.6,201,253.26,771.1,147.75,74,0,,official_observed_reference,e867d63feea591672f5fb834eb75b5eefc5ec52ff7b5ed94c820b5a7af56e850
2024-12-07,ANAYIRANKAL,1188,1207.008,48.968,65.616,1206.88,48.33,99,116.781,41.109,official_observed_reference,e867d63feea591672f5fb834eb75b5eefc5ec52ff7b5ed94c820b5a7af56e850
2024-12-07,PONMUDI,678.8,707.745,47.4,63.516,704.8,38.82,82,0,,official_observed_reference,e867d63feea591672f5fb834eb75b5eefc5ec52ff7b5ed94c820b5a7af56e850
2024-12-07,NERIAMANGALAM,445,456.59,5.557,4.835,452.3,2.9,52,2.523,1.188,official_observed_reference,e867d63feea591672f5fb834eb75b5eefc5ec52ff7b5ed94c820b5a7af56e850
2024-12-07,PORINGAL,405.689,423.976,30.356,10.625,419.2,17.75,58,6.213,6.213,official_observed_reference,e867d63feea591672f5fb834eb75b5eefc5ec52ff7b5ed94c820b5a7af56e850
2024-12-07,SENGULAM (SBR),844.86,847.6,1.614,0.71,846.6,,0,0,,official_observed_reference,e867d63feea591672f5fb834eb75b5eefc5ec52ff7b5ed94c820b5a7af56e850
2024-12-07,LOWER PERIYAR,237.74,253,4.55,2.093,249.1,2.91,64,1.339,1.339,official_observed_reference,e867d63feea591672f5fb834eb75b5eefc5ec52ff7b5ed94c820b5a7af56e850
2024-12-07,KAKKAD,181.36,192.63,1.16,0.358,185.6,,0,0,,official_observed_reference,e867d63feea591672f5fb834eb75b5eefc5ec52ff7b5ed94c820b5a7af56e850
2024-12-08,IDUKKI,694.944,732.43,1460,2190,724.686,1042.612,71,1563.918,1532.64,official_observed_reference,dc7c2ccc7d2eb4fc4eaf6035cbac0209ad59040c4587b50bd4092ffa53a1d17b
2024-12-08,PAMBA,963.168,986.332,31.001,59.46,969.8,5.95,59,541.643,456.217,official_observed_reference,dc7c2ccc7d2eb4fc4eaf6035cbac0209ad59040c4587b50bd4092ffa53a1d17b
2024-12-08,KAKKI,908.304,981.456,446.542,856.467,969.724,276.45,0,0,,official_observed_reference,dc7c2ccc7d2eb4fc4eaf6035cbac0209ad59040c4587b50bd4092ffa53a1d17b
2024-12-08,SHOLAYAR,779.374,811.68,149.23,152.065,810.128,135.217,91,137.786,90.19,official_observed_reference,dc7c2ccc7d2eb4fc4eaf6035cbac0209ad59040c4587b50bd4092ffa53a1d17b
2024-12-08,IDAMALAYAR,115,169,1017.8,254.45,162.6,833.4,82,208.35,208.35,official_observed_reference,dc7c2ccc7d2eb4fc4eaf6035cbac0209ad59040c4587b50bd4092ffa53a1d17b
2024-12-08,KUNDALA,1735.836,1758.696,7.787,22.738,1758.15,7.355,94,152.95,66.156,official_observed_reference,dc7c2ccc7d2eb4fc4eaf6035cbac0209ad59040c4587b50bd4092ffa53a1d17b
2024-12-08,MADUPPATTY,1554.48,1599.59,55.217,161.234,1595.85,45.025,82,0,,official_observed_reference,dc7c2ccc7d2eb4fc4eaf6035cbac0209ad59040c4587b50bd4092ffa53a1d17b
2024-12-08,KUTTIADI,737.616,758.037,33.99,42.827,755.843,28.495,84,221.187,214.165,official_observed_reference,dc7c2ccc7d2eb4fc4eaf6035cbac0209ad59040c4587b50bd4092ffa53a1d17b
2024-12-08,THARIODE,750.5,775.6,201,253.26,771.05,147.05,73,0,,official_observed_reference,dc7c2ccc7d2eb4fc4eaf6035cbac0209ad59040c4587b50bd4092ffa53a1d17b
2024-12-08,ANAYIRANKAL,1188,1207.008,48.968,65.616,1206.89,48.38,99,116.848,41.132,official_observed_reference,dc7c2ccc7d2eb4fc4eaf6035cbac0209ad59040c4587b50bd4092ffa53a1d17b
2024-12-08,PONMUDI,678.8,707.745,47.4,63.516,704.8,38.82,82,0,,official_observed_reference,dc7c2ccc7d2eb4fc4eaf6035cbac0209ad59040c4587b50bd4092ffa53a1d17b
2024-12-08,NERIAMANGALAM,445,456.59,5.557,4.835,452.35,2.925,53,2.545,1.199,official_observed_reference,dc7c2ccc7d2eb4fc4eaf6035cbac0209ad59040c4587b50bd4092ffa53a1d17b
2024-12-08,PORINGAL,405.689,423.976,30.356,10.625,419,17.25,57,6.038,6.038,official_observed_reference,dc7c2ccc7d2eb4fc4eaf6035cbac0209ad59040c4587b50bd4092ffa53a1d17b
2024-12-08,SENGULAM (SBR),844.86,847.6,1.614,0.71,846.7,,0,0,,official_observed_reference,dc7c2ccc7d2eb4fc4eaf6035cbac0209ad59040c4587b50bd4092ffa53a1d17b
2024-12-08,LOWER PERIYAR,237.74,253,4.55,2.093,250.1,3.31,73,1.523,1.523,official_observed_reference,dc7c2ccc7d2eb4fc4eaf6035cbac0209ad59040c4587b50bd4092ffa53a1d17b
2024-12-08,KAKKAD,181.36,192.63,1.16,0.358,184.8,,0,0,,official_observed_reference,dc7c2ccc7d2eb4fc4eaf6035cbac0209ad59040c4587b50bd4092ffa53a1d17b
2024-12-09,IDUKKI,694.944,732.43,1460,2190,724.662,1041.475,71,1562.213,1530.968,official_observed_reference,7c5e9f72867d48a84bb67050f11ea683265e197e749455cf22f3fd4d253936d2
2024-12-09,PAMBA,963.168,986.332,31.001,59.46,969.8,5.95,59,541.068,455.733,official_observed_reference,7c5e9f72867d48a84bb67050f11ea683265e197e749455cf22f3fd4d253936d2
2024-12-09,KAKKI,908.304,981.456,446.542,856.467,969.699,276.15,0,0,,official_observed_reference,7c5e9f72867d48a84bb67050f11ea683265e197e749455cf22f3fd4d253936d2
2024-12-09,SHOLAYAR,779.374,811.68,149.23,152.065,810.097,134.948,90,137.512,90.01,official_observed_reference,7c5e9f72867d48a84bb67050f11ea683265e197e749455cf22f3fd4d253936d2
2024-12-09,IDAMALAYAR,115,169,1017.8,254.45,162.54,831.69,82,207.923,207.923,official_observed_reference,7c5e9f72867d48a84bb67050f11ea683265e197e749455cf22f3fd4d253936d2
2024-12-09,KUNDALA,1735.836,1758.696,7.787,22.738,1758.15,7.355,94,152.585,65.998,official_observed_reference,7c5e9f72867d48a84bb67050f11ea683265e197e749455cf22f3fd4d253936d2
2024-12-09,MADUPPATTY,1554.48,1599.59,55.217,161.234,1595.8,44.9,81,0,,official_observed_reference,7c5e9f72867d48a84bb67050f11ea683265e197e749455cf22f3fd4d253936d2
2024-12-09,KUTTIADI,737.616,758.037,33.99,42.827,756.026,28.952,85,220.125,213.137,official_observed_reference,7c5e9f72867d48a84bb67050f11ea683265e197e749455cf22f3fd4d253936d2
2024-12-09,THARIODE,750.5,775.6,201,253.26,770.95,145.75,73,0,,official_observed_reference,7c5e9f72867d48a84bb67050f11ea683265e197e749455cf22f3fd4d253936d2
2024-12-09,ANAYIRANKAL,1188,1207.008,48.968,65.616,1206.9,48.43,99,116.405,40.976,official_observed_reference,7c5e9f72867d48a84bb67050f11ea683265e197e749455cf22f3fd4d253936d2
2024-12-09,PONMUDI,678.8,707.745,47.4,63.516,704.65,38.44,81,0,,official_observed_reference,7c5e9f72867d48a84bb67050f11ea683265e197e749455cf22f3fd4d253936d2
2024-12-09,NERIAMANGALAM,445,456.59,5.557,4.835,452.55,3.025,54,2.632,1.24,official_observed_reference,7c5e9f72867d48a84bb67050f11ea683265e197e749455cf22f3fd4d253936d2
2024-12-09,PORINGAL,405.689,423.976,30.356,10.625,418.85,16.875,56,5.906,5.906,official_observed_reference,7c5e9f72867d48a84bb67050f11ea683265e197e749455cf22f3fd4d253936d2
2024-12-09,SENGULAM (SBR),844.86,847.6,1.614,0.71,846.7,,0,0,,official_observed_reference,7c5e9f72867d48a84bb67050f11ea683265e197e749455cf22f3fd4d253936d2
2024-12-09,LOWER PERIYAR,237.74,253,4.55,2.093,250.3,3.39,75,1.559,1.559,official_observed_reference,7c5e9f72867d48a84bb67050f11ea683265e197e749455cf22f3fd4d253936d2
2024-12-09,KAKKAD,181.36,192.63,1.16,0.358,186.45,,0,0,,official_observed_reference,7c5e9f72867d48a84bb67050f11ea683265e197e749455cf22f3fd4d253936d2
2024-12-10,IDUKKI,694.944,732.43,1460,2190,724.638,1040.338,71,1560.507,1529.297,official_observed_reference,e06c222199413e1c1b6447bfc77500cd9db5704b3abc97293a48dcf3e2a768a4
2024-12-10,PAMBA,963.168,986.332,31.001,59.46,969.75,5.9,59,540.972,455.652,official_observed_reference,e06c222199413e1c1b6447bfc77500cd9db5704b3abc97293a48dcf3e2a768a4
2024-12-10,KAKKI,908.304,981.456,446.542,856.467,969.7,276.15,0,0,,official_observed_reference,e06c222199413e1c1b6447bfc77500cd9db5704b3abc97293a48dcf3e2a768a4
2024-12-10,SHOLAYAR,779.374,811.68,149.23,152.065,810.037,134.41,90,136.963,89.651,official_observed_reference,e06c222199413e1c1b6447bfc77500cd9db5704b3abc97293a48dcf3e2a768a4
2024-12-10,IDAMALAYAR,115,169,1017.8,254.45,162.47,829.69,82,207.423,207.423,official_observed_reference,e06c222199413e1c1b6447bfc77500cd9db5704b3abc97293a48dcf3e2a768a4
2024-12-10,KUNDALA,1735.836,1758.696,7.787,22.738,1758.15,7.355,94,152.585,65.998,official_observed_reference,e06c222199413e1c1b6447bfc77500cd9db5704b3abc97293a48dcf3e2a768a4
2024-12-10,MADUPPATTY,1554.48,1599.59,55.217,161.234,1595.8,44.9,81,0,,official_observed_reference,e06c222199413e1c1b6447bfc77500cd9db5704b3abc97293a48dcf3e2a768a4
2024-12-10,KUTTIADI,737.616,758.037,33.99,42.827,755.935,28.724,85,218.199,211.272,official_observed_reference,e06c222199413e1c1b6447bfc77500cd9db5704b3abc97293a48dcf3e2a768a4
2024-12-10,THARIODE,750.5,775.6,201,253.26,770.85,144.45,72,0,,official_observed_reference,e06c222199413e1c1b6447bfc77500cd9db5704b3abc97293a48dcf3e2a768a4
2024-12-10,ANAYIRANKAL,1188,1207.008,48.968,65.616,1206.9,48.43,99,116.071,40.859,official_observed_reference,e06c222199413e1c1b6447bfc77500cd9db5704b3abc97293a48dcf3e2a768a4
2024-12-10,PONMUDI,678.8,707.745,47.4,63.516,704.55,38.19,81,0,,official_observed_reference,e06c222199413e1c1b6447bfc77500cd9db5704b3abc97293a48dcf3e2a768a4
2024-12-10,NERIAMANGALAM,445,456.59,5.557,4.835,453.2,3.38,61,2.941,1.385,official_observed_reference,e06c222199413e1c1b6447bfc77500cd9db5704b3abc97293a48dcf3e2a768a4
2024-12-10,PORINGAL,405.689,423.976,30.356,10.625,418.6,16.3,54,5.705,5.705,official_observed_reference,e06c222199413e1c1b6447bfc77500cd9db5704b3abc97293a48dcf3e2a768a4
2024-12-10,SENGULAM (SBR),844.86,847.6,1.614,0.71,846.45,,0,0,,official_observed_reference,e06c222199413e1c1b6447bfc77500cd9db5704b3abc97293a48dcf3e2a768a4
2024-12-10,LOWER PERIYAR,237.74,253,4.55,2.093,249.9,3.24,71,1.49,1.49,official_observed_reference,e06c222199413e1c1b6447bfc77500cd9db5704b3abc97293a48dcf3e2a768a4
2024-12-10,KAKKAD,181.36,192.63,1.16,0.358,185.4,,0,0,,official_observed_reference,e06c222199413e1c1b6447bfc77500cd9db5704b3abc97293a48dcf3e2a768a4
2024-12-11,IDUKKI,694.944,732.43,1460,2190,724.619,1039.485,71,1559.228,1528.043,official_observed_reference,0a3157fd3264f5664d90644bd83776c52e4fd748c5c1a0c1ff77165b80ecabf1
2024-12-11,PAMBA,963.168,986.332,31.001,59.46,969.7,5.85,59,540.013,454.844,official_observed_reference,0a3157fd3264f5664d90644bd83776c52e4fd748c5c1a0c1ff77165b80ecabf1
2024-12-11,KAKKI,908.304,981.456,446.542,856.467,969.66,275.7,0,0,,official_observed_reference,0a3157fd3264f5664d90644bd83776c52e4fd748c5c1a0c1ff77165b80ecabf1
2024-12-11,SHOLAYAR,779.374,811.68,149.23,152.065,810.006,134.155,90,136.704,89.481,official_observed_reference,0a3157fd3264f5664d90644bd83776c52e4fd748c5c1a0c1ff77165b80ecabf1
2024-12-11,IDAMALAYAR,115,169,1017.8,254.45,162.41,827.985,81,206.996,206.996,official_observed_reference,0a3157fd3264f5664d90644bd83776c52e4fd748c5c1a0c1ff77165b80ecabf1
2024-12-11,KUNDALA,1735.836,1758.696,7.787,22.738,1758.15,7.355,94,152.585,65.998,official_observed_reference,0a3157fd3264f5664d90644bd83776c52e4fd748c5c1a0c1ff77165b80ecabf1
2024-12-11,MADUPPATTY,1554.48,1599.59,55.217,161.234,1595.8,44.9,81,0,,official_observed_reference,0a3157fd3264f5664d90644bd83776c52e4fd748c5c1a0c1ff77165b80ecabf1
2024-12-11,KUTTIADI,737.616,758.037,33.99,42.827,755.965,28.8,85,217.665,210.755,official_observed_reference,0a3157fd3264f5664d90644bd83776c52e4fd748c5c1a0c1ff77165b80ecabf1
2024-12-11,THARIODE,750.5,775.6,201,253.26,770.8,143.95,72,0,,official_observed_reference,0a3157fd3264f5664d90644bd83776c52e4fd748c5c1a0c1ff77165b80ecabf1
2024-12-11,ANAYIRANKAL,1188,1207.008,48.968,65.616,1206.91,48.43,99,115.909,40.802,official_observed_reference,0a3157fd3264f5664d90644bd83776c52e4fd748c5c1a0c1ff77165b80ecabf1
2024-12-11,PONMUDI,678.8,707.745,47.4,63.516,704.5,38.07,80,0,,official_observed_reference,0a3157fd3264f5664d90644bd83776c52e4fd748c5c1a0c1ff77165b80ecabf1
2024-12-11,NERIAMANGALAM,445,456.59,5.557,4.835,453,3.26,59,2.836,1.336,official_observed_reference,0a3157fd3264f5664d90644bd83776c52e4fd748c5c1a0c1ff77165b80ecabf1
2024-12-11,PORINGAL,405.689,423.976,30.356,10.625,418.4,15.9,52,5.565,5.565,official_observed_reference,0a3157fd3264f5664d90644bd83776c52e4fd748c5c1a0c1ff77165b80ecabf1
2024-12-11,SENGULAM (SBR),844.86,847.6,1.614,0.71,846.6,,0,0,,official_observed_reference,0a3157fd3264f5664d90644bd83776c52e4fd748c5c1a0c1ff77165b80ecabf1
2024-12-11,LOWER PERIYAR,237.74,253,4.55,2.093,250.4,3.44,76,1.582,1.582,official_observed_reference,0a3157fd3264f5664d90644bd83776c52e4fd748c5c1a0c1ff77165b80ecabf1
2024-12-11,KAKKAD,181.36,192.63,1.16,0.358,185.1,,0,0,,official_observed_reference,0a3157fd3264f5664d90644bd83776c52e4fd748c5c1a0c1ff77165b80ecabf1
2024-12-12,IDUKKI,694.944,732.43,1460,2190,724.638,1040.338,71,1560.507,1529.297,official_observed_reference,61b4b0185f6f205ceee3df1a3baa9ce5093dffb166e4b85cafd838633a820888
2024-12-12,PAMBA,963.168,986.332,31.001,59.46,970.35,6.5,62,564.851,475.765,official_observed_reference,61b4b0185f6f205ceee3df1a3baa9ce5093dffb166e4b85cafd838633a820888
2024-12-12,KAKKI,908.304,981.456,446.542,856.467,970.068,288,0,0,,official_observed_reference,61b4b0185f6f205ceee3df1a3baa9ce5093dffb166e4b85cafd838633a820888
2024-12-12,SHOLAYAR,779.374,811.68,149.23,152.065,810.006,134.155,90,136.704,89.481,official_observed_reference,61b4b0185f6f205ceee3df1a3baa9ce5093dffb166e4b85cafd838633a820888
2024-12-12,IDAMALAYAR,115,169,1017.8,254.45,162.37,826.845,81,206.711,206.711,official_observed_reference,61b4b0185f6f205ceee3df1a3baa9ce5093dffb166e4b85cafd838633a820888
2024-12-12,KUNDALA,1735.836,1758.696,7.787,22.738,1758.2,7.39,95,153.052,66.2,official_observed_reference,61b4b0185f6f205ceee3df1a3baa9ce5093dffb166e4b85cafd838633a820888
2024-12-12,MADUPPATTY,1554.48,1599.59,55.217,161.234,1595.85,45.025,82,0,,official_observed_reference,61b4b0185f6f205ceee3df1a3baa9ce5093dffb166e4b85cafd838633a820888
2024-12-12,KUTTIADI,737.616,758.037,33.99,42.827,755.904,28.647,84,215.96,209.105,official_observed_reference,61b4b0185f6f205ceee3df1a3baa9ce5093dffb166e4b85cafd838633a820888
2024-12-12,THARIODE,750.5,775.6,201,253.26,770.7,142.75,71,0,,official_observed_reference,61b4b0185f6f205ceee3df1a3baa9ce5093dffb166e4b85cafd838633a820888
2024-12-12,ANAYIRANKAL,1188,1207.008,48.968,65.616,1206.93,48.43,99,115.575,40.684,official_observed_reference,61b4b0185f6f205ceee3df1a3baa9ce5093dffb166e4b85cafd838633a820888
2024-12-12,PONMUDI,678.8,707.745,47.4,63.516,704.4,37.82,80,0,,official_observed_reference,61b4b0185f6f205ceee3df1a3baa9ce5093dffb166e4b85cafd838633a820888
2024-12-12,NERIAMANGALAM,445,456.59,5.557,4.835,453.1,3.32,60,2.888,1.361,official_observed_reference,61b4b0185f6f205ceee3df1a3baa9ce5093dffb166e4b85cafd838633a820888
2024-12-12,PORINGAL,405.689,423.976,30.356,10.625,418.6,16.3,54,5.705,5.705,official_observed_reference,61b4b0185f6f205ceee3df1a3baa9ce5093dffb166e4b85cafd838633a820888
2024-12-12,SENGULAM (SBR),844.86,847.6,1.614,0.71,846.5,,0,0,,official_observed_reference,61b4b0185f6f205ceee3df1a3baa9ce5093dffb166e4b85cafd838633a820888
2024-12-12,LOWER PERIYAR,237.74,253,4.55,2.093,249.8,3.2,70,1.472,1.472,official_observed_reference,61b4b0185f6f205ceee3df1a3baa9ce5093dffb166e4b85cafd838633a820888
2024-12-12,KAKKAD,181.36,192.63,1.16,0.358,186.9,,0,0,,official_observed_reference,61b4b0185f6f205ceee3df1a3baa9ce5093dffb166e4b85cafd838633a820888
2024-12-13,IDUKKI,694.944,732.43,1460,2190,724.839,1049.717,72,1574.576,1543.084,official_observed_reference,1ddcbdecc4ec8ca848f4deb56981068041cad6c822113f8baf4667e2a827340d
2024-12-13,PAMBA,963.168,986.332,31.001,59.46,971.95,8.21,62,571.019,480.96,official_observed_reference,1ddcbdecc4ec8ca848f4deb56981068041cad6c822113f8baf4667e2a827340d
2024-12-13,KAKKI,908.304,981.456,446.542,856.467,970.81,289.506,0,0,,official_observed_reference,1ddcbdecc4ec8ca848f4deb56981068041cad6c822113f8baf4667e2a827340d
2024-12-13,SHOLAYAR,779.374,811.68,149.23,152.065,809.976,133.9,90,136.444,89.311,official_observed_reference,1ddcbdecc4ec8ca848f4deb56981068041cad6c822113f8baf4667e2a827340d
2024-12-13,IDAMALAYAR,115,169,1017.8,254.45,162.41,827.985,81,206.996,206.996,official_observed_reference,1ddcbdecc4ec8ca848f4deb56981068041cad6c822113f8baf4667e2a827340d
2024-12-13,KUNDALA,1735.836,1758.696,7.787,22.738,1758.35,7.51,96,154.862,66.983,official_observed_reference,1ddcbdecc4ec8ca848f4deb56981068041cad6c822113f8baf4667e2a827340d
2024-12-13,MADUPPATTY,1554.48,1599.59,55.217,161.234,1596.05,45.525,82,0,,official_observed_reference,1ddcbdecc4ec8ca848f4deb56981068041cad6c822113f8baf4667e2a827340d
2024-12-13,KUTTIADI,737.616,758.037,33.99,42.827,756.118,29.181,86,215.373,208.536,official_observed_reference,1ddcbdecc4ec8ca848f4deb56981068041cad6c822113f8baf4667e2a827340d
2024-12-13,THARIODE,750.5,775.6,201,253.26,770.6,141.75,71,0,,official_observed_reference,1ddcbdecc4ec8ca848f4deb56981068041cad6c822113f8baf4667e2a827340d
2024-12-13,ANAYIRANKAL,1188,1207.008,48.968,65.616,1207.06,48.968,100,119.981,42.235,official_observed_reference,1ddcbdecc4ec8ca848f4deb56981068041cad6c822113f8baf4667e2a827340d
2024-12-13,PONMUDI,678.8,707.745,47.4,63.516,705.5,40.57,86,0,,official_observed_reference,1ddcbdecc4ec8ca848f4deb56981068041cad6c822113f8baf4667e2a827340d
2024-12-13,NERIAMANGALAM,445,456.59,5.557,4.835,454.2,3.98,72,3.463,1.631,official_observed_reference,1ddcbdecc4ec8ca848f4deb56981068041cad6c822113f8baf4667e2a827340d
2024-12-13,PORINGAL,405.689,423.976,30.356,10.625,419.4,18.25,60,6.388,6.388,official_observed_reference,1ddcbdecc4ec8ca848f4deb56981068041cad6c822113f8baf4667e2a827340d
2024-12-13,SENGULAM (SBR),844.86,847.6,1.614,0.71,846.55,,0,0,,official_observed_reference,1ddcbdecc4ec8ca848f4deb56981068041cad6c822113f8baf4667e2a827340d
2024-12-13,LOWER PERIYAR,237.74,253,4.55,2.093,250,3.28,72,1.509,1.509,official_observed_reference,1ddcbdecc4ec8ca848f4deb56981068041cad6c822113f8baf4667e2a827340d
2024-12-13,KAKKAD,181.36,192.63,1.16,0.358,186,,0,0,,official_observed_reference,1ddcbdecc4ec8ca848f4deb56981068041cad6c822113f8baf4667e2a827340d
2024-12-14,IDUKKI,694.944,732.43,1460,2190,724.949,1054.825,72,1582.238,1550.593,official_observed_reference,fae77d5e2b68c18a63c1168713c424d33a7d9e005ac8e5c4a05ed1d9e7c1551f
2024-12-14,PAMBA,963.168,986.332,31.001,59.46,972.2,8.51,63,580.885,489.27,official_observed_reference,fae77d5e2b68c18a63c1168713c424d33a7d9e005ac8e5c4a05ed1d9e7c1551f
2024-12-14,KAKKI,908.304,981.456,446.542,856.467,971.205,294.35,0,0,,official_observed_reference,fae77d5e2b68c18a63c1168713c424d33a7d9e005ac8e5c4a05ed1d9e7c1551f
2024-12-14,SHOLAYAR,779.374,811.68,149.23,152.065,809.976,133.9,90,136.444,89.311,official_observed_reference,fae77d5e2b68c18a63c1168713c424d33a7d9e005ac8e5c4a05ed1d9e7c1551f
2024-12-14,IDAMALAYAR,115,169,1017.8,254.45,162.39,827.415,81,206.854,206.854,official_observed_reference,fae77d5e2b68c18a63c1168713c424d33a7d9e005ac8e5c4a05ed1d9e7c1551f
2024-12-14,KUNDALA,1735.836,1758.696,7.787,22.738,1758.35,7.51,96,155.957,67.457,official_observed_reference,fae77d5e2b68c18a63c1168713c424d33a7d9e005ac8e5c4a05ed1d9e7c1551f
2024-12-14,MADUPPATTY,1554.48,1599.59,55.217,161.234,1596.2,45.9,83,0,,official_observed_reference,fae77d5e2b68c18a63c1168713c424d33a7d9e005ac8e5c4a05ed1d9e7c1551f
2024-12-14,KUTTIADI,737.616,758.037,33.99,42.827,756.397,29.867,88,215.734,208.885,official_observed_reference,fae77d5e2b68c18a63c1168713c424d33a7d9e005ac8e5c4a05ed1d9e7c1551f
2024-12-14,THARIODE,750.5,775.6,201,253.26,770.55,141.35,70,0,,official_observed_reference,fae77d5e2b68c18a63c1168713c424d33a7d9e005ac8e5c4a05ed1d9e7c1551f
2024-12-14,ANAYIRANKAL,1188,1207.008,48.968,65.616,1207.13,48.967,100,121.32,42.706,official_observed_reference,fae77d5e2b68c18a63c1168713c424d33a7d9e005ac8e5c4a05ed1d9e7c1551f
2024-12-14,PONMUDI,678.8,707.745,47.4,63.516,705.9,41.57,88,0,,official_observed_reference,fae77d5e2b68c18a63c1168713c424d33a7d9e005ac8e5c4a05ed1d9e7c1551f
2024-12-14,NERIAMANGALAM,445,456.59,5.557,4.835,452.7,3.1,56,2.697,1.27,official_observed_reference,fae77d5e2b68c18a63c1168713c424d33a7d9e005ac8e5c4a05ed1d9e7c1551f
2024-12-14,PORINGAL,405.689,423.976,30.356,10.625,419.75,19.125,63,6.694,6.694,official_observed_reference,fae77d5e2b68c18a63c1168713c424d33a7d9e005ac8e5c4a05ed1d9e7c1551f
2024-12-14,SENGULAM (SBR),844.86,847.6,1.614,0.71,846.65,,0,0,,official_observed_reference,fae77d5e2b68c18a63c1168713c424d33a7d9e005ac8e5c4a05ed1d9e7c1551f
2024-12-14,LOWER PERIYAR,237.74,253,4.55,2.093,249.7,3.16,69,1.454,1.454,official_observed_reference,fae77d5e2b68c18a63c1168713c424d33a7d9e005ac8e5c4a05ed1d9e7c1551f
2024-12-14,KAKKAD,181.36,192.63,1.16,0.358,185.8,,0,0,,official_observed_reference,fae77d5e2b68c18a63c1168713c424d33a7d9e005ac8e5c4a05ed1d9e7c1551f
2024-12-15,IDUKKI,694.944,732.43,1460,2190,725.034,1058.797,73,1588.196,1556.432,official_observed_reference,cfb7648847a7a2dd2bbb74400f9ba011e9746df5e73f8b0b1ef1598de4b80045
2024-12-15,PAMBA,963.168,986.332,31.001,59.46,972.2,8.51,64,585.98,493.561,official_observed_reference,cfb7648847a7a2dd2bbb74400f9ba011e9746df5e73f8b0b1ef1598de4b80045
2024-12-15,KAKKI,908.304,981.456,446.542,856.467,971.41,297.006,0,0,,official_observed_reference,cfb7648847a7a2dd2bbb74400f9ba011e9746df5e73f8b0b1ef1598de4b80045
2024-12-15,SHOLAYAR,779.374,811.68,149.23,152.065,809.915,133.376,89,135.91,88.962,official_observed_reference,cfb7648847a7a2dd2bbb74400f9ba011e9746df5e73f8b0b1ef1598de4b80045
2024-12-15,IDAMALAYAR,115,169,1017.8,254.45,162.33,825.705,81,206.426,206.426,official_observed_reference,cfb7648847a7a2dd2bbb74400f9ba011e9746df5e73f8b0b1ef1598de4b80045
2024-12-15,KUNDALA,1735.836,1758.696,7.787,22.738,1758.25,7.43,95,155.724,67.356,official_observed_reference,cfb7648847a7a2dd2bbb74400f9ba011e9746df5e73f8b0b1ef1598de4b80045
2024-12-15,MADUPPATTY,1554.48,1599.59,55.217,161.234,1596.2,45.9,83,0,,official_observed_reference,cfb7648847a7a2dd2bbb74400f9ba011e9746df5e73f8b0b1ef1598de4b80045
2024-12-15,KUTTIADI,737.616,758.037,33.99,42.827,756.27,29.562,87,214.341,207.537,official_observed_reference,cfb7648847a7a2dd2bbb74400f9ba011e9746df5e73f8b0b1ef1598de4b80045
2024-12-15,THARIODE,750.5,775.6,201,253.26,770.5,140.55,70,0,,official_observed_reference,cfb7648847a7a2dd2bbb74400f9ba011e9746df5e73f8b0b1ef1598de4b80045
2024-12-15,ANAYIRANKAL,1188,1207.008,48.968,65.616,1207.008,48.967,100,121.99,42.942,official_observed_reference,cfb7648847a7a2dd2bbb74400f9ba011e9746df5e73f8b0b1ef1598de4b80045
2024-12-15,PONMUDI,678.8,707.745,47.4,63.516,706.1,42.07,89,0,,official_observed_reference,cfb7648847a7a2dd2bbb74400f9ba011e9746df5e73f8b0b1ef1598de4b80045
2024-12-15,NERIAMANGALAM,445,456.59,5.557,4.835,453.05,3.29,59,2.862,1.348,official_observed_reference,cfb7648847a7a2dd2bbb74400f9ba011e9746df5e73f8b0b1ef1598de4b80045
2024-12-15,PORINGAL,405.689,423.976,30.356,10.625,419.75,19.125,63,6.694,6.694,official_observed_reference,cfb7648847a7a2dd2bbb74400f9ba011e9746df5e73f8b0b1ef1598de4b80045
2024-12-15,SENGULAM (SBR),844.86,847.6,1.614,0.71,846.55,,0,0,,official_observed_reference,cfb7648847a7a2dd2bbb74400f9ba011e9746df5e73f8b0b1ef1598de4b80045
2024-12-15,LOWER PERIYAR,237.74,253,4.55,2.093,249.7,3.16,69,1.454,1.454,official_observed_reference,cfb7648847a7a2dd2bbb74400f9ba011e9746df5e73f8b0b1ef1598de4b80045
2024-12-15,KAKKAD,181.36,192.63,1.16,0.358,187.7,,0,0,,official_observed_reference,cfb7648847a7a2dd2bbb74400f9ba011e9746df5e73f8b0b1ef1598de4b80045
2024-12-17,IDUKKI,694.944,732.43,1460,2190,725.101,1061.918,73,1592.877,1561.019,official_observed_reference,f1ebdbc260676d692f796dd5875f301279b63565d7e7d838d1ba014e8080f907
2024-12-17,PAMBA,963.168,986.332,31.001,59.46,972.2,8.51,65,592.873,499.367,official_observed_reference,f1ebdbc260676d692f796dd5875f301279b63565d7e7d838d1ba014e8080f907
2024-12-17,KAKKI,908.304,981.456,446.542,856.467,971.7,300.6,0,0,,official_observed_reference,f1ebdbc260676d692f796dd5875f301279b63565d7e7d838d1ba014e8080f907
2024-12-17,SHOLAYAR,779.374,811.68,149.23,152.065,809.793,132.342,89,134.857,88.272,official_observed_reference,f1ebdbc260676d692f796dd5875f301279b63565d7e7d838d1ba014e8080f907
2024-12-17,IDAMALAYAR,115,169,1017.8,254.45,162.15,820.575,81,205.144,205.144,official_observed_reference,f1ebdbc260676d692f796dd5875f301279b63565d7e7d838d1ba014e8080f907
2024-12-17,KUNDALA,1735.836,1758.696,7.787,22.738,1758.25,7.43,95,155.724,67.356,official_observed_reference,f1ebdbc260676d692f796dd5875f301279b63565d7e7d838d1ba014e8080f907
2024-12-17,MADUPPATTY,1554.48,1599.59,55.217,161.234,1596.2,45.9,83,0,,official_observed_reference,f1ebdbc260676d692f796dd5875f301279b63565d7e7d838d1ba014e8080f907
2024-12-17,KUTTIADI,737.616,758.037,33.99,42.827,755.965,28.8,85,212.877,206.119,official_observed_reference,f1ebdbc260676d692f796dd5875f301279b63565d7e7d838d1ba014e8080f907
2024-12-17,THARIODE,750.5,775.6,201,253.26,770.45,140.15,70,0,,official_observed_reference,f1ebdbc260676d692f796dd5875f301279b63565d7e7d838d1ba014e8080f907
2024-12-17,ANAYIRANKAL,1188,1207.008,48.968,65.616,1207.008,48.967,100,121.815,42.881,official_observed_reference,f1ebdbc260676d692f796dd5875f301279b63565d7e7d838d1ba014e8080f907
2024-12-17,PONMUDI,678.8,707.745,47.4,63.516,706.05,41.94,88,0,,official_observed_reference,f1ebdbc260676d692f796dd5875f301279b63565d7e7d838d1ba014e8080f907
2024-12-17,NERIAMANGALAM,445,456.59,5.557,4.835,453.3,3.44,62,2.993,1.41,official_observed_reference,f1ebdbc260676d692f796dd5875f301279b63565d7e7d838d1ba014e8080f907
2024-12-17,PORINGAL,405.689,423.976,30.356,10.625,419.75,19.125,63,6.694,6.694,official_observed_reference,f1ebdbc260676d692f796dd5875f301279b63565d7e7d838d1ba014e8080f907
2024-12-17,SENGULAM (SBR),844.86,847.6,1.614,0.71,846.5,,0,0,,official_observed_reference,f1ebdbc260676d692f796dd5875f301279b63565d7e7d838d1ba014e8080f907
2024-12-17,LOWER PERIYAR,237.74,253,4.55,2.093,251,3.69,81,1.697,1.697,official_observed_reference,f1ebdbc260676d692f796dd5875f301279b63565d7e7d838d1ba014e8080f907
2024-12-17,KAKKAD,181.36,192.63,1.16,0.358,186,,0,0,,official_observed_reference,f1ebdbc260676d692f796dd5875f301279b63565d7e7d838d1ba014e8080f907
2024-12-18,IDUKKI,694.944,732.43,1460,2190,725.113,1062.485,73,1593.728,1561.853,official_observed_reference,625cd7bec5e75ac4699894abe4bbe291564b95ebf072e1a444032a215564c1b4
2024-12-18,PAMBA,963.168,986.332,31.001,59.46,972.2,8.51,65,594.432,500.681,official_observed_reference,625cd7bec5e75ac4699894abe4bbe291564b95ebf072e1a444032a215564c1b4
2024-12-18,KAKKI,908.304,981.456,446.542,856.467,971.763,301.413,0,0,,official_observed_reference,625cd7bec5e75ac4699894abe4bbe291564b95ebf072e1a444032a215564c1b4
2024-12-18,SHOLAYAR,779.374,811.68,149.23,152.065,809.732,131.804,88,134.309,87.913,official_observed_reference,625cd7bec5e75ac4699894abe4bbe291564b95ebf072e1a444032a215564c1b4
2024-12-18,IDAMALAYAR,115,169,1017.8,254.45,162.07,818.295,80,204.574,204.574,official_observed_reference,625cd7bec5e75ac4699894abe4bbe291564b95ebf072e1a444032a215564c1b4
2024-12-18,KUNDALA,1735.836,1758.696,7.787,22.738,1758.25,7.43,95,155.724,67.356,official_observed_reference,625cd7bec5e75ac4699894abe4bbe291564b95ebf072e1a444032a215564c1b4
2024-12-18,MADUPPATTY,1554.48,1599.59,55.217,161.234,1596.2,45.9,83,0,,official_observed_reference,625cd7bec5e75ac4699894abe4bbe291564b95ebf072e1a444032a215564c1b4
2024-12-18,KUTTIADI,737.616,758.037,33.99,42.827,755.965,28.8,85,212.373,205.631,official_observed_reference,625cd7bec5e75ac4699894abe4bbe291564b95ebf072e1a444032a215564c1b4
2024-12-18,THARIODE,750.5,775.6,201,253.26,770.4,139.75,70,0,,official_observed_reference,625cd7bec5e75ac4699894abe4bbe291564b95ebf072e1a444032a215564c1b4
2024-12-18,ANAYIRANKAL,1188,1207.008,48.968,65.616,1207.008,48.967,100,121.32,42.706,official_observed_reference,625cd7bec5e75ac4699894abe4bbe291564b95ebf072e1a444032a215564c1b4
2024-12-18,PONMUDI,678.8,707.745,47.4,63.516,705.9,41.57,88,0,,official_observed_reference,625cd7bec5e75ac4699894abe4bbe291564b95ebf072e1a444032a215564c1b4
2024-12-18,NERIAMANGALAM,445,456.59,5.557,4.835,452.9,3.2,58,2.784,1.311,official_observed_reference,625cd7bec5e75ac4699894abe4bbe291564b95ebf072e1a444032a215564c1b4
2024-12-18,PORINGAL,405.689,423.976,30.356,10.625,419.6,18.75,62,6.563,6.563,official_observed_reference,625cd7bec5e75ac4699894abe4bbe291564b95ebf072e1a444032a215564c1b4
2024-12-18,SENGULAM (SBR),844.86,847.6,1.614,0.71,846.55,,0,0,,official_observed_reference,625cd7bec5e75ac4699894abe4bbe291564b95ebf072e1a444032a215564c1b4
2024-12-18,LOWER PERIYAR,237.74,253,4.55,2.093,250.9,3.65,80,1.679,1.679,official_observed_reference,625cd7bec5e75ac4699894abe4bbe291564b95ebf072e1a444032a215564c1b4
2024-12-18,KAKKAD,181.36,192.63,1.16,0.358,187.2,,0,0,,official_observed_reference,625cd7bec5e75ac4699894abe4bbe291564b95ebf072e1a444032a215564c1b4
2024-12-19,IDUKKI,694.944,732.43,1460,2190,725.089,1061.35,73,1592.025,1560.185,official_observed_reference,db20dfd7b6500261076d0b747a33a59141a2ec57238252adf4feb47de2071275
2024-12-19,PAMBA,963.168,986.332,31.001,59.46,972.1,8.39,65,594.513,500.748,official_observed_reference,db20dfd7b6500261076d0b747a33a59141a2ec57238252adf4feb47de2071275
2024-12-19,KAKKI,908.304,981.456,446.542,856.467,971.778,301.575,0,0,,official_observed_reference,db20dfd7b6500261076d0b747a33a59141a2ec57238252adf4feb47de2071275
2024-12-19,SHOLAYAR,779.374,811.68,149.23,152.065,809.671,131.323,88,133.818,87.592,official_observed_reference,db20dfd7b6500261076d0b747a33a59141a2ec57238252adf4feb47de2071275
2024-12-19,IDAMALAYAR,115,169,1017.8,254.45,161.93,814.305,80,203.576,203.576,official_observed_reference,db20dfd7b6500261076d0b747a33a59141a2ec57238252adf4feb47de2071275
2024-12-19,KUNDALA,1735.836,1758.696,7.787,22.738,1758.35,7.51,96,156.322,67.615,official_observed_reference,db20dfd7b6500261076d0b747a33a59141a2ec57238252adf4feb47de2071275
2024-12-19,MADUPPATTY,1554.48,1599.59,55.217,161.234,1596.25,46.025,83,0,,official_observed_reference,db20dfd7b6500261076d0b747a33a59141a2ec57238252adf4feb47de2071275
2024-12-19,KUTTIADI,737.616,758.037,33.99,42.827,755.752,28.267,83,209.938,203.273,official_observed_reference,db20dfd7b6500261076d0b747a33a59141a2ec57238252adf4feb47de2071275
2024-12-19,THARIODE,750.5,775.6,201,253.26,770.3,138.35,69,0,,official_observed_reference,db20dfd7b6500261076d0b747a33a59141a2ec57238252adf4feb47de2071275
2024-12-19,ANAYIRANKAL,1188,1207.008,48.968,65.616,1207.08,48.968,100,120.316,42.353,official_observed_reference,db20dfd7b6500261076d0b747a33a59141a2ec57238252adf4feb47de2071275
2024-12-19,PONMUDI,678.8,707.745,47.4,63.516,705.6,40.82,86,0,,official_observed_reference,db20dfd7b6500261076d0b747a33a59141a2ec57238252adf4feb47de2071275
2024-12-19,NERIAMANGALAM,445,456.59,5.557,4.835,452.7,3.1,56,2.697,1.27,official_observed_reference,db20dfd7b6500261076d0b747a33a59141a2ec57238252adf4feb47de2071275
2024-12-19,PORINGAL,405.689,423.976,30.356,10.625,419.45,18.375,61,6.431,6.431,official_observed_reference,db20dfd7b6500261076d0b747a33a59141a2ec57238252adf4feb47de2071275
2024-12-19,SENGULAM (SBR),844.86,847.6,1.614,0.71,846.75,,0,0,,official_observed_reference,db20dfd7b6500261076d0b747a33a59141a2ec57238252adf4feb47de2071275
2024-12-19,LOWER PERIYAR,237.74,253,4.55,2.093,250.9,3.65,80,1.679,1.679,official_observed_reference,db20dfd7b6500261076d0b747a33a59141a2ec57238252adf4feb47de2071275
2024-12-19,KAKKAD,181.36,192.63,1.16,0.358,186.5,,0,0,,official_observed_reference,db20dfd7b6500261076d0b747a33a59141a2ec57238252adf4feb47de2071275
2024-12-20,IDUKKI,694.944,732.43,1460,2190,725.058,1059.932,73,1589.898,1558.1,official_observed_reference,90ea540e04275ecb2b2f2d08cb85f6ea1d3127e4ebb4df711adfc318e43bd565
2024-12-20,PAMBA,963.168,986.332,31.001,59.46,972.05,8.33,65,594.71,500.915,official_observed_reference,90ea540e04275ecb2b2f2d08cb85f6ea1d3127e4ebb4df711adfc318e43bd565
2024-12-20,KAKKI,908.304,981.456,446.542,856.467,971.788,301.738,0,0,,official_observed_reference,90ea540e04275ecb2b2f2d08cb85f6ea1d3127e4ebb4df711adfc318e43bd565
2024-12-20,SHOLAYAR,779.374,811.68,149.23,152.065,809.64,131.068,88,133.558,87.422,official_observed_reference,90ea540e04275ecb2b2f2d08cb85f6ea1d3127e4ebb4df711adfc318e43bd565
2024-12-20,IDAMALAYAR,115,169,1017.8,254.45,161.84,811.74,80,202.935,202.935,official_observed_reference,90ea540e04275ecb2b2f2d08cb85f6ea1d3127e4ebb4df711adfc318e43bd565
2024-12-20,KUNDALA,1735.836,1758.696,7.787,22.738,1758.2,7.39,95,155.972,67.463,official_observed_reference,90ea540e04275ecb2b2f2d08cb85f6ea1d3127e4ebb4df711adfc318e43bd565
2024-12-20,MADUPPATTY,1554.48,1599.59,55.217,161.234,1596.25,46.025,83,0,,official_observed_reference,90ea540e04275ecb2b2f2d08cb85f6ea1d3127e4ebb4df711adfc318e43bd565
2024-12-20,KUTTIADI,737.616,758.037,33.99,42.827,755.661,28.04,82,208.391,201.775,official_observed_reference,90ea540e04275ecb2b2f2d08cb85f6ea1d3127e4ebb4df711adfc318e43bd565
2024-12-20,THARIODE,750.5,775.6,201,253.26,770.2,137.35,68,0,,official_observed_reference,90ea540e04275ecb2b2f2d08cb85f6ea1d3127e4ebb4df711adfc318e43bd565
2024-12-20,ANAYIRANKAL,1188,1207.008,48.968,65.616,1207.07,48.968,100,119.311,41.999,official_observed_reference,90ea540e04275ecb2b2f2d08cb85f6ea1d3127e4ebb4df711adfc318e43bd565
2024-12-20,PONMUDI,678.8,707.745,47.4,63.516,705.3,40.07,85,0,,official_observed_reference,90ea540e04275ecb2b2f2d08cb85f6ea1d3127e4ebb4df711adfc318e43bd565
2024-12-20,NERIAMANGALAM,445,456.59,5.557,4.835,452.6,3.05,55,2.654,1.25,official_observed_reference,90ea540e04275ecb2b2f2d08cb85f6ea1d3127e4ebb4df711adfc318e43bd565
2024-12-20,PORINGAL,405.689,423.976,30.356,10.625,419.15,17.625,58,6.169,6.169,official_observed_reference,90ea540e04275ecb2b2f2d08cb85f6ea1d3127e4ebb4df711adfc318e43bd565
2024-12-20,SENGULAM (SBR),844.86,847.6,1.614,0.71,846.7,,0,0,,official_observed_reference,90ea540e04275ecb2b2f2d08cb85f6ea1d3127e4ebb4df711adfc318e43bd565
2024-12-20,LOWER PERIYAR,237.74,253,4.55,2.093,251,3.69,81,1.697,1.697,official_observed_reference,90ea540e04275ecb2b2f2d08cb85f6ea1d3127e4ebb4df711adfc318e43bd565
2024-12-20,KAKKAD,181.36,192.63,1.16,0.358,186.1,,0,0,,official_observed_reference,90ea540e04275ecb2b2f2d08cb85f6ea1d3127e4ebb4df711adfc318e43bd565
2024-12-21,IDUKKI,694.944,732.43,1460,2190,725.034,1058.797,73,1588.196,1556.432,official_observed_reference,ded70c01fb29c33f500d78098cfbc7f8c7d180e60e5f04ec8ac6f77b1623cc38
2024-12-21,PAMBA,963.168,986.332,31.001,59.46,972,8.27,65,595.219,501.343,official_observed_reference,ded70c01fb29c33f500d78098cfbc7f8c7d180e60e5f04ec8ac6f77b1623cc38
2024-12-21,KAKKI,908.304,981.456,446.542,856.467,971.812,302.063,0,0,,official_observed_reference,ded70c01fb29c33f500d78098cfbc7f8c7d180e60e5f04ec8ac6f77b1623cc38
2024-12-21,SHOLAYAR,779.374,811.68,149.23,152.065,809.579,130.558,87,133.039,87.082,official_observed_reference,ded70c01fb29c33f500d78098cfbc7f8c7d180e60e5f04ec8ac6f77b1623cc38
2024-12-21,IDAMALAYAR,115,169,1017.8,254.45,161.74,808.89,79,202.223,202.223,official_observed_reference,ded70c01fb29c33f500d78098cfbc7f8c7d180e60e5f04ec8ac6f77b1623cc38
2024-12-21,KUNDALA,1735.836,1758.696,7.787,22.738,1758.2,7.39,95,155.972,67.463,official_observed_reference,ded70c01fb29c33f500d78098cfbc7f8c7d180e60e5f04ec8ac6f77b1623cc38
2024-12-21,MADUPPATTY,1554.48,1599.59,55.217,161.234,1596.25,46.025,83,0,,official_observed_reference,ded70c01fb29c33f500d78098cfbc7f8c7d180e60e5f04ec8ac6f77b1623cc38
2024-12-21,KUTTIADI,737.616,758.037,33.99,42.827,755.509,27.659,81,207.155,200.578,official_observed_reference,ded70c01fb29c33f500d78098cfbc7f8c7d180e60e5f04ec8ac6f77b1623cc38
2024-12-21,THARIODE,750.5,775.6,201,253.26,770.15,136.75,68,0,,official_observed_reference,ded70c01fb29c33f500d78098cfbc7f8c7d180e60e5f04ec8ac6f77b1623cc38
2024-12-21,ANAYIRANKAL,1188,1207.008,48.968,65.616,1207.06,48.968,100,118.306,41.645,official_observed_reference,ded70c01fb29c33f500d78098cfbc7f8c7d180e60e5f04ec8ac6f77b1623cc38
2024-12-21,PONMUDI,678.8,707.745,47.4,63.516,705,39.32,83,0,,official_observed_reference,ded70c01fb29c33f500d78098cfbc7f8c7d180e60e5f04ec8ac6f77b1623cc38
2024-12-21,NERIAMANGALAM,445,456.59,5.557,4.835,453.5,3.56,64,3.097,1.459,official_observed_reference,ded70c01fb29c33f500d78098cfbc7f8c7d180e60e5f04ec8ac6f77b1623cc38
2024-12-21,PORINGAL,405.689,423.976,30.356,10.625,419.15,17.625,58,6.169,6.169,official_observed_reference,ded70c01fb29c33f500d78098cfbc7f8c7d180e60e5f04ec8ac6f77b1623cc38
2024-12-21,SENGULAM (SBR),844.86,847.6,1.614,0.71,846.7,,0,0,,official_observed_reference,ded70c01fb29c33f500d78098cfbc7f8c7d180e60e5f04ec8ac6f77b1623cc38
2024-12-21,LOWER PERIYAR,237.74,253,4.55,2.093,251,3.69,81,1.697,1.697,official_observed_reference,ded70c01fb29c33f500d78098cfbc7f8c7d180e60e5f04ec8ac6f77b1623cc38
2024-12-21,KAKKAD,181.36,192.63,1.16,0.358,185.55,,0,0,,official_observed_reference,ded70c01fb29c33f500d78098cfbc7f8c7d180e60e5f04ec8ac6f77b1623cc38
2024-12-22,IDUKKI,694.944,732.43,1460,2190,725.034,1058.797,73,1588.196,1556.432,official_observed_reference,0650ad71deadb9a4b47379a39de345ca5a6fbff3cd7f9e55dccfaed65e5f2c6a
2024-12-22,PAMBA,963.168,986.332,31.001,59.46,972,8.27,65,596.776,502.655,official_observed_reference,0650ad71deadb9a4b47379a39de345ca5a6fbff3cd7f9e55dccfaed65e5f2c6a
2024-12-22,KAKKI,908.304,981.456,446.542,856.467,971.87,302.875,0,0,,official_observed_reference,0650ad71deadb9a4b47379a39de345ca5a6fbff3cd7f9e55dccfaed65e5f2c6a
2024-12-22,SHOLAYAR,779.374,811.68,149.23,152.065,809.549,130.278,87,132.753,86.895,official_observed_reference,0650ad71deadb9a4b47379a39de345ca5a6fbff3cd7f9e55dccfaed65e5f2c6a
2024-12-22,IDAMALAYAR,115,169,1017.8,254.45,161.63,805.755,79,201.439,201.439,official_observed_reference,0650ad71deadb9a4b47379a39de345ca5a6fbff3cd7f9e55dccfaed65e5f2c6a
2024-12-22,KUNDALA,1735.836,1758.696,7.787,22.738,1758.2,7.39,95,154.877,66.99,official_observed_reference,0650ad71deadb9a4b47379a39de345ca5a6fbff3cd7f9e55dccfaed65e5f2c6a
2024-12-22,MADUPPATTY,1554.48,1599.59,55.217,161.234,1596.1,45.65,83,0,,official_observed_reference,0650ad71deadb9a4b47379a39de345ca5a6fbff3cd7f9e55dccfaed65e5f2c6a
2024-12-22,KUTTIADI,737.616,758.037,33.99,42.827,755.6,27.887,82,205.931,199.393,official_observed_reference,0650ad71deadb9a4b47379a39de345ca5a6fbff3cd7f9e55dccfaed65e5f2c6a
2024-12-22,THARIODE,750.5,775.6,201,253.26,770.05,135.55,67,0,,official_observed_reference,0650ad71deadb9a4b47379a39de345ca5a6fbff3cd7f9e55dccfaed65e5f2c6a
2024-12-22,ANAYIRANKAL,1188,1207.008,48.968,65.616,1207.06,48.968,100,116.966,41.174,official_observed_reference,0650ad71deadb9a4b47379a39de345ca5a6fbff3cd7f9e55dccfaed65e5f2c6a
2024-12-22,PONMUDI,678.8,707.745,47.4,63.516,704.6,38.32,81,0,,official_observed_reference,0650ad71deadb9a4b47379a39de345ca5a6fbff3cd7f9e55dccfaed65e5f2c6a
2024-12-22,NERIAMANGALAM,445,456.59,5.557,4.835,453.45,3.53,64,3.071,1.447,official_observed_reference,0650ad71deadb9a4b47379a39de345ca5a6fbff3cd7f9e55dccfaed65e5f2c6a
2024-12-22,PORINGAL,405.689,423.976,30.356,10.625,419.25,17.875,59,6.256,6.256,official_observed_reference,0650ad71deadb9a4b47379a39de345ca5a6fbff3cd7f9e55dccfaed65e5f2c6a
2024-12-22,SENGULAM (SBR),844.86,847.6,1.614,0.71,846.75,,0,0,,official_observed_reference,0650ad71deadb9a4b47379a39de345ca5a6fbff3cd7f9e55dccfaed65e5f2c6a
2024-12-22,LOWER PERIYAR,237.74,253,4.55,2.093,249,,0,0,,official_observed_reference,0650ad71deadb9a4b47379a39de345ca5a6fbff3cd7f9e55dccfaed65e5f2c6a
2024-12-22,KAKKAD,181.36,192.63,1.16,0.358,,,0,0,,official_observed_reference,0650ad71deadb9a4b47379a39de345ca5a6fbff3cd7f9e55dccfaed65e5f2c6a
2024-12-23,IDUKKI,694.944,732.43,1460,2190,725.016,1057.946,72,1586.919,1555.181,official_observed_reference,996f227b7bccdb665aa21dff09c31fef899c508c620130133321d833bc5e91e6
2024-12-23,PAMBA,963.168,986.332,31.001,59.46,972,8.27,65,597.089,502.918,official_observed_reference,996f227b7bccdb665aa21dff09c31fef899c508c620130133321d833bc5e91e6
2024-12-23,KAKKI,908.304,981.456,446.542,856.467,971.885,303.038,0,0,,official_observed_reference,996f227b7bccdb665aa21dff09c31fef899c508c620130133321d833bc5e91e6
2024-12-23,SHOLAYAR,779.374,811.68,149.23,152.065,809.518,130.048,87,132.519,86.742,official_observed_reference,996f227b7bccdb665aa21dff09c31fef899c508c620130133321d833bc5e91e6
2024-12-23,IDAMALAYAR,115,169,1017.8,254.45,161.49,801.765,79,200.441,200.441,official_observed_reference,996f227b7bccdb665aa21dff09c31fef899c508c620130133321d833bc5e91e6
2024-12-23,KUNDALA,1735.836,1758.696,7.787,22.738,1758.2,7.39,95,154.147,66.674,official_observed_reference,996f227b7bccdb665aa21dff09c31fef899c508c620130133321d833bc5e91e6
2024-12-23,MADUPPATTY,1554.48,1599.59,55.217,161.234,1596,45.4,82,0,,official_observed_reference,996f227b7bccdb665aa21dff09c31fef899c508c620130133321d833bc5e91e6
2024-12-23,KUTTIADI,737.616,758.037,33.99,42.827,755.661,28.04,82,204.359,197.871,official_observed_reference,996f227b7bccdb665aa21dff09c31fef899c508c620130133321d833bc5e91e6
2024-12-23,THARIODE,750.5,775.6,201,253.26,769.95,134.15,67,0,,official_observed_reference,996f227b7bccdb665aa21dff09c31fef899c508c620130133321d833bc5e91e6
2024-12-23,ANAYIRANKAL,1188,1207.008,48.968,65.616,1207.05,48.968,100,115.894,40.796,official_observed_reference,996f227b7bccdb665aa21dff09c31fef899c508c620130133321d833bc5e91e6
2024-12-23,PONMUDI,678.8,707.745,47.4,63.516,704.3,37.52,79,0,,official_observed_reference,996f227b7bccdb665aa21dff09c31fef899c508c620130133321d833bc5e91e6
2024-12-23,NERIAMANGALAM,445,456.59,5.557,4.835,452.85,3.175,57,2.762,1.301,official_observed_reference,996f227b7bccdb665aa21dff09c31fef899c508c620130133321d833bc5e91e6
2024-12-23,PORINGAL,405.689,423.976,30.356,10.625,419.1,17.5,58,6.125,6.125,official_observed_reference,996f227b7bccdb665aa21dff09c31fef899c508c620130133321d833bc5e91e6
2024-12-23,SENGULAM (SBR),844.86,847.6,1.614,0.71,846.3,,0,0,,official_observed_reference,996f227b7bccdb665aa21dff09c31fef899c508c620130133321d833bc5e91e6
2024-12-23,LOWER PERIYAR,237.74,253,4.55,2.093,249.9,3.24,71,1.49,1.49,official_observed_reference,996f227b7bccdb665aa21dff09c31fef899c508c620130133321d833bc5e91e6
2024-12-23,KAKKAD,181.36,192.63,1.16,0.358,185.6,,0,0,,official_observed_reference,996f227b7bccdb665aa21dff09c31fef899c508c620130133321d833bc5e91e6
2024-12-24,IDUKKI,694.944,732.43,1460,2190,724.985,1056.527,72,1584.791,1553.095,official_observed_reference,fd58e5b7062ed424636e1bb1d98a3e32c7f564252a4a07a6cc90dd78bf31a04b
2024-12-24,PAMBA,963.168,986.332,31.001,59.46,972,8.27,65,597.712,503.443,official_observed_reference,fd58e5b7062ed424636e1bb1d98a3e32c7f564252a4a07a6cc90dd78bf31a04b
2024-12-24,KAKKI,908.304,981.456,446.542,856.467,971.907,303.363,0,0,,official_observed_reference,fd58e5b7062ed424636e1bb1d98a3e32c7f564252a4a07a6cc90dd78bf31a04b
2024-12-24,SHOLAYAR,779.374,811.68,149.23,152.065,809.457,129.539,87,132,86.402,official_observed_reference,fd58e5b7062ed424636e1bb1d98a3e32c7f564252a4a07a6cc90dd78bf31a04b
2024-12-24,IDAMALAYAR,115,169,1017.8,254.45,161.34,797.52,78,199.38,199.38,official_observed_reference,fd58e5b7062ed424636e1bb1d98a3e32c7f564252a4a07a6cc90dd78bf31a04b
2024-12-24,KUNDALA,1735.836,1758.696,7.787,22.738,1758.2,7.39,95,153.417,66.358,official_observed_reference,fd58e5b7062ed424636e1bb1d98a3e32c7f564252a4a07a6cc90dd78bf31a04b
2024-12-24,MADUPPATTY,1554.48,1599.59,55.217,161.234,1595.9,45.15,82,0,,official_observed_reference,fd58e5b7062ed424636e1bb1d98a3e32c7f564252a4a07a6cc90dd78bf31a04b
2024-12-24,KUTTIADI,737.616,758.037,33.99,42.827,755.752,28.267,83,204.142,197.661,official_observed_reference,fd58e5b7062ed424636e1bb1d98a3e32c7f564252a4a07a6cc90dd78bf31a04b
2024-12-24,THARIODE,750.5,775.6,201,253.26,769.9,133.75,67,0,,official_observed_reference,fd58e5b7062ed424636e1bb1d98a3e32c7f564252a4a07a6cc90dd78bf31a04b
2024-12-24,ANAYIRANKAL,1188,1207.008,48.968,65.616,1207.04,48.968,100,114.621,40.348,official_observed_reference,fd58e5b7062ed424636e1bb1d98a3e32c7f564252a4a07a6cc90dd78bf31a04b
2024-12-24,PONMUDI,678.8,707.745,47.4,63.516,703.9,36.57,77,0,,official_observed_reference,fd58e5b7062ed424636e1bb1d98a3e32c7f564252a4a07a6cc90dd78bf31a04b
2024-12-24,NERIAMANGALAM,445,456.59,5.557,4.835,453.6,3.62,65,3.149,1.483,official_observed_reference,fd58e5b7062ed424636e1bb1d98a3e32c7f564252a4a07a6cc90dd78bf31a04b
2024-12-24,PORINGAL,405.689,423.976,30.356,10.625,419.2,17.75,58,6.213,6.213,official_observed_reference,fd58e5b7062ed424636e1bb1d98a3e32c7f564252a4a07a6cc90dd78bf31a04b
2024-12-24,SENGULAM (SBR),844.86,847.6,1.614,0.71,846.65,,0,0,,official_observed_reference,fd58e5b7062ed424636e1bb1d98a3e32c7f564252a4a07a6cc90dd78bf31a04b
2024-12-24,LOWER PERIYAR,237.74,253,4.55,2.093,250.8,3.6,79,1.656,1.656,official_observed_reference,fd58e5b7062ed424636e1bb1d98a3e32c7f564252a4a07a6cc90dd78bf31a04b
2024-12-24,KAKKAD,181.36,192.63,1.16,0.358,186.05,,0,0,,official_observed_reference,fd58e5b7062ed424636e1bb1d98a3e32c7f564252a4a07a6cc90dd78bf31a04b
2024-12-25,IDUKKI,694.944,732.43,1460,2190,724.979,1056.243,72,1584.365,1552.677,official_observed_reference,80bce9119dc3e438ab72515a86e88062c617181b10bdc84f7c9d7b9c745775e0
2024-12-25,PAMBA,963.168,986.332,31.001,59.46,972,8.27,65,598.023,503.705,official_observed_reference,80bce9119dc3e438ab72515a86e88062c617181b10bdc84f7c9d7b9c745775e0
2024-12-25,KAKKI,908.304,981.456,446.542,856.467,971.927,303.525,0,0,,official_observed_reference,80bce9119dc3e438ab72515a86e88062c617181b10bdc84f7c9d7b9c745775e0
2024-12-25,SHOLAYAR,779.374,811.68,149.23,152.065,809.427,129.284,87,131.74,86.232,official_observed_reference,80bce9119dc3e438ab72515a86e88062c617181b10bdc84f7c9d7b9c745775e0
2024-12-25,IDAMALAYAR,115,169,1017.8,254.45,161.23,794.44,78,198.61,198.61,official_observed_reference,80bce9119dc3e438ab72515a86e88062c617181b10bdc84f7c9d7b9c745775e0
2024-12-25,KUNDALA,1735.836,1758.696,7.787,22.738,1758.2,7.39,95,153.417,66.358,official_observed_reference,80bce9119dc3e438ab72515a86e88062c617181b10bdc84f7c9d7b9c745775e0
2024-12-25,MADUPPATTY,1554.48,1599.59,55.217,161.234,1595.85,45.15,82,0,,official_observed_reference,80bce9119dc3e438ab72515a86e88062c617181b10bdc84f7c9d7b9c745775e0
2024-12-25,KUTTIADI,737.616,758.037,33.99,42.827,755.904,28.647,84,203.36,196.905,official_observed_reference,80bce9119dc3e438ab72515a86e88062c617181b10bdc84f7c9d7b9c745775e0
2024-12-25,THARIODE,750.5,775.6,201,253.26,769.8,132.75,66,0,,official_observed_reference,80bce9119dc3e438ab72515a86e88062c617181b10bdc84f7c9d7b9c745775e0
2024-12-25,ANAYIRANKAL,1188,1207.008,48.968,65.616,1207.04,48.968,100,113.777,40.051,official_observed_reference,80bce9119dc3e438ab72515a86e88062c617181b10bdc84f7c9d7b9c745775e0
2024-12-25,PONMUDI,678.8,707.745,47.4,63.516,703.65,35.94,76,0,,official_observed_reference,80bce9119dc3e438ab72515a86e88062c617181b10bdc84f7c9d7b9c745775e0
2024-12-25,NERIAMANGALAM,445,456.59,5.557,4.835,453.6,3.62,65,3.149,1.483,official_observed_reference,80bce9119dc3e438ab72515a86e88062c617181b10bdc84f7c9d7b9c745775e0
2024-12-25,PORINGAL,405.689,423.976,30.356,10.625,419.25,17.875,59,6.256,6.256,official_observed_reference,80bce9119dc3e438ab72515a86e88062c617181b10bdc84f7c9d7b9c745775e0
2024-12-25,SENGULAM (SBR),844.86,847.6,1.614,0.71,846.6,,0,0,,official_observed_reference,80bce9119dc3e438ab72515a86e88062c617181b10bdc84f7c9d7b9c745775e0
2024-12-25,LOWER PERIYAR,237.74,253,4.55,2.093,250.2,3.36,74,1.546,1.546,official_observed_reference,80bce9119dc3e438ab72515a86e88062c617181b10bdc84f7c9d7b9c745775e0
2024-12-25,KAKKAD,181.36,192.63,1.16,0.358,185.6,,0,0,,official_observed_reference,80bce9119dc3e438ab72515a86e88062c617181b10bdc84f7c9d7b9c745775e0
2024-12-26,IDUKKI,694.944,732.43,1460,2190,724.949,1054.825,72,1582.238,1550.593,official_observed_reference,bc637c493f7fef5fc5f40af7d7d1dc1e148e2aae52ef7db3419432f0e1f3eb40
2024-12-26,PAMBA,963.168,986.332,31.001,59.46,972,8.27,65,598.24,503.887,official_observed_reference,bc637c493f7fef5fc5f40af7d7d1dc1e148e2aae52ef7db3419432f0e1f3eb40
2024-12-26,KAKKI,908.304,981.456,446.542,856.467,971.937,303.638,0,0,,official_observed_reference,bc637c493f7fef5fc5f40af7d7d1dc1e148e2aae52ef7db3419432f0e1f3eb40
2024-12-26,SHOLAYAR,779.374,811.68,149.23,152.065,809.335,128.477,86,130.918,85.694,official_observed_reference,bc637c493f7fef5fc5f40af7d7d1dc1e148e2aae52ef7db3419432f0e1f3eb40
2024-12-26,IDAMALAYAR,115,169,1017.8,254.45,161.1,790.8,78,197.7,197.7,official_observed_reference,bc637c493f7fef5fc5f40af7d7d1dc1e148e2aae52ef7db3419432f0e1f3eb40
2024-12-26,KUNDALA,1735.836,1758.696,7.787,22.738,1758.15,7.355,94,153.315,66.314,official_observed_reference,bc637c493f7fef5fc5f40af7d7d1dc1e148e2aae52ef7db3419432f0e1f3eb40
2024-12-26,MADUPPATTY,1554.48,1599.59,55.217,161.234,1595.9,45.15,82,0,,official_observed_reference,bc637c493f7fef5fc5f40af7d7d1dc1e148e2aae52ef7db3419432f0e1f3eb40
2024-12-26,KUTTIADI,737.616,758.037,33.99,42.827,756.118,29.181,86,203.403,196.946,official_observed_reference,bc637c493f7fef5fc5f40af7d7d1dc1e148e2aae52ef7db3419432f0e1f3eb40
2024-12-26,THARIODE,750.5,775.6,201,253.26,769.75,132.25,66,0,,official_observed_reference,bc637c493f7fef5fc5f40af7d7d1dc1e148e2aae52ef7db3419432f0e1f3eb40
2024-12-26,ANAYIRANKAL,1188,1207.008,48.968,65.616,1207.03,48.968,100,112.879,39.735,official_observed_reference,bc637c493f7fef5fc5f40af7d7d1dc1e148e2aae52ef7db3419432f0e1f3eb40
2024-12-26,PONMUDI,678.8,707.745,47.4,63.516,703.35,35.27,74,0,,official_observed_reference,bc637c493f7fef5fc5f40af7d7d1dc1e148e2aae52ef7db3419432f0e1f3eb40
2024-12-26,NERIAMANGALAM,445,456.59,5.557,4.835,452,2.75,49,2.393,1.127,official_observed_reference,bc637c493f7fef5fc5f40af7d7d1dc1e148e2aae52ef7db3419432f0e1f3eb40
2024-12-26,PORINGAL,405.689,423.976,30.356,10.625,419.4,18.25,60,6.388,6.388,official_observed_reference,bc637c493f7fef5fc5f40af7d7d1dc1e148e2aae52ef7db3419432f0e1f3eb40
2024-12-26,SENGULAM (SBR),844.86,847.6,1.614,0.71,846.1,,0,0,,official_observed_reference,bc637c493f7fef5fc5f40af7d7d1dc1e148e2aae52ef7db3419432f0e1f3eb40
2024-12-26,LOWER PERIYAR,237.74,253,4.55,2.093,249.8,3.2,70,1.472,1.472,official_observed_reference,bc637c493f7fef5fc5f40af7d7d1dc1e148e2aae52ef7db3419432f0e1f3eb40
2024-12-26,KAKKAD,181.36,192.63,1.16,0.358,185.9,,0,0,,official_observed_reference,bc637c493f7fef5fc5f40af7d7d1dc1e148e2aae52ef7db3419432f0e1f3eb40
2024-12-27,IDUKKI,694.944,732.43,1460,2190,724.918,1053.406,72,1580.109,1548.507,official_observed_reference,ef445145d25a3414c413482c3d6923c5972f401a932b4173cec134d508bf342b
2024-12-27,PAMBA,963.168,986.332,31.001,59.46,972,8.27,65,597.712,503.443,official_observed_reference,ef445145d25a3414c413482c3d6923c5972f401a932b4173cec134d508bf342b
2024-12-27,KAKKI,908.304,981.456,446.542,856.467,971.912,303.363,0,0,,official_observed_reference,ef445145d25a3414c413482c3d6923c5972f401a932b4173cec134d508bf342b
2024-12-27,SHOLAYAR,779.374,811.68,149.23,152.065,809.275,127.967,86,130.398,85.354,official_observed_reference,ef445145d25a3414c413482c3d6923c5972f401a932b4173cec134d508bf342b
2024-12-27,IDAMALAYAR,115,169,1017.8,254.45,160.97,787.16,77,196.79,196.79,official_observed_reference,ef445145d25a3414c413482c3d6923c5972f401a932b4173cec134d508bf342b
2024-12-27,KUNDALA,1735.836,1758.696,7.787,22.738,1758.15,7.355,94,153.68,66.472,official_observed_reference,ef445145d25a3414c413482c3d6923c5972f401a932b4173cec134d508bf342b
2024-12-27,MADUPPATTY,1554.48,1599.59,55.217,161.234,1595.95,45.275,82,0,,official_observed_reference,ef445145d25a3414c413482c3d6923c5972f401a932b4173cec134d508bf342b
2024-12-27,KUTTIADI,737.616,758.037,33.99,42.827,755.994,28.876,85,202.389,195.964,official_observed_reference,ef445145d25a3414c413482c3d6923c5972f401a932b4173cec134d508bf342b
2024-12-27,THARIODE,750.5,775.6,201,253.26,769.7,131.75,66,0,,official_observed_reference,ef445145d25a3414c413482c3d6923c5972f401a932b4173cec134d508bf342b
2024-12-27,ANAYIRANKAL,1188,1207.008,48.968,65.616,1207.04,48.968,100,114.447,40.287,official_observed_reference,ef445145d25a3414c413482c3d6923c5972f401a932b4173cec134d508bf342b
2024-12-27,PONMUDI,678.8,707.745,47.4,63.516,703.85,36.44,77,0,,official_observed_reference,ef445145d25a3414c413482c3d6923c5972f401a932b4173cec134d508bf342b
2024-12-27,NERIAMANGALAM,445,456.59,5.557,4.835,445,,0,0,,official_observed_reference,ef445145d25a3414c413482c3d6923c5972f401a932b4173cec134d508bf342b
2024-12-27,PORINGAL,405.689,423.976,30.356,10.625,419.3,18,59,6.3,6.3,official_observed_reference,ef445145d25a3414c413482c3d6923c5972f401a932b4173cec134d508bf342b
2024-12-27,SENGULAM (SBR),844.86,847.6,1.614,0.71,846.15,,0,0,,official_observed_reference,ef445145d25a3414c413482c3d6923c5972f401a932b4173cec134d508bf342b
2024-12-27,LOWER PERIYAR,237.74,253,4.55,2.093,250.8,3.6,79,1.656,1.656,official_observed_reference,ef445145d25a3414c413482c3d6923c5972f401a932b4173cec134d508bf342b
2024-12-27,KAKKAD,181.36,192.63,1.16,0.358,185.35,,0,0,,official_observed_reference,ef445145d25a3414c413482c3d6923c5972f401a932b4173cec134d508bf342b
2024-12-28,IDUKKI,694.944,732.43,1460,2190,724.918,1053.406,72,1580.109,1548.507,official_observed_reference,d09fc73389f4317b8503a37f18900665346cb209cc737bf3a47a1832e4f39c13
2024-12-28,PAMBA,963.168,986.332,31.001,59.46,972,8.27,65,598.023,503.705,official_observed_reference,d09fc73389f4317b8503a37f18900665346cb209cc737bf3a47a1832e4f39c13
2024-12-28,KAKKI,908.304,981.456,446.542,856.467,971.92,303.525,0,0,,official_observed_reference,d09fc73389f4317b8503a37f18900665346cb209cc737bf3a47a1832e4f39c13
2024-12-28,SHOLAYAR,779.374,811.68,149.23,152.065,809.244,127.698,86,130.124,85.174,official_observed_reference,d09fc73389f4317b8503a37f18900665346cb209cc737bf3a47a1832e4f39c13
2024-12-28,IDAMALAYAR,115,169,1017.8,254.45,160.88,784.64,77,196.16,196.16,official_observed_reference,d09fc73389f4317b8503a37f18900665346cb209cc737bf3a47a1832e4f39c13
2024-12-28,KUNDALA,1735.836,1758.696,7.787,22.738,1758.15,7.355,94,153.68,66.472,official_observed_reference,d09fc73389f4317b8503a37f18900665346cb209cc737bf3a47a1832e4f39c13
2024-12-28,MADUPPATTY,1554.48,1599.59,55.217,161.234,1595.96,45.275,82,0,,official_observed_reference,d09fc73389f4317b8503a37f18900665346cb209cc737bf3a47a1832e4f39c13
2024-12-28,KUTTIADI,737.616,758.037,33.99,42.827,756.209,29.41,87,202.179,195.761,official_observed_reference,d09fc73389f4317b8503a37f18900665346cb209cc737bf3a47a1832e4f39c13
2024-12-28,THARIODE,750.5,775.6,201,253.26,769.65,131.05,65,0,,official_observed_reference,d09fc73389f4317b8503a37f18900665346cb209cc737bf3a47a1832e4f39c13
2024-12-28,ANAYIRANKAL,1188,1207.008,48.968,65.616,1207.03,48.968,100,115.787,40.759,official_observed_reference,d09fc73389f4317b8503a37f18900665346cb209cc737bf3a47a1832e4f39c13
2024-12-28,PONMUDI,678.8,707.745,47.4,63.516,704.25,37.44,79,0,,official_observed_reference,d09fc73389f4317b8503a37f18900665346cb209cc737bf3a47a1832e4f39c13
2024-12-28,NERIAMANGALAM,445,456.59,5.557,4.835,445,,0,0,,official_observed_reference,d09fc73389f4317b8503a37f18900665346cb209cc737bf3a47a1832e4f39c13
2024-12-28,PORINGAL,405.689,423.976,30.356,10.625,419.4,18.25,60,6.388,6.388,official_observed_reference,d09fc73389f4317b8503a37f18900665346cb209cc737bf3a47a1832e4f39c13
2024-12-28,SENGULAM (SBR),844.86,847.6,1.614,0.71,846.2,,0,0,,official_observed_reference,d09fc73389f4317b8503a37f18900665346cb209cc737bf3a47a1832e4f39c13
2024-12-28,LOWER PERIYAR,237.74,253,4.55,2.093,239.5,,0,0,,official_observed_reference,d09fc73389f4317b8503a37f18900665346cb209cc737bf3a47a1832e4f39c13
2024-12-28,KAKKAD,181.36,192.63,1.16,0.358,185.6,,0,0,,official_observed_reference,d09fc73389f4317b8503a37f18900665346cb209cc737bf3a47a1832e4f39c13
2024-12-29,IDUKKI,694.944,732.43,1460,2190,724.9,1052.555,72,1578.833,1547.256,official_observed_reference,84f872f4e437c4930324bba559aa368bc00f59fec731413c064acf6b9342c057
2024-12-29,PAMBA,963.168,986.332,31.001,59.46,972,8.27,65,597.712,503.443,official_observed_reference,84f872f4e437c4930324bba559aa368bc00f59fec731413c064acf6b9342c057
2024-12-29,KAKKI,908.304,981.456,446.542,856.467,971.918,303.363,0,0,,official_observed_reference,84f872f4e437c4930324bba559aa368bc00f59fec731413c064acf6b9342c057
2024-12-29,SHOLAYAR,779.374,811.68,149.23,152.065,809.244,127.698,86,130.124,85.174,official_observed_reference,84f872f4e437c4930324bba559aa368bc00f59fec731413c064acf6b9342c057
2024-12-29,IDAMALAYAR,115,169,1017.8,254.45,160.77,781.56,77,195.39,195.39,official_observed_reference,84f872f4e437c4930324bba559aa368bc00f59fec731413c064acf6b9342c057
2024-12-29,KUNDALA,1735.836,1758.696,7.787,22.738,1758.15,7.355,94,154.41,66.787,official_observed_reference,84f872f4e437c4930324bba559aa368bc00f59fec731413c064acf6b9342c057
2024-12-29,MADUPPATTY,1554.48,1599.59,55.217,161.234,1596.05,45.525,82,0,,official_observed_reference,84f872f4e437c4930324bba559aa368bc00f59fec731413c064acf6b9342c057
2024-12-29,KUTTIADI,737.616,758.037,33.99,42.827,756.301,29.639,87,201.208,194.82,official_observed_reference,84f872f4e437c4930324bba559aa368bc00f59fec731413c064acf6b9342c057
2024-12-29,THARIODE,750.5,775.6,201,253.26,769.55,130.05,65,0,,official_observed_reference,84f872f4e437c4930324bba559aa368bc00f59fec731413c064acf6b9342c057
2024-12-29,ANAYIRANKAL,1188,1207.008,48.968,65.616,1207.02,48.968,100,117.127,41.23,official_observed_reference,84f872f4e437c4930324bba559aa368bc00f59fec731413c064acf6b9342c057
2024-12-29,PONMUDI,678.8,707.745,47.4,63.516,704.65,38.44,81,0,,official_observed_reference,84f872f4e437c4930324bba559aa368bc00f59fec731413c064acf6b9342c057
2024-12-29,NERIAMANGALAM,445,456.59,5.557,4.835,445,0.96,17,0.835,0.393,official_observed_reference,84f872f4e437c4930324bba559aa368bc00f59fec731413c064acf6b9342c057
2024-12-29,PORINGAL,405.689,423.976,30.356,10.625,419.4,18.25,60,6.388,6.388,official_observed_reference,84f872f4e437c4930324bba559aa368bc00f59fec731413c064acf6b9342c057
2024-12-29,SENGULAM (SBR),844.86,847.6,1.614,0.71,844.86,,0,0,,official_observed_reference,84f872f4e437c4930324bba559aa368bc00f59fec731413c064acf6b9342c057
2024-12-29,LOWER PERIYAR,237.74,253,4.55,2.093,242.9,1.06,23,0.488,0.488,official_observed_reference,84f872f4e437c4930324bba559aa368bc00f59fec731413c064acf6b9342c057
2024-12-29,KAKKAD,181.36,192.63,1.16,0.358,184.3,,0,0,,official_observed_reference,84f872f4e437c4930324bba559aa368bc00f59fec731413c064acf6b9342c057
2024-12-30,IDUKKI,694.944,732.43,1460,2190,724.869,1051.136,72,1576.704,1545.17,official_observed_reference,6fa3c6db6ff8cfe23c5d3872ac60bbc46e95295da79ff30ff9d06d96a9c17a35
2024-12-30,PAMBA,963.168,986.332,31.001,59.46,971.95,8.21,65,596.35,502.296,official_observed_reference,6fa3c6db6ff8cfe23c5d3872ac60bbc46e95295da79ff30ff9d06d96a9c17a35
2024-12-30,KAKKI,908.304,981.456,446.542,856.467,971.86,302.713,0,0,,official_observed_reference,6fa3c6db6ff8cfe23c5d3872ac60bbc46e95295da79ff30ff9d06d96a9c17a35
2024-12-30,SHOLAYAR,779.374,811.68,149.23,152.065,809.244,127.698,86,130.124,85.174,official_observed_reference,6fa3c6db6ff8cfe23c5d3872ac60bbc46e95295da79ff30ff9d06d96a9c17a35
2024-12-30,IDAMALAYAR,115,169,1017.8,254.45,160.61,777.08,76,194.27,194.27,official_observed_reference,6fa3c6db6ff8cfe23c5d3872ac60bbc46e95295da79ff30ff9d06d96a9c17a35
2024-12-30,KUNDALA,1735.836,1758.696,7.787,22.738,1758.15,7.355,94,154.775,66.945,official_observed_reference,6fa3c6db6ff8cfe23c5d3872ac60bbc46e95295da79ff30ff9d06d96a9c17a35
2024-12-30,MADUPPATTY,1554.48,1599.59,55.217,161.234,1596.1,45.65,83,0,,official_observed_reference,6fa3c6db6ff8cfe23c5d3872ac60bbc46e95295da79ff30ff9d06d96a9c17a35
2024-12-30,KUTTIADI,737.616,758.037,33.99,42.827,756.148,29.257,86,199.971,193.623,official_observed_reference,6fa3c6db6ff8cfe23c5d3872ac60bbc46e95295da79ff30ff9d06d96a9c17a35
2024-12-30,THARIODE,750.5,775.6,201,253.26,769.5,129.45,64,0,,official_observed_reference,6fa3c6db6ff8cfe23c5d3872ac60bbc46e95295da79ff30ff9d06d96a9c17a35
2024-12-30,ANAYIRANKAL,1188,1207.008,48.968,65.616,1207.02,48.968,100,118.306,41.645,official_observed_reference,6fa3c6db6ff8cfe23c5d3872ac60bbc46e95295da79ff30ff9d06d96a9c17a35
2024-12-30,PONMUDI,678.8,707.745,47.4,63.516,705,39.32,83,0,,official_observed_reference,6fa3c6db6ff8cfe23c5d3872ac60bbc46e95295da79ff30ff9d06d96a9c17a35
2024-12-30,NERIAMANGALAM,445,456.59,5.557,4.835,445,0.96,17,0.835,0.393,official_observed_reference,6fa3c6db6ff8cfe23c5d3872ac60bbc46e95295da79ff30ff9d06d96a9c17a35
2024-12-30,PORINGAL,405.689,423.976,30.356,10.625,419.15,17.625,58,6.169,6.169,official_observed_reference,6fa3c6db6ff8cfe23c5d3872ac60bbc46e95295da79ff30ff9d06d96a9c17a35
2024-12-30,SENGULAM (SBR),844.86,847.6,1.614,0.71,846.3,,0,0,,official_observed_reference,6fa3c6db6ff8cfe23c5d3872ac60bbc46e95295da79ff30ff9d06d96a9c17a35
2024-12-30,LOWER PERIYAR,237.74,253,4.55,2.093,245.4,1.73,38,0.796,0.796,official_observed_reference,6fa3c6db6ff8cfe23c5d3872ac60bbc46e95295da79ff30ff9d06d96a9c17a35
2024-12-30,KAKKAD,181.36,192.63,1.16,0.358,184.3,,0,0,,official_observed_reference,6fa3c6db6ff8cfe23c5d3872ac60bbc46e95295da79ff30ff9d06d96a9c17a35
2024-12-31,IDUKKI,694.944,732.43,1460,2190,724.827,1049.15,72,1573.725,1542.251,official_observed_reference,46e5a9f2420026454024b3f6cc730107c1a861057bb8f52587e947ea6d37e4ea
2024-12-31,PAMBA,963.168,986.332,31.001,59.46,971.9,8.15,65,595.923,501.936,official_observed_reference,46e5a9f2420026454024b3f6cc730107c1a861057bb8f52587e947ea6d37e4ea
2024-12-31,KAKKI,908.304,981.456,446.542,856.467,971.845,302.55,0,0,,official_observed_reference,46e5a9f2420026454024b3f6cc730107c1a861057bb8f52587e947ea6d37e4ea
2024-12-31,SHOLAYAR,779.374,811.68,149.23,152.065,809.153,126.882,85,129.293,84.63,official_observed_reference,46e5a9f2420026454024b3f6cc730107c1a861057bb8f52587e947ea6d37e4ea
2024-12-31,IDAMALAYAR,115,169,1017.8,254.45,160.46,772.88,76,193.22,193.22,official_observed_reference,46e5a9f2420026454024b3f6cc730107c1a861057bb8f52587e947ea6d37e4ea
2024-12-31,KUNDALA,1735.836,1758.696,7.787,22.738,1758.15,7.355,94,154.775,66.945,official_observed_reference,46e5a9f2420026454024b3f6cc730107c1a861057bb8f52587e947ea6d37e4ea
2024-12-31,MADUPPATTY,1554.48,1599.59,55.217,161.234,1596.1,45.65,83,0,,official_observed_reference,46e5a9f2420026454024b3f6cc730107c1a861057bb8f52587e947ea6d37e4ea
2024-12-31,KUTTIADI,737.616,758.037,33.99,42.827,755.994,28.876,85,198.105,191.816,official_observed_reference,46e5a9f2420026454024b3f6cc730107c1a861057bb8f52587e947ea6d37e4ea
2024-12-31,THARIODE,750.5,775.6,201,253.26,769.4,128.35,64,0,,official_observed_reference,46e5a9f2420026454024b3f6cc730107c1a861057bb8f52587e947ea6d37e4ea
2024-12-31,ANAYIRANKAL,1188,1207.008,48.968,65.616,1207.02,48.968,100,119.646,42.117,official_observed_reference,46e5a9f2420026454024b3f6cc730107c1a861057bb8f52587e947ea6d37e4ea
2024-12-31,PONMUDI,678.8,707.745,47.4,63.516,705.4,40.32,85,0,,official_observed_reference,46e5a9f2420026454024b3f6cc730107c1a861057bb8f52587e947ea6d37e4ea
2024-12-31,NERIAMANGALAM,445,456.59,5.557,4.835,445,0.96,17,0.835,0.393,official_observed_reference,46e5a9f2420026454024b3f6cc730107c1a861057bb8f52587e947ea6d37e4ea
2024-12-31,PORINGAL,405.689,423.976,30.356,10.625,418.95,17.125,56,5.994,5.994,official_observed_reference,46e5a9f2420026454024b3f6cc730107c1a861057bb8f52587e947ea6d37e4ea
2024-12-31,SENGULAM (SBR),844.86,847.6,1.614,0.71,846.35,,0,0,,official_observed_reference,46e5a9f2420026454024b3f6cc730107c1a861057bb8f52587e947ea6d37e4ea
2024-12-31,LOWER PERIYAR,237.74,253,4.55,2.093,247.5,2.36,52,1.086,1.086,official_observed_reference,46e5a9f2420026454024b3f6cc730107c1a861057bb8f52587e947ea6d37e4ea
2024-12-31,KAKKAD,181.36,192.63,1.16,0.358,185.3,,0,0,,official_observed_reference,46e5a9f2420026454024b3f6cc730107c1a861057bb8f52587e947ea6d37e4ea
2025-01-01,IDUKKI,694.944,732.43,1460,2190,724.796,1047.73,72,1571.595,1540.163,official_observed_reference,dc038133084088bd74d777a8cf6bc26aaba0aebd39f788ae9b731b48b2b796d8
2025-01-01,PAMBA,963.168,986.332,31.001,59.46,971.9,8.15,65,595.574,501.642,official_observed_reference,dc038133084088bd74d777a8cf6bc26aaba0aebd39f788ae9b731b48b2b796d8
2025-01-01,KAKKI,908.304,981.456,446.542,856.467,971.839,302.368,0,0,,official_observed_reference,dc038133084088bd74d777a8cf6bc26aaba0aebd39f788ae9b731b48b2b796d8
2025-01-01,SHOLAYAR,779.374,811.68,149.23,152.065,809.122,126.678,85,129.085,84.494,official_observed_reference,dc038133084088bd74d777a8cf6bc26aaba0aebd39f788ae9b731b48b2b796d8
2025-01-01,IDAMALAYAR,115,169,1017.8,254.45,160.35,769.8,76,192.45,192.45,official_observed_reference,dc038133084088bd74d777a8cf6bc26aaba0aebd39f788ae9b731b48b2b796d8
2025-01-01,KUNDALA,1735.836,1758.696,7.787,22.738,1758.15,7.355,94,155.14,67.103,official_observed_reference,dc038133084088bd74d777a8cf6bc26aaba0aebd39f788ae9b731b48b2b796d8
2025-01-01,MADUPPATTY,1554.48,1599.59,55.217,161.234,1596.15,45.775,83,0,,official_observed_reference,dc038133084088bd74d777a8cf6bc26aaba0aebd39f788ae9b731b48b2b796d8
2025-01-01,KUTTIADI,737.616,758.037,33.99,42.827,756.057,29.029,85,196.911,190.66,official_observed_reference,dc038133084088bd74d777a8cf6bc26aaba0aebd39f788ae9b731b48b2b796d8
2025-01-01,THARIODE,750.5,775.6,201,253.26,769.3,127.25,63,0,,official_observed_reference,dc038133084088bd74d777a8cf6bc26aaba0aebd39f788ae9b731b48b2b796d8
2025-01-01,ANAYIRANKAL,1188,1207.008,48.968,65.616,1207.02,48.968,100,120.651,42.471,official_observed_reference,dc038133084088bd74d777a8cf6bc26aaba0aebd39f788ae9b731b48b2b796d8
2025-01-01,PONMUDI,678.8,707.745,47.4,63.516,705.7,41.07,87,0,,official_observed_reference,dc038133084088bd74d777a8cf6bc26aaba0aebd39f788ae9b731b48b2b796d8
2025-01-01,NERIAMANGALAM,445,456.59,5.557,4.835,445,0.96,0,0.835,0.393,official_observed_reference,dc038133084088bd74d777a8cf6bc26aaba0aebd39f788ae9b731b48b2b796d8
2025-01-01,PORINGAL,405.689,423.976,30.356,10.625,418.8,16.75,55,5.863,5.863,official_observed_reference,dc038133084088bd74d777a8cf6bc26aaba0aebd39f788ae9b731b48b2b796d8
2025-01-01,SENGULAM (SBR),844.86,847.6,1.614,0.71,846.35,,0,0,,official_observed_reference,dc038133084088bd74d777a8cf6bc26aaba0aebd39f788ae9b731b48b2b796d8
2025-01-01,LOWER PERIYAR,237.74,253,4.55,2.093,249.2,2.95,65,1.357,1.357,official_observed_reference,dc038133084088bd74d777a8cf6bc26aaba0aebd39f788ae9b731b48b2b796d8
2025-01-01,KAKKAD,181.36,192.63,1.16,0.358,186.4,,0,0,,official_observed_reference,dc038133084088bd74d777a8cf6bc26aaba0aebd39f788ae9b731b48b2b796d8
2025-01-02,IDUKKI,694.944,732.43,1460,2190,724.741,1045.171,72,1567.757,1536.401,official_observed_reference,dd9af71a8e6cf82b2644590dea8b3cbded79436163fb415466b8a4bc878a8484
2025-01-02,PAMBA,963.168,986.332,31.001,59.46,971.85,8.09,65,594.561,500.789,official_observed_reference,dd9af71a8e6cf82b2644590dea8b3cbded79436163fb415466b8a4bc878a8484
2025-01-02,KAKKI,908.304,981.456,446.542,856.467,971.79,301.9,0,0,,official_observed_reference,dd9af71a8e6cf82b2644590dea8b3cbded79436163fb415466b8a4bc878a8484
2025-01-02,SHOLAYAR,779.374,811.68,149.23,152.065,809.061,126.169,85,128.566,84.154,official_observed_reference,dd9af71a8e6cf82b2644590dea8b3cbded79436163fb415466b8a4bc878a8484
2025-01-02,IDAMALAYAR,115,169,1017.8,254.45,160.19,765.32,75,191.33,191.33,official_observed_reference,dd9af71a8e6cf82b2644590dea8b3cbded79436163fb415466b8a4bc878a8484
2025-01-02,KUNDALA,1735.836,1758.696,7.787,22.738,1758.15,7.355,94,155.505,67.261,official_observed_reference,dd9af71a8e6cf82b2644590dea8b3cbded79436163fb415466b8a4bc878a8484
2025-01-02,MADUPPATTY,1554.48,1599.59,55.217,161.234,1596.2,45.9,83,0,,official_observed_reference,dd9af71a8e6cf82b2644590dea8b3cbded79436163fb415466b8a4bc878a8484
2025-01-02,KUTTIADI,737.616,758.037,33.99,42.827,756.179,29.334,86,196.161,189.934,official_observed_reference,dd9af71a8e6cf82b2644590dea8b3cbded79436163fb415466b8a4bc878a8484
2025-01-02,THARIODE,750.5,775.6,201,253.26,769.2,126.35,63,0,,official_observed_reference,dd9af71a8e6cf82b2644590dea8b3cbded79436163fb415466b8a4bc878a8484
2025-01-02,ANAYIRANKAL,1188,1207.008,48.968,65.616,1207.02,48.968,100,121.817,42.881,official_observed_reference,dd9af71a8e6cf82b2644590dea8b3cbded79436163fb415466b8a4bc878a8484
2025-01-02,PONMUDI,678.8,707.745,47.4,63.516,706.05,41.94,88,0,,official_observed_reference,dd9af71a8e6cf82b2644590dea8b3cbded79436163fb415466b8a4bc878a8484
2025-01-02,NERIAMANGALAM,445,456.59,5.557,4.835,445,,0,0,,official_observed_reference,dd9af71a8e6cf82b2644590dea8b3cbded79436163fb415466b8a4bc878a8484
2025-01-02,PORINGAL,405.689,423.976,30.356,10.625,418.75,16.625,55,5.819,5.819,official_observed_reference,dd9af71a8e6cf82b2644590dea8b3cbded79436163fb415466b8a4bc878a8484
2025-01-02,SENGULAM (SBR),844.86,847.6,1.614,0.71,846.4,,0,0,,official_observed_reference,dd9af71a8e6cf82b2644590dea8b3cbded79436163fb415466b8a4bc878a8484
2025-01-02,LOWER PERIYAR,237.74,253,4.55,2.093,250.6,3.51,77,1.615,1.615,official_observed_reference,dd9af71a8e6cf82b2644590dea8b3cbded79436163fb415466b8a4bc878a8484
2025-01-02,KAKKAD,181.36,192.63,1.16,0.358,185.4,,0,0,,official_observed_reference,dd9af71a8e6cf82b2644590dea8b3cbded79436163fb415466b8a4bc878a8484
2025-01-03,IDUKKI,694.944,732.43,1460,2190,724.674,1042.04,71,1563.06,1531.799,official_observed_reference,cc7fd665a2ee4540412baac97f7097ff15eb4c74eff904cee43e0938b129d0f9
2025-01-03,PAMBA,963.168,986.332,31.001,59.46,971.8,8.03,65,593.199,499.642,official_observed_reference,cc7fd665a2ee4540412baac97f7097ff15eb4c74eff904cee43e0938b129d0f9
2025-01-03,KAKKI,908.304,981.456,446.542,856.467,971.754,301.25,0,0,,official_observed_reference,cc7fd665a2ee4540412baac97f7097ff15eb4c74eff904cee43e0938b129d0f9
2025-01-03,SHOLAYAR,779.374,811.68,149.23,152.065,809.031,125.914,84,128.306,83.984,official_observed_reference,cc7fd665a2ee4540412baac97f7097ff15eb4c74eff904cee43e0938b129d0f9
2025-01-03,IDAMALAYAR,115,169,1017.8,254.45,160.04,761.12,75,190.28,190.28,official_observed_reference,cc7fd665a2ee4540412baac97f7097ff15eb4c74eff904cee43e0938b129d0f9
2025-01-03,KUNDALA,1735.836,1758.696,7.787,22.738,1758.15,7.355,94,155.505,67.261,official_observed_reference,cc7fd665a2ee4540412baac97f7097ff15eb4c74eff904cee43e0938b129d0f9
2025-01-03,MADUPPATTY,1554.48,1599.59,55.217,161.234,1596.2,45.9,83,0,,official_observed_reference,cc7fd665a2ee4540412baac97f7097ff15eb4c74eff904cee43e0938b129d0f9
2025-01-03,KUTTIADI,737.616,758.037,33.99,42.827,756.209,29.41,87,195.501,189.295,official_observed_reference,cc7fd665a2ee4540412baac97f7097ff15eb4c74eff904cee43e0938b129d0f9
2025-01-03,THARIODE,750.5,775.6,201,253.26,769.15,125.75,63,0,,official_observed_reference,cc7fd665a2ee4540412baac97f7097ff15eb4c74eff904cee43e0938b129d0f9
2025-01-03,ANAYIRANKAL,1188,1207.008,48.968,65.616,1207.02,48.968,100,122.661,43.178,official_observed_reference,cc7fd665a2ee4540412baac97f7097ff15eb4c74eff904cee43e0938b129d0f9
2025-01-03,PONMUDI,678.8,707.745,47.4,63.516,706.3,42.57,90,0,,official_observed_reference,cc7fd665a2ee4540412baac97f7097ff15eb4c74eff904cee43e0938b129d0f9
2025-01-03,NERIAMANGALAM,445,456.59,5.557,4.835,445,,0,0,,official_observed_reference,cc7fd665a2ee4540412baac97f7097ff15eb4c74eff904cee43e0938b129d0f9
2025-01-03,PORINGAL,405.689,423.976,30.356,10.625,418.8,16.75,55,5.863,5.863,official_observed_reference,cc7fd665a2ee4540412baac97f7097ff15eb4c74eff904cee43e0938b129d0f9
2025-01-03,SENGULAM (SBR),844.86,847.6,1.614,0.71,846.4,,0,0,,official_observed_reference,cc7fd665a2ee4540412baac97f7097ff15eb4c74eff904cee43e0938b129d0f9
2025-01-03,LOWER PERIYAR,237.74,253,4.55,2.093,251.8,4.04,89,1.858,1.858,official_observed_reference,cc7fd665a2ee4540412baac97f7097ff15eb4c74eff904cee43e0938b129d0f9
2025-01-03,KAKKAD,181.36,192.63,1.16,0.358,187.45,,0,0,,official_observed_reference,cc7fd665a2ee4540412baac97f7097ff15eb4c74eff904cee43e0938b129d0f9
2025-01-04,IDUKKI,694.944,732.43,1460,2190,724.625,1039.769,71,1559.654,1528.46,official_observed_reference,bc189a942164f40959a33c63fdd4010903b5044a753b181064712d3440d9aedc
2025-01-04,PAMBA,963.168,986.332,31.001,59.46,971.75,7.97,65,591.837,498.495,official_observed_reference,bc189a942164f40959a33c63fdd4010903b5044a753b181064712d3440d9aedc
2025-01-04,KAKKI,908.304,981.456,446.542,856.467,971.699,300.6,0,0,,official_observed_reference,bc189a942164f40959a33c63fdd4010903b5044a753b181064712d3440d9aedc
2025-01-04,SHOLAYAR,779.374,811.68,149.23,152.065,808.97,125.203,84,127.582,83.51,official_observed_reference,bc189a942164f40959a33c63fdd4010903b5044a753b181064712d3440d9aedc
2025-01-04,IDAMALAYAR,115,169,1017.8,254.45,159.86,756.08,74,189.02,189.02,official_observed_reference,bc189a942164f40959a33c63fdd4010903b5044a753b181064712d3440d9aedc
2025-01-04,KUNDALA,1735.836,1758.696,7.787,22.738,1758.15,7.355,94,155.87,67.419,official_observed_reference,bc189a942164f40959a33c63fdd4010903b5044a753b181064712d3440d9aedc
2025-01-04,MADUPPATTY,1554.48,1599.59,55.217,161.234,1596.25,46.025,83,0,,official_observed_reference,bc189a942164f40959a33c63fdd4010903b5044a753b181064712d3440d9aedc
2025-01-04,KUTTIADI,737.616,758.037,33.99,42.827,756.148,29.257,86,193.797,187.645,official_observed_reference,bc189a942164f40959a33c63fdd4010903b5044a753b181064712d3440d9aedc
2025-01-04,THARIODE,750.5,775.6,201,253.26,769.05,124.55,62,0,,official_observed_reference,bc189a942164f40959a33c63fdd4010903b5044a753b181064712d3440d9aedc
2025-01-04,ANAYIRANKAL,1188,1207.008,48.968,65.616,1207.02,48.968,100,123.666,43.532,official_observed_reference,bc189a942164f40959a33c63fdd4010903b5044a753b181064712d3440d9aedc
2025-01-04,PONMUDI,678.8,707.745,47.4,63.516,706.6,43.32,91,0,,official_observed_reference,bc189a942164f40959a33c63fdd4010903b5044a753b181064712d3440d9aedc
2025-01-04,NERIAMANGALAM,445,456.59,5.557,4.835,445,,0,0,,official_observed_reference,bc189a942164f40959a33c63fdd4010903b5044a753b181064712d3440d9aedc
2025-01-04,PORINGAL,405.689,423.976,30.356,10.625,418.75,16.625,55,5.819,5.819,official_observed_reference,bc189a942164f40959a33c63fdd4010903b5044a753b181064712d3440d9aedc
2025-01-04,SENGULAM (SBR),844.86,847.6,1.614,0.71,846.45,,0,0,,official_observed_reference,bc189a942164f40959a33c63fdd4010903b5044a753b181064712d3440d9aedc
2025-01-04,LOWER PERIYAR,237.74,253,4.55,2.093,249.9,3.24,71,1.49,1.49,official_observed_reference,bc189a942164f40959a33c63fdd4010903b5044a753b181064712d3440d9aedc
2025-01-04,KAKKAD,181.36,192.63,1.16,0.358,187,,0,0,,official_observed_reference,bc189a942164f40959a33c63fdd4010903b5044a753b181064712d3440d9aedc
2025-01-05,IDUKKI,694.944,732.43,1460,2190,724.583,1037.779,71,1556.669,1525.535,official_observed_reference,ab4b064e6b63d5b90ad25ff8cfc3995b0afa6073b08b72ee88f8219839df6120
2025-01-05,PAMBA,963.168,986.332,31.001,59.46,971.7,7.91,65,590.823,497.64,official_observed_reference,ab4b064e6b63d5b90ad25ff8cfc3995b0afa6073b08b72ee88f8219839df6120
2025-01-05,KAKKI,908.304,981.456,446.542,856.467,971.66,300.131,0,0,,official_observed_reference,ab4b064e6b63d5b90ad25ff8cfc3995b0afa6073b08b72ee88f8219839df6120
2025-01-05,SHOLAYAR,779.374,811.68,149.23,152.065,808.848,124.848,84,127.22,83.273,official_observed_reference,ab4b064e6b63d5b90ad25ff8cfc3995b0afa6073b08b72ee88f8219839df6120
2025-01-05,IDAMALAYAR,115,169,1017.8,254.45,159.74,752.72,74,188.18,188.18,official_observed_reference,ab4b064e6b63d5b90ad25ff8cfc3995b0afa6073b08b72ee88f8219839df6120
2025-01-05,KUNDALA,1735.836,1758.696,7.787,22.738,1758.1,7.32,94,155.767,67.375,official_observed_reference,ab4b064e6b63d5b90ad25ff8cfc3995b0afa6073b08b72ee88f8219839df6120
2025-01-05,MADUPPATTY,1554.48,1599.59,55.217,161.234,1596.25,46.025,83,0,,official_observed_reference,ab4b064e6b63d5b90ad25ff8cfc3995b0afa6073b08b72ee88f8219839df6120
2025-01-05,KUTTIADI,737.616,758.037,33.99,42.827,756.209,29.41,87,192.729,186.611,official_observed_reference,ab4b064e6b63d5b90ad25ff8cfc3995b0afa6073b08b72ee88f8219839df6120
2025-01-05,THARIODE,750.5,775.6,201,253.26,768.95,123.55,61,0,,official_observed_reference,ab4b064e6b63d5b90ad25ff8cfc3995b0afa6073b08b72ee88f8219839df6120
2025-01-05,ANAYIRANKAL,1188,1207.008,48.968,65.616,1207.02,48.968,100,124.497,43.825,official_observed_reference,ab4b064e6b63d5b90ad25ff8cfc3995b0afa6073b08b72ee88f8219839df6120
2025-01-05,PONMUDI,678.8,707.745,47.4,63.516,706.85,43.94,93,0,,official_observed_reference,ab4b064e6b63d5b90ad25ff8cfc3995b0afa6073b08b72ee88f8219839df6120
2025-01-05,NERIAMANGALAM,445,456.59,5.557,4.835,445,,0,0,,official_observed_reference,ab4b064e6b63d5b90ad25ff8cfc3995b0afa6073b08b72ee88f8219839df6120
2025-01-05,PORINGAL,405.689,423.976,30.356,10.625,418.65,16.4,54,5.74,5.74,official_observed_reference,ab4b064e6b63d5b90ad25ff8cfc3995b0afa6073b08b72ee88f8219839df6120
2025-01-05,SENGULAM (SBR),844.86,847.6,1.614,0.71,846.45,,0,0,,official_observed_reference,ab4b064e6b63d5b90ad25ff8cfc3995b0afa6073b08b72ee88f8219839df6120
2025-01-05,LOWER PERIYAR,237.74,253,4.55,2.093,251.1,3.74,82,1.72,1.72,official_observed_reference,ab4b064e6b63d5b90ad25ff8cfc3995b0afa6073b08b72ee88f8219839df6120
2025-01-05,KAKKAD,181.36,192.63,1.16,0.358,187.1,,0,0,,official_observed_reference,ab4b064e6b63d5b90ad25ff8cfc3995b0afa6073b08b72ee88f8219839df6120
2025-01-06,IDUKKI,694.944,732.43,1460,2190,724.504,1034.084,71,1551.126,1520.103,official_observed_reference,be60dfdc1db6281f64b0254dc7a9125473d034b0c493fb150fffbb2daa31283a
2025-01-06,PAMBA,963.168,986.332,31.001,59.46,971.65,7.85,64,589.21,496.282,official_observed_reference,be60dfdc1db6281f64b0254dc7a9125473d034b0c493fb150fffbb2daa31283a
2025-01-06,KAKKI,908.304,981.456,446.542,856.467,971.601,299.35,0,0,,official_observed_reference,be60dfdc1db6281f64b0254dc7a9125473d034b0c493fb150fffbb2daa31283a
2025-01-06,SHOLAYAR,779.374,811.68,149.23,152.065,808.787,123.79,83,126.142,82.568,official_observed_reference,be60dfdc1db6281f64b0254dc7a9125473d034b0c493fb150fffbb2daa31283a
2025-01-06,IDAMALAYAR,115,169,1017.8,254.45,159.59,748.52,74,187.13,187.13,official_observed_reference,be60dfdc1db6281f64b0254dc7a9125473d034b0c493fb150fffbb2daa31283a
2025-01-06,KUNDALA,1735.836,1758.696,7.787,22.738,1758.1,7.32,94,155.767,67.375,official_observed_reference,be60dfdc1db6281f64b0254dc7a9125473d034b0c493fb150fffbb2daa31283a
2025-01-06,MADUPPATTY,1554.48,1599.59,55.217,161.234,1596.25,46.025,83,0,,official_observed_reference,be60dfdc1db6281f64b0254dc7a9125473d034b0c493fb150fffbb2daa31283a
2025-01-06,KUTTIADI,737.616,758.037,33.99,42.827,756.24,29.486,87,192.321,186.216,official_observed_reference,be60dfdc1db6281f64b0254dc7a9125473d034b0c493fb150fffbb2daa31283a
2025-01-06,THARIODE,750.5,775.6,201,253.26,768.9,123.15,61,0,,official_observed_reference,be60dfdc1db6281f64b0254dc7a9125473d034b0c493fb150fffbb2daa31283a
2025-01-06,ANAYIRANKAL,1188,1207.008,48.968,65.616,1207.02,48.968,100,124.162,43.707,official_observed_reference,be60dfdc1db6281f64b0254dc7a9125473d034b0c493fb150fffbb2daa31283a
2025-01-06,PONMUDI,678.8,707.745,47.4,63.516,706.75,43.69,92,0,,official_observed_reference,be60dfdc1db6281f64b0254dc7a9125473d034b0c493fb150fffbb2daa31283a
2025-01-06,NERIAMANGALAM,445,456.59,5.557,4.835,450.1,1.8,32,1.566,0.738,official_observed_reference,be60dfdc1db6281f64b0254dc7a9125473d034b0c493fb150fffbb2daa31283a
2025-01-06,PORINGAL,405.689,423.976,30.356,10.625,418.45,16,53,5.6,5.6,official_observed_reference,be60dfdc1db6281f64b0254dc7a9125473d034b0c493fb150fffbb2daa31283a
2025-01-06,SENGULAM (SBR),844.86,847.6,1.614,0.71,846.4,,0,0,,official_observed_reference,be60dfdc1db6281f64b0254dc7a9125473d034b0c493fb150fffbb2daa31283a
2025-01-06,LOWER PERIYAR,237.74,253,4.55,2.093,249.7,3.16,69,1.454,1.454,official_observed_reference,be60dfdc1db6281f64b0254dc7a9125473d034b0c493fb150fffbb2daa31283a
2025-01-06,KAKKAD,181.36,192.63,1.16,0.358,186,,0,0,,official_observed_reference,be60dfdc1db6281f64b0254dc7a9125473d034b0c493fb150fffbb2daa31283a
2025-01-07,IDUKKI,694.944,732.43,1460,2190,724.436,1030.963,71,1546.445,1515.516,official_observed_reference,5a341a84fc2ad50c663bc71cd5fa7b6781e1f51d1f3e24f9282eb65221a91105
2025-01-07,PAMBA,963.168,986.332,31.001,59.46,971.55,7.73,64,587.481,494.826,official_observed_reference,5a341a84fc2ad50c663bc71cd5fa7b6781e1f51d1f3e24f9282eb65221a91105
2025-01-07,KAKKI,908.304,981.456,446.542,856.467,971.538,298.569,0,0,,official_observed_reference,5a341a84fc2ad50c663bc71cd5fa7b6781e1f51d1f3e24f9282eb65221a91105
2025-01-07,SHOLAYAR,779.374,811.68,149.23,152.065,808.787,123.79,83,126.142,82.568,official_observed_reference,5a341a84fc2ad50c663bc71cd5fa7b6781e1f51d1f3e24f9282eb65221a91105
2025-01-07,IDAMALAYAR,115,169,1017.8,254.45,159.42,743.76,73,185.94,185.94,official_observed_reference,5a341a84fc2ad50c663bc71cd5fa7b6781e1f51d1f3e24f9282eb65221a91105
2025-01-07,KUNDALA,1735.836,1758.696,7.787,22.738,1758.1,7.32,94,155.402,67.217,official_observed_reference,5a341a84fc2ad50c663bc71cd5fa7b6781e1f51d1f3e24f9282eb65221a91105
2025-01-07,MADUPPATTY,1554.48,1599.59,55.217,161.234,1596.2,45.9,83,0,,official_observed_reference,5a341a84fc2ad50c663bc71cd5fa7b6781e1f51d1f3e24f9282eb65221a91105
2025-01-07,KUTTIADI,737.616,758.037,33.99,42.827,756.179,29.334,86,190.869,184.81,official_observed_reference,5a341a84fc2ad50c663bc71cd5fa7b6781e1f51d1f3e24f9282eb65221a91105
2025-01-07,THARIODE,750.5,775.6,201,253.26,768.8,122.15,61,0,,official_observed_reference,5a341a84fc2ad50c663bc71cd5fa7b6781e1f51d1f3e24f9282eb65221a91105
2025-01-07,ANAYIRANKAL,1188,1207.008,48.968,65.616,1207.02,48.968,100,65.617,23.098,official_observed_reference,5a341a84fc2ad50c663bc71cd5fa7b6781e1f51d1f3e24f9282eb65221a91105
2025-01-07,PONMUDI,678.8,707.745,47.4,63.516,,,0,0,,official_observed_reference,5a341a84fc2ad50c663bc71cd5fa7b6781e1f51d1f3e24f9282eb65221a91105
2025-01-07,NERIAMANGALAM,445,456.59,5.557,4.835,453,3.26,59,2.836,1.336,official_observed_reference,5a341a84fc2ad50c663bc71cd5fa7b6781e1f51d1f3e24f9282eb65221a91105
2025-01-07,PORINGAL,405.689,423.976,30.356,10.625,418.3,15.7,52,5.495,5.495,official_observed_reference,5a341a84fc2ad50c663bc71cd5fa7b6781e1f51d1f3e24f9282eb65221a91105
2025-01-07,SENGULAM (SBR),844.86,847.6,1.614,0.71,846.65,,0,0,,official_observed_reference,5a341a84fc2ad50c663bc71cd5fa7b6781e1f51d1f3e24f9282eb65221a91105
2025-01-07,LOWER PERIYAR,237.74,253,4.55,2.093,249,2.88,63,1.325,1.325,official_observed_reference,5a341a84fc2ad50c663bc71cd5fa7b6781e1f51d1f3e24f9282eb65221a91105
2025-01-07,KAKKAD,181.36,192.63,1.16,0.358,185.5,,0,0,,official_observed_reference,5a341a84fc2ad50c663bc71cd5fa7b6781e1f51d1f3e24f9282eb65221a91105
2025-01-08,IDUKKI,694.944,732.43,1460,2190,724.351,1026.99,70,1540.485,1509.675,official_observed_reference,b77baa61bbb5ad8d1bd41c9dfa8e311e62286f8e78f94d421d7945d7406706e4
2025-01-08,PAMBA,963.168,986.332,31.001,59.46,971.55,7.73,64,585.984,493.564,official_observed_reference,b77baa61bbb5ad8d1bd41c9dfa8e311e62286f8e78f94d421d7945d7406706e4
2025-01-08,KAKKI,908.304,981.456,446.542,856.467,971.473,297.788,0,0,,official_observed_reference,b77baa61bbb5ad8d1bd41c9dfa8e311e62286f8e78f94d421d7945d7406706e4
2025-01-08,SHOLAYAR,779.374,811.68,149.23,152.065,808.787,123.79,83,126.142,82.568,official_observed_reference,b77baa61bbb5ad8d1bd41c9dfa8e311e62286f8e78f94d421d7945d7406706e4
2025-01-08,IDAMALAYAR,115,169,1017.8,254.45,159.36,742.08,73,185.52,185.52,official_observed_reference,b77baa61bbb5ad8d1bd41c9dfa8e311e62286f8e78f94d421d7945d7406706e4
2025-01-08,KUNDALA,1735.836,1758.696,7.787,22.738,1758.1,7.32,94,155.037,67.059,official_observed_reference,b77baa61bbb5ad8d1bd41c9dfa8e311e62286f8e78f94d421d7945d7406706e4
2025-01-08,MADUPPATTY,1554.48,1599.59,55.217,161.234,1596.15,45.775,83,0,,official_observed_reference,b77baa61bbb5ad8d1bd41c9dfa8e311e62286f8e78f94d421d7945d7406706e4
2025-01-08,KUTTIADI,737.616,758.037,33.99,42.827,756.301,29.639,87,190.246,184.206,official_observed_reference,b77baa61bbb5ad8d1bd41c9dfa8e311e62286f8e78f94d421d7945d7406706e4
2025-01-08,THARIODE,750.5,775.6,201,253.26,768.75,121.35,60,0,,official_observed_reference,b77baa61bbb5ad8d1bd41c9dfa8e311e62286f8e78f94d421d7945d7406706e4
2025-01-08,ANAYIRANKAL,1188,1207.008,48.968,65.616,1207.02,48.968,100,122.326,43.061,official_observed_reference,b77baa61bbb5ad8d1bd41c9dfa8e311e62286f8e78f94d421d7945d7406706e4
2025-01-08,PONMUDI,678.8,707.745,47.4,63.516,706.2,42.32,89,0,,official_observed_reference,b77baa61bbb5ad8d1bd41c9dfa8e311e62286f8e78f94d421d7945d7406706e4
2025-01-08,NERIAMANGALAM,445,456.59,5.557,4.835,453,3.26,59,2.836,1.336,official_observed_reference,b77baa61bbb5ad8d1bd41c9dfa8e311e62286f8e78f94d421d7945d7406706e4
2025-01-08,PORINGAL,405.689,423.976,30.356,10.625,418.3,15.7,52,5.495,5.495,official_observed_reference,b77baa61bbb5ad8d1bd41c9dfa8e311e62286f8e78f94d421d7945d7406706e4
2025-01-08,SENGULAM (SBR),844.86,847.6,1.614,0.71,846.75,,0,0,,official_observed_reference,b77baa61bbb5ad8d1bd41c9dfa8e311e62286f8e78f94d421d7945d7406706e4
2025-01-08,LOWER PERIYAR,237.74,253,4.55,2.093,250.4,3.44,76,1.582,1.582,official_observed_reference,b77baa61bbb5ad8d1bd41c9dfa8e311e62286f8e78f94d421d7945d7406706e4
2025-01-08,KAKKAD,181.36,192.63,1.16,0.358,185.5,,0,0,,official_observed_reference,b77baa61bbb5ad8d1bd41c9dfa8e311e62286f8e78f94d421d7945d7406706e4
2025-01-09,IDUKKI,694.944,732.43,1460,2190,724.284,1023.869,70,1535.804,1505.087,official_observed_reference,8ccb122c50be586e5c0dd6fb33405df0c436ebec641ce5dc8d313b53e8846c3d
2025-01-09,PAMBA,963.168,986.332,31.001,59.46,971.45,7.61,64,583.954,491.855,official_observed_reference,8ccb122c50be586e5c0dd6fb33405df0c436ebec641ce5dc8d313b53e8846c3d
2025-01-09,KAKKI,908.304,981.456,446.542,856.467,971.398,296.85,0,0,,official_observed_reference,8ccb122c50be586e5c0dd6fb33405df0c436ebec641ce5dc8d313b53e8846c3d
2025-01-09,SHOLAYAR,779.374,811.68,149.23,152.065,809.031,125.913,84,128.305,83.984,official_observed_reference,8ccb122c50be586e5c0dd6fb33405df0c436ebec641ce5dc8d313b53e8846c3d
2025-01-09,IDAMALAYAR,115,169,1017.8,254.45,159.3,740.4,73,185.1,185.1,official_observed_reference,8ccb122c50be586e5c0dd6fb33405df0c436ebec641ce5dc8d313b53e8846c3d
2025-01-09,KUNDALA,1735.836,1758.696,7.787,22.738,1758.05,7.285,94,154.57,66.857,official_observed_reference,8ccb122c50be586e5c0dd6fb33405df0c436ebec641ce5dc8d313b53e8846c3d
2025-01-09,MADUPPATTY,1554.48,1599.59,55.217,161.234,1596.1,45.65,83,0,,official_observed_reference,8ccb122c50be586e5c0dd6fb33405df0c436ebec641ce5dc8d313b53e8846c3d
2025-01-09,KUTTIADI,737.616,758.037,33.99,42.827,756.301,29.639,87,188.986,182.986,official_observed_reference,8ccb122c50be586e5c0dd6fb33405df0c436ebec641ce5dc8d313b53e8846c3d
2025-01-09,THARIODE,750.5,775.6,201,253.26,768.65,120.35,60,0,,official_observed_reference,8ccb122c50be586e5c0dd6fb33405df0c436ebec641ce5dc8d313b53e8846c3d
2025-01-09,ANAYIRANKAL,1188,1207.008,48.968,65.616,1207.02,48.968,100,120.812,42.528,official_observed_reference,8ccb122c50be586e5c0dd6fb33405df0c436ebec641ce5dc8d313b53e8846c3d
2025-01-09,PONMUDI,678.8,707.745,47.4,63.516,705.75,41.19,87,0,,official_observed_reference,8ccb122c50be586e5c0dd6fb33405df0c436ebec641ce5dc8d313b53e8846c3d
2025-01-09,NERIAMANGALAM,445,456.59,5.557,4.835,453.45,3.125,56,2.719,1.281,official_observed_reference,8ccb122c50be586e5c0dd6fb33405df0c436ebec641ce5dc8d313b53e8846c3d
2025-01-09,PORINGAL,405.689,423.976,30.356,10.625,417.9,14.9,49,5.215,5.215,official_observed_reference,8ccb122c50be586e5c0dd6fb33405df0c436ebec641ce5dc8d313b53e8846c3d
2025-01-09,SENGULAM (SBR),844.86,847.6,1.614,0.71,846.6,,0,0,,official_observed_reference,8ccb122c50be586e5c0dd6fb33405df0c436ebec641ce5dc8d313b53e8846c3d
2025-01-09,LOWER PERIYAR,237.74,253,4.55,2.093,250.2,3.36,74,1.546,1.546,official_observed_reference,8ccb122c50be586e5c0dd6fb33405df0c436ebec641ce5dc8d313b53e8846c3d
2025-01-09,KAKKAD,181.36,192.63,1.16,0.358,185.2,,0,0,,official_observed_reference,8ccb122c50be586e5c0dd6fb33405df0c436ebec641ce5dc8d313b53e8846c3d
2025-01-10,IDUKKI,694.944,732.43,1460,2190,724.205,1020.181,70,1530.272,1499.666,official_observed_reference,c9cd8b8fd05722d4abaabd874f11670d461aabde9aaeb549c5bf16a7a6bbe384
2025-01-10,PAMBA,963.168,986.332,31.001,59.46,971.35,7.5,63,581.346,489.658,official_observed_reference,c9cd8b8fd05722d4abaabd874f11670d461aabde9aaeb549c5bf16a7a6bbe384
2025-01-10,KAKKI,908.304,981.456,446.542,856.467,971.3,295.6,0,0,,official_observed_reference,c9cd8b8fd05722d4abaabd874f11670d461aabde9aaeb549c5bf16a7a6bbe384
2025-01-10,SHOLAYAR,779.374,811.68,149.23,152.065,809.122,126.678,85,129.085,84.494,official_observed_reference,c9cd8b8fd05722d4abaabd874f11670d461aabde9aaeb549c5bf16a7a6bbe384
2025-01-10,IDAMALAYAR,115,169,1017.8,254.45,159.19,737.32,72,184.33,184.33,official_observed_reference,c9cd8b8fd05722d4abaabd874f11670d461aabde9aaeb549c5bf16a7a6bbe384
2025-01-10,KUNDALA,1735.836,1758.696,7.787,22.738,1758.05,7.285,94,154.205,66.699,official_observed_reference,c9cd8b8fd05722d4abaabd874f11670d461aabde9aaeb549c5bf16a7a6bbe384
2025-01-10,MADUPPATTY,1554.48,1599.59,55.217,161.234,1596.05,45.525,82,0,,official_observed_reference,c9cd8b8fd05722d4abaabd874f11670d461aabde9aaeb549c5bf16a7a6bbe384
2025-01-10,KUTTIADI,737.616,758.037,33.99,42.827,756.301,29.639,87,188.482,182.498,official_observed_reference,c9cd8b8fd05722d4abaabd874f11670d461aabde9aaeb549c5bf16a7a6bbe384
2025-01-10,THARIODE,750.5,775.6,201,253.26,768.6,119.95,60,0,,official_observed_reference,c9cd8b8fd05722d4abaabd874f11670d461aabde9aaeb549c5bf16a7a6bbe384
2025-01-10,ANAYIRANKAL,1188,1207.008,48.968,65.616,1207.02,48.968,100,119.311,41.999,official_observed_reference,c9cd8b8fd05722d4abaabd874f11670d461aabde9aaeb549c5bf16a7a6bbe384
2025-01-10,PONMUDI,678.8,707.745,47.4,63.516,705.3,40.07,85,0,,official_observed_reference,c9cd8b8fd05722d4abaabd874f11670d461aabde9aaeb549c5bf16a7a6bbe384
2025-01-10,NERIAMANGALAM,445,456.59,5.557,4.835,452.65,3.075,55,2.675,1.26,official_observed_reference,c9cd8b8fd05722d4abaabd874f11670d461aabde9aaeb549c5bf16a7a6bbe384
2025-01-10,PORINGAL,405.689,423.976,30.356,10.625,417.65,14.4,47,5.04,5.04,official_observed_reference,c9cd8b8fd05722d4abaabd874f11670d461aabde9aaeb549c5bf16a7a6bbe384
2025-01-10,SENGULAM (SBR),844.86,847.6,1.614,0.71,846.55,,0,0,,official_observed_reference,c9cd8b8fd05722d4abaabd874f11670d461aabde9aaeb549c5bf16a7a6bbe384
2025-01-10,LOWER PERIYAR,237.74,253,4.55,2.093,250,3.28,72,1.509,1.509,official_observed_reference,c9cd8b8fd05722d4abaabd874f11670d461aabde9aaeb549c5bf16a7a6bbe384
2025-01-10,KAKKAD,181.36,192.63,1.16,0.358,186.05,,0,0,,official_observed_reference,c9cd8b8fd05722d4abaabd874f11670d461aabde9aaeb549c5bf16a7a6bbe384
2025-01-11,IDUKKI,694.944,732.43,1460,2190,724.107,1015.632,70,1523.448,1492.979,official_observed_reference,d557cb6fb97c1c8b2a036ca3e23ff75054ef7c02c3875e97fc0e9a6f977b701f
2025-01-11,PAMBA,963.168,986.332,31.001,59.46,971.3,7.45,63,579.14,487.8,official_observed_reference,d557cb6fb97c1c8b2a036ca3e23ff75054ef7c02c3875e97fc0e9a6f977b701f
2025-01-11,KAKKI,908.304,981.456,446.542,856.467,971.21,294.5,0,0,,official_observed_reference,d557cb6fb97c1c8b2a036ca3e23ff75054ef7c02c3875e97fc0e9a6f977b701f
2025-01-11,SHOLAYAR,779.374,811.68,149.23,152.065,809.153,126.882,85,129.293,84.63,official_observed_reference,d557cb6fb97c1c8b2a036ca3e23ff75054ef7c02c3875e97fc0e9a6f977b701f
2025-01-11,IDAMALAYAR,115,169,1017.8,254.45,159.1,734.8,72,183.7,183.7,official_observed_reference,d557cb6fb97c1c8b2a036ca3e23ff75054ef7c02c3875e97fc0e9a6f977b701f
2025-01-11,KUNDALA,1735.836,1758.696,7.787,22.738,1758.05,7.285,94,153.84,66.541,official_observed_reference,d557cb6fb97c1c8b2a036ca3e23ff75054ef7c02c3875e97fc0e9a6f977b701f
2025-01-11,MADUPPATTY,1554.48,1599.59,55.217,161.234,1596,45.4,82,0,,official_observed_reference,d557cb6fb97c1c8b2a036ca3e23ff75054ef7c02c3875e97fc0e9a6f977b701f
2025-01-11,KUTTIADI,737.616,758.037,33.99,42.827,756.365,29.791,88,187.162,181.22,official_observed_reference,d557cb6fb97c1c8b2a036ca3e23ff75054ef7c02c3875e97fc0e9a6f977b701f
2025-01-11,THARIODE,750.5,775.6,201,253.26,768.5,118.75,59,0,,official_observed_reference,d557cb6fb97c1c8b2a036ca3e23ff75054ef7c02c3875e97fc0e9a6f977b701f
2025-01-11,ANAYIRANKAL,1188,1207.008,48.968,65.616,1207,48.965,100,117.458,41.347,official_observed_reference,d557cb6fb97c1c8b2a036ca3e23ff75054ef7c02c3875e97fc0e9a6f977b701f
2025-01-11,PONMUDI,678.8,707.745,47.4,63.516,704.75,38.69,82,0,,official_observed_reference,d557cb6fb97c1c8b2a036ca3e23ff75054ef7c02c3875e97fc0e9a6f977b701f
2025-01-11,NERIAMANGALAM,445,456.59,5.557,4.835,452.6,3.05,55,2.654,1.25,official_observed_reference,d557cb6fb97c1c8b2a036ca3e23ff75054ef7c02c3875e97fc0e9a6f977b701f
2025-01-11,PORINGAL,405.689,423.976,30.356,10.625,417.6,14.3,47,5.005,5.005,official_observed_reference,d557cb6fb97c1c8b2a036ca3e23ff75054ef7c02c3875e97fc0e9a6f977b701f
2025-01-11,SENGULAM (SBR),844.86,847.6,1.614,0.71,846.7,,0,0,,official_observed_reference,d557cb6fb97c1c8b2a036ca3e23ff75054ef7c02c3875e97fc0e9a6f977b701f
2025-01-11,LOWER PERIYAR,237.74,253,4.55,2.093,249.3,3,66,1.38,1.38,official_observed_reference,d557cb6fb97c1c8b2a036ca3e23ff75054ef7c02c3875e97fc0e9a6f977b701f
2025-01-11,KAKKAD,181.36,192.63,1.16,0.358,185.4,,0,0,,official_observed_reference,d557cb6fb97c1c8b2a036ca3e23ff75054ef7c02c3875e97fc0e9a6f977b701f
2025-01-12,IDUKKI,694.944,732.43,1460,2190,724.046,1012.789,69,1519.184,1488.8,official_observed_reference,ffb02a3648f3481e769c28012ddc552caadc109f8161f584c21213a710d1fb8a
2025-01-12,PAMBA,963.168,986.332,31.001,59.46,971.2,7.35,63,577.163,486.135,official_observed_reference,ffb02a3648f3481e769c28012ddc552caadc109f8161f584c21213a710d1fb8a
2025-01-12,KAKKI,908.304,981.456,446.542,856.467,971.142,293.569,0,0,,official_observed_reference,ffb02a3648f3481e769c28012ddc552caadc109f8161f584c21213a710d1fb8a
2025-01-12,SHOLAYAR,779.374,811.68,149.23,152.065,809.244,127.698,86,130.124,85.174,official_observed_reference,ffb02a3648f3481e769c28012ddc552caadc109f8161f584c21213a710d1fb8a
2025-01-12,IDAMALAYAR,115,169,1017.8,254.45,158.98,731.45,72,182.863,182.863,official_observed_reference,ffb02a3648f3481e769c28012ddc552caadc109f8161f584c21213a710d1fb8a
2025-01-12,KUNDALA,1735.836,1758.696,7.787,22.738,1758.05,7.285,94,153.475,66.383,official_observed_reference,ffb02a3648f3481e769c28012ddc552caadc109f8161f584c21213a710d1fb8a
2025-01-12,MADUPPATTY,1554.48,1599.59,55.217,161.234,1595.95,45.275,82,0,,official_observed_reference,ffb02a3648f3481e769c28012ddc552caadc109f8161f584c21213a710d1fb8a
2025-01-12,KUTTIADI,737.616,758.037,33.99,42.827,756.636,30.477,90,186.766,180.837,official_observed_reference,ffb02a3648f3481e769c28012ddc552caadc109f8161f584c21213a710d1fb8a
2025-01-12,THARIODE,750.5,775.6,201,253.26,768.4,117.75,59,0,,official_observed_reference,ffb02a3648f3481e769c28012ddc552caadc109f8161f584c21213a710d1fb8a
2025-01-12,ANAYIRANKAL,1188,1207.008,48.968,65.616,1206.98,48.95,100,115.763,40.75,official_observed_reference,ffb02a3648f3481e769c28012ddc552caadc109f8161f584c21213a710d1fb8a
2025-01-12,PONMUDI,678.8,707.745,47.4,63.516,704.25,37.44,79,0,,official_observed_reference,ffb02a3648f3481e769c28012ddc552caadc109f8161f584c21213a710d1fb8a
2025-01-12,NERIAMANGALAM,445,456.59,5.557,4.835,453.75,3.71,67,3.228,1.52,official_observed_reference,ffb02a3648f3481e769c28012ddc552caadc109f8161f584c21213a710d1fb8a
2025-01-12,PORINGAL,405.689,423.976,30.356,10.625,417.6,14.3,47,5.005,5.005,official_observed_reference,ffb02a3648f3481e769c28012ddc552caadc109f8161f584c21213a710d1fb8a
2025-01-12,SENGULAM (SBR),844.86,847.6,1.614,0.71,846.85,,0,0,,official_observed_reference,ffb02a3648f3481e769c28012ddc552caadc109f8161f584c21213a710d1fb8a
2025-01-12,LOWER PERIYAR,237.74,253,4.55,2.093,250.8,3.6,79,1.656,1.656,official_observed_reference,ffb02a3648f3481e769c28012ddc552caadc109f8161f584c21213a710d1fb8a
2025-01-12,KAKKAD,181.36,192.63,1.16,0.358,185.4,,0,0,,official_observed_reference,ffb02a3648f3481e769c28012ddc552caadc109f8161f584c21213a710d1fb8a
2025-01-13,IDUKKI,694.944,732.43,1460,2190,723.943,1007.956,69,1511.934,1481.695,official_observed_reference,00e3d8a85554a5b47f494bbb14899f8a1a278a1124588da0896188d0fe802c6e
2025-01-13,PAMBA,963.168,986.332,31.001,59.46,971.1,7.25,63,575.172,484.458,official_observed_reference,00e3d8a85554a5b47f494bbb14899f8a1a278a1124588da0896188d0fe802c6e
2025-01-13,KAKKI,908.304,981.456,446.542,856.467,971.06,292.631,0,0,,official_observed_reference,00e3d8a85554a5b47f494bbb14899f8a1a278a1124588da0896188d0fe802c6e
2025-01-13,SHOLAYAR,779.374,811.68,149.23,152.065,809.488,129.794,87,132.26,86.572,official_observed_reference,00e3d8a85554a5b47f494bbb14899f8a1a278a1124588da0896188d0fe802c6e
2025-01-13,IDAMALAYAR,115,169,1017.8,254.45,158.81,726.775,71,181.694,181.694,official_observed_reference,00e3d8a85554a5b47f494bbb14899f8a1a278a1124588da0896188d0fe802c6e
2025-01-13,KUNDALA,1735.836,1758.696,7.787,22.738,1758.05,7.285,94,153.11,66.225,official_observed_reference,00e3d8a85554a5b47f494bbb14899f8a1a278a1124588da0896188d0fe802c6e
2025-01-13,MADUPPATTY,1554.48,1599.59,55.217,161.234,1595.9,45.15,82,0,,official_observed_reference,00e3d8a85554a5b47f494bbb14899f8a1a278a1124588da0896188d0fe802c6e
2025-01-13,KUTTIADI,737.616,758.037,33.99,42.827,756.697,30.629,90,186.202,180.291,official_observed_reference,00e3d8a85554a5b47f494bbb14899f8a1a278a1124588da0896188d0fe802c6e
2025-01-13,THARIODE,750.5,775.6,201,253.26,768.35,117.15,58,0,,official_observed_reference,00e3d8a85554a5b47f494bbb14899f8a1a278a1124588da0896188d0fe802c6e
2025-01-13,ANAYIRANKAL,1188,1207.008,48.968,65.616,1207,48.96,100,115.106,40.519,official_observed_reference,00e3d8a85554a5b47f494bbb14899f8a1a278a1124588da0896188d0fe802c6e
2025-01-13,PONMUDI,678.8,707.745,47.4,63.516,704.05,36.94,78,0,,official_observed_reference,00e3d8a85554a5b47f494bbb14899f8a1a278a1124588da0896188d0fe802c6e
2025-01-13,NERIAMANGALAM,445,456.59,5.557,4.835,454,3.86,69,3.358,1.582,official_observed_reference,00e3d8a85554a5b47f494bbb14899f8a1a278a1124588da0896188d0fe802c6e
2025-01-13,PORINGAL,405.689,423.976,30.356,10.625,417.55,14.2,47,4.97,4.97,official_observed_reference,00e3d8a85554a5b47f494bbb14899f8a1a278a1124588da0896188d0fe802c6e
2025-01-13,SENGULAM (SBR),844.86,847.6,1.614,0.71,846.4,,0,0,,official_observed_reference,00e3d8a85554a5b47f494bbb14899f8a1a278a1124588da0896188d0fe802c6e
2025-01-13,LOWER PERIYAR,237.74,253,4.55,2.093,250.4,3.44,76,1.582,1.582,official_observed_reference,00e3d8a85554a5b47f494bbb14899f8a1a278a1124588da0896188d0fe802c6e
2025-01-13,KAKKAD,181.36,192.63,1.16,0.358,186.3,,0,0,,official_observed_reference,00e3d8a85554a5b47f494bbb14899f8a1a278a1124588da0896188d0fe802c6e
2025-01-14,IDUKKI,694.944,732.43,1460,2190,723.882,1005.114,69,1507.671,1477.518,official_observed_reference,0ff85901ee156cb78f13363ee923d36c409857157a8d8cb8daa8a45417d046fb
2025-01-14,PAMBA,963.168,986.332,31.001,59.46,971.05,7.2,63,573.877,483.367,official_observed_reference,0ff85901ee156cb78f13363ee923d36c409857157a8d8cb8daa8a45417d046fb
2025-01-14,KAKKI,908.304,981.456,446.542,856.467,971.016,292.006,0,0,,official_observed_reference,0ff85901ee156cb78f13363ee923d36c409857157a8d8cb8daa8a45417d046fb
2025-01-14,SHOLAYAR,779.374,811.68,149.23,152.065,809.61,130.813,88,133.299,87.252,official_observed_reference,0ff85901ee156cb78f13363ee923d36c409857157a8d8cb8daa8a45417d046fb
2025-01-14,IDAMALAYAR,115,169,1017.8,254.45,158.68,723.21,71,180.803,180.803,official_observed_reference,0ff85901ee156cb78f13363ee923d36c409857157a8d8cb8daa8a45417d046fb
2025-01-14,KUNDALA,1735.836,1758.696,7.787,22.738,1758.05,7.285,94,152.38,65.91,official_observed_reference,0ff85901ee156cb78f13363ee923d36c409857157a8d8cb8daa8a45417d046fb
2025-01-14,MADUPPATTY,1554.48,1599.59,55.217,161.234,1595.8,44.9,81,0,,official_observed_reference,0ff85901ee156cb78f13363ee923d36c409857157a8d8cb8daa8a45417d046fb
2025-01-14,KUTTIADI,737.616,758.037,33.99,42.827,756.545,30.247,89,185.216,179.336,official_observed_reference,0ff85901ee156cb78f13363ee923d36c409857157a8d8cb8daa8a45417d046fb
2025-01-14,THARIODE,750.5,775.6,201,253.26,768.3,116.75,58,0,,official_observed_reference,0ff85901ee156cb78f13363ee923d36c409857157a8d8cb8daa8a45417d046fb
2025-01-14,ANAYIRANKAL,1188,1207.008,48.968,65.616,1207,48.96,100,114.771,40.401,official_observed_reference,0ff85901ee156cb78f13363ee923d36c409857157a8d8cb8daa8a45417d046fb
2025-01-14,PONMUDI,678.8,707.745,47.4,63.516,703.95,36.69,77,0,,official_observed_reference,0ff85901ee156cb78f13363ee923d36c409857157a8d8cb8daa8a45417d046fb
2025-01-14,NERIAMANGALAM,445,456.59,5.557,4.835,453.45,3.53,64,3.071,1.447,official_observed_reference,0ff85901ee156cb78f13363ee923d36c409857157a8d8cb8daa8a45417d046fb
2025-01-14,PORINGAL,405.689,423.976,30.356,10.625,417.55,14.2,47,4.97,4.97,official_observed_reference,0ff85901ee156cb78f13363ee923d36c409857157a8d8cb8daa8a45417d046fb
2025-01-14,SENGULAM (SBR),844.86,847.6,1.614,0.71,847.1,,0,0,,official_observed_reference,0ff85901ee156cb78f13363ee923d36c409857157a8d8cb8daa8a45417d046fb
2025-01-14,LOWER PERIYAR,237.74,253,4.55,2.093,250.4,3.44,76,1.582,1.582,official_observed_reference,0ff85901ee156cb78f13363ee923d36c409857157a8d8cb8daa8a45417d046fb
2025-01-14,KAKKAD,181.36,192.63,1.16,0.358,186,,0,0,,official_observed_reference,0ff85901ee156cb78f13363ee923d36c409857157a8d8cb8daa8a45417d046fb
2025-01-15,IDUKKI,694.944,732.43,1460,2190,723.809,1001.71,69,1502.565,1472.514,official_observed_reference,37a2dbe4932f4da768e6e58e37b51bee9b3a9a2b56c36b4a70fb4c79630dafef
2025-01-15,PAMBA,963.168,986.332,31.001,59.46,971,7.15,62,571.984,481.773,official_observed_reference,37a2dbe4932f4da768e6e58e37b51bee9b3a9a2b56c36b4a70fb4c79630dafef
2025-01-15,KAKKI,908.304,981.456,446.542,856.467,970.943,291.069,0,0,,official_observed_reference,37a2dbe4932f4da768e6e58e37b51bee9b3a9a2b56c36b4a70fb4c79630dafef
2025-01-15,SHOLAYAR,779.374,811.68,149.23,152.065,809.732,131.804,88,134.309,87.913,official_observed_reference,37a2dbe4932f4da768e6e58e37b51bee9b3a9a2b56c36b4a70fb4c79630dafef
2025-01-15,IDAMALAYAR,115,169,1017.8,254.45,158.56,719.97,71,179.993,179.993,official_observed_reference,37a2dbe4932f4da768e6e58e37b51bee9b3a9a2b56c36b4a70fb4c79630dafef
2025-01-15,KUNDALA,1735.836,1758.696,7.787,22.738,1758.05,7.285,94,152.015,65.752,official_observed_reference,37a2dbe4932f4da768e6e58e37b51bee9b3a9a2b56c36b4a70fb4c79630dafef
2025-01-15,MADUPPATTY,1554.48,1599.59,55.217,161.234,1595.75,44.775,81,0,,official_observed_reference,37a2dbe4932f4da768e6e58e37b51bee9b3a9a2b56c36b4a70fb4c79630dafef
2025-01-15,KUTTIADI,737.616,758.037,33.99,42.827,756.27,29.562,87,184.353,178.501,official_observed_reference,37a2dbe4932f4da768e6e58e37b51bee9b3a9a2b56c36b4a70fb4c79630dafef
2025-01-15,THARIODE,750.5,775.6,201,253.26,768.3,116.75,58,0,,official_observed_reference,37a2dbe4932f4da768e6e58e37b51bee9b3a9a2b56c36b4a70fb4c79630dafef
2025-01-15,ANAYIRANKAL,1188,1207.008,48.968,65.616,1207.02,48.96,100,114.101,40.165,official_observed_reference,37a2dbe4932f4da768e6e58e37b51bee9b3a9a2b56c36b4a70fb4c79630dafef
2025-01-15,PONMUDI,678.8,707.745,47.4,63.516,703.75,36.19,76,0,,official_observed_reference,37a2dbe4932f4da768e6e58e37b51bee9b3a9a2b56c36b4a70fb4c79630dafef
2025-01-15,NERIAMANGALAM,445,456.59,5.557,4.835,453.35,3.47,62,3.019,1.422,official_observed_reference,37a2dbe4932f4da768e6e58e37b51bee9b3a9a2b56c36b4a70fb4c79630dafef
2025-01-15,PORINGAL,405.689,423.976,30.356,10.625,417.45,14,46,4.9,4.9,official_observed_reference,37a2dbe4932f4da768e6e58e37b51bee9b3a9a2b56c36b4a70fb4c79630dafef
2025-01-15,SENGULAM (SBR),844.86,847.6,1.614,0.71,846.9,,0,0,,official_observed_reference,37a2dbe4932f4da768e6e58e37b51bee9b3a9a2b56c36b4a70fb4c79630dafef
2025-01-15,LOWER PERIYAR,237.74,253,4.55,2.093,250.4,3.44,76,1.582,1.582,official_observed_reference,37a2dbe4932f4da768e6e58e37b51bee9b3a9a2b56c36b4a70fb4c79630dafef
2025-01-15,KAKKAD,181.36,192.63,1.16,0.358,185.7,,0,0,,official_observed_reference,37a2dbe4932f4da768e6e58e37b51bee9b3a9a2b56c36b4a70fb4c79630dafef
2025-01-16,IDUKKI,694.944,732.43,1460,2190,723.729,998.021,68,1497.032,1467.091,official_observed_reference,f0ab1a8e5e7578e9c2351c7638604db88bbf944391f0fca69279131d29898753
2025-01-16,PAMBA,963.168,986.332,31.001,59.46,970.95,7.1,62,570.689,480.682,official_observed_reference,f0ab1a8e5e7578e9c2351c7638604db88bbf944391f0fca69279131d29898753
2025-01-16,KAKKI,908.304,981.456,446.542,856.467,970.886,290.444,0,0,,official_observed_reference,f0ab1a8e5e7578e9c2351c7638604db88bbf944391f0fca69279131d29898753
2025-01-16,SHOLAYAR,779.374,811.68,149.23,152.065,809.884,133.107,89,135.636,88.782,official_observed_reference,f0ab1a8e5e7578e9c2351c7638604db88bbf944391f0fca69279131d29898753
2025-01-16,IDAMALAYAR,115,169,1017.8,254.45,158.45,717,70,179.25,179.25,official_observed_reference,f0ab1a8e5e7578e9c2351c7638604db88bbf944391f0fca69279131d29898753
2025-01-16,KUNDALA,1735.836,1758.696,7.787,22.738,1758.05,7.285,94,151.285,65.436,official_observed_reference,f0ab1a8e5e7578e9c2351c7638604db88bbf944391f0fca69279131d29898753
2025-01-16,MADUPPATTY,1554.48,1599.59,55.217,161.234,1595.65,44.525,81,0,,official_observed_reference,f0ab1a8e5e7578e9c2351c7638604db88bbf944391f0fca69279131d29898753
2025-01-16,KUTTIADI,737.616,758.037,33.99,42.827,755.965,28.8,85,183.393,177.571,official_observed_reference,f0ab1a8e5e7578e9c2351c7638604db88bbf944391f0fca69279131d29898753
2025-01-16,THARIODE,750.5,775.6,201,253.26,768.3,116.75,58,0,,official_observed_reference,f0ab1a8e5e7578e9c2351c7638604db88bbf944391f0fca69279131d29898753
2025-01-16,ANAYIRANKAL,1188,1207.008,48.968,65.616,1207.02,48.96,100,113.431,39.929,official_observed_reference,f0ab1a8e5e7578e9c2351c7638604db88bbf944391f0fca69279131d29898753
2025-01-16,PONMUDI,678.8,707.745,47.4,63.516,703.55,35.69,75,0,,official_observed_reference,f0ab1a8e5e7578e9c2351c7638604db88bbf944391f0fca69279131d29898753
2025-01-16,NERIAMANGALAM,445,456.59,5.557,4.835,453.3,3.44,62,2.993,1.41,official_observed_reference,f0ab1a8e5e7578e9c2351c7638604db88bbf944391f0fca69279131d29898753
2025-01-16,PORINGAL,405.689,423.976,30.356,10.625,417.25,13.6,45,4.76,4.76,official_observed_reference,f0ab1a8e5e7578e9c2351c7638604db88bbf944391f0fca69279131d29898753
2025-01-16,SENGULAM (SBR),844.86,847.6,1.614,0.71,846.7,,0,0,,official_observed_reference,f0ab1a8e5e7578e9c2351c7638604db88bbf944391f0fca69279131d29898753
2025-01-16,LOWER PERIYAR,237.74,253,4.55,2.093,250.6,3.51,77,1.615,1.615,official_observed_reference,f0ab1a8e5e7578e9c2351c7638604db88bbf944391f0fca69279131d29898753
2025-01-16,KAKKAD,181.36,192.63,1.16,0.358,185.8,,0,0,,official_observed_reference,f0ab1a8e5e7578e9c2351c7638604db88bbf944391f0fca69279131d29898753
2025-01-17,IDUKKI,694.944,732.43,1460,2190,723.656,994.616,68,1491.924,1462.086,official_observed_reference,9d18cb5df66997bb62d3d72bce8b2e0568ef76190674380f1ecbb80a00522978
2025-01-17,PAMBA,963.168,986.332,31.001,59.46,970.85,7,62,567.824,478.269,official_observed_reference,9d18cb5df66997bb62d3d72bce8b2e0568ef76190674380f1ecbb80a00522978
2025-01-17,KAKKI,908.304,981.456,446.542,856.467,970.775,289.05,0,0,,official_observed_reference,9d18cb5df66997bb62d3d72bce8b2e0568ef76190674380f1ecbb80a00522978
2025-01-17,SHOLAYAR,779.374,811.68,149.23,152.065,810.006,134.155,90,136.704,89.481,official_observed_reference,9d18cb5df66997bb62d3d72bce8b2e0568ef76190674380f1ecbb80a00522978
2025-01-17,IDAMALAYAR,115,169,1017.8,254.45,158.28,712.41,70,178.103,178.103,official_observed_reference,9d18cb5df66997bb62d3d72bce8b2e0568ef76190674380f1ecbb80a00522978
2025-01-17,KUNDALA,1735.836,1758.696,7.787,22.738,1758.05,7.285,94,150.92,65.278,official_observed_reference,9d18cb5df66997bb62d3d72bce8b2e0568ef76190674380f1ecbb80a00522978
2025-01-17,MADUPPATTY,1554.48,1599.59,55.217,161.234,1595.6,44.4,80,0,,official_observed_reference,9d18cb5df66997bb62d3d72bce8b2e0568ef76190674380f1ecbb80a00522978
2025-01-17,KUTTIADI,737.616,758.037,33.99,42.827,755.965,28.8,85,182.637,176.839,official_observed_reference,9d18cb5df66997bb62d3d72bce8b2e0568ef76190674380f1ecbb80a00522978
2025-01-17,THARIODE,750.5,775.6,201,253.26,768.25,116.15,58,0,,official_observed_reference,9d18cb5df66997bb62d3d72bce8b2e0568ef76190674380f1ecbb80a00522978
2025-01-17,ANAYIRANKAL,1188,1207.008,48.968,65.616,1207.02,48.968,100,112.611,39.641,official_observed_reference,9d18cb5df66997bb62d3d72bce8b2e0568ef76190674380f1ecbb80a00522978
2025-01-17,PONMUDI,678.8,707.745,47.4,63.516,703.25,35.07,74,0,,official_observed_reference,9d18cb5df66997bb62d3d72bce8b2e0568ef76190674380f1ecbb80a00522978
2025-01-17,NERIAMANGALAM,445,456.59,5.557,4.835,454,3.86,69,3.358,1.582,official_observed_reference,9d18cb5df66997bb62d3d72bce8b2e0568ef76190674380f1ecbb80a00522978
2025-01-17,PORINGAL,405.689,423.976,30.356,10.625,417.25,13.6,45,4.76,4.76,official_observed_reference,9d18cb5df66997bb62d3d72bce8b2e0568ef76190674380f1ecbb80a00522978
2025-01-17,SENGULAM (SBR),844.86,847.6,1.614,0.71,846.65,,0,0,,official_observed_reference,9d18cb5df66997bb62d3d72bce8b2e0568ef76190674380f1ecbb80a00522978
2025-01-17,LOWER PERIYAR,237.74,253,4.55,2.093,250.7,3.56,78,1.638,1.638,official_observed_reference,9d18cb5df66997bb62d3d72bce8b2e0568ef76190674380f1ecbb80a00522978
2025-01-17,KAKKAD,181.36,192.63,1.16,0.358,185.15,,0,0,,official_observed_reference,9d18cb5df66997bb62d3d72bce8b2e0568ef76190674380f1ecbb80a00522978
2025-01-18,IDUKKI,694.944,732.43,1460,2190,723.595,991.779,68,1487.669,1457.915,official_observed_reference,148a14b779f2dda5aa3ba49fd6c5f7960bc5f1f8e0bc05194101bfd5308eeb8f
2025-01-18,PAMBA,963.168,986.332,31.001,59.46,970.8,6.95,62,566.577,477.219,official_observed_reference,148a14b779f2dda5aa3ba49fd6c5f7960bc5f1f8e0bc05194101bfd5308eeb8f
2025-01-18,KAKKI,908.304,981.456,446.542,856.467,970.73,288.45,0,0,,official_observed_reference,148a14b779f2dda5aa3ba49fd6c5f7960bc5f1f8e0bc05194101bfd5308eeb8f
2025-01-18,SHOLAYAR,779.374,811.68,149.23,152.065,810.097,134.948,90,137.512,90.01,official_observed_reference,148a14b779f2dda5aa3ba49fd6c5f7960bc5f1f8e0bc05194101bfd5308eeb8f
2025-01-18,IDAMALAYAR,115,169,1017.8,254.45,158.18,709.72,70,177.43,177.43,official_observed_reference,148a14b779f2dda5aa3ba49fd6c5f7960bc5f1f8e0bc05194101bfd5308eeb8f
2025-01-18,KUNDALA,1735.836,1758.696,7.787,22.738,1758,7.25,93,150.088,64.918,official_observed_reference,148a14b779f2dda5aa3ba49fd6c5f7960bc5f1f8e0bc05194101bfd5308eeb8f
2025-01-18,MADUPPATTY,1554.48,1599.59,55.217,161.234,1595.5,44.15,80,0,,official_observed_reference,148a14b779f2dda5aa3ba49fd6c5f7960bc5f1f8e0bc05194101bfd5308eeb8f
2025-01-18,KUTTIADI,737.616,758.037,33.99,42.827,755.965,28.8,85,182.133,176.351,official_observed_reference,148a14b779f2dda5aa3ba49fd6c5f7960bc5f1f8e0bc05194101bfd5308eeb8f
2025-01-18,THARIODE,750.5,775.6,201,253.26,768.2,115.75,58,0,,official_observed_reference,148a14b779f2dda5aa3ba49fd6c5f7960bc5f1f8e0bc05194101bfd5308eeb8f
2025-01-18,ANAYIRANKAL,1188,1207.008,48.968,65.616,1207.02,48.968,100,112.343,39.546,official_observed_reference,148a14b779f2dda5aa3ba49fd6c5f7960bc5f1f8e0bc05194101bfd5308eeb8f
2025-01-18,PONMUDI,678.8,707.745,47.4,63.516,703.15,34.87,74,0,,official_observed_reference,148a14b779f2dda5aa3ba49fd6c5f7960bc5f1f8e0bc05194101bfd5308eeb8f
2025-01-18,NERIAMANGALAM,445,456.59,5.557,4.835,453.9,3.8,68,3.306,1.557,official_observed_reference,148a14b779f2dda5aa3ba49fd6c5f7960bc5f1f8e0bc05194101bfd5308eeb8f
2025-01-18,PORINGAL,405.689,423.976,30.356,10.625,417.3,13.7,45,4.795,4.795,official_observed_reference,148a14b779f2dda5aa3ba49fd6c5f7960bc5f1f8e0bc05194101bfd5308eeb8f
2025-01-18,SENGULAM (SBR),844.86,847.6,1.614,0.71,846.7,,0,0,,official_observed_reference,148a14b779f2dda5aa3ba49fd6c5f7960bc5f1f8e0bc05194101bfd5308eeb8f
2025-01-18,LOWER PERIYAR,237.74,253,4.55,2.093,250.1,3.31,73,1.523,1.523,official_observed_reference,148a14b779f2dda5aa3ba49fd6c5f7960bc5f1f8e0bc05194101bfd5308eeb8f
2025-01-18,KAKKAD,181.36,192.63,1.16,0.358,185,,0,0,,official_observed_reference,148a14b779f2dda5aa3ba49fd6c5f7960bc5f1f8e0bc05194101bfd5308eeb8f
2025-01-19,IDUKKI,694.944,732.43,1460,2190,723.546,989.504,68,1484.256,1454.571,official_observed_reference,b9bf8a4c0beddac9c2c42f8ac9e30b4216bfff64fbe5b4001962894006514e97
2025-01-19,PAMBA,963.168,986.332,31.001,59.46,970.9,7.05,62,569.993,480.096,official_observed_reference,b9bf8a4c0beddac9c2c42f8ac9e30b4216bfff64fbe5b4001962894006514e97
2025-01-19,KAKKI,908.304,981.456,446.542,856.467,970.867,290.131,0,0,,official_observed_reference,b9bf8a4c0beddac9c2c42f8ac9e30b4216bfff64fbe5b4001962894006514e97
2025-01-19,SHOLAYAR,779.374,811.68,149.23,152.065,810.219,136.024,91,138.608,90.728,official_observed_reference,b9bf8a4c0beddac9c2c42f8ac9e30b4216bfff64fbe5b4001962894006514e97
2025-01-19,IDAMALAYAR,115,169,1017.8,254.45,158.13,708.395,70,177.099,177.099,official_observed_reference,b9bf8a4c0beddac9c2c42f8ac9e30b4216bfff64fbe5b4001962894006514e97
2025-01-19,KUNDALA,1735.836,1758.696,7.787,22.738,1758,7.25,93,150.453,65.076,official_observed_reference,b9bf8a4c0beddac9c2c42f8ac9e30b4216bfff64fbe5b4001962894006514e97
2025-01-19,MADUPPATTY,1554.48,1599.59,55.217,161.234,1595.55,44.275,80,0,,official_observed_reference,b9bf8a4c0beddac9c2c42f8ac9e30b4216bfff64fbe5b4001962894006514e97
2025-01-19,KUTTIADI,737.616,758.037,33.99,42.827,756.148,29.257,86,180.945,175.201,official_observed_reference,b9bf8a4c0beddac9c2c42f8ac9e30b4216bfff64fbe5b4001962894006514e97
2025-01-19,THARIODE,750.5,775.6,201,253.26,768.1,114.35,57,0,,official_observed_reference,b9bf8a4c0beddac9c2c42f8ac9e30b4216bfff64fbe5b4001962894006514e97
2025-01-19,ANAYIRANKAL,1188,1207.008,48.968,65.616,1207.05,48.968,100,112.477,39.594,official_observed_reference,b9bf8a4c0beddac9c2c42f8ac9e30b4216bfff64fbe5b4001962894006514e97
2025-01-19,PONMUDI,678.8,707.745,47.4,63.516,703.2,34.97,74,0,,official_observed_reference,b9bf8a4c0beddac9c2c42f8ac9e30b4216bfff64fbe5b4001962894006514e97
2025-01-19,NERIAMANGALAM,445,456.59,5.557,4.835,454.2,3.98,72,3.463,1.631,official_observed_reference,b9bf8a4c0beddac9c2c42f8ac9e30b4216bfff64fbe5b4001962894006514e97
2025-01-19,PORINGAL,405.689,423.976,30.356,10.625,417.5,14.1,46,4.935,4.935,official_observed_reference,b9bf8a4c0beddac9c2c42f8ac9e30b4216bfff64fbe5b4001962894006514e97
2025-01-19,SENGULAM (SBR),844.86,847.6,1.614,0.71,847.15,,0,0,,official_observed_reference,b9bf8a4c0beddac9c2c42f8ac9e30b4216bfff64fbe5b4001962894006514e97
2025-01-19,LOWER PERIYAR,237.74,253,4.55,2.093,250,3.28,72,1.509,1.509,official_observed_reference,b9bf8a4c0beddac9c2c42f8ac9e30b4216bfff64fbe5b4001962894006514e97
2025-01-19,KAKKAD,181.36,192.63,1.16,0.358,185.4,,0,0,,official_observed_reference,b9bf8a4c0beddac9c2c42f8ac9e30b4216bfff64fbe5b4001962894006514e97
2025-01-20,IDUKKI,694.944,732.43,1460,2190,723.485,986.661,68,1479.992,1450.392,official_observed_reference,a25fbf504a6d0d0870bde324b88cf684265ba1b8014b0629e34b1e523f97515a
2025-01-20,PAMBA,963.168,986.332,31.001,59.46,970.8,6.95,62,569.203,479.43,official_observed_reference,a25fbf504a6d0d0870bde324b88cf684265ba1b8014b0629e34b1e523f97515a
2025-01-20,KAKKI,908.304,981.456,446.542,856.467,970.83,289.819,0,0,,official_observed_reference,a25fbf504a6d0d0870bde324b88cf684265ba1b8014b0629e34b1e523f97515a
2025-01-20,SHOLAYAR,779.374,811.68,149.23,152.065,810.341,137.086,92,139.691,91.436,official_observed_reference,a25fbf504a6d0d0870bde324b88cf684265ba1b8014b0629e34b1e523f97515a
2025-01-20,IDAMALAYAR,115,169,1017.8,254.45,157.99,704.745,69,176.186,176.186,official_observed_reference,a25fbf504a6d0d0870bde324b88cf684265ba1b8014b0629e34b1e523f97515a
2025-01-20,KUNDALA,1735.836,1758.696,7.787,22.738,1758.05,7.285,94,150.19,64.962,official_observed_reference,a25fbf504a6d0d0870bde324b88cf684265ba1b8014b0629e34b1e523f97515a
2025-01-20,MADUPPATTY,1554.48,1599.59,55.217,161.234,1595.5,44.15,80,0,,official_observed_reference,a25fbf504a6d0d0870bde324b88cf684265ba1b8014b0629e34b1e523f97515a
2025-01-20,KUTTIADI,737.616,758.037,33.99,42.827,756.026,28.952,85,179.301,173.609,official_observed_reference,a25fbf504a6d0d0870bde324b88cf684265ba1b8014b0629e34b1e523f97515a
2025-01-20,THARIODE,750.5,775.6,201,253.26,768,113.35,56,0,,official_observed_reference,a25fbf504a6d0d0870bde324b88cf684265ba1b8014b0629e34b1e523f97515a
2025-01-20,ANAYIRANKAL,1188,1207.008,48.968,65.616,1207.05,48.968,100,112.477,39.594,official_observed_reference,a25fbf504a6d0d0870bde324b88cf684265ba1b8014b0629e34b1e523f97515a
2025-01-20,PONMUDI,678.8,707.745,47.4,63.516,703.2,34.97,74,0,,official_observed_reference,a25fbf504a6d0d0870bde324b88cf684265ba1b8014b0629e34b1e523f97515a
2025-01-20,NERIAMANGALAM,445,456.59,5.557,4.835,453.7,3.68,66,3.202,1.508,official_observed_reference,a25fbf504a6d0d0870bde324b88cf684265ba1b8014b0629e34b1e523f97515a
2025-01-20,PORINGAL,405.689,423.976,30.356,10.625,417.45,14,46,4.9,4.9,official_observed_reference,a25fbf504a6d0d0870bde324b88cf684265ba1b8014b0629e34b1e523f97515a
2025-01-20,SENGULAM (SBR),844.86,847.6,1.614,0.71,846.8,,0,0,,official_observed_reference,a25fbf504a6d0d0870bde324b88cf684265ba1b8014b0629e34b1e523f97515a
2025-01-20,LOWER PERIYAR,237.74,253,4.55,2.093,250.2,3.36,74,1.546,1.546,official_observed_reference,a25fbf504a6d0d0870bde324b88cf684265ba1b8014b0629e34b1e523f97515a
2025-01-20,KAKKAD,181.36,192.63,1.16,0.358,187,,0,0,,official_observed_reference,a25fbf504a6d0d0870bde324b88cf684265ba1b8014b0629e34b1e523f97515a
2025-01-21,IDUKKI,694.944,732.43,1460,2190,723.418,983.534,67,1475.301,1445.795,official_observed_reference,98fae46d883a1430a08cf37d63f1fe31633fcc2a7c9613cfe349b17c2c0e7f26
2025-01-21,PAMBA,963.168,986.332,31.001,59.46,970.8,6.95,62,567.728,478.188,official_observed_reference,98fae46d883a1430a08cf37d63f1fe31633fcc2a7c9613cfe349b17c2c0e7f26
2025-01-21,KAKKI,908.304,981.456,446.542,856.467,970.77,289.05,0,0,,official_observed_reference,98fae46d883a1430a08cf37d63f1fe31633fcc2a7c9613cfe349b17c2c0e7f26
2025-01-21,SHOLAYAR,779.374,811.68,149.23,152.065,810.372,137.355,92,139.965,91.616,official_observed_reference,98fae46d883a1430a08cf37d63f1fe31633fcc2a7c9613cfe349b17c2c0e7f26
2025-01-21,IDAMALAYAR,115,169,1017.8,254.45,157.9,702.45,69,175.613,175.613,official_observed_reference,98fae46d883a1430a08cf37d63f1fe31633fcc2a7c9613cfe349b17c2c0e7f26
2025-01-21,KUNDALA,1735.836,1758.696,7.787,22.738,1758.05,7.285,94,150.19,64.962,official_observed_reference,98fae46d883a1430a08cf37d63f1fe31633fcc2a7c9613cfe349b17c2c0e7f26
2025-01-21,MADUPPATTY,1554.48,1599.59,55.217,161.234,1595.5,44.15,80,0,,official_observed_reference,98fae46d883a1430a08cf37d63f1fe31633fcc2a7c9613cfe349b17c2c0e7f26
2025-01-21,KUTTIADI,737.616,758.037,33.99,42.827,756.057,29.029,85,179.145,173.458,official_observed_reference,98fae46d883a1430a08cf37d63f1fe31633fcc2a7c9613cfe349b17c2c0e7f26
2025-01-21,THARIODE,750.5,775.6,201,253.26,767.95,113.15,56,0,,official_observed_reference,98fae46d883a1430a08cf37d63f1fe31633fcc2a7c9613cfe349b17c2c0e7f26
2025-01-21,ANAYIRANKAL,1188,1207.008,48.968,65.616,1207.05,48.968,100,112.075,39.452,official_observed_reference,98fae46d883a1430a08cf37d63f1fe31633fcc2a7c9613cfe349b17c2c0e7f26
2025-01-21,PONMUDI,678.8,707.745,47.4,63.516,703.05,34.67,73,0,,official_observed_reference,98fae46d883a1430a08cf37d63f1fe31633fcc2a7c9613cfe349b17c2c0e7f26
2025-01-21,NERIAMANGALAM,445,456.59,5.557,4.835,453.5,3.56,64,3.097,1.459,official_observed_reference,98fae46d883a1430a08cf37d63f1fe31633fcc2a7c9613cfe349b17c2c0e7f26
2025-01-21,PORINGAL,405.689,423.976,30.356,10.625,417.45,14,46,4.9,4.9,official_observed_reference,98fae46d883a1430a08cf37d63f1fe31633fcc2a7c9613cfe349b17c2c0e7f26
2025-01-21,SENGULAM (SBR),844.86,847.6,1.614,0.71,846.45,,0,0,,official_observed_reference,98fae46d883a1430a08cf37d63f1fe31633fcc2a7c9613cfe349b17c2c0e7f26
2025-01-21,LOWER PERIYAR,237.74,253,4.55,2.093,250.5,3.48,76,1.601,1.601,official_observed_reference,98fae46d883a1430a08cf37d63f1fe31633fcc2a7c9613cfe349b17c2c0e7f26
2025-01-21,KAKKAD,181.36,192.63,1.16,0.358,185.7,,0,0,,official_observed_reference,98fae46d883a1430a08cf37d63f1fe31633fcc2a7c9613cfe349b17c2c0e7f26
2025-01-22,IDUKKI,694.944,732.43,1460,2190,723.339,979.838,67,1469.757,1440.362,official_observed_reference,7e722ad8fe97faa1f048a8018787222d50df49cbd7ee9c2165b72d0cc0ab494a
2025-01-22,PAMBA,963.168,986.332,31.001,59.46,970.75,6.9,62,566.481,477.138,official_observed_reference,7e722ad8fe97faa1f048a8018787222d50df49cbd7ee9c2165b72d0cc0ab494a
2025-01-22,KAKKI,908.304,981.456,446.542,856.467,970.72,288.45,0,0,,official_observed_reference,7e722ad8fe97faa1f048a8018787222d50df49cbd7ee9c2165b72d0cc0ab494a
2025-01-22,SHOLAYAR,779.374,811.68,149.23,152.065,810.372,137.355,92,139.965,91.616,official_observed_reference,7e722ad8fe97faa1f048a8018787222d50df49cbd7ee9c2165b72d0cc0ab494a
2025-01-22,IDAMALAYAR,115,169,1017.8,254.45,157.75,698.625,69,174.656,174.656,official_observed_reference,7e722ad8fe97faa1f048a8018787222d50df49cbd7ee9c2165b72d0cc0ab494a
2025-01-22,KUNDALA,1735.836,1758.696,7.787,22.738,1758,7.25,93,149.723,64.76,official_observed_reference,7e722ad8fe97faa1f048a8018787222d50df49cbd7ee9c2165b72d0cc0ab494a
2025-01-22,MADUPPATTY,1554.48,1599.59,55.217,161.234,1595.45,44.025,80,0,,official_observed_reference,7e722ad8fe97faa1f048a8018787222d50df49cbd7ee9c2165b72d0cc0ab494a
2025-01-22,KUTTIADI,737.616,758.037,33.99,42.827,756.179,29.334,86,178.017,172.366,official_observed_reference,7e722ad8fe97faa1f048a8018787222d50df49cbd7ee9c2165b72d0cc0ab494a
2025-01-22,THARIODE,750.5,775.6,201,253.26,767.8,111.95,56,0,,official_observed_reference,7e722ad8fe97faa1f048a8018787222d50df49cbd7ee9c2165b72d0cc0ab494a
2025-01-22,ANAYIRANKAL,1188,1207.008,48.968,65.616,1207.05,48.968,100,111.807,39.358,official_observed_reference,7e722ad8fe97faa1f048a8018787222d50df49cbd7ee9c2165b72d0cc0ab494a
2025-01-22,PONMUDI,678.8,707.745,47.4,63.516,702.95,34.47,73,0,,official_observed_reference,7e722ad8fe97faa1f048a8018787222d50df49cbd7ee9c2165b72d0cc0ab494a
2025-01-22,NERIAMANGALAM,445,456.59,5.557,4.835,452.95,3.23,58,2.81,1.324,official_observed_reference,7e722ad8fe97faa1f048a8018787222d50df49cbd7ee9c2165b72d0cc0ab494a
2025-01-22,PORINGAL,405.689,423.976,30.356,10.625,417.9,14.9,49,5.215,5.215,official_observed_reference,7e722ad8fe97faa1f048a8018787222d50df49cbd7ee9c2165b72d0cc0ab494a
2025-01-22,SENGULAM (SBR),844.86,847.6,1.614,0.71,846.5,,0,0,,official_observed_reference,7e722ad8fe97faa1f048a8018787222d50df49cbd7ee9c2165b72d0cc0ab494a
2025-01-22,LOWER PERIYAR,237.74,253,4.55,2.093,250.2,3.36,74,1.546,1.546,official_observed_reference,7e722ad8fe97faa1f048a8018787222d50df49cbd7ee9c2165b72d0cc0ab494a
2025-01-22,KAKKAD,181.36,192.63,1.16,0.358,185.9,,0,0,,official_observed_reference,7e722ad8fe97faa1f048a8018787222d50df49cbd7ee9c2165b72d0cc0ab494a
2025-01-23,IDUKKI,694.944,732.43,1460,2190,723.29,977.564,67,1466.346,1437.019,official_observed_reference,489cb04febf30087e3d54c4ba9eac080f6c0d4f4200c841a6db6cd321c233e5c
2025-01-23,PAMBA,963.168,986.332,31.001,59.46,970.75,6.9,62,565.043,475.926,official_observed_reference,489cb04febf30087e3d54c4ba9eac080f6c0d4f4200c841a6db6cd321c233e5c
2025-01-23,KAKKI,908.304,981.456,446.542,856.467,970.666,287.7,0,0,,official_observed_reference,489cb04febf30087e3d54c4ba9eac080f6c0d4f4200c841a6db6cd321c233e5c
2025-01-23,SHOLAYAR,779.374,811.68,149.23,152.065,810.372,137.355,92,139.965,91.616,official_observed_reference,489cb04febf30087e3d54c4ba9eac080f6c0d4f4200c841a6db6cd321c233e5c
2025-01-23,IDAMALAYAR,115,169,1017.8,254.45,157.66,696.33,68,174.083,174.083,official_observed_reference,489cb04febf30087e3d54c4ba9eac080f6c0d4f4200c841a6db6cd321c233e5c
2025-01-23,KUNDALA,1735.836,1758.696,7.787,22.738,1758,7.25,93,149.358,64.602,official_observed_reference,489cb04febf30087e3d54c4ba9eac080f6c0d4f4200c841a6db6cd321c233e5c
2025-01-23,MADUPPATTY,1554.48,1599.59,55.217,161.234,1595.4,43.9,80,0,,official_observed_reference,489cb04febf30087e3d54c4ba9eac080f6c0d4f4200c841a6db6cd321c233e5c
2025-01-23,KUTTIADI,737.616,758.037,33.99,42.827,756.179,29.334,86,177.009,171.39,official_observed_reference,489cb04febf30087e3d54c4ba9eac080f6c0d4f4200c841a6db6cd321c233e5c
2025-01-23,THARIODE,750.5,775.6,201,253.26,767.75,111.15,55,0,,official_observed_reference,489cb04febf30087e3d54c4ba9eac080f6c0d4f4200c841a6db6cd321c233e5c
2025-01-23,ANAYIRANKAL,1188,1207.008,48.968,65.616,1207.05,48.968,100,111.137,39.122,official_observed_reference,489cb04febf30087e3d54c4ba9eac080f6c0d4f4200c841a6db6cd321c233e5c
2025-01-23,PONMUDI,678.8,707.745,47.4,63.516,702.7,33.97,72,0,,official_observed_reference,489cb04febf30087e3d54c4ba9eac080f6c0d4f4200c841a6db6cd321c233e5c
2025-01-23,NERIAMANGALAM,445,456.59,5.557,4.835,452.2,2.85,51,2.48,1.168,official_observed_reference,489cb04febf30087e3d54c4ba9eac080f6c0d4f4200c841a6db6cd321c233e5c
2025-01-23,PORINGAL,405.689,423.976,30.356,10.625,417.85,14.8,49,5.18,5.18,official_observed_reference,489cb04febf30087e3d54c4ba9eac080f6c0d4f4200c841a6db6cd321c233e5c
2025-01-23,SENGULAM (SBR),844.86,847.6,1.614,0.71,846.4,,0,0,,official_observed_reference,489cb04febf30087e3d54c4ba9eac080f6c0d4f4200c841a6db6cd321c233e5c
2025-01-23,LOWER PERIYAR,237.74,253,4.55,2.093,250.3,3.39,75,1.559,1.559,official_observed_reference,489cb04febf30087e3d54c4ba9eac080f6c0d4f4200c841a6db6cd321c233e5c
2025-01-23,KAKKAD,181.36,192.63,1.16,0.358,186.5,,0,0,,official_observed_reference,489cb04febf30087e3d54c4ba9eac080f6c0d4f4200c841a6db6cd321c233e5c
2025-01-24,IDUKKI,694.944,732.43,1460,2190,723.229,974.726,67,1462.089,1432.847,official_observed_reference,0e1492ee96ef5128b936ce8f78a3845541adfc87e6a59229aa672683ac804ccb
2025-01-24,PAMBA,963.168,986.332,31.001,59.46,970.65,6.8,61,563.125,474.311,official_observed_reference,0e1492ee96ef5128b936ce8f78a3845541adfc87e6a59229aa672683ac804ccb
2025-01-24,KAKKI,908.304,981.456,446.542,856.467,970.589,286.8,0,0,,official_observed_reference,0e1492ee96ef5128b936ce8f78a3845541adfc87e6a59229aa672683ac804ccb
2025-01-24,SHOLAYAR,779.374,811.68,149.23,152.065,810.433,137.921,92,140.542,91.994,official_observed_reference,0e1492ee96ef5128b936ce8f78a3845541adfc87e6a59229aa672683ac804ccb
2025-01-24,IDAMALAYAR,115,169,1017.8,254.45,157.5,692.3,68,173.075,173.075,official_observed_reference,0e1492ee96ef5128b936ce8f78a3845541adfc87e6a59229aa672683ac804ccb
2025-01-24,KUNDALA,1735.836,1758.696,7.787,22.738,1758,7.25,93,148.628,64.287,official_observed_reference,0e1492ee96ef5128b936ce8f78a3845541adfc87e6a59229aa672683ac804ccb
2025-01-24,MADUPPATTY,1554.48,1599.59,55.217,161.234,1595.3,43.65,79,0,,official_observed_reference,0e1492ee96ef5128b936ce8f78a3845541adfc87e6a59229aa672683ac804ccb
2025-01-24,KUTTIADI,737.616,758.037,33.99,42.827,756.179,29.334,86,176.505,170.902,official_observed_reference,0e1492ee96ef5128b936ce8f78a3845541adfc87e6a59229aa672683ac804ccb
2025-01-24,THARIODE,750.5,775.6,201,253.26,767.7,110.75,55,0,,official_observed_reference,0e1492ee96ef5128b936ce8f78a3845541adfc87e6a59229aa672683ac804ccb
2025-01-24,ANAYIRANKAL,1188,1207.008,48.968,65.616,1207.04,48.968,100,111.003,39.075,official_observed_reference,0e1492ee96ef5128b936ce8f78a3845541adfc87e6a59229aa672683ac804ccb
2025-01-24,PONMUDI,678.8,707.745,47.4,63.516,702.65,33.87,71,0,,official_observed_reference,0e1492ee96ef5128b936ce8f78a3845541adfc87e6a59229aa672683ac804ccb
2025-01-24,NERIAMANGALAM,445,456.59,5.557,4.835,452,2.75,49,2.393,1.127,official_observed_reference,0e1492ee96ef5128b936ce8f78a3845541adfc87e6a59229aa672683ac804ccb
2025-01-24,PORINGAL,405.689,423.976,30.356,10.625,417.9,14.9,49,5.215,5.215,official_observed_reference,0e1492ee96ef5128b936ce8f78a3845541adfc87e6a59229aa672683ac804ccb
2025-01-24,SENGULAM (SBR),844.86,847.6,1.614,0.71,846.6,,0,0,,official_observed_reference,0e1492ee96ef5128b936ce8f78a3845541adfc87e6a59229aa672683ac804ccb
2025-01-24,LOWER PERIYAR,237.74,253,4.55,2.093,250.2,3.36,74,1.546,1.546,official_observed_reference,0e1492ee96ef5128b936ce8f78a3845541adfc87e6a59229aa672683ac804ccb
2025-01-24,KAKKAD,181.36,192.63,1.16,0.358,185.5,,0,0,,official_observed_reference,0e1492ee96ef5128b936ce8f78a3845541adfc87e6a59229aa672683ac804ccb
2025-01-25,IDUKKI,694.944,732.43,1460,2190,723.169,971.889,67,1457.834,1428.677,official_observed_reference,c9a7bfbaf3ca850e2f3ebee2c70906df96fffd1b422cbed9fc5a279ec985a69c
2025-01-25,PAMBA,963.168,986.332,31.001,59.46,970.6,6.75,61,561.59,473.018,official_observed_reference,c9a7bfbaf3ca850e2f3ebee2c70906df96fffd1b422cbed9fc5a279ec985a69c
2025-01-25,KAKKI,908.304,981.456,446.542,856.467,970.528,286.05,0,0,,official_observed_reference,c9a7bfbaf3ca850e2f3ebee2c70906df96fffd1b422cbed9fc5a279ec985a69c
2025-01-25,SHOLAYAR,779.374,811.68,149.23,152.065,810.463,138.205,93,140.83,92.182,official_observed_reference,c9a7bfbaf3ca850e2f3ebee2c70906df96fffd1b422cbed9fc5a279ec985a69c
2025-01-25,IDAMALAYAR,115,169,1017.8,254.45,157.37,689.056,68,172.264,172.264,official_observed_reference,c9a7bfbaf3ca850e2f3ebee2c70906df96fffd1b422cbed9fc5a279ec985a69c
2025-01-25,KUNDALA,1735.836,1758.696,7.787,22.738,1758,7.25,93,148.628,64.287,official_observed_reference,c9a7bfbaf3ca850e2f3ebee2c70906df96fffd1b422cbed9fc5a279ec985a69c
2025-01-25,MADUPPATTY,1554.48,1599.59,55.217,161.234,1595.25,43.65,79,0,,official_observed_reference,c9a7bfbaf3ca850e2f3ebee2c70906df96fffd1b422cbed9fc5a279ec985a69c
2025-01-25,KUTTIADI,737.616,758.037,33.99,42.827,756.24,29.486,87,175.437,169.868,official_observed_reference,c9a7bfbaf3ca850e2f3ebee2c70906df96fffd1b422cbed9fc5a279ec985a69c
2025-01-25,THARIODE,750.5,775.6,201,253.26,767.6,109.75,55,0,,official_observed_reference,c9a7bfbaf3ca850e2f3ebee2c70906df96fffd1b422cbed9fc5a279ec985a69c
2025-01-25,ANAYIRANKAL,1188,1207.008,48.968,65.616,1207.04,48.968,100,110.333,38.839,official_observed_reference,c9a7bfbaf3ca850e2f3ebee2c70906df96fffd1b422cbed9fc5a279ec985a69c
2025-01-25,PONMUDI,678.8,707.745,47.4,63.516,702.4,33.37,70,0,,official_observed_reference,c9a7bfbaf3ca850e2f3ebee2c70906df96fffd1b422cbed9fc5a279ec985a69c
2025-01-25,NERIAMANGALAM,445,456.59,5.557,4.835,453,3.26,59,2.836,1.336,official_observed_reference,c9a7bfbaf3ca850e2f3ebee2c70906df96fffd1b422cbed9fc5a279ec985a69c
2025-01-25,PORINGAL,405.689,423.976,30.356,10.625,417.9,14.9,49,5.215,5.215,official_observed_reference,c9a7bfbaf3ca850e2f3ebee2c70906df96fffd1b422cbed9fc5a279ec985a69c
2025-01-25,SENGULAM (SBR),844.86,847.6,1.614,0.71,846.4,,0,0,,official_observed_reference,c9a7bfbaf3ca850e2f3ebee2c70906df96fffd1b422cbed9fc5a279ec985a69c
2025-01-25,LOWER PERIYAR,237.74,253,4.55,2.093,250.8,3.6,79,1.656,1.656,official_observed_reference,c9a7bfbaf3ca850e2f3ebee2c70906df96fffd1b422cbed9fc5a279ec985a69c
2025-01-25,KAKKAD,181.36,192.63,1.16,0.358,188.6,,0,0,,official_observed_reference,c9a7bfbaf3ca850e2f3ebee2c70906df96fffd1b422cbed9fc5a279ec985a69c
2025-01-26,IDUKKI,694.944,732.43,1460,2190,723.144,970.739,66,1456.109,1426.986,official_observed_reference,80180519407f269fd2538cf78f4d967140c4ec07b849a46386988123a670888e
2025-01-26,PAMBA,963.168,986.332,31.001,59.46,970.55,6.7,61,560.631,472.211,official_observed_reference,80180519407f269fd2538cf78f4d967140c4ec07b849a46386988123a670888e
2025-01-26,KAKKI,908.304,981.456,446.542,856.467,970.492,285.6,0,0,,official_observed_reference,80180519407f269fd2538cf78f4d967140c4ec07b849a46386988123a670888e
2025-01-26,SHOLAYAR,779.374,811.68,149.23,152.065,810.555,139.054,93,141.696,92.749,official_observed_reference,80180519407f269fd2538cf78f4d967140c4ec07b849a46386988123a670888e
2025-01-26,IDAMALAYAR,115,169,1017.8,254.45,157.28,686.86,67,171.715,171.715,official_observed_reference,80180519407f269fd2538cf78f4d967140c4ec07b849a46386988123a670888e
2025-01-26,KUNDALA,1735.836,1758.696,7.787,22.738,1757.95,7.215,93,147.796,63.927,official_observed_reference,80180519407f269fd2538cf78f4d967140c4ec07b849a46386988123a670888e
2025-01-26,MADUPPATTY,1554.48,1599.59,55.217,161.234,1595.2,43.4,79,0,,official_observed_reference,80180519407f269fd2538cf78f4d967140c4ec07b849a46386988123a670888e
2025-01-26,KUTTIADI,737.616,758.037,33.99,42.827,756.429,29.944,88,174.754,169.206,official_observed_reference,80180519407f269fd2538cf78f4d967140c4ec07b849a46386988123a670888e
2025-01-26,THARIODE,750.5,775.6,201,253.26,767.5,108.75,54,0,,official_observed_reference,80180519407f269fd2538cf78f4d967140c4ec07b849a46386988123a670888e
2025-01-26,ANAYIRANKAL,1188,1207.008,48.968,65.616,1207.03,48.968,100,109.931,38.697,official_observed_reference,80180519407f269fd2538cf78f4d967140c4ec07b849a46386988123a670888e
2025-01-26,PONMUDI,678.8,707.745,47.4,63.516,702.25,33.07,70,0,,official_observed_reference,80180519407f269fd2538cf78f4d967140c4ec07b849a46386988123a670888e
2025-01-26,NERIAMANGALAM,445,456.59,5.557,4.835,453.8,3.74,67,3.254,1.533,official_observed_reference,80180519407f269fd2538cf78f4d967140c4ec07b849a46386988123a670888e
2025-01-26,PORINGAL,405.689,423.976,30.356,10.625,417.95,15,49,5.25,5.25,official_observed_reference,80180519407f269fd2538cf78f4d967140c4ec07b849a46386988123a670888e
2025-01-26,SENGULAM (SBR),844.86,847.6,1.614,0.71,846.55,,0,0,,official_observed_reference,80180519407f269fd2538cf78f4d967140c4ec07b849a46386988123a670888e
2025-01-26,LOWER PERIYAR,237.74,253,4.55,2.093,250,,0,0,,official_observed_reference,80180519407f269fd2538cf78f4d967140c4ec07b849a46386988123a670888e
2025-01-26,KAKKAD,181.36,192.63,1.16,0.358,186.8,,0,0,,official_observed_reference,80180519407f269fd2538cf78f4d967140c4ec07b849a46386988123a670888e
2025-01-27,IDUKKI,694.944,732.43,1460,2190,723.089,968.201,66,1452.302,1423.255,official_observed_reference,5a6acde0c27fbd9a6ac110b78c4f77426a10a06bdade83567a5fac7337df3997
2025-01-27,PAMBA,963.168,986.332,31.001,59.46,970.5,6.65,61,559.097,470.918,official_observed_reference,5a6acde0c27fbd9a6ac110b78c4f77426a10a06bdade83567a5fac7337df3997
2025-01-27,KAKKI,908.304,981.456,446.542,856.467,970.419,284.85,0,0,,official_observed_reference,5a6acde0c27fbd9a6ac110b78c4f77426a10a06bdade83567a5fac7337df3997
2025-01-27,SHOLAYAR,779.374,811.68,149.23,152.065,810.55,139.05,93,141.692,92.746,official_observed_reference,5a6acde0c27fbd9a6ac110b78c4f77426a10a06bdade83567a5fac7337df3997
2025-01-27,IDAMALAYAR,115,169,1017.8,254.45,157.15,683.675,67,170.919,170.919,official_observed_reference,5a6acde0c27fbd9a6ac110b78c4f77426a10a06bdade83567a5fac7337df3997
2025-01-27,KUNDALA,1735.836,1758.696,7.787,22.738,1757.95,7.215,93,146.336,63.295,official_observed_reference,5a6acde0c27fbd9a6ac110b78c4f77426a10a06bdade83567a5fac7337df3997
2025-01-27,MADUPPATTY,1554.48,1599.59,55.217,161.234,1595,42.9,78,0,,official_observed_reference,5a6acde0c27fbd9a6ac110b78c4f77426a10a06bdade83567a5fac7337df3997
2025-01-27,KUTTIADI,737.616,758.037,33.99,42.827,756.365,29.791,88,173.302,167.8,official_observed_reference,5a6acde0c27fbd9a6ac110b78c4f77426a10a06bdade83567a5fac7337df3997
2025-01-27,THARIODE,750.5,775.6,201,253.26,767.4,107.75,54,0,,official_observed_reference,5a6acde0c27fbd9a6ac110b78c4f77426a10a06bdade83567a5fac7337df3997
2025-01-27,ANAYIRANKAL,1188,1207.008,48.968,65.616,1207.03,48.968,100,109.261,38.461,official_observed_reference,5a6acde0c27fbd9a6ac110b78c4f77426a10a06bdade83567a5fac7337df3997
2025-01-27,PONMUDI,678.8,707.745,47.4,63.516,702,32.57,69,0,,official_observed_reference,5a6acde0c27fbd9a6ac110b78c4f77426a10a06bdade83567a5fac7337df3997
2025-01-27,NERIAMANGALAM,445,456.59,5.557,4.835,453.85,3.77,68,3.28,1.545,official_observed_reference,5a6acde0c27fbd9a6ac110b78c4f77426a10a06bdade83567a5fac7337df3997
2025-01-27,PORINGAL,405.689,423.976,30.356,10.625,418,15.1,50,5.285,5.285,official_observed_reference,5a6acde0c27fbd9a6ac110b78c4f77426a10a06bdade83567a5fac7337df3997
2025-01-27,SENGULAM (SBR),844.86,847.6,1.614,0.71,846.8,,0,0,,official_observed_reference,5a6acde0c27fbd9a6ac110b78c4f77426a10a06bdade83567a5fac7337df3997
2025-01-27,LOWER PERIYAR,237.74,253,4.55,2.093,250,3.28,72,1.509,1.509,official_observed_reference,5a6acde0c27fbd9a6ac110b78c4f77426a10a06bdade83567a5fac7337df3997
2025-01-27,KAKKAD,181.36,192.63,1.16,0.358,186.5,,0,0,,official_observed_reference,5a6acde0c27fbd9a6ac110b78c4f77426a10a06bdade83567a5fac7337df3997
2025-01-28,IDUKKI,694.944,732.43,1460,2190,723.028,965.363,66,1448.045,1419.084,official_observed_reference,0f682bbbd69e4defe4e7d612ffb89de93f8f31ced00089c76e174987e382ef7d
2025-01-28,PAMBA,963.168,986.332,31.001,59.46,970.4,6.56,61,556.91,469.077,official_observed_reference,0f682bbbd69e4defe4e7d612ffb89de93f8f31ced00089c76e174987e382ef7d
2025-01-28,KAKKI,908.304,981.456,446.542,856.467,970.34,283.8,0,0,,official_observed_reference,0f682bbbd69e4defe4e7d612ffb89de93f8f31ced00089c76e174987e382ef7d
2025-01-28,SHOLAYAR,779.374,811.68,149.23,152.065,810.463,138.205,93,140.83,92.182,official_observed_reference,0f682bbbd69e4defe4e7d612ffb89de93f8f31ced00089c76e174987e382ef7d
2025-01-28,IDAMALAYAR,115,169,1017.8,254.45,156.96,679.04,67,169.76,169.76,official_observed_reference,0f682bbbd69e4defe4e7d612ffb89de93f8f31ced00089c76e174987e382ef7d
2025-01-28,KUNDALA,1735.836,1758.696,7.787,22.738,1757.95,7.215,93,145.971,63.137,official_observed_reference,0f682bbbd69e4defe4e7d612ffb89de93f8f31ced00089c76e174987e382ef7d
2025-01-28,MADUPPATTY,1554.48,1599.59,55.217,161.234,1594.95,42.775,77,0,,official_observed_reference,0f682bbbd69e4defe4e7d612ffb89de93f8f31ced00089c76e174987e382ef7d
2025-01-28,KUTTIADI,737.616,758.037,33.99,42.827,756.335,29.715,87,172.702,167.219,official_observed_reference,0f682bbbd69e4defe4e7d612ffb89de93f8f31ced00089c76e174987e382ef7d
2025-01-28,THARIODE,750.5,775.6,201,253.26,767.35,107.35,53,0,,official_observed_reference,0f682bbbd69e4defe4e7d612ffb89de93f8f31ced00089c76e174987e382ef7d
2025-01-28,ANAYIRANKAL,1188,1207.008,48.968,65.616,1207.02,48.968,100,108.993,38.367,official_observed_reference,0f682bbbd69e4defe4e7d612ffb89de93f8f31ced00089c76e174987e382ef7d
2025-01-28,PONMUDI,678.8,707.745,47.4,63.516,701.9,32.37,68,0,,official_observed_reference,0f682bbbd69e4defe4e7d612ffb89de93f8f31ced00089c76e174987e382ef7d
2025-01-28,NERIAMANGALAM,445,456.59,5.557,4.835,453.55,3.59,65,3.123,1.471,official_observed_reference,0f682bbbd69e4defe4e7d612ffb89de93f8f31ced00089c76e174987e382ef7d
2025-01-28,PORINGAL,405.689,423.976,30.356,10.625,418.1,15.3,50,5.355,5.355,official_observed_reference,0f682bbbd69e4defe4e7d612ffb89de93f8f31ced00089c76e174987e382ef7d
2025-01-28,SENGULAM (SBR),844.86,847.6,1.614,0.71,847.05,,0,0,,official_observed_reference,0f682bbbd69e4defe4e7d612ffb89de93f8f31ced00089c76e174987e382ef7d
2025-01-28,LOWER PERIYAR,237.74,253,4.55,2.093,250.4,3.44,76,1.582,1.582,official_observed_reference,0f682bbbd69e4defe4e7d612ffb89de93f8f31ced00089c76e174987e382ef7d
2025-01-28,KAKKAD,181.36,192.63,1.16,0.358,186.5,,0,0,,official_observed_reference,0f682bbbd69e4defe4e7d612ffb89de93f8f31ced00089c76e174987e382ef7d
2025-01-29,IDUKKI,694.944,732.43,1460,2190,722.986,963.377,66,1445.066,1416.164,official_observed_reference,9641be23cfeae5fe311681c6449a77d4dc688ade94155d410d4831a394dedb82
2025-01-29,PAMBA,963.168,986.332,31.001,59.46,970.35,6.5,61,555.357,467.768,official_observed_reference,9641be23cfeae5fe311681c6449a77d4dc688ade94155d410d4831a394dedb82
2025-01-29,KAKKI,908.304,981.456,446.542,856.467,970.27,283.05,0,0,,official_observed_reference,9641be23cfeae5fe311681c6449a77d4dc688ade94155d410d4831a394dedb82
2025-01-29,SHOLAYAR,779.374,811.68,149.23,152.065,810.372,137.355,92,139.965,91.616,official_observed_reference,9641be23cfeae5fe311681c6449a77d4dc688ade94155d410d4831a394dedb82
2025-01-29,IDAMALAYAR,115,169,1017.8,254.45,156.84,676.16,66,169.04,169.04,official_observed_reference,9641be23cfeae5fe311681c6449a77d4dc688ade94155d410d4831a394dedb82
2025-01-29,KUNDALA,1735.836,1758.696,7.787,22.738,1757.9,7.18,92,144.774,62.62,official_observed_reference,9641be23cfeae5fe311681c6449a77d4dc688ade94155d410d4831a394dedb82
2025-01-29,MADUPPATTY,1554.48,1599.59,55.217,161.234,1594.8,42.4,77,0,,official_observed_reference,9641be23cfeae5fe311681c6449a77d4dc688ade94155d410d4831a394dedb82
2025-01-29,KUTTIADI,737.616,758.037,33.99,42.827,756.209,29.41,87,171.057,165.627,official_observed_reference,9641be23cfeae5fe311681c6449a77d4dc688ade94155d410d4831a394dedb82
2025-01-29,THARIODE,750.5,775.6,201,253.26,767.25,106.35,53,0,,official_observed_reference,9641be23cfeae5fe311681c6449a77d4dc688ade94155d410d4831a394dedb82
2025-01-29,ANAYIRANKAL,1188,1207.008,48.968,65.616,1207.02,48.968,100,108.591,38.226,official_observed_reference,9641be23cfeae5fe311681c6449a77d4dc688ade94155d410d4831a394dedb82
2025-01-29,PONMUDI,678.8,707.745,47.4,63.516,701.75,32.07,68,0,,official_observed_reference,9641be23cfeae5fe311681c6449a77d4dc688ade94155d410d4831a394dedb82
2025-01-29,NERIAMANGALAM,445,456.59,5.557,4.835,453.9,3.8,68,3.306,1.557,official_observed_reference,9641be23cfeae5fe311681c6449a77d4dc688ade94155d410d4831a394dedb82
2025-01-29,PORINGAL,405.689,423.976,30.356,10.625,417.95,15,49,5.25,5.25,official_observed_reference,9641be23cfeae5fe311681c6449a77d4dc688ade94155d410d4831a394dedb82
2025-01-29,SENGULAM (SBR),844.86,847.6,1.614,0.71,846.6,,0,0,,official_observed_reference,9641be23cfeae5fe311681c6449a77d4dc688ade94155d410d4831a394dedb82
2025-01-29,LOWER PERIYAR,237.74,253,4.55,2.093,250.7,3.56,78,1.638,1.638,official_observed_reference,9641be23cfeae5fe311681c6449a77d4dc688ade94155d410d4831a394dedb82
2025-01-29,KAKKAD,181.36,192.63,1.16,0.358,186.2,,0,0,,official_observed_reference,9641be23cfeae5fe311681c6449a77d4dc688ade94155d410d4831a394dedb82
2025-01-30,IDUKKI,694.944,732.43,1460,2190,722.9,959.397,66,1439.096,1410.314,official_observed_reference,857d9741daa6cb36d02107725a77ef35286369cae5ad8954e2e3e4ca5a4c98e8
2025-01-30,PAMBA,963.168,986.332,31.001,59.46,970.25,6.4,60,553.727,466.395,official_observed_reference,857d9741daa6cb36d02107725a77ef35286369cae5ad8954e2e3e4ca5a4c98e8
2025-01-30,KAKKI,908.304,981.456,446.542,856.467,970.206,282.3,0,0,,official_observed_reference,857d9741daa6cb36d02107725a77ef35286369cae5ad8954e2e3e4ca5a4c98e8
2025-01-30,SHOLAYAR,779.374,811.68,149.23,152.065,810.25,136.293,91,138.883,90.907,official_observed_reference,857d9741daa6cb36d02107725a77ef35286369cae5ad8954e2e3e4ca5a4c98e8
2025-01-30,IDAMALAYAR,115,169,1017.8,254.45,156.74,673.76,66,168.44,168.44,official_observed_reference,857d9741daa6cb36d02107725a77ef35286369cae5ad8954e2e3e4ca5a4c98e8
2025-01-30,KUNDALA,1735.836,1758.696,7.787,22.738,1757.9,7.18,92,143.679,62.146,official_observed_reference,857d9741daa6cb36d02107725a77ef35286369cae5ad8954e2e3e4ca5a4c98e8
2025-01-30,MADUPPATTY,1554.48,1599.59,55.217,161.234,1594.65,42.025,76,0,,official_observed_reference,857d9741daa6cb36d02107725a77ef35286369cae5ad8954e2e3e4ca5a4c98e8
2025-01-30,KUTTIADI,737.616,758.037,33.99,42.827,756.057,29.029,85,169.317,163.942,official_observed_reference,857d9741daa6cb36d02107725a77ef35286369cae5ad8954e2e3e4ca5a4c98e8
2025-01-30,THARIODE,750.5,775.6,201,253.26,767.15,105.35,52,0,,official_observed_reference,857d9741daa6cb36d02107725a77ef35286369cae5ad8954e2e3e4ca5a4c98e8
2025-01-30,ANAYIRANKAL,1188,1207.008,48.968,65.616,1207.02,48.968,100,108.055,38.037,official_observed_reference,857d9741daa6cb36d02107725a77ef35286369cae5ad8954e2e3e4ca5a4c98e8
2025-01-30,PONMUDI,678.8,707.745,47.4,63.516,701.55,31.67,67,0,,official_observed_reference,857d9741daa6cb36d02107725a77ef35286369cae5ad8954e2e3e4ca5a4c98e8
2025-01-30,NERIAMANGALAM,445,456.59,5.557,4.835,453.45,3.53,64,3.071,1.447,official_observed_reference,857d9741daa6cb36d02107725a77ef35286369cae5ad8954e2e3e4ca5a4c98e8
2025-01-30,PORINGAL,405.689,423.976,30.356,10.625,418,15.1,50,5.285,5.285,official_observed_reference,857d9741daa6cb36d02107725a77ef35286369cae5ad8954e2e3e4ca5a4c98e8
2025-01-30,SENGULAM (SBR),844.86,847.6,1.614,0.71,846.45,,0,0,,official_observed_reference,857d9741daa6cb36d02107725a77ef35286369cae5ad8954e2e3e4ca5a4c98e8
2025-01-30,LOWER PERIYAR,237.74,253,4.55,2.093,249.7,3.16,69,1.454,1.454,official_observed_reference,857d9741daa6cb36d02107725a77ef35286369cae5ad8954e2e3e4ca5a4c98e8
2025-01-30,KAKKAD,181.36,192.63,1.16,0.358,186.5,,0,0,,official_observed_reference,857d9741daa6cb36d02107725a77ef35286369cae5ad8954e2e3e4ca5a4c98e8
2025-01-31,IDUKKI,694.944,732.43,1460,2190,722.809,955.132,65,1432.698,1404.044,official_observed_reference,7e46a042d2bf254fa2ed394943f28f2a04dec80849b1e713decd2e17f95c34b0
2025-01-31,PAMBA,963.168,986.332,31.001,59.46,970.15,6.3,60,551.233,464.295,official_observed_reference,7e46a042d2bf254fa2ed394943f28f2a04dec80849b1e713decd2e17f95c34b0
2025-01-31,KAKKI,908.304,981.456,446.542,856.467,970.117,281.1,0,0,,official_observed_reference,7e46a042d2bf254fa2ed394943f28f2a04dec80849b1e713decd2e17f95c34b0
2025-01-31,SHOLAYAR,779.374,811.68,149.23,152.065,810.128,135.217,91,137.786,90.19,official_observed_reference,7e46a042d2bf254fa2ed394943f28f2a04dec80849b1e713decd2e17f95c34b0
2025-01-31,IDAMALAYAR,115,169,1017.8,254.45,156.6,670.4,66,167.6,167.6,official_observed_reference,7e46a042d2bf254fa2ed394943f28f2a04dec80849b1e713decd2e17f95c34b0
2025-01-31,KUNDALA,1735.836,1758.696,7.787,22.738,1757.9,7.18,92,142.584,61.672,official_observed_reference,7e46a042d2bf254fa2ed394943f28f2a04dec80849b1e713decd2e17f95c34b0
2025-01-31,MADUPPATTY,1554.48,1599.59,55.217,161.234,1594.5,41.65,75,0,,official_observed_reference,7e46a042d2bf254fa2ed394943f28f2a04dec80849b1e713decd2e17f95c34b0
2025-01-31,KUTTIADI,737.616,758.037,33.99,42.827,755.874,28.571,84,167.985,162.652,official_observed_reference,7e46a042d2bf254fa2ed394943f28f2a04dec80849b1e713decd2e17f95c34b0
2025-01-31,THARIODE,750.5,775.6,201,253.26,767.1,104.75,52,0,,official_observed_reference,7e46a042d2bf254fa2ed394943f28f2a04dec80849b1e713decd2e17f95c34b0
2025-01-31,ANAYIRANKAL,1188,1207.008,48.968,65.616,1207.02,48.968,100,107.653,37.895,official_observed_reference,7e46a042d2bf254fa2ed394943f28f2a04dec80849b1e713decd2e17f95c34b0
2025-01-31,PONMUDI,678.8,707.745,47.4,63.516,701.4,31.37,66,0,,official_observed_reference,7e46a042d2bf254fa2ed394943f28f2a04dec80849b1e713decd2e17f95c34b0
2025-01-31,NERIAMANGALAM,445,456.59,5.557,4.835,452.8,3.15,57,2.741,1.291,official_observed_reference,7e46a042d2bf254fa2ed394943f28f2a04dec80849b1e713decd2e17f95c34b0
2025-01-31,PORINGAL,405.689,423.976,30.356,10.625,417.95,15,49,5.25,5.25,official_observed_reference,7e46a042d2bf254fa2ed394943f28f2a04dec80849b1e713decd2e17f95c34b0
2025-01-31,SENGULAM (SBR),844.86,847.6,1.614,0.71,846.3,,0,0,,official_observed_reference,7e46a042d2bf254fa2ed394943f28f2a04dec80849b1e713decd2e17f95c34b0
2025-01-31,LOWER PERIYAR,237.74,253,4.55,2.093,249.8,3.2,70,1.472,1.472,official_observed_reference,7e46a042d2bf254fa2ed394943f28f2a04dec80849b1e713decd2e17f95c34b0
2025-01-31,KAKKAD,181.36,192.63,1.16,0.358,187.5,,0,0,,official_observed_reference,7e46a042d2bf254fa2ed394943f28f2a04dec80849b1e713decd2e17f95c34b0
2025-02-01,IDUKKI,694.944,732.43,1460,2190,722.742,952.005,65,1428.008,1399.447,official_observed_reference,be170043c51fb01951daf3915ec1ec3971fa5064429919fa03c158f6a7c713b1
2025-02-01,PAMBA,963.168,986.332,31.001,59.46,970.1,6.25,60,549.411,462.76,official_observed_reference,be170043c51fb01951daf3915ec1ec3971fa5064429919fa03c158f6a7c713b1
2025-02-01,KAKKI,908.304,981.456,446.542,856.467,970.041,280.2,0,0,,official_observed_reference,be170043c51fb01951daf3915ec1ec3971fa5064429919fa03c158f6a7c713b1
2025-02-01,SHOLAYAR,779.374,811.68,149.23,152.065,810.037,134.41,90,136.963,89.651,official_observed_reference,be170043c51fb01951daf3915ec1ec3971fa5064429919fa03c158f6a7c713b1
2025-02-01,IDAMALAYAR,115,169,1017.8,254.45,156.46,667.04,66,166.76,166.76,official_observed_reference,be170043c51fb01951daf3915ec1ec3971fa5064429919fa03c158f6a7c713b1
2025-02-01,KUNDALA,1735.836,1758.696,7.787,22.738,1757.9,7.18,92,142.219,61.514,official_observed_reference,be170043c51fb01951daf3915ec1ec3971fa5064429919fa03c158f6a7c713b1
2025-02-01,MADUPPATTY,1554.48,1599.59,55.217,161.234,1594.45,41.525,75,0,,official_observed_reference,be170043c51fb01951daf3915ec1ec3971fa5064429919fa03c158f6a7c713b1
2025-02-01,KUTTIADI,737.616,758.037,33.99,42.827,755.813,28.419,84,167.289,161.978,official_observed_reference,be170043c51fb01951daf3915ec1ec3971fa5064429919fa03c158f6a7c713b1
2025-02-01,THARIODE,750.5,775.6,201,253.26,767.05,104.35,52,0,,official_observed_reference,be170043c51fb01951daf3915ec1ec3971fa5064429919fa03c158f6a7c713b1
2025-02-01,ANAYIRANKAL,1188,1207.008,48.968,65.616,1207.02,48.968,100,107.117,37.707,official_observed_reference,be170043c51fb01951daf3915ec1ec3971fa5064429919fa03c158f6a7c713b1
2025-02-01,PONMUDI,678.8,707.745,47.4,63.516,701.2,30.97,65,0,,official_observed_reference,be170043c51fb01951daf3915ec1ec3971fa5064429919fa03c158f6a7c713b1
2025-02-01,NERIAMANGALAM,445,456.59,5.557,4.835,452.7,3.1,56,2.697,1.27,official_observed_reference,be170043c51fb01951daf3915ec1ec3971fa5064429919fa03c158f6a7c713b1
2025-02-01,PORINGAL,405.689,423.976,30.356,10.625,417.95,15,49,5.25,5.25,official_observed_reference,be170043c51fb01951daf3915ec1ec3971fa5064429919fa03c158f6a7c713b1
2025-02-01,SENGULAM (SBR),844.86,847.6,1.614,0.71,846.65,,0,0,,official_observed_reference,be170043c51fb01951daf3915ec1ec3971fa5064429919fa03c158f6a7c713b1
2025-02-01,LOWER PERIYAR,237.74,253,4.55,2.093,249.3,3,66,1.38,1.38,official_observed_reference,be170043c51fb01951daf3915ec1ec3971fa5064429919fa03c158f6a7c713b1
2025-02-01,KAKKAD,181.36,192.63,1.16,0.358,186.5,,0,0,,official_observed_reference,be170043c51fb01951daf3915ec1ec3971fa5064429919fa03c158f6a7c713b1
2025-02-02,IDUKKI,694.944,732.43,1460,2190,722.693,949.731,65,1424.597,1396.105,official_observed_reference,66031fe5a9873f2e83b2069343196af19fa15aa19b8d28fda943972247c33e12
2025-02-02,PAMBA,963.168,986.332,31.001,59.46,970.05,6.2,60,547.877,461.468,official_observed_reference,66031fe5a9873f2e83b2069343196af19fa15aa19b8d28fda943972247c33e12
2025-02-02,KAKKI,908.304,981.456,446.542,856.467,969.977,279.45,0,0,,official_observed_reference,66031fe5a9873f2e83b2069343196af19fa15aa19b8d28fda943972247c33e12
2025-02-02,SHOLAYAR,779.374,811.68,149.23,152.065,809.945,133.631,90,136.17,89.132,official_observed_reference,66031fe5a9873f2e83b2069343196af19fa15aa19b8d28fda943972247c33e12
2025-02-02,IDAMALAYAR,115,169,1017.8,254.45,156.32,663.68,65,165.92,165.92,official_observed_reference,66031fe5a9873f2e83b2069343196af19fa15aa19b8d28fda943972247c33e12
2025-02-02,KUNDALA,1735.836,1758.696,7.787,22.738,1757.9,7.18,92,141.489,61.199,official_observed_reference,66031fe5a9873f2e83b2069343196af19fa15aa19b8d28fda943972247c33e12
2025-02-02,MADUPPATTY,1554.48,1599.59,55.217,161.234,1594.35,41.275,75,0,,official_observed_reference,66031fe5a9873f2e83b2069343196af19fa15aa19b8d28fda943972247c33e12
2025-02-02,KUTTIADI,737.616,758.037,33.99,42.827,755.813,28.419,84,166.029,160.758,official_observed_reference,66031fe5a9873f2e83b2069343196af19fa15aa19b8d28fda943972247c33e12
2025-02-02,THARIODE,750.5,775.6,201,253.26,766.95,103.35,51,0,,official_observed_reference,66031fe5a9873f2e83b2069343196af19fa15aa19b8d28fda943972247c33e12
2025-02-02,ANAYIRANKAL,1188,1207.008,48.968,65.616,1207.02,48.968,100,107.117,37.707,official_observed_reference,66031fe5a9873f2e83b2069343196af19fa15aa19b8d28fda943972247c33e12
2025-02-02,PONMUDI,678.8,707.745,47.4,63.516,700.95,30.97,65,0,,official_observed_reference,66031fe5a9873f2e83b2069343196af19fa15aa19b8d28fda943972247c33e12
2025-02-02,NERIAMANGALAM,445,456.59,5.557,4.835,453.8,3.74,67,3.254,1.533,official_observed_reference,66031fe5a9873f2e83b2069343196af19fa15aa19b8d28fda943972247c33e12
2025-02-02,PORINGAL,405.689,423.976,30.356,10.625,418.05,15.2,50,5.32,5.32,official_observed_reference,66031fe5a9873f2e83b2069343196af19fa15aa19b8d28fda943972247c33e12
2025-02-02,SENGULAM (SBR),844.86,847.6,1.614,0.71,846.55,,0,0,,official_observed_reference,66031fe5a9873f2e83b2069343196af19fa15aa19b8d28fda943972247c33e12
2025-02-02,LOWER PERIYAR,237.74,253,4.55,2.093,249.4,3.04,67,1.398,1.398,official_observed_reference,66031fe5a9873f2e83b2069343196af19fa15aa19b8d28fda943972247c33e12
2025-02-02,KAKKAD,181.36,192.63,1.16,0.358,189.2,,0,0,,official_observed_reference,66031fe5a9873f2e83b2069343196af19fa15aa19b8d28fda943972247c33e12
2025-02-03,IDUKKI,694.944,732.43,1460,2190,722.65,947.743,65,1421.615,1393.182,official_observed_reference,ff4c66bb3cfae31ff5fdd28f7b96f58d6a3d28aea9746ea469106a51b396cfd1
2025-02-03,PAMBA,963.168,986.332,31.001,59.46,969.95,6.1,59,544.808,458.883,official_observed_reference,ff4c66bb3cfae31ff5fdd28f7b96f58d6a3d28aea9746ea469106a51b396cfd1
2025-02-03,KAKKI,908.304,981.456,446.542,856.467,969.852,277.95,0,0,,official_observed_reference,ff4c66bb3cfae31ff5fdd28f7b96f58d6a3d28aea9746ea469106a51b396cfd1
2025-02-03,SHOLAYAR,779.374,811.68,149.23,152.065,809.793,132.342,89,134.857,88.272,official_observed_reference,ff4c66bb3cfae31ff5fdd28f7b96f58d6a3d28aea9746ea469106a51b396cfd1
2025-02-03,IDAMALAYAR,115,169,1017.8,254.45,156.14,659.36,65,164.84,164.84,official_observed_reference,ff4c66bb3cfae31ff5fdd28f7b96f58d6a3d28aea9746ea469106a51b396cfd1
2025-02-03,KUNDALA,1735.836,1758.696,7.787,22.738,1757.9,7.18,92,141.124,61.041,official_observed_reference,ff4c66bb3cfae31ff5fdd28f7b96f58d6a3d28aea9746ea469106a51b396cfd1
2025-02-03,MADUPPATTY,1554.48,1599.59,55.217,161.234,1594.3,41.15,75,0,,official_observed_reference,ff4c66bb3cfae31ff5fdd28f7b96f58d6a3d28aea9746ea469106a51b396cfd1
2025-02-03,KUTTIADI,737.616,758.037,33.99,42.827,755.722,28.192,83,164.483,159.261,official_observed_reference,ff4c66bb3cfae31ff5fdd28f7b96f58d6a3d28aea9746ea469106a51b396cfd1
2025-02-03,THARIODE,750.5,775.6,201,253.26,766.85,102.35,51,0,,official_observed_reference,ff4c66bb3cfae31ff5fdd28f7b96f58d6a3d28aea9746ea469106a51b396cfd1
2025-02-03,ANAYIRANKAL,1188,1207.008,48.968,65.616,1207.02,48.968,100,105.375,37.094,official_observed_reference,ff4c66bb3cfae31ff5fdd28f7b96f58d6a3d28aea9746ea469106a51b396cfd1
2025-02-03,PONMUDI,678.8,707.745,47.4,63.516,700.55,29.67,63,0,,official_observed_reference,ff4c66bb3cfae31ff5fdd28f7b96f58d6a3d28aea9746ea469106a51b396cfd1
2025-02-03,NERIAMANGALAM,445,456.59,5.557,4.835,453.6,3.62,65,3.149,1.483,official_observed_reference,ff4c66bb3cfae31ff5fdd28f7b96f58d6a3d28aea9746ea469106a51b396cfd1
2025-02-03,PORINGAL,405.689,423.976,30.356,10.625,417.95,15,49,5.25,5.25,official_observed_reference,ff4c66bb3cfae31ff5fdd28f7b96f58d6a3d28aea9746ea469106a51b396cfd1
2025-02-03,SENGULAM (SBR),844.86,847.6,1.614,0.71,846.75,,0,0,,official_observed_reference,ff4c66bb3cfae31ff5fdd28f7b96f58d6a3d28aea9746ea469106a51b396cfd1
2025-02-03,LOWER PERIYAR,237.74,253,4.55,2.093,250.3,3.39,75,1.559,1.559,official_observed_reference,ff4c66bb3cfae31ff5fdd28f7b96f58d6a3d28aea9746ea469106a51b396cfd1
2025-02-03,KAKKAD,181.36,192.63,1.16,0.358,186.6,,0,0,,official_observed_reference,ff4c66bb3cfae31ff5fdd28f7b96f58d6a3d28aea9746ea469106a51b396cfd1
2025-02-04,IDUKKI,694.944,732.43,1460,2190,722.559,943.487,65,1415.231,1386.926,official_observed_reference,d244628bb2b82413bd96460309f260eaf83903c8a76c14450e499535ecd9a935
2025-02-04,PAMBA,963.168,986.332,31.001,59.46,969.8,5.95,59,542.219,456.702,official_observed_reference,d244628bb2b82413bd96460309f260eaf83903c8a76c14450e499535ecd9a935
2025-02-04,KAKKI,908.304,981.456,446.542,856.467,969.745,276.75,0,0,,official_observed_reference,d244628bb2b82413bd96460309f260eaf83903c8a76c14450e499535ecd9a935
2025-02-04,SHOLAYAR,779.374,811.68,149.23,152.065,809.671,131.323,88,133.818,87.592,official_observed_reference,d244628bb2b82413bd96460309f260eaf83903c8a76c14450e499535ecd9a935
2025-02-04,IDAMALAYAR,115,169,1017.8,254.45,155.98,655.52,64,163.88,163.88,official_observed_reference,d244628bb2b82413bd96460309f260eaf83903c8a76c14450e499535ecd9a935
2025-02-04,KUNDALA,1735.836,1758.696,7.787,22.738,1757.85,7.145,92,140.291,60.681,official_observed_reference,d244628bb2b82413bd96460309f260eaf83903c8a76c14450e499535ecd9a935
2025-02-04,MADUPPATTY,1554.48,1599.59,55.217,161.234,1594.2,40.9,74,0,,official_observed_reference,d244628bb2b82413bd96460309f260eaf83903c8a76c14450e499535ecd9a935
2025-02-04,KUTTIADI,737.616,758.037,33.99,42.827,755.6,27.887,82,163.343,158.157,official_observed_reference,d244628bb2b82413bd96460309f260eaf83903c8a76c14450e499535ecd9a935
2025-02-04,THARIODE,750.5,775.6,201,253.26,766.8,101.75,51,0,,official_observed_reference,d244628bb2b82413bd96460309f260eaf83903c8a76c14450e499535ecd9a935
2025-02-04,ANAYIRANKAL,1188,1207.008,48.968,65.616,1207.02,48.968,100,104.437,36.763,official_observed_reference,d244628bb2b82413bd96460309f260eaf83903c8a76c14450e499535ecd9a935
2025-02-04,PONMUDI,678.8,707.745,47.4,63.516,700.2,28.97,61,0,,official_observed_reference,d244628bb2b82413bd96460309f260eaf83903c8a76c14450e499535ecd9a935
2025-02-04,NERIAMANGALAM,445,456.59,5.557,4.835,452.8,3.15,57,2.741,1.291,official_observed_reference,d244628bb2b82413bd96460309f260eaf83903c8a76c14450e499535ecd9a935
2025-02-04,PORINGAL,405.689,423.976,30.356,10.625,417.95,15,49,5.25,5.25,official_observed_reference,d244628bb2b82413bd96460309f260eaf83903c8a76c14450e499535ecd9a935
2025-02-04,SENGULAM (SBR),844.86,847.6,1.614,0.71,846.8,,0,0,,official_observed_reference,d244628bb2b82413bd96460309f260eaf83903c8a76c14450e499535ecd9a935
2025-02-04,LOWER PERIYAR,237.74,253,4.55,2.093,249.5,3.08,68,1.417,1.417,official_observed_reference,d244628bb2b82413bd96460309f260eaf83903c8a76c14450e499535ecd9a935
2025-02-04,KAKKAD,181.36,192.63,1.16,0.358,186.7,,0,0,,official_observed_reference,d244628bb2b82413bd96460309f260eaf83903c8a76c14450e499535ecd9a935
2025-02-05,IDUKKI,694.944,732.43,1460,2190,722.455,938.664,64,1407.996,1379.836,official_observed_reference,9c27c362f9c052b362f6c5ca7f2ffc4de3eb9219593aaf4d100bf520faea9309
2025-02-05,PAMBA,963.168,986.332,31.001,59.46,969.7,5.85,59,539.438,454.359,official_observed_reference,9c27c362f9c052b362f6c5ca7f2ffc4de3eb9219593aaf4d100bf520faea9309
2025-02-05,KAKKI,908.304,981.456,446.542,856.467,969.64,275.4,0,0,,official_observed_reference,9c27c362f9c052b362f6c5ca7f2ffc4de3eb9219593aaf4d100bf520faea9309
2025-02-05,SHOLAYAR,779.374,811.68,149.23,152.065,809.61,130.813,88,133.299,87.252,official_observed_reference,9c27c362f9c052b362f6c5ca7f2ffc4de3eb9219593aaf4d100bf520faea9309
2025-02-05,IDAMALAYAR,115,169,1017.8,254.45,155.83,651.955,64,162.989,162.989,official_observed_reference,9c27c362f9c052b362f6c5ca7f2ffc4de3eb9219593aaf4d100bf520faea9309
2025-02-05,KUNDALA,1735.836,1758.696,7.787,22.738,1757.85,7.145,92,139.926,60.523,official_observed_reference,9c27c362f9c052b362f6c5ca7f2ffc4de3eb9219593aaf4d100bf520faea9309
2025-02-05,MADUPPATTY,1554.48,1599.59,55.217,161.234,1594.15,40.775,74,0,,official_observed_reference,9c27c362f9c052b362f6c5ca7f2ffc4de3eb9219593aaf4d100bf520faea9309
2025-02-05,KUTTIADI,737.616,758.037,33.99,42.827,755.631,27.964,82,162.179,157.03,official_observed_reference,9c27c362f9c052b362f6c5ca7f2ffc4de3eb9219593aaf4d100bf520faea9309
2025-02-05,THARIODE,750.5,775.6,201,253.26,766.7,100.75,50,0,,official_observed_reference,9c27c362f9c052b362f6c5ca7f2ffc4de3eb9219593aaf4d100bf520faea9309
2025-02-05,ANAYIRANKAL,1188,1207.008,48.968,65.616,1207.02,48.968,100,104.035,36.622,official_observed_reference,9c27c362f9c052b362f6c5ca7f2ffc4de3eb9219593aaf4d100bf520faea9309
2025-02-05,PONMUDI,678.8,707.745,47.4,63.516,700.05,28.67,60,0,,official_observed_reference,9c27c362f9c052b362f6c5ca7f2ffc4de3eb9219593aaf4d100bf520faea9309
2025-02-05,NERIAMANGALAM,445,456.59,5.557,4.835,452.65,3.075,55,2.675,1.26,official_observed_reference,9c27c362f9c052b362f6c5ca7f2ffc4de3eb9219593aaf4d100bf520faea9309
2025-02-05,PORINGAL,405.689,423.976,30.356,10.625,417.85,14.8,49,5.18,5.18,official_observed_reference,9c27c362f9c052b362f6c5ca7f2ffc4de3eb9219593aaf4d100bf520faea9309
2025-02-05,SENGULAM (SBR),844.86,847.6,1.614,0.71,846.9,,0,0,,official_observed_reference,9c27c362f9c052b362f6c5ca7f2ffc4de3eb9219593aaf4d100bf520faea9309
2025-02-05,LOWER PERIYAR,237.74,253,4.55,2.093,248.7,2.76,61,1.27,1.27,official_observed_reference,9c27c362f9c052b362f6c5ca7f2ffc4de3eb9219593aaf4d100bf520faea9309
2025-02-05,KAKKAD,181.36,192.63,1.16,0.358,187.3,,0,0,,official_observed_reference,9c27c362f9c052b362f6c5ca7f2ffc4de3eb9219593aaf4d100bf520faea9309
2025-02-06,IDUKKI,694.944,732.43,1460,2190,722.382,935.259,64,1402.889,1374.831,official_observed_reference,b7c35740c7f22e18ff128861333b7f5eff2a4b286da01582ff514d6f21410f1b
2025-02-06,PAMBA,963.168,986.332,31.001,59.46,969.6,5.75,59,537.807,452.986,official_observed_reference,b7c35740c7f22e18ff128861333b7f5eff2a4b286da01582ff514d6f21410f1b
2025-02-06,KAKKI,908.304,981.456,446.542,856.467,969.577,274.65,0,0,,official_observed_reference,b7c35740c7f22e18ff128861333b7f5eff2a4b286da01582ff514d6f21410f1b
2025-02-06,SHOLAYAR,779.374,811.68,149.23,152.065,809.518,130.048,87,132.519,86.742,official_observed_reference,b7c35740c7f22e18ff128861333b7f5eff2a4b286da01582ff514d6f21410f1b
2025-02-06,IDAMALAYAR,115,169,1017.8,254.45,155.7,648.85,64,162.213,162.213,official_observed_reference,b7c35740c7f22e18ff128861333b7f5eff2a4b286da01582ff514d6f21410f1b
2025-02-06,KUNDALA,1735.836,1758.696,7.787,22.738,1757.85,7.145,92,139.561,60.365,official_observed_reference,b7c35740c7f22e18ff128861333b7f5eff2a4b286da01582ff514d6f21410f1b
2025-02-06,MADUPPATTY,1554.48,1599.59,55.217,161.234,1594.1,40.65,74,0,,official_observed_reference,b7c35740c7f22e18ff128861333b7f5eff2a4b286da01582ff514d6f21410f1b
2025-02-06,KUTTIADI,737.616,758.037,33.99,42.827,755.722,28.192,83,161.207,156.089,official_observed_reference,b7c35740c7f22e18ff128861333b7f5eff2a4b286da01582ff514d6f21410f1b
2025-02-06,THARIODE,750.5,775.6,201,253.26,766.6,99.75,50,0,,official_observed_reference,b7c35740c7f22e18ff128861333b7f5eff2a4b286da01582ff514d6f21410f1b
2025-02-06,ANAYIRANKAL,1188,1207.008,48.968,65.616,1207.02,48.968,100,103.097,36.292,official_observed_reference,b7c35740c7f22e18ff128861333b7f5eff2a4b286da01582ff514d6f21410f1b
2025-02-06,PONMUDI,678.8,707.745,47.4,63.516,699.7,27.97,59,0,,official_observed_reference,b7c35740c7f22e18ff128861333b7f5eff2a4b286da01582ff514d6f21410f1b
2025-02-06,NERIAMANGALAM,445,456.59,5.557,4.835,453.2,3.38,61,2.941,1.385,official_observed_reference,b7c35740c7f22e18ff128861333b7f5eff2a4b286da01582ff514d6f21410f1b
2025-02-06,PORINGAL,405.689,423.976,30.356,10.625,417.8,14.7,48,5.145,5.145,official_observed_reference,b7c35740c7f22e18ff128861333b7f5eff2a4b286da01582ff514d6f21410f1b
2025-02-06,SENGULAM (SBR),844.86,847.6,1.614,0.71,846.4,,0,0,,official_observed_reference,b7c35740c7f22e18ff128861333b7f5eff2a4b286da01582ff514d6f21410f1b
2025-02-06,LOWER PERIYAR,237.74,253,4.55,2.093,249.3,3,66,1.38,1.38,official_observed_reference,b7c35740c7f22e18ff128861333b7f5eff2a4b286da01582ff514d6f21410f1b
2025-02-06,KAKKAD,181.36,192.63,1.16,0.358,186.15,,0,0,,official_observed_reference,b7c35740c7f22e18ff128861333b7f5eff2a4b286da01582ff514d6f21410f1b
2025-02-07,IDUKKI,694.944,732.43,1460,2190,722.321,932.417,64,1398.626,1370.653,official_observed_reference,e81402056c22d926899249538e0b8d813fff29988ed3ab58ff0a3d006b98af2e
2025-02-07,PAMBA,963.168,986.332,31.001,59.46,969.55,5.7,58,535.122,450.725,official_observed_reference,e81402056c22d926899249538e0b8d813fff29988ed3ab58ff0a3d006b98af2e
2025-02-07,KAKKI,908.304,981.456,446.542,856.467,969.465,273.3,0,0,,official_observed_reference,e81402056c22d926899249538e0b8d813fff29988ed3ab58ff0a3d006b98af2e
2025-02-07,SHOLAYAR,779.374,811.68,149.23,152.065,809.427,129.284,87,131.74,86.232,official_observed_reference,e81402056c22d926899249538e0b8d813fff29988ed3ab58ff0a3d006b98af2e
2025-02-07,IDAMALAYAR,115,169,1017.8,254.45,155.6,646.5,64,161.625,161.625,official_observed_reference,e81402056c22d926899249538e0b8d813fff29988ed3ab58ff0a3d006b98af2e
2025-02-07,KUNDALA,1735.836,1758.696,7.787,22.738,1757.85,7.145,92,138.831,60.049,official_observed_reference,e81402056c22d926899249538e0b8d813fff29988ed3ab58ff0a3d006b98af2e
2025-02-07,MADUPPATTY,1554.48,1599.59,55.217,161.234,1594,40.4,73,0,,official_observed_reference,e81402056c22d926899249538e0b8d813fff29988ed3ab58ff0a3d006b98af2e
2025-02-07,KUTTIADI,737.616,758.037,33.99,42.827,755.722,28.192,83,159.947,154.869,official_observed_reference,e81402056c22d926899249538e0b8d813fff29988ed3ab58ff0a3d006b98af2e
2025-02-07,THARIODE,750.5,775.6,201,253.26,766.5,98.75,49,0,,official_observed_reference,e81402056c22d926899249538e0b8d813fff29988ed3ab58ff0a3d006b98af2e
2025-02-07,ANAYIRANKAL,1188,1207.008,48.968,65.616,1207.02,48.968,100,102.695,36.15,official_observed_reference,e81402056c22d926899249538e0b8d813fff29988ed3ab58ff0a3d006b98af2e
2025-02-07,PONMUDI,678.8,707.745,47.4,63.516,699.55,27.67,58,0,,official_observed_reference,e81402056c22d926899249538e0b8d813fff29988ed3ab58ff0a3d006b98af2e
2025-02-07,NERIAMANGALAM,445,456.59,5.557,4.835,453,3.26,59,2.836,1.336,official_observed_reference,e81402056c22d926899249538e0b8d813fff29988ed3ab58ff0a3d006b98af2e
2025-02-07,PORINGAL,405.689,423.976,30.356,10.625,417.85,14.8,49,5.18,5.18,official_observed_reference,e81402056c22d926899249538e0b8d813fff29988ed3ab58ff0a3d006b98af2e
2025-02-07,SENGULAM (SBR),844.86,847.6,1.614,0.71,846.55,,0,0,,official_observed_reference,e81402056c22d926899249538e0b8d813fff29988ed3ab58ff0a3d006b98af2e
2025-02-07,LOWER PERIYAR,237.74,253,4.55,2.093,250,3.28,72,1.509,1.509,official_observed_reference,e81402056c22d926899249538e0b8d813fff29988ed3ab58ff0a3d006b98af2e
2025-02-07,KAKKAD,181.36,192.63,1.16,0.358,186.5,,0,0,,official_observed_reference,e81402056c22d926899249538e0b8d813fff29988ed3ab58ff0a3d006b98af2e
2025-02-08,IDUKKI,694.944,732.43,1460,2190,722.236,928.436,64,1392.654,1364.801,official_observed_reference,aa805a8098301ded13efd1c051ace880cd6f8929d3325a03a9a46095fc64bb19
2025-02-08,PAMBA,963.168,986.332,31.001,59.46,969.4,5.55,58,531.094,447.332,official_observed_reference,aa805a8098301ded13efd1c051ace880cd6f8929d3325a03a9a46095fc64bb19
2025-02-08,KAKKI,908.304,981.456,446.542,856.467,969.306,271.35,0,0,,official_observed_reference,aa805a8098301ded13efd1c051ace880cd6f8929d3325a03a9a46095fc64bb19
2025-02-08,SHOLAYAR,779.374,811.68,149.23,152.065,809.305,128.222,86,130.658,85.524,official_observed_reference,aa805a8098301ded13efd1c051ace880cd6f8929d3325a03a9a46095fc64bb19
2025-02-08,IDAMALAYAR,115,169,1017.8,254.45,155.42,642.22,63,160.555,160.555,official_observed_reference,aa805a8098301ded13efd1c051ace880cd6f8929d3325a03a9a46095fc64bb19
2025-02-08,KUNDALA,1735.836,1758.696,7.787,22.738,1757.8,7.11,91,138.364,59.847,official_observed_reference,aa805a8098301ded13efd1c051ace880cd6f8929d3325a03a9a46095fc64bb19
2025-02-08,MADUPPATTY,1554.48,1599.59,55.217,161.234,1593.95,40.275,73,0,,official_observed_reference,aa805a8098301ded13efd1c051ace880cd6f8929d3325a03a9a46095fc64bb19
2025-02-08,KUTTIADI,737.616,758.037,33.99,42.827,755.904,28.647,84,160.016,154.937,official_observed_reference,aa805a8098301ded13efd1c051ace880cd6f8929d3325a03a9a46095fc64bb19
2025-02-08,THARIODE,750.5,775.6,201,253.26,766.45,98.35,49,0,,official_observed_reference,aa805a8098301ded13efd1c051ace880cd6f8929d3325a03a9a46095fc64bb19
2025-02-08,ANAYIRANKAL,1188,1207.008,48.968,65.616,1207.02,48.968,100,102.025,35.914,official_observed_reference,aa805a8098301ded13efd1c051ace880cd6f8929d3325a03a9a46095fc64bb19
2025-02-08,PONMUDI,678.8,707.745,47.4,63.516,699.3,27.17,57,0,,official_observed_reference,aa805a8098301ded13efd1c051ace880cd6f8929d3325a03a9a46095fc64bb19
2025-02-08,NERIAMANGALAM,445,456.59,5.557,4.835,453.1,3.32,60,2.888,1.361,official_observed_reference,aa805a8098301ded13efd1c051ace880cd6f8929d3325a03a9a46095fc64bb19
2025-02-08,PORINGAL,405.689,423.976,30.356,10.625,417.8,14.7,48,5.145,5.145,official_observed_reference,aa805a8098301ded13efd1c051ace880cd6f8929d3325a03a9a46095fc64bb19
2025-02-08,SENGULAM (SBR),844.86,847.6,1.614,0.71,846.4,,0,0,,official_observed_reference,aa805a8098301ded13efd1c051ace880cd6f8929d3325a03a9a46095fc64bb19
2025-02-08,LOWER PERIYAR,237.74,253,4.55,2.093,249.5,3.08,68,1.417,1.417,official_observed_reference,aa805a8098301ded13efd1c051ace880cd6f8929d3325a03a9a46095fc64bb19
2025-02-08,KAKKAD,181.36,192.63,1.16,0.358,187.15,,0,0,,official_observed_reference,aa805a8098301ded13efd1c051ace880cd6f8929d3325a03a9a46095fc64bb19
2025-02-09,IDUKKI,694.944,732.43,1460,2190,722.193,926.446,63,1389.669,1361.876,official_observed_reference,2c83ed2c592270864685d1f19c760403a0ef1ece26a96798e9107322c4607897
2025-02-09,PAMBA,963.168,986.332,31.001,59.46,969.25,5.4,58,527.642,444.424,official_observed_reference,2c83ed2c592270864685d1f19c760403a0ef1ece26a96798e9107322c4607897
2025-02-09,KAKKI,908.304,981.456,446.542,856.467,969.163,269.7,0,0,,official_observed_reference,2c83ed2c592270864685d1f19c760403a0ef1ece26a96798e9107322c4607897
2025-02-09,SHOLAYAR,779.374,811.68,149.23,152.065,809.244,127.698,86,130.124,85.174,official_observed_reference,2c83ed2c592270864685d1f19c760403a0ef1ece26a96798e9107322c4607897
2025-02-09,IDAMALAYAR,115,169,1017.8,254.45,155.27,638.645,63,159.661,159.661,official_observed_reference,2c83ed2c592270864685d1f19c760403a0ef1ece26a96798e9107322c4607897
2025-02-09,KUNDALA,1735.836,1758.696,7.787,22.738,1757.8,7.11,91,137.999,59.689,official_observed_reference,2c83ed2c592270864685d1f19c760403a0ef1ece26a96798e9107322c4607897
2025-02-09,MADUPPATTY,1554.48,1599.59,55.217,161.234,1593.9,40.15,73,0,,official_observed_reference,2c83ed2c592270864685d1f19c760403a0ef1ece26a96798e9107322c4607897
2025-02-09,KUTTIADI,737.616,758.037,33.99,42.827,755.935,28.724,85,158.853,153.81,official_observed_reference,2c83ed2c592270864685d1f19c760403a0ef1ece26a96798e9107322c4607897
2025-02-09,THARIODE,750.5,775.6,201,253.26,766.35,97.35,48,0,,official_observed_reference,2c83ed2c592270864685d1f19c760403a0ef1ece26a96798e9107322c4607897
2025-02-09,ANAYIRANKAL,1188,1207.008,48.968,65.616,1207.02,48.968,100,101.757,35.82,official_observed_reference,2c83ed2c592270864685d1f19c760403a0ef1ece26a96798e9107322c4607897
2025-02-09,PONMUDI,678.8,707.745,47.4,63.516,699.2,26.97,57,0,,official_observed_reference,2c83ed2c592270864685d1f19c760403a0ef1ece26a96798e9107322c4607897
2025-02-09,NERIAMANGALAM,445,456.59,5.557,4.835,452.95,3.23,58,2.81,1.324,official_observed_reference,2c83ed2c592270864685d1f19c760403a0ef1ece26a96798e9107322c4607897
2025-02-09,PORINGAL,405.689,423.976,30.356,10.625,417.8,14.7,48,5.145,5.145,official_observed_reference,2c83ed2c592270864685d1f19c760403a0ef1ece26a96798e9107322c4607897
2025-02-09,SENGULAM (SBR),844.86,847.6,1.614,0.71,846.45,,0,0,,official_observed_reference,2c83ed2c592270864685d1f19c760403a0ef1ece26a96798e9107322c4607897
2025-02-09,LOWER PERIYAR,237.74,253,4.55,2.093,250,3.28,72,1.509,1.509,official_observed_reference,2c83ed2c592270864685d1f19c760403a0ef1ece26a96798e9107322c4607897
2025-02-09,KAKKAD,181.36,192.63,1.16,0.358,186.6,,0,0,,official_observed_reference,2c83ed2c592270864685d1f19c760403a0ef1ece26a96798e9107322c4607897
2025-02-10,IDUKKI,694.944,732.43,1460,2190,722.102,922.182,63,1383.273,1355.608,official_observed_reference,497d31849b8bf10ce69d1c87ad214d3ba62566801f9d7c0e053fda7a71d12ad4
2025-02-10,PAMBA,963.168,986.332,31.001,59.46,969.1,5.25,57,523.902,441.274,official_observed_reference,497d31849b8bf10ce69d1c87ad214d3ba62566801f9d7c0e053fda7a71d12ad4
2025-02-10,KAKKI,908.304,981.456,446.542,856.467,969.011,267.9,0,0,,official_observed_reference,497d31849b8bf10ce69d1c87ad214d3ba62566801f9d7c0e053fda7a71d12ad4
2025-02-10,SHOLAYAR,779.374,811.68,149.23,152.065,809.153,126.882,85,129.293,84.63,official_observed_reference,497d31849b8bf10ce69d1c87ad214d3ba62566801f9d7c0e053fda7a71d12ad4
2025-02-10,IDAMALAYAR,115,169,1017.8,254.45,155.1,634.6,62,158.65,158.65,official_observed_reference,497d31849b8bf10ce69d1c87ad214d3ba62566801f9d7c0e053fda7a71d12ad4
2025-02-10,KUNDALA,1735.836,1758.696,7.787,22.738,1757.8,7.11,91,137.634,59.532,official_observed_reference,497d31849b8bf10ce69d1c87ad214d3ba62566801f9d7c0e053fda7a71d12ad4
2025-02-10,MADUPPATTY,1554.48,1599.59,55.217,161.234,1593.85,40.025,72,0,,official_observed_reference,497d31849b8bf10ce69d1c87ad214d3ba62566801f9d7c0e053fda7a71d12ad4
2025-02-10,KUTTIADI,737.616,758.037,33.99,42.827,755.965,28.8,85,157.689,152.683,official_observed_reference,497d31849b8bf10ce69d1c87ad214d3ba62566801f9d7c0e053fda7a71d12ad4
2025-02-10,THARIODE,750.5,775.6,201,253.26,766.25,96.35,48,0,,official_observed_reference,497d31849b8bf10ce69d1c87ad214d3ba62566801f9d7c0e053fda7a71d12ad4
2025-02-10,ANAYIRANKAL,1188,1207.008,48.968,65.616,1207.02,48.968,100,101.221,35.631,official_observed_reference,497d31849b8bf10ce69d1c87ad214d3ba62566801f9d7c0e053fda7a71d12ad4
2025-02-10,PONMUDI,678.8,707.745,47.4,63.516,699,26.57,56,0,,official_observed_reference,497d31849b8bf10ce69d1c87ad214d3ba62566801f9d7c0e053fda7a71d12ad4
2025-02-10,NERIAMANGALAM,445,456.59,5.557,4.835,453.05,3.29,59,2.862,1.348,official_observed_reference,497d31849b8bf10ce69d1c87ad214d3ba62566801f9d7c0e053fda7a71d12ad4
2025-02-10,PORINGAL,405.689,423.976,30.356,10.625,417.8,14.7,48,5.145,5.145,official_observed_reference,497d31849b8bf10ce69d1c87ad214d3ba62566801f9d7c0e053fda7a71d12ad4
2025-02-10,SENGULAM (SBR),844.86,847.6,1.614,0.71,846.65,,0,0,,official_observed_reference,497d31849b8bf10ce69d1c87ad214d3ba62566801f9d7c0e053fda7a71d12ad4
2025-02-10,LOWER PERIYAR,237.74,253,4.55,2.093,250.2,3.36,74,1.546,1.546,official_observed_reference,497d31849b8bf10ce69d1c87ad214d3ba62566801f9d7c0e053fda7a71d12ad4
2025-02-10,KAKKAD,181.36,192.63,1.16,0.358,187.2,,0,0,,official_observed_reference,497d31849b8bf10ce69d1c87ad214d3ba62566801f9d7c0e053fda7a71d12ad4
2025-02-11,IDUKKI,694.944,732.43,1460,2190,722.016,918.207,63,1377.311,1349.764,official_observed_reference,1a06d3556f4fe983813b8c582f61b089f79a018e4f3a19c1e8729e97a7d05765
2025-02-11,PAMBA,963.168,986.332,31.001,59.46,968.95,5.1,57,520.162,438.124,official_observed_reference,1a06d3556f4fe983813b8c582f61b089f79a018e4f3a19c1e8729e97a7d05765
2025-02-11,KAKKI,908.304,981.456,446.542,856.467,968.867,266.1,0,0,,official_observed_reference,1a06d3556f4fe983813b8c582f61b089f79a018e4f3a19c1e8729e97a7d05765
2025-02-11,SHOLAYAR,779.374,811.68,149.23,152.065,809.061,126.169,85,128.566,84.154,official_observed_reference,1a06d3556f4fe983813b8c582f61b089f79a018e4f3a19c1e8729e97a7d05765
2025-02-11,IDAMALAYAR,115,169,1017.8,254.45,154.98,631.77,62,157.943,157.943,official_observed_reference,1a06d3556f4fe983813b8c582f61b089f79a018e4f3a19c1e8729e97a7d05765
2025-02-11,KUNDALA,1735.836,1758.696,7.787,22.738,1757.8,7.11,91,137.269,59.374,official_observed_reference,1a06d3556f4fe983813b8c582f61b089f79a018e4f3a19c1e8729e97a7d05765
2025-02-11,MADUPPATTY,1554.48,1599.59,55.217,161.234,1593.8,39.9,72,0,,official_observed_reference,1a06d3556f4fe983813b8c582f61b089f79a018e4f3a19c1e8729e97a7d05765
2025-02-11,KUTTIADI,737.616,758.037,33.99,42.827,755.935,28.724,85,156.837,151.858,official_observed_reference,1a06d3556f4fe983813b8c582f61b089f79a018e4f3a19c1e8729e97a7d05765
2025-02-11,THARIODE,750.5,775.6,201,253.26,766.2,95.75,48,0,,official_observed_reference,1a06d3556f4fe983813b8c582f61b089f79a018e4f3a19c1e8729e97a7d05765
2025-02-11,ANAYIRANKAL,1188,1207.008,48.968,65.616,1207.02,48.968,100,101.087,35.584,official_observed_reference,1a06d3556f4fe983813b8c582f61b089f79a018e4f3a19c1e8729e97a7d05765
2025-02-11,PONMUDI,678.8,707.745,47.4,63.516,698.95,26.47,56,0,,official_observed_reference,1a06d3556f4fe983813b8c582f61b089f79a018e4f3a19c1e8729e97a7d05765
2025-02-11,NERIAMANGALAM,445,456.59,5.557,4.835,453.3,3.44,62,2.993,1.41,official_observed_reference,1a06d3556f4fe983813b8c582f61b089f79a018e4f3a19c1e8729e97a7d05765
2025-02-11,PORINGAL,405.689,423.976,30.356,10.625,417.85,14.8,49,5.18,5.18,official_observed_reference,1a06d3556f4fe983813b8c582f61b089f79a018e4f3a19c1e8729e97a7d05765
2025-02-11,SENGULAM (SBR),844.86,847.6,1.614,0.71,846.6,,0,0,,official_observed_reference,1a06d3556f4fe983813b8c582f61b089f79a018e4f3a19c1e8729e97a7d05765
2025-02-11,LOWER PERIYAR,237.74,253,4.55,2.093,249.6,3.11,68,1.431,1.431,official_observed_reference,1a06d3556f4fe983813b8c582f61b089f79a018e4f3a19c1e8729e97a7d05765
2025-02-11,KAKKAD,181.36,192.63,1.16,0.358,186.3,,0,0,,official_observed_reference,1a06d3556f4fe983813b8c582f61b089f79a018e4f3a19c1e8729e97a7d05765
2025-02-12,IDUKKI,694.944,732.43,1460,2190,721.907,913.099,63,1369.649,1342.256,official_observed_reference,ec34b252957a4ead1c0a6c812efe39e2336d3250081f911262fbb0d8cf55b69d
2025-02-12,PAMBA,963.168,986.332,31.001,59.46,968.8,4.95,56,516.134,434.731,official_observed_reference,ec34b252957a4ead1c0a6c812efe39e2336d3250081f911262fbb0d8cf55b69d
2025-02-12,KAKKI,908.304,981.456,446.542,856.467,968.703,264.15,0,0,,official_observed_reference,ec34b252957a4ead1c0a6c812efe39e2336d3250081f911262fbb0d8cf55b69d
2025-02-12,SHOLAYAR,779.374,811.68,149.23,152.065,808.939,125.177,84,127.556,83.493,official_observed_reference,ec34b252957a4ead1c0a6c812efe39e2336d3250081f911262fbb0d8cf55b69d
2025-02-12,IDAMALAYAR,115,169,1017.8,254.45,154.73,625.82,61,156.455,156.455,official_observed_reference,ec34b252957a4ead1c0a6c812efe39e2336d3250081f911262fbb0d8cf55b69d
2025-02-12,KUNDALA,1735.836,1758.696,7.787,22.738,1757.75,7.075,91,136.802,59.172,official_observed_reference,ec34b252957a4ead1c0a6c812efe39e2336d3250081f911262fbb0d8cf55b69d
2025-02-12,MADUPPATTY,1554.48,1599.59,55.217,161.234,1593.75,39.775,72,0,,official_observed_reference,ec34b252957a4ead1c0a6c812efe39e2336d3250081f911262fbb0d8cf55b69d
2025-02-12,KUTTIADI,737.616,758.037,33.99,42.827,755.843,28.495,84,155.289,150.359,official_observed_reference,ec34b252957a4ead1c0a6c812efe39e2336d3250081f911262fbb0d8cf55b69d
2025-02-12,THARIODE,750.5,775.6,201,253.26,766.1,94.75,47,0,,official_observed_reference,ec34b252957a4ead1c0a6c812efe39e2336d3250081f911262fbb0d8cf55b69d
2025-02-12,ANAYIRANKAL,1188,1207.008,48.968,65.616,1207.02,48.968,100,100.685,35.443,official_observed_reference,ec34b252957a4ead1c0a6c812efe39e2336d3250081f911262fbb0d8cf55b69d
2025-02-12,PONMUDI,678.8,707.745,47.4,63.516,698.8,26.17,55,0,,official_observed_reference,ec34b252957a4ead1c0a6c812efe39e2336d3250081f911262fbb0d8cf55b69d
2025-02-12,NERIAMANGALAM,445,456.59,5.557,4.835,452.3,2.9,52,2.523,1.188,official_observed_reference,ec34b252957a4ead1c0a6c812efe39e2336d3250081f911262fbb0d8cf55b69d
2025-02-12,PORINGAL,405.689,423.976,30.356,10.625,417.85,14.8,49,5.18,5.18,official_observed_reference,ec34b252957a4ead1c0a6c812efe39e2336d3250081f911262fbb0d8cf55b69d
2025-02-12,SENGULAM (SBR),844.86,847.6,1.614,0.71,846.6,,0,0,,official_observed_reference,ec34b252957a4ead1c0a6c812efe39e2336d3250081f911262fbb0d8cf55b69d
2025-02-12,LOWER PERIYAR,237.74,253,4.55,2.093,249.8,3.2,70,1.472,1.472,official_observed_reference,ec34b252957a4ead1c0a6c812efe39e2336d3250081f911262fbb0d8cf55b69d
2025-02-12,KAKKAD,181.36,192.63,1.16,0.358,187.4,,0,0,,official_observed_reference,ec34b252957a4ead1c0a6c812efe39e2336d3250081f911262fbb0d8cf55b69d
2025-02-13,IDUKKI,694.944,732.43,1460,2190,721.791,907.708,62,1361.562,1334.331,official_observed_reference,f9c6dbaaf97015dfc23ce0d9a6bf897a61047e6cc22fa9f055f62a63d99f2774
2025-02-13,PAMBA,963.168,986.332,31.001,59.46,968.65,4.8,56,512.261,431.469,official_observed_reference,f9c6dbaaf97015dfc23ce0d9a6bf897a61047e6cc22fa9f055f62a63d99f2774
2025-02-13,KAKKI,908.304,981.456,446.542,856.467,968.535,262.281,0,0,,official_observed_reference,f9c6dbaaf97015dfc23ce0d9a6bf897a61047e6cc22fa9f055f62a63d99f2774
2025-02-13,SHOLAYAR,779.374,811.68,149.23,152.065,808.817,124.045,83,126.401,82.738,official_observed_reference,f9c6dbaaf97015dfc23ce0d9a6bf897a61047e6cc22fa9f055f62a63d99f2774
2025-02-13,IDAMALAYAR,115,169,1017.8,254.45,154.54,621.31,61,155.328,155.328,official_observed_reference,f9c6dbaaf97015dfc23ce0d9a6bf897a61047e6cc22fa9f055f62a63d99f2774
2025-02-13,KUNDALA,1735.836,1758.696,7.787,22.738,1757.75,7.075,91,136.437,59.014,official_observed_reference,f9c6dbaaf97015dfc23ce0d9a6bf897a61047e6cc22fa9f055f62a63d99f2774
2025-02-13,MADUPPATTY,1554.48,1599.59,55.217,161.234,1593.7,39.65,72,0,,official_observed_reference,f9c6dbaaf97015dfc23ce0d9a6bf897a61047e6cc22fa9f055f62a63d99f2774
2025-02-13,KUTTIADI,737.616,758.037,33.99,42.827,755.904,28.647,84,154.22,149.325,official_observed_reference,f9c6dbaaf97015dfc23ce0d9a6bf897a61047e6cc22fa9f055f62a63d99f2774
2025-02-13,THARIODE,750.5,775.6,201,253.26,766,93.75,47,0,,official_observed_reference,f9c6dbaaf97015dfc23ce0d9a6bf897a61047e6cc22fa9f055f62a63d99f2774
2025-02-13,ANAYIRANKAL,1188,1207.008,48.968,65.616,1207.02,48.968,100,99.881,35.16,official_observed_reference,f9c6dbaaf97015dfc23ce0d9a6bf897a61047e6cc22fa9f055f62a63d99f2774
2025-02-13,PONMUDI,678.8,707.745,47.4,63.516,698.5,25.57,54,0,,official_observed_reference,f9c6dbaaf97015dfc23ce0d9a6bf897a61047e6cc22fa9f055f62a63d99f2774
2025-02-13,NERIAMANGALAM,445,456.59,5.557,4.835,452.65,3.075,55,2.675,1.26,official_observed_reference,f9c6dbaaf97015dfc23ce0d9a6bf897a61047e6cc22fa9f055f62a63d99f2774
2025-02-13,PORINGAL,405.689,423.976,30.356,10.625,417.85,14.8,49,5.18,5.18,official_observed_reference,f9c6dbaaf97015dfc23ce0d9a6bf897a61047e6cc22fa9f055f62a63d99f2774
2025-02-13,SENGULAM (SBR),844.86,847.6,1.614,0.71,846.55,,0,0,,official_observed_reference,f9c6dbaaf97015dfc23ce0d9a6bf897a61047e6cc22fa9f055f62a63d99f2774
2025-02-13,LOWER PERIYAR,237.74,253,4.55,2.093,249.5,3.08,68,1.417,1.417,official_observed_reference,f9c6dbaaf97015dfc23ce0d9a6bf897a61047e6cc22fa9f055f62a63d99f2774
2025-02-13,KAKKAD,181.36,192.63,1.16,0.358,187.8,,0,0,,official_observed_reference,f9c6dbaaf97015dfc23ce0d9a6bf897a61047e6cc22fa9f055f62a63d99f2774
2025-02-14,IDUKKI,694.944,732.43,1460,2190,721.693,903.162,62,1354.743,1327.648,official_observed_reference,023577aef65fb8895f71b97fac59a6fbc2e0875095200efe07b99e953cf411a3
2025-02-14,PAMBA,963.168,986.332,31.001,59.46,968.45,4.6,56,508.569,428.36,official_observed_reference,023577aef65fb8895f71b97fac59a6fbc2e0875095200efe07b99e953cf411a3
2025-02-14,KAKKI,908.304,981.456,446.542,856.467,968.383,260.556,0,0,,official_observed_reference,023577aef65fb8895f71b97fac59a6fbc2e0875095200efe07b99e953cf411a3
2025-02-14,SHOLAYAR,779.374,811.68,149.23,152.065,808.726,123.28,83,125.622,82.228,official_observed_reference,023577aef65fb8895f71b97fac59a6fbc2e0875095200efe07b99e953cf411a3
2025-02-14,IDAMALAYAR,115,169,1017.8,254.45,154.33,616.32,61,154.08,154.08,official_observed_reference,023577aef65fb8895f71b97fac59a6fbc2e0875095200efe07b99e953cf411a3
2025-02-14,KUNDALA,1735.836,1758.696,7.787,22.738,1757.75,7.075,91,135.707,58.698,official_observed_reference,023577aef65fb8895f71b97fac59a6fbc2e0875095200efe07b99e953cf411a3
2025-02-14,MADUPPATTY,1554.48,1599.59,55.217,161.234,1593.6,39.4,71,0,,official_observed_reference,023577aef65fb8895f71b97fac59a6fbc2e0875095200efe07b99e953cf411a3
2025-02-14,KUTTIADI,737.616,758.037,33.99,42.827,755.874,28.571,84,153.621,148.744,official_observed_reference,023577aef65fb8895f71b97fac59a6fbc2e0875095200efe07b99e953cf411a3
2025-02-14,THARIODE,750.5,775.6,201,253.26,765.95,93.35,46,0,,official_observed_reference,023577aef65fb8895f71b97fac59a6fbc2e0875095200efe07b99e953cf411a3
2025-02-14,ANAYIRANKAL,1188,1207.008,48.968,65.616,1207.02,48.968,100,99.613,35.065,official_observed_reference,023577aef65fb8895f71b97fac59a6fbc2e0875095200efe07b99e953cf411a3
2025-02-14,PONMUDI,678.8,707.745,47.4,63.516,698.4,25.37,54,0,,official_observed_reference,023577aef65fb8895f71b97fac59a6fbc2e0875095200efe07b99e953cf411a3
2025-02-14,NERIAMANGALAM,445,456.59,5.557,4.835,452.45,2.975,54,2.588,1.219,official_observed_reference,023577aef65fb8895f71b97fac59a6fbc2e0875095200efe07b99e953cf411a3
2025-02-14,PORINGAL,405.689,423.976,30.356,10.625,417.85,14.8,49,5.18,5.18,official_observed_reference,023577aef65fb8895f71b97fac59a6fbc2e0875095200efe07b99e953cf411a3
2025-02-14,SENGULAM (SBR),844.86,847.6,1.614,0.71,846.9,,0,0,,official_observed_reference,023577aef65fb8895f71b97fac59a6fbc2e0875095200efe07b99e953cf411a3
2025-02-14,LOWER PERIYAR,237.74,253,4.55,2.093,249.8,3.2,70,1.472,1.472,official_observed_reference,023577aef65fb8895f71b97fac59a6fbc2e0875095200efe07b99e953cf411a3
2025-02-14,KAKKAD,181.36,192.63,1.16,0.358,186.7,,0,0,,official_observed_reference,023577aef65fb8895f71b97fac59a6fbc2e0875095200efe07b99e953cf411a3
2025-02-15,IDUKKI,694.944,732.43,1460,2190,721.614,899.466,62,1349.199,1322.215,official_observed_reference,63f5927262bcf4bcf01cc52f2d27d8044c90bb6b30acf9d594f50647ff632d6f
2025-02-15,PAMBA,963.168,986.332,31.001,59.46,968.3,4.45,55,504.699,425.099,official_observed_reference,63f5927262bcf4bcf01cc52f2d27d8044c90bb6b30acf9d594f50647ff632d6f
2025-02-15,KAKKI,908.304,981.456,446.542,856.467,968.22,258.688,0,0,,official_observed_reference,63f5927262bcf4bcf01cc52f2d27d8044c90bb6b30acf9d594f50647ff632d6f
2025-02-15,SHOLAYAR,779.374,811.68,149.23,152.065,808.604,122.317,82,124.641,81.586,official_observed_reference,63f5927262bcf4bcf01cc52f2d27d8044c90bb6b30acf9d594f50647ff632d6f
2025-02-15,IDAMALAYAR,115,169,1017.8,254.45,154.5,612.05,60,153.013,153.013,official_observed_reference,63f5927262bcf4bcf01cc52f2d27d8044c90bb6b30acf9d594f50647ff632d6f
2025-02-15,KUNDALA,1735.836,1758.696,7.787,22.738,1757.75,7.075,91,134.977,58.382,official_observed_reference,63f5927262bcf4bcf01cc52f2d27d8044c90bb6b30acf9d594f50647ff632d6f
2025-02-15,MADUPPATTY,1554.48,1599.59,55.217,161.234,1593.5,39.15,71,0,,official_observed_reference,63f5927262bcf4bcf01cc52f2d27d8044c90bb6b30acf9d594f50647ff632d6f
2025-02-15,KUTTIADI,737.616,758.037,33.99,42.827,755.874,28.571,84,152.361,147.524,official_observed_reference,63f5927262bcf4bcf01cc52f2d27d8044c90bb6b30acf9d594f50647ff632d6f
2025-02-15,THARIODE,750.5,775.6,201,253.26,765.85,92.35,46,0,,official_observed_reference,63f5927262bcf4bcf01cc52f2d27d8044c90bb6b30acf9d594f50647ff632d6f
2025-02-15,ANAYIRANKAL,1188,1207.008,48.968,65.616,1207.02,48.968,100,99.479,35.018,official_observed_reference,63f5927262bcf4bcf01cc52f2d27d8044c90bb6b30acf9d594f50647ff632d6f
2025-02-15,PONMUDI,678.8,707.745,47.4,63.516,698.35,25.27,53,0,,official_observed_reference,63f5927262bcf4bcf01cc52f2d27d8044c90bb6b30acf9d594f50647ff632d6f
2025-02-15,NERIAMANGALAM,445,456.59,5.557,4.835,452.6,,0,0,,official_observed_reference,63f5927262bcf4bcf01cc52f2d27d8044c90bb6b30acf9d594f50647ff632d6f
2025-02-15,PORINGAL,405.689,423.976,30.356,10.625,417.7,14.5,48,5.075,5.075,official_observed_reference,63f5927262bcf4bcf01cc52f2d27d8044c90bb6b30acf9d594f50647ff632d6f
2025-02-15,SENGULAM (SBR),844.86,847.6,1.614,0.71,847,,0,0,,official_observed_reference,63f5927262bcf4bcf01cc52f2d27d8044c90bb6b30acf9d594f50647ff632d6f
2025-02-15,LOWER PERIYAR,237.74,253,4.55,2.093,249.6,3.11,68,1.431,1.431,official_observed_reference,63f5927262bcf4bcf01cc52f2d27d8044c90bb6b30acf9d594f50647ff632d6f
2025-02-15,KAKKAD,181.36,192.63,1.16,0.358,186.5,,0,0,,official_observed_reference,63f5927262bcf4bcf01cc52f2d27d8044c90bb6b30acf9d594f50647ff632d6f
2025-02-16,IDUKKI,694.944,732.43,1460,2190,721.541,896.054,61,1344.081,1317.199,official_observed_reference,17ce8f8a4c6469d7dc3ca89ef629c71644c7bdf0160d228efaa35f46681031b6
2025-02-16,PAMBA,963.168,986.332,31.001,59.46,968.15,4.1,55,500.993,421.978,official_observed_reference,17ce8f8a4c6469d7dc3ca89ef629c71644c7bdf0160d228efaa35f46681031b6
2025-02-16,KAKKI,908.304,981.456,446.542,856.467,968.08,257.106,0,0,,official_observed_reference,17ce8f8a4c6469d7dc3ca89ef629c71644c7bdf0160d228efaa35f46681031b6
2025-02-16,SHOLAYAR,779.374,811.68,149.23,152.065,808.482,121.354,81,123.66,80.943,official_observed_reference,17ce8f8a4c6469d7dc3ca89ef629c71644c7bdf0160d228efaa35f46681031b6
2025-02-16,IDAMALAYAR,115,169,1017.8,254.45,154,608.5,60,152.125,152.125,official_observed_reference,17ce8f8a4c6469d7dc3ca89ef629c71644c7bdf0160d228efaa35f46681031b6
2025-02-16,KUNDALA,1735.836,1758.696,7.787,22.738,1757.75,7.075,91,134.247,58.066,official_observed_reference,17ce8f8a4c6469d7dc3ca89ef629c71644c7bdf0160d228efaa35f46681031b6
2025-02-16,MADUPPATTY,1554.48,1599.59,55.217,161.234,1593.4,38.9,70,0,,official_observed_reference,17ce8f8a4c6469d7dc3ca89ef629c71644c7bdf0160d228efaa35f46681031b6
2025-02-16,KUTTIADI,737.616,758.037,33.99,42.827,755.904,28.647,84,151.196,146.397,official_observed_reference,17ce8f8a4c6469d7dc3ca89ef629c71644c7bdf0160d228efaa35f46681031b6
2025-02-16,THARIODE,750.5,775.6,201,253.26,765.75,91.35,45,0,,official_observed_reference,17ce8f8a4c6469d7dc3ca89ef629c71644c7bdf0160d228efaa35f46681031b6
2025-02-16,ANAYIRANKAL,1188,1207.008,48.968,65.616,1207,48.965,100,99.341,34.969,official_observed_reference,17ce8f8a4c6469d7dc3ca89ef629c71644c7bdf0160d228efaa35f46681031b6
2025-02-16,PONMUDI,678.8,707.745,47.4,63.516,698.3,25.17,53,0,,official_observed_reference,17ce8f8a4c6469d7dc3ca89ef629c71644c7bdf0160d228efaa35f46681031b6
2025-02-16,NERIAMANGALAM,445,456.59,5.557,4.835,452.3,2.9,52,2.523,1.188,official_observed_reference,17ce8f8a4c6469d7dc3ca89ef629c71644c7bdf0160d228efaa35f46681031b6
2025-02-16,PORINGAL,405.689,423.976,30.356,10.625,417.7,14.7,48,5.145,5.145,official_observed_reference,17ce8f8a4c6469d7dc3ca89ef629c71644c7bdf0160d228efaa35f46681031b6
2025-02-16,SENGULAM (SBR),844.86,847.6,1.614,0.71,846.7,,0,0,,official_observed_reference,17ce8f8a4c6469d7dc3ca89ef629c71644c7bdf0160d228efaa35f46681031b6
2025-02-16,LOWER PERIYAR,237.74,253,4.55,2.093,249.2,2.95,65,1.357,1.357,official_observed_reference,17ce8f8a4c6469d7dc3ca89ef629c71644c7bdf0160d228efaa35f46681031b6
2025-02-16,KAKKAD,181.36,192.63,1.16,0.358,187.2,,0,0,,official_observed_reference,17ce8f8a4c6469d7dc3ca89ef629c71644c7bdf0160d228efaa35f46681031b6
2025-02-17,IDUKKI,694.944,732.43,1460,2190,721.425,890.656,61,1335.984,1309.264,official_observed_reference,7dbc42a0ffd6970f78ba7aaf1944a34d09342419d838e567ca0e611b8788c650
2025-02-17,PAMBA,963.168,986.332,31.001,59.46,968,4.15,54,497.548,419.077,official_observed_reference,7dbc42a0ffd6970f78ba7aaf1944a34d09342419d838e567ca0e611b8788c650
2025-02-17,KAKKI,908.304,981.456,446.542,856.467,967.925,255.26,0,0,,official_observed_reference,7dbc42a0ffd6970f78ba7aaf1944a34d09342419d838e567ca0e611b8788c650
2025-02-17,SHOLAYAR,779.374,811.68,149.23,152.065,808.33,120.165,81,122.448,80.15,official_observed_reference,7dbc42a0ffd6970f78ba7aaf1944a34d09342419d838e567ca0e611b8788c650
2025-02-17,IDAMALAYAR,115,169,1017.8,254.45,153.82,604.22,59,151.055,151.055,official_observed_reference,7dbc42a0ffd6970f78ba7aaf1944a34d09342419d838e567ca0e611b8788c650
2025-02-17,KUNDALA,1735.836,1758.696,7.787,22.738,1757.75,7.075,91,133.882,57.909,official_observed_reference,7dbc42a0ffd6970f78ba7aaf1944a34d09342419d838e567ca0e611b8788c650
2025-02-17,MADUPPATTY,1554.48,1599.59,55.217,161.234,1593.35,38.775,70,0,,official_observed_reference,7dbc42a0ffd6970f78ba7aaf1944a34d09342419d838e567ca0e611b8788c650
2025-02-17,KUTTIADI,737.616,758.037,33.99,42.827,755.874,28.571,84,150.345,145.572,official_observed_reference,7dbc42a0ffd6970f78ba7aaf1944a34d09342419d838e567ca0e611b8788c650
2025-02-17,THARIODE,750.5,775.6,201,253.26,765.7,90.75,45,0,,official_observed_reference,7dbc42a0ffd6970f78ba7aaf1944a34d09342419d838e567ca0e611b8788c650
2025-02-17,ANAYIRANKAL,1188,1207.008,48.968,65.616,1207,48.965,100,98.537,34.686,official_observed_reference,7dbc42a0ffd6970f78ba7aaf1944a34d09342419d838e567ca0e611b8788c650
2025-02-17,PONMUDI,678.8,707.745,47.4,63.516,698,24.57,52,0,,official_observed_reference,7dbc42a0ffd6970f78ba7aaf1944a34d09342419d838e567ca0e611b8788c650
2025-02-17,NERIAMANGALAM,445,456.59,5.557,4.835,452.55,3.025,54,2.632,1.24,official_observed_reference,7dbc42a0ffd6970f78ba7aaf1944a34d09342419d838e567ca0e611b8788c650
2025-02-17,PORINGAL,405.689,423.976,30.356,10.625,417.45,14,46,4.9,4.9,official_observed_reference,7dbc42a0ffd6970f78ba7aaf1944a34d09342419d838e567ca0e611b8788c650
2025-02-17,SENGULAM (SBR),844.86,847.6,1.614,0.71,846.75,,0,0,,official_observed_reference,7dbc42a0ffd6970f78ba7aaf1944a34d09342419d838e567ca0e611b8788c650
2025-02-17,LOWER PERIYAR,237.74,253,4.55,2.093,249.2,2.95,65,1.357,1.357,official_observed_reference,7dbc42a0ffd6970f78ba7aaf1944a34d09342419d838e567ca0e611b8788c650
2025-02-17,KAKKAD,181.36,192.63,1.16,0.358,187.2,,0,0,,official_observed_reference,7dbc42a0ffd6970f78ba7aaf1944a34d09342419d838e567ca0e611b8788c650
2025-02-18,IDUKKI,694.944,732.43,1460,2190,721.303,884.981,61,1327.472,1300.922,official_observed_reference,d6fe086552a0ce2384237f27a472c750121c51da8856951142f0c3243104e558
2025-02-18,PAMBA,963.168,986.332,31.001,59.46,967.85,4,54,494.294,416.335,official_observed_reference,d6fe086552a0ce2384237f27a472c750121c51da8856951142f0c3243104e558
2025-02-18,KAKKI,908.304,981.456,446.542,856.467,967.782,253.713,0,0,,official_observed_reference,d6fe086552a0ce2384237f27a472c750121c51da8856951142f0c3243104e558
2025-02-18,SHOLAYAR,779.374,811.68,149.23,152.065,808.208,119.216,80,121.481,79.517,official_observed_reference,d6fe086552a0ce2384237f27a472c750121c51da8856951142f0c3243104e558
2025-02-18,IDAMALAYAR,115,169,1017.8,254.45,153.65,600.2,59,150.05,150.05,official_observed_reference,d6fe086552a0ce2384237f27a472c750121c51da8856951142f0c3243104e558
2025-02-18,KUNDALA,1735.836,1758.696,7.787,22.738,1757.7,7.04,90,132.685,57.391,official_observed_reference,d6fe086552a0ce2384237f27a472c750121c51da8856951142f0c3243104e558
2025-02-18,MADUPPATTY,1554.48,1599.59,55.217,161.234,1593.2,38.4,70,0,,official_observed_reference,d6fe086552a0ce2384237f27a472c750121c51da8856951142f0c3243104e558
2025-02-18,KUTTIADI,737.616,758.037,33.99,42.827,755.631,27.964,82,148.823,144.098,official_observed_reference,d6fe086552a0ce2384237f27a472c750121c51da8856951142f0c3243104e558
2025-02-18,THARIODE,750.5,775.6,201,253.26,765.6,90.15,45,0,,official_observed_reference,d6fe086552a0ce2384237f27a472c750121c51da8856951142f0c3243104e558
2025-02-18,ANAYIRANKAL,1188,1207.008,48.968,65.616,1207,48.965,100,98.001,34.498,official_observed_reference,d6fe086552a0ce2384237f27a472c750121c51da8856951142f0c3243104e558
2025-02-18,PONMUDI,678.8,707.745,47.4,63.516,697.8,24.17,51,0,,official_observed_reference,d6fe086552a0ce2384237f27a472c750121c51da8856951142f0c3243104e558
2025-02-18,NERIAMANGALAM,445,456.59,5.557,4.835,452.7,3.1,56,2.697,1.27,official_observed_reference,d6fe086552a0ce2384237f27a472c750121c51da8856951142f0c3243104e558
2025-02-18,PORINGAL,405.689,423.976,30.356,10.625,417.25,13.6,45,4.76,4.76,official_observed_reference,d6fe086552a0ce2384237f27a472c750121c51da8856951142f0c3243104e558
2025-02-18,SENGULAM (SBR),844.86,847.6,1.614,0.71,846.5,,0,0,,official_observed_reference,d6fe086552a0ce2384237f27a472c750121c51da8856951142f0c3243104e558
2025-02-18,LOWER PERIYAR,237.74,253,4.55,2.093,249.4,3.04,67,1.398,1.398,official_observed_reference,d6fe086552a0ce2384237f27a472c750121c51da8856951142f0c3243104e558
2025-02-18,KAKKAD,181.36,192.63,1.16,0.358,187.7,,0,0,,official_observed_reference,d6fe086552a0ce2384237f27a472c750121c51da8856951142f0c3243104e558
2025-02-20,IDUKKI,694.944,732.43,1460,2190,721.065,873.907,60,1310.861,1284.643,official_observed_reference,a7dc47672711058136393f4c855a6a5c5adb88a0d4d1070e461f96dfa9dbcfa7
2025-02-20,PAMBA,963.168,986.332,31.001,59.46,967.6,3.75,53,486.957,410.156,official_observed_reference,a7dc47672711058136393f4c855a6a5c5adb88a0d4d1070e461f96dfa9dbcfa7
2025-02-20,KAKKI,908.304,981.456,446.542,856.467,967.462,250.138,0,0,,official_observed_reference,a7dc47672711058136393f4c855a6a5c5adb88a0d4d1070e461f96dfa9dbcfa7
2025-02-20,SHOLAYAR,779.374,811.68,149.23,152.065,807.933,117.205,79,119.432,78.176,official_observed_reference,a7dc47672711058136393f4c855a6a5c5adb88a0d4d1070e461f96dfa9dbcfa7
2025-02-20,IDAMALAYAR,115,169,1017.8,254.45,153.26,590.96,58,147.74,147.74,official_observed_reference,a7dc47672711058136393f4c855a6a5c5adb88a0d4d1070e461f96dfa9dbcfa7
2025-02-20,KUNDALA,1735.836,1758.696,7.787,22.738,1757.7,7.04,90,131.955,57.075,official_observed_reference,a7dc47672711058136393f4c855a6a5c5adb88a0d4d1070e461f96dfa9dbcfa7
2025-02-20,MADUPPATTY,1554.48,1599.59,55.217,161.234,1593.1,38.15,69,0,,official_observed_reference,a7dc47672711058136393f4c855a6a5c5adb88a0d4d1070e461f96dfa9dbcfa7
2025-02-20,KUTTIADI,737.616,758.037,33.99,42.827,755.295,27.125,80,146.002,141.367,official_observed_reference,a7dc47672711058136393f4c855a6a5c5adb88a0d4d1070e461f96dfa9dbcfa7
2025-02-20,THARIODE,750.5,775.6,201,253.26,765.45,88.75,44,0,,official_observed_reference,a7dc47672711058136393f4c855a6a5c5adb88a0d4d1070e461f96dfa9dbcfa7
2025-02-20,ANAYIRANKAL,1188,1207.008,48.968,65.616,1207,48.965,100,96.192,33.861,official_observed_reference,a7dc47672711058136393f4c855a6a5c5adb88a0d4d1070e461f96dfa9dbcfa7
2025-02-20,PONMUDI,678.8,707.745,47.4,63.516,697.1,22.82,48,0,,official_observed_reference,a7dc47672711058136393f4c855a6a5c5adb88a0d4d1070e461f96dfa9dbcfa7
2025-02-20,NERIAMANGALAM,445,456.59,5.557,4.835,452.65,3.075,55,2.675,1.26,official_observed_reference,a7dc47672711058136393f4c855a6a5c5adb88a0d4d1070e461f96dfa9dbcfa7
2025-02-20,PORINGAL,405.689,423.976,30.356,10.625,417.1,13.3,44,4.655,4.655,official_observed_reference,a7dc47672711058136393f4c855a6a5c5adb88a0d4d1070e461f96dfa9dbcfa7
2025-02-20,SENGULAM (SBR),844.86,847.6,1.614,0.71,846.6,,0,0,,official_observed_reference,a7dc47672711058136393f4c855a6a5c5adb88a0d4d1070e461f96dfa9dbcfa7
2025-02-20,LOWER PERIYAR,237.74,253,4.55,2.093,248.1,2.54,56,1.168,1.168,official_observed_reference,a7dc47672711058136393f4c855a6a5c5adb88a0d4d1070e461f96dfa9dbcfa7
2025-02-20,KAKKAD,181.36,192.63,1.16,0.358,187.4,,0,0,,official_observed_reference,a7dc47672711058136393f4c855a6a5c5adb88a0d4d1070e461f96dfa9dbcfa7
2025-02-21,IDUKKI,694.944,732.43,1460,2190,720.962,869.074,60,1303.611,1277.539,official_observed_reference,d970865479e2df14a32c23209e779e666cad89e05522423c064ee0050d7118d4
2025-02-21,PAMBA,963.168,986.332,31.001,59.46,967.45,3.6,53,482.58,406.469,official_observed_reference,d970865479e2df14a32c23209e779e666cad89e05522423c064ee0050d7118d4
2025-02-21,KAKKI,908.304,981.456,446.542,856.467,967.26,248.006,0,0,,official_observed_reference,d970865479e2df14a32c23209e779e666cad89e05522423c064ee0050d7118d4
2025-02-21,SHOLAYAR,779.374,811.68,149.23,152.065,807.811,116.257,78,118.465,77.543,official_observed_reference,d970865479e2df14a32c23209e779e666cad89e05522423c064ee0050d7118d4
2025-02-21,IDAMALAYAR,115,169,1017.8,254.45,153.06,586.24,58,146.56,146.56,official_observed_reference,d970865479e2df14a32c23209e779e666cad89e05522423c064ee0050d7118d4
2025-02-21,KUNDALA,1735.836,1758.696,7.787,22.738,1757.7,7.04,90,131.59,56.917,official_observed_reference,d970865479e2df14a32c23209e779e666cad89e05522423c064ee0050d7118d4
2025-02-21,MADUPPATTY,1554.48,1599.59,55.217,161.234,1593.05,38.025,69,0,,official_observed_reference,d970865479e2df14a32c23209e779e666cad89e05522423c064ee0050d7118d4
2025-02-21,KUTTIADI,737.616,758.037,33.99,42.827,755.112,26.667,78,144.418,139.833,official_observed_reference,d970865479e2df14a32c23209e779e666cad89e05522423c064ee0050d7118d4
2025-02-21,THARIODE,750.5,775.6,201,253.26,765.35,87.95,44,0,,official_observed_reference,d970865479e2df14a32c23209e779e666cad89e05522423c064ee0050d7118d4
2025-02-21,ANAYIRANKAL,1188,1207.008,48.968,65.616,1207,48.968,100,95.392,33.579,official_observed_reference,d970865479e2df14a32c23209e779e666cad89e05522423c064ee0050d7118d4
2025-02-21,PONMUDI,678.8,707.745,47.4,63.516,696.7,22.22,47,0,,official_observed_reference,d970865479e2df14a32c23209e779e666cad89e05522423c064ee0050d7118d4
2025-02-21,NERIAMANGALAM,445,456.59,5.557,4.835,452.9,3.2,58,2.784,1.311,official_observed_reference,d970865479e2df14a32c23209e779e666cad89e05522423c064ee0050d7118d4
2025-02-21,PORINGAL,405.689,423.976,30.356,10.625,417.05,13.2,43,4.62,4.62,official_observed_reference,d970865479e2df14a32c23209e779e666cad89e05522423c064ee0050d7118d4
2025-02-21,SENGULAM (SBR),844.86,847.6,1.614,0.71,846.6,,0,0,,official_observed_reference,d970865479e2df14a32c23209e779e666cad89e05522423c064ee0050d7118d4
2025-02-21,LOWER PERIYAR,237.74,253,4.55,2.093,248.3,2.61,57,1.201,1.201,official_observed_reference,d970865479e2df14a32c23209e779e666cad89e05522423c064ee0050d7118d4
2025-02-21,KAKKAD,181.36,192.63,1.16,0.358,185.35,,0,0,,official_observed_reference,d970865479e2df14a32c23209e779e666cad89e05522423c064ee0050d7118d4
2025-02-22,IDUKKI,694.944,732.43,1460,2190,720.87,864.809,59,1297.214,1271.269,official_observed_reference,9bbfc0bacd78c410fb7d372e11cc7cbe0e35fc40c025af795e02a5afb3ecf16c
2025-02-22,PAMBA,963.168,986.332,31.001,59.46,967.35,3.5,52,479.116,403.552,official_observed_reference,9bbfc0bacd78c410fb7d372e11cc7cbe0e35fc40c025af795e02a5afb3ecf16c
2025-02-22,KAKKI,908.304,981.456,446.542,856.467,967.1,246.3,0,0,,official_observed_reference,9bbfc0bacd78c410fb7d372e11cc7cbe0e35fc40c025af795e02a5afb3ecf16c
2025-02-22,SHOLAYAR,779.374,811.68,149.23,152.065,807.659,115.081,77,117.268,76.759,official_observed_reference,9bbfc0bacd78c410fb7d372e11cc7cbe0e35fc40c025af795e02a5afb3ecf16c
2025-02-22,IDAMALAYAR,115,169,1017.8,254.45,152.91,582.685,57,145.671,145.671,official_observed_reference,9bbfc0bacd78c410fb7d372e11cc7cbe0e35fc40c025af795e02a5afb3ecf16c
2025-02-22,KUNDALA,1735.836,1758.696,7.787,22.738,1757.7,7.04,90,130.787,56.57,official_observed_reference,9bbfc0bacd78c410fb7d372e11cc7cbe0e35fc40c025af795e02a5afb3ecf16c
2025-02-22,MADUPPATTY,1554.48,1599.59,55.217,161.234,1593.05,37.75,68,0,,official_observed_reference,9bbfc0bacd78c410fb7d372e11cc7cbe0e35fc40c025af795e02a5afb3ecf16c
2025-02-22,KUTTIADI,737.616,758.037,33.99,42.827,754.899,26.133,77,143.493,138.937,official_observed_reference,9bbfc0bacd78c410fb7d372e11cc7cbe0e35fc40c025af795e02a5afb3ecf16c
2025-02-22,THARIODE,750.5,775.6,201,253.26,765.3,87.75,44,0,,official_observed_reference,9bbfc0bacd78c410fb7d372e11cc7cbe0e35fc40c025af795e02a5afb3ecf16c
2025-02-22,ANAYIRANKAL,1188,1207.008,48.968,65.616,1207,48.968,100,94.682,33.329,official_observed_reference,9bbfc0bacd78c410fb7d372e11cc7cbe0e35fc40c025af795e02a5afb3ecf16c
2025-02-22,PONMUDI,678.8,707.745,47.4,63.516,696.35,21.69,46,0,,official_observed_reference,9bbfc0bacd78c410fb7d372e11cc7cbe0e35fc40c025af795e02a5afb3ecf16c
2025-02-22,NERIAMANGALAM,445,456.59,5.557,4.835,452.95,3.23,58,2.81,1.324,official_observed_reference,9bbfc0bacd78c410fb7d372e11cc7cbe0e35fc40c025af795e02a5afb3ecf16c
2025-02-22,PORINGAL,405.689,423.976,30.356,10.625,416.95,13,43,4.55,4.55,official_observed_reference,9bbfc0bacd78c410fb7d372e11cc7cbe0e35fc40c025af795e02a5afb3ecf16c
2025-02-22,SENGULAM (SBR),844.86,847.6,1.614,0.71,846.45,,0,0,,official_observed_reference,9bbfc0bacd78c410fb7d372e11cc7cbe0e35fc40c025af795e02a5afb3ecf16c
2025-02-22,LOWER PERIYAR,237.74,253,4.55,2.093,250.5,3.48,76,1.601,1.601,official_observed_reference,9bbfc0bacd78c410fb7d372e11cc7cbe0e35fc40c025af795e02a5afb3ecf16c
2025-02-22,KAKKAD,181.36,192.63,1.16,0.358,186.5,,0,0,,official_observed_reference,9bbfc0bacd78c410fb7d372e11cc7cbe0e35fc40c025af795e02a5afb3ecf16c
2025-02-23,IDUKKI,694.944,732.43,1460,2190,720.809,861.97,59,1292.955,1267.096,official_observed_reference,25ede9362cbb41ad5bd154211b2939fb340b6e355689afaf642f6ab73bfe4f12
2025-02-23,PAMBA,963.168,986.332,31.001,59.46,967.15,3.3,52,476.216,401.109,official_observed_reference,25ede9362cbb41ad5bd154211b2939fb340b6e355689afaf642f6ab73bfe4f12
2025-02-23,KAKKI,908.304,981.456,446.542,856.467,966.975,244.988,0,0,,official_observed_reference,25ede9362cbb41ad5bd154211b2939fb340b6e355689afaf642f6ab73bfe4f12
2025-02-23,SHOLAYAR,779.374,811.68,149.23,152.065,807.568,114.359,77,116.532,76.278,official_observed_reference,25ede9362cbb41ad5bd154211b2939fb340b6e355689afaf642f6ab73bfe4f12
2025-02-23,IDAMALAYAR,115,169,1017.8,254.45,152.77,579.46,57,144.865,144.865,official_observed_reference,25ede9362cbb41ad5bd154211b2939fb340b6e355689afaf642f6ab73bfe4f12
2025-02-23,KUNDALA,1735.836,1758.696,7.787,22.738,1757.7,7.04,90,129.765,56.128,official_observed_reference,25ede9362cbb41ad5bd154211b2939fb340b6e355689afaf642f6ab73bfe4f12
2025-02-23,MADUPPATTY,1554.48,1599.59,55.217,161.234,1592.8,37.4,68,0,,official_observed_reference,25ede9362cbb41ad5bd154211b2939fb340b6e355689afaf642f6ab73bfe4f12
2025-02-23,KUTTIADI,737.616,758.037,33.99,42.827,754.99,26.362,78,142.521,137.997,official_observed_reference,25ede9362cbb41ad5bd154211b2939fb340b6e355689afaf642f6ab73bfe4f12
2025-02-23,THARIODE,750.5,775.6,201,253.26,765.2,86.75,43,0,,official_observed_reference,25ede9362cbb41ad5bd154211b2939fb340b6e355689afaf642f6ab73bfe4f12
2025-02-23,ANAYIRANKAL,1188,1207.008,48.968,65.616,1207,48.968,100,94.387,33.226,official_observed_reference,25ede9362cbb41ad5bd154211b2939fb340b6e355689afaf642f6ab73bfe4f12
2025-02-23,PONMUDI,678.8,707.745,47.4,63.516,696.2,21.47,45,0,,official_observed_reference,25ede9362cbb41ad5bd154211b2939fb340b6e355689afaf642f6ab73bfe4f12
2025-02-23,NERIAMANGALAM,445,456.59,5.557,4.835,453.35,3.47,62,3.019,1.422,official_observed_reference,25ede9362cbb41ad5bd154211b2939fb340b6e355689afaf642f6ab73bfe4f12
2025-02-23,PORINGAL,405.689,423.976,30.356,10.625,416.75,12.6,42,4.41,4.41,official_observed_reference,25ede9362cbb41ad5bd154211b2939fb340b6e355689afaf642f6ab73bfe4f12
2025-02-23,SENGULAM (SBR),844.86,847.6,1.614,0.71,846.9,,0,0,,official_observed_reference,25ede9362cbb41ad5bd154211b2939fb340b6e355689afaf642f6ab73bfe4f12
2025-02-23,LOWER PERIYAR,237.74,253,4.55,2.093,251.3,3.82,84,1.757,1.757,official_observed_reference,25ede9362cbb41ad5bd154211b2939fb340b6e355689afaf642f6ab73bfe4f12
2025-02-23,KAKKAD,181.36,192.63,1.16,0.358,186.6,,0,0,,official_observed_reference,25ede9362cbb41ad5bd154211b2939fb340b6e355689afaf642f6ab73bfe4f12
2025-02-24,IDUKKI,694.944,732.43,1460,2190,720.736,858.566,59,1287.849,1262.092,official_observed_reference,dbdaef529ace4f2bd1d36f403328e44cbe3450df561c82ccc0d1f8076dc8616e
2025-02-24,PAMBA,963.168,986.332,31.001,59.46,966.95,3.1,52,473.063,398.453,official_observed_reference,dbdaef529ace4f2bd1d36f403328e44cbe3450df561c82ccc0d1f8076dc8616e
2025-02-24,KAKKI,908.304,981.456,446.542,856.467,966.844,243.544,0,0,,official_observed_reference,dbdaef529ace4f2bd1d36f403328e44cbe3450df561c82ccc0d1f8076dc8616e
2025-02-24,SHOLAYAR,779.374,811.68,149.23,152.065,807.446,113.439,76,115.594,75.664,official_observed_reference,dbdaef529ace4f2bd1d36f403328e44cbe3450df561c82ccc0d1f8076dc8616e
2025-02-24,IDAMALAYAR,115,169,1017.8,254.45,152.61,575.78,57,143.945,143.945,official_observed_reference,dbdaef529ace4f2bd1d36f403328e44cbe3450df561c82ccc0d1f8076dc8616e
2025-02-24,KUNDALA,1735.836,1758.696,7.787,22.738,1757.65,7.005,90,128.787,55.705,official_observed_reference,dbdaef529ace4f2bd1d36f403328e44cbe3450df561c82ccc0d1f8076dc8616e
2025-02-24,MADUPPATTY,1554.48,1599.59,55.217,161.234,1592.65,37.1,67,0,,official_observed_reference,dbdaef529ace4f2bd1d36f403328e44cbe3450df561c82ccc0d1f8076dc8616e
2025-02-24,KUTTIADI,737.616,758.037,33.99,42.827,754.929,26.21,77,141.069,136.591,official_observed_reference,dbdaef529ace4f2bd1d36f403328e44cbe3450df561c82ccc0d1f8076dc8616e
2025-02-24,THARIODE,750.5,775.6,201,253.26,765.1,85.75,43,0,,official_observed_reference,dbdaef529ace4f2bd1d36f403328e44cbe3450df561c82ccc0d1f8076dc8616e
2025-02-24,ANAYIRANKAL,1188,1207.008,48.968,65.616,1207,48.965,100,93.78,33.012,official_observed_reference,dbdaef529ace4f2bd1d36f403328e44cbe3450df561c82ccc0d1f8076dc8616e
2025-02-24,PONMUDI,678.8,707.745,47.4,63.516,695.9,21.02,44,0,,official_observed_reference,dbdaef529ace4f2bd1d36f403328e44cbe3450df561c82ccc0d1f8076dc8616e
2025-02-24,NERIAMANGALAM,445,456.59,5.557,4.835,454.5,4.16,75,3.619,1.705,official_observed_reference,dbdaef529ace4f2bd1d36f403328e44cbe3450df561c82ccc0d1f8076dc8616e
2025-02-24,PORINGAL,405.689,423.976,30.356,10.625,416.65,12.4,41,4.34,4.34,official_observed_reference,dbdaef529ace4f2bd1d36f403328e44cbe3450df561c82ccc0d1f8076dc8616e
2025-02-24,SENGULAM (SBR),844.86,847.6,1.614,0.71,846.8,,0,0,,official_observed_reference,dbdaef529ace4f2bd1d36f403328e44cbe3450df561c82ccc0d1f8076dc8616e
2025-02-24,LOWER PERIYAR,237.74,253,4.55,2.093,252.1,4.15,91,1.909,1.909,official_observed_reference,dbdaef529ace4f2bd1d36f403328e44cbe3450df561c82ccc0d1f8076dc8616e
2025-02-24,KAKKAD,181.36,192.63,1.16,0.358,187.4,,0,0,,official_observed_reference,dbdaef529ace4f2bd1d36f403328e44cbe3450df561c82ccc0d1f8076dc8616e
2025-02-25,IDUKKI,694.944,732.43,1460,2190,720.645,854.31,59,1281.465,1255.836,official_observed_reference,67f6da55cc7a37b9418a89033e53ad9279cec90ca25f7d76ab6a1f49d8527d00
2025-02-25,PAMBA,963.168,986.332,31.001,59.46,966.8,2.95,51,470.006,395.878,official_observed_reference,67f6da55cc7a37b9418a89033e53ad9279cec90ca25f7d76ab6a1f49d8527d00
2025-02-25,KAKKI,908.304,981.456,446.542,856.467,966.697,242.1,0,0,,official_observed_reference,67f6da55cc7a37b9418a89033e53ad9279cec90ca25f7d76ab6a1f49d8527d00
2025-02-25,SHOLAYAR,779.374,811.68,149.23,152.065,807.328,112.518,75,114.656,75.05,official_observed_reference,67f6da55cc7a37b9418a89033e53ad9279cec90ca25f7d76ab6a1f49d8527d00
2025-02-25,IDAMALAYAR,115,169,1017.8,254.45,152.4,570.9,56,142.725,142.725,official_observed_reference,67f6da55cc7a37b9418a89033e53ad9279cec90ca25f7d76ab6a1f49d8527d00
2025-02-25,KUNDALA,1735.836,1758.696,7.787,22.738,1757.65,7.005,90,128.203,55.452,official_observed_reference,67f6da55cc7a37b9418a89033e53ad9279cec90ca25f7d76ab6a1f49d8527d00
2025-02-25,MADUPPATTY,1554.48,1599.59,55.217,161.234,1592.55,36.9,67,0,,official_observed_reference,67f6da55cc7a37b9418a89033e53ad9279cec90ca25f7d76ab6a1f49d8527d00
2025-02-25,KUTTIADI,737.616,758.037,33.99,42.827,754.99,26.362,78,140.001,135.557,official_observed_reference,67f6da55cc7a37b9418a89033e53ad9279cec90ca25f7d76ab6a1f49d8527d00
2025-02-25,THARIODE,750.5,775.6,201,253.26,765,84.75,42,0,,official_observed_reference,67f6da55cc7a37b9418a89033e53ad9279cec90ca25f7d76ab6a1f49d8527d00
2025-02-25,ANAYIRANKAL,1188,1207.008,48.968,65.616,1207,48.965,100,92.869,32.691,official_observed_reference,67f6da55cc7a37b9418a89033e53ad9279cec90ca25f7d76ab6a1f49d8527d00
2025-02-25,PONMUDI,678.8,707.745,47.4,63.516,695.45,20.34,43,0,,official_observed_reference,67f6da55cc7a37b9418a89033e53ad9279cec90ca25f7d76ab6a1f49d8527d00
2025-02-25,NERIAMANGALAM,445,456.59,5.557,4.835,454.5,,0,0,,official_observed_reference,67f6da55cc7a37b9418a89033e53ad9279cec90ca25f7d76ab6a1f49d8527d00
2025-02-25,PORINGAL,405.689,423.976,30.356,10.625,416.45,12,40,4.2,4.2,official_observed_reference,67f6da55cc7a37b9418a89033e53ad9279cec90ca25f7d76ab6a1f49d8527d00
2025-02-25,SENGULAM (SBR),844.86,847.6,1.614,0.71,846.9,,0,0,,official_observed_reference,67f6da55cc7a37b9418a89033e53ad9279cec90ca25f7d76ab6a1f49d8527d00
2025-02-25,LOWER PERIYAR,237.74,253,4.55,2.093,252.4,4.29,94,1.973,1.973,official_observed_reference,67f6da55cc7a37b9418a89033e53ad9279cec90ca25f7d76ab6a1f49d8527d00
2025-02-25,KAKKAD,181.36,192.63,1.16,0.358,186.3,,0,0,,official_observed_reference,67f6da55cc7a37b9418a89033e53ad9279cec90ca25f7d76ab6a1f49d8527d00
2025-02-26,IDUKKI,694.944,732.43,1460,2190,720.59,851.756,58,1277.634,1252.081,official_observed_reference,b86e4f57912028c2b04cb627043923e7d1bcf32f5c515bed76e214fd618c3394
2025-02-26,PAMBA,963.168,986.332,31.001,59.46,966.7,2.85,51,467.177,393.495,official_observed_reference,b86e4f57912028c2b04cb627043923e7d1bcf32f5c515bed76e214fd618c3394
2025-02-26,KAKKI,908.304,981.456,446.542,856.467,966.56,240.725,0,0,,official_observed_reference,b86e4f57912028c2b04cb627043923e7d1bcf32f5c515bed76e214fd618c3394
2025-02-26,SHOLAYAR,779.374,811.68,149.23,152.065,807.202,111.584,75,113.704,74.426,official_observed_reference,b86e4f57912028c2b04cb627043923e7d1bcf32f5c515bed76e214fd618c3394
2025-02-26,IDAMALAYAR,115,169,1017.8,254.45,152.21,566.53,56,141.633,141.633,official_observed_reference,b86e4f57912028c2b04cb627043923e7d1bcf32f5c515bed76e214fd618c3394
2025-02-26,KUNDALA,1735.836,1758.696,7.787,22.738,1757.65,7.005,90,127.619,55.199,official_observed_reference,b86e4f57912028c2b04cb627043923e7d1bcf32f5c515bed76e214fd618c3394
2025-02-26,MADUPPATTY,1554.48,1599.59,55.217,161.234,1592.45,36.7,66,0,,official_observed_reference,b86e4f57912028c2b04cb627043923e7d1bcf32f5c515bed76e214fd618c3394
2025-02-26,KUTTIADI,737.616,758.037,33.99,42.827,755.051,26.515,78,139.186,134.767,official_observed_reference,b86e4f57912028c2b04cb627043923e7d1bcf32f5c515bed76e214fd618c3394
2025-02-26,THARIODE,750.5,775.6,201,253.26,764.9,83.95,42,0,,official_observed_reference,b86e4f57912028c2b04cb627043923e7d1bcf32f5c515bed76e214fd618c3394
2025-02-26,ANAYIRANKAL,1188,1207.008,48.968,65.616,1207,48.965,100,92.869,32.691,official_observed_reference,b86e4f57912028c2b04cb627043923e7d1bcf32f5c515bed76e214fd618c3394
2025-02-26,PONMUDI,678.8,707.745,47.4,63.516,695.45,20.34,43,0,,official_observed_reference,b86e4f57912028c2b04cb627043923e7d1bcf32f5c515bed76e214fd618c3394
2025-02-26,NERIAMANGALAM,445,456.59,5.557,4.835,454.5,4.16,75,3.619,1.705,official_observed_reference,b86e4f57912028c2b04cb627043923e7d1bcf32f5c515bed76e214fd618c3394
2025-02-26,PORINGAL,405.689,423.976,30.356,10.625,416.65,12.4,41,4.34,4.34,official_observed_reference,b86e4f57912028c2b04cb627043923e7d1bcf32f5c515bed76e214fd618c3394
2025-02-26,SENGULAM (SBR),844.86,847.6,1.614,0.71,846.85,,0,0,,official_observed_reference,b86e4f57912028c2b04cb627043923e7d1bcf32f5c515bed76e214fd618c3394
2025-02-26,LOWER PERIYAR,237.74,253,4.55,2.093,251,3.69,81,1.697,1.697,official_observed_reference,b86e4f57912028c2b04cb627043923e7d1bcf32f5c515bed76e214fd618c3394
2025-02-26,KAKKAD,181.36,192.63,1.16,0.358,186.9,,0,0,,official_observed_reference,b86e4f57912028c2b04cb627043923e7d1bcf32f5c515bed76e214fd618c3394
2025-02-27,IDUKKI,694.944,732.43,1460,2190,720.462,845.79,58,1268.685,1243.311,official_observed_reference,1a950be93f9596da9fcdde359b8d0ee18b343c44132b12a83b3e5f9babe39714
2025-02-27,PAMBA,963.168,986.332,31.001,59.46,966.5,2.65,51,464.396,391.153,official_observed_reference,1a950be93f9596da9fcdde359b8d0ee18b343c44132b12a83b3e5f9babe39714
2025-02-27,KAKKI,908.304,981.456,446.542,856.467,966.438,239.475,0,0,,official_observed_reference,1a950be93f9596da9fcdde359b8d0ee18b343c44132b12a83b3e5f9babe39714
2025-02-27,SHOLAYAR,779.374,811.68,149.23,152.065,807.08,110.663,74,112.766,73.812,official_observed_reference,1a950be93f9596da9fcdde359b8d0ee18b343c44132b12a83b3e5f9babe39714
2025-02-27,IDAMALAYAR,115,169,1017.8,254.45,152.02,562.12,55,140.53,140.53,official_observed_reference,1a950be93f9596da9fcdde359b8d0ee18b343c44132b12a83b3e5f9babe39714
2025-02-27,KUNDALA,1735.836,1758.696,7.787,22.738,1757.65,7.005,90,127.035,54.947,official_observed_reference,1a950be93f9596da9fcdde359b8d0ee18b343c44132b12a83b3e5f9babe39714
2025-02-27,MADUPPATTY,1554.48,1599.59,55.217,161.234,1592.35,36.5,66,0,,official_observed_reference,1a950be93f9596da9fcdde359b8d0ee18b343c44132b12a83b3e5f9babe39714
2025-02-27,KUTTIADI,737.616,758.037,33.99,42.827,754.99,26.362,78,137.985,133.605,official_observed_reference,1a950be93f9596da9fcdde359b8d0ee18b343c44132b12a83b3e5f9babe39714
2025-02-27,THARIODE,750.5,775.6,201,253.26,764.8,83.15,41,0,,official_observed_reference,1a950be93f9596da9fcdde359b8d0ee18b343c44132b12a83b3e5f9babe39714
2025-02-27,ANAYIRANKAL,1188,1207.008,48.968,65.616,1207,48.965,100,92.976,32.729,official_observed_reference,1a950be93f9596da9fcdde359b8d0ee18b343c44132b12a83b3e5f9babe39714
2025-02-27,PONMUDI,678.8,707.745,47.4,63.516,695.5,20.42,43,0,,official_observed_reference,1a950be93f9596da9fcdde359b8d0ee18b343c44132b12a83b3e5f9babe39714
2025-02-27,NERIAMANGALAM,445,456.59,5.557,4.835,454.3,4.04,73,3.515,1.656,official_observed_reference,1a950be93f9596da9fcdde359b8d0ee18b343c44132b12a83b3e5f9babe39714
2025-02-27,PORINGAL,405.689,423.976,30.356,10.625,416.65,12.4,41,4.34,4.34,official_observed_reference,1a950be93f9596da9fcdde359b8d0ee18b343c44132b12a83b3e5f9babe39714
2025-02-27,SENGULAM (SBR),844.86,847.6,1.614,0.71,846.8,,0,0,,official_observed_reference,1a950be93f9596da9fcdde359b8d0ee18b343c44132b12a83b3e5f9babe39714
2025-02-27,LOWER PERIYAR,237.74,253,4.55,2.093,251.2,3.78,83,1.739,1.739,official_observed_reference,1a950be93f9596da9fcdde359b8d0ee18b343c44132b12a83b3e5f9babe39714
2025-02-27,KAKKAD,181.36,192.63,1.16,0.358,188.35,,0,0,,official_observed_reference,1a950be93f9596da9fcdde359b8d0ee18b343c44132b12a83b3e5f9babe39714
2025-02-28,IDUKKI,694.944,732.43,1460,2190,720.31,838.682,57,1258.023,1232.863,official_observed_reference,0020b6b426690a7878b6738d8ec51de9b583f91b1a60905ab074ae4e65e379c8
2025-02-28,PAMBA,963.168,986.332,31.001,59.46,966.4,2.55,50,461.567,388.77,official_observed_reference,0020b6b426690a7878b6738d8ec51de9b583f91b1a60905ab074ae4e65e379c8
2025-02-28,KAKKI,908.304,981.456,446.542,856.467,966.304,238.1,0,0,,official_observed_reference,0020b6b426690a7878b6738d8ec51de9b583f91b1a60905ab074ae4e65e379c8
2025-02-28,SHOLAYAR,779.374,811.68,149.23,152.065,807.08,110.663,74,112.766,73.812,official_observed_reference,0020b6b426690a7878b6738d8ec51de9b583f91b1a60905ab074ae4e65e379c8
2025-02-28,IDAMALAYAR,115,169,1017.8,254.45,151.81,557.28,55,139.32,139.32,official_observed_reference,0020b6b426690a7878b6738d8ec51de9b583f91b1a60905ab074ae4e65e379c8
2025-02-28,KUNDALA,1735.836,1758.696,7.787,22.738,1757.65,7.005,90,126.743,54.821,official_observed_reference,0020b6b426690a7878b6738d8ec51de9b583f91b1a60905ab074ae4e65e379c8
2025-02-28,MADUPPATTY,1554.48,1599.59,55.217,161.234,1592.3,36.4,66,0,,official_observed_reference,0020b6b426690a7878b6738d8ec51de9b583f91b1a60905ab074ae4e65e379c8
2025-02-28,KUTTIADI,737.616,758.037,33.99,42.827,754.99,26.362,78,137.481,133.117,official_observed_reference,0020b6b426690a7878b6738d8ec51de9b583f91b1a60905ab074ae4e65e379c8
2025-02-28,THARIODE,750.5,775.6,201,253.26,764.75,82.75,41,0,,official_observed_reference,0020b6b426690a7878b6738d8ec51de9b583f91b1a60905ab074ae4e65e379c8
2025-02-28,ANAYIRANKAL,1188,1207.008,48.968,65.616,1207,48.965,100,92.574,32.587,official_observed_reference,0020b6b426690a7878b6738d8ec51de9b583f91b1a60905ab074ae4e65e379c8
2025-02-28,PONMUDI,678.8,707.745,47.4,63.516,695.3,20.12,42,0,,official_observed_reference,0020b6b426690a7878b6738d8ec51de9b583f91b1a60905ab074ae4e65e379c8
2025-02-28,NERIAMANGALAM,445,456.59,5.557,4.835,454,3.86,69,3.358,1.582,official_observed_reference,0020b6b426690a7878b6738d8ec51de9b583f91b1a60905ab074ae4e65e379c8
2025-02-28,PORINGAL,405.689,423.976,30.356,10.625,416.7,12.5,41,4.375,4.375,official_observed_reference,0020b6b426690a7878b6738d8ec51de9b583f91b1a60905ab074ae4e65e379c8
2025-02-28,SENGULAM (SBR),844.86,847.6,1.614,0.71,846.8,,0,0,,official_observed_reference,0020b6b426690a7878b6738d8ec51de9b583f91b1a60905ab074ae4e65e379c8
2025-02-28,LOWER PERIYAR,237.74,253,4.55,2.093,249.8,3.2,70,1.472,1.472,official_observed_reference,0020b6b426690a7878b6738d8ec51de9b583f91b1a60905ab074ae4e65e379c8
2025-02-28,KAKKAD,181.36,192.63,1.16,0.358,186.9,,0,0,,official_observed_reference,0020b6b426690a7878b6738d8ec51de9b583f91b1a60905ab074ae4e65e379c8
2025-03-01,IDUKKI,694.944,732.43,1460,2190,720.127,830.164,57,1245.246,1220.341,official_observed_reference,9d0156a959e8d71356960be60e7ec64448e23d69eb13995fec5193cb598dcd95
2025-03-01,PAMBA,963.168,986.332,31.001,59.46,966.3,2.45,50,458.774,386.418,official_observed_reference,9d0156a959e8d71356960be60e7ec64448e23d69eb13995fec5193cb598dcd95
2025-03-01,KAKKI,908.304,981.456,446.542,856.467,966.158,236.744,0,0,,official_observed_reference,9d0156a959e8d71356960be60e7ec64448e23d69eb13995fec5193cb598dcd95
2025-03-01,SHOLAYAR,779.374,811.68,149.23,152.065,806.775,108.299,73,110.356,72.235,official_observed_reference,9d0156a959e8d71356960be60e7ec64448e23d69eb13995fec5193cb598dcd95
2025-03-01,IDAMALAYAR,115,169,1017.8,254.45,151.59,552.17,54,138.043,138.043,official_observed_reference,9d0156a959e8d71356960be60e7ec64448e23d69eb13995fec5193cb598dcd95
2025-03-01,KUNDALA,1735.836,1758.696,7.787,22.738,1757.65,7.005,90,126.451,54.694,official_observed_reference,9d0156a959e8d71356960be60e7ec64448e23d69eb13995fec5193cb598dcd95
2025-03-01,MADUPPATTY,1554.48,1599.59,55.217,161.234,1592.25,36.3,66,0,,official_observed_reference,9d0156a959e8d71356960be60e7ec64448e23d69eb13995fec5193cb598dcd95
2025-03-01,KUTTIADI,737.616,758.037,33.99,42.827,754.899,26.133,77,136.437,132.105,official_observed_reference,9d0156a959e8d71356960be60e7ec64448e23d69eb13995fec5193cb598dcd95
2025-03-01,THARIODE,750.5,775.6,201,253.26,764.7,82.15,41,0,,official_observed_reference,9d0156a959e8d71356960be60e7ec64448e23d69eb13995fec5193cb598dcd95
2025-03-01,ANAYIRANKAL,1188,1207.008,48.968,65.616,1207,48.965,100,92.065,32.408,official_observed_reference,9d0156a959e8d71356960be60e7ec64448e23d69eb13995fec5193cb598dcd95
2025-03-01,PONMUDI,678.8,707.745,47.4,63.516,695.05,19.74,42,0,,official_observed_reference,9d0156a959e8d71356960be60e7ec64448e23d69eb13995fec5193cb598dcd95
2025-03-01,NERIAMANGALAM,445,456.59,5.557,4.835,453.7,3.68,66,3.202,1.508,official_observed_reference,9d0156a959e8d71356960be60e7ec64448e23d69eb13995fec5193cb598dcd95
2025-03-01,PORINGAL,405.689,423.976,30.356,10.625,416.75,12.6,42,4.41,4.41,official_observed_reference,9d0156a959e8d71356960be60e7ec64448e23d69eb13995fec5193cb598dcd95
2025-03-01,SENGULAM (SBR),844.86,847.6,1.614,0.71,846.7,,0,0,,official_observed_reference,9d0156a959e8d71356960be60e7ec64448e23d69eb13995fec5193cb598dcd95
2025-03-01,LOWER PERIYAR,237.74,253,4.55,2.093,249.1,2.91,64,1.339,1.339,official_observed_reference,9d0156a959e8d71356960be60e7ec64448e23d69eb13995fec5193cb598dcd95
2025-03-01,KAKKAD,181.36,192.63,1.16,0.358,187,,0,0,,official_observed_reference,9d0156a959e8d71356960be60e7ec64448e23d69eb13995fec5193cb598dcd95
2025-03-02,IDUKKI,694.944,732.43,1460,2190,720.029,825.624,57,1238.436,1213.667,official_observed_reference,390022b78dae386c42e11339545ff72f74f8e55557489af09e4970d21777c6c6
2025-03-02,PAMBA,963.168,986.332,31.001,59.46,966.2,2.35,50,456.988,384.914,official_observed_reference,390022b78dae386c42e11339545ff72f74f8e55557489af09e4970d21777c6c6
2025-03-02,KAKKI,908.304,981.456,446.542,856.467,966.072,235.913,0,0,,official_observed_reference,390022b78dae386c42e11339545ff72f74f8e55557489af09e4970d21777c6c6
2025-03-02,SHOLAYAR,779.374,811.68,149.23,152.065,806.653,107.364,72,109.404,71.612,official_observed_reference,390022b78dae386c42e11339545ff72f74f8e55557489af09e4970d21777c6c6
2025-03-02,IDAMALAYAR,115,169,1017.8,254.45,151.44,548.69,54,137.173,137.173,official_observed_reference,390022b78dae386c42e11339545ff72f74f8e55557489af09e4970d21777c6c6
2025-03-02,KUNDALA,1735.836,1758.696,7.787,22.738,1757.65,7.005,90,125.867,54.442,official_observed_reference,390022b78dae386c42e11339545ff72f74f8e55557489af09e4970d21777c6c6
2025-03-02,MADUPPATTY,1554.48,1599.59,55.217,161.234,1592.15,36.1,65,0,,official_observed_reference,390022b78dae386c42e11339545ff72f74f8e55557489af09e4970d21777c6c6
2025-03-02,KUTTIADI,737.616,758.037,33.99,42.827,754.99,26.362,78,135.717,131.409,official_observed_reference,390022b78dae386c42e11339545ff72f74f8e55557489af09e4970d21777c6c6
2025-03-02,THARIODE,750.5,775.6,201,253.26,764.6,81.35,40,0,,official_observed_reference,390022b78dae386c42e11339545ff72f74f8e55557489af09e4970d21777c6c6
2025-03-02,ANAYIRANKAL,1188,1207.008,48.968,65.616,1207,48.965,100,90.899,31.998,official_observed_reference,390022b78dae386c42e11339545ff72f74f8e55557489af09e4970d21777c6c6
2025-03-02,PONMUDI,678.8,707.745,47.4,63.516,694.5,18.87,40,0,,official_observed_reference,390022b78dae386c42e11339545ff72f74f8e55557489af09e4970d21777c6c6
2025-03-02,NERIAMANGALAM,445,456.59,5.557,4.835,453.95,3.83,69,3.332,1.57,official_observed_reference,390022b78dae386c42e11339545ff72f74f8e55557489af09e4970d21777c6c6
2025-03-02,PORINGAL,405.689,423.976,30.356,10.625,416.75,12.6,42,4.41,4.41,official_observed_reference,390022b78dae386c42e11339545ff72f74f8e55557489af09e4970d21777c6c6
2025-03-02,SENGULAM (SBR),844.86,847.6,1.614,0.71,846.9,,0,0,,official_observed_reference,390022b78dae386c42e11339545ff72f74f8e55557489af09e4970d21777c6c6
2025-03-02,LOWER PERIYAR,237.74,253,4.55,2.093,249.8,3.2,70,1.472,1.472,official_observed_reference,390022b78dae386c42e11339545ff72f74f8e55557489af09e4970d21777c6c6
2025-03-02,KAKKAD,181.36,192.63,1.16,0.358,187.6,,0,0,,official_observed_reference,390022b78dae386c42e11339545ff72f74f8e55557489af09e4970d21777c6c6
2025-03-03,IDUKKI,694.944,732.43,1460,2190,719.901,819.662,56,1229.493,1204.903,official_observed_reference,270b07e8449a81e736b3150302bf2af2a143898bbc81d7ed263487b859807c20
2025-03-03,PAMBA,963.168,986.332,31.001,59.46,966.03,2.45,50,454.902,383.156,official_observed_reference,270b07e8449a81e736b3150302bf2af2a143898bbc81d7ed263487b859807c20
2025-03-03,KAKKI,908.304,981.456,446.542,856.467,965.959,234.725,0,0,,official_observed_reference,270b07e8449a81e736b3150302bf2af2a143898bbc81d7ed263487b859807c20
2025-03-03,SHOLAYAR,779.374,811.68,149.23,152.065,806.501,106.203,71,108.221,70.837,official_observed_reference,270b07e8449a81e736b3150302bf2af2a143898bbc81d7ed263487b859807c20
2025-03-03,IDAMALAYAR,115,169,1017.8,254.45,151.25,544.3,53,136.075,136.075,official_observed_reference,270b07e8449a81e736b3150302bf2af2a143898bbc81d7ed263487b859807c20
2025-03-03,KUNDALA,1735.836,1758.696,7.787,22.738,1757.65,7.005,90,125.283,54.189,official_observed_reference,270b07e8449a81e736b3150302bf2af2a143898bbc81d7ed263487b859807c20
2025-03-03,MADUPPATTY,1554.48,1599.59,55.217,161.234,1592.05,35.9,65,0,,official_observed_reference,270b07e8449a81e736b3150302bf2af2a143898bbc81d7ed263487b859807c20
2025-03-03,KUTTIADI,737.616,758.037,33.99,42.827,754.868,26.056,77,134.072,129.815,official_observed_reference,270b07e8449a81e736b3150302bf2af2a143898bbc81d7ed263487b859807c20
2025-03-03,THARIODE,750.5,775.6,201,253.26,764.5,80.35,40,0,,official_observed_reference,270b07e8449a81e736b3150302bf2af2a143898bbc81d7ed263487b859807c20
2025-03-03,ANAYIRANKAL,1188,1207.008,48.968,65.616,1207,48.965,100,91.542,32.224,official_observed_reference,270b07e8449a81e736b3150302bf2af2a143898bbc81d7ed263487b859807c20
2025-03-03,PONMUDI,678.8,707.745,47.4,63.516,694.8,19.35,41,0,,official_observed_reference,270b07e8449a81e736b3150302bf2af2a143898bbc81d7ed263487b859807c20
2025-03-03,NERIAMANGALAM,445,456.59,5.557,4.835,453.75,3.71,67,3.228,1.52,official_observed_reference,270b07e8449a81e736b3150302bf2af2a143898bbc81d7ed263487b859807c20
2025-03-03,PORINGAL,405.689,423.976,30.356,10.625,416.65,12.4,41,4.34,4.34,official_observed_reference,270b07e8449a81e736b3150302bf2af2a143898bbc81d7ed263487b859807c20
2025-03-03,SENGULAM (SBR),844.86,847.6,1.614,0.71,846.95,,0,0,,official_observed_reference,270b07e8449a81e736b3150302bf2af2a143898bbc81d7ed263487b859807c20
2025-03-03,LOWER PERIYAR,237.74,253,4.55,2.093,248.6,,0,0,,official_observed_reference,270b07e8449a81e736b3150302bf2af2a143898bbc81d7ed263487b859807c20
2025-03-03,KAKKAD,181.36,192.63,1.16,0.358,187.1,,0,0,,official_observed_reference,270b07e8449a81e736b3150302bf2af2a143898bbc81d7ed263487b859807c20
2025-03-04,IDUKKI,694.944,732.43,1460,2190,719.773,813.692,56,1220.538,1196.127,official_observed_reference,c1c6b0431f77ea76daa76a679e33db8ac7341056b3c1984b72d2e3a692e99e8d
2025-03-04,PAMBA,963.168,986.332,31.001,59.46,965.95,2.14,49,452.03,380.738,official_observed_reference,c1c6b0431f77ea76daa76a679e33db8ac7341056b3c1984b72d2e3a692e99e8d
2025-03-04,KAKKI,908.304,981.456,446.542,856.467,965.825,233.538,0,0,,official_observed_reference,c1c6b0431f77ea76daa76a679e33db8ac7341056b3c1984b72d2e3a692e99e8d
2025-03-04,SHOLAYAR,779.374,811.68,149.23,152.065,806.344,105.014,70,107.009,70.044,official_observed_reference,c1c6b0431f77ea76daa76a679e33db8ac7341056b3c1984b72d2e3a692e99e8d
2025-03-04,IDAMALAYAR,115,169,1017.8,254.45,151.07,540.145,53,135.036,135.036,official_observed_reference,c1c6b0431f77ea76daa76a679e33db8ac7341056b3c1984b72d2e3a692e99e8d
2025-03-04,KUNDALA,1735.836,1758.696,7.787,22.738,1757.65,7.005,90,124.699,53.936,official_observed_reference,c1c6b0431f77ea76daa76a679e33db8ac7341056b3c1984b72d2e3a692e99e8d
2025-03-04,MADUPPATTY,1554.48,1599.59,55.217,161.234,1591.95,35.7,65,0,,official_observed_reference,c1c6b0431f77ea76daa76a679e33db8ac7341056b3c1984b72d2e3a692e99e8d
2025-03-04,KUTTIADI,737.616,758.037,33.99,42.827,754.685,25.6,75,132.237,128.039,official_observed_reference,c1c6b0431f77ea76daa76a679e33db8ac7341056b3c1984b72d2e3a692e99e8d
2025-03-04,THARIODE,750.5,775.6,201,253.26,764.4,79.35,39,0,,official_observed_reference,c1c6b0431f77ea76daa76a679e33db8ac7341056b3c1984b72d2e3a692e99e8d
2025-03-04,ANAYIRANKAL,1188,1207.008,48.968,65.616,1207,48.965,100,90.899,31.998,official_observed_reference,c1c6b0431f77ea76daa76a679e33db8ac7341056b3c1984b72d2e3a692e99e8d
2025-03-04,PONMUDI,678.8,707.745,47.4,63.516,694.5,18.87,40,0,,official_observed_reference,c1c6b0431f77ea76daa76a679e33db8ac7341056b3c1984b72d2e3a692e99e8d
2025-03-04,NERIAMANGALAM,445,456.59,5.557,4.835,453.45,3.53,64,3.071,1.447,official_observed_reference,c1c6b0431f77ea76daa76a679e33db8ac7341056b3c1984b72d2e3a692e99e8d
2025-03-04,PORINGAL,405.689,423.976,30.356,10.625,416.6,12.3,41,4.305,4.305,official_observed_reference,c1c6b0431f77ea76daa76a679e33db8ac7341056b3c1984b72d2e3a692e99e8d
2025-03-04,SENGULAM (SBR),844.86,847.6,1.614,0.71,846.75,,0,0,,official_observed_reference,c1c6b0431f77ea76daa76a679e33db8ac7341056b3c1984b72d2e3a692e99e8d
2025-03-04,LOWER PERIYAR,237.74,253,4.55,2.093,250,3.28,72,1.509,1.509,official_observed_reference,c1c6b0431f77ea76daa76a679e33db8ac7341056b3c1984b72d2e3a692e99e8d
2025-03-04,KAKKAD,181.36,192.63,1.16,0.358,186.55,,0,0,,official_observed_reference,c1c6b0431f77ea76daa76a679e33db8ac7341056b3c1984b72d2e3a692e99e8d
2025-03-06,IDUKKI,694.944,732.43,1460,2190,719.499,800.996,55,1201.494,1177.464,official_observed_reference,5487bf2aa22bac0b1f3b1dd1fc6d18e48c93269ca2b40171b2e36e0200cf714d
2025-03-06,PAMBA,963.168,986.332,31.001,59.46,965.85,2.06,49,450.281,379.264,official_observed_reference,5487bf2aa22bac0b1f3b1dd1fc6d18e48c93269ca2b40171b2e36e0200cf714d
2025-03-06,KAKKI,908.304,981.456,446.542,856.467,965.734,232.706,0,0,,official_observed_reference,5487bf2aa22bac0b1f3b1dd1fc6d18e48c93269ca2b40171b2e36e0200cf714d
2025-03-06,SHOLAYAR,779.374,811.68,149.23,152.065,806.074,102.946,69,104.902,68.665,official_observed_reference,5487bf2aa22bac0b1f3b1dd1fc6d18e48c93269ca2b40171b2e36e0200cf714d
2025-03-06,IDAMALAYAR,115,169,1017.8,254.45,150.65,530.4,52,132.6,132.6,official_observed_reference,5487bf2aa22bac0b1f3b1dd1fc6d18e48c93269ca2b40171b2e36e0200cf714d
2025-03-06,KUNDALA,1735.836,1758.696,7.787,22.738,1757.65,7.005,90,122.947,53.179,official_observed_reference,5487bf2aa22bac0b1f3b1dd1fc6d18e48c93269ca2b40171b2e36e0200cf714d
2025-03-06,MADUPPATTY,1554.48,1599.59,55.217,161.234,1591.65,35.1,64,0,,official_observed_reference,5487bf2aa22bac0b1f3b1dd1fc6d18e48c93269ca2b40171b2e36e0200cf714d
2025-03-06,KUTTIADI,737.616,758.037,33.99,42.827,754.441,24.992,74,129.707,125.589,official_observed_reference,5487bf2aa22bac0b1f3b1dd1fc6d18e48c93269ca2b40171b2e36e0200cf714d
2025-03-06,THARIODE,750.5,775.6,201,253.26,764.2,77.95,39,0,,official_observed_reference,5487bf2aa22bac0b1f3b1dd1fc6d18e48c93269ca2b40171b2e36e0200cf714d
2025-03-06,ANAYIRANKAL,1188,1207.008,48.968,65.616,1206.9,48.425,99,88.675,31.215,official_observed_reference,5487bf2aa22bac0b1f3b1dd1fc6d18e48c93269ca2b40171b2e36e0200cf714d
2025-03-06,PONMUDI,678.8,707.745,47.4,63.516,693.8,17.75,37,0,,official_observed_reference,5487bf2aa22bac0b1f3b1dd1fc6d18e48c93269ca2b40171b2e36e0200cf714d
2025-03-06,NERIAMANGALAM,445,456.59,5.557,4.835,453.75,3.71,67,3.228,1.52,official_observed_reference,5487bf2aa22bac0b1f3b1dd1fc6d18e48c93269ca2b40171b2e36e0200cf714d
2025-03-06,PORINGAL,405.689,423.976,30.356,10.625,416.25,11.6,38,4.06,4.06,official_observed_reference,5487bf2aa22bac0b1f3b1dd1fc6d18e48c93269ca2b40171b2e36e0200cf714d
2025-03-06,SENGULAM (SBR),844.86,847.6,1.614,0.71,846.7,,0,0,,official_observed_reference,5487bf2aa22bac0b1f3b1dd1fc6d18e48c93269ca2b40171b2e36e0200cf714d
2025-03-06,LOWER PERIYAR,237.74,253,4.55,2.093,249.4,3.04,67,1.398,1.398,official_observed_reference,5487bf2aa22bac0b1f3b1dd1fc6d18e48c93269ca2b40171b2e36e0200cf714d
2025-03-06,KAKKAD,181.36,192.63,1.16,0.358,189,,0,0,,official_observed_reference,5487bf2aa22bac0b1f3b1dd1fc6d18e48c93269ca2b40171b2e36e0200cf714d
2025-03-07,IDUKKI,694.944,732.43,1460,2190,719.371,795.037,54,1192.556,1168.704,official_observed_reference,47e6603f28c140cf40c01590d7307bfa0e438194c920375d6f88f6cecf6e8a6c
2025-03-07,PAMBA,963.168,986.332,31.001,59.46,965.8,2.02,49,449.293,378.432,official_observed_reference,47e6603f28c140cf40c01590d7307bfa0e438194c920375d6f88f6cecf6e8a6c
2025-03-07,KAKKI,908.304,981.456,446.542,856.467,965.685,232.231,0,0,,official_observed_reference,47e6603f28c140cf40c01590d7307bfa0e438194c920375d6f88f6cecf6e8a6c
2025-03-07,SHOLAYAR,779.374,811.68,149.23,152.065,805.891,101.686,68,103.618,67.825,official_observed_reference,47e6603f28c140cf40c01590d7307bfa0e438194c920375d6f88f6cecf6e8a6c
2025-03-07,IDAMALAYAR,115,169,1017.8,254.45,150.45,525.775,52,131.444,131.444,official_observed_reference,47e6603f28c140cf40c01590d7307bfa0e438194c920375d6f88f6cecf6e8a6c
2025-03-07,KUNDALA,1735.836,1758.696,7.787,22.738,1757.65,7.005,90,122.363,52.926,official_observed_reference,47e6603f28c140cf40c01590d7307bfa0e438194c920375d6f88f6cecf6e8a6c
2025-03-07,MADUPPATTY,1554.48,1599.59,55.217,161.234,1591.55,34.9,63,0,,official_observed_reference,47e6603f28c140cf40c01590d7307bfa0e438194c920375d6f88f6cecf6e8a6c
2025-03-07,KUTTIADI,737.616,758.037,33.99,42.827,754.38,24.84,73,128.759,124.672,official_observed_reference,47e6603f28c140cf40c01590d7307bfa0e438194c920375d6f88f6cecf6e8a6c
2025-03-07,THARIODE,750.5,775.6,201,253.26,764.15,77.35,38,0,,official_observed_reference,47e6603f28c140cf40c01590d7307bfa0e438194c920375d6f88f6cecf6e8a6c
2025-03-07,ANAYIRANKAL,1188,1207.008,48.968,65.616,1206.8,47.93,98,88.333,31.095,official_observed_reference,47e6603f28c140cf40c01590d7307bfa0e438194c920375d6f88f6cecf6e8a6c
2025-03-07,PONMUDI,678.8,707.745,47.4,63.516,693.95,17.99,38,0,,official_observed_reference,47e6603f28c140cf40c01590d7307bfa0e438194c920375d6f88f6cecf6e8a6c
2025-03-07,NERIAMANGALAM,445,456.59,5.557,4.835,453.75,3.71,67,3.228,1.52,official_observed_reference,47e6603f28c140cf40c01590d7307bfa0e438194c920375d6f88f6cecf6e8a6c
2025-03-07,PORINGAL,405.689,423.976,30.356,10.625,416.3,11.7,39,4.095,4.095,official_observed_reference,47e6603f28c140cf40c01590d7307bfa0e438194c920375d6f88f6cecf6e8a6c
2025-03-07,SENGULAM (SBR),844.86,847.6,1.614,0.71,846.8,,0,0,,official_observed_reference,47e6603f28c140cf40c01590d7307bfa0e438194c920375d6f88f6cecf6e8a6c
2025-03-07,LOWER PERIYAR,237.74,253,4.55,2.093,249.5,3.08,68,1.417,1.417,official_observed_reference,47e6603f28c140cf40c01590d7307bfa0e438194c920375d6f88f6cecf6e8a6c
2025-03-07,KAKKAD,181.36,192.63,1.16,0.358,190.1,,0,0,,official_observed_reference,47e6603f28c140cf40c01590d7307bfa0e438194c920375d6f88f6cecf6e8a6c
2025-03-08,IDUKKI,694.944,732.43,1460,2190,719.255,790.017,54,1185.026,1161.325,official_observed_reference,26c2d72c19eaf46754dde2dbeb8faf42d2b681722449a86d97388c5fa91c1a7f
2025-03-08,PAMBA,963.168,986.332,31.001,59.46,965.8,2.02,49,448.62,377.865,official_observed_reference,26c2d72c19eaf46754dde2dbeb8faf42d2b681722449a86d97388c5fa91c1a7f
2025-03-08,KAKKI,908.304,981.456,446.542,856.467,965.65,231.88,0,0,,official_observed_reference,26c2d72c19eaf46754dde2dbeb8faf42d2b681722449a86d97388c5fa91c1a7f
2025-03-08,SHOLAYAR,779.374,811.68,149.23,152.065,805.769,100.836,68,102.752,67.258,official_observed_reference,26c2d72c19eaf46754dde2dbeb8faf42d2b681722449a86d97388c5fa91c1a7f
2025-03-08,IDAMALAYAR,115,169,1017.8,254.45,150.25,521.15,51,130.288,130.288,official_observed_reference,26c2d72c19eaf46754dde2dbeb8faf42d2b681722449a86d97388c5fa91c1a7f
2025-03-08,KUNDALA,1735.836,1758.696,7.787,22.738,1757.65,7.005,90,121.779,52.673,official_observed_reference,26c2d72c19eaf46754dde2dbeb8faf42d2b681722449a86d97388c5fa91c1a7f
2025-03-08,MADUPPATTY,1554.48,1599.59,55.217,161.234,1591.45,34.7,63,0,,official_observed_reference,26c2d72c19eaf46754dde2dbeb8faf42d2b681722449a86d97388c5fa91c1a7f
2025-03-08,KUTTIADI,737.616,758.037,33.99,42.827,754.38,24.84,73,127.247,123.208,official_observed_reference,26c2d72c19eaf46754dde2dbeb8faf42d2b681722449a86d97388c5fa91c1a7f
2025-03-08,THARIODE,750.5,775.6,201,253.26,764.05,76.15,38,0,,official_observed_reference,26c2d72c19eaf46754dde2dbeb8faf42d2b681722449a86d97388c5fa91c1a7f
2025-03-08,ANAYIRANKAL,1188,1207.008,48.968,65.616,1206.73,47.615,97,87.911,30.946,official_observed_reference,26c2d72c19eaf46754dde2dbeb8faf42d2b681722449a86d97388c5fa91c1a7f
2025-03-08,PONMUDI,678.8,707.745,47.4,63.516,693.95,17.99,38,0,,official_observed_reference,26c2d72c19eaf46754dde2dbeb8faf42d2b681722449a86d97388c5fa91c1a7f
2025-03-08,NERIAMANGALAM,445,456.59,5.557,4.835,453.25,3.41,61,2.967,1.397,official_observed_reference,26c2d72c19eaf46754dde2dbeb8faf42d2b681722449a86d97388c5fa91c1a7f
2025-03-08,PORINGAL,405.689,423.976,30.356,10.625,416.4,11.9,39,4.165,4.165,official_observed_reference,26c2d72c19eaf46754dde2dbeb8faf42d2b681722449a86d97388c5fa91c1a7f
2025-03-08,SENGULAM (SBR),844.86,847.6,1.614,0.71,847,,0,0,,official_observed_reference,26c2d72c19eaf46754dde2dbeb8faf42d2b681722449a86d97388c5fa91c1a7f
2025-03-08,LOWER PERIYAR,237.74,253,4.55,2.093,250,3.28,72,1.509,1.509,official_observed_reference,26c2d72c19eaf46754dde2dbeb8faf42d2b681722449a86d97388c5fa91c1a7f
2025-03-08,KAKKAD,181.36,192.63,1.16,0.358,191.6,,0,0,,official_observed_reference,26c2d72c19eaf46754dde2dbeb8faf42d2b681722449a86d97388c5fa91c1a7f
2025-03-09,IDUKKI,694.944,732.43,1460,2190,719.139,785.347,54,1178.021,1154.46,official_observed_reference,13c982060f8dd3de55cd2e2253a0f891352b6391e9dd9dc99a06e8cc94f9aa89
2025-03-09,PAMBA,963.168,986.332,31.001,59.46,965.75,1.98,49,447.851,377.218,official_observed_reference,13c982060f8dd3de55cd2e2253a0f891352b6391e9dd9dc99a06e8cc94f9aa89
2025-03-09,KAKKI,908.304,981.456,446.542,856.467,965.612,231.519,0,0,,official_observed_reference,13c982060f8dd3de55cd2e2253a0f891352b6391e9dd9dc99a06e8cc94f9aa89
2025-03-09,SHOLAYAR,779.374,811.68,149.23,152.065,805.647,100.001,67,101.901,66.701,official_observed_reference,13c982060f8dd3de55cd2e2253a0f891352b6391e9dd9dc99a06e8cc94f9aa89
2025-03-09,IDAMALAYAR,115,169,1017.8,254.45,150.03,516.04,51,129.01,129.01,official_observed_reference,13c982060f8dd3de55cd2e2253a0f891352b6391e9dd9dc99a06e8cc94f9aa89
2025-03-09,KUNDALA,1735.836,1758.696,7.787,22.738,1757.65,7.005,90,120.903,52.295,official_observed_reference,13c982060f8dd3de55cd2e2253a0f891352b6391e9dd9dc99a06e8cc94f9aa89
2025-03-09,MADUPPATTY,1554.48,1599.59,55.217,161.234,1591.3,34.4,62,0,,official_observed_reference,13c982060f8dd3de55cd2e2253a0f891352b6391e9dd9dc99a06e8cc94f9aa89
2025-03-09,KUTTIADI,737.616,758.037,33.99,42.827,754.25,24.566,72,126.398,122.386,official_observed_reference,13c982060f8dd3de55cd2e2253a0f891352b6391e9dd9dc99a06e8cc94f9aa89
2025-03-09,THARIODE,750.5,775.6,201,253.26,764,75.75,38,0,,official_observed_reference,13c982060f8dd3de55cd2e2253a0f891352b6391e9dd9dc99a06e8cc94f9aa89
2025-03-09,ANAYIRANKAL,1188,1207.008,48.968,65.616,1206.59,46.985,96,87.173,30.686,official_observed_reference,13c982060f8dd3de55cd2e2253a0f891352b6391e9dd9dc99a06e8cc94f9aa89
2025-03-09,PONMUDI,678.8,707.745,47.4,63.516,694,18.07,38,0,,official_observed_reference,13c982060f8dd3de55cd2e2253a0f891352b6391e9dd9dc99a06e8cc94f9aa89
2025-03-09,NERIAMANGALAM,445,456.59,5.557,4.835,452.9,3.2,58,2.784,1.311,official_observed_reference,13c982060f8dd3de55cd2e2253a0f891352b6391e9dd9dc99a06e8cc94f9aa89
2025-03-09,PORINGAL,405.689,423.976,30.356,10.625,416.35,11.8,39,4.13,4.13,official_observed_reference,13c982060f8dd3de55cd2e2253a0f891352b6391e9dd9dc99a06e8cc94f9aa89
2025-03-09,SENGULAM (SBR),844.86,847.6,1.614,0.71,846.8,,0,0,,official_observed_reference,13c982060f8dd3de55cd2e2253a0f891352b6391e9dd9dc99a06e8cc94f9aa89
2025-03-09,LOWER PERIYAR,237.74,253,4.55,2.093,249.7,3.16,69,1.454,1.454,official_observed_reference,13c982060f8dd3de55cd2e2253a0f891352b6391e9dd9dc99a06e8cc94f9aa89
2025-03-09,KAKKAD,181.36,192.63,1.16,0.358,190.1,,0,0,,official_observed_reference,13c982060f8dd3de55cd2e2253a0f891352b6391e9dd9dc99a06e8cc94f9aa89
2025-03-11,IDUKKI,694.944,732.43,1460,2190,718.816,772.32,53,1158.48,1135.31,official_observed_reference,ec48fc44d48bb7c33ed7e63bc45d5e0477946848bf16e06eb65b77505f9ef10b
2025-03-11,PAMBA,963.168,986.332,31.001,59.46,965.7,1.94,49,446.251,375.87,official_observed_reference,ec48fc44d48bb7c33ed7e63bc45d5e0477946848bf16e06eb65b77505f9ef10b
2025-03-11,KAKKI,908.304,981.456,446.542,856.467,965.524,230.725,0,0,,official_observed_reference,ec48fc44d48bb7c33ed7e63bc45d5e0477946848bf16e06eb65b77505f9ef10b
2025-03-11,SHOLAYAR,779.374,811.68,149.23,152.065,805.312,97.679,65,99.535,65.152,official_observed_reference,ec48fc44d48bb7c33ed7e63bc45d5e0477946848bf16e06eb65b77505f9ef10b
2025-03-11,IDAMALAYAR,115,169,1017.8,254.45,149.58,505.9,50,126.475,126.475,official_observed_reference,ec48fc44d48bb7c33ed7e63bc45d5e0477946848bf16e06eb65b77505f9ef10b
2025-03-11,KUNDALA,1735.836,1758.696,7.787,22.738,1757.65,7.005,90,119.443,51.663,official_observed_reference,ec48fc44d48bb7c33ed7e63bc45d5e0477946848bf16e06eb65b77505f9ef10b
2025-03-11,MADUPPATTY,1554.48,1599.59,55.217,161.234,1591.05,33.9,61,0,,official_observed_reference,ec48fc44d48bb7c33ed7e63bc45d5e0477946848bf16e06eb65b77505f9ef10b
2025-03-11,KUTTIADI,737.616,758.037,33.99,42.827,753.953,23.77,70,123.631,119.706,official_observed_reference,ec48fc44d48bb7c33ed7e63bc45d5e0477946848bf16e06eb65b77505f9ef10b
2025-03-11,THARIODE,750.5,775.6,201,253.26,763.8,74.35,37,0,,official_observed_reference,ec48fc44d48bb7c33ed7e63bc45d5e0477946848bf16e06eb65b77505f9ef10b
2025-03-11,ANAYIRANKAL,1188,1207.008,48.968,65.616,1206.32,45.77,93,85.76,30.189,official_observed_reference,ec48fc44d48bb7c33ed7e63bc45d5e0477946848bf16e06eb65b77505f9ef10b
2025-03-11,PONMUDI,678.8,707.745,47.4,63.516,694.1,18.23,38,0,,official_observed_reference,ec48fc44d48bb7c33ed7e63bc45d5e0477946848bf16e06eb65b77505f9ef10b
2025-03-11,NERIAMANGALAM,445,456.59,5.557,4.835,452.8,3.15,57,2.741,1.291,official_observed_reference,ec48fc44d48bb7c33ed7e63bc45d5e0477946848bf16e06eb65b77505f9ef10b
2025-03-11,PORINGAL,405.689,423.976,30.356,10.625,416.35,12.8,42,4.48,4.48,official_observed_reference,ec48fc44d48bb7c33ed7e63bc45d5e0477946848bf16e06eb65b77505f9ef10b
2025-03-11,SENGULAM (SBR),844.86,847.6,1.614,0.71,846.7,,0,0,,official_observed_reference,ec48fc44d48bb7c33ed7e63bc45d5e0477946848bf16e06eb65b77505f9ef10b
2025-03-11,LOWER PERIYAR,237.74,253,4.55,2.093,249,2.88,63,1.325,1.325,official_observed_reference,ec48fc44d48bb7c33ed7e63bc45d5e0477946848bf16e06eb65b77505f9ef10b
2025-03-11,KAKKAD,181.36,192.63,1.16,0.358,,,0,0,,official_observed_reference,ec48fc44d48bb7c33ed7e63bc45d5e0477946848bf16e06eb65b77505f9ef10b
2025-03-12,IDUKKI,694.944,732.43,1460,2190,718.718,768.387,53,1152.581,1129.529,official_observed_reference,5e41af81b4f90f1dcc0e9013ff07a04a240d2d64a50901b0012fbf68a6280dd3
2025-03-12,PAMBA,963.168,986.332,31.001,59.46,965.7,1.94,49,446.683,376.234,official_observed_reference,5e41af81b4f90f1dcc0e9013ff07a04a240d2d64a50901b0012fbf68a6280dd3
2025-03-12,KAKKI,908.304,981.456,446.542,856.467,965.55,230.95,0,0,,official_observed_reference,5e41af81b4f90f1dcc0e9013ff07a04a240d2d64a50901b0012fbf68a6280dd3
2025-03-12,SHOLAYAR,779.374,811.68,149.23,152.065,805.251,97.24,65,99.087,64.859,official_observed_reference,5e41af81b4f90f1dcc0e9013ff07a04a240d2d64a50901b0012fbf68a6280dd3
2025-03-12,IDAMALAYAR,115,169,1017.8,254.45,149.42,502.3,49,125.575,125.575,official_observed_reference,5e41af81b4f90f1dcc0e9013ff07a04a240d2d64a50901b0012fbf68a6280dd3
2025-03-12,KUNDALA,1735.836,1758.696,7.787,22.738,1757.7,7.04,90,118.961,51.455,official_observed_reference,5e41af81b4f90f1dcc0e9013ff07a04a240d2d64a50901b0012fbf68a6280dd3
2025-03-12,MADUPPATTY,1554.48,1599.59,55.217,161.234,1590.95,33.7,61,0,,official_observed_reference,5e41af81b4f90f1dcc0e9013ff07a04a240d2d64a50901b0012fbf68a6280dd3
2025-03-12,KUTTIADI,737.616,758.037,33.99,42.827,754.045,24,71,122.661,118.767,official_observed_reference,5e41af81b4f90f1dcc0e9013ff07a04a240d2d64a50901b0012fbf68a6280dd3
2025-03-12,THARIODE,750.5,775.6,201,253.26,763.7,73.35,36,0,,official_observed_reference,5e41af81b4f90f1dcc0e9013ff07a04a240d2d64a50901b0012fbf68a6280dd3
2025-03-12,ANAYIRANKAL,1188,1207.008,48.968,65.616,1206.19,45.185,92,85.726,30.177,official_observed_reference,5e41af81b4f90f1dcc0e9013ff07a04a240d2d64a50901b0012fbf68a6280dd3
2025-03-12,PONMUDI,678.8,707.745,47.4,63.516,694.45,18.79,40,0,,official_observed_reference,5e41af81b4f90f1dcc0e9013ff07a04a240d2d64a50901b0012fbf68a6280dd3
2025-03-12,NERIAMANGALAM,445,456.59,5.557,4.835,453,3.26,59,2.836,1.336,official_observed_reference,5e41af81b4f90f1dcc0e9013ff07a04a240d2d64a50901b0012fbf68a6280dd3
2025-03-12,PORINGAL,405.689,423.976,30.356,10.625,416.55,12.2,40,4.27,4.27,official_observed_reference,5e41af81b4f90f1dcc0e9013ff07a04a240d2d64a50901b0012fbf68a6280dd3
2025-03-12,SENGULAM (SBR),844.86,847.6,1.614,0.71,846.85,,0,0,,official_observed_reference,5e41af81b4f90f1dcc0e9013ff07a04a240d2d64a50901b0012fbf68a6280dd3
2025-03-12,LOWER PERIYAR,237.74,253,4.55,2.093,249.2,2.95,65,1.357,1.357,official_observed_reference,5e41af81b4f90f1dcc0e9013ff07a04a240d2d64a50901b0012fbf68a6280dd3
2025-03-12,KAKKAD,181.36,192.63,1.16,0.358,188.8,,0,0,,official_observed_reference,5e41af81b4f90f1dcc0e9013ff07a04a240d2d64a50901b0012fbf68a6280dd3
2025-03-13,IDUKKI,694.944,732.43,1460,2190,718.627,764.706,52,1147.059,1124.118,official_observed_reference,1547a0a09c716e0762698645a3fa7ebfe66e5ea76087025ed6ce04d57d24f6b2
2025-03-13,PAMBA,963.168,986.332,31.001,59.46,965.65,1.9,49,446.391,375.988,official_observed_reference,1547a0a09c716e0762698645a3fa7ebfe66e5ea76087025ed6ce04d57d24f6b2
2025-03-13,KAKKI,908.304,981.456,446.542,856.467,965.539,230.838,0,0,,official_observed_reference,1547a0a09c716e0762698645a3fa7ebfe66e5ea76087025ed6ce04d57d24f6b2
2025-03-13,SHOLAYAR,779.374,811.68,149.23,152.065,805.099,96.141,64,97.968,64.126,official_observed_reference,1547a0a09c716e0762698645a3fa7ebfe66e5ea76087025ed6ce04d57d24f6b2
2025-03-13,IDAMALAYAR,115,169,1017.8,254.45,149.23,498.06,49,124.515,124.515,official_observed_reference,1547a0a09c716e0762698645a3fa7ebfe66e5ea76087025ed6ce04d57d24f6b2
2025-03-13,KUNDALA,1735.836,1758.696,7.787,22.738,1757.7,7.04,90,118.377,51.202,official_observed_reference,1547a0a09c716e0762698645a3fa7ebfe66e5ea76087025ed6ce04d57d24f6b2
2025-03-13,MADUPPATTY,1554.48,1599.59,55.217,161.234,1590.85,33.5,61,0,,official_observed_reference,1547a0a09c716e0762698645a3fa7ebfe66e5ea76087025ed6ce04d57d24f6b2
2025-03-13,KUTTIADI,737.616,758.037,33.99,42.827,754.136,24.232,71,122.449,118.562,official_observed_reference,1547a0a09c716e0762698645a3fa7ebfe66e5ea76087025ed6ce04d57d24f6b2
2025-03-13,THARIODE,750.5,775.6,201,253.26,763.65,72.95,36,0,,official_observed_reference,1547a0a09c716e0762698645a3fa7ebfe66e5ea76087025ed6ce04d57d24f6b2
2025-03-13,ANAYIRANKAL,1188,1207.008,48.968,65.616,1206.05,44.555,91,85.311,30.031,official_observed_reference,1547a0a09c716e0762698645a3fa7ebfe66e5ea76087025ed6ce04d57d24f6b2
2025-03-13,PONMUDI,678.8,707.745,47.4,63.516,694.65,19.11,40,0,,official_observed_reference,1547a0a09c716e0762698645a3fa7ebfe66e5ea76087025ed6ce04d57d24f6b2
2025-03-13,NERIAMANGALAM,445,456.59,5.557,4.835,453.35,3.47,62,3.019,1.422,official_observed_reference,1547a0a09c716e0762698645a3fa7ebfe66e5ea76087025ed6ce04d57d24f6b2
2025-03-13,PORINGAL,405.689,423.976,30.356,10.625,416.45,12,40,4.2,4.2,official_observed_reference,1547a0a09c716e0762698645a3fa7ebfe66e5ea76087025ed6ce04d57d24f6b2
2025-03-13,SENGULAM (SBR),844.86,847.6,1.614,0.71,846.7,,0,0,,official_observed_reference,1547a0a09c716e0762698645a3fa7ebfe66e5ea76087025ed6ce04d57d24f6b2
2025-03-13,LOWER PERIYAR,237.74,253,4.55,2.093,250.1,3.31,73,1.523,1.523,official_observed_reference,1547a0a09c716e0762698645a3fa7ebfe66e5ea76087025ed6ce04d57d24f6b2
2025-03-13,KAKKAD,181.36,192.63,1.16,0.358,185.6,,0,0,,official_observed_reference,1547a0a09c716e0762698645a3fa7ebfe66e5ea76087025ed6ce04d57d24f6b2
2025-03-14,IDUKKI,694.944,732.43,1460,2190,718.572,762.502,52,1143.753,1120.878,official_observed_reference,da85bc631d726ea4b802e1d42a58c983f714ed181eb6fb15ae605a7fdcc5fceb
2025-03-14,PAMBA,963.168,986.332,31.001,59.46,965.6,1.86,49,446.098,375.741,official_observed_reference,da85bc631d726ea4b802e1d42a58c983f714ed181eb6fb15ae605a7fdcc5fceb
2025-03-14,KAKKI,908.304,981.456,446.542,856.467,965.521,230.725,0,0,,official_observed_reference,da85bc631d726ea4b802e1d42a58c983f714ed181eb6fb15ae605a7fdcc5fceb
2025-03-14,SHOLAYAR,779.374,811.68,149.23,152.065,804.977,95.272,64,97.082,63.546,official_observed_reference,da85bc631d726ea4b802e1d42a58c983f714ed181eb6fb15ae605a7fdcc5fceb
2025-03-14,IDAMALAYAR,115,169,1017.8,254.45,149.03,493.66,49,123.415,123.415,official_observed_reference,da85bc631d726ea4b802e1d42a58c983f714ed181eb6fb15ae605a7fdcc5fceb
2025-03-14,KUNDALA,1735.836,1758.696,7.787,22.738,1757.7,7.04,90,117.793,50.949,official_observed_reference,da85bc631d726ea4b802e1d42a58c983f714ed181eb6fb15ae605a7fdcc5fceb
2025-03-14,MADUPPATTY,1554.48,1599.59,55.217,161.234,1590.75,33.3,60,0,,official_observed_reference,da85bc631d726ea4b802e1d42a58c983f714ed181eb6fb15ae605a7fdcc5fceb
2025-03-14,KUTTIADI,737.616,758.037,33.99,42.827,754.167,24.308,72,121.033,117.191,official_observed_reference,da85bc631d726ea4b802e1d42a58c983f714ed181eb6fb15ae605a7fdcc5fceb
2025-03-14,THARIODE,750.5,775.6,201,253.26,763.5,71.75,36,0,,official_observed_reference,da85bc631d726ea4b802e1d42a58c983f714ed181eb6fb15ae605a7fdcc5fceb
2025-03-14,ANAYIRANKAL,1188,1207.008,48.968,65.616,1205.9,43.8,89,85.251,30.01,official_observed_reference,da85bc631d726ea4b802e1d42a58c983f714ed181eb6fb15ae605a7fdcc5fceb
2025-03-14,PONMUDI,678.8,707.745,47.4,63.516,695.1,19.82,42,0,,official_observed_reference,da85bc631d726ea4b802e1d42a58c983f714ed181eb6fb15ae605a7fdcc5fceb
2025-03-14,NERIAMANGALAM,445,456.59,5.557,4.835,453.4,3.5,63,3.045,1.434,official_observed_reference,da85bc631d726ea4b802e1d42a58c983f714ed181eb6fb15ae605a7fdcc5fceb
2025-03-14,PORINGAL,405.689,423.976,30.356,10.625,416.6,12.3,41,4.305,4.305,official_observed_reference,da85bc631d726ea4b802e1d42a58c983f714ed181eb6fb15ae605a7fdcc5fceb
2025-03-14,SENGULAM (SBR),844.86,847.6,1.614,0.71,846.9,,0,0,,official_observed_reference,da85bc631d726ea4b802e1d42a58c983f714ed181eb6fb15ae605a7fdcc5fceb
2025-03-14,LOWER PERIYAR,237.74,253,4.55,2.093,251,3.69,81,1.697,1.697,official_observed_reference,da85bc631d726ea4b802e1d42a58c983f714ed181eb6fb15ae605a7fdcc5fceb
2025-03-14,KAKKAD,181.36,192.63,1.16,0.358,185.9,,0,0,,official_observed_reference,da85bc631d726ea4b802e1d42a58c983f714ed181eb6fb15ae605a7fdcc5fceb
2025-03-15,IDUKKI,694.944,732.43,1460,2190,718.475,758.578,52,1137.867,1115.11,official_observed_reference,139df81e6ad8bc741f364147e3d9e22c3e5d94eeee30715a9197820e8eb03222
2025-03-15,PAMBA,963.168,986.332,31.001,59.46,965.55,1.82,49,444.512,374.405,official_observed_reference,139df81e6ad8bc741f364147e3d9e22c3e5d94eeee30715a9197820e8eb03222
2025-03-15,KAKKI,908.304,981.456,446.542,856.467,965.433,229.938,0,0,,official_observed_reference,139df81e6ad8bc741f364147e3d9e22c3e5d94eeee30715a9197820e8eb03222
2025-03-15,SHOLAYAR,779.374,811.68,149.23,152.065,804.855,94.45,63,96.245,62.998,official_observed_reference,139df81e6ad8bc741f364147e3d9e22c3e5d94eeee30715a9197820e8eb03222
2025-03-15,IDAMALAYAR,115,169,1017.8,254.45,148.81,488.82,48,122.205,122.205,official_observed_reference,139df81e6ad8bc741f364147e3d9e22c3e5d94eeee30715a9197820e8eb03222
2025-03-15,KUNDALA,1735.836,1758.696,7.787,22.738,1757.7,7.04,90,116.625,50.444,official_observed_reference,139df81e6ad8bc741f364147e3d9e22c3e5d94eeee30715a9197820e8eb03222
2025-03-15,MADUPPATTY,1554.48,1599.59,55.217,161.234,1590.55,32.9,60,0,,official_observed_reference,139df81e6ad8bc741f364147e3d9e22c3e5d94eeee30715a9197820e8eb03222
2025-03-15,KUTTIADI,737.616,758.037,33.99,42.827,754.106,24.156,71,120.338,116.517,official_observed_reference,139df81e6ad8bc741f364147e3d9e22c3e5d94eeee30715a9197820e8eb03222
2025-03-15,THARIODE,750.5,775.6,201,253.26,763.45,71.35,35,0,,official_observed_reference,139df81e6ad8bc741f364147e3d9e22c3e5d94eeee30715a9197820e8eb03222
2025-03-15,ANAYIRANKAL,1188,1207.008,48.968,65.616,1205.78,43.34,89,85.13,29.967,official_observed_reference,139df81e6ad8bc741f364147e3d9e22c3e5d94eeee30715a9197820e8eb03222
2025-03-15,PONMUDI,678.8,707.745,47.4,63.516,695.35,20.19,43,0,,official_observed_reference,139df81e6ad8bc741f364147e3d9e22c3e5d94eeee30715a9197820e8eb03222
2025-03-15,NERIAMANGALAM,445,456.59,5.557,4.835,453.55,3.59,65,3.123,1.471,official_observed_reference,139df81e6ad8bc741f364147e3d9e22c3e5d94eeee30715a9197820e8eb03222
2025-03-15,PORINGAL,405.689,423.976,30.356,10.625,416.5,12.1,40,4.235,4.235,official_observed_reference,139df81e6ad8bc741f364147e3d9e22c3e5d94eeee30715a9197820e8eb03222
2025-03-15,SENGULAM (SBR),844.86,847.6,1.614,0.71,846.7,,0,0,,official_observed_reference,139df81e6ad8bc741f364147e3d9e22c3e5d94eeee30715a9197820e8eb03222
2025-03-15,LOWER PERIYAR,237.74,253,4.55,2.093,251,3.69,81,1.697,1.697,official_observed_reference,139df81e6ad8bc741f364147e3d9e22c3e5d94eeee30715a9197820e8eb03222
2025-03-15,KAKKAD,181.36,192.63,1.16,0.358,189.2,,0,0,,official_observed_reference,139df81e6ad8bc741f364147e3d9e22c3e5d94eeee30715a9197820e8eb03222
2025-03-16,IDUKKI,694.944,732.43,1460,2190,718.42,756.371,52,1134.557,1111.865,official_observed_reference,2260a2114214dc5613828a15eef73127151ebeb47c83fb56f756a91974f263ce
2025-03-16,PAMBA,963.168,986.332,31.001,59.46,965.5,1.78,48,444.004,373.977,official_observed_reference,2260a2114214dc5613828a15eef73127151ebeb47c83fb56f756a91974f263ce
2025-03-16,KAKKI,908.304,981.456,446.542,856.467,965.411,229.713,0,0,,official_observed_reference,2260a2114214dc5613828a15eef73127151ebeb47c83fb56f756a91974f263ce
2025-03-16,SHOLAYAR,779.374,811.68,149.23,152.065,804.703,93.445,63,95.22,62.328,official_observed_reference,2260a2114214dc5613828a15eef73127151ebeb47c83fb56f756a91974f263ce
2025-03-16,IDAMALAYAR,115,169,1017.8,254.45,148.71,486.62,48,121.655,121.655,official_observed_reference,2260a2114214dc5613828a15eef73127151ebeb47c83fb56f756a91974f263ce
2025-03-16,KUNDALA,1735.836,1758.696,7.787,22.738,1757.7,7.04,90,115.749,50.065,official_observed_reference,2260a2114214dc5613828a15eef73127151ebeb47c83fb56f756a91974f263ce
2025-03-16,MADUPPATTY,1554.48,1599.59,55.217,161.234,1590.4,32.6,59,0,,official_observed_reference,2260a2114214dc5613828a15eef73127151ebeb47c83fb56f756a91974f263ce
2025-03-16,KUTTIADI,737.616,758.037,33.99,42.827,754.38,24.84,73,120.443,116.62,official_observed_reference,2260a2114214dc5613828a15eef73127151ebeb47c83fb56f756a91974f263ce
2025-03-16,THARIODE,750.5,775.6,201,253.26,763.4,70.75,35,0,,official_observed_reference,2260a2114214dc5613828a15eef73127151ebeb47c83fb56f756a91974f263ce
2025-03-16,ANAYIRANKAL,1188,1207.008,48.968,65.616,1205.64,42.71,87,84.795,29.849,official_observed_reference,2260a2114214dc5613828a15eef73127151ebeb47c83fb56f756a91974f263ce
2025-03-16,PONMUDI,678.8,707.745,47.4,63.516,695.6,20.57,43,0,,official_observed_reference,2260a2114214dc5613828a15eef73127151ebeb47c83fb56f756a91974f263ce
2025-03-16,NERIAMANGALAM,445,456.59,5.557,4.835,453.05,3.29,59,2.862,1.348,official_observed_reference,2260a2114214dc5613828a15eef73127151ebeb47c83fb56f756a91974f263ce
2025-03-16,PORINGAL,405.689,423.976,30.356,10.625,416.55,12.2,40,4.27,4.27,official_observed_reference,2260a2114214dc5613828a15eef73127151ebeb47c83fb56f756a91974f263ce
2025-03-16,SENGULAM (SBR),844.86,847.6,1.614,0.71,846.7,,0,0,,official_observed_reference,2260a2114214dc5613828a15eef73127151ebeb47c83fb56f756a91974f263ce
2025-03-16,LOWER PERIYAR,237.74,253,4.55,2.093,250.7,3.56,78,1.638,1.638,official_observed_reference,2260a2114214dc5613828a15eef73127151ebeb47c83fb56f756a91974f263ce
2025-03-16,KAKKAD,181.36,192.63,1.16,0.358,185.1,,0,0,,official_observed_reference,2260a2114214dc5613828a15eef73127151ebeb47c83fb56f756a91974f263ce
2025-03-18,IDUKKI,694.944,732.43,1460,2190,718.304,751.702,51,1127.553,1105.002,official_observed_reference,be7d125fe4c71ecac60943baf76f947ac8707f86b3bd5b930b4563e623b27d50
2025-03-18,PAMBA,963.168,986.332,31.001,59.46,965.45,1.74,48,442.201,372.458,official_observed_reference,be7d125fe4c71ecac60943baf76f947ac8707f86b3bd5b930b4563e623b27d50
2025-03-18,KAKKI,908.304,981.456,446.542,856.467,965.319,228.813,0,0,,official_observed_reference,be7d125fe4c71ecac60943baf76f947ac8707f86b3bd5b930b4563e623b27d50
2025-03-18,SHOLAYAR,779.374,811.68,149.23,152.065,804.428,91.647,61,93.388,61.128,official_observed_reference,be7d125fe4c71ecac60943baf76f947ac8707f86b3bd5b930b4563e623b27d50
2025-03-18,IDAMALAYAR,115,169,1017.8,254.45,148.46,481.12,47,120.28,120.28,official_observed_reference,be7d125fe4c71ecac60943baf76f947ac8707f86b3bd5b930b4563e623b27d50
2025-03-18,KUNDALA,1735.836,1758.696,7.787,22.738,1757.7,7.04,90,114.873,49.686,official_observed_reference,be7d125fe4c71ecac60943baf76f947ac8707f86b3bd5b930b4563e623b27d50
2025-03-18,MADUPPATTY,1554.48,1599.59,55.217,161.234,1590.25,32.3,58,0,,official_observed_reference,be7d125fe4c71ecac60943baf76f947ac8707f86b3bd5b930b4563e623b27d50
2025-03-18,KUTTIADI,737.616,758.037,33.99,42.827,754.685,25.6,75,120.141,116.327,official_observed_reference,be7d125fe4c71ecac60943baf76f947ac8707f86b3bd5b930b4563e623b27d50
2025-03-18,THARIODE,750.5,775.6,201,253.26,763.25,69.75,35,0,,official_observed_reference,be7d125fe4c71ecac60943baf76f947ac8707f86b3bd5b930b4563e623b27d50
2025-03-18,ANAYIRANKAL,1188,1207.008,48.968,65.616,1205.34,41.36,84,84.393,29.708,official_observed_reference,be7d125fe4c71ecac60943baf76f947ac8707f86b3bd5b930b4563e623b27d50
2025-03-18,PONMUDI,678.8,707.745,47.4,63.516,696.3,21.62,46,0,,official_observed_reference,be7d125fe4c71ecac60943baf76f947ac8707f86b3bd5b930b4563e623b27d50
2025-03-18,NERIAMANGALAM,445,456.59,5.557,4.835,453.6,3.62,65,3.149,1.483,official_observed_reference,be7d125fe4c71ecac60943baf76f947ac8707f86b3bd5b930b4563e623b27d50
2025-03-18,PORINGAL,405.689,423.976,30.356,10.625,416.5,12.1,40,4.235,4.235,official_observed_reference,be7d125fe4c71ecac60943baf76f947ac8707f86b3bd5b930b4563e623b27d50
2025-03-18,SENGULAM (SBR),844.86,847.6,1.614,0.71,846.7,,0,0,,official_observed_reference,be7d125fe4c71ecac60943baf76f947ac8707f86b3bd5b930b4563e623b27d50
2025-03-18,LOWER PERIYAR,237.74,253,4.55,2.093,249.6,3.11,68,1.431,1.431,official_observed_reference,be7d125fe4c71ecac60943baf76f947ac8707f86b3bd5b930b4563e623b27d50
2025-03-18,KAKKAD,181.36,192.63,1.16,0.358,189,,0,0,,official_observed_reference,be7d125fe4c71ecac60943baf76f947ac8707f86b3bd5b930b4563e623b27d50
2025-03-19,IDUKKI,694.944,732.43,1460,2190,718.176,746.54,51,1119.81,1097.414,official_observed_reference,5ed41d3deb7b69bd48eedfffc60da1e32286de13c79b7666d8480f75d1d53524
2025-03-19,PAMBA,963.168,986.332,31.001,59.46,965.4,1.7,48,441.476,371.848,official_observed_reference,5ed41d3deb7b69bd48eedfffc60da1e32286de13c79b7666d8480f75d1d53524
2025-03-19,KAKKI,908.304,981.456,446.542,856.467,965.27,228.475,0,0,,official_observed_reference,5ed41d3deb7b69bd48eedfffc60da1e32286de13c79b7666d8480f75d1d53524
2025-03-19,SHOLAYAR,779.374,811.68,149.23,152.065,804.245,90.4,61,92.118,60.297,official_observed_reference,5ed41d3deb7b69bd48eedfffc60da1e32286de13c79b7666d8480f75d1d53524
2025-03-19,IDAMALAYAR,115,169,1017.8,254.45,148.3,477.6,47,119.4,119.4,official_observed_reference,5ed41d3deb7b69bd48eedfffc60da1e32286de13c79b7666d8480f75d1d53524
2025-03-19,KUNDALA,1735.836,1758.696,7.787,22.738,1757.75,7.075,91,114.683,49.604,official_observed_reference,5ed41d3deb7b69bd48eedfffc60da1e32286de13c79b7666d8480f75d1d53524
2025-03-19,MADUPPATTY,1554.48,1599.59,55.217,161.234,1590.2,32.2,58,0,,official_observed_reference,5ed41d3deb7b69bd48eedfffc60da1e32286de13c79b7666d8480f75d1d53524
2025-03-19,KUTTIADI,737.616,758.037,33.99,42.827,754.533,25.22,74,118.402,114.643,official_observed_reference,5ed41d3deb7b69bd48eedfffc60da1e32286de13c79b7666d8480f75d1d53524
2025-03-19,THARIODE,750.5,775.6,201,253.26,763.1,68.75,34,0,,official_observed_reference,5ed41d3deb7b69bd48eedfffc60da1e32286de13c79b7666d8480f75d1d53524
2025-03-19,ANAYIRANKAL,1188,1207.008,48.968,65.616,1205.18,40.64,83,83.924,29.543,official_observed_reference,5ed41d3deb7b69bd48eedfffc60da1e32286de13c79b7666d8480f75d1d53524
2025-03-19,PONMUDI,678.8,707.745,47.4,63.516,696.55,21.99,46,0,,official_observed_reference,5ed41d3deb7b69bd48eedfffc60da1e32286de13c79b7666d8480f75d1d53524
2025-03-19,NERIAMANGALAM,445,456.59,5.557,4.835,453.45,,0,0,,official_observed_reference,5ed41d3deb7b69bd48eedfffc60da1e32286de13c79b7666d8480f75d1d53524
2025-03-19,PORINGAL,405.689,423.976,30.356,10.625,416.3,11.7,39,4.095,4.095,official_observed_reference,5ed41d3deb7b69bd48eedfffc60da1e32286de13c79b7666d8480f75d1d53524
2025-03-19,SENGULAM (SBR),844.86,847.6,1.614,0.71,846.4,,0,0,,official_observed_reference,5ed41d3deb7b69bd48eedfffc60da1e32286de13c79b7666d8480f75d1d53524
2025-03-19,LOWER PERIYAR,237.74,253,4.55,2.093,250.1,3.31,73,1.523,1.523,official_observed_reference,5ed41d3deb7b69bd48eedfffc60da1e32286de13c79b7666d8480f75d1d53524
2025-03-19,KAKKAD,181.36,192.63,1.16,0.358,186.2,,0,0,,official_observed_reference,5ed41d3deb7b69bd48eedfffc60da1e32286de13c79b7666d8480f75d1d53524
2025-03-20,IDUKKI,694.944,732.43,1460,2190,718.03,740.642,51,1110.963,1088.744,official_observed_reference,05c5df3deb7adc80967d7c01942dea04994a57fb62439f0f87c3da59d0c8e284
2025-03-20,PAMBA,963.168,986.332,31.001,59.46,965.3,1.62,48,440.244,370.811,official_observed_reference,05c5df3deb7adc80967d7c01942dea04994a57fb62439f0f87c3da59d0c8e284
2025-03-20,KAKKI,908.304,981.456,446.542,856.467,965.213,227.913,0,0,,official_observed_reference,05c5df3deb7adc80967d7c01942dea04994a57fb62439f0f87c3da59d0c8e284
2025-03-20,SHOLAYAR,779.374,811.68,149.23,152.065,804.062,89.211,60,90.906,59.504,official_observed_reference,05c5df3deb7adc80967d7c01942dea04994a57fb62439f0f87c3da59d0c8e284
2025-03-20,IDAMALAYAR,115,169,1017.8,254.45,148.06,472.32,46,118.08,118.08,official_observed_reference,05c5df3deb7adc80967d7c01942dea04994a57fb62439f0f87c3da59d0c8e284
2025-03-20,KUNDALA,1735.836,1758.696,7.787,22.738,1757.75,7.075,91,114.099,49.352,official_observed_reference,05c5df3deb7adc80967d7c01942dea04994a57fb62439f0f87c3da59d0c8e284
2025-03-20,MADUPPATTY,1554.48,1599.59,55.217,161.234,1590.1,32,58,0,,official_observed_reference,05c5df3deb7adc80967d7c01942dea04994a57fb62439f0f87c3da59d0c8e284
2025-03-20,KUTTIADI,737.616,758.037,33.99,42.827,754.38,24.84,73,116.915,113.204,official_observed_reference,05c5df3deb7adc80967d7c01942dea04994a57fb62439f0f87c3da59d0c8e284
2025-03-20,THARIODE,750.5,775.6,201,253.26,763.05,67.95,34,0,,official_observed_reference,05c5df3deb7adc80967d7c01942dea04994a57fb62439f0f87c3da59d0c8e284
2025-03-20,ANAYIRANKAL,1188,1207.008,48.968,65.616,1205.02,39.92,82,83.375,29.349,official_observed_reference,05c5df3deb7adc80967d7c01942dea04994a57fb62439f0f87c3da59d0c8e284
2025-03-20,PONMUDI,678.8,707.745,47.4,63.516,696.8,22.3,47,0,,official_observed_reference,05c5df3deb7adc80967d7c01942dea04994a57fb62439f0f87c3da59d0c8e284
2025-03-20,NERIAMANGALAM,445,456.59,5.557,4.835,453.2,3.38,61,2.941,1.385,official_observed_reference,05c5df3deb7adc80967d7c01942dea04994a57fb62439f0f87c3da59d0c8e284
2025-03-20,PORINGAL,405.689,423.976,30.356,10.625,416,11.1,37,3.885,3.885,official_observed_reference,05c5df3deb7adc80967d7c01942dea04994a57fb62439f0f87c3da59d0c8e284
2025-03-20,SENGULAM (SBR),844.86,847.6,1.614,0.71,846.65,,0,0,,official_observed_reference,05c5df3deb7adc80967d7c01942dea04994a57fb62439f0f87c3da59d0c8e284
2025-03-20,LOWER PERIYAR,237.74,253,4.55,2.093,250.2,3.36,74,1.546,1.546,official_observed_reference,05c5df3deb7adc80967d7c01942dea04994a57fb62439f0f87c3da59d0c8e284
2025-03-20,KAKKAD,181.36,192.63,1.16,0.358,185.3,,0,0,,official_observed_reference,05c5df3deb7adc80967d7c01942dea04994a57fb62439f0f87c3da59d0c8e284
2025-03-21,IDUKKI,694.944,732.43,1460,2190,717.92,736.217,50,1104.326,1082.239,official_observed_reference,aeeee0173ab978b0e77ee6cf1e1c28d4b218f21f976fd4bfe69b40efad59166b
2025-03-21,PAMBA,963.168,986.332,31.001,59.46,965.25,1.58,48,438.656,369.473,official_observed_reference,aeeee0173ab978b0e77ee6cf1e1c28d4b218f21f976fd4bfe69b40efad59166b
2025-03-21,KAKKI,908.304,981.456,446.542,856.467,965.12,227.125,0,0,,official_observed_reference,aeeee0173ab978b0e77ee6cf1e1c28d4b218f21f976fd4bfe69b40efad59166b
2025-03-21,SHOLAYAR,779.374,811.68,149.23,152.065,803.91,88.262,59,89.939,58.871,official_observed_reference,aeeee0173ab978b0e77ee6cf1e1c28d4b218f21f976fd4bfe69b40efad59166b
2025-03-21,IDAMALAYAR,115,169,1017.8,254.45,147.83,467.26,46,116.815,116.815,official_observed_reference,aeeee0173ab978b0e77ee6cf1e1c28d4b218f21f976fd4bfe69b40efad59166b
2025-03-21,KUNDALA,1735.836,1758.696,7.787,22.738,1757.75,7.075,91,113.515,49.099,official_observed_reference,aeeee0173ab978b0e77ee6cf1e1c28d4b218f21f976fd4bfe69b40efad59166b
2025-03-21,MADUPPATTY,1554.48,1599.59,55.217,161.234,1590,31.8,58,0,,official_observed_reference,aeeee0173ab978b0e77ee6cf1e1c28d4b218f21f976fd4bfe69b40efad59166b
2025-03-21,KUTTIADI,737.616,758.037,33.99,42.827,754.289,24.612,72,115.872,112.194,official_observed_reference,aeeee0173ab978b0e77ee6cf1e1c28d4b218f21f976fd4bfe69b40efad59166b
2025-03-21,THARIODE,750.5,775.6,201,253.26,763,67.35,34,0,,official_observed_reference,aeeee0173ab978b0e77ee6cf1e1c28d4b218f21f976fd4bfe69b40efad59166b
2025-03-21,ANAYIRANKAL,1188,1207.008,48.968,65.616,1204.89,39.335,80,82.779,29.139,official_observed_reference,aeeee0173ab978b0e77ee6cf1e1c28d4b218f21f976fd4bfe69b40efad59166b
2025-03-21,PONMUDI,678.8,707.745,47.4,63.516,696.85,22.44,47,0,,official_observed_reference,aeeee0173ab978b0e77ee6cf1e1c28d4b218f21f976fd4bfe69b40efad59166b
2025-03-21,NERIAMANGALAM,445,456.59,5.557,4.835,453.45,3.53,64,3.071,1.447,official_observed_reference,aeeee0173ab978b0e77ee6cf1e1c28d4b218f21f976fd4bfe69b40efad59166b
2025-03-21,PORINGAL,405.689,423.976,30.356,10.625,415.75,10.6,35,3.71,3.71,official_observed_reference,aeeee0173ab978b0e77ee6cf1e1c28d4b218f21f976fd4bfe69b40efad59166b
2025-03-21,SENGULAM (SBR),844.86,847.6,1.614,0.71,846.8,,0,0,,official_observed_reference,aeeee0173ab978b0e77ee6cf1e1c28d4b218f21f976fd4bfe69b40efad59166b
2025-03-21,LOWER PERIYAR,237.74,253,4.55,2.093,249.9,3.24,71,1.49,1.49,official_observed_reference,aeeee0173ab978b0e77ee6cf1e1c28d4b218f21f976fd4bfe69b40efad59166b
2025-03-21,KAKKAD,181.36,192.63,1.16,0.358,186.3,,0,0,,official_observed_reference,aeeee0173ab978b0e77ee6cf1e1c28d4b218f21f976fd4bfe69b40efad59166b
2025-03-22,IDUKKI,694.944,732.43,1460,2190,717.859,733.759,50,1100.639,1078.626,official_observed_reference,7fed4091d7f05cb560f2e5b6ee0d8a70e74bb47f48c3b3c7d1aaa4f7d71eddb5
2025-03-22,PAMBA,963.168,986.332,31.001,59.46,965.15,1.5,48,436.993,368.072,official_observed_reference,7fed4091d7f05cb560f2e5b6ee0d8a70e74bb47f48c3b3c7d1aaa4f7d71eddb5
2025-03-22,KAKKI,908.304,981.456,446.542,856.467,965.036,226.338,0,0,,official_observed_reference,7fed4091d7f05cb560f2e5b6ee0d8a70e74bb47f48c3b3c7d1aaa4f7d71eddb5
2025-03-22,SHOLAYAR,779.374,811.68,149.23,152.065,803.727,87.2,58,88.857,58.163,official_observed_reference,7fed4091d7f05cb560f2e5b6ee0d8a70e74bb47f48c3b3c7d1aaa4f7d71eddb5
2025-03-22,IDAMALAYAR,115,169,1017.8,254.45,147.65,463.3,46,115.825,115.825,official_observed_reference,7fed4091d7f05cb560f2e5b6ee0d8a70e74bb47f48c3b3c7d1aaa4f7d71eddb5
2025-03-22,KUNDALA,1735.836,1758.696,7.787,22.738,1757.8,7.11,91,113.325,49.017,official_observed_reference,7fed4091d7f05cb560f2e5b6ee0d8a70e74bb47f48c3b3c7d1aaa4f7d71eddb5
2025-03-22,MADUPPATTY,1554.48,1599.59,55.217,161.234,1589.95,31.7,57,0,,official_observed_reference,7fed4091d7f05cb560f2e5b6ee0d8a70e74bb47f48c3b3c7d1aaa4f7d71eddb5
2025-03-22,KUTTIADI,737.616,758.037,33.99,42.827,754.38,24.84,73,115.655,111.984,official_observed_reference,7fed4091d7f05cb560f2e5b6ee0d8a70e74bb47f48c3b3c7d1aaa4f7d71eddb5
2025-03-22,THARIODE,750.5,775.6,201,253.26,762.9,66.95,33,0,,official_observed_reference,7fed4091d7f05cb560f2e5b6ee0d8a70e74bb47f48c3b3c7d1aaa4f7d71eddb5
2025-03-22,ANAYIRANKAL,1188,1207.008,48.968,65.616,1204.71,38.525,79,82.001,28.866,official_observed_reference,7fed4091d7f05cb560f2e5b6ee0d8a70e74bb47f48c3b3c7d1aaa4f7d71eddb5
2025-03-22,PONMUDI,678.8,707.745,47.4,63.516,697,22.67,48,0,,official_observed_reference,7fed4091d7f05cb560f2e5b6ee0d8a70e74bb47f48c3b3c7d1aaa4f7d71eddb5
2025-03-22,NERIAMANGALAM,445,456.59,5.557,4.835,453.8,3.74,67,3.254,1.533,official_observed_reference,7fed4091d7f05cb560f2e5b6ee0d8a70e74bb47f48c3b3c7d1aaa4f7d71eddb5
2025-03-22,PORINGAL,405.689,423.976,30.356,10.625,415.8,10.7,35,3.745,3.745,official_observed_reference,7fed4091d7f05cb560f2e5b6ee0d8a70e74bb47f48c3b3c7d1aaa4f7d71eddb5
2025-03-22,SENGULAM (SBR),844.86,847.6,1.614,0.71,846.7,,0,0,,official_observed_reference,7fed4091d7f05cb560f2e5b6ee0d8a70e74bb47f48c3b3c7d1aaa4f7d71eddb5
2025-03-22,LOWER PERIYAR,237.74,253,4.55,2.093,249.8,3.2,70,1.472,1.472,official_observed_reference,7fed4091d7f05cb560f2e5b6ee0d8a70e74bb47f48c3b3c7d1aaa4f7d71eddb5
2025-03-22,KAKKAD,181.36,192.63,1.16,0.358,187.9,,0,0,,official_observed_reference,7fed4091d7f05cb560f2e5b6ee0d8a70e74bb47f48c3b3c7d1aaa4f7d71eddb5
2025-03-23,IDUKKI,694.944,732.43,1460,2190,717.78,730.564,50,1095.846,1073.929,official_observed_reference,bcf7ca599a886519f6a0b20af1c36a273fe13a9cab6ae4c8bf63c2fcb777735d
2025-03-23,PAMBA,963.168,986.332,31.001,59.46,965.05,1.42,48,435.328,366.67,official_observed_reference,bcf7ca599a886519f6a0b20af1c36a273fe13a9cab6ae4c8bf63c2fcb777735d
2025-03-23,KAKKI,908.304,981.456,446.542,856.467,964.95,225.55,0,0,,official_observed_reference,bcf7ca599a886519f6a0b20af1c36a273fe13a9cab6ae4c8bf63c2fcb777735d
2025-03-23,SHOLAYAR,779.374,811.68,149.23,152.065,803.575,86.322,58,87.963,57.577,official_observed_reference,bcf7ca599a886519f6a0b20af1c36a273fe13a9cab6ae4c8bf63c2fcb777735d
2025-03-23,IDAMALAYAR,115,169,1017.8,254.45,147.54,460.88,45,115.22,115.22,official_observed_reference,bcf7ca599a886519f6a0b20af1c36a273fe13a9cab6ae4c8bf63c2fcb777735d
2025-03-23,KUNDALA,1735.836,1758.696,7.787,22.738,1757.8,7.11,91,112.741,48.764,official_observed_reference,bcf7ca599a886519f6a0b20af1c36a273fe13a9cab6ae4c8bf63c2fcb777735d
2025-03-23,MADUPPATTY,1554.48,1599.59,55.217,161.234,1589.85,31.5,57,0,,official_observed_reference,bcf7ca599a886519f6a0b20af1c36a273fe13a9cab6ae4c8bf63c2fcb777735d
2025-03-23,KUTTIADI,737.616,758.037,33.99,42.827,754.624,25.443,75,115.659,111.987,official_observed_reference,bcf7ca599a886519f6a0b20af1c36a273fe13a9cab6ae4c8bf63c2fcb777735d
2025-03-23,THARIODE,750.5,775.6,201,253.26,762.85,66.35,33,0,,official_observed_reference,bcf7ca599a886519f6a0b20af1c36a273fe13a9cab6ae4c8bf63c2fcb777735d
2025-03-23,ANAYIRANKAL,1188,1207.008,48.968,65.616,1204.54,37.76,77,82.048,28.882,official_observed_reference,bcf7ca599a886519f6a0b20af1c36a273fe13a9cab6ae4c8bf63c2fcb777735d
2025-03-23,PONMUDI,678.8,707.745,47.4,63.516,697.45,23.47,50,0,,official_observed_reference,bcf7ca599a886519f6a0b20af1c36a273fe13a9cab6ae4c8bf63c2fcb777735d
2025-03-23,NERIAMANGALAM,445,456.59,5.557,4.835,453.5,3.56,64,3.097,1.459,official_observed_reference,bcf7ca599a886519f6a0b20af1c36a273fe13a9cab6ae4c8bf63c2fcb777735d
2025-03-23,PORINGAL,405.689,423.976,30.356,10.625,415.6,10.35,34,3.623,3.623,official_observed_reference,bcf7ca599a886519f6a0b20af1c36a273fe13a9cab6ae4c8bf63c2fcb777735d
2025-03-23,SENGULAM (SBR),844.86,847.6,1.614,0.71,846.65,,0,0,,official_observed_reference,bcf7ca599a886519f6a0b20af1c36a273fe13a9cab6ae4c8bf63c2fcb777735d
2025-03-23,LOWER PERIYAR,237.74,253,4.55,2.093,250.8,3.6,79,1.656,1.656,official_observed_reference,bcf7ca599a886519f6a0b20af1c36a273fe13a9cab6ae4c8bf63c2fcb777735d
2025-03-23,KAKKAD,181.36,192.63,1.16,0.358,188.45,,0,0,,official_observed_reference,bcf7ca599a886519f6a0b20af1c36a273fe13a9cab6ae4c8bf63c2fcb777735d
2025-03-24,IDUKKI,694.944,732.43,1460,2190,717.639,724.911,50,1087.367,1065.619,official_observed_reference,a5378a0134a4865a7131fa6455739842157f65b6c96ba874527dbfe0ae9594e5
2025-03-24,PAMBA,963.168,986.332,31.001,59.46,964.9,1.3,47,431.863,363.751,official_observed_reference,a5378a0134a4865a7131fa6455739842157f65b6c96ba874527dbfe0ae9594e5
2025-03-24,KAKKI,908.304,981.456,446.542,856.467,964.768,223.863,0,0,,official_observed_reference,a5378a0134a4865a7131fa6455739842157f65b6c96ba874527dbfe0ae9594e5
2025-03-24,SHOLAYAR,779.374,811.68,149.23,152.065,803.392,85.19,57,86.808,56.821,official_observed_reference,a5378a0134a4865a7131fa6455739842157f65b6c96ba874527dbfe0ae9594e5
2025-03-24,IDAMALAYAR,115,169,1017.8,254.45,147.29,455.38,45,113.845,113.845,official_observed_reference,a5378a0134a4865a7131fa6455739842157f65b6c96ba874527dbfe0ae9594e5
2025-03-24,KUNDALA,1735.836,1758.696,7.787,22.738,1757.8,7.11,91,112.157,48.512,official_observed_reference,a5378a0134a4865a7131fa6455739842157f65b6c96ba874527dbfe0ae9594e5
2025-03-24,MADUPPATTY,1554.48,1599.59,55.217,161.234,1589.75,31.3,57,0,,official_observed_reference,a5378a0134a4865a7131fa6455739842157f65b6c96ba874527dbfe0ae9594e5
2025-03-24,KUTTIADI,737.616,758.037,33.99,42.827,754.624,25.443,75,114.651,111.011,official_observed_reference,a5378a0134a4865a7131fa6455739842157f65b6c96ba874527dbfe0ae9594e5
2025-03-24,THARIODE,750.5,775.6,201,253.26,762.75,65.55,33,0,,official_observed_reference,a5378a0134a4865a7131fa6455739842157f65b6c96ba874527dbfe0ae9594e5
2025-03-24,ANAYIRANKAL,1188,1207.008,48.968,65.616,1204.37,36.995,76,81.331,28.63,official_observed_reference,a5378a0134a4865a7131fa6455739842157f65b6c96ba874527dbfe0ae9594e5
2025-03-24,PONMUDI,678.8,707.745,47.4,63.516,697.6,23.7,50,0,,official_observed_reference,a5378a0134a4865a7131fa6455739842157f65b6c96ba874527dbfe0ae9594e5
2025-03-24,NERIAMANGALAM,445,456.59,5.557,4.835,453.3,3.44,62,2.993,1.41,official_observed_reference,a5378a0134a4865a7131fa6455739842157f65b6c96ba874527dbfe0ae9594e5
2025-03-24,PORINGAL,405.689,423.976,30.356,10.625,415.45,10.125,33,3.544,3.544,official_observed_reference,a5378a0134a4865a7131fa6455739842157f65b6c96ba874527dbfe0ae9594e5
2025-03-24,SENGULAM (SBR),844.86,847.6,1.614,0.71,846.8,,0,0,,official_observed_reference,a5378a0134a4865a7131fa6455739842157f65b6c96ba874527dbfe0ae9594e5
2025-03-24,LOWER PERIYAR,237.74,253,4.55,2.093,249.4,3.04,67,1.398,1.398,official_observed_reference,a5378a0134a4865a7131fa6455739842157f65b6c96ba874527dbfe0ae9594e5
2025-03-24,KAKKAD,181.36,192.63,1.16,0.358,187.6,,0,0,,official_observed_reference,a5378a0134a4865a7131fa6455739842157f65b6c96ba874527dbfe0ae9594e5
2025-03-25,IDUKKI,694.944,732.43,1460,2190,717.499,719.257,49,1078.886,1057.308,official_observed_reference,0448ff72ec0c162b7b73cf763f18dd6ee0bb7a155e8940d5bc38aabb13b140d8
2025-03-25,PAMBA,963.168,986.332,31.001,59.46,964.75,1.18,47,429.475,361.74,official_observed_reference,0448ff72ec0c162b7b73cf763f18dd6ee0bb7a155e8940d5bc38aabb13b140d8
2025-03-25,KAKKI,908.304,981.456,446.542,856.467,964.64,222.738,0,0,,official_observed_reference,0448ff72ec0c162b7b73cf763f18dd6ee0bb7a155e8940d5bc38aabb13b140d8
2025-03-25,SHOLAYAR,779.374,811.68,149.23,152.065,803.209,84.057,56,85.654,56.066,official_observed_reference,0448ff72ec0c162b7b73cf763f18dd6ee0bb7a155e8940d5bc38aabb13b140d8
2025-03-25,IDAMALAYAR,115,169,1017.8,254.45,147.07,450.54,44,112.635,112.635,official_observed_reference,0448ff72ec0c162b7b73cf763f18dd6ee0bb7a155e8940d5bc38aabb13b140d8
2025-03-25,KUNDALA,1735.836,1758.696,7.787,22.738,1757.8,7.11,91,111.573,48.259,official_observed_reference,0448ff72ec0c162b7b73cf763f18dd6ee0bb7a155e8940d5bc38aabb13b140d8
2025-03-25,MADUPPATTY,1554.48,1599.59,55.217,161.234,1589.65,31.1,56,0,,official_observed_reference,0448ff72ec0c162b7b73cf763f18dd6ee0bb7a155e8940d5bc38aabb13b140d8
2025-03-25,KUTTIADI,737.616,758.037,33.99,42.827,754.563,25.296,74,113.458,109.856,official_observed_reference,0448ff72ec0c162b7b73cf763f18dd6ee0bb7a155e8940d5bc38aabb13b140d8
2025-03-25,THARIODE,750.5,775.6,201,253.26,762.65,64.75,32,0,,official_observed_reference,0448ff72ec0c162b7b73cf763f18dd6ee0bb7a155e8940d5bc38aabb13b140d8
2025-03-25,ANAYIRANKAL,1188,1207.008,48.968,65.616,1204.2,36.23,74,80.668,28.396,official_observed_reference,0448ff72ec0c162b7b73cf763f18dd6ee0bb7a155e8940d5bc38aabb13b140d8
2025-03-25,PONMUDI,678.8,707.745,47.4,63.516,697.7,23.97,51,0,,official_observed_reference,0448ff72ec0c162b7b73cf763f18dd6ee0bb7a155e8940d5bc38aabb13b140d8
2025-03-25,NERIAMANGALAM,445,456.59,5.557,4.835,453.1,3.32,60,2.888,1.361,official_observed_reference,0448ff72ec0c162b7b73cf763f18dd6ee0bb7a155e8940d5bc38aabb13b140d8
2025-03-25,PORINGAL,405.689,423.976,30.356,10.625,415.5,10.2,34,3.57,3.57,official_observed_reference,0448ff72ec0c162b7b73cf763f18dd6ee0bb7a155e8940d5bc38aabb13b140d8
2025-03-25,SENGULAM (SBR),844.86,847.6,1.614,0.71,847,,0,0,,official_observed_reference,0448ff72ec0c162b7b73cf763f18dd6ee0bb7a155e8940d5bc38aabb13b140d8
2025-03-25,LOWER PERIYAR,237.74,253,4.55,2.093,249.4,3.04,67,1.398,1.398,official_observed_reference,0448ff72ec0c162b7b73cf763f18dd6ee0bb7a155e8940d5bc38aabb13b140d8
2025-03-25,KAKKAD,181.36,192.63,1.16,0.358,188.2,,0,0,,official_observed_reference,0448ff72ec0c162b7b73cf763f18dd6ee0bb7a155e8940d5bc38aabb13b140d8
2025-03-26,IDUKKI,694.944,732.43,1460,2190,717.402,715.033,49,1072.55,1051.099,official_observed_reference,a96e1d04932bceb377805652c5e680b72c0e60ddaa6ad7d46c8a79d7e6e1c723
2025-03-26,PAMBA,963.168,986.332,31.001,59.46,964.7,1.14,47,427.887,360.402,official_observed_reference,a96e1d04932bceb377805652c5e680b72c0e60ddaa6ad7d46c8a79d7e6e1c723
2025-03-26,KAKKI,908.304,981.456,446.542,856.467,964.557,221.95,0,0,,official_observed_reference,a96e1d04932bceb377805652c5e680b72c0e60ddaa6ad7d46c8a79d7e6e1c723
2025-03-26,SHOLAYAR,779.374,811.68,149.23,152.065,803.057,83.151,56,84.73,55.461,official_observed_reference,a96e1d04932bceb377805652c5e680b72c0e60ddaa6ad7d46c8a79d7e6e1c723
2025-03-26,IDAMALAYAR,115,169,1017.8,254.45,146.85,445.85,44,111.463,111.463,official_observed_reference,a96e1d04932bceb377805652c5e680b72c0e60ddaa6ad7d46c8a79d7e6e1c723
2025-03-26,KUNDALA,1735.836,1758.696,7.787,22.738,1757.8,7.11,91,110.989,48.007,official_observed_reference,a96e1d04932bceb377805652c5e680b72c0e60ddaa6ad7d46c8a79d7e6e1c723
2025-03-26,MADUPPATTY,1554.48,1599.59,55.217,161.234,1589.55,30.9,56,0,,official_observed_reference,a96e1d04932bceb377805652c5e680b72c0e60ddaa6ad7d46c8a79d7e6e1c723
2025-03-26,KUTTIADI,737.616,758.037,33.99,42.827,754.685,25.6,75,112.833,109.251,official_observed_reference,a96e1d04932bceb377805652c5e680b72c0e60ddaa6ad7d46c8a79d7e6e1c723
2025-03-26,THARIODE,750.5,775.6,201,253.26,762.55,63.95,32,0,,official_observed_reference,a96e1d04932bceb377805652c5e680b72c0e60ddaa6ad7d46c8a79d7e6e1c723
2025-03-26,ANAYIRANKAL,1188,1207.008,48.968,65.616,1204.06,35.67,73,80.454,28.321,official_observed_reference,a96e1d04932bceb377805652c5e680b72c0e60ddaa6ad7d46c8a79d7e6e1c723
2025-03-26,PONMUDI,678.8,707.745,47.4,63.516,697.9,24.37,51,0,,official_observed_reference,a96e1d04932bceb377805652c5e680b72c0e60ddaa6ad7d46c8a79d7e6e1c723
2025-03-26,NERIAMANGALAM,445,456.59,5.557,4.835,452.9,3.2,58,2.784,1.311,official_observed_reference,a96e1d04932bceb377805652c5e680b72c0e60ddaa6ad7d46c8a79d7e6e1c723
2025-03-26,PORINGAL,405.689,423.976,30.356,10.625,415.5,10.2,34,3.57,3.57,official_observed_reference,a96e1d04932bceb377805652c5e680b72c0e60ddaa6ad7d46c8a79d7e6e1c723
2025-03-26,SENGULAM (SBR),844.86,847.6,1.614,0.71,846.8,,0,0,,official_observed_reference,a96e1d04932bceb377805652c5e680b72c0e60ddaa6ad7d46c8a79d7e6e1c723
2025-03-26,LOWER PERIYAR,237.74,253,4.55,2.093,249.6,3.11,68,1.431,1.431,official_observed_reference,a96e1d04932bceb377805652c5e680b72c0e60ddaa6ad7d46c8a79d7e6e1c723
2025-03-26,KAKKAD,181.36,192.63,1.16,0.358,186.6,,0,0,,official_observed_reference,a96e1d04932bceb377805652c5e680b72c0e60ddaa6ad7d46c8a79d7e6e1c723
2025-03-27,IDUKKI,694.944,732.43,1460,2190,717.274,710.184,49,1065.276,1043.97,official_observed_reference,9b09706b5d1b737527012e51f4f22505c2ff02271982dfe3f4b1e28a27dc24cd
2025-03-27,PAMBA,963.168,986.332,31.001,59.46,964.6,1.06,47,428.165,360.636,official_observed_reference,9b09706b5d1b737527012e51f4f22505c2ff02271982dfe3f4b1e28a27dc24cd
2025-03-27,KAKKI,908.304,981.456,446.542,856.467,964.57,222.175,0,0,,official_observed_reference,9b09706b5d1b737527012e51f4f22505c2ff02271982dfe3f4b1e28a27dc24cd
2025-03-27,SHOLAYAR,779.374,811.68,149.23,152.065,802.904,82.23,55,83.792,54.847,official_observed_reference,9b09706b5d1b737527012e51f4f22505c2ff02271982dfe3f4b1e28a27dc24cd
2025-03-27,IDAMALAYAR,115,169,1017.8,254.45,146.62,441.02,43,110.255,110.255,official_observed_reference,9b09706b5d1b737527012e51f4f22505c2ff02271982dfe3f4b1e28a27dc24cd
2025-03-27,KUNDALA,1735.836,1758.696,7.787,22.738,1757.75,7.075,91,110.303,47.71,official_observed_reference,9b09706b5d1b737527012e51f4f22505c2ff02271982dfe3f4b1e28a27dc24cd
2025-03-27,MADUPPATTY,1554.48,1599.59,55.217,161.234,1589.45,30.7,56,0,,official_observed_reference,9b09706b5d1b737527012e51f4f22505c2ff02271982dfe3f4b1e28a27dc24cd
2025-03-27,KUTTIADI,737.616,758.037,33.99,42.827,754.533,25.22,74,111.346,107.811,official_observed_reference,9b09706b5d1b737527012e51f4f22505c2ff02271982dfe3f4b1e28a27dc24cd
2025-03-27,THARIODE,750.5,775.6,201,253.26,762.45,63.15,31,0,,official_observed_reference,9b09706b5d1b737527012e51f4f22505c2ff02271982dfe3f4b1e28a27dc24cd
2025-03-27,ANAYIRANKAL,1188,1207.008,48.968,65.616,1203.88,34.95,71,79.891,28.123,official_observed_reference,9b09706b5d1b737527012e51f4f22505c2ff02271982dfe3f4b1e28a27dc24cd
2025-03-27,PONMUDI,678.8,707.745,47.4,63.516,698.05,24.67,52,0,,official_observed_reference,9b09706b5d1b737527012e51f4f22505c2ff02271982dfe3f4b1e28a27dc24cd
2025-03-27,NERIAMANGALAM,445,456.59,5.557,4.835,452.9,3.2,58,2.784,1.311,official_observed_reference,9b09706b5d1b737527012e51f4f22505c2ff02271982dfe3f4b1e28a27dc24cd
2025-03-27,PORINGAL,405.689,423.976,30.356,10.625,415.15,9.675,32,3.386,3.386,official_observed_reference,9b09706b5d1b737527012e51f4f22505c2ff02271982dfe3f4b1e28a27dc24cd
2025-03-27,SENGULAM (SBR),844.86,847.6,1.614,0.71,846.7,,0,0,,official_observed_reference,9b09706b5d1b737527012e51f4f22505c2ff02271982dfe3f4b1e28a27dc24cd
2025-03-27,LOWER PERIYAR,237.74,253,4.55,2.093,249.1,2.91,64,1.339,1.339,official_observed_reference,9b09706b5d1b737527012e51f4f22505c2ff02271982dfe3f4b1e28a27dc24cd
2025-03-27,KAKKAD,181.36,192.63,1.16,0.358,188.9,,0,0,,official_observed_reference,9b09706b5d1b737527012e51f4f22505c2ff02271982dfe3f4b1e28a27dc24cd
2025-03-28,IDUKKI,694.944,732.43,1460,2190,717.133,704.538,48,1056.807,1035.671,official_observed_reference,23f6d74b1829a573f8d0c4dd7e9fea5e90bfd5c08c1dde6438b12fd86a58a7de
2025-03-28,PAMBA,963.168,986.332,31.001,59.46,964.5,0.98,46,424.559,357.599,official_observed_reference,23f6d74b1829a573f8d0c4dd7e9fea5e90bfd5c08c1dde6438b12fd86a58a7de
2025-03-28,KAKKI,908.304,981.456,446.542,856.467,964.371,220.375,0,0,,official_observed_reference,23f6d74b1829a573f8d0c4dd7e9fea5e90bfd5c08c1dde6438b12fd86a58a7de
2025-03-28,SHOLAYAR,779.374,811.68,149.23,152.065,802.721,80.998,54,82.537,54.026,official_observed_reference,23f6d74b1829a573f8d0c4dd7e9fea5e90bfd5c08c1dde6438b12fd86a58a7de
2025-03-28,IDAMALAYAR,115,169,1017.8,254.45,146.39,436.19,43,109.048,109.048,official_observed_reference,23f6d74b1829a573f8d0c4dd7e9fea5e90bfd5c08c1dde6438b12fd86a58a7de
2025-03-28,KUNDALA,1735.836,1758.696,7.787,22.738,1757.75,7.075,91,109.719,47.457,official_observed_reference,23f6d74b1829a573f8d0c4dd7e9fea5e90bfd5c08c1dde6438b12fd86a58a7de
2025-03-28,MADUPPATTY,1554.48,1599.59,55.217,161.234,1589.35,30.5,55,0,,official_observed_reference,23f6d74b1829a573f8d0c4dd7e9fea5e90bfd5c08c1dde6438b12fd86a58a7de
2025-03-28,KUTTIADI,737.616,758.037,33.99,42.827,754.41,24.916,73,110.459,106.953,official_observed_reference,23f6d74b1829a573f8d0c4dd7e9fea5e90bfd5c08c1dde6438b12fd86a58a7de
2025-03-28,THARIODE,750.5,775.6,201,253.26,762.4,62.75,31,0,,official_observed_reference,23f6d74b1829a573f8d0c4dd7e9fea5e90bfd5c08c1dde6438b12fd86a58a7de
2025-03-28,ANAYIRANKAL,1188,1207.008,48.968,65.616,1203.7,34.23,70,79.06,27.83,official_observed_reference,23f6d74b1829a573f8d0c4dd7e9fea5e90bfd5c08c1dde6438b12fd86a58a7de
2025-03-28,PONMUDI,678.8,707.745,47.4,63.516,698.1,24.77,52,0,,official_observed_reference,23f6d74b1829a573f8d0c4dd7e9fea5e90bfd5c08c1dde6438b12fd86a58a7de
2025-03-28,NERIAMANGALAM,445,456.59,5.557,4.835,452.85,3.175,57,2.762,1.301,official_observed_reference,23f6d74b1829a573f8d0c4dd7e9fea5e90bfd5c08c1dde6438b12fd86a58a7de
2025-03-28,PORINGAL,405.689,423.976,30.356,10.625,415,9.45,31,3.308,3.308,official_observed_reference,23f6d74b1829a573f8d0c4dd7e9fea5e90bfd5c08c1dde6438b12fd86a58a7de
2025-03-28,SENGULAM (SBR),844.86,847.6,1.614,0.71,846.5,,0,0,,official_observed_reference,23f6d74b1829a573f8d0c4dd7e9fea5e90bfd5c08c1dde6438b12fd86a58a7de
2025-03-28,LOWER PERIYAR,237.74,253,4.55,2.093,248.7,2.76,61,1.27,1.27,official_observed_reference,23f6d74b1829a573f8d0c4dd7e9fea5e90bfd5c08c1dde6438b12fd86a58a7de
2025-03-28,KAKKAD,181.36,192.63,1.16,0.358,189.1,,0,0,,official_observed_reference,23f6d74b1829a573f8d0c4dd7e9fea5e90bfd5c08c1dde6438b12fd86a58a7de
2025-03-29,IDUKKI,694.944,732.43,1460,2190,716.975,698.148,48,1047.222,1026.278,official_observed_reference,98399e82227b530feae8469769b96e82a59ada7a425c5814b54d32b55ece34b5
2025-03-29,PAMBA,963.168,986.332,31.001,59.46,964.4,0.9,46,422.248,355.652,official_observed_reference,98399e82227b530feae8469769b96e82a59ada7a425c5814b54d32b55ece34b5
2025-03-29,KAKKI,908.304,981.456,446.542,856.467,964.25,219.25,0,0,,official_observed_reference,98399e82227b530feae8469769b96e82a59ada7a425c5814b54d32b55ece34b5
2025-03-29,SHOLAYAR,779.374,811.68,149.23,152.065,802.569,79.922,54,81.441,53.308,official_observed_reference,98399e82227b530feae8469769b96e82a59ada7a425c5814b54d32b55ece34b5
2025-03-29,IDAMALAYAR,115,169,1017.8,254.45,146.2,432.2,42,108.05,108.05,official_observed_reference,98399e82227b530feae8469769b96e82a59ada7a425c5814b54d32b55ece34b5
2025-03-29,KUNDALA,1735.836,1758.696,7.787,22.738,1757.75,7.075,91,108.843,47.078,official_observed_reference,98399e82227b530feae8469769b96e82a59ada7a425c5814b54d32b55ece34b5
2025-03-29,MADUPPATTY,1554.48,1599.59,55.217,161.234,1589.2,30.2,55,0,,official_observed_reference,98399e82227b530feae8469769b96e82a59ada7a425c5814b54d32b55ece34b5
2025-03-29,KUTTIADI,737.616,758.037,33.99,42.827,754.319,24.686,73,109.665,106.184,official_observed_reference,98399e82227b530feae8469769b96e82a59ada7a425c5814b54d32b55ece34b5
2025-03-29,THARIODE,750.5,775.6,201,253.26,762.3,62.35,31,0,,official_observed_reference,98399e82227b530feae8469769b96e82a59ada7a425c5814b54d32b55ece34b5
2025-03-29,ANAYIRANKAL,1188,1207.008,48.968,65.616,1203.5,33.43,68,78.122,27.5,official_observed_reference,98399e82227b530feae8469769b96e82a59ada7a425c5814b54d32b55ece34b5
2025-03-29,PONMUDI,678.8,707.745,47.4,63.516,698.15,24.87,52,0,,official_observed_reference,98399e82227b530feae8469769b96e82a59ada7a425c5814b54d32b55ece34b5
2025-03-29,NERIAMANGALAM,445,456.59,5.557,4.835,452.7,3.1,56,2.697,1.27,official_observed_reference,98399e82227b530feae8469769b96e82a59ada7a425c5814b54d32b55ece34b5
2025-03-29,PORINGAL,405.689,423.976,30.356,10.625,414.9,9.3,31,3.255,3.255,official_observed_reference,98399e82227b530feae8469769b96e82a59ada7a425c5814b54d32b55ece34b5
2025-03-29,SENGULAM (SBR),844.86,847.6,1.614,0.71,846.5,,0,0,,official_observed_reference,98399e82227b530feae8469769b96e82a59ada7a425c5814b54d32b55ece34b5
2025-03-29,LOWER PERIYAR,237.74,253,4.55,2.093,248.9,2.84,62,1.306,1.306,official_observed_reference,98399e82227b530feae8469769b96e82a59ada7a425c5814b54d32b55ece34b5
2025-03-29,KAKKAD,181.36,192.63,1.16,0.358,186.75,,0,0,,official_observed_reference,98399e82227b530feae8469769b96e82a59ada7a425c5814b54d32b55ece34b5
2025-03-30,IDUKKI,694.944,732.43,1460,2190,716.859,693.478,47,1040.217,1019.413,official_observed_reference,3622507d077d92ab636440831e15f7e787d0f60084446a8918b0fc18fd0a7671
2025-03-30,PAMBA,963.168,986.332,31.001,59.46,964.3,0.82,46,419.505,353.342,official_observed_reference,3622507d077d92ab636440831e15f7e787d0f60084446a8918b0fc18fd0a7671
2025-03-30,KAKKI,908.304,981.456,446.542,856.467,964.1,217.9,0,0,,official_observed_reference,3622507d077d92ab636440831e15f7e787d0f60084446a8918b0fc18fd0a7671
2025-03-30,SHOLAYAR,779.374,811.68,149.23,152.065,802.447,79.072,53,80.575,52.741,official_observed_reference,3622507d077d92ab636440831e15f7e787d0f60084446a8918b0fc18fd0a7671
2025-03-30,IDAMALAYAR,115,169,1017.8,254.45,146,428,42,107,107,official_observed_reference,3622507d077d92ab636440831e15f7e787d0f60084446a8918b0fc18fd0a7671
2025-03-30,KUNDALA,1735.836,1758.696,7.787,22.738,1757.75,7.075,91,108.259,46.826,official_observed_reference,3622507d077d92ab636440831e15f7e787d0f60084446a8918b0fc18fd0a7671
2025-03-30,MADUPPATTY,1554.48,1599.59,55.217,161.234,1589.1,30,54,0,,official_observed_reference,3622507d077d92ab636440831e15f7e787d0f60084446a8918b0fc18fd0a7671
2025-03-30,KUTTIADI,737.616,758.037,33.99,42.827,754.289,24.612,72,108.06,104.63,official_observed_reference,3622507d077d92ab636440831e15f7e787d0f60084446a8918b0fc18fd0a7671
2025-03-30,THARIODE,750.5,775.6,201,253.26,762.2,61.15,30,0,,official_observed_reference,3622507d077d92ab636440831e15f7e787d0f60084446a8918b0fc18fd0a7671
2025-03-30,ANAYIRANKAL,1188,1207.008,48.968,65.616,1203.35,32.83,67,77.586,27.311,official_observed_reference,3622507d077d92ab636440831e15f7e787d0f60084446a8918b0fc18fd0a7671
2025-03-30,PONMUDI,678.8,707.745,47.4,63.516,698.25,25.07,53,0,,official_observed_reference,3622507d077d92ab636440831e15f7e787d0f60084446a8918b0fc18fd0a7671
2025-03-30,NERIAMANGALAM,445,456.59,5.557,4.835,453,3.26,59,2.836,1.336,official_observed_reference,3622507d077d92ab636440831e15f7e787d0f60084446a8918b0fc18fd0a7671
2025-03-30,PORINGAL,405.689,423.976,30.356,10.625,414.7,9,30,3.15,3.15,official_observed_reference,3622507d077d92ab636440831e15f7e787d0f60084446a8918b0fc18fd0a7671
2025-03-30,SENGULAM (SBR),844.86,847.6,1.614,0.71,846.65,,0,0,,official_observed_reference,3622507d077d92ab636440831e15f7e787d0f60084446a8918b0fc18fd0a7671
2025-03-30,LOWER PERIYAR,237.74,253,4.55,2.093,250.8,3.6,79,1.656,1.656,official_observed_reference,3622507d077d92ab636440831e15f7e787d0f60084446a8918b0fc18fd0a7671
2025-03-30,KAKKAD,181.36,192.63,1.16,0.358,187.4,,0,0,,official_observed_reference,3622507d077d92ab636440831e15f7e787d0f60084446a8918b0fc18fd0a7671
2025-03-31,IDUKKI,694.944,732.43,1460,2190,716.749,689.054,47,1033.581,1012.909,official_observed_reference,799d372ac0d06069a94820cc5054e4d5c61146377e8d8ef8d74ad6e827e1219a
2025-03-31,PAMBA,963.168,986.332,31.001,59.46,964.2,0.74,46,417.411,351.578,official_observed_reference,799d372ac0d06069a94820cc5054e4d5c61146377e8d8ef8d74ad6e827e1219a
2025-03-31,KAKKI,908.304,981.456,446.542,856.467,963.988,216.888,0,0,,official_observed_reference,799d372ac0d06069a94820cc5054e4d5c61146377e8d8ef8d74ad6e827e1219a
2025-03-31,SHOLAYAR,779.374,811.68,149.23,152.065,802.264,77.826,52,79.305,51.91,official_observed_reference,799d372ac0d06069a94820cc5054e4d5c61146377e8d8ef8d74ad6e827e1219a
2025-03-31,IDAMALAYAR,115,169,1017.8,254.45,145.81,424.01,42,106.003,106.003,official_observed_reference,799d372ac0d06069a94820cc5054e4d5c61146377e8d8ef8d74ad6e827e1219a
2025-03-31,KUNDALA,1735.836,1758.696,7.787,22.738,1757.75,7.075,91,107.675,46.573,official_observed_reference,799d372ac0d06069a94820cc5054e4d5c61146377e8d8ef8d74ad6e827e1219a
2025-03-31,MADUPPATTY,1554.48,1599.59,55.217,161.234,1589,29.8,54,0,,official_observed_reference,799d372ac0d06069a94820cc5054e4d5c61146377e8d8ef8d74ad6e827e1219a
2025-03-31,KUTTIADI,737.616,758.037,33.99,42.827,754.289,24.612,72,106.8,103.41,official_observed_reference,799d372ac0d06069a94820cc5054e4d5c61146377e8d8ef8d74ad6e827e1219a
2025-03-31,THARIODE,750.5,775.6,201,253.26,762.1,60.15,30,0,,official_observed_reference,799d372ac0d06069a94820cc5054e4d5c61146377e8d8ef8d74ad6e827e1219a
2025-03-31,ANAYIRANKAL,1188,1207.008,48.968,65.616,1203.19,32.19,66,76.862,27.057,official_observed_reference,799d372ac0d06069a94820cc5054e4d5c61146377e8d8ef8d74ad6e827e1219a
2025-03-31,PONMUDI,678.8,707.745,47.4,63.516,698.3,25.17,53,0,,official_observed_reference,799d372ac0d06069a94820cc5054e4d5c61146377e8d8ef8d74ad6e827e1219a
2025-03-31,NERIAMANGALAM,445,456.59,5.557,4.835,453,3.26,59,2.836,1.336,official_observed_reference,799d372ac0d06069a94820cc5054e4d5c61146377e8d8ef8d74ad6e827e1219a
2025-03-31,PORINGAL,405.689,423.976,30.356,10.625,414.65,8.925,29,3.124,3.124,official_observed_reference,799d372ac0d06069a94820cc5054e4d5c61146377e8d8ef8d74ad6e827e1219a
2025-03-31,SENGULAM (SBR),844.86,847.6,1.614,0.71,846.7,,0,0,,official_observed_reference,799d372ac0d06069a94820cc5054e4d5c61146377e8d8ef8d74ad6e827e1219a
2025-03-31,LOWER PERIYAR,237.74,253,4.55,2.093,249.7,3.16,69,1.454,1.454,official_observed_reference,799d372ac0d06069a94820cc5054e4d5c61146377e8d8ef8d74ad6e827e1219a
2025-03-31,KAKKAD,181.36,192.63,1.16,0.358,188.5,,0,0,,official_observed_reference,799d372ac0d06069a94820cc5054e4d5c61146377e8d8ef8d74ad6e827e1219a
