date,category,period,metric,mw,time_from,time_to,frequency_hz,classification,source_sha256
2024-04-01,maximum,Day,Generation,1156,16:00,16:30,49.97,official_observed_reference,363b3686efb1712222ddef31784ce84c19160324247fd70f47d5b7428600f9b0
2024-04-01,maximum,Day,Consumption,4562,16:00,16:30,49.97,official_observed_reference,363b3686efb1712222ddef31784ce84c19160324247fd70f47d5b7428600f9b0
2024-04-01,maximum,Evening,Generation,1631,22:00,22:30,49.96,official_observed_reference,363b3686efb1712222ddef31784ce84c19160324247fd70f47d5b7428600f9b0
2024-04-01,maximum,Evening,Consumption,5265,22:30,23:00,50.03,official_observed_reference,363b3686efb1712222ddef31784ce84c19160324247fd70f47d5b7428600f9b0
2024-04-01,maximum,Morning,Generation,783,05:30,06:00,50.09,official_observed_reference,363b3686efb1712222ddef31784ce84c19160324247fd70f47d5b7428600f9b0
2024-04-01,maximum,Morning,Consumption,3888,05:30,06:00,50.09,official_observed_reference,363b3686efb1712222ddef31784ce84c19160324247fd70f47d5b7428600f9b0
2024-04-01,minimum,Night,Generation,621,04:30,05:00,50.05,official_observed_reference,363b3686efb1712222ddef31784ce84c19160324247fd70f47d5b7428600f9b0
2024-04-01,minimum,Night,Consumption,3846,04:30,05:00,50.05,official_observed_reference,363b3686efb1712222ddef31784ce84c19160324247fd70f47d5b7428600f9b0
2024-04-01,minimum,Day,Generation,332,08:00,08:30,50.05,official_observed_reference,363b3686efb1712222ddef31784ce84c19160324247fd70f47d5b7428600f9b0
2024-04-01,minimum,Day,Consumption,3843,09:00,09:30,50.03,official_observed_reference,363b3686efb1712222ddef31784ce84c19160324247fd70f47d5b7428600f9b0
2024-04-02,maximum,Day,Generation,1252,15:30,16:00,50.03,official_observed_reference,1cdf182b74086eab9d5fe8e5fa2dd9cc01acbf118668c4668b701bb6ca682d46
2024-04-02,maximum,Day,Consumption,4691,15:30,16:00,50.03,official_observed_reference,1cdf182b74086eab9d5fe8e5fa2dd9cc01acbf118668c4668b701bb6ca682d46
2024-04-02,maximum,Evening,Generation,1621,22:00,22:30,49.99,official_observed_reference,1cdf182b74086eab9d5fe8e5fa2dd9cc01acbf118668c4668b701bb6ca682d46
2024-04-02,maximum,Evening,Consumption,5262,22:30,23:00,49.95,official_observed_reference,1cdf182b74086eab9d5fe8e5fa2dd9cc01acbf118668c4668b701bb6ca682d46
2024-04-02,maximum,Morning,Generation,890,05:30,06:00,50.07,official_observed_reference,1cdf182b74086eab9d5fe8e5fa2dd9cc01acbf118668c4668b701bb6ca682d46
2024-04-02,maximum,Morning,Consumption,4028,05:30,06:00,50.07,official_observed_reference,1cdf182b74086eab9d5fe8e5fa2dd9cc01acbf118668c4668b701bb6ca682d46
2024-04-02,minimum,Night,Generation,688,01:30,02:00,50.04,official_observed_reference,1cdf182b74086eab9d5fe8e5fa2dd9cc01acbf118668c4668b701bb6ca682d46
2024-04-02,minimum,Night,Consumption,4004,05:00,05:30,49.97,official_observed_reference,1cdf182b74086eab9d5fe8e5fa2dd9cc01acbf118668c4668b701bb6ca682d46
2024-04-02,minimum,Day,Generation,402,08:00,08:30,50.02,official_observed_reference,1cdf182b74086eab9d5fe8e5fa2dd9cc01acbf118668c4668b701bb6ca682d46
2024-04-02,minimum,Day,Consumption,3973,09:00,09:30,50.00,official_observed_reference,1cdf182b74086eab9d5fe8e5fa2dd9cc01acbf118668c4668b701bb6ca682d46
2024-04-03,maximum,Day,Generation,1385,16:00,16:30,50.09,official_observed_reference,5218fff23a162a4f7d3444bf9406091c54a7c2458affbd4ef1405ee13db6d4a2
2024-04-03,maximum,Day,Consumption,4704,15:30,16:00,50.05,official_observed_reference,5218fff23a162a4f7d3444bf9406091c54a7c2458affbd4ef1405ee13db6d4a2
2024-04-03,maximum,Evening,Generation,1579,22:00,22:30,50,official_observed_reference,5218fff23a162a4f7d3444bf9406091c54a7c2458affbd4ef1405ee13db6d4a2
2024-04-03,maximum,Evening,Consumption,5359,22:30,23:00,50.03,official_observed_reference,5218fff23a162a4f7d3444bf9406091c54a7c2458affbd4ef1405ee13db6d4a2
2024-04-03,maximum,Morning,Generation,887,05:00,05:30,49.91,official_observed_reference,5218fff23a162a4f7d3444bf9406091c54a7c2458affbd4ef1405ee13db6d4a2
2024-04-03,maximum,Morning,Consumption,4042,05:00,05:30,49.91,official_observed_reference,5218fff23a162a4f7d3444bf9406091c54a7c2458affbd4ef1405ee13db6d4a2
2024-04-03,minimum,Night,Generation,648,04:30,05:00,50.00,official_observed_reference,5218fff23a162a4f7d3444bf9406091c54a7c2458affbd4ef1405ee13db6d4a2
2024-04-03,minimum,Night,Consumption,3947,04:30,05:00,50.00,official_observed_reference,5218fff23a162a4f7d3444bf9406091c54a7c2458affbd4ef1405ee13db6d4a2
2024-04-03,minimum,Day,Generation,409,10:00,10:30,49.95,official_observed_reference,5218fff23a162a4f7d3444bf9406091c54a7c2458affbd4ef1405ee13db6d4a2
2024-04-03,minimum,Day,Consumption,3966,09:00,09:30,49.97,official_observed_reference,5218fff23a162a4f7d3444bf9406091c54a7c2458affbd4ef1405ee13db6d4a2
2024-04-04,maximum,Day,Generation,1438,15:30,16:00,50,official_observed_reference,895a9ec542e52b7031f9fa3b0be2653da3c77e0d77be40674a4a30bb8c60c934
2024-04-04,maximum,Day,Consumption,4735,15:30,16:00,50.00,official_observed_reference,895a9ec542e52b7031f9fa3b0be2653da3c77e0d77be40674a4a30bb8c60c934
2024-04-04,maximum,Evening,Generation,1667,22:00,22:30,49.95,official_observed_reference,895a9ec542e52b7031f9fa3b0be2653da3c77e0d77be40674a4a30bb8c60c934
2024-04-04,maximum,Evening,Consumption,5220,22:30,23:00,50.05,official_observed_reference,895a9ec542e52b7031f9fa3b0be2653da3c77e0d77be40674a4a30bb8c60c934
2024-04-04,maximum,Morning,Generation,914,05:00,05:30,50.08,official_observed_reference,895a9ec542e52b7031f9fa3b0be2653da3c77e0d77be40674a4a30bb8c60c934
2024-04-04,maximum,Morning,Consumption,4064,05:30,06:00,50.07,official_observed_reference,895a9ec542e52b7031f9fa3b0be2653da3c77e0d77be40674a4a30bb8c60c934
2024-04-04,minimum,Night,Generation,914,05:00,05:30,50.08,official_observed_reference,895a9ec542e52b7031f9fa3b0be2653da3c77e0d77be40674a4a30bb8c60c934
2024-04-04,minimum,Night,Consumption,4012,04:30,05:00,50.04,official_observed_reference,895a9ec542e52b7031f9fa3b0be2653da3c77e0d77be40674a4a30bb8c60c934
2024-04-04,minimum,Day,Generation,435,08:00,08:30,50.00,official_observed_reference,895a9ec542e52b7031f9fa3b0be2653da3c77e0d77be40674a4a30bb8c60c934
2024-04-04,minimum,Day,Consumption,3896,09:00,09:30,49.94,official_observed_reference,895a9ec542e52b7031f9fa3b0be2653da3c77e0d77be40674a4a30bb8c60c934
2024-04-05,maximum,Day,Generation,1377,17:30,18:00,50.12,official_observed_reference,20997137572ea46bdd41c0c74041e070f1d5f1eeed05a72e34b3e0e56c0d9f6e
2024-04-05,maximum,Day,Consumption,4847,16:30,17:00,50.10,official_observed_reference,20997137572ea46bdd41c0c74041e070f1d5f1eeed05a72e34b3e0e56c0d9f6e
2024-04-05,maximum,Evening,Generation,1653,22:00,22:30,49.97,official_observed_reference,20997137572ea46bdd41c0c74041e070f1d5f1eeed05a72e34b3e0e56c0d9f6e
2024-04-05,maximum,Evening,Consumption,5289,22:00,22:30,49.97,official_observed_reference,20997137572ea46bdd41c0c74041e070f1d5f1eeed05a72e34b3e0e56c0d9f6e
2024-04-05,maximum,Morning,Generation,1054,05:30,06:00,50.02,official_observed_reference,20997137572ea46bdd41c0c74041e070f1d5f1eeed05a72e34b3e0e56c0d9f6e
2024-04-05,maximum,Morning,Consumption,4023,05:30,06:00,50.02,official_observed_reference,20997137572ea46bdd41c0c74041e070f1d5f1eeed05a72e34b3e0e56c0d9f6e
2024-04-05,minimum,Night,Generation,957,04:30,05:00,49.95,official_observed_reference,20997137572ea46bdd41c0c74041e070f1d5f1eeed05a72e34b3e0e56c0d9f6e
2024-04-05,minimum,Night,Consumption,3973,04:30,05:00,49.95,official_observed_reference,20997137572ea46bdd41c0c74041e070f1d5f1eeed05a72e34b3e0e56c0d9f6e
2024-04-05,minimum,Day,Generation,537,13:00,13:30,50.12,official_observed_reference,20997137572ea46bdd41c0c74041e070f1d5f1eeed05a72e34b3e0e56c0d9f6e
2024-04-05,minimum,Day,Consumption,3940,09:00,09:30,50.02,official_observed_reference,20997137572ea46bdd41c0c74041e070f1d5f1eeed05a72e34b3e0e56c0d9f6e
2024-04-06,maximum,Day,Generation,1182,17:30,18:00,50.16,official_observed_reference,7a680e53604c87f24d78a83a68292b96fd1b21c71264d3eb0bd7829a78deb433
2024-04-06,maximum,Day,Consumption,4712,15:00,15:30,50.00,official_observed_reference,7a680e53604c87f24d78a83a68292b96fd1b21c71264d3eb0bd7829a78deb433
2024-04-06,maximum,Evening,Generation,1673,22:00,22:30,49.95,official_observed_reference,7a680e53604c87f24d78a83a68292b96fd1b21c71264d3eb0bd7829a78deb433
2024-04-06,maximum,Evening,Consumption,5364,22:00,22:30,49.95,official_observed_reference,7a680e53604c87f24d78a83a68292b96fd1b21c71264d3eb0bd7829a78deb433
2024-04-06,maximum,Morning,Generation,1052,05:30,06:00,50.07,official_observed_reference,7a680e53604c87f24d78a83a68292b96fd1b21c71264d3eb0bd7829a78deb433
2024-04-06,maximum,Morning,Consumption,4120,05:30,06:00,50.07,official_observed_reference,7a680e53604c87f24d78a83a68292b96fd1b21c71264d3eb0bd7829a78deb433
2024-04-06,minimum,Night,Generation,839,04:30,05:00,50.03,official_observed_reference,7a680e53604c87f24d78a83a68292b96fd1b21c71264d3eb0bd7829a78deb433
2024-04-06,minimum,Night,Consumption,4036,04:30,05:00,50.03,official_observed_reference,7a680e53604c87f24d78a83a68292b96fd1b21c71264d3eb0bd7829a78deb433
2024-04-06,minimum,Day,Generation,282,10:00,10:30,50.01,official_observed_reference,7a680e53604c87f24d78a83a68292b96fd1b21c71264d3eb0bd7829a78deb433
2024-04-06,minimum,Day,Consumption,3873,09:00,09:30,50.02,official_observed_reference,7a680e53604c87f24d78a83a68292b96fd1b21c71264d3eb0bd7829a78deb433
2024-04-07,maximum,Day,Generation,454,17:30,18:00,50.05,official_observed_reference,41b539c489fbfca6cf77b6ced409ec0927ff741550b19cc21495d9871f4efcd3
2024-04-07,maximum,Day,Consumption,4141,15:00,15:30,50.00,official_observed_reference,41b539c489fbfca6cf77b6ced409ec0927ff741550b19cc21495d9871f4efcd3
2024-04-07,maximum,Evening,Generation,1375,21:30,22:00,50.04,official_observed_reference,41b539c489fbfca6cf77b6ced409ec0927ff741550b19cc21495d9871f4efcd3
2024-04-07,maximum,Evening,Consumption,5412,22:30,23:00,50.09,official_observed_reference,41b539c489fbfca6cf77b6ced409ec0927ff741550b19cc21495d9871f4efcd3
2024-04-07,maximum,Morning,Generation,1077,05:00,05:30,50.06,official_observed_reference,41b539c489fbfca6cf77b6ced409ec0927ff741550b19cc21495d9871f4efcd3
2024-04-07,maximum,Morning,Consumption,4253,05:00,05:30,50.06,official_observed_reference,41b539c489fbfca6cf77b6ced409ec0927ff741550b19cc21495d9871f4efcd3
2024-04-07,minimum,Night,Generation,454,17:30,18:00,50.05,official_observed_reference,41b539c489fbfca6cf77b6ced409ec0927ff741550b19cc21495d9871f4efcd3
2024-04-07,minimum,Night,Consumption,4145,18:00,18:30,50.09,official_observed_reference,41b539c489fbfca6cf77b6ced409ec0927ff741550b19cc21495d9871f4efcd3
2024-04-07,minimum,Day,Generation,275,17:00,17:30,50.03,official_observed_reference,41b539c489fbfca6cf77b6ced409ec0927ff741550b19cc21495d9871f4efcd3
2024-04-07,minimum,Day,Consumption,3517,10:30,11:00,50.01,official_observed_reference,41b539c489fbfca6cf77b6ced409ec0927ff741550b19cc21495d9871f4efcd3
2024-04-08,maximum,Day,Generation,1294,17:30,18:00,50.11,official_observed_reference,c745e2e52187086fa2304266c8ba566ffe33481c1b076c3c44408dbdefb1820a
2024-04-08,maximum,Day,Consumption,4820,15:30,16:00,50.03,official_observed_reference,c745e2e52187086fa2304266c8ba566ffe33481c1b076c3c44408dbdefb1820a
2024-04-08,maximum,Evening,Generation,1636,22:00,22:30,50.04,official_observed_reference,c745e2e52187086fa2304266c8ba566ffe33481c1b076c3c44408dbdefb1820a
2024-04-08,maximum,Evening,Consumption,5487,22:30,23:00,50.08,official_observed_reference,c745e2e52187086fa2304266c8ba566ffe33481c1b076c3c44408dbdefb1820a
2024-04-08,maximum,Morning,Generation,939,06:00,06:30,50.07,official_observed_reference,c745e2e52187086fa2304266c8ba566ffe33481c1b076c3c44408dbdefb1820a
2024-04-08,maximum,Morning,Consumption,4119,05:30,06:00,50.08,official_observed_reference,c745e2e52187086fa2304266c8ba566ffe33481c1b076c3c44408dbdefb1820a
2024-04-08,minimum,Night,Generation,614,04:30,05:00,50.06,official_observed_reference,c745e2e52187086fa2304266c8ba566ffe33481c1b076c3c44408dbdefb1820a
2024-04-08,minimum,Night,Consumption,4089,04:30,05:00,50.06,official_observed_reference,c745e2e52187086fa2304266c8ba566ffe33481c1b076c3c44408dbdefb1820a
2024-04-08,minimum,Day,Generation,413,07:30,08:00,50.01,official_observed_reference,c745e2e52187086fa2304266c8ba566ffe33481c1b076c3c44408dbdefb1820a
2024-04-08,minimum,Day,Consumption,4018,09:00,09:30,50.00,official_observed_reference,c745e2e52187086fa2304266c8ba566ffe33481c1b076c3c44408dbdefb1820a
2024-04-09,maximum,Day,Generation,1268,16:30,17:00,49.93,official_observed_reference,677f62963e7dfa3b863586e55418d5b3ff3dc73c643e9f77c68cc113ef89cfaa
2024-04-09,maximum,Day,Consumption,4897,15:30,16:00,50.09,official_observed_reference,677f62963e7dfa3b863586e55418d5b3ff3dc73c643e9f77c68cc113ef89cfaa
2024-04-09,maximum,Evening,Generation,1647,22:00,22:30,50,official_observed_reference,677f62963e7dfa3b863586e55418d5b3ff3dc73c643e9f77c68cc113ef89cfaa
2024-04-09,maximum,Evening,Consumption,5493,22:30,23:00,49.99,official_observed_reference,677f62963e7dfa3b863586e55418d5b3ff3dc73c643e9f77c68cc113ef89cfaa
2024-04-09,maximum,Morning,Generation,756,05:00,05:30,50.02,official_observed_reference,677f62963e7dfa3b863586e55418d5b3ff3dc73c643e9f77c68cc113ef89cfaa
2024-04-09,maximum,Morning,Consumption,4276,05:00,05:30,50.02,official_observed_reference,677f62963e7dfa3b863586e55418d5b3ff3dc73c643e9f77c68cc113ef89cfaa
2024-04-09,minimum,Night,Generation,530,04:30,05:00,50.01,official_observed_reference,677f62963e7dfa3b863586e55418d5b3ff3dc73c643e9f77c68cc113ef89cfaa
2024-04-09,minimum,Night,Consumption,4205,04:30,05:00,50.01,official_observed_reference,677f62963e7dfa3b863586e55418d5b3ff3dc73c643e9f77c68cc113ef89cfaa
2024-04-09,minimum,Day,Generation,443,09:00,09:30,50.06,official_observed_reference,677f62963e7dfa3b863586e55418d5b3ff3dc73c643e9f77c68cc113ef89cfaa
2024-04-09,minimum,Day,Consumption,4066,09:00,09:30,50.06,official_observed_reference,677f62963e7dfa3b863586e55418d5b3ff3dc73c643e9f77c68cc113ef89cfaa
2024-04-10,maximum,Day,Generation,911,15:30,16:00,50.14,official_observed_reference,4fa0d7c876c37fb87a2c3ea5868e66b6ae0c9aed3c97eca117c7544c3f366b18
2024-04-10,maximum,Day,Consumption,4446,15:30,16:00,50.14,official_observed_reference,4fa0d7c876c37fb87a2c3ea5868e66b6ae0c9aed3c97eca117c7544c3f366b18
2024-04-10,maximum,Evening,Generation,1445,22:00,22:30,50.02,official_observed_reference,4fa0d7c876c37fb87a2c3ea5868e66b6ae0c9aed3c97eca117c7544c3f366b18
2024-04-10,maximum,Evening,Consumption,5389,22:30,23:00,50.04,official_observed_reference,4fa0d7c876c37fb87a2c3ea5868e66b6ae0c9aed3c97eca117c7544c3f366b18
2024-04-10,maximum,Morning,Generation,755,05:30,06:00,50.1,official_observed_reference,4fa0d7c876c37fb87a2c3ea5868e66b6ae0c9aed3c97eca117c7544c3f366b18
2024-04-10,maximum,Morning,Consumption,4279,05:00,05:30,49.97,official_observed_reference,4fa0d7c876c37fb87a2c3ea5868e66b6ae0c9aed3c97eca117c7544c3f366b18
2024-04-10,minimum,Night,Generation,563,18:30,19:00,49.96,official_observed_reference,4fa0d7c876c37fb87a2c3ea5868e66b6ae0c9aed3c97eca117c7544c3f366b18
2024-04-10,minimum,Night,Consumption,4142,18:00,18:30,50.06,official_observed_reference,4fa0d7c876c37fb87a2c3ea5868e66b6ae0c9aed3c97eca117c7544c3f366b18
2024-04-10,minimum,Day,Generation,178,08:00,08:30,50.02,official_observed_reference,4fa0d7c876c37fb87a2c3ea5868e66b6ae0c9aed3c97eca117c7544c3f366b18
2024-04-10,minimum,Day,Consumption,3550,09:00,09:30,50.03,official_observed_reference,4fa0d7c876c37fb87a2c3ea5868e66b6ae0c9aed3c97eca117c7544c3f366b18
2024-04-11,maximum,Day,Generation,1230,17:30,18:00,50.04,official_observed_reference,3da39ba3caf4ad06c8f16537e2e3908357bd15587fdfab25652d875b270f4202
2024-04-11,maximum,Day,Consumption,4715,15:30,16:00,49.99,official_observed_reference,3da39ba3caf4ad06c8f16537e2e3908357bd15587fdfab25652d875b270f4202
2024-04-11,maximum,Evening,Generation,1528,22:00,22:30,49.97,official_observed_reference,3da39ba3caf4ad06c8f16537e2e3908357bd15587fdfab25652d875b270f4202
2024-04-11,maximum,Evening,Consumption,5319,22:00,22:30,49.97,official_observed_reference,3da39ba3caf4ad06c8f16537e2e3908357bd15587fdfab25652d875b270f4202
2024-04-11,maximum,Morning,Generation,692,06:00,06:30,50.01,official_observed_reference,3da39ba3caf4ad06c8f16537e2e3908357bd15587fdfab25652d875b270f4202
2024-04-11,maximum,Morning,Consumption,4108,05:30,06:00,50.07,official_observed_reference,3da39ba3caf4ad06c8f16537e2e3908357bd15587fdfab25652d875b270f4202
2024-04-11,minimum,Night,Generation,555,04:00,04:30,49.97,official_observed_reference,3da39ba3caf4ad06c8f16537e2e3908357bd15587fdfab25652d875b270f4202
2024-04-11,minimum,Night,Consumption,4056,05:00,05:30,49.98,official_observed_reference,3da39ba3caf4ad06c8f16537e2e3908357bd15587fdfab25652d875b270f4202
2024-04-11,minimum,Day,Generation,401,09:30,10:00,50.05,official_observed_reference,3da39ba3caf4ad06c8f16537e2e3908357bd15587fdfab25652d875b270f4202
2024-04-11,minimum,Day,Consumption,3963,09:30,10:00,50.05,official_observed_reference,3da39ba3caf4ad06c8f16537e2e3908357bd15587fdfab25652d875b270f4202
2024-04-12,maximum,Day,Generation,904,16:30,17:00,50.11,official_observed_reference,29638c62dd9503ab8af80f671576b84f40baa0d269697625a4c5d4b2fd377bc7
2024-04-12,maximum,Day,Consumption,4605,15:30,16:00,49.98,official_observed_reference,29638c62dd9503ab8af80f671576b84f40baa0d269697625a4c5d4b2fd377bc7
2024-04-12,maximum,Evening,Generation,956,22:00,22:30,50.02,official_observed_reference,29638c62dd9503ab8af80f671576b84f40baa0d269697625a4c5d4b2fd377bc7
2024-04-12,maximum,Evening,Consumption,4769,23:00,23:30,49.98,official_observed_reference,29638c62dd9503ab8af80f671576b84f40baa0d269697625a4c5d4b2fd377bc7
2024-04-12,maximum,Morning,Generation,697,05:30,06:00,50.07,official_observed_reference,29638c62dd9503ab8af80f671576b84f40baa0d269697625a4c5d4b2fd377bc7
2024-04-12,maximum,Morning,Consumption,4083,05:30,06:00,50.07,official_observed_reference,29638c62dd9503ab8af80f671576b84f40baa0d269697625a4c5d4b2fd377bc7
2024-04-12,minimum,Night,Generation,458,21:00,21:30,50.01,official_observed_reference,29638c62dd9503ab8af80f671576b84f40baa0d269697625a4c5d4b2fd377bc7
2024-04-12,minimum,Night,Consumption,4076,05:00,05:30,50.00,official_observed_reference,29638c62dd9503ab8af80f671576b84f40baa0d269697625a4c5d4b2fd377bc7
2024-04-12,minimum,Day,Generation,359,08:30,09:00,50.03,official_observed_reference,29638c62dd9503ab8af80f671576b84f40baa0d269697625a4c5d4b2fd377bc7
2024-04-12,minimum,Day,Consumption,3959,09:00,09:30,50.03,official_observed_reference,29638c62dd9503ab8af80f671576b84f40baa0d269697625a4c5d4b2fd377bc7
2024-04-13,maximum,Day,Generation,566,17:30,18:00,50.06,official_observed_reference,aeee9617155e53bfd35cb79726942702607fee742e1cf675f089b961c60b1ab4
2024-04-13,maximum,Day,Consumption,4336,15:30,16:00,50.04,official_observed_reference,aeee9617155e53bfd35cb79726942702607fee742e1cf675f089b961c60b1ab4
2024-04-13,maximum,Evening,Generation,1230,22:00,22:30,50.03,official_observed_reference,aeee9617155e53bfd35cb79726942702607fee742e1cf675f089b961c60b1ab4
2024-04-13,maximum,Evening,Consumption,4930,23:00,23:30,49.97,official_observed_reference,aeee9617155e53bfd35cb79726942702607fee742e1cf675f089b961c60b1ab4
2024-04-13,maximum,Morning,Generation,430,06:00,06:30,50.05,official_observed_reference,aeee9617155e53bfd35cb79726942702607fee742e1cf675f089b961c60b1ab4
2024-04-13,maximum,Morning,Consumption,3836,05:30,06:00,50.07,official_observed_reference,aeee9617155e53bfd35cb79726942702607fee742e1cf675f089b961c60b1ab4
2024-04-13,minimum,Night,Generation,374,05:00,05:30,50.00,official_observed_reference,aeee9617155e53bfd35cb79726942702607fee742e1cf675f089b961c60b1ab4
2024-04-13,minimum,Night,Consumption,3787,04:00,04:30,50.00,official_observed_reference,aeee9617155e53bfd35cb79726942702607fee742e1cf675f089b961c60b1ab4
2024-04-13,minimum,Day,Generation,227,08:00,08:30,50.10,official_observed_reference,aeee9617155e53bfd35cb79726942702607fee742e1cf675f089b961c60b1ab4
2024-04-13,minimum,Day,Consumption,3662,09:30,10:00,50.01,official_observed_reference,aeee9617155e53bfd35cb79726942702607fee742e1cf675f089b961c60b1ab4
2024-04-14,maximum,Day,Generation,390,16:30,17:00,50.07,official_observed_reference,b76bfac1071bfdb2d332ebb352f7df8f81d044fffcb258ac34954d468f836975
2024-04-14,maximum,Day,Consumption,3771,15:30,16:00,50.02,official_observed_reference,b76bfac1071bfdb2d332ebb352f7df8f81d044fffcb258ac34954d468f836975
2024-04-14,maximum,Evening,Generation,1361,22:00,22:30,49.9,official_observed_reference,b76bfac1071bfdb2d332ebb352f7df8f81d044fffcb258ac34954d468f836975
2024-04-14,maximum,Evening,Consumption,5003,22:30,23:00,50.01,official_observed_reference,b76bfac1071bfdb2d332ebb352f7df8f81d044fffcb258ac34954d468f836975
2024-04-14,maximum,Morning,Generation,427,05:00,05:30,50.02,official_observed_reference,b76bfac1071bfdb2d332ebb352f7df8f81d044fffcb258ac34954d468f836975
2024-04-14,maximum,Morning,Consumption,3742,05:00,05:30,50.02,official_observed_reference,b76bfac1071bfdb2d332ebb352f7df8f81d044fffcb258ac34954d468f836975
2024-04-14,minimum,Night,Generation,231,17:30,18:00,50.17,official_observed_reference,b76bfac1071bfdb2d332ebb352f7df8f81d044fffcb258ac34954d468f836975
2024-04-14,minimum,Night,Consumption,3706,18:00,18:30,50.09,official_observed_reference,b76bfac1071bfdb2d332ebb352f7df8f81d044fffcb258ac34954d468f836975
2024-04-14,minimum,Day,Generation,156,07:30,08:00,50.08,official_observed_reference,b76bfac1071bfdb2d332ebb352f7df8f81d044fffcb258ac34954d468f836975
2024-04-14,minimum,Day,Consumption,3008,09:30,10:00,50.05,official_observed_reference,b76bfac1071bfdb2d332ebb352f7df8f81d044fffcb258ac34954d468f836975
2024-04-15,maximum,Day,Generation,1105,17:00,17:30,50.04,official_observed_reference,6a91eafa4b7244966905f844c4fb7c564f21c6fbc01e775915f9a84b41ffface
2024-04-15,maximum,Day,Consumption,4632,15:30,16:00,50.01,official_observed_reference,6a91eafa4b7244966905f844c4fb7c564f21c6fbc01e775915f9a84b41ffface
2024-04-15,maximum,Evening,Generation,1556,22:00,22:30,49.85,official_observed_reference,6a91eafa4b7244966905f844c4fb7c564f21c6fbc01e775915f9a84b41ffface
2024-04-15,maximum,Evening,Consumption,5347,23:00,23:30,49.99,official_observed_reference,6a91eafa4b7244966905f844c4fb7c564f21c6fbc01e775915f9a84b41ffface
2024-04-15,maximum,Morning,Generation,678,05:30,06:00,50.06,official_observed_reference,6a91eafa4b7244966905f844c4fb7c564f21c6fbc01e775915f9a84b41ffface
2024-04-15,maximum,Morning,Consumption,3847,05:30,06:00,50.06,official_observed_reference,6a91eafa4b7244966905f844c4fb7c564f21c6fbc01e775915f9a84b41ffface
2024-04-15,minimum,Night,Generation,454,03:30,04:00,50.04,official_observed_reference,6a91eafa4b7244966905f844c4fb7c564f21c6fbc01e775915f9a84b41ffface
2024-04-15,minimum,Night,Consumption,3837,05:00,05:30,49.96,official_observed_reference,6a91eafa4b7244966905f844c4fb7c564f21c6fbc01e775915f9a84b41ffface
2024-04-15,minimum,Day,Generation,345,09:00,09:30,49.93,official_observed_reference,6a91eafa4b7244966905f844c4fb7c564f21c6fbc01e775915f9a84b41ffface
2024-04-15,minimum,Day,Consumption,3673,09:00,09:30,49.93,official_observed_reference,6a91eafa4b7244966905f844c4fb7c564f21c6fbc01e775915f9a84b41ffface
2024-04-16,maximum,Day,Generation,1037,15:30,16:00,50.08,official_observed_reference,7e5e7d8210ae2325f36febd0dc752f48aa4a984ee64c0c5319bcd4f806d1e24d
2024-04-16,maximum,Day,Consumption,4829,16:00,16:30,50.04,official_observed_reference,7e5e7d8210ae2325f36febd0dc752f48aa4a984ee64c0c5319bcd4f806d1e24d
2024-04-16,maximum,Evening,Generation,1559,22:00,22:30,50.03,official_observed_reference,7e5e7d8210ae2325f36febd0dc752f48aa4a984ee64c0c5319bcd4f806d1e24d
2024-04-16,maximum,Evening,Consumption,5482,22:30,23:00,50.03,official_observed_reference,7e5e7d8210ae2325f36febd0dc752f48aa4a984ee64c0c5319bcd4f806d1e24d
2024-04-16,maximum,Morning,Generation,989,06:00,06:30,50.05,official_observed_reference,7e5e7d8210ae2325f36febd0dc752f48aa4a984ee64c0c5319bcd4f806d1e24d
2024-04-16,maximum,Morning,Consumption,4074,05:00,05:30,49.94,official_observed_reference,7e5e7d8210ae2325f36febd0dc752f48aa4a984ee64c0c5319bcd4f806d1e24d
2024-04-16,minimum,Night,Generation,922,18:30,19:00,50.03,official_observed_reference,7e5e7d8210ae2325f36febd0dc752f48aa4a984ee64c0c5319bcd4f806d1e24d
2024-04-16,minimum,Night,Consumption,4074,05:00,05:30,49.94,official_observed_reference,7e5e7d8210ae2325f36febd0dc752f48aa4a984ee64c0c5319bcd4f806d1e24d
2024-04-16,minimum,Day,Generation,438,08:00,08:30,49.98,official_observed_reference,7e5e7d8210ae2325f36febd0dc752f48aa4a984ee64c0c5319bcd4f806d1e24d
2024-04-16,minimum,Day,Consumption,3854,09:00,09:30,50.06,official_observed_reference,7e5e7d8210ae2325f36febd0dc752f48aa4a984ee64c0c5319bcd4f806d1e24d
2024-04-17,maximum,Day,Generation,834,16:00,16:30,50.13,official_observed_reference,c51cb8c964191331201317f502029349bd5d3619222e267c6e4a5031983db0a1
2024-04-17,maximum,Day,Consumption,4802,15:30,16:00,50.00,official_observed_reference,c51cb8c964191331201317f502029349bd5d3619222e267c6e4a5031983db0a1
2024-04-17,maximum,Evening,Generation,1577,22:00,22:30,50.04,official_observed_reference,c51cb8c964191331201317f502029349bd5d3619222e267c6e4a5031983db0a1
2024-04-17,maximum,Evening,Consumption,5483,22:00,22:30,50.04,official_observed_reference,c51cb8c964191331201317f502029349bd5d3619222e267c6e4a5031983db0a1
2024-04-17,maximum,Morning,Generation,917,06:00,06:30,50.08,official_observed_reference,c51cb8c964191331201317f502029349bd5d3619222e267c6e4a5031983db0a1
2024-04-17,maximum,Morning,Consumption,4086,05:30,06:00,50.07,official_observed_reference,c51cb8c964191331201317f502029349bd5d3619222e267c6e4a5031983db0a1
2024-04-17,minimum,Night,Generation,610,18:00,18:30,50.12,official_observed_reference,c51cb8c964191331201317f502029349bd5d3619222e267c6e4a5031983db0a1
2024-04-17,minimum,Night,Consumption,4074,05:00,05:30,49.96,official_observed_reference,c51cb8c964191331201317f502029349bd5d3619222e267c6e4a5031983db0a1
2024-04-17,minimum,Day,Generation,367,08:00,08:30,49.98,official_observed_reference,c51cb8c964191331201317f502029349bd5d3619222e267c6e4a5031983db0a1
2024-04-17,minimum,Day,Consumption,3906,09:00,09:30,50.01,official_observed_reference,c51cb8c964191331201317f502029349bd5d3619222e267c6e4a5031983db0a1
2024-04-18,maximum,Day,Generation,900,16:30,17:00,50.04,official_observed_reference,fa1af46c8dc5e393db44e48526c380c64c646232e9a6e5f39a7287c9ddfac5f8
2024-04-18,maximum,Day,Consumption,4721,15:00,15:30,49.96,official_observed_reference,fa1af46c8dc5e393db44e48526c380c64c646232e9a6e5f39a7287c9ddfac5f8
2024-04-18,maximum,Evening,Generation,1504,22:00,22:30,50.05,official_observed_reference,fa1af46c8dc5e393db44e48526c380c64c646232e9a6e5f39a7287c9ddfac5f8
2024-04-18,maximum,Evening,Consumption,5355,22:00,22:30,50.05,official_observed_reference,fa1af46c8dc5e393db44e48526c380c64c646232e9a6e5f39a7287c9ddfac5f8
2024-04-18,maximum,Morning,Generation,923,06:00,06:30,50.01,official_observed_reference,fa1af46c8dc5e393db44e48526c380c64c646232e9a6e5f39a7287c9ddfac5f8
2024-04-18,maximum,Morning,Consumption,4052,05:00,05:30,50.02,official_observed_reference,fa1af46c8dc5e393db44e48526c380c64c646232e9a6e5f39a7287c9ddfac5f8
2024-04-18,minimum,Night,Generation,671,18:00,18:30,50.11,official_observed_reference,fa1af46c8dc5e393db44e48526c380c64c646232e9a6e5f39a7287c9ddfac5f8
2024-04-18,minimum,Night,Consumption,4052,05:00,05:30,50.02,official_observed_reference,fa1af46c8dc5e393db44e48526c380c64c646232e9a6e5f39a7287c9ddfac5f8
2024-04-18,minimum,Day,Generation,360,11:00,11:30,50.03,official_observed_reference,fa1af46c8dc5e393db44e48526c380c64c646232e9a6e5f39a7287c9ddfac5f8
2024-04-18,minimum,Day,Consumption,3946,09:00,09:30,49.95,official_observed_reference,fa1af46c8dc5e393db44e48526c380c64c646232e9a6e5f39a7287c9ddfac5f8
2024-04-19,maximum,Day,Generation,885,17:30,18:00,50.03,official_observed_reference,f2739cfa0615aee7db9d78aeecbf4233faf70a3e47867bbf63db2968562e8415
2024-04-19,maximum,Day,Consumption,4828,15:00,15:30,50.04,official_observed_reference,f2739cfa0615aee7db9d78aeecbf4233faf70a3e47867bbf63db2968562e8415
2024-04-19,maximum,Evening,Generation,1633,22:00,22:30,50.04,official_observed_reference,f2739cfa0615aee7db9d78aeecbf4233faf70a3e47867bbf63db2968562e8415
2024-04-19,maximum,Evening,Consumption,5434,22:00,22:30,50.04,official_observed_reference,f2739cfa0615aee7db9d78aeecbf4233faf70a3e47867bbf63db2968562e8415
2024-04-19,maximum,Morning,Generation,764,06:00,06:30,50.07,official_observed_reference,f2739cfa0615aee7db9d78aeecbf4233faf70a3e47867bbf63db2968562e8415
2024-04-19,maximum,Morning,Consumption,4057,05:00,05:30,50.00,official_observed_reference,f2739cfa0615aee7db9d78aeecbf4233faf70a3e47867bbf63db2968562e8415
2024-04-19,minimum,Night,Generation,659,05:00,05:30,50.00,official_observed_reference,f2739cfa0615aee7db9d78aeecbf4233faf70a3e47867bbf63db2968562e8415
2024-04-19,minimum,Night,Consumption,4057,05:00,05:30,50.00,official_observed_reference,f2739cfa0615aee7db9d78aeecbf4233faf70a3e47867bbf63db2968562e8415
2024-04-19,minimum,Day,Generation,297,08:00,08:30,50.04,official_observed_reference,f2739cfa0615aee7db9d78aeecbf4233faf70a3e47867bbf63db2968562e8415
2024-04-19,minimum,Day,Consumption,3947,09:00,09:30,50.11,official_observed_reference,f2739cfa0615aee7db9d78aeecbf4233faf70a3e47867bbf63db2968562e8415
2024-04-20,maximum,Day,Generation,573,17:30,18:00,50.15,official_observed_reference,134a620228aa8993e5c65769ba69ece4dcabf249ff0fa6ec373728c9c5b2cc49
2024-04-20,maximum,Day,Consumption,4593,15:00,15:30,50.07,official_observed_reference,134a620228aa8993e5c65769ba69ece4dcabf249ff0fa6ec373728c9c5b2cc49
2024-04-20,maximum,Evening,Generation,1536,22:00,22:30,50.01,official_observed_reference,134a620228aa8993e5c65769ba69ece4dcabf249ff0fa6ec373728c9c5b2cc49
2024-04-20,maximum,Evening,Consumption,5288,22:30,23:00,49.95,official_observed_reference,134a620228aa8993e5c65769ba69ece4dcabf249ff0fa6ec373728c9c5b2cc49
2024-04-20,maximum,Morning,Generation,522,06:30,07:00,50.11,official_observed_reference,134a620228aa8993e5c65769ba69ece4dcabf249ff0fa6ec373728c9c5b2cc49
2024-04-20,maximum,Morning,Consumption,3987,05:00,05:30,49.98,official_observed_reference,134a620228aa8993e5c65769ba69ece4dcabf249ff0fa6ec373728c9c5b2cc49
2024-04-20,minimum,Night,Generation,492,05:00,05:30,49.98,official_observed_reference,134a620228aa8993e5c65769ba69ece4dcabf249ff0fa6ec373728c9c5b2cc49
2024-04-20,minimum,Night,Consumption,3987,05:00,05:30,49.98,official_observed_reference,134a620228aa8993e5c65769ba69ece4dcabf249ff0fa6ec373728c9c5b2cc49
2024-04-20,minimum,Day,Generation,235,08:00,08:30,49.99,official_observed_reference,134a620228aa8993e5c65769ba69ece4dcabf249ff0fa6ec373728c9c5b2cc49
2024-04-20,minimum,Day,Consumption,3860,09:00,09:30,49.93,official_observed_reference,134a620228aa8993e5c65769ba69ece4dcabf249ff0fa6ec373728c9c5b2cc49
2024-04-21,maximum,Day,Generation,303,15:00,15:30,50,official_observed_reference,25dc153f807db4ecc113ab74769f59e1409f7a12c283c535862dff654f859c75
2024-04-21,maximum,Day,Consumption,4057,15:00,15:30,50.00,official_observed_reference,25dc153f807db4ecc113ab74769f59e1409f7a12c283c535862dff654f859c75
2024-04-21,maximum,Evening,Generation,1458,22:00,22:30,49.99,official_observed_reference,25dc153f807db4ecc113ab74769f59e1409f7a12c283c535862dff654f859c75
2024-04-21,maximum,Evening,Consumption,5097,22:30,23:00,50.04,official_observed_reference,25dc153f807db4ecc113ab74769f59e1409f7a12c283c535862dff654f859c75
2024-04-21,maximum,Morning,Generation,537,05:00,05:30,49.97,official_observed_reference,25dc153f807db4ecc113ab74769f59e1409f7a12c283c535862dff654f859c75
2024-04-21,maximum,Morning,Consumption,3940,05:00,05:30,49.97,official_observed_reference,25dc153f807db4ecc113ab74769f59e1409f7a12c283c535862dff654f859c75
2024-04-21,minimum,Night,Generation,226,17:30,18:00,50.03,official_observed_reference,25dc153f807db4ecc113ab74769f59e1409f7a12c283c535862dff654f859c75
2024-04-21,minimum,Night,Consumption,3773,18:00,18:30,49.96,official_observed_reference,25dc153f807db4ecc113ab74769f59e1409f7a12c283c535862dff654f859c75
2024-04-21,minimum,Day,Generation,140,07:30,08:00,50.09,official_observed_reference,25dc153f807db4ecc113ab74769f59e1409f7a12c283c535862dff654f859c75
2024-04-21,minimum,Day,Consumption,3294,10:30,11:00,49.98,official_observed_reference,25dc153f807db4ecc113ab74769f59e1409f7a12c283c535862dff654f859c75
2024-04-22,maximum,Day,Generation,647,15:30,16:00,50.1,official_observed_reference,bb3afb7f845c0d0876d322e9f83a83b89e06b6f85cc084c6f68f925c232b21ea
2024-04-22,maximum,Day,Consumption,4714,15:30,16:00,50.10,official_observed_reference,bb3afb7f845c0d0876d322e9f83a83b89e06b6f85cc084c6f68f925c232b21ea
2024-04-22,maximum,Evening,Generation,1459,22:00,22:30,50.02,official_observed_reference,bb3afb7f845c0d0876d322e9f83a83b89e06b6f85cc084c6f68f925c232b21ea
2024-04-22,maximum,Evening,Consumption,5289,22:30,23:00,50.05,official_observed_reference,bb3afb7f845c0d0876d322e9f83a83b89e06b6f85cc084c6f68f925c232b21ea
2024-04-22,maximum,Morning,Generation,493,06:30,07:00,50.06,official_observed_reference,bb3afb7f845c0d0876d322e9f83a83b89e06b6f85cc084c6f68f925c232b21ea
2024-04-22,maximum,Morning,Consumption,3869,05:00,05:30,50.06,official_observed_reference,bb3afb7f845c0d0876d322e9f83a83b89e06b6f85cc084c6f68f925c232b21ea
2024-04-22,minimum,Night,Generation,369,05:00,05:30,50.06,official_observed_reference,bb3afb7f845c0d0876d322e9f83a83b89e06b6f85cc084c6f68f925c232b21ea
2024-04-22,minimum,Night,Consumption,3784,04:30,05:00,49.95,official_observed_reference,bb3afb7f845c0d0876d322e9f83a83b89e06b6f85cc084c6f68f925c232b21ea
2024-04-22,minimum,Day,Generation,203,07:30,08:00,50.09,official_observed_reference,bb3afb7f845c0d0876d322e9f83a83b89e06b6f85cc084c6f68f925c232b21ea
2024-04-22,minimum,Day,Consumption,3849,09:00,09:30,50.01,official_observed_reference,bb3afb7f845c0d0876d322e9f83a83b89e06b6f85cc084c6f68f925c232b21ea
2024-04-23,maximum,Day,Generation,720,16:30,17:00,50.08,official_observed_reference,90336efae7a90d8635cc6c8aee4eeeb8764e162e6715d1b99cfa88c420e97839
2024-04-23,maximum,Day,Consumption,4782,14:30,15:00,50.04,official_observed_reference,90336efae7a90d8635cc6c8aee4eeeb8764e162e6715d1b99cfa88c420e97839
2024-04-23,maximum,Evening,Generation,1455,22:00,22:30,50.05,official_observed_reference,90336efae7a90d8635cc6c8aee4eeeb8764e162e6715d1b99cfa88c420e97839
2024-04-23,maximum,Evening,Consumption,5424,22:30,23:00,50.02,official_observed_reference,90336efae7a90d8635cc6c8aee4eeeb8764e162e6715d1b99cfa88c420e97839
2024-04-23,maximum,Morning,Generation,475,05:30,06:00,50.03,official_observed_reference,90336efae7a90d8635cc6c8aee4eeeb8764e162e6715d1b99cfa88c420e97839
2024-04-23,maximum,Morning,Consumption,3893,05:30,06:00,50.03,official_observed_reference,90336efae7a90d8635cc6c8aee4eeeb8764e162e6715d1b99cfa88c420e97839
2024-04-23,minimum,Night,Generation,400,04:30,05:00,50.02,official_observed_reference,90336efae7a90d8635cc6c8aee4eeeb8764e162e6715d1b99cfa88c420e97839
2024-04-23,minimum,Night,Consumption,3882,05:00,05:30,50.04,official_observed_reference,90336efae7a90d8635cc6c8aee4eeeb8764e162e6715d1b99cfa88c420e97839
2024-04-23,minimum,Day,Generation,262,08:00,08:30,50.02,official_observed_reference,90336efae7a90d8635cc6c8aee4eeeb8764e162e6715d1b99cfa88c420e97839
2024-04-23,minimum,Day,Consumption,3821,09:00,09:30,50.10,official_observed_reference,90336efae7a90d8635cc6c8aee4eeeb8764e162e6715d1b99cfa88c420e97839
2024-04-24,maximum,Day,Generation,929,16:30,17:00,50.07,official_observed_reference,388c05183443dbf8d7b59d325dadf74db2b2dd721fc4c8c56cedce4e15b92f4f
2024-04-24,maximum,Day,Consumption,4810,15:00,15:30,49.90,official_observed_reference,388c05183443dbf8d7b59d325dadf74db2b2dd721fc4c8c56cedce4e15b92f4f
2024-04-24,maximum,Evening,Generation,1564,22:00,22:30,50.04,official_observed_reference,388c05183443dbf8d7b59d325dadf74db2b2dd721fc4c8c56cedce4e15b92f4f
2024-04-24,maximum,Evening,Consumption,5454,22:00,22:30,50.04,official_observed_reference,388c05183443dbf8d7b59d325dadf74db2b2dd721fc4c8c56cedce4e15b92f4f
2024-04-24,maximum,Morning,Generation,592,05:00,05:30,50,official_observed_reference,388c05183443dbf8d7b59d325dadf74db2b2dd721fc4c8c56cedce4e15b92f4f
2024-04-24,maximum,Morning,Consumption,4004,05:00,05:30,50.00,official_observed_reference,388c05183443dbf8d7b59d325dadf74db2b2dd721fc4c8c56cedce4e15b92f4f
2024-04-24,minimum,Night,Generation,570,18:00,18:30,50.14,official_observed_reference,388c05183443dbf8d7b59d325dadf74db2b2dd721fc4c8c56cedce4e15b92f4f
2024-04-24,minimum,Night,Consumption,4004,04:30,05:00,50.06,official_observed_reference,388c05183443dbf8d7b59d325dadf74db2b2dd721fc4c8c56cedce4e15b92f4f
2024-04-24,minimum,Day,Generation,275,07:30,08:00,50.22,official_observed_reference,388c05183443dbf8d7b59d325dadf74db2b2dd721fc4c8c56cedce4e15b92f4f
2024-04-24,minimum,Day,Consumption,3945,09:00,09:30,49.94,official_observed_reference,388c05183443dbf8d7b59d325dadf74db2b2dd721fc4c8c56cedce4e15b92f4f
2024-04-25,maximum,Day,Generation,974,17:00,17:30,50.09,official_observed_reference,e53f591ba296d12517939e8dfadb91d5f81d83fdfe5e477991022f3b30729a8a
2024-04-25,maximum,Day,Consumption,4927,15:30,16:00,50.10,official_observed_reference,e53f591ba296d12517939e8dfadb91d5f81d83fdfe5e477991022f3b30729a8a
2024-04-25,maximum,Evening,Generation,1647,22:00,22:30,49.99,official_observed_reference,e53f591ba296d12517939e8dfadb91d5f81d83fdfe5e477991022f3b30729a8a
2024-04-25,maximum,Evening,Consumption,5559,22:30,23:00,49.95,official_observed_reference,e53f591ba296d12517939e8dfadb91d5f81d83fdfe5e477991022f3b30729a8a
2024-04-25,maximum,Morning,Generation,516,05:00,05:30,50.04,official_observed_reference,e53f591ba296d12517939e8dfadb91d5f81d83fdfe5e477991022f3b30729a8a
2024-04-25,maximum,Morning,Consumption,3971,05:00,05:30,50.04,official_observed_reference,e53f591ba296d12517939e8dfadb91d5f81d83fdfe5e477991022f3b30729a8a
2024-04-25,minimum,Night,Generation,516,05:00,05:30,50.04,official_observed_reference,e53f591ba296d12517939e8dfadb91d5f81d83fdfe5e477991022f3b30729a8a
2024-04-25,minimum,Night,Consumption,3945,04:00,04:30,50.00,official_observed_reference,e53f591ba296d12517939e8dfadb91d5f81d83fdfe5e477991022f3b30729a8a
2024-04-25,minimum,Day,Generation,324,08:00,08:30,49.97,official_observed_reference,e53f591ba296d12517939e8dfadb91d5f81d83fdfe5e477991022f3b30729a8a
2024-04-25,minimum,Day,Consumption,3899,09:00,09:30,50.01,official_observed_reference,e53f591ba296d12517939e8dfadb91d5f81d83fdfe5e477991022f3b30729a8a
2024-04-26,maximum,Day,Generation,506,15:00,15:30,50.14,official_observed_reference,c145a5d22fe0a9c3f6923cc9859b48eac820c7ca3786cbbc3637dc4df8bafe90
2024-04-26,maximum,Day,Consumption,4359,15:30,16:00,50.03,official_observed_reference,c145a5d22fe0a9c3f6923cc9859b48eac820c7ca3786cbbc3637dc4df8bafe90
2024-04-26,maximum,Evening,Generation,1627,22:00,22:30,50.03,official_observed_reference,c145a5d22fe0a9c3f6923cc9859b48eac820c7ca3786cbbc3637dc4df8bafe90
2024-04-26,maximum,Evening,Consumption,5608,22:30,23:00,50.03,official_observed_reference,c145a5d22fe0a9c3f6923cc9859b48eac820c7ca3786cbbc3637dc4df8bafe90
2024-04-26,maximum,Morning,Generation,1019,06:00,06:30,50.01,official_observed_reference,c145a5d22fe0a9c3f6923cc9859b48eac820c7ca3786cbbc3637dc4df8bafe90
2024-04-26,maximum,Morning,Consumption,4196,05:00,05:30,49.92,official_observed_reference,c145a5d22fe0a9c3f6923cc9859b48eac820c7ca3786cbbc3637dc4df8bafe90
2024-04-26,minimum,Night,Generation,498,17:30,18:00,50.01,official_observed_reference,c145a5d22fe0a9c3f6923cc9859b48eac820c7ca3786cbbc3637dc4df8bafe90
2024-04-26,minimum,Night,Consumption,4103,18:00,18:30,50.13,official_observed_reference,c145a5d22fe0a9c3f6923cc9859b48eac820c7ca3786cbbc3637dc4df8bafe90
2024-04-26,minimum,Day,Generation,199,08:00,08:30,50.00,official_observed_reference,c145a5d22fe0a9c3f6923cc9859b48eac820c7ca3786cbbc3637dc4df8bafe90
2024-04-26,minimum,Day,Consumption,3476,09:00,09:30,49.96,official_observed_reference,c145a5d22fe0a9c3f6923cc9859b48eac820c7ca3786cbbc3637dc4df8bafe90
2024-04-27,maximum,Day,Generation,1158,16:30,17:00,50.03,official_observed_reference,1a50f318b72f73b9a253d68ebfb5ba1cfb68b1dc865747e45b239c9e0a08f9d5
2024-04-27,maximum,Day,Consumption,4889,15:30,16:00,50.07,official_observed_reference,1a50f318b72f73b9a253d68ebfb5ba1cfb68b1dc865747e45b239c9e0a08f9d5
2024-04-27,maximum,Evening,Generation,1621,21:30,22:00,50.09,official_observed_reference,1a50f318b72f73b9a253d68ebfb5ba1cfb68b1dc865747e45b239c9e0a08f9d5
2024-04-27,maximum,Evening,Consumption,5563,22:00,22:30,49.96,official_observed_reference,1a50f318b72f73b9a253d68ebfb5ba1cfb68b1dc865747e45b239c9e0a08f9d5
2024-04-27,maximum,Morning,Generation,776,05:30,06:00,50.06,official_observed_reference,1a50f318b72f73b9a253d68ebfb5ba1cfb68b1dc865747e45b239c9e0a08f9d5
2024-04-27,maximum,Morning,Consumption,4127,05:00,05:30,50.02,official_observed_reference,1a50f318b72f73b9a253d68ebfb5ba1cfb68b1dc865747e45b239c9e0a08f9d5
2024-04-27,minimum,Night,Generation,770,05:00,05:30,50.02,official_observed_reference,1a50f318b72f73b9a253d68ebfb5ba1cfb68b1dc865747e45b239c9e0a08f9d5
2024-04-27,minimum,Night,Consumption,4127,05:00,05:30,50.02,official_observed_reference,1a50f318b72f73b9a253d68ebfb5ba1cfb68b1dc865747e45b239c9e0a08f9d5
2024-04-27,minimum,Day,Generation,309,08:00,08:30,50.02,official_observed_reference,1a50f318b72f73b9a253d68ebfb5ba1cfb68b1dc865747e45b239c9e0a08f9d5
2024-04-27,minimum,Day,Consumption,3884,09:00,09:30,49.97,official_observed_reference,1a50f318b72f73b9a253d68ebfb5ba1cfb68b1dc865747e45b239c9e0a08f9d5
2024-04-28,maximum,Day,Generation,639,17:30,18:00,50.11,official_observed_reference,eb256bea9d01d1723b382c1e4fc5c56aee730b89eb897fb1496a8cad26b31307
2024-04-28,maximum,Day,Consumption,4384,15:30,16:00,50.12,official_observed_reference,eb256bea9d01d1723b382c1e4fc5c56aee730b89eb897fb1496a8cad26b31307
2024-04-28,maximum,Evening,Generation,1594,22:00,22:30,50.06,official_observed_reference,eb256bea9d01d1723b382c1e4fc5c56aee730b89eb897fb1496a8cad26b31307
2024-04-28,maximum,Evening,Consumption,5516,22:00,22:30,50.06,official_observed_reference,eb256bea9d01d1723b382c1e4fc5c56aee730b89eb897fb1496a8cad26b31307
2024-04-28,maximum,Morning,Generation,964,05:00,05:30,50,official_observed_reference,eb256bea9d01d1723b382c1e4fc5c56aee730b89eb897fb1496a8cad26b31307
2024-04-28,maximum,Morning,Consumption,4277,05:00,05:30,50.00,official_observed_reference,eb256bea9d01d1723b382c1e4fc5c56aee730b89eb897fb1496a8cad26b31307
2024-04-28,minimum,Night,Generation,514,18:00,18:30,50.11,official_observed_reference,eb256bea9d01d1723b382c1e4fc5c56aee730b89eb897fb1496a8cad26b31307
2024-04-28,minimum,Night,Consumption,4078,18:00,18:30,50.11,official_observed_reference,eb256bea9d01d1723b382c1e4fc5c56aee730b89eb897fb1496a8cad26b31307
2024-04-28,minimum,Day,Generation,266,09:00,09:30,50.08,official_observed_reference,eb256bea9d01d1723b382c1e4fc5c56aee730b89eb897fb1496a8cad26b31307
2024-04-28,minimum,Day,Consumption,3496,10:30,11:00,50.08,official_observed_reference,eb256bea9d01d1723b382c1e4fc5c56aee730b89eb897fb1496a8cad26b31307
2024-04-29,maximum,Day,Generation,1206,17:30,18:00,50.06,official_observed_reference,d1048ec78152215d0ca59154a04f1464b39685ce57a2c5f80a841e211a8d5817
2024-04-29,maximum,Day,Consumption,5087,15:00,15:30,50.08,official_observed_reference,d1048ec78152215d0ca59154a04f1464b39685ce57a2c5f80a841e211a8d5817
2024-04-29,maximum,Evening,Generation,1583,21:30,22:00,50.11,official_observed_reference,d1048ec78152215d0ca59154a04f1464b39685ce57a2c5f80a841e211a8d5817
2024-04-29,maximum,Evening,Consumption,5646,21:30,22:00,50.11,official_observed_reference,d1048ec78152215d0ca59154a04f1464b39685ce57a2c5f80a841e211a8d5817
2024-04-29,maximum,Morning,Generation,858,05:00,05:30,49.95,official_observed_reference,d1048ec78152215d0ca59154a04f1464b39685ce57a2c5f80a841e211a8d5817
2024-04-29,maximum,Morning,Consumption,4170,05:00,05:30,49.95,official_observed_reference,d1048ec78152215d0ca59154a04f1464b39685ce57a2c5f80a841e211a8d5817
2024-04-29,minimum,Night,Generation,858,05:00,05:30,49.95,official_observed_reference,d1048ec78152215d0ca59154a04f1464b39685ce57a2c5f80a841e211a8d5817
2024-04-29,minimum,Night,Consumption,4170,05:00,05:30,49.95,official_observed_reference,d1048ec78152215d0ca59154a04f1464b39685ce57a2c5f80a841e211a8d5817
2024-04-29,minimum,Day,Generation,417,08:30,09:00,50.04,official_observed_reference,d1048ec78152215d0ca59154a04f1464b39685ce57a2c5f80a841e211a8d5817
2024-04-29,minimum,Day,Consumption,4025,09:00,09:30,49.97,official_observed_reference,d1048ec78152215d0ca59154a04f1464b39685ce57a2c5f80a841e211a8d5817
2024-04-30,maximum,Day,Generation,1037,15:00,15:30,50.01,official_observed_reference,df606b219185dbc0c25cf1cc073cca52a2da99a3978414ec7bfeafe201fe3d31
2024-04-30,maximum,Day,Consumption,4993,15:00,15:30,50.01,official_observed_reference,df606b219185dbc0c25cf1cc073cca52a2da99a3978414ec7bfeafe201fe3d31
2024-04-30,maximum,Evening,Generation,1601,22:00,22:30,50.06,official_observed_reference,df606b219185dbc0c25cf1cc073cca52a2da99a3978414ec7bfeafe201fe3d31
2024-04-30,maximum,Evening,Consumption,5476,22:30,23:00,50.03,official_observed_reference,df606b219185dbc0c25cf1cc073cca52a2da99a3978414ec7bfeafe201fe3d31
2024-04-30,maximum,Morning,Generation,985,05:00,05:30,49.96,official_observed_reference,df606b219185dbc0c25cf1cc073cca52a2da99a3978414ec7bfeafe201fe3d31
2024-04-30,maximum,Morning,Consumption,4319,05:00,05:30,49.96,official_observed_reference,df606b219185dbc0c25cf1cc073cca52a2da99a3978414ec7bfeafe201fe3d31
2024-04-30,minimum,Night,Generation,738,18:00,18:30,50.10,official_observed_reference,df606b219185dbc0c25cf1cc073cca52a2da99a3978414ec7bfeafe201fe3d31
2024-04-30,minimum,Night,Consumption,4319,05:00,05:30,49.96,official_observed_reference,df606b219185dbc0c25cf1cc073cca52a2da99a3978414ec7bfeafe201fe3d31
2024-04-30,minimum,Day,Generation,451,08:30,09:00,50.06,official_observed_reference,df606b219185dbc0c25cf1cc073cca52a2da99a3978414ec7bfeafe201fe3d31
2024-04-30,minimum,Day,Consumption,4184,09:00,09:30,49.98,official_observed_reference,df606b219185dbc0c25cf1cc073cca52a2da99a3978414ec7bfeafe201fe3d31
2024-05-01,maximum,Day,Generation,744,15:30,16:00,50.05,official_observed_reference,b2ba4440bfeda2a6db24d41a5dc049443b9496865fd666d4aae42a45c9132743
2024-05-01,maximum,Day,Consumption,4677,15:00,15:30,50.03,official_observed_reference,b2ba4440bfeda2a6db24d41a5dc049443b9496865fd666d4aae42a45c9132743
2024-05-01,maximum,Evening,Generation,1594,22:00,22:30,50.06,official_observed_reference,b2ba4440bfeda2a6db24d41a5dc049443b9496865fd666d4aae42a45c9132743
2024-05-01,maximum,Evening,Consumption,5607,22:30,23:00,50.02,official_observed_reference,b2ba4440bfeda2a6db24d41a5dc049443b9496865fd666d4aae42a45c9132743
2024-05-01,maximum,Morning,Generation,659,05:00,05:30,50.02,official_observed_reference,b2ba4440bfeda2a6db24d41a5dc049443b9496865fd666d4aae42a45c9132743
2024-05-01,maximum,Morning,Consumption,4100,05:00,05:30,50.02,official_observed_reference,b2ba4440bfeda2a6db24d41a5dc049443b9496865fd666d4aae42a45c9132743
2024-05-01,minimum,Night,Generation,311,18:00,18:30,50.09,official_observed_reference,b2ba4440bfeda2a6db24d41a5dc049443b9496865fd666d4aae42a45c9132743
2024-05-01,minimum,Night,Consumption,4100,05:00,05:30,50.02,official_observed_reference,b2ba4440bfeda2a6db24d41a5dc049443b9496865fd666d4aae42a45c9132743
2024-05-01,minimum,Day,Generation,183,07:30,08:00,50.11,official_observed_reference,b2ba4440bfeda2a6db24d41a5dc049443b9496865fd666d4aae42a45c9132743
2024-05-01,minimum,Day,Consumption,3694,09:00,09:30,49.95,official_observed_reference,b2ba4440bfeda2a6db24d41a5dc049443b9496865fd666d4aae42a45c9132743
2024-05-02,maximum,Day,Generation,1170,16:30,17:00,50.05,official_observed_reference,fb4085805ee395e102b8ec8d89353c8dce52fb540cc109f6a108d13cb5710822
2024-05-02,maximum,Day,Consumption,5084,15:00,15:30,50.05,official_observed_reference,fb4085805ee395e102b8ec8d89353c8dce52fb540cc109f6a108d13cb5710822
2024-05-02,maximum,Evening,Generation,1617,22:00,22:30,50.04,official_observed_reference,fb4085805ee395e102b8ec8d89353c8dce52fb540cc109f6a108d13cb5710822
2024-05-02,maximum,Evening,Consumption,5797,22:00,22:30,50.04,official_observed_reference,fb4085805ee395e102b8ec8d89353c8dce52fb540cc109f6a108d13cb5710822
2024-05-02,maximum,Morning,Generation,720,05:00,05:30,50.05,official_observed_reference,fb4085805ee395e102b8ec8d89353c8dce52fb540cc109f6a108d13cb5710822
2024-05-02,maximum,Morning,Consumption,4166,05:00,05:30,50.05,official_observed_reference,fb4085805ee395e102b8ec8d89353c8dce52fb540cc109f6a108d13cb5710822
2024-05-02,minimum,Night,Generation,636,04:30,05:00,49.98,official_observed_reference,fb4085805ee395e102b8ec8d89353c8dce52fb540cc109f6a108d13cb5710822
2024-05-02,minimum,Night,Consumption,4166,05:00,05:30,50.05,official_observed_reference,fb4085805ee395e102b8ec8d89353c8dce52fb540cc109f6a108d13cb5710822
2024-05-02,minimum,Day,Generation,344,08:30,09:00,50.00,official_observed_reference,fb4085805ee395e102b8ec8d89353c8dce52fb540cc109f6a108d13cb5710822
2024-05-02,minimum,Day,Consumption,4063,09:00,09:30,49.91,official_observed_reference,fb4085805ee395e102b8ec8d89353c8dce52fb540cc109f6a108d13cb5710822
2024-05-03,maximum,Day,Generation,1187,15:30,16:00,49.87,official_observed_reference,25c123163c958e55f36a9448c56a3f4949f8827adbaa5fcfc677c9f3ed11bc5d
2024-05-03,maximum,Day,Consumption,5111,15:00,15:30,50.02,official_observed_reference,25c123163c958e55f36a9448c56a3f4949f8827adbaa5fcfc677c9f3ed11bc5d
2024-05-03,maximum,Evening,Generation,1554,22:00,22:30,50.09,official_observed_reference,25c123163c958e55f36a9448c56a3f4949f8827adbaa5fcfc677c9f3ed11bc5d
2024-05-03,maximum,Evening,Consumption,5635,22:30,23:00,50.06,official_observed_reference,25c123163c958e55f36a9448c56a3f4949f8827adbaa5fcfc677c9f3ed11bc5d
2024-05-03,maximum,Morning,Generation,930,05:00,05:30,50.03,official_observed_reference,25c123163c958e55f36a9448c56a3f4949f8827adbaa5fcfc677c9f3ed11bc5d
2024-05-03,maximum,Morning,Consumption,4515,05:00,05:30,50.03,official_observed_reference,25c123163c958e55f36a9448c56a3f4949f8827adbaa5fcfc677c9f3ed11bc5d
2024-05-03,minimum,Night,Generation,616,18:00,18:30,50.06,official_observed_reference,25c123163c958e55f36a9448c56a3f4949f8827adbaa5fcfc677c9f3ed11bc5d
2024-05-03,minimum,Night,Consumption,4438,18:00,18:30,50.06,official_observed_reference,25c123163c958e55f36a9448c56a3f4949f8827adbaa5fcfc677c9f3ed11bc5d
2024-05-03,minimum,Day,Generation,368,08:30,09:00,50.07,official_observed_reference,25c123163c958e55f36a9448c56a3f4949f8827adbaa5fcfc677c9f3ed11bc5d
2024-05-03,minimum,Day,Consumption,4378,09:30,10:00,50.03,official_observed_reference,25c123163c958e55f36a9448c56a3f4949f8827adbaa5fcfc677c9f3ed11bc5d
2024-05-04,maximum,Day,Generation,1039,17:30,18:00,50.08,official_observed_reference,e785a4ffaa48be1542af0153a1d448905eabf53e56f63a31335ef0f368056f80
2024-05-04,maximum,Day,Consumption,4912,15:30,16:00,50.06,official_observed_reference,e785a4ffaa48be1542af0153a1d448905eabf53e56f63a31335ef0f368056f80
2024-05-04,maximum,Evening,Generation,1581,22:00,22:30,50.01,official_observed_reference,e785a4ffaa48be1542af0153a1d448905eabf53e56f63a31335ef0f368056f80
2024-05-04,maximum,Evening,Consumption,5754,22:30,23:00,50.00,official_observed_reference,e785a4ffaa48be1542af0153a1d448905eabf53e56f63a31335ef0f368056f80
2024-05-04,maximum,Morning,Generation,713,05:30,06:00,50.06,official_observed_reference,e785a4ffaa48be1542af0153a1d448905eabf53e56f63a31335ef0f368056f80
2024-05-04,maximum,Morning,Consumption,4250,05:00,05:30,50.00,official_observed_reference,e785a4ffaa48be1542af0153a1d448905eabf53e56f63a31335ef0f368056f80
2024-05-04,minimum,Night,Generation,711,05:00,05:30,50.00,official_observed_reference,e785a4ffaa48be1542af0153a1d448905eabf53e56f63a31335ef0f368056f80
2024-05-04,minimum,Night,Consumption,4250,05:00,05:30,50.00,official_observed_reference,e785a4ffaa48be1542af0153a1d448905eabf53e56f63a31335ef0f368056f80
2024-05-04,minimum,Day,Generation,276,07:30,08:00,49.94,official_observed_reference,e785a4ffaa48be1542af0153a1d448905eabf53e56f63a31335ef0f368056f80
2024-05-04,minimum,Day,Consumption,4076,09:00,09:30,50.07,official_observed_reference,e785a4ffaa48be1542af0153a1d448905eabf53e56f63a31335ef0f368056f80
2024-05-05,maximum,Day,Generation,317,14:30,15:00,49.99,official_observed_reference,d135347534d19ec82772ac0e094ce5956ba73fb6a3f3a3ec193a7f91920b6ef7
2024-05-05,maximum,Day,Consumption,4212,15:30,16:00,50.01,official_observed_reference,d135347534d19ec82772ac0e094ce5956ba73fb6a3f3a3ec193a7f91920b6ef7
2024-05-05,maximum,Evening,Generation,1271,22:00,22:30,50.03,official_observed_reference,d135347534d19ec82772ac0e094ce5956ba73fb6a3f3a3ec193a7f91920b6ef7
2024-05-05,maximum,Evening,Consumption,5482,22:30,23:00,49.99,official_observed_reference,d135347534d19ec82772ac0e094ce5956ba73fb6a3f3a3ec193a7f91920b6ef7
2024-05-05,maximum,Morning,Generation,804,05:00,05:30,50.01,official_observed_reference,d135347534d19ec82772ac0e094ce5956ba73fb6a3f3a3ec193a7f91920b6ef7
2024-05-05,maximum,Morning,Consumption,4280,05:00,05:30,50.01,official_observed_reference,d135347534d19ec82772ac0e094ce5956ba73fb6a3f3a3ec193a7f91920b6ef7
2024-05-05,minimum,Night,Generation,155,17:30,18:00,50.17,official_observed_reference,d135347534d19ec82772ac0e094ce5956ba73fb6a3f3a3ec193a7f91920b6ef7
2024-05-05,minimum,Night,Consumption,3875,18:00,18:30,50.11,official_observed_reference,d135347534d19ec82772ac0e094ce5956ba73fb6a3f3a3ec193a7f91920b6ef7
2024-05-05,minimum,Day,Generation,154,08:00,08:30,50.17,official_observed_reference,d135347534d19ec82772ac0e094ce5956ba73fb6a3f3a3ec193a7f91920b6ef7
2024-05-05,minimum,Day,Consumption,3452,11:30,12:00,49.98,official_observed_reference,d135347534d19ec82772ac0e094ce5956ba73fb6a3f3a3ec193a7f91920b6ef7
2024-05-06,maximum,Day,Generation,805,17:30,18:00,50.11,official_observed_reference,704433f5cc387fb4079e3f987e6497fc93a44f59f79a70beadef17c67e7ba85c
2024-05-06,maximum,Day,Consumption,4890,15:30,16:00,50.06,official_observed_reference,704433f5cc387fb4079e3f987e6497fc93a44f59f79a70beadef17c67e7ba85c
2024-05-06,maximum,Evening,Generation,1368,22:00,22:30,50.06,official_observed_reference,704433f5cc387fb4079e3f987e6497fc93a44f59f79a70beadef17c67e7ba85c
2024-05-06,maximum,Evening,Consumption,5639,22:30,23:00,50.08,official_observed_reference,704433f5cc387fb4079e3f987e6497fc93a44f59f79a70beadef17c67e7ba85c
2024-05-06,maximum,Morning,Generation,521,05:30,06:00,49.94,official_observed_reference,704433f5cc387fb4079e3f987e6497fc93a44f59f79a70beadef17c67e7ba85c
2024-05-06,maximum,Morning,Consumption,4150,05:00,05:30,49.95,official_observed_reference,704433f5cc387fb4079e3f987e6497fc93a44f59f79a70beadef17c67e7ba85c
2024-05-06,minimum,Night,Generation,430,04:00,04:30,49.95,official_observed_reference,704433f5cc387fb4079e3f987e6497fc93a44f59f79a70beadef17c67e7ba85c
2024-05-06,minimum,Night,Consumption,4146,04:30,05:00,50.03,official_observed_reference,704433f5cc387fb4079e3f987e6497fc93a44f59f79a70beadef17c67e7ba85c
2024-05-06,minimum,Day,Generation,203,07:00,07:30,50.01,official_observed_reference,704433f5cc387fb4079e3f987e6497fc93a44f59f79a70beadef17c67e7ba85c
2024-05-06,minimum,Day,Consumption,3982,09:00,09:30,50.03,official_observed_reference,704433f5cc387fb4079e3f987e6497fc93a44f59f79a70beadef17c67e7ba85c
2024-05-07,maximum,Day,Generation,566,14:30,15:00,50.14,official_observed_reference,d555c57544ebd8b7113751e6861f1e66f7e2b04d96407deb943488827a562926
2024-05-07,maximum,Day,Consumption,4823,16:00,16:30,50.19,official_observed_reference,d555c57544ebd8b7113751e6861f1e66f7e2b04d96407deb943488827a562926
2024-05-07,maximum,Evening,Generation,1532,22:00,22:30,50.05,official_observed_reference,d555c57544ebd8b7113751e6861f1e66f7e2b04d96407deb943488827a562926
2024-05-07,maximum,Evening,Consumption,5728,22:30,23:00,50.05,official_observed_reference,d555c57544ebd8b7113751e6861f1e66f7e2b04d96407deb943488827a562926
2024-05-07,maximum,Morning,Generation,502,05:00,05:30,50.06,official_observed_reference,d555c57544ebd8b7113751e6861f1e66f7e2b04d96407deb943488827a562926
2024-05-07,maximum,Morning,Consumption,4051,05:00,05:30,50.06,official_observed_reference,d555c57544ebd8b7113751e6861f1e66f7e2b04d96407deb943488827a562926
2024-05-07,minimum,Night,Generation,347,18:00,18:30,50.08,official_observed_reference,d555c57544ebd8b7113751e6861f1e66f7e2b04d96407deb943488827a562926
2024-05-07,minimum,Night,Consumption,4051,05:00,05:30,50.06,official_observed_reference,d555c57544ebd8b7113751e6861f1e66f7e2b04d96407deb943488827a562926
2024-05-07,minimum,Day,Generation,106,07:00,07:30,50.01,official_observed_reference,d555c57544ebd8b7113751e6861f1e66f7e2b04d96407deb943488827a562926
2024-05-07,minimum,Day,Consumption,3874,09:00,09:30,49.98,official_observed_reference,d555c57544ebd8b7113751e6861f1e66f7e2b04d96407deb943488827a562926
2024-05-08,maximum,Day,Generation,916,15:30,16:00,50.06,official_observed_reference,9254d80a2e291753b8ea2cae8f9884d46e2e4b762078cf5346ffe58508d07d7c
2024-05-08,maximum,Day,Consumption,4942,15:30,16:00,50.06,official_observed_reference,9254d80a2e291753b8ea2cae8f9884d46e2e4b762078cf5346ffe58508d07d7c
2024-05-08,maximum,Evening,Generation,1239,21:30,22:00,50.09,official_observed_reference,9254d80a2e291753b8ea2cae8f9884d46e2e4b762078cf5346ffe58508d07d7c
2024-05-08,maximum,Evening,Consumption,5167,22:00,22:30,50.05,official_observed_reference,9254d80a2e291753b8ea2cae8f9884d46e2e4b762078cf5346ffe58508d07d7c
2024-05-08,maximum,Morning,Generation,587,05:00,05:30,50.01,official_observed_reference,9254d80a2e291753b8ea2cae8f9884d46e2e4b762078cf5346ffe58508d07d7c
2024-05-08,maximum,Morning,Consumption,4215,05:00,05:30,50.01,official_observed_reference,9254d80a2e291753b8ea2cae8f9884d46e2e4b762078cf5346ffe58508d07d7c
2024-05-08,minimum,Night,Generation,587,05:00,05:30,50.01,official_observed_reference,9254d80a2e291753b8ea2cae8f9884d46e2e4b762078cf5346ffe58508d07d7c
2024-05-08,minimum,Night,Consumption,4215,05:00,05:30,50.01,official_observed_reference,9254d80a2e291753b8ea2cae8f9884d46e2e4b762078cf5346ffe58508d07d7c
2024-05-08,minimum,Day,Generation,229,09:00,09:30,50.00,official_observed_reference,9254d80a2e291753b8ea2cae8f9884d46e2e4b762078cf5346ffe58508d07d7c
2024-05-08,minimum,Day,Consumption,3983,09:00,09:30,50.00,official_observed_reference,9254d80a2e291753b8ea2cae8f9884d46e2e4b762078cf5346ffe58508d07d7c
2024-05-09,maximum,Day,Generation,526,16:30,17:00,50.02,official_observed_reference,022476323c7ff0be65d62741a8c19cf798221939ebf6f2ba9958fa4c3aee0a24
2024-05-09,maximum,Day,Consumption,4662,15:00,15:30,50.08,official_observed_reference,022476323c7ff0be65d62741a8c19cf798221939ebf6f2ba9958fa4c3aee0a24
2024-05-09,maximum,Evening,Generation,1242,22:00,22:30,50.03,official_observed_reference,022476323c7ff0be65d62741a8c19cf798221939ebf6f2ba9958fa4c3aee0a24
2024-05-09,maximum,Evening,Consumption,5209,22:30,23:00,50.00,official_observed_reference,022476323c7ff0be65d62741a8c19cf798221939ebf6f2ba9958fa4c3aee0a24
2024-05-09,maximum,Morning,Generation,196,08:30,09:00,50.03,official_observed_reference,022476323c7ff0be65d62741a8c19cf798221939ebf6f2ba9958fa4c3aee0a24
2024-05-09,maximum,Morning,Consumption,3681,05:00,05:30,50.00,official_observed_reference,022476323c7ff0be65d62741a8c19cf798221939ebf6f2ba9958fa4c3aee0a24
2024-05-09,minimum,Night,Generation,176,05:00,05:30,50.00,official_observed_reference,022476323c7ff0be65d62741a8c19cf798221939ebf6f2ba9958fa4c3aee0a24
2024-05-09,minimum,Night,Consumption,3681,05:00,05:30,50.00,official_observed_reference,022476323c7ff0be65d62741a8c19cf798221939ebf6f2ba9958fa4c3aee0a24
2024-05-09,minimum,Day,Generation,167,05:30,06:00,50.05,official_observed_reference,022476323c7ff0be65d62741a8c19cf798221939ebf6f2ba9958fa4c3aee0a24
2024-05-09,minimum,Day,Consumption,3691,09:00,09:30,49.99,official_observed_reference,022476323c7ff0be65d62741a8c19cf798221939ebf6f2ba9958fa4c3aee0a24
2024-05-10,maximum,Day,Generation,561,15:00,15:30,50.04,official_observed_reference,a0ba1f4da8bcac6973257b3f4fd4b4dbf9f9649b3ecae8887733e0765a519160
2024-05-10,maximum,Day,Consumption,4363,15:00,15:30,50.04,official_observed_reference,a0ba1f4da8bcac6973257b3f4fd4b4dbf9f9649b3ecae8887733e0765a519160
2024-05-10,maximum,Evening,Generation,1169,21:30,22:00,50.18,official_observed_reference,a0ba1f4da8bcac6973257b3f4fd4b4dbf9f9649b3ecae8887733e0765a519160
2024-05-10,maximum,Evening,Consumption,4976,22:00,22:30,50.24,official_observed_reference,a0ba1f4da8bcac6973257b3f4fd4b4dbf9f9649b3ecae8887733e0765a519160
2024-05-10,maximum,Morning,Generation,349,07:00,07:30,50.02,official_observed_reference,a0ba1f4da8bcac6973257b3f4fd4b4dbf9f9649b3ecae8887733e0765a519160
2024-05-10,maximum,Morning,Consumption,3603,08:30,09:00,50.11,official_observed_reference,a0ba1f4da8bcac6973257b3f4fd4b4dbf9f9649b3ecae8887733e0765a519160
2024-05-10,minimum,Night,Generation,164,05:00,05:30,49.99,official_observed_reference,a0ba1f4da8bcac6973257b3f4fd4b4dbf9f9649b3ecae8887733e0765a519160
2024-05-10,minimum,Night,Consumption,3457,05:00,05:30,49.99,official_observed_reference,a0ba1f4da8bcac6973257b3f4fd4b4dbf9f9649b3ecae8887733e0765a519160
2024-05-10,minimum,Day,Generation,169,05:30,06:00,50.08,official_observed_reference,a0ba1f4da8bcac6973257b3f4fd4b4dbf9f9649b3ecae8887733e0765a519160
2024-05-10,minimum,Day,Consumption,3651,09:00,09:30,50.06,official_observed_reference,a0ba1f4da8bcac6973257b3f4fd4b4dbf9f9649b3ecae8887733e0765a519160
2024-05-11,maximum,Day,Generation,392,11:30,12:00,49.86,official_observed_reference,a4d17a0acee6110a1735bda9862ea5401710a425f3b4cd65856ee82e0d36bcaa
2024-05-11,maximum,Day,Consumption,4303,15:00,15:30,50.03,official_observed_reference,a4d17a0acee6110a1735bda9862ea5401710a425f3b4cd65856ee82e0d36bcaa
2024-05-11,maximum,Evening,Generation,1101,22:00,22:30,50.01,official_observed_reference,a4d17a0acee6110a1735bda9862ea5401710a425f3b4cd65856ee82e0d36bcaa
2024-05-11,maximum,Evening,Consumption,4585,22:30,23:00,50.02,official_observed_reference,a4d17a0acee6110a1735bda9862ea5401710a425f3b4cd65856ee82e0d36bcaa
2024-05-11,maximum,Morning,Generation,432,05:00,05:30,50.01,official_observed_reference,a4d17a0acee6110a1735bda9862ea5401710a425f3b4cd65856ee82e0d36bcaa
2024-05-11,maximum,Morning,Consumption,3761,05:30,06:00,50.05,official_observed_reference,a4d17a0acee6110a1735bda9862ea5401710a425f3b4cd65856ee82e0d36bcaa
2024-05-11,minimum,Night,Generation,145,17:30,18:00,50.12,official_observed_reference,a4d17a0acee6110a1735bda9862ea5401710a425f3b4cd65856ee82e0d36bcaa
2024-05-11,minimum,Night,Consumption,3644,18:00,18:30,50.05,official_observed_reference,a4d17a0acee6110a1735bda9862ea5401710a425f3b4cd65856ee82e0d36bcaa
2024-05-11,minimum,Day,Generation,137,07:30,08:00,50.10,official_observed_reference,a4d17a0acee6110a1735bda9862ea5401710a425f3b4cd65856ee82e0d36bcaa
2024-05-11,minimum,Day,Consumption,3583,09:00,09:30,50.03,official_observed_reference,a4d17a0acee6110a1735bda9862ea5401710a425f3b4cd65856ee82e0d36bcaa
2024-05-12,maximum,Day,Generation,241,09:30,10:00,50.01,official_observed_reference,c7a91d939c9157a43ab503b8fcdadda08414d7facac80850c70e87926d242157
2024-05-12,maximum,Day,Consumption,3529,15:00,15:30,50.06,official_observed_reference,c7a91d939c9157a43ab503b8fcdadda08414d7facac80850c70e87926d242157
2024-05-12,maximum,Evening,Generation,1145,22:00,22:30,49.89,official_observed_reference,c7a91d939c9157a43ab503b8fcdadda08414d7facac80850c70e87926d242157
2024-05-12,maximum,Evening,Consumption,4559,22:00,22:30,49.89,official_observed_reference,c7a91d939c9157a43ab503b8fcdadda08414d7facac80850c70e87926d242157
2024-05-12,maximum,Morning,Generation,244,07:30,08:00,50.08,official_observed_reference,c7a91d939c9157a43ab503b8fcdadda08414d7facac80850c70e87926d242157
2024-05-12,maximum,Morning,Consumption,3512,05:00,05:30,49.95,official_observed_reference,c7a91d939c9157a43ab503b8fcdadda08414d7facac80850c70e87926d242157
2024-05-12,minimum,Night,Generation,106,17:30,18:00,50.08,official_observed_reference,c7a91d939c9157a43ab503b8fcdadda08414d7facac80850c70e87926d242157
2024-05-12,minimum,Night,Consumption,3400,18:00,18:30,50.01,official_observed_reference,c7a91d939c9157a43ab503b8fcdadda08414d7facac80850c70e87926d242157
2024-05-12,minimum,Day,Generation,114,17:00,17:30,50.03,official_observed_reference,c7a91d939c9157a43ab503b8fcdadda08414d7facac80850c70e87926d242157
2024-05-12,minimum,Day,Consumption,3008,09:00,09:30,49.96,official_observed_reference,c7a91d939c9157a43ab503b8fcdadda08414d7facac80850c70e87926d242157
2024-05-13,maximum,Day,Generation,585,17:00,17:30,50.07,official_observed_reference,da2556b681bdac4cd592c0ca780be3c2d9f5e38f88d7e76e16312fa5d098a604
2024-05-13,maximum,Day,Consumption,3977,16:30,17:00,50.05,official_observed_reference,da2556b681bdac4cd592c0ca780be3c2d9f5e38f88d7e76e16312fa5d098a604
2024-05-13,maximum,Evening,Generation,1490,22:00,22:30,50.06,official_observed_reference,da2556b681bdac4cd592c0ca780be3c2d9f5e38f88d7e76e16312fa5d098a604
2024-05-13,maximum,Evening,Consumption,4623,22:30,23:00,50.03,official_observed_reference,da2556b681bdac4cd592c0ca780be3c2d9f5e38f88d7e76e16312fa5d098a604
2024-05-13,maximum,Morning,Generation,380,05:30,06:00,50.07,official_observed_reference,da2556b681bdac4cd592c0ca780be3c2d9f5e38f88d7e76e16312fa5d098a604
2024-05-13,maximum,Morning,Consumption,3487,05:30,06:00,50.07,official_observed_reference,da2556b681bdac4cd592c0ca780be3c2d9f5e38f88d7e76e16312fa5d098a604
2024-05-13,minimum,Night,Generation,304,03:30,04:00,50.05,official_observed_reference,da2556b681bdac4cd592c0ca780be3c2d9f5e38f88d7e76e16312fa5d098a604
2024-05-13,minimum,Night,Consumption,3442,04:30,05:00,50.01,official_observed_reference,da2556b681bdac4cd592c0ca780be3c2d9f5e38f88d7e76e16312fa5d098a604
2024-05-13,minimum,Day,Generation,159,07:00,07:30,50.00,official_observed_reference,da2556b681bdac4cd592c0ca780be3c2d9f5e38f88d7e76e16312fa5d098a604
2024-05-13,minimum,Day,Consumption,3553,09:00,09:30,49.97,official_observed_reference,da2556b681bdac4cd592c0ca780be3c2d9f5e38f88d7e76e16312fa5d098a604
2024-05-14,maximum,Day,Generation,705,16:30,17:00,50.1,official_observed_reference,1c9c1e2e1e8dcd24197b08f3f4591bad3049511971c34b8533253329c77be2a1
2024-05-14,maximum,Day,Consumption,4051,16:30,17:00,50.10,official_observed_reference,1c9c1e2e1e8dcd24197b08f3f4591bad3049511971c34b8533253329c77be2a1
2024-05-14,maximum,Evening,Generation,1204,21:30,22:00,50.03,official_observed_reference,1c9c1e2e1e8dcd24197b08f3f4591bad3049511971c34b8533253329c77be2a1
2024-05-14,maximum,Evening,Consumption,4325,19:00,19:30,50.07,official_observed_reference,1c9c1e2e1e8dcd24197b08f3f4591bad3049511971c34b8533253329c77be2a1
2024-05-14,maximum,Morning,Generation,224,05:00,05:30,50.04,official_observed_reference,1c9c1e2e1e8dcd24197b08f3f4591bad3049511971c34b8533253329c77be2a1
2024-05-14,maximum,Morning,Consumption,3320,08:30,09:00,50.00,official_observed_reference,1c9c1e2e1e8dcd24197b08f3f4591bad3049511971c34b8533253329c77be2a1
2024-05-14,minimum,Night,Generation,224,05:00,05:30,50.04,official_observed_reference,1c9c1e2e1e8dcd24197b08f3f4591bad3049511971c34b8533253329c77be2a1
2024-05-14,minimum,Night,Consumption,3289,05:00,05:30,50.04,official_observed_reference,1c9c1e2e1e8dcd24197b08f3f4591bad3049511971c34b8533253329c77be2a1
2024-05-14,minimum,Day,Generation,143,06:30,07:00,50.01,official_observed_reference,1c9c1e2e1e8dcd24197b08f3f4591bad3049511971c34b8533253329c77be2a1
2024-05-14,minimum,Day,Consumption,3422,09:00,09:30,50.01,official_observed_reference,1c9c1e2e1e8dcd24197b08f3f4591bad3049511971c34b8533253329c77be2a1
2024-05-15,maximum,Day,Generation,720,14:30,15:00,50.05,official_observed_reference,597021cfeee8b5a033faa64c606ca7bc3d7d3269bc322ff1186895c380a31b75
2024-05-15,maximum,Day,Consumption,4127,15:00,15:30,50.03,official_observed_reference,597021cfeee8b5a033faa64c606ca7bc3d7d3269bc322ff1186895c380a31b75
2024-05-15,maximum,Evening,Generation,1439,22:00,22:30,49.92,official_observed_reference,597021cfeee8b5a033faa64c606ca7bc3d7d3269bc322ff1186895c380a31b75
2024-05-15,maximum,Evening,Consumption,4211,22:00,22:30,49.92,official_observed_reference,597021cfeee8b5a033faa64c606ca7bc3d7d3269bc322ff1186895c380a31b75
2024-05-15,maximum,Morning,Generation,357,06:00,06:30,50.06,official_observed_reference,597021cfeee8b5a033faa64c606ca7bc3d7d3269bc322ff1186895c380a31b75
2024-05-15,maximum,Morning,Consumption,3371,06:00,06:30,50.06,official_observed_reference,597021cfeee8b5a033faa64c606ca7bc3d7d3269bc322ff1186895c380a31b75
2024-05-15,minimum,Night,Generation,228,03:00,03:30,50.03,official_observed_reference,597021cfeee8b5a033faa64c606ca7bc3d7d3269bc322ff1186895c380a31b75
2024-05-15,minimum,Night,Consumption,3269,05:00,05:30,50.04,official_observed_reference,597021cfeee8b5a033faa64c606ca7bc3d7d3269bc322ff1186895c380a31b75
2024-05-15,minimum,Day,Generation,211,08:00,08:30,49.99,official_observed_reference,597021cfeee8b5a033faa64c606ca7bc3d7d3269bc322ff1186895c380a31b75
2024-05-15,minimum,Day,Consumption,3320,09:00,09:30,49.99,official_observed_reference,597021cfeee8b5a033faa64c606ca7bc3d7d3269bc322ff1186895c380a31b75
2024-05-16,maximum,Day,Generation,814,17:30,18:00,49.99,official_observed_reference,b38adaa71fcbce3311d7e3b3a3049399e316b4f4d227f23b3988d669117a252b
2024-05-16,maximum,Day,Consumption,4095,14:30,15:00,50.00,official_observed_reference,b38adaa71fcbce3311d7e3b3a3049399e316b4f4d227f23b3988d669117a252b
2024-05-16,maximum,Evening,Generation,1453,19:30,20:00,50.14,official_observed_reference,b38adaa71fcbce3311d7e3b3a3049399e316b4f4d227f23b3988d669117a252b
2024-05-16,maximum,Evening,Consumption,4382,19:00,19:30,49.95,official_observed_reference,b38adaa71fcbce3311d7e3b3a3049399e316b4f4d227f23b3988d669117a252b
2024-05-16,maximum,Morning,Generation,305,06:30,07:00,50.05,official_observed_reference,b38adaa71fcbce3311d7e3b3a3049399e316b4f4d227f23b3988d669117a252b
2024-05-16,maximum,Morning,Consumption,3369,06:30,07:00,50.05,official_observed_reference,b38adaa71fcbce3311d7e3b3a3049399e316b4f4d227f23b3988d669117a252b
2024-05-16,minimum,Night,Generation,194,05:00,05:30,50.01,official_observed_reference,b38adaa71fcbce3311d7e3b3a3049399e316b4f4d227f23b3988d669117a252b
2024-05-16,minimum,Night,Consumption,3167,04:00,04:30,49.99,official_observed_reference,b38adaa71fcbce3311d7e3b3a3049399e316b4f4d227f23b3988d669117a252b
2024-05-16,minimum,Day,Generation,229,05:30,06:00,50.08,official_observed_reference,b38adaa71fcbce3311d7e3b3a3049399e316b4f4d227f23b3988d669117a252b
2024-05-16,minimum,Day,Consumption,3419,09:00,09:30,49.97,official_observed_reference,b38adaa71fcbce3311d7e3b3a3049399e316b4f4d227f23b3988d669117a252b
2024-05-17,maximum,Day,Generation,536,17:00,17:30,49.98,official_observed_reference,077ef047cf31b79de533a17549b9732235234b74779a22a6b47c561ab26992a5
2024-05-17,maximum,Day,Consumption,4052,15:00,15:30,50.08,official_observed_reference,077ef047cf31b79de533a17549b9732235234b74779a22a6b47c561ab26992a5
2024-05-17,maximum,Evening,Generation,1528,21:30,22:00,50.07,official_observed_reference,077ef047cf31b79de533a17549b9732235234b74779a22a6b47c561ab26992a5
2024-05-17,maximum,Evening,Consumption,4335,19:30,20:00,49.98,official_observed_reference,077ef047cf31b79de533a17549b9732235234b74779a22a6b47c561ab26992a5
2024-05-17,maximum,Morning,Generation,254,08:30,09:00,50.01,official_observed_reference,077ef047cf31b79de533a17549b9732235234b74779a22a6b47c561ab26992a5
2024-05-17,maximum,Morning,Consumption,3427,08:30,09:00,50.01,official_observed_reference,077ef047cf31b79de533a17549b9732235234b74779a22a6b47c561ab26992a5
2024-05-17,minimum,Night,Generation,218,05:00,05:30,50.04,official_observed_reference,077ef047cf31b79de533a17549b9732235234b74779a22a6b47c561ab26992a5
2024-05-17,minimum,Night,Consumption,3238,04:30,05:00,50.01,official_observed_reference,077ef047cf31b79de533a17549b9732235234b74779a22a6b47c561ab26992a5
2024-05-17,minimum,Day,Generation,175,07:00,07:30,49.94,official_observed_reference,077ef047cf31b79de533a17549b9732235234b74779a22a6b47c561ab26992a5
2024-05-17,minimum,Day,Consumption,3483,09:00,09:30,50.03,official_observed_reference,077ef047cf31b79de533a17549b9732235234b74779a22a6b47c561ab26992a5
2024-05-18,maximum,Day,Generation,501,12:30,13:00,50.08,official_observed_reference,7c55d55b5a598e26c97c6a7fcf7d9ecd0bc7ded0b96fa5fb2ca75ea67097fb2a
2024-05-18,maximum,Day,Consumption,3941,14:30,15:00,49.98,official_observed_reference,7c55d55b5a598e26c97c6a7fcf7d9ecd0bc7ded0b96fa5fb2ca75ea67097fb2a
2024-05-18,maximum,Evening,Generation,1501,21:30,22:00,50.06,official_observed_reference,7c55d55b5a598e26c97c6a7fcf7d9ecd0bc7ded0b96fa5fb2ca75ea67097fb2a
2024-05-18,maximum,Evening,Consumption,4111,22:00,22:30,50.04,official_observed_reference,7c55d55b5a598e26c97c6a7fcf7d9ecd0bc7ded0b96fa5fb2ca75ea67097fb2a
2024-05-18,maximum,Morning,Generation,291,06:00,06:30,50.07,official_observed_reference,7c55d55b5a598e26c97c6a7fcf7d9ecd0bc7ded0b96fa5fb2ca75ea67097fb2a
2024-05-18,maximum,Morning,Consumption,3346,07:00,07:30,50.06,official_observed_reference,7c55d55b5a598e26c97c6a7fcf7d9ecd0bc7ded0b96fa5fb2ca75ea67097fb2a
2024-05-18,minimum,Night,Generation,166,03:30,04:00,50.05,official_observed_reference,7c55d55b5a598e26c97c6a7fcf7d9ecd0bc7ded0b96fa5fb2ca75ea67097fb2a
2024-05-18,minimum,Night,Consumption,3215,03:30,04:00,50.05,official_observed_reference,7c55d55b5a598e26c97c6a7fcf7d9ecd0bc7ded0b96fa5fb2ca75ea67097fb2a
2024-05-18,minimum,Day,Generation,176,08:00,08:30,49.97,official_observed_reference,7c55d55b5a598e26c97c6a7fcf7d9ecd0bc7ded0b96fa5fb2ca75ea67097fb2a
2024-05-18,minimum,Day,Consumption,3327,09:00,09:30,50.03,official_observed_reference,7c55d55b5a598e26c97c6a7fcf7d9ecd0bc7ded0b96fa5fb2ca75ea67097fb2a
2024-05-19,maximum,Day,Generation,474,16:30,17:00,50.07,official_observed_reference,b0a47771942803258d51a05f837b28ea49eaa5e4fcceb4e357ce09ba95ab23eb
2024-05-19,maximum,Day,Consumption,3164,17:30,18:00,50.08,official_observed_reference,b0a47771942803258d51a05f837b28ea49eaa5e4fcceb4e357ce09ba95ab23eb
2024-05-19,maximum,Evening,Generation,1348,22:00,22:30,49.96,official_observed_reference,b0a47771942803258d51a05f837b28ea49eaa5e4fcceb4e357ce09ba95ab23eb
2024-05-19,maximum,Evening,Consumption,3880,22:00,22:30,49.96,official_observed_reference,b0a47771942803258d51a05f837b28ea49eaa5e4fcceb4e357ce09ba95ab23eb
2024-05-19,maximum,Morning,Generation,385,08:00,08:30,50.02,official_observed_reference,b0a47771942803258d51a05f837b28ea49eaa5e4fcceb4e357ce09ba95ab23eb
2024-05-19,maximum,Morning,Consumption,3094,06:00,06:30,49.99,official_observed_reference,b0a47771942803258d51a05f837b28ea49eaa5e4fcceb4e357ce09ba95ab23eb
2024-05-19,minimum,Night,Generation,168,03:30,04:00,50.02,official_observed_reference,b0a47771942803258d51a05f837b28ea49eaa5e4fcceb4e357ce09ba95ab23eb
2024-05-19,minimum,Night,Consumption,3041,04:30,05:00,50.01,official_observed_reference,b0a47771942803258d51a05f837b28ea49eaa5e4fcceb4e357ce09ba95ab23eb
2024-05-19,minimum,Day,Generation,130,07:00,07:30,50.04,official_observed_reference,b0a47771942803258d51a05f837b28ea49eaa5e4fcceb4e357ce09ba95ab23eb
2024-05-19,minimum,Day,Consumption,2844,09:00,09:30,50.02,official_observed_reference,b0a47771942803258d51a05f837b28ea49eaa5e4fcceb4e357ce09ba95ab23eb
2024-05-20,maximum,Day,Generation,552,17:30,18:00,50.06,official_observed_reference,302d93c6508c1039e6b6920cb6fbb5e97440129857b49dd69271103dff3567ef
2024-05-20,maximum,Day,Consumption,3473,12:00,12:30,49.97,official_observed_reference,302d93c6508c1039e6b6920cb6fbb5e97440129857b49dd69271103dff3567ef
2024-05-20,maximum,Evening,Generation,1370,21:30,22:00,50.12,official_observed_reference,302d93c6508c1039e6b6920cb6fbb5e97440129857b49dd69271103dff3567ef
2024-05-20,maximum,Evening,Consumption,3906,19:00,19:30,50.07,official_observed_reference,302d93c6508c1039e6b6920cb6fbb5e97440129857b49dd69271103dff3567ef
2024-05-20,maximum,Morning,Generation,285,06:00,06:30,50.04,official_observed_reference,302d93c6508c1039e6b6920cb6fbb5e97440129857b49dd69271103dff3567ef
2024-05-20,maximum,Morning,Consumption,3246,08:30,09:00,50.07,official_observed_reference,302d93c6508c1039e6b6920cb6fbb5e97440129857b49dd69271103dff3567ef
2024-05-20,minimum,Night,Generation,189,05:00,05:30,50.02,official_observed_reference,302d93c6508c1039e6b6920cb6fbb5e97440129857b49dd69271103dff3567ef
2024-05-20,minimum,Night,Consumption,2903,04:30,05:00,50.00,official_observed_reference,302d93c6508c1039e6b6920cb6fbb5e97440129857b49dd69271103dff3567ef
2024-05-20,minimum,Day,Generation,146,11:00,11:30,49.97,official_observed_reference,302d93c6508c1039e6b6920cb6fbb5e97440129857b49dd69271103dff3567ef
2024-05-20,minimum,Day,Consumption,3277,13:30,14:00,50.04,official_observed_reference,302d93c6508c1039e6b6920cb6fbb5e97440129857b49dd69271103dff3567ef
2024-05-21,maximum,Day,Generation,838,16:30,17:00,50.06,official_observed_reference,72cc0e3c6f6fc6b27f82495b000c25a3bcca345de3eae7e7b99042833ab83c59
2024-05-21,maximum,Day,Consumption,3746,16:30,17:00,50.06,official_observed_reference,72cc0e3c6f6fc6b27f82495b000c25a3bcca345de3eae7e7b99042833ab83c59
2024-05-21,maximum,Evening,Generation,1545,21:00,21:30,50.05,official_observed_reference,72cc0e3c6f6fc6b27f82495b000c25a3bcca345de3eae7e7b99042833ab83c59
2024-05-21,maximum,Evening,Consumption,3924,18:30,19:00,50.02,official_observed_reference,72cc0e3c6f6fc6b27f82495b000c25a3bcca345de3eae7e7b99042833ab83c59
2024-05-21,maximum,Morning,Generation,290,06:00,06:30,50.02,official_observed_reference,72cc0e3c6f6fc6b27f82495b000c25a3bcca345de3eae7e7b99042833ab83c59
2024-05-21,maximum,Morning,Consumption,3103,08:00,08:30,50.06,official_observed_reference,72cc0e3c6f6fc6b27f82495b000c25a3bcca345de3eae7e7b99042833ab83c59
2024-05-21,minimum,Night,Generation,206,05:00,05:30,50.03,official_observed_reference,72cc0e3c6f6fc6b27f82495b000c25a3bcca345de3eae7e7b99042833ab83c59
2024-05-21,minimum,Night,Consumption,2781,04:00,04:30,49.99,official_observed_reference,72cc0e3c6f6fc6b27f82495b000c25a3bcca345de3eae7e7b99042833ab83c59
2024-05-21,minimum,Day,Generation,127,08:00,08:30,50.06,official_observed_reference,72cc0e3c6f6fc6b27f82495b000c25a3bcca345de3eae7e7b99042833ab83c59
2024-05-21,minimum,Day,Consumption,3120,09:00,09:30,50.02,official_observed_reference,72cc0e3c6f6fc6b27f82495b000c25a3bcca345de3eae7e7b99042833ab83c59
2024-05-22,maximum,Day,Generation,1085,17:30,18:00,50.06,official_observed_reference,4e545c605453c752a8089def16c6fd4909fa1eea03df730affcd1043e53028d8
2024-05-22,maximum,Day,Consumption,3708,14:00,14:30,50.11,official_observed_reference,4e545c605453c752a8089def16c6fd4909fa1eea03df730affcd1043e53028d8
2024-05-22,maximum,Evening,Generation,1556,19:30,20:00,50.03,official_observed_reference,4e545c605453c752a8089def16c6fd4909fa1eea03df730affcd1043e53028d8
2024-05-22,maximum,Evening,Consumption,3738,19:00,19:30,50.03,official_observed_reference,4e545c605453c752a8089def16c6fd4909fa1eea03df730affcd1043e53028d8
2024-05-22,maximum,Morning,Generation,885,06:30,07:00,50.04,official_observed_reference,4e545c605453c752a8089def16c6fd4909fa1eea03df730affcd1043e53028d8
2024-05-22,maximum,Morning,Consumption,3193,07:00,07:30,50.05,official_observed_reference,4e545c605453c752a8089def16c6fd4909fa1eea03df730affcd1043e53028d8
2024-05-22,minimum,Night,Generation,517,04:00,04:30,49.99,official_observed_reference,4e545c605453c752a8089def16c6fd4909fa1eea03df730affcd1043e53028d8
2024-05-22,minimum,Night,Consumption,2844,0.95833333333333,1,49.99,official_observed_reference,4e545c605453c752a8089def16c6fd4909fa1eea03df730affcd1043e53028d8
2024-05-22,minimum,Day,Generation,626,08:00,08:30,49.94,official_observed_reference,4e545c605453c752a8089def16c6fd4909fa1eea03df730affcd1043e53028d8
2024-05-22,minimum,Day,Consumption,3207,09:00,09:30,49.97,official_observed_reference,4e545c605453c752a8089def16c6fd4909fa1eea03df730affcd1043e53028d8
2024-05-23,maximum,Day,Generation,1374,17:00,17:30,49.98,official_observed_reference,4e1ad6db55378d506e030309729c9e71b96a4d2a222e90210060f63aab58f6d7
2024-05-23,maximum,Day,Consumption,3654,16:00,16:30,50.02,official_observed_reference,4e1ad6db55378d506e030309729c9e71b96a4d2a222e90210060f63aab58f6d7
2024-05-23,maximum,Evening,Generation,1595,22:00,22:30,50.02,official_observed_reference,4e1ad6db55378d506e030309729c9e71b96a4d2a222e90210060f63aab58f6d7
2024-05-23,maximum,Evening,Consumption,3955,19:00,19:30,50.05,official_observed_reference,4e1ad6db55378d506e030309729c9e71b96a4d2a222e90210060f63aab58f6d7
2024-05-23,maximum,Morning,Generation,1168,07:30,08:00,50.06,official_observed_reference,4e1ad6db55378d506e030309729c9e71b96a4d2a222e90210060f63aab58f6d7
2024-05-23,maximum,Morning,Consumption,3173,08:00,08:30,50.05,official_observed_reference,4e1ad6db55378d506e030309729c9e71b96a4d2a222e90210060f63aab58f6d7
2024-05-23,minimum,Night,Generation,778,02:00,02:30,49.99,official_observed_reference,4e1ad6db55378d506e030309729c9e71b96a4d2a222e90210060f63aab58f6d7
2024-05-23,minimum,Night,Consumption,2675,04:30,05:00,50.04,official_observed_reference,4e1ad6db55378d506e030309729c9e71b96a4d2a222e90210060f63aab58f6d7
2024-05-23,minimum,Day,Generation,765,09:30,10:00,50.08,official_observed_reference,4e1ad6db55378d506e030309729c9e71b96a4d2a222e90210060f63aab58f6d7
2024-05-23,minimum,Day,Consumption,3189,09:30,10:00,50.08,official_observed_reference,4e1ad6db55378d506e030309729c9e71b96a4d2a222e90210060f63aab58f6d7
2024-05-24,maximum,Day,Generation,1320,17:30,18:00,50.12,official_observed_reference,ae2e89afe6e1ba2c5f17722b7b89feee3078e45a8a2fe1dbb6d0e92a9485f1fb
2024-05-24,maximum,Day,Consumption,3519,17:30,18:00,50.12,official_observed_reference,ae2e89afe6e1ba2c5f17722b7b89feee3078e45a8a2fe1dbb6d0e92a9485f1fb
2024-05-24,maximum,Evening,Generation,1605,21:00,21:30,50.03,official_observed_reference,ae2e89afe6e1ba2c5f17722b7b89feee3078e45a8a2fe1dbb6d0e92a9485f1fb
2024-05-24,maximum,Evening,Consumption,3977,19:00,19:30,49.97,official_observed_reference,ae2e89afe6e1ba2c5f17722b7b89feee3078e45a8a2fe1dbb6d0e92a9485f1fb
2024-05-24,maximum,Morning,Generation,1103,05:00,05:30,49.92,official_observed_reference,ae2e89afe6e1ba2c5f17722b7b89feee3078e45a8a2fe1dbb6d0e92a9485f1fb
2024-05-24,maximum,Morning,Consumption,3157,08:30,09:00,50.02,official_observed_reference,ae2e89afe6e1ba2c5f17722b7b89feee3078e45a8a2fe1dbb6d0e92a9485f1fb
2024-05-24,minimum,Night,Generation,1035,04:00,04:30,49.97,official_observed_reference,ae2e89afe6e1ba2c5f17722b7b89feee3078e45a8a2fe1dbb6d0e92a9485f1fb
2024-05-24,minimum,Night,Consumption,2660,03:00,03:30,49.93,official_observed_reference,ae2e89afe6e1ba2c5f17722b7b89feee3078e45a8a2fe1dbb6d0e92a9485f1fb
2024-05-24,minimum,Day,Generation,775,06:30,07:00,50.06,official_observed_reference,ae2e89afe6e1ba2c5f17722b7b89feee3078e45a8a2fe1dbb6d0e92a9485f1fb
2024-05-24,minimum,Day,Consumption,3285,09:00,09:30,49.98,official_observed_reference,ae2e89afe6e1ba2c5f17722b7b89feee3078e45a8a2fe1dbb6d0e92a9485f1fb
2024-05-25,maximum,Day,Generation,691,17:30,18:00,50.06,official_observed_reference,611d521f5c7d452bbfd5557e419856f4a1108f4971916e22bf4f348e2e455637
2024-05-25,maximum,Day,Consumption,3421,17:30,18:00,50.06,official_observed_reference,611d521f5c7d452bbfd5557e419856f4a1108f4971916e22bf4f348e2e455637
2024-05-25,maximum,Evening,Generation,1631,22:00,22:30,49.97,official_observed_reference,611d521f5c7d452bbfd5557e419856f4a1108f4971916e22bf4f348e2e455637
2024-05-25,maximum,Evening,Consumption,3881,19:00,19:30,50.02,official_observed_reference,611d521f5c7d452bbfd5557e419856f4a1108f4971916e22bf4f348e2e455637
2024-05-25,maximum,Morning,Generation,601,06:00,06:30,50.02,official_observed_reference,611d521f5c7d452bbfd5557e419856f4a1108f4971916e22bf4f348e2e455637
2024-05-25,maximum,Morning,Consumption,3042,08:30,09:00,50.03,official_observed_reference,611d521f5c7d452bbfd5557e419856f4a1108f4971916e22bf4f348e2e455637
2024-05-25,minimum,Night,Generation,480,04:30,05:00,50.00,official_observed_reference,611d521f5c7d452bbfd5557e419856f4a1108f4971916e22bf4f348e2e455637
2024-05-25,minimum,Night,Consumption,2602,03:30,04:00,50.07,official_observed_reference,611d521f5c7d452bbfd5557e419856f4a1108f4971916e22bf4f348e2e455637
2024-05-25,minimum,Day,Generation,190,16:30,17:00,50.07,official_observed_reference,611d521f5c7d452bbfd5557e419856f4a1108f4971916e22bf4f348e2e455637
2024-05-25,minimum,Day,Consumption,3019,16:30,17:00,50.07,official_observed_reference,611d521f5c7d452bbfd5557e419856f4a1108f4971916e22bf4f348e2e455637
2024-05-26,maximum,Day,Generation,305,17:30,18:00,50.07,official_observed_reference,4c78f7721174940450979ccd7494d5ce1e0048cb35f712642b7feb204f7278ab
2024-05-26,maximum,Day,Consumption,2933,17:30,18:00,50.07,official_observed_reference,4c78f7721174940450979ccd7494d5ce1e0048cb35f712642b7feb204f7278ab
2024-05-26,maximum,Evening,Generation,1555,21:30,22:00,50.07,official_observed_reference,4c78f7721174940450979ccd7494d5ce1e0048cb35f712642b7feb204f7278ab
2024-05-26,maximum,Evening,Consumption,3569,19:30,20:00,50.05,official_observed_reference,4c78f7721174940450979ccd7494d5ce1e0048cb35f712642b7feb204f7278ab
2024-05-26,maximum,Morning,Generation,586,05:30,06:00,50.07,official_observed_reference,4c78f7721174940450979ccd7494d5ce1e0048cb35f712642b7feb204f7278ab
2024-05-26,maximum,Morning,Consumption,2866,06:00,06:30,50.00,official_observed_reference,4c78f7721174940450979ccd7494d5ce1e0048cb35f712642b7feb204f7278ab
2024-05-26,minimum,Night,Generation,241,18:00,18:30,50.09,official_observed_reference,4c78f7721174940450979ccd7494d5ce1e0048cb35f712642b7feb204f7278ab
2024-05-26,minimum,Night,Consumption,2695,04:30,05:00,49.97,official_observed_reference,4c78f7721174940450979ccd7494d5ce1e0048cb35f712642b7feb204f7278ab
2024-05-26,minimum,Day,Generation,126,16:00,16:30,50.04,official_observed_reference,4c78f7721174940450979ccd7494d5ce1e0048cb35f712642b7feb204f7278ab
2024-05-26,minimum,Day,Consumption,2653,14:00,14:30,49.97,official_observed_reference,4c78f7721174940450979ccd7494d5ce1e0048cb35f712642b7feb204f7278ab
2024-05-27,maximum,Day,Generation,1321,17:30,18:00,50.13,official_observed_reference,caf3d2c4e684775e19690d8c70e29d4ddc40c1905b27eb3c3f50a8bbb8d7bdae
2024-05-27,maximum,Day,Consumption,3599,16:00,16:30,50.02,official_observed_reference,caf3d2c4e684775e19690d8c70e29d4ddc40c1905b27eb3c3f50a8bbb8d7bdae
2024-05-27,maximum,Evening,Generation,1618,21:00,21:30,49.9,official_observed_reference,caf3d2c4e684775e19690d8c70e29d4ddc40c1905b27eb3c3f50a8bbb8d7bdae
2024-05-27,maximum,Evening,Consumption,4198,19:00,19:30,50.07,official_observed_reference,caf3d2c4e684775e19690d8c70e29d4ddc40c1905b27eb3c3f50a8bbb8d7bdae
2024-05-27,maximum,Morning,Generation,898,06:30,07:00,49.93,official_observed_reference,caf3d2c4e684775e19690d8c70e29d4ddc40c1905b27eb3c3f50a8bbb8d7bdae
2024-05-27,maximum,Morning,Consumption,3038,08:00,08:30,50.05,official_observed_reference,caf3d2c4e684775e19690d8c70e29d4ddc40c1905b27eb3c3f50a8bbb8d7bdae
2024-05-27,minimum,Night,Generation,747,01:30,02:00,50.03,official_observed_reference,caf3d2c4e684775e19690d8c70e29d4ddc40c1905b27eb3c3f50a8bbb8d7bdae
2024-05-27,minimum,Night,Consumption,2647,03:00,03:30,49.95,official_observed_reference,caf3d2c4e684775e19690d8c70e29d4ddc40c1905b27eb3c3f50a8bbb8d7bdae
2024-05-27,minimum,Day,Generation,641,11:00,11:30,50.01,official_observed_reference,caf3d2c4e684775e19690d8c70e29d4ddc40c1905b27eb3c3f50a8bbb8d7bdae
2024-05-27,minimum,Day,Consumption,3112,09:00,09:30,49.98,official_observed_reference,caf3d2c4e684775e19690d8c70e29d4ddc40c1905b27eb3c3f50a8bbb8d7bdae
2024-05-28,maximum,Day,Generation,1274,14:00,14:30,50.01,official_observed_reference,3318fb9d7ebad9823a52bcf4cf5004c69f879ae71792b2b9bd61c514f1f19d58
2024-05-28,maximum,Day,Consumption,3448,17:00,17:30,50.07,official_observed_reference,3318fb9d7ebad9823a52bcf4cf5004c69f879ae71792b2b9bd61c514f1f19d58
2024-05-28,maximum,Evening,Generation,1523,21:30,22:00,50.08,official_observed_reference,3318fb9d7ebad9823a52bcf4cf5004c69f879ae71792b2b9bd61c514f1f19d58
2024-05-28,maximum,Evening,Consumption,4007,19:00,19:30,50.00,official_observed_reference,3318fb9d7ebad9823a52bcf4cf5004c69f879ae71792b2b9bd61c514f1f19d58
2024-05-28,maximum,Morning,Generation,1167,05:30,06:00,50.13,official_observed_reference,3318fb9d7ebad9823a52bcf4cf5004c69f879ae71792b2b9bd61c514f1f19d58
2024-05-28,maximum,Morning,Consumption,3236,08:00,08:30,50.05,official_observed_reference,3318fb9d7ebad9823a52bcf4cf5004c69f879ae71792b2b9bd61c514f1f19d58
2024-05-28,minimum,Night,Generation,752,03:30,04:00,50.02,official_observed_reference,3318fb9d7ebad9823a52bcf4cf5004c69f879ae71792b2b9bd61c514f1f19d58
2024-05-28,minimum,Night,Consumption,2815,03:30,04:00,50.02,official_observed_reference,3318fb9d7ebad9823a52bcf4cf5004c69f879ae71792b2b9bd61c514f1f19d58
2024-05-28,minimum,Day,Generation,613,08:00,08:30,50.05,official_observed_reference,3318fb9d7ebad9823a52bcf4cf5004c69f879ae71792b2b9bd61c514f1f19d58
2024-05-28,minimum,Day,Consumption,2926,12:30,13:00,50.04,official_observed_reference,3318fb9d7ebad9823a52bcf4cf5004c69f879ae71792b2b9bd61c514f1f19d58
2024-05-29,maximum,Day,Generation,1170,16:30,17:00,50.03,official_observed_reference,57a27f83f123cdcfcdb5c745b115345ebd987ee8a1d3e4eb2a3423c513f293a1
2024-05-29,maximum,Day,Consumption,3473,15:00,15:30,50.04,official_observed_reference,57a27f83f123cdcfcdb5c745b115345ebd987ee8a1d3e4eb2a3423c513f293a1
2024-05-29,maximum,Evening,Generation,1697,20:30,21:00,49.96,official_observed_reference,57a27f83f123cdcfcdb5c745b115345ebd987ee8a1d3e4eb2a3423c513f293a1
2024-05-29,maximum,Evening,Consumption,3905,19:00,19:30,50.00,official_observed_reference,57a27f83f123cdcfcdb5c745b115345ebd987ee8a1d3e4eb2a3423c513f293a1
2024-05-29,maximum,Morning,Generation,1254,05:00,05:30,49.98,official_observed_reference,57a27f83f123cdcfcdb5c745b115345ebd987ee8a1d3e4eb2a3423c513f293a1
2024-05-29,maximum,Morning,Consumption,3035,06:30,07:00,50.03,official_observed_reference,57a27f83f123cdcfcdb5c745b115345ebd987ee8a1d3e4eb2a3423c513f293a1
2024-05-29,minimum,Night,Generation,972,18:00,18:30,50.09,official_observed_reference,57a27f83f123cdcfcdb5c745b115345ebd987ee8a1d3e4eb2a3423c513f293a1
2024-05-29,minimum,Night,Consumption,2671,04:00,04:30,50.01,official_observed_reference,57a27f83f123cdcfcdb5c745b115345ebd987ee8a1d3e4eb2a3423c513f293a1
2024-05-29,minimum,Day,Generation,425,08:30,09:00,50.17,official_observed_reference,57a27f83f123cdcfcdb5c745b115345ebd987ee8a1d3e4eb2a3423c513f293a1
2024-05-29,minimum,Day,Consumption,3119,09:30,10:00,50.00,official_observed_reference,57a27f83f123cdcfcdb5c745b115345ebd987ee8a1d3e4eb2a3423c513f293a1
2024-05-30,maximum,Day,Generation,1434,16:30,17:00,50.1,official_observed_reference,7c84fc340ad045d3d72d31fbaae2e8a15332aef0fafb9dc594a64e38faf37da6
2024-05-30,maximum,Day,Consumption,3542,17:30,18:00,50.02,official_observed_reference,7c84fc340ad045d3d72d31fbaae2e8a15332aef0fafb9dc594a64e38faf37da6
2024-05-30,maximum,Evening,Generation,1662,21:00,21:30,50.07,official_observed_reference,7c84fc340ad045d3d72d31fbaae2e8a15332aef0fafb9dc594a64e38faf37da6
2024-05-30,maximum,Evening,Consumption,3969,19:00,19:30,50.04,official_observed_reference,7c84fc340ad045d3d72d31fbaae2e8a15332aef0fafb9dc594a64e38faf37da6
2024-05-30,maximum,Morning,Generation,998,05:30,06:00,50.1,official_observed_reference,7c84fc340ad045d3d72d31fbaae2e8a15332aef0fafb9dc594a64e38faf37da6
2024-05-30,maximum,Morning,Consumption,3151,08:30,09:00,50.01,official_observed_reference,7c84fc340ad045d3d72d31fbaae2e8a15332aef0fafb9dc594a64e38faf37da6
2024-05-30,minimum,Night,Generation,978,05:00,05:30,50.03,official_observed_reference,7c84fc340ad045d3d72d31fbaae2e8a15332aef0fafb9dc594a64e38faf37da6
2024-05-30,minimum,Night,Consumption,2759,04:00,04:30,50.04,official_observed_reference,7c84fc340ad045d3d72d31fbaae2e8a15332aef0fafb9dc594a64e38faf37da6
2024-05-30,minimum,Day,Generation,514,08:30,09:00,50.01,official_observed_reference,7c84fc340ad045d3d72d31fbaae2e8a15332aef0fafb9dc594a64e38faf37da6
2024-05-30,minimum,Day,Consumption,3203,09:00,09:30,50.01,official_observed_reference,7c84fc340ad045d3d72d31fbaae2e8a15332aef0fafb9dc594a64e38faf37da6
2024-05-31,maximum,Day,Generation,1611,17:30,18:00,50.06,official_observed_reference,609b00c4f574e5c76258af00d9094f5b13cd08e2915565a308b71bcd080f4d98
2024-05-31,maximum,Day,Consumption,3850,17:00,17:30,49.96,official_observed_reference,609b00c4f574e5c76258af00d9094f5b13cd08e2915565a308b71bcd080f4d98
2024-05-31,maximum,Evening,Generation,1707,21:30,22:00,50.04,official_observed_reference,609b00c4f574e5c76258af00d9094f5b13cd08e2915565a308b71bcd080f4d98
2024-05-31,maximum,Evening,Consumption,4180,19:00,19:30,49.96,official_observed_reference,609b00c4f574e5c76258af00d9094f5b13cd08e2915565a308b71bcd080f4d98
2024-05-31,maximum,Morning,Generation,1012,05:00,05:30,49.95,official_observed_reference,609b00c4f574e5c76258af00d9094f5b13cd08e2915565a308b71bcd080f4d98
2024-05-31,maximum,Morning,Consumption,3165,08:30,09:00,50.05,official_observed_reference,609b00c4f574e5c76258af00d9094f5b13cd08e2915565a308b71bcd080f4d98
2024-05-31,minimum,Night,Generation,1012,05:00,05:30,49.95,official_observed_reference,609b00c4f574e5c76258af00d9094f5b13cd08e2915565a308b71bcd080f4d98
2024-05-31,minimum,Night,Consumption,2782,02:30,03:00,50.00,official_observed_reference,609b00c4f574e5c76258af00d9094f5b13cd08e2915565a308b71bcd080f4d98
2024-05-31,minimum,Day,Generation,586,07:30,08:00,50.20,official_observed_reference,609b00c4f574e5c76258af00d9094f5b13cd08e2915565a308b71bcd080f4d98
2024-05-31,minimum,Day,Consumption,3232,09:00,09:30,49.87,official_observed_reference,609b00c4f574e5c76258af00d9094f5b13cd08e2915565a308b71bcd080f4d98
2024-06-01,maximum,Day,Generation,1391,17:00,17:30,50,official_observed_reference,506f7b3fd6757ef65f0fe8682f0635e4e5bab57e72bff78721e1214bdb17989a
2024-06-01,maximum,Day,Consumption,3593,17:00,17:30,50.00,official_observed_reference,506f7b3fd6757ef65f0fe8682f0635e4e5bab57e72bff78721e1214bdb17989a
2024-06-01,maximum,Evening,Generation,1697,20:00,20:30,49.89,official_observed_reference,506f7b3fd6757ef65f0fe8682f0635e4e5bab57e72bff78721e1214bdb17989a
2024-06-01,maximum,Evening,Consumption,4061,19:30,20:00,49.94,official_observed_reference,506f7b3fd6757ef65f0fe8682f0635e4e5bab57e72bff78721e1214bdb17989a
2024-06-01,maximum,Morning,Generation,1319,05:00,05:30,49.96,official_observed_reference,506f7b3fd6757ef65f0fe8682f0635e4e5bab57e72bff78721e1214bdb17989a
2024-06-01,maximum,Morning,Consumption,3204,08:00,08:30,50.07,official_observed_reference,506f7b3fd6757ef65f0fe8682f0635e4e5bab57e72bff78721e1214bdb17989a
2024-06-01,minimum,Night,Generation,1319,05:00,05:30,49.96,official_observed_reference,506f7b3fd6757ef65f0fe8682f0635e4e5bab57e72bff78721e1214bdb17989a
2024-06-01,minimum,Night,Consumption,2940,04:00,04:30,49.93,official_observed_reference,506f7b3fd6757ef65f0fe8682f0635e4e5bab57e72bff78721e1214bdb17989a
2024-06-01,minimum,Day,Generation,989,13:00,13:30,50.07,official_observed_reference,506f7b3fd6757ef65f0fe8682f0635e4e5bab57e72bff78721e1214bdb17989a
2024-06-01,minimum,Day,Consumption,3177,13:00,13:30,50.07,official_observed_reference,506f7b3fd6757ef65f0fe8682f0635e4e5bab57e72bff78721e1214bdb17989a
2024-06-02,maximum,Day,Generation,885,16:30,17:00,50.04,official_observed_reference,9ff5f50f680243ace638a40a8fbd1bdb53e74d06c9ca807463ff306f5e28f75b
2024-06-02,maximum,Day,Consumption,3218,17:30,18:00,50.04,official_observed_reference,9ff5f50f680243ace638a40a8fbd1bdb53e74d06c9ca807463ff306f5e28f75b
2024-06-02,maximum,Evening,Generation,1698,21:00,21:30,49.95,official_observed_reference,9ff5f50f680243ace638a40a8fbd1bdb53e74d06c9ca807463ff306f5e28f75b
2024-06-02,maximum,Evening,Consumption,3789,22:00,22:30,49.97,official_observed_reference,9ff5f50f680243ace638a40a8fbd1bdb53e74d06c9ca807463ff306f5e28f75b
2024-06-02,maximum,Morning,Generation,977,06:00,06:30,49.97,official_observed_reference,9ff5f50f680243ace638a40a8fbd1bdb53e74d06c9ca807463ff306f5e28f75b
2024-06-02,maximum,Morning,Consumption,3112,06:30,07:00,49.97,official_observed_reference,9ff5f50f680243ace638a40a8fbd1bdb53e74d06c9ca807463ff306f5e28f75b
2024-06-02,minimum,Night,Generation,717,17:30,18:00,50.04,official_observed_reference,9ff5f50f680243ace638a40a8fbd1bdb53e74d06c9ca807463ff306f5e28f75b
2024-06-02,minimum,Night,Consumption,2949,04:30,05:00,50.01,official_observed_reference,9ff5f50f680243ace638a40a8fbd1bdb53e74d06c9ca807463ff306f5e28f75b
2024-06-02,minimum,Day,Generation,231,11:00,11:30,49.95,official_observed_reference,9ff5f50f680243ace638a40a8fbd1bdb53e74d06c9ca807463ff306f5e28f75b
2024-06-02,minimum,Day,Consumption,2829,10:00,10:30,50.03,official_observed_reference,9ff5f50f680243ace638a40a8fbd1bdb53e74d06c9ca807463ff306f5e28f75b
2024-06-03,maximum,Day,Generation,1304,16:30,17:00,50,official_observed_reference,3448f12999125f4298b13949a4ba0cefb3c646ec4fc83c427b151b98e2367cd0
2024-06-03,maximum,Day,Consumption,3653,17:30,18:00,50.13,official_observed_reference,3448f12999125f4298b13949a4ba0cefb3c646ec4fc83c427b151b98e2367cd0
2024-06-03,maximum,Evening,Generation,1719,20:30,21:00,49.97,official_observed_reference,3448f12999125f4298b13949a4ba0cefb3c646ec4fc83c427b151b98e2367cd0
2024-06-03,maximum,Evening,Consumption,4211,19:30,20:00,50.06,official_observed_reference,3448f12999125f4298b13949a4ba0cefb3c646ec4fc83c427b151b98e2367cd0
2024-06-03,maximum,Morning,Generation,1235,06:00,06:30,50,official_observed_reference,3448f12999125f4298b13949a4ba0cefb3c646ec4fc83c427b151b98e2367cd0
2024-06-03,maximum,Morning,Consumption,3296,06:00,06:30,50.00,official_observed_reference,3448f12999125f4298b13949a4ba0cefb3c646ec4fc83c427b151b98e2367cd0
2024-06-03,minimum,Night,Generation,1048,18:00,18:30,50.08,official_observed_reference,3448f12999125f4298b13949a4ba0cefb3c646ec4fc83c427b151b98e2367cd0
2024-06-03,minimum,Night,Consumption,2879,04:00,04:30,49.97,official_observed_reference,3448f12999125f4298b13949a4ba0cefb3c646ec4fc83c427b151b98e2367cd0
2024-06-03,minimum,Day,Generation,520,09:00,09:30,50.04,official_observed_reference,3448f12999125f4298b13949a4ba0cefb3c646ec4fc83c427b151b98e2367cd0
2024-06-03,minimum,Day,Consumption,3130,09:00,09:30,50.04,official_observed_reference,3448f12999125f4298b13949a4ba0cefb3c646ec4fc83c427b151b98e2367cd0
2024-06-04,maximum,Day,Generation,1554,16:30,17:00,50.12,official_observed_reference,02e2a90cd5f06c2a96e8ab7b670f487eceda61f06a53f3856dcb6405d947acfd
2024-06-04,maximum,Day,Consumption,3922,16:30,17:00,50.12,official_observed_reference,02e2a90cd5f06c2a96e8ab7b670f487eceda61f06a53f3856dcb6405d947acfd
2024-06-04,maximum,Evening,Generation,1761,21:00,21:30,50.07,official_observed_reference,02e2a90cd5f06c2a96e8ab7b670f487eceda61f06a53f3856dcb6405d947acfd
2024-06-04,maximum,Evening,Consumption,4369,19:30,20:00,50.03,official_observed_reference,02e2a90cd5f06c2a96e8ab7b670f487eceda61f06a53f3856dcb6405d947acfd
2024-06-04,maximum,Morning,Generation,1378,06:30,07:00,50.03,official_observed_reference,02e2a90cd5f06c2a96e8ab7b670f487eceda61f06a53f3856dcb6405d947acfd
2024-06-04,maximum,Morning,Consumption,3355,07:00,07:30,50.03,official_observed_reference,02e2a90cd5f06c2a96e8ab7b670f487eceda61f06a53f3856dcb6405d947acfd
2024-06-04,minimum,Night,Generation,1196,04:00,04:30,50.02,official_observed_reference,02e2a90cd5f06c2a96e8ab7b670f487eceda61f06a53f3856dcb6405d947acfd
2024-06-04,minimum,Night,Consumption,2988,04:00,04:30,50.02,official_observed_reference,02e2a90cd5f06c2a96e8ab7b670f487eceda61f06a53f3856dcb6405d947acfd
2024-06-04,minimum,Day,Generation,1104,13:00,13:30,50.00,official_observed_reference,02e2a90cd5f06c2a96e8ab7b670f487eceda61f06a53f3856dcb6405d947acfd
2024-06-04,minimum,Day,Consumption,3374,09:00,09:30,49.96,official_observed_reference,02e2a90cd5f06c2a96e8ab7b670f487eceda61f06a53f3856dcb6405d947acfd
2024-06-05,maximum,Day,Generation,1367,17:00,17:30,50.08,official_observed_reference,1eb726bb230293ede215bdbc3f9470963fa3f0a6124c73ccc07c32d1d1c16568
2024-06-05,maximum,Day,Consumption,3810,17:00,17:30,50.08,official_observed_reference,1eb726bb230293ede215bdbc3f9470963fa3f0a6124c73ccc07c32d1d1c16568
2024-06-05,maximum,Evening,Generation,1751,19:30,20:00,50.09,official_observed_reference,1eb726bb230293ede215bdbc3f9470963fa3f0a6124c73ccc07c32d1d1c16568
2024-06-05,maximum,Evening,Consumption,4400,19:00,19:30,49.97,official_observed_reference,1eb726bb230293ede215bdbc3f9470963fa3f0a6124c73ccc07c32d1d1c16568
2024-06-05,maximum,Morning,Generation,1415,05:30,06:00,50.1,official_observed_reference,1eb726bb230293ede215bdbc3f9470963fa3f0a6124c73ccc07c32d1d1c16568
2024-06-05,maximum,Morning,Consumption,3405,06:00,06:30,50.04,official_observed_reference,1eb726bb230293ede215bdbc3f9470963fa3f0a6124c73ccc07c32d1d1c16568
2024-06-05,minimum,Night,Generation,1150,18:00,18:30,50.02,official_observed_reference,1eb726bb230293ede215bdbc3f9470963fa3f0a6124c73ccc07c32d1d1c16568
2024-06-05,minimum,Night,Consumption,3133,04:30,05:00,50.02,official_observed_reference,1eb726bb230293ede215bdbc3f9470963fa3f0a6124c73ccc07c32d1d1c16568
2024-06-05,minimum,Day,Generation,521,08:30,09:00,50.19,official_observed_reference,1eb726bb230293ede215bdbc3f9470963fa3f0a6124c73ccc07c32d1d1c16568
2024-06-05,minimum,Day,Consumption,3131,09:00,09:30,49.94,official_observed_reference,1eb726bb230293ede215bdbc3f9470963fa3f0a6124c73ccc07c32d1d1c16568
2024-06-06,maximum,Day,Generation,1232,16:30,17:00,50.07,official_observed_reference,0717e008ab7d464ad720d829e7bf586cfda8ed78f7313190a6ad1aa21259dac1
2024-06-06,maximum,Day,Consumption,3876,17:00,17:30,50.02,official_observed_reference,0717e008ab7d464ad720d829e7bf586cfda8ed78f7313190a6ad1aa21259dac1
2024-06-06,maximum,Evening,Generation,1715,19:30,20:00,50.01,official_observed_reference,0717e008ab7d464ad720d829e7bf586cfda8ed78f7313190a6ad1aa21259dac1
2024-06-06,maximum,Evening,Consumption,4153,19:00,19:30,50.01,official_observed_reference,0717e008ab7d464ad720d829e7bf586cfda8ed78f7313190a6ad1aa21259dac1
2024-06-06,maximum,Morning,Generation,1208,05:30,06:00,50.07,official_observed_reference,0717e008ab7d464ad720d829e7bf586cfda8ed78f7313190a6ad1aa21259dac1
2024-06-06,maximum,Morning,Consumption,3497,06:30,07:00,49.98,official_observed_reference,0717e008ab7d464ad720d829e7bf586cfda8ed78f7313190a6ad1aa21259dac1
2024-06-06,minimum,Night,Generation,908,03:30,04:00,50.04,official_observed_reference,0717e008ab7d464ad720d829e7bf586cfda8ed78f7313190a6ad1aa21259dac1
2024-06-06,minimum,Night,Consumption,3199,04:00,04:30,50.01,official_observed_reference,0717e008ab7d464ad720d829e7bf586cfda8ed78f7313190a6ad1aa21259dac1
2024-06-06,minimum,Day,Generation,472,09:00,09:30,50.14,official_observed_reference,0717e008ab7d464ad720d829e7bf586cfda8ed78f7313190a6ad1aa21259dac1
2024-06-06,minimum,Day,Consumption,3348,09:00,09:30,50.14,official_observed_reference,0717e008ab7d464ad720d829e7bf586cfda8ed78f7313190a6ad1aa21259dac1
2024-06-07,maximum,Day,Generation,1060,17:30,18:00,50.03,official_observed_reference,bed4710302d59d5517a5c2812d5d45f8a46c08f55d7411f8a25d9081ae359655
2024-06-07,maximum,Day,Consumption,3648,17:30,18:00,50.03,official_observed_reference,bed4710302d59d5517a5c2812d5d45f8a46c08f55d7411f8a25d9081ae359655
2024-06-07,maximum,Evening,Generation,1714,20:30,21:00,50.02,official_observed_reference,bed4710302d59d5517a5c2812d5d45f8a46c08f55d7411f8a25d9081ae359655
2024-06-07,maximum,Evening,Consumption,4148,19:00,19:30,50.07,official_observed_reference,bed4710302d59d5517a5c2812d5d45f8a46c08f55d7411f8a25d9081ae359655
2024-06-07,maximum,Morning,Generation,1005,06:30,07:00,50.02,official_observed_reference,bed4710302d59d5517a5c2812d5d45f8a46c08f55d7411f8a25d9081ae359655
2024-06-07,maximum,Morning,Consumption,3339,07:00,07:30,49.99,official_observed_reference,bed4710302d59d5517a5c2812d5d45f8a46c08f55d7411f8a25d9081ae359655
2024-06-07,minimum,Night,Generation,544,04:30,05:00,50.00,official_observed_reference,bed4710302d59d5517a5c2812d5d45f8a46c08f55d7411f8a25d9081ae359655
2024-06-07,minimum,Night,Consumption,2915,04:30,05:00,50.00,official_observed_reference,bed4710302d59d5517a5c2812d5d45f8a46c08f55d7411f8a25d9081ae359655
2024-06-07,minimum,Day,Generation,566,13:00,13:30,50.07,official_observed_reference,bed4710302d59d5517a5c2812d5d45f8a46c08f55d7411f8a25d9081ae359655
2024-06-07,minimum,Day,Consumption,3155,09:00,09:30,50.02,official_observed_reference,bed4710302d59d5517a5c2812d5d45f8a46c08f55d7411f8a25d9081ae359655
2024-06-08,maximum,Day,Generation,857,16:00,16:30,50.04,official_observed_reference,7ef19a04a958f3423202b7d8343ba1a1e34c5d6c23fff598b0743137a367ade6
2024-06-08,maximum,Day,Consumption,3483,16:00,16:30,50.04,official_observed_reference,7ef19a04a958f3423202b7d8343ba1a1e34c5d6c23fff598b0743137a367ade6
2024-06-08,maximum,Evening,Generation,1664,22:00,22:30,49.98,official_observed_reference,7ef19a04a958f3423202b7d8343ba1a1e34c5d6c23fff598b0743137a367ade6
2024-06-08,maximum,Evening,Consumption,3866,19:00,19:30,49.93,official_observed_reference,7ef19a04a958f3423202b7d8343ba1a1e34c5d6c23fff598b0743137a367ade6
2024-06-08,maximum,Morning,Generation,619,06:30,07:00,50.02,official_observed_reference,7ef19a04a958f3423202b7d8343ba1a1e34c5d6c23fff598b0743137a367ade6
2024-06-08,maximum,Morning,Consumption,3148,08:00,08:30,50.06,official_observed_reference,7ef19a04a958f3423202b7d8343ba1a1e34c5d6c23fff598b0743137a367ade6
2024-06-08,minimum,Night,Generation,541,04:30,05:00,50.01,official_observed_reference,7ef19a04a958f3423202b7d8343ba1a1e34c5d6c23fff598b0743137a367ade6
2024-06-08,minimum,Night,Consumption,2948,04:00,04:30,50.08,official_observed_reference,7ef19a04a958f3423202b7d8343ba1a1e34c5d6c23fff598b0743137a367ade6
2024-06-08,minimum,Day,Generation,376,08:30,09:00,50.02,official_observed_reference,7ef19a04a958f3423202b7d8343ba1a1e34c5d6c23fff598b0743137a367ade6
2024-06-08,minimum,Day,Consumption,3177,09:00,09:30,49.99,official_observed_reference,7ef19a04a958f3423202b7d8343ba1a1e34c5d6c23fff598b0743137a367ade6
2024-06-09,maximum,Day,Generation,503,17:00,17:30,49.99,official_observed_reference,c06440eb3a748adc5bb14df54c187f4641216e0cf0cd2a404381ba4ee554781d
2024-06-09,maximum,Day,Consumption,3036,17:30,18:00,49.91,official_observed_reference,c06440eb3a748adc5bb14df54c187f4641216e0cf0cd2a404381ba4ee554781d
2024-06-09,maximum,Evening,Generation,1451,22:00,22:30,49.94,official_observed_reference,c06440eb3a748adc5bb14df54c187f4641216e0cf0cd2a404381ba4ee554781d
2024-06-09,maximum,Evening,Consumption,3736,20:30,21:00,50.01,official_observed_reference,c06440eb3a748adc5bb14df54c187f4641216e0cf0cd2a404381ba4ee554781d
2024-06-09,maximum,Morning,Generation,422,05:30,06:00,50.07,official_observed_reference,c06440eb3a748adc5bb14df54c187f4641216e0cf0cd2a404381ba4ee554781d
2024-06-09,maximum,Morning,Consumption,2888,06:30,07:00,50.06,official_observed_reference,c06440eb3a748adc5bb14df54c187f4641216e0cf0cd2a404381ba4ee554781d
2024-06-09,minimum,Night,Generation,358,04:30,05:00,49.95,official_observed_reference,c06440eb3a748adc5bb14df54c187f4641216e0cf0cd2a404381ba4ee554781d
2024-06-09,minimum,Night,Consumption,2699,04:30,05:00,49.95,official_observed_reference,c06440eb3a748adc5bb14df54c187f4641216e0cf0cd2a404381ba4ee554781d
2024-06-09,minimum,Day,Generation,228,09:00,09:30,49.98,official_observed_reference,c06440eb3a748adc5bb14df54c187f4641216e0cf0cd2a404381ba4ee554781d
2024-06-09,minimum,Day,Consumption,2577,10:30,11:00,49.93,official_observed_reference,c06440eb3a748adc5bb14df54c187f4641216e0cf0cd2a404381ba4ee554781d
2024-06-10,maximum,Day,Generation,924,17:30,18:00,50.07,official_observed_reference,016a1b131e445db2e151acbef973f8d7c32f655adb34f8c49ed390802288dc22
2024-06-10,maximum,Day,Consumption,3590,17:30,18:00,50.07,official_observed_reference,016a1b131e445db2e151acbef973f8d7c32f655adb34f8c49ed390802288dc22
2024-06-10,maximum,Evening,Generation,1699,21:00,21:30,50,official_observed_reference,016a1b131e445db2e151acbef973f8d7c32f655adb34f8c49ed390802288dc22
2024-06-10,maximum,Evening,Consumption,4054,19:30,20:00,50.13,official_observed_reference,016a1b131e445db2e151acbef973f8d7c32f655adb34f8c49ed390802288dc22
2024-06-10,maximum,Morning,Generation,633,06:30,07:00,50.04,official_observed_reference,016a1b131e445db2e151acbef973f8d7c32f655adb34f8c49ed390802288dc22
2024-06-10,maximum,Morning,Consumption,3100,07:00,07:30,50.06,official_observed_reference,016a1b131e445db2e151acbef973f8d7c32f655adb34f8c49ed390802288dc22
2024-06-10,minimum,Night,Generation,337,03:30,04:00,49.95,official_observed_reference,016a1b131e445db2e151acbef973f8d7c32f655adb34f8c49ed390802288dc22
2024-06-10,minimum,Night,Consumption,2668,04:00,04:30,49.97,official_observed_reference,016a1b131e445db2e151acbef973f8d7c32f655adb34f8c49ed390802288dc22
2024-06-10,minimum,Day,Generation,366,08:30,09:00,50.15,official_observed_reference,016a1b131e445db2e151acbef973f8d7c32f655adb34f8c49ed390802288dc22
2024-06-10,minimum,Day,Consumption,3042,09:00,09:30,50.03,official_observed_reference,016a1b131e445db2e151acbef973f8d7c32f655adb34f8c49ed390802288dc22
2024-06-11,maximum,Day,Generation,1024,16:30,17:00,50.05,official_observed_reference,696748e1b82c4b899bad81bc675c8d50edb7226252ead7d20149a9cfc460a05e
2024-06-11,maximum,Day,Consumption,3571,17:00,17:30,50.05,official_observed_reference,696748e1b82c4b899bad81bc675c8d50edb7226252ead7d20149a9cfc460a05e
2024-06-11,maximum,Evening,Generation,1735,22:00,22:30,50.05,official_observed_reference,696748e1b82c4b899bad81bc675c8d50edb7226252ead7d20149a9cfc460a05e
2024-06-11,maximum,Evening,Consumption,4208,19:30,20:00,50.05,official_observed_reference,696748e1b82c4b899bad81bc675c8d50edb7226252ead7d20149a9cfc460a05e
2024-06-11,maximum,Morning,Generation,737,05:30,06:00,50.07,official_observed_reference,696748e1b82c4b899bad81bc675c8d50edb7226252ead7d20149a9cfc460a05e
2024-06-11,maximum,Morning,Consumption,3157,07:00,07:30,50.09,official_observed_reference,696748e1b82c4b899bad81bc675c8d50edb7226252ead7d20149a9cfc460a05e
2024-06-11,minimum,Night,Generation,727,05:00,05:30,50.03,official_observed_reference,696748e1b82c4b899bad81bc675c8d50edb7226252ead7d20149a9cfc460a05e
2024-06-11,minimum,Night,Consumption,2835,04:00,04:30,49.95,official_observed_reference,696748e1b82c4b899bad81bc675c8d50edb7226252ead7d20149a9cfc460a05e
2024-06-11,minimum,Day,Generation,398,15:00,15:30,50.05,official_observed_reference,696748e1b82c4b899bad81bc675c8d50edb7226252ead7d20149a9cfc460a05e
2024-06-11,minimum,Day,Consumption,3004,15:00,15:30,50.05,official_observed_reference,696748e1b82c4b899bad81bc675c8d50edb7226252ead7d20149a9cfc460a05e
2024-06-12,maximum,Day,Generation,1101,16:30,17:00,50.07,official_observed_reference,e6d0a21c9ea79ae0a079bef11c61ae34c1114629b073039ca1918d5c8d75d286
2024-06-12,maximum,Day,Consumption,3549,17:00,17:30,50.07,official_observed_reference,e6d0a21c9ea79ae0a079bef11c61ae34c1114629b073039ca1918d5c8d75d286
2024-06-12,maximum,Evening,Generation,1699,22:00,22:30,50.01,official_observed_reference,e6d0a21c9ea79ae0a079bef11c61ae34c1114629b073039ca1918d5c8d75d286
2024-06-12,maximum,Evening,Consumption,4097,19:30,20:00,49.97,official_observed_reference,e6d0a21c9ea79ae0a079bef11c61ae34c1114629b073039ca1918d5c8d75d286
2024-06-12,maximum,Morning,Generation,724,06:30,07:00,50.03,official_observed_reference,e6d0a21c9ea79ae0a079bef11c61ae34c1114629b073039ca1918d5c8d75d286
2024-06-12,maximum,Morning,Consumption,3274,07:00,07:30,49.99,official_observed_reference,e6d0a21c9ea79ae0a079bef11c61ae34c1114629b073039ca1918d5c8d75d286
2024-06-12,minimum,Night,Generation,543,05:00,05:30,49.99,official_observed_reference,e6d0a21c9ea79ae0a079bef11c61ae34c1114629b073039ca1918d5c8d75d286
2024-06-12,minimum,Night,Consumption,2907,03:30,04:00,50.05,official_observed_reference,e6d0a21c9ea79ae0a079bef11c61ae34c1114629b073039ca1918d5c8d75d286
2024-06-12,minimum,Day,Generation,507,09:30,10:00,50.09,official_observed_reference,e6d0a21c9ea79ae0a079bef11c61ae34c1114629b073039ca1918d5c8d75d286
2024-06-12,minimum,Day,Consumption,3123,13:30,14:00,49.96,official_observed_reference,e6d0a21c9ea79ae0a079bef11c61ae34c1114629b073039ca1918d5c8d75d286
2024-06-13,maximum,Day,Generation,1073,15:30,16:00,50.05,official_observed_reference,7a39a858e2e6a09288bbde4a107dbbf5357b951d189914d08abb556bb2585441
2024-06-13,maximum,Day,Consumption,3684,17:30,18:00,50.06,official_observed_reference,7a39a858e2e6a09288bbde4a107dbbf5357b951d189914d08abb556bb2585441
2024-06-13,maximum,Evening,Generation,1738,22:00,22:30,50.01,official_observed_reference,7a39a858e2e6a09288bbde4a107dbbf5357b951d189914d08abb556bb2585441
2024-06-13,maximum,Evening,Consumption,4212,19:30,20:00,50.02,official_observed_reference,7a39a858e2e6a09288bbde4a107dbbf5357b951d189914d08abb556bb2585441
2024-06-13,maximum,Morning,Generation,750,06:30,07:00,50.02,official_observed_reference,7a39a858e2e6a09288bbde4a107dbbf5357b951d189914d08abb556bb2585441
2024-06-13,maximum,Morning,Consumption,3265,06:30,07:00,50.02,official_observed_reference,7a39a858e2e6a09288bbde4a107dbbf5357b951d189914d08abb556bb2585441
2024-06-13,minimum,Night,Generation,499,05:00,05:30,49.99,official_observed_reference,7a39a858e2e6a09288bbde4a107dbbf5357b951d189914d08abb556bb2585441
2024-06-13,minimum,Night,Consumption,2865,03:30,04:00,50.06,official_observed_reference,7a39a858e2e6a09288bbde4a107dbbf5357b951d189914d08abb556bb2585441
2024-06-13,minimum,Day,Generation,434,08:30,09:00,50.08,official_observed_reference,7a39a858e2e6a09288bbde4a107dbbf5357b951d189914d08abb556bb2585441
2024-06-13,minimum,Day,Consumption,3152,09:30,10:00,50.09,official_observed_reference,7a39a858e2e6a09288bbde4a107dbbf5357b951d189914d08abb556bb2585441
2024-06-14,maximum,Day,Generation,1158,17:00,17:30,50.04,official_observed_reference,7ed459a01fc922142e6ff618f00dc710cb10f117fe4a7511c8dc1a5ee1d8afc2
2024-06-14,maximum,Day,Consumption,3659,16:00,16:30,49.99,official_observed_reference,7ed459a01fc922142e6ff618f00dc710cb10f117fe4a7511c8dc1a5ee1d8afc2
2024-06-14,maximum,Evening,Generation,1757,21:30,22:00,50.01,official_observed_reference,7ed459a01fc922142e6ff618f00dc710cb10f117fe4a7511c8dc1a5ee1d8afc2
2024-06-14,maximum,Evening,Consumption,4272,20:00,20:30,50.07,official_observed_reference,7ed459a01fc922142e6ff618f00dc710cb10f117fe4a7511c8dc1a5ee1d8afc2
2024-06-14,maximum,Morning,Generation,793,06:30,07:00,50.05,official_observed_reference,7ed459a01fc922142e6ff618f00dc710cb10f117fe4a7511c8dc1a5ee1d8afc2
2024-06-14,maximum,Morning,Consumption,3324,06:30,07:00,50.05,official_observed_reference,7ed459a01fc922142e6ff618f00dc710cb10f117fe4a7511c8dc1a5ee1d8afc2
2024-06-14,minimum,Night,Generation,639,05:00,05:30,50.02,official_observed_reference,7ed459a01fc922142e6ff618f00dc710cb10f117fe4a7511c8dc1a5ee1d8afc2
2024-06-14,minimum,Night,Consumption,2951,03:30,04:00,50.03,official_observed_reference,7ed459a01fc922142e6ff618f00dc710cb10f117fe4a7511c8dc1a5ee1d8afc2
2024-06-14,minimum,Day,Generation,462,09:00,09:30,50.12,official_observed_reference,7ed459a01fc922142e6ff618f00dc710cb10f117fe4a7511c8dc1a5ee1d8afc2
2024-06-14,minimum,Day,Consumption,3146,09:00,09:30,50.12,official_observed_reference,7ed459a01fc922142e6ff618f00dc710cb10f117fe4a7511c8dc1a5ee1d8afc2
2024-06-15,maximum,Day,Generation,1260,17:00,17:30,50,official_observed_reference,74543caebdc7e6cefa5dd2b0fcfb4af98877ecef64ac9169e5c800a6c4237113
2024-06-15,maximum,Day,Consumption,3704,16:30,17:00,49.96,official_observed_reference,74543caebdc7e6cefa5dd2b0fcfb4af98877ecef64ac9169e5c800a6c4237113
2024-06-15,maximum,Evening,Generation,1759,21:00,21:30,49.96,official_observed_reference,74543caebdc7e6cefa5dd2b0fcfb4af98877ecef64ac9169e5c800a6c4237113
2024-06-15,maximum,Evening,Consumption,4262,19:30,20:00,49.99,official_observed_reference,74543caebdc7e6cefa5dd2b0fcfb4af98877ecef64ac9169e5c800a6c4237113
2024-06-15,maximum,Morning,Generation,910,06:00,06:30,49.96,official_observed_reference,74543caebdc7e6cefa5dd2b0fcfb4af98877ecef64ac9169e5c800a6c4237113
2024-06-15,maximum,Morning,Consumption,3281,07:00,07:30,50.00,official_observed_reference,74543caebdc7e6cefa5dd2b0fcfb4af98877ecef64ac9169e5c800a6c4237113
2024-06-15,minimum,Night,Generation,784,05:00,05:30,49.94,official_observed_reference,74543caebdc7e6cefa5dd2b0fcfb4af98877ecef64ac9169e5c800a6c4237113
2024-06-15,minimum,Night,Consumption,3017,05:00,05:30,49.94,official_observed_reference,74543caebdc7e6cefa5dd2b0fcfb4af98877ecef64ac9169e5c800a6c4237113
2024-06-15,minimum,Day,Generation,435,08:30,09:00,50.09,official_observed_reference,74543caebdc7e6cefa5dd2b0fcfb4af98877ecef64ac9169e5c800a6c4237113
2024-06-15,minimum,Day,Consumption,3223,09:00,09:30,50.04,official_observed_reference,74543caebdc7e6cefa5dd2b0fcfb4af98877ecef64ac9169e5c800a6c4237113
2024-06-16,maximum,Day,Generation,940,17:30,18:00,50.02,official_observed_reference,c834be0abe9f4050a6618546e77710627b4a825ba1dc3fbc00533f2c620fee9c
2024-06-16,maximum,Day,Consumption,3239,17:30,18:00,50.02,official_observed_reference,c834be0abe9f4050a6618546e77710627b4a825ba1dc3fbc00533f2c620fee9c
2024-06-16,maximum,Evening,Generation,1785,22:00,22:30,49.88,official_observed_reference,c834be0abe9f4050a6618546e77710627b4a825ba1dc3fbc00533f2c620fee9c
2024-06-16,maximum,Evening,Consumption,4105,22:00,22:30,49.88,official_observed_reference,c834be0abe9f4050a6618546e77710627b4a825ba1dc3fbc00533f2c620fee9c
2024-06-16,maximum,Morning,Generation,1495,05:30,06:00,50,official_observed_reference,c834be0abe9f4050a6618546e77710627b4a825ba1dc3fbc00533f2c620fee9c
2024-06-16,maximum,Morning,Consumption,3162,05:30,06:00,50.00,official_observed_reference,c834be0abe9f4050a6618546e77710627b4a825ba1dc3fbc00533f2c620fee9c
2024-06-16,minimum,Night,Generation,940,17:30,18:00,50.02,official_observed_reference,c834be0abe9f4050a6618546e77710627b4a825ba1dc3fbc00533f2c620fee9c
2024-06-16,minimum,Night,Consumption,3148,05:00,05:30,50.00,official_observed_reference,c834be0abe9f4050a6618546e77710627b4a825ba1dc3fbc00533f2c620fee9c
2024-06-16,minimum,Day,Generation,358,11:00,11:30,49.98,official_observed_reference,c834be0abe9f4050a6618546e77710627b4a825ba1dc3fbc00533f2c620fee9c
2024-06-16,minimum,Day,Consumption,2776,09:30,10:00,49.99,official_observed_reference,c834be0abe9f4050a6618546e77710627b4a825ba1dc3fbc00533f2c620fee9c
2024-06-17,maximum,Day,Generation,1264,16:00,16:30,50.06,official_observed_reference,fe9d5afa3409a89609d74526e3ccacb738fe76b0737f649c9df0b8030d5a969f
2024-06-17,maximum,Day,Consumption,3427,16:00,16:30,50.06,official_observed_reference,fe9d5afa3409a89609d74526e3ccacb738fe76b0737f649c9df0b8030d5a969f
2024-06-17,maximum,Evening,Generation,1795,21:30,22:00,50,official_observed_reference,fe9d5afa3409a89609d74526e3ccacb738fe76b0737f649c9df0b8030d5a969f
2024-06-17,maximum,Evening,Consumption,4285,22:00,22:30,49.87,official_observed_reference,fe9d5afa3409a89609d74526e3ccacb738fe76b0737f649c9df0b8030d5a969f
2024-06-17,maximum,Morning,Generation,1215,06:00,06:30,50.03,official_observed_reference,fe9d5afa3409a89609d74526e3ccacb738fe76b0737f649c9df0b8030d5a969f
2024-06-17,maximum,Morning,Consumption,3316,06:30,07:00,50.01,official_observed_reference,fe9d5afa3409a89609d74526e3ccacb738fe76b0737f649c9df0b8030d5a969f
2024-06-17,minimum,Night,Generation,984,18:00,18:30,50.03,official_observed_reference,fe9d5afa3409a89609d74526e3ccacb738fe76b0737f649c9df0b8030d5a969f
2024-06-17,minimum,Night,Consumption,3088,03:30,04:00,50.02,official_observed_reference,fe9d5afa3409a89609d74526e3ccacb738fe76b0737f649c9df0b8030d5a969f
2024-06-17,minimum,Day,Generation,474,11:30,12:00,50.00,official_observed_reference,fe9d5afa3409a89609d74526e3ccacb738fe76b0737f649c9df0b8030d5a969f
2024-06-17,minimum,Day,Consumption,2985,10:30,11:00,50.04,official_observed_reference,fe9d5afa3409a89609d74526e3ccacb738fe76b0737f649c9df0b8030d5a969f
2024-06-18,maximum,Day,Generation,1384,16:30,17:00,50,official_observed_reference,ad88083c9765637ffa73a8e3dd5622968bbdabd45812439b79a6a2708ee3ab34
2024-06-18,maximum,Day,Consumption,3739,16:30,17:00,50.00,official_observed_reference,ad88083c9765637ffa73a8e3dd5622968bbdabd45812439b79a6a2708ee3ab34
2024-06-18,maximum,Evening,Generation,1672,21:00,21:30,50.02,official_observed_reference,ad88083c9765637ffa73a8e3dd5622968bbdabd45812439b79a6a2708ee3ab34
2024-06-18,maximum,Evening,Consumption,4160,19:00,19:30,49.96,official_observed_reference,ad88083c9765637ffa73a8e3dd5622968bbdabd45812439b79a6a2708ee3ab34
2024-06-18,maximum,Morning,Generation,1143,07:00,07:30,50.02,official_observed_reference,ad88083c9765637ffa73a8e3dd5622968bbdabd45812439b79a6a2708ee3ab34
2024-06-18,maximum,Morning,Consumption,3338,07:00,07:30,50.02,official_observed_reference,ad88083c9765637ffa73a8e3dd5622968bbdabd45812439b79a6a2708ee3ab34
2024-06-18,minimum,Night,Generation,1122,05:00,05:30,50.02,official_observed_reference,ad88083c9765637ffa73a8e3dd5622968bbdabd45812439b79a6a2708ee3ab34
2024-06-18,minimum,Night,Consumption,3140,04:00,04:30,49.98,official_observed_reference,ad88083c9765637ffa73a8e3dd5622968bbdabd45812439b79a6a2708ee3ab34
2024-06-18,minimum,Day,Generation,541,13:00,13:30,50.03,official_observed_reference,ad88083c9765637ffa73a8e3dd5622968bbdabd45812439b79a6a2708ee3ab34
2024-06-18,minimum,Day,Consumption,3260,13:00,13:30,50.03,official_observed_reference,ad88083c9765637ffa73a8e3dd5622968bbdabd45812439b79a6a2708ee3ab34
2024-06-19,maximum,Day,Generation,1001,16:30,17:00,50.09,official_observed_reference,337444dc263b7f73c842ca27438e576c94631b11caa2ede6b27250b83d7a47b5
2024-06-19,maximum,Day,Consumption,3639,16:30,17:00,50.09,official_observed_reference,337444dc263b7f73c842ca27438e576c94631b11caa2ede6b27250b83d7a47b5
2024-06-19,maximum,Evening,Generation,1606,19:00,19:30,50.04,official_observed_reference,337444dc263b7f73c842ca27438e576c94631b11caa2ede6b27250b83d7a47b5
2024-06-19,maximum,Evening,Consumption,4120,19:30,20:00,50.09,official_observed_reference,337444dc263b7f73c842ca27438e576c94631b11caa2ede6b27250b83d7a47b5
2024-06-19,maximum,Morning,Generation,1059,06:00,06:30,50.06,official_observed_reference,337444dc263b7f73c842ca27438e576c94631b11caa2ede6b27250b83d7a47b5
2024-06-19,maximum,Morning,Consumption,3344,07:00,07:30,49.94,official_observed_reference,337444dc263b7f73c842ca27438e576c94631b11caa2ede6b27250b83d7a47b5
2024-06-19,minimum,Night,Generation,790,05:00,05:30,50.04,official_observed_reference,337444dc263b7f73c842ca27438e576c94631b11caa2ede6b27250b83d7a47b5
2024-06-19,minimum,Night,Consumption,3016,03:30,04:00,50.04,official_observed_reference,337444dc263b7f73c842ca27438e576c94631b11caa2ede6b27250b83d7a47b5
2024-06-19,minimum,Day,Generation,436,13:00,13:30,50.01,official_observed_reference,337444dc263b7f73c842ca27438e576c94631b11caa2ede6b27250b83d7a47b5
2024-06-19,minimum,Day,Consumption,3256,10:00,10:30,50.05,official_observed_reference,337444dc263b7f73c842ca27438e576c94631b11caa2ede6b27250b83d7a47b5
2024-06-20,maximum,Day,Generation,1003,17:00,17:30,49.95,official_observed_reference,2e3f599d39807e5ecf3672d3f24ac246f684a4be4f7d0e39e0f1eaa78dc409f2
2024-06-20,maximum,Day,Consumption,3555,17:30,18:00,50.07,official_observed_reference,2e3f599d39807e5ecf3672d3f24ac246f684a4be4f7d0e39e0f1eaa78dc409f2
2024-06-20,maximum,Evening,Generation,1597,22:00,22:30,50.03,official_observed_reference,2e3f599d39807e5ecf3672d3f24ac246f684a4be4f7d0e39e0f1eaa78dc409f2
2024-06-20,maximum,Evening,Consumption,3987,19:00,19:30,49.92,official_observed_reference,2e3f599d39807e5ecf3672d3f24ac246f684a4be4f7d0e39e0f1eaa78dc409f2
2024-06-20,maximum,Morning,Generation,800,07:00,07:30,50.1,official_observed_reference,2e3f599d39807e5ecf3672d3f24ac246f684a4be4f7d0e39e0f1eaa78dc409f2
2024-06-20,maximum,Morning,Consumption,3317,07:00,07:30,50.10,official_observed_reference,2e3f599d39807e5ecf3672d3f24ac246f684a4be4f7d0e39e0f1eaa78dc409f2
2024-06-20,minimum,Night,Generation,572,05:00,05:30,50.03,official_observed_reference,2e3f599d39807e5ecf3672d3f24ac246f684a4be4f7d0e39e0f1eaa78dc409f2
2024-06-20,minimum,Night,Consumption,2941,03:30,04:00,50.08,official_observed_reference,2e3f599d39807e5ecf3672d3f24ac246f684a4be4f7d0e39e0f1eaa78dc409f2
2024-06-20,minimum,Day,Generation,444,08:00,08:30,50.08,official_observed_reference,2e3f599d39807e5ecf3672d3f24ac246f684a4be4f7d0e39e0f1eaa78dc409f2
2024-06-20,minimum,Day,Consumption,3124,13:30,14:00,50.04,official_observed_reference,2e3f599d39807e5ecf3672d3f24ac246f684a4be4f7d0e39e0f1eaa78dc409f2
2024-06-21,maximum,Day,Generation,1011,17:30,18:00,50.01,official_observed_reference,1c9286ac50c4f789e8fad596c5a9297f61f7698f50776e087327929e34a4c0c0
2024-06-21,maximum,Day,Consumption,3408,17:00,17:30,50.04,official_observed_reference,1c9286ac50c4f789e8fad596c5a9297f61f7698f50776e087327929e34a4c0c0
2024-06-21,maximum,Evening,Generation,1671,19:30,20:00,50.02,official_observed_reference,1c9286ac50c4f789e8fad596c5a9297f61f7698f50776e087327929e34a4c0c0
2024-06-21,maximum,Evening,Consumption,3977,19:00,19:30,49.97,official_observed_reference,1c9286ac50c4f789e8fad596c5a9297f61f7698f50776e087327929e34a4c0c0
2024-06-21,maximum,Morning,Generation,786,06:00,06:30,49.89,official_observed_reference,1c9286ac50c4f789e8fad596c5a9297f61f7698f50776e087327929e34a4c0c0
2024-06-21,maximum,Morning,Consumption,3243,07:00,07:30,49.96,official_observed_reference,1c9286ac50c4f789e8fad596c5a9297f61f7698f50776e087327929e34a4c0c0
2024-06-21,minimum,Night,Generation,602,05:00,05:30,49.95,official_observed_reference,1c9286ac50c4f789e8fad596c5a9297f61f7698f50776e087327929e34a4c0c0
2024-06-21,minimum,Night,Consumption,2851,04:00,04:30,50.03,official_observed_reference,1c9286ac50c4f789e8fad596c5a9297f61f7698f50776e087327929e34a4c0c0
2024-06-21,minimum,Day,Generation,431,09:00,09:30,49.97,official_observed_reference,1c9286ac50c4f789e8fad596c5a9297f61f7698f50776e087327929e34a4c0c0
2024-06-21,minimum,Day,Consumption,3067,13:30,14:00,49.94,official_observed_reference,1c9286ac50c4f789e8fad596c5a9297f61f7698f50776e087327929e34a4c0c0
2024-06-22,maximum,Day,Generation,1027,16:30,17:00,50,official_observed_reference,01d3962811416cf1ff509c898839ff982209fcc267b86a795986496acb9417b1
2024-06-22,maximum,Day,Consumption,3340,17:30,18:00,50.02,official_observed_reference,01d3962811416cf1ff509c898839ff982209fcc267b86a795986496acb9417b1
2024-06-22,maximum,Evening,Generation,1676,21:30,22:00,49.98,official_observed_reference,01d3962811416cf1ff509c898839ff982209fcc267b86a795986496acb9417b1
2024-06-22,maximum,Evening,Consumption,3872,19:00,19:30,49.91,official_observed_reference,01d3962811416cf1ff509c898839ff982209fcc267b86a795986496acb9417b1
2024-06-22,maximum,Morning,Generation,791,06:30,07:00,50,official_observed_reference,01d3962811416cf1ff509c898839ff982209fcc267b86a795986496acb9417b1
2024-06-22,maximum,Morning,Consumption,3091,07:00,07:30,49.97,official_observed_reference,01d3962811416cf1ff509c898839ff982209fcc267b86a795986496acb9417b1
2024-06-22,minimum,Night,Generation,659,03:30,04:00,50.04,official_observed_reference,01d3962811416cf1ff509c898839ff982209fcc267b86a795986496acb9417b1
2024-06-22,minimum,Night,Consumption,2701,04:00,04:30,49.96,official_observed_reference,01d3962811416cf1ff509c898839ff982209fcc267b86a795986496acb9417b1
2024-06-22,minimum,Day,Generation,440,10:30,11:00,50.02,official_observed_reference,01d3962811416cf1ff509c898839ff982209fcc267b86a795986496acb9417b1
2024-06-22,minimum,Day,Consumption,2933,09:00,09:30,50.03,official_observed_reference,01d3962811416cf1ff509c898839ff982209fcc267b86a795986496acb9417b1
2024-06-23,maximum,Day,Generation,628,17:30,18:00,50.03,official_observed_reference,92644e811e2677b46637a02e991eae12521e94682b860b6114871338c99b41d8
2024-06-23,maximum,Day,Consumption,2868,17:30,18:00,50.03,official_observed_reference,92644e811e2677b46637a02e991eae12521e94682b860b6114871338c99b41d8
2024-06-23,maximum,Evening,Generation,1475,22:00,22:30,49.92,official_observed_reference,92644e811e2677b46637a02e991eae12521e94682b860b6114871338c99b41d8
2024-06-23,maximum,Evening,Consumption,3547,19:30,20:00,49.96,official_observed_reference,92644e811e2677b46637a02e991eae12521e94682b860b6114871338c99b41d8
2024-06-23,maximum,Morning,Generation,755,05:30,06:00,50.07,official_observed_reference,92644e811e2677b46637a02e991eae12521e94682b860b6114871338c99b41d8
2024-06-23,maximum,Morning,Consumption,2854,07:00,07:30,50.09,official_observed_reference,92644e811e2677b46637a02e991eae12521e94682b860b6114871338c99b41d8
2024-06-23,minimum,Night,Generation,628,17:30,18:00,50.03,official_observed_reference,92644e811e2677b46637a02e991eae12521e94682b860b6114871338c99b41d8
2024-06-23,minimum,Night,Consumption,2621,03:30,04:00,50.01,official_observed_reference,92644e811e2677b46637a02e991eae12521e94682b860b6114871338c99b41d8
2024-06-23,minimum,Day,Generation,256,09:00,09:30,49.95,official_observed_reference,92644e811e2677b46637a02e991eae12521e94682b860b6114871338c99b41d8
2024-06-23,minimum,Day,Consumption,2604,09:00,09:30,49.95,official_observed_reference,92644e811e2677b46637a02e991eae12521e94682b860b6114871338c99b41d8
2024-06-24,maximum,Day,Generation,755,17:30,18:00,50,official_observed_reference,08eadf39266959a55ff4360b10051f9d4ddef22818d61386974d8bcce61dff19
2024-06-24,maximum,Day,Consumption,3145,10:30,11:00,50.04,official_observed_reference,08eadf39266959a55ff4360b10051f9d4ddef22818d61386974d8bcce61dff19
2024-06-24,maximum,Evening,Generation,1668,22:00,22:30,50.01,official_observed_reference,08eadf39266959a55ff4360b10051f9d4ddef22818d61386974d8bcce61dff19
2024-06-24,maximum,Evening,Consumption,3608,20:00,20:30,50.01,official_observed_reference,08eadf39266959a55ff4360b10051f9d4ddef22818d61386974d8bcce61dff19
2024-06-24,maximum,Morning,Generation,898,07:00,07:30,50.05,official_observed_reference,08eadf39266959a55ff4360b10051f9d4ddef22818d61386974d8bcce61dff19
2024-06-24,maximum,Morning,Consumption,3105,07:00,07:30,50.05,official_observed_reference,08eadf39266959a55ff4360b10051f9d4ddef22818d61386974d8bcce61dff19
2024-06-24,minimum,Night,Generation,669,04:30,05:00,50.04,official_observed_reference,08eadf39266959a55ff4360b10051f9d4ddef22818d61386974d8bcce61dff19
2024-06-24,minimum,Night,Consumption,2559,03:30,04:00,50.04,official_observed_reference,08eadf39266959a55ff4360b10051f9d4ddef22818d61386974d8bcce61dff19
2024-06-24,minimum,Day,Generation,323,13:30,14:00,50.03,official_observed_reference,08eadf39266959a55ff4360b10051f9d4ddef22818d61386974d8bcce61dff19
2024-06-24,minimum,Day,Consumption,2858,13:30,14:00,50.03,official_observed_reference,08eadf39266959a55ff4360b10051f9d4ddef22818d61386974d8bcce61dff19
2024-06-25,maximum,Day,Generation,1124,17:30,18:00,50.09,official_observed_reference,06efae97288853120ccfe32d4ceab1f627279c9b8b44cdf5b88df2911676f381
2024-06-25,maximum,Day,Consumption,3270,17:00,17:30,50.05,official_observed_reference,06efae97288853120ccfe32d4ceab1f627279c9b8b44cdf5b88df2911676f381
2024-06-25,maximum,Evening,Generation,1435,22:00,22:30,49.96,official_observed_reference,06efae97288853120ccfe32d4ceab1f627279c9b8b44cdf5b88df2911676f381
2024-06-25,maximum,Evening,Consumption,3488,19:30,20:00,50.04,official_observed_reference,06efae97288853120ccfe32d4ceab1f627279c9b8b44cdf5b88df2911676f381
2024-06-25,maximum,Morning,Generation,873,06:30,07:00,50.01,official_observed_reference,06efae97288853120ccfe32d4ceab1f627279c9b8b44cdf5b88df2911676f381
2024-06-25,maximum,Morning,Consumption,3048,08:00,08:30,49.98,official_observed_reference,06efae97288853120ccfe32d4ceab1f627279c9b8b44cdf5b88df2911676f381
2024-06-25,minimum,Night,Generation,634,05:00,05:30,49.94,official_observed_reference,06efae97288853120ccfe32d4ceab1f627279c9b8b44cdf5b88df2911676f381
2024-06-25,minimum,Night,Consumption,2499,03:30,04:00,50.06,official_observed_reference,06efae97288853120ccfe32d4ceab1f627279c9b8b44cdf5b88df2911676f381
2024-06-25,minimum,Day,Generation,613,12:00,12:30,49.97,official_observed_reference,06efae97288853120ccfe32d4ceab1f627279c9b8b44cdf5b88df2911676f381
2024-06-25,minimum,Day,Consumption,2964,11:30,12:00,50.02,official_observed_reference,06efae97288853120ccfe32d4ceab1f627279c9b8b44cdf5b88df2911676f381
2024-06-26,maximum,Day,Generation,1084,17:30,18:00,50.07,official_observed_reference,670dcaaff4360203fa9e1b75e9c82c1271026a77e6942d86d8f80ecd5f7678b3
2024-06-26,maximum,Day,Consumption,3252,17:00,17:30,49.99,official_observed_reference,670dcaaff4360203fa9e1b75e9c82c1271026a77e6942d86d8f80ecd5f7678b3
2024-06-26,maximum,Evening,Generation,1610,20:00,20:30,50.04,official_observed_reference,670dcaaff4360203fa9e1b75e9c82c1271026a77e6942d86d8f80ecd5f7678b3
2024-06-26,maximum,Evening,Consumption,3629,19:30,20:00,50.03,official_observed_reference,670dcaaff4360203fa9e1b75e9c82c1271026a77e6942d86d8f80ecd5f7678b3
2024-06-26,maximum,Morning,Generation,812,07:00,07:30,49.93,official_observed_reference,670dcaaff4360203fa9e1b75e9c82c1271026a77e6942d86d8f80ecd5f7678b3
2024-06-26,maximum,Morning,Consumption,2959,08:00,08:30,49.99,official_observed_reference,670dcaaff4360203fa9e1b75e9c82c1271026a77e6942d86d8f80ecd5f7678b3
2024-06-26,minimum,Night,Generation,668,03:30,04:00,50.02,official_observed_reference,670dcaaff4360203fa9e1b75e9c82c1271026a77e6942d86d8f80ecd5f7678b3
2024-06-26,minimum,Night,Consumption,2396,03:30,04:00,50.02,official_observed_reference,670dcaaff4360203fa9e1b75e9c82c1271026a77e6942d86d8f80ecd5f7678b3
2024-06-26,minimum,Day,Generation,537,14:00,14:30,50.06,official_observed_reference,670dcaaff4360203fa9e1b75e9c82c1271026a77e6942d86d8f80ecd5f7678b3
2024-06-26,minimum,Day,Consumption,2944,10:30,11:00,50.07,official_observed_reference,670dcaaff4360203fa9e1b75e9c82c1271026a77e6942d86d8f80ecd5f7678b3
2024-06-27,maximum,Day,Generation,1253,17:30,18:00,50.08,official_observed_reference,138287c685347df7c082c8d0f2e0b5fa3777f0645827eef7f5f8c1c264a32476
2024-06-27,maximum,Day,Consumption,3323,16:30,17:00,50.02,official_observed_reference,138287c685347df7c082c8d0f2e0b5fa3777f0645827eef7f5f8c1c264a32476
2024-06-27,maximum,Evening,Generation,1645,21:00,21:30,50,official_observed_reference,138287c685347df7c082c8d0f2e0b5fa3777f0645827eef7f5f8c1c264a32476
2024-06-27,maximum,Evening,Consumption,3762,19:00,19:30,49.92,official_observed_reference,138287c685347df7c082c8d0f2e0b5fa3777f0645827eef7f5f8c1c264a32476
2024-06-27,maximum,Morning,Generation,791,06:30,07:00,50.06,official_observed_reference,138287c685347df7c082c8d0f2e0b5fa3777f0645827eef7f5f8c1c264a32476
2024-06-27,maximum,Morning,Consumption,3016,08:30,09:00,50.02,official_observed_reference,138287c685347df7c082c8d0f2e0b5fa3777f0645827eef7f5f8c1c264a32476
2024-06-27,minimum,Night,Generation,562,05:00,05:30,50.02,official_observed_reference,138287c685347df7c082c8d0f2e0b5fa3777f0645827eef7f5f8c1c264a32476
2024-06-27,minimum,Night,Consumption,2428,02:30,03:00,50.00,official_observed_reference,138287c685347df7c082c8d0f2e0b5fa3777f0645827eef7f5f8c1c264a32476
2024-06-27,minimum,Day,Generation,580,05:30,06:00,50.06,official_observed_reference,138287c685347df7c082c8d0f2e0b5fa3777f0645827eef7f5f8c1c264a32476
2024-06-27,minimum,Day,Consumption,2974,13:00,13:30,50.10,official_observed_reference,138287c685347df7c082c8d0f2e0b5fa3777f0645827eef7f5f8c1c264a32476
2024-06-28,maximum,Day,Generation,1343,17:30,18:00,50.09,official_observed_reference,fc2ea8c5fe9e1ba49d8b9747fe52ab0d0103db737a864dd0a3197a1b0c89eaba
2024-06-28,maximum,Day,Consumption,3411,16:30,17:00,50.07,official_observed_reference,fc2ea8c5fe9e1ba49d8b9747fe52ab0d0103db737a864dd0a3197a1b0c89eaba
2024-06-28,maximum,Evening,Generation,1637,21:00,21:30,50,official_observed_reference,fc2ea8c5fe9e1ba49d8b9747fe52ab0d0103db737a864dd0a3197a1b0c89eaba
2024-06-28,maximum,Evening,Consumption,3980,19:00,19:30,50.00,official_observed_reference,fc2ea8c5fe9e1ba49d8b9747fe52ab0d0103db737a864dd0a3197a1b0c89eaba
2024-06-28,maximum,Morning,Generation,934,07:00,07:30,50.07,official_observed_reference,fc2ea8c5fe9e1ba49d8b9747fe52ab0d0103db737a864dd0a3197a1b0c89eaba
2024-06-28,maximum,Morning,Consumption,3151,07:00,07:30,50.07,official_observed_reference,fc2ea8c5fe9e1ba49d8b9747fe52ab0d0103db737a864dd0a3197a1b0c89eaba
2024-06-28,minimum,Night,Generation,714,03:30,04:00,50.08,official_observed_reference,fc2ea8c5fe9e1ba49d8b9747fe52ab0d0103db737a864dd0a3197a1b0c89eaba
2024-06-28,minimum,Night,Consumption,2486,03:30,04:00,50.08,official_observed_reference,fc2ea8c5fe9e1ba49d8b9747fe52ab0d0103db737a864dd0a3197a1b0c89eaba
2024-06-28,minimum,Day,Generation,811,09:00,09:30,50.00,official_observed_reference,fc2ea8c5fe9e1ba49d8b9747fe52ab0d0103db737a864dd0a3197a1b0c89eaba
2024-06-28,minimum,Day,Consumption,2897,13:00,13:30,50.04,official_observed_reference,fc2ea8c5fe9e1ba49d8b9747fe52ab0d0103db737a864dd0a3197a1b0c89eaba
2024-06-29,maximum,Day,Generation,1238,17:30,18:00,50.09,official_observed_reference,2901ad733906a71cf285e1ea0d746a380e2ef4be5f8a30b943248cef15b00f12
2024-06-29,maximum,Day,Consumption,3407,16:30,17:00,50.05,official_observed_reference,2901ad733906a71cf285e1ea0d746a380e2ef4be5f8a30b943248cef15b00f12
2024-06-29,maximum,Evening,Generation,1651,19:30,20:00,50.03,official_observed_reference,2901ad733906a71cf285e1ea0d746a380e2ef4be5f8a30b943248cef15b00f12
2024-06-29,maximum,Evening,Consumption,3923,19:30,20:00,50.03,official_observed_reference,2901ad733906a71cf285e1ea0d746a380e2ef4be5f8a30b943248cef15b00f12
2024-06-29,maximum,Morning,Generation,909,06:30,07:00,49.98,official_observed_reference,2901ad733906a71cf285e1ea0d746a380e2ef4be5f8a30b943248cef15b00f12
2024-06-29,maximum,Morning,Consumption,3028,08:00,08:30,50.05,official_observed_reference,2901ad733906a71cf285e1ea0d746a380e2ef4be5f8a30b943248cef15b00f12
2024-06-29,minimum,Night,Generation,765,05:00,05:30,50.01,official_observed_reference,2901ad733906a71cf285e1ea0d746a380e2ef4be5f8a30b943248cef15b00f12
2024-06-29,minimum,Night,Consumption,2687,03:30,04:00,50.05,official_observed_reference,2901ad733906a71cf285e1ea0d746a380e2ef4be5f8a30b943248cef15b00f12
2024-06-29,minimum,Day,Generation,321,14:00,14:30,50.04,official_observed_reference,2901ad733906a71cf285e1ea0d746a380e2ef4be5f8a30b943248cef15b00f12
2024-06-29,minimum,Day,Consumption,2630,14:00,14:30,50.04,official_observed_reference,2901ad733906a71cf285e1ea0d746a380e2ef4be5f8a30b943248cef15b00f12
2024-06-30,maximum,Day,Generation,856,17:30,18:00,50.03,official_observed_reference,9e7c5dc8d1f65297b55b93169f07dadc4cb3d2c67970f4f35ba7dd3877c4093d
2024-06-30,maximum,Day,Consumption,2995,17:30,18:00,50.03,official_observed_reference,9e7c5dc8d1f65297b55b93169f07dadc4cb3d2c67970f4f35ba7dd3877c4093d
2024-06-30,maximum,Evening,Generation,1548,22:00,22:30,50.02,official_observed_reference,9e7c5dc8d1f65297b55b93169f07dadc4cb3d2c67970f4f35ba7dd3877c4093d
2024-06-30,maximum,Evening,Consumption,3661,20:00,20:30,49.99,official_observed_reference,9e7c5dc8d1f65297b55b93169f07dadc4cb3d2c67970f4f35ba7dd3877c4093d
2024-06-30,maximum,Morning,Generation,1214,05:00,05:30,49.98,official_observed_reference,9e7c5dc8d1f65297b55b93169f07dadc4cb3d2c67970f4f35ba7dd3877c4093d
2024-06-30,maximum,Morning,Consumption,2865,07:00,07:30,49.99,official_observed_reference,9e7c5dc8d1f65297b55b93169f07dadc4cb3d2c67970f4f35ba7dd3877c4093d
2024-06-30,minimum,Night,Generation,856,17:30,18:00,50.03,official_observed_reference,9e7c5dc8d1f65297b55b93169f07dadc4cb3d2c67970f4f35ba7dd3877c4093d
2024-06-30,minimum,Night,Consumption,2726,03:30,04:00,50.07,official_observed_reference,9e7c5dc8d1f65297b55b93169f07dadc4cb3d2c67970f4f35ba7dd3877c4093d
2024-06-30,minimum,Day,Generation,370,12:00,12:30,50.00,official_observed_reference,9e7c5dc8d1f65297b55b93169f07dadc4cb3d2c67970f4f35ba7dd3877c4093d
2024-06-30,minimum,Day,Consumption,2598,11:30,12:00,50.01,official_observed_reference,9e7c5dc8d1f65297b55b93169f07dadc4cb3d2c67970f4f35ba7dd3877c4093d
2024-07-01,maximum,Day,Generation,1291,17:30,18:00,50.07,official_observed_reference,4c77ddb21a3124ca188a2cde32feefa314c089c947ed46f19befc268277b41a2
2024-07-01,maximum,Day,Consumption,3441,17:30,18:00,50.07,official_observed_reference,4c77ddb21a3124ca188a2cde32feefa314c089c947ed46f19befc268277b41a2
2024-07-01,maximum,Evening,Generation,1625,21:00,21:30,50.04,official_observed_reference,4c77ddb21a3124ca188a2cde32feefa314c089c947ed46f19befc268277b41a2
2024-07-01,maximum,Evening,Consumption,3736,19:00,19:30,49.97,official_observed_reference,4c77ddb21a3124ca188a2cde32feefa314c089c947ed46f19befc268277b41a2
2024-07-01,maximum,Morning,Generation,1387,06:00,06:30,49.96,official_observed_reference,4c77ddb21a3124ca188a2cde32feefa314c089c947ed46f19befc268277b41a2
2024-07-01,maximum,Morning,Consumption,3169,07:00,07:30,50.04,official_observed_reference,4c77ddb21a3124ca188a2cde32feefa314c089c947ed46f19befc268277b41a2
2024-07-01,minimum,Night,Generation,1199,05:00,05:30,49.98,official_observed_reference,4c77ddb21a3124ca188a2cde32feefa314c089c947ed46f19befc268277b41a2
2024-07-01,minimum,Night,Consumption,2635,03:30,04:00,50.03,official_observed_reference,4c77ddb21a3124ca188a2cde32feefa314c089c947ed46f19befc268277b41a2
2024-07-01,minimum,Day,Generation,714,15:30,16:00,50.19,official_observed_reference,4c77ddb21a3124ca188a2cde32feefa314c089c947ed46f19befc268277b41a2
2024-07-01,minimum,Day,Consumption,3027,13:00,13:30,50.07,official_observed_reference,4c77ddb21a3124ca188a2cde32feefa314c089c947ed46f19befc268277b41a2
2024-07-02,maximum,Day,Generation,1296,17:30,18:00,50.09,official_observed_reference,a4e1fc38dbecdef9a8872b298670b89d583a615849aefd7d97e83c1413a01f7b
2024-07-02,maximum,Day,Consumption,3615,17:30,18:00,50.09,official_observed_reference,a4e1fc38dbecdef9a8872b298670b89d583a615849aefd7d97e83c1413a01f7b
2024-07-02,maximum,Evening,Generation,1654,19:30,20:00,49.87,official_observed_reference,a4e1fc38dbecdef9a8872b298670b89d583a615849aefd7d97e83c1413a01f7b
2024-07-02,maximum,Evening,Consumption,4058,19:30,20:00,49.87,official_observed_reference,a4e1fc38dbecdef9a8872b298670b89d583a615849aefd7d97e83c1413a01f7b
2024-07-02,maximum,Morning,Generation,1392,06:30,07:00,50,official_observed_reference,a4e1fc38dbecdef9a8872b298670b89d583a615849aefd7d97e83c1413a01f7b
2024-07-02,maximum,Morning,Consumption,3112,06:30,07:00,50.00,official_observed_reference,a4e1fc38dbecdef9a8872b298670b89d583a615849aefd7d97e83c1413a01f7b
2024-07-02,minimum,Night,Generation,1234,05:00,05:30,49.96,official_observed_reference,a4e1fc38dbecdef9a8872b298670b89d583a615849aefd7d97e83c1413a01f7b
2024-07-02,minimum,Night,Consumption,2575,03:00,03:30,50.03,official_observed_reference,a4e1fc38dbecdef9a8872b298670b89d583a615849aefd7d97e83c1413a01f7b
2024-07-02,minimum,Day,Generation,698,12:00,12:30,50.04,official_observed_reference,a4e1fc38dbecdef9a8872b298670b89d583a615849aefd7d97e83c1413a01f7b
2024-07-02,minimum,Day,Consumption,2932,09:30,10:00,49.93,official_observed_reference,a4e1fc38dbecdef9a8872b298670b89d583a615849aefd7d97e83c1413a01f7b
2024-07-03,maximum,Day,Generation,1111,15:30,16:00,50.02,official_observed_reference,a3cfbd1775fb1212ca2dab245eda1e232f9520ed7a8ed99f7c2e80cf3a363462
2024-07-03,maximum,Day,Consumption,3499,16:30,17:00,50.00,official_observed_reference,a3cfbd1775fb1212ca2dab245eda1e232f9520ed7a8ed99f7c2e80cf3a363462
2024-07-03,maximum,Evening,Generation,1649,19:30,20:00,50.07,official_observed_reference,a3cfbd1775fb1212ca2dab245eda1e232f9520ed7a8ed99f7c2e80cf3a363462
2024-07-03,maximum,Evening,Consumption,4048,19:30,20:00,50.07,official_observed_reference,a3cfbd1775fb1212ca2dab245eda1e232f9520ed7a8ed99f7c2e80cf3a363462
2024-07-03,maximum,Morning,Generation,1405,06:30,07:00,50.08,official_observed_reference,a3cfbd1775fb1212ca2dab245eda1e232f9520ed7a8ed99f7c2e80cf3a363462
2024-07-03,maximum,Morning,Consumption,3158,07:00,07:30,49.92,official_observed_reference,a3cfbd1775fb1212ca2dab245eda1e232f9520ed7a8ed99f7c2e80cf3a363462
2024-07-03,minimum,Night,Generation,1053,17:30,18:00,50.04,official_observed_reference,a3cfbd1775fb1212ca2dab245eda1e232f9520ed7a8ed99f7c2e80cf3a363462
2024-07-03,minimum,Night,Consumption,2762,04:00,04:30,50.00,official_observed_reference,a3cfbd1775fb1212ca2dab245eda1e232f9520ed7a8ed99f7c2e80cf3a363462
2024-07-03,minimum,Day,Generation,754,13:30,14:00,50.09,official_observed_reference,a3cfbd1775fb1212ca2dab245eda1e232f9520ed7a8ed99f7c2e80cf3a363462
2024-07-03,minimum,Day,Consumption,3045,09:00,09:30,49.99,official_observed_reference,a3cfbd1775fb1212ca2dab245eda1e232f9520ed7a8ed99f7c2e80cf3a363462
2024-07-04,maximum,Day,Generation,1497,17:00,17:30,49.96,official_observed_reference,b913a38fcad6340f4752d0ebdb07ff17c1cb998c7b138da70e656718813ef126
2024-07-04,maximum,Day,Consumption,3615,17:00,17:30,49.96,official_observed_reference,b913a38fcad6340f4752d0ebdb07ff17c1cb998c7b138da70e656718813ef126
2024-07-04,maximum,Evening,Generation,1638,22:00,22:30,49.91,official_observed_reference,b913a38fcad6340f4752d0ebdb07ff17c1cb998c7b138da70e656718813ef126
2024-07-04,maximum,Evening,Consumption,4183,20:00,20:30,50.05,official_observed_reference,b913a38fcad6340f4752d0ebdb07ff17c1cb998c7b138da70e656718813ef126
2024-07-04,maximum,Morning,Generation,1117,05:30,06:00,50.02,official_observed_reference,b913a38fcad6340f4752d0ebdb07ff17c1cb998c7b138da70e656718813ef126
2024-07-04,maximum,Morning,Consumption,3178,06:30,07:00,50.04,official_observed_reference,b913a38fcad6340f4752d0ebdb07ff17c1cb998c7b138da70e656718813ef126
2024-07-04,minimum,Night,Generation,916,18:00,18:30,49.99,official_observed_reference,b913a38fcad6340f4752d0ebdb07ff17c1cb998c7b138da70e656718813ef126
2024-07-04,minimum,Night,Consumption,2770,03:30,04:00,50.04,official_observed_reference,b913a38fcad6340f4752d0ebdb07ff17c1cb998c7b138da70e656718813ef126
2024-07-04,minimum,Day,Generation,627,11:30,12:00,50.06,official_observed_reference,b913a38fcad6340f4752d0ebdb07ff17c1cb998c7b138da70e656718813ef126
2024-07-04,minimum,Day,Consumption,3006,10:00,10:30,50.00,official_observed_reference,b913a38fcad6340f4752d0ebdb07ff17c1cb998c7b138da70e656718813ef126
2024-07-05,maximum,Day,Generation,1209,08:30,09:00,50.05,official_observed_reference,fb96a306e14059129f4e201e9ca72935608125c8516e5644ca819e440c1407c1
2024-07-05,maximum,Day,Consumption,3447,17:30,18:00,50.04,official_observed_reference,fb96a306e14059129f4e201e9ca72935608125c8516e5644ca819e440c1407c1
2024-07-05,maximum,Evening,Generation,1575,22:00,22:30,49.97,official_observed_reference,fb96a306e14059129f4e201e9ca72935608125c8516e5644ca819e440c1407c1
2024-07-05,maximum,Evening,Consumption,3872,19:00,19:30,50.01,official_observed_reference,fb96a306e14059129f4e201e9ca72935608125c8516e5644ca819e440c1407c1
2024-07-05,maximum,Morning,Generation,1468,06:00,06:30,49.94,official_observed_reference,fb96a306e14059129f4e201e9ca72935608125c8516e5644ca819e440c1407c1
2024-07-05,maximum,Morning,Consumption,3322,07:00,07:30,50.02,official_observed_reference,fb96a306e14059129f4e201e9ca72935608125c8516e5644ca819e440c1407c1
2024-07-05,minimum,Night,Generation,1132,17:30,18:00,50.04,official_observed_reference,fb96a306e14059129f4e201e9ca72935608125c8516e5644ca819e440c1407c1
2024-07-05,minimum,Night,Consumption,2956,03:30,04:00,50.02,official_observed_reference,fb96a306e14059129f4e201e9ca72935608125c8516e5644ca819e440c1407c1
2024-07-05,minimum,Day,Generation,729,13:30,14:00,49.95,official_observed_reference,fb96a306e14059129f4e201e9ca72935608125c8516e5644ca819e440c1407c1
2024-07-05,minimum,Day,Consumption,3081,13:00,13:30,50.02,official_observed_reference,fb96a306e14059129f4e201e9ca72935608125c8516e5644ca819e440c1407c1
2024-07-06,maximum,Day,Generation,880,17:30,18:00,50.04,official_observed_reference,cde002a9b9c85f5551ef77552b3c1e41e0e30cfd36ab7f8620e7dcedd2907651
2024-07-06,maximum,Day,Consumption,3332,17:30,18:00,50.04,official_observed_reference,cde002a9b9c85f5551ef77552b3c1e41e0e30cfd36ab7f8620e7dcedd2907651
2024-07-06,maximum,Evening,Generation,1645,21:00,21:30,50,official_observed_reference,cde002a9b9c85f5551ef77552b3c1e41e0e30cfd36ab7f8620e7dcedd2907651
2024-07-06,maximum,Evening,Consumption,3762,19:30,20:00,50.05,official_observed_reference,cde002a9b9c85f5551ef77552b3c1e41e0e30cfd36ab7f8620e7dcedd2907651
2024-07-06,maximum,Morning,Generation,1138,06:00,06:30,50.03,official_observed_reference,cde002a9b9c85f5551ef77552b3c1e41e0e30cfd36ab7f8620e7dcedd2907651
2024-07-06,maximum,Morning,Consumption,3001,07:00,07:30,49.96,official_observed_reference,cde002a9b9c85f5551ef77552b3c1e41e0e30cfd36ab7f8620e7dcedd2907651
2024-07-06,minimum,Night,Generation,880,17:30,18:00,50.04,official_observed_reference,cde002a9b9c85f5551ef77552b3c1e41e0e30cfd36ab7f8620e7dcedd2907651
2024-07-06,minimum,Night,Consumption,2657,04:00,04:30,50.00,official_observed_reference,cde002a9b9c85f5551ef77552b3c1e41e0e30cfd36ab7f8620e7dcedd2907651
2024-07-06,minimum,Day,Generation,506,13:00,13:30,50.19,official_observed_reference,cde002a9b9c85f5551ef77552b3c1e41e0e30cfd36ab7f8620e7dcedd2907651
2024-07-06,minimum,Day,Consumption,2900,09:00,09:30,50.07,official_observed_reference,cde002a9b9c85f5551ef77552b3c1e41e0e30cfd36ab7f8620e7dcedd2907651
2024-07-07,maximum,Day,Generation,698,09:30,10:00,50.04,official_observed_reference,e46004789aca7502d98c17373f0a5b099e1018a8f50c85e0fa9d09f70f499841
2024-07-07,maximum,Day,Consumption,2889,17:30,18:00,50.03,official_observed_reference,e46004789aca7502d98c17373f0a5b099e1018a8f50c85e0fa9d09f70f499841
2024-07-07,maximum,Evening,Generation,1622,22:00,22:30,49.93,official_observed_reference,e46004789aca7502d98c17373f0a5b099e1018a8f50c85e0fa9d09f70f499841
2024-07-07,maximum,Evening,Consumption,3618,19:30,20:00,50.03,official_observed_reference,e46004789aca7502d98c17373f0a5b099e1018a8f50c85e0fa9d09f70f499841
2024-07-07,maximum,Morning,Generation,1041,05:30,06:00,50.01,official_observed_reference,e46004789aca7502d98c17373f0a5b099e1018a8f50c85e0fa9d09f70f499841
2024-07-07,maximum,Morning,Consumption,2779,07:00,07:30,50.00,official_observed_reference,e46004789aca7502d98c17373f0a5b099e1018a8f50c85e0fa9d09f70f499841
2024-07-07,minimum,Night,Generation,638,17:30,18:00,50.03,official_observed_reference,e46004789aca7502d98c17373f0a5b099e1018a8f50c85e0fa9d09f70f499841
2024-07-07,minimum,Night,Consumption,2678,03:30,04:00,50.07,official_observed_reference,e46004789aca7502d98c17373f0a5b099e1018a8f50c85e0fa9d09f70f499841
2024-07-07,minimum,Day,Generation,343,14:00,14:30,50.03,official_observed_reference,e46004789aca7502d98c17373f0a5b099e1018a8f50c85e0fa9d09f70f499841
2024-07-07,minimum,Day,Consumption,2425,11:00,11:30,49.90,official_observed_reference,e46004789aca7502d98c17373f0a5b099e1018a8f50c85e0fa9d09f70f499841
2024-07-08,maximum,Day,Generation,1421,17:00,17:30,50.04,official_observed_reference,200576cb7341036d167ff267d335f10bcd52e65ebfa6d106c4254755edc0c781
2024-07-08,maximum,Day,Consumption,3372,17:30,18:00,50.01,official_observed_reference,200576cb7341036d167ff267d335f10bcd52e65ebfa6d106c4254755edc0c781
2024-07-08,maximum,Evening,Generation,1646,21:00,21:30,49.97,official_observed_reference,200576cb7341036d167ff267d335f10bcd52e65ebfa6d106c4254755edc0c781
2024-07-08,maximum,Evening,Consumption,3795,19:00,19:30,49.95,official_observed_reference,200576cb7341036d167ff267d335f10bcd52e65ebfa6d106c4254755edc0c781
2024-07-08,maximum,Morning,Generation,1081,07:00,07:30,50.01,official_observed_reference,200576cb7341036d167ff267d335f10bcd52e65ebfa6d106c4254755edc0c781
2024-07-08,maximum,Morning,Consumption,3082,07:00,07:30,50.01,official_observed_reference,200576cb7341036d167ff267d335f10bcd52e65ebfa6d106c4254755edc0c781
2024-07-08,minimum,Night,Generation,973,05:00,05:30,50.04,official_observed_reference,200576cb7341036d167ff267d335f10bcd52e65ebfa6d106c4254755edc0c781
2024-07-08,minimum,Night,Consumption,2488,04:00,04:30,50.03,official_observed_reference,200576cb7341036d167ff267d335f10bcd52e65ebfa6d106c4254755edc0c781
2024-07-08,minimum,Day,Generation,616,13:30,14:00,49.97,official_observed_reference,200576cb7341036d167ff267d335f10bcd52e65ebfa6d106c4254755edc0c781
2024-07-08,minimum,Day,Consumption,2886,09:30,10:00,49.99,official_observed_reference,200576cb7341036d167ff267d335f10bcd52e65ebfa6d106c4254755edc0c781
2024-07-09,maximum,Day,Generation,1383,17:30,18:00,50.06,official_observed_reference,717b9a60d3c43f1b436bff4c08222cd5af972ccd999764e2ba02570ade4739c8
2024-07-09,maximum,Day,Consumption,3402,17:30,18:00,50.06,official_observed_reference,717b9a60d3c43f1b436bff4c08222cd5af972ccd999764e2ba02570ade4739c8
2024-07-09,maximum,Evening,Generation,1641,19:00,19:30,49.84,official_observed_reference,717b9a60d3c43f1b436bff4c08222cd5af972ccd999764e2ba02570ade4739c8
2024-07-09,maximum,Evening,Consumption,3890,19:00,19:30,49.84,official_observed_reference,717b9a60d3c43f1b436bff4c08222cd5af972ccd999764e2ba02570ade4739c8
2024-07-09,maximum,Morning,Generation,1158,06:00,06:30,49.95,official_observed_reference,717b9a60d3c43f1b436bff4c08222cd5af972ccd999764e2ba02570ade4739c8
2024-07-09,maximum,Morning,Consumption,3091,07:00,07:30,50.02,official_observed_reference,717b9a60d3c43f1b436bff4c08222cd5af972ccd999764e2ba02570ade4739c8
2024-07-09,minimum,Night,Generation,937,05:00,05:30,50.02,official_observed_reference,717b9a60d3c43f1b436bff4c08222cd5af972ccd999764e2ba02570ade4739c8
2024-07-09,minimum,Night,Consumption,2561,03:30,04:00,50.05,official_observed_reference,717b9a60d3c43f1b436bff4c08222cd5af972ccd999764e2ba02570ade4739c8
2024-07-09,minimum,Day,Generation,546,10:30,11:00,50.06,official_observed_reference,717b9a60d3c43f1b436bff4c08222cd5af972ccd999764e2ba02570ade4739c8
2024-07-09,minimum,Day,Consumption,2903,09:30,10:00,50.05,official_observed_reference,717b9a60d3c43f1b436bff4c08222cd5af972ccd999764e2ba02570ade4739c8
2024-07-10,maximum,Day,Generation,1236,17:30,18:00,50.04,official_observed_reference,8eb7a98986cd2742dba16ccae9dfb6b13d2b1893f8fc18f40a4298016d07edaa
2024-07-10,maximum,Day,Consumption,3419,17:00,17:30,50.01,official_observed_reference,8eb7a98986cd2742dba16ccae9dfb6b13d2b1893f8fc18f40a4298016d07edaa
2024-07-10,maximum,Evening,Generation,1645,19:00,19:30,50.01,official_observed_reference,8eb7a98986cd2742dba16ccae9dfb6b13d2b1893f8fc18f40a4298016d07edaa
2024-07-10,maximum,Evening,Consumption,3990,19:00,19:30,50.01,official_observed_reference,8eb7a98986cd2742dba16ccae9dfb6b13d2b1893f8fc18f40a4298016d07edaa
2024-07-10,maximum,Morning,Generation,1454,07:00,07:30,50.05,official_observed_reference,8eb7a98986cd2742dba16ccae9dfb6b13d2b1893f8fc18f40a4298016d07edaa
2024-07-10,maximum,Morning,Consumption,3148,07:00,07:30,50.05,official_observed_reference,8eb7a98986cd2742dba16ccae9dfb6b13d2b1893f8fc18f40a4298016d07edaa
2024-07-10,minimum,Night,Generation,1154,03:30,04:00,50.02,official_observed_reference,8eb7a98986cd2742dba16ccae9dfb6b13d2b1893f8fc18f40a4298016d07edaa
2024-07-10,minimum,Night,Consumption,2606,03:30,04:00,50.02,official_observed_reference,8eb7a98986cd2742dba16ccae9dfb6b13d2b1893f8fc18f40a4298016d07edaa
2024-07-10,minimum,Day,Generation,473,13:30,14:00,50.10,official_observed_reference,8eb7a98986cd2742dba16ccae9dfb6b13d2b1893f8fc18f40a4298016d07edaa
2024-07-10,minimum,Day,Consumption,2891,13:30,14:00,50.10,official_observed_reference,8eb7a98986cd2742dba16ccae9dfb6b13d2b1893f8fc18f40a4298016d07edaa
2024-07-11,maximum,Day,Generation,1108,16:30,17:00,50.06,official_observed_reference,e7999b8e55d23e9df76e5777ce21a6e3b5e7dafbdf1664abb1cfb268b8b94696
2024-07-11,maximum,Day,Consumption,3495,16:30,17:00,50.06,official_observed_reference,e7999b8e55d23e9df76e5777ce21a6e3b5e7dafbdf1664abb1cfb268b8b94696
2024-07-11,maximum,Evening,Generation,1645,21:00,21:30,50.02,official_observed_reference,e7999b8e55d23e9df76e5777ce21a6e3b5e7dafbdf1664abb1cfb268b8b94696
2024-07-11,maximum,Evening,Consumption,4096,19:00,19:30,50.06,official_observed_reference,e7999b8e55d23e9df76e5777ce21a6e3b5e7dafbdf1664abb1cfb268b8b94696
2024-07-11,maximum,Morning,Generation,1481,06:30,07:00,50.05,official_observed_reference,e7999b8e55d23e9df76e5777ce21a6e3b5e7dafbdf1664abb1cfb268b8b94696
2024-07-11,maximum,Morning,Consumption,3204,07:00,07:30,50.04,official_observed_reference,e7999b8e55d23e9df76e5777ce21a6e3b5e7dafbdf1664abb1cfb268b8b94696
2024-07-11,minimum,Night,Generation,837,18:00,18:30,50.06,official_observed_reference,e7999b8e55d23e9df76e5777ce21a6e3b5e7dafbdf1664abb1cfb268b8b94696
2024-07-11,minimum,Night,Consumption,2759,03:30,04:00,50.05,official_observed_reference,e7999b8e55d23e9df76e5777ce21a6e3b5e7dafbdf1664abb1cfb268b8b94696
2024-07-11,minimum,Day,Generation,651,13:00,13:30,50.00,official_observed_reference,e7999b8e55d23e9df76e5777ce21a6e3b5e7dafbdf1664abb1cfb268b8b94696
2024-07-11,minimum,Day,Consumption,3011,13:30,14:00,50.05,official_observed_reference,e7999b8e55d23e9df76e5777ce21a6e3b5e7dafbdf1664abb1cfb268b8b94696
2024-07-12,maximum,Day,Generation,777,08:30,09:00,50.11,official_observed_reference,d1303663550146f0cccf7bc34c84b4ebcff31fcabf85a675634999f618edd6aa
2024-07-12,maximum,Day,Consumption,3405,10:00,10:30,50.16,official_observed_reference,d1303663550146f0cccf7bc34c84b4ebcff31fcabf85a675634999f618edd6aa
2024-07-12,maximum,Evening,Generation,1437,22:00,22:30,49.94,official_observed_reference,d1303663550146f0cccf7bc34c84b4ebcff31fcabf85a675634999f618edd6aa
2024-07-12,maximum,Evening,Consumption,3784,19:00,19:30,50.03,official_observed_reference,d1303663550146f0cccf7bc34c84b4ebcff31fcabf85a675634999f618edd6aa
2024-07-12,maximum,Morning,Generation,1385,06:00,06:30,50.06,official_observed_reference,d1303663550146f0cccf7bc34c84b4ebcff31fcabf85a675634999f618edd6aa
2024-07-12,maximum,Morning,Consumption,3271,06:30,07:00,49.99,official_observed_reference,d1303663550146f0cccf7bc34c84b4ebcff31fcabf85a675634999f618edd6aa
2024-07-12,minimum,Night,Generation,759,17:30,18:00,50.03,official_observed_reference,d1303663550146f0cccf7bc34c84b4ebcff31fcabf85a675634999f618edd6aa
2024-07-12,minimum,Night,Consumption,2902,04:00,04:30,50.02,official_observed_reference,d1303663550146f0cccf7bc34c84b4ebcff31fcabf85a675634999f618edd6aa
2024-07-12,minimum,Day,Generation,272,15:00,15:30,49.97,official_observed_reference,d1303663550146f0cccf7bc34c84b4ebcff31fcabf85a675634999f618edd6aa
2024-07-12,minimum,Day,Consumption,3042,15:00,15:30,49.97,official_observed_reference,d1303663550146f0cccf7bc34c84b4ebcff31fcabf85a675634999f618edd6aa
2024-07-13,maximum,Day,Generation,926,17:30,18:00,50.09,official_observed_reference,40cc895911df2a08a2239d416a15418848a9c8afa37e1921ca3c173fee2afa8a
2024-07-13,maximum,Day,Consumption,3263,17:30,18:00,50.09,official_observed_reference,40cc895911df2a08a2239d416a15418848a9c8afa37e1921ca3c173fee2afa8a
2024-07-13,maximum,Evening,Generation,1622,19:30,20:00,50.06,official_observed_reference,40cc895911df2a08a2239d416a15418848a9c8afa37e1921ca3c173fee2afa8a
2024-07-13,maximum,Evening,Consumption,3751,19:00,19:30,50.00,official_observed_reference,40cc895911df2a08a2239d416a15418848a9c8afa37e1921ca3c173fee2afa8a
2024-07-13,maximum,Morning,Generation,927,05:00,05:30,50.01,official_observed_reference,40cc895911df2a08a2239d416a15418848a9c8afa37e1921ca3c173fee2afa8a
2024-07-13,maximum,Morning,Consumption,3036,08:00,08:30,49.95,official_observed_reference,40cc895911df2a08a2239d416a15418848a9c8afa37e1921ca3c173fee2afa8a
2024-07-13,minimum,Night,Generation,783,02:30,03:00,50.06,official_observed_reference,40cc895911df2a08a2239d416a15418848a9c8afa37e1921ca3c173fee2afa8a
2024-07-13,minimum,Night,Consumption,2574,03:30,04:00,49.97,official_observed_reference,40cc895911df2a08a2239d416a15418848a9c8afa37e1921ca3c173fee2afa8a
2024-07-13,minimum,Day,Generation,348,14:00,14:30,49.91,official_observed_reference,40cc895911df2a08a2239d416a15418848a9c8afa37e1921ca3c173fee2afa8a
2024-07-13,minimum,Day,Consumption,2973,13:30,14:00,50.07,official_observed_reference,40cc895911df2a08a2239d416a15418848a9c8afa37e1921ca3c173fee2afa8a
2024-07-14,maximum,Day,Generation,690,17:30,18:00,50.1,official_observed_reference,c928f3f0165b36ca5e9ce2fee4db2cd5b39c4ae8dd21758be96a1aef60daf4e0
2024-07-14,maximum,Day,Consumption,2850,17:30,18:00,50.10,official_observed_reference,c928f3f0165b36ca5e9ce2fee4db2cd5b39c4ae8dd21758be96a1aef60daf4e0
2024-07-14,maximum,Evening,Generation,1419,20:30,21:00,49.98,official_observed_reference,c928f3f0165b36ca5e9ce2fee4db2cd5b39c4ae8dd21758be96a1aef60daf4e0
2024-07-14,maximum,Evening,Consumption,3300,20:30,21:00,49.98,official_observed_reference,c928f3f0165b36ca5e9ce2fee4db2cd5b39c4ae8dd21758be96a1aef60daf4e0
2024-07-14,maximum,Morning,Generation,1126,05:00,05:30,49.97,official_observed_reference,c928f3f0165b36ca5e9ce2fee4db2cd5b39c4ae8dd21758be96a1aef60daf4e0
2024-07-14,maximum,Morning,Consumption,2713,07:30,08:00,50.01,official_observed_reference,c928f3f0165b36ca5e9ce2fee4db2cd5b39c4ae8dd21758be96a1aef60daf4e0
2024-07-14,minimum,Night,Generation,690,17:30,18:00,50.10,official_observed_reference,c928f3f0165b36ca5e9ce2fee4db2cd5b39c4ae8dd21758be96a1aef60daf4e0
2024-07-14,minimum,Night,Consumption,2521,03:30,04:00,50.05,official_observed_reference,c928f3f0165b36ca5e9ce2fee4db2cd5b39c4ae8dd21758be96a1aef60daf4e0
2024-07-14,minimum,Day,Generation,328,15:30,16:00,50.08,official_observed_reference,c928f3f0165b36ca5e9ce2fee4db2cd5b39c4ae8dd21758be96a1aef60daf4e0
2024-07-14,minimum,Day,Consumption,2474,15:00,15:30,50.07,official_observed_reference,c928f3f0165b36ca5e9ce2fee4db2cd5b39c4ae8dd21758be96a1aef60daf4e0
2024-07-15,maximum,Day,Generation,845,10:00,10:30,50,official_observed_reference,d432e4ff874593802cf3d58006107e6719eb8f43a36d7dc806fa05a6f3734740
2024-07-15,maximum,Day,Consumption,3096,10:00,10:30,50.00,official_observed_reference,d432e4ff874593802cf3d58006107e6719eb8f43a36d7dc806fa05a6f3734740
2024-07-15,maximum,Evening,Generation,1591,22:00,22:30,50.02,official_observed_reference,d432e4ff874593802cf3d58006107e6719eb8f43a36d7dc806fa05a6f3734740
2024-07-15,maximum,Evening,Consumption,3328,19:00,19:30,49.91,official_observed_reference,d432e4ff874593802cf3d58006107e6719eb8f43a36d7dc806fa05a6f3734740
2024-07-15,maximum,Morning,Generation,1001,06:30,07:00,49.98,official_observed_reference,d432e4ff874593802cf3d58006107e6719eb8f43a36d7dc806fa05a6f3734740
2024-07-15,maximum,Morning,Consumption,2940,07:30,08:00,50.08,official_observed_reference,d432e4ff874593802cf3d58006107e6719eb8f43a36d7dc806fa05a6f3734740
2024-07-15,minimum,Night,Generation,780,18:00,18:30,50.03,official_observed_reference,d432e4ff874593802cf3d58006107e6719eb8f43a36d7dc806fa05a6f3734740
2024-07-15,minimum,Night,Consumption,2335,04:30,05:00,50.07,official_observed_reference,d432e4ff874593802cf3d58006107e6719eb8f43a36d7dc806fa05a6f3734740
2024-07-15,minimum,Day,Generation,580,12:30,13:00,50.11,official_observed_reference,d432e4ff874593802cf3d58006107e6719eb8f43a36d7dc806fa05a6f3734740
2024-07-15,minimum,Day,Consumption,2740,13:00,13:30,49.85,official_observed_reference,d432e4ff874593802cf3d58006107e6719eb8f43a36d7dc806fa05a6f3734740
2024-07-16,maximum,Day,Generation,997,17:30,18:00,50.13,official_observed_reference,e82ca030303dd4f8adff979e1649ebc1f46f527ad743e84b04e3be8b8b01fe31
2024-07-16,maximum,Day,Consumption,3284,17:30,18:00,50.13,official_observed_reference,e82ca030303dd4f8adff979e1649ebc1f46f527ad743e84b04e3be8b8b01fe31
2024-07-16,maximum,Evening,Generation,1669,22:00,22:30,50.01,official_observed_reference,e82ca030303dd4f8adff979e1649ebc1f46f527ad743e84b04e3be8b8b01fe31
2024-07-16,maximum,Evening,Consumption,3624,19:00,19:30,49.85,official_observed_reference,e82ca030303dd4f8adff979e1649ebc1f46f527ad743e84b04e3be8b8b01fe31
2024-07-16,maximum,Morning,Generation,664,05:30,06:00,50.02,official_observed_reference,e82ca030303dd4f8adff979e1649ebc1f46f527ad743e84b04e3be8b8b01fe31
2024-07-16,maximum,Morning,Consumption,2472,08:30,09:00,50.03,official_observed_reference,e82ca030303dd4f8adff979e1649ebc1f46f527ad743e84b04e3be8b8b01fe31
2024-07-16,minimum,Night,Generation,572,02:00,02:30,50.04,official_observed_reference,e82ca030303dd4f8adff979e1649ebc1f46f527ad743e84b04e3be8b8b01fe31
2024-07-16,minimum,Night,Consumption,2044,02:00,02:30,50.04,official_observed_reference,e82ca030303dd4f8adff979e1649ebc1f46f527ad743e84b04e3be8b8b01fe31
2024-07-16,minimum,Day,Generation,597,06:30,07:00,50.07,official_observed_reference,e82ca030303dd4f8adff979e1649ebc1f46f527ad743e84b04e3be8b8b01fe31
2024-07-16,minimum,Day,Consumption,2475,10:00,10:30,50.06,official_observed_reference,e82ca030303dd4f8adff979e1649ebc1f46f527ad743e84b04e3be8b8b01fe31
2024-07-17,maximum,Day,Generation,1144,09:00,09:30,49.99,official_observed_reference,a10cad9b56793d3f43debf0a96ce90ee1c511b70044af627eba1425e79fc5b06
2024-07-17,maximum,Day,Consumption,3115,17:30,18:00,50.03,official_observed_reference,a10cad9b56793d3f43debf0a96ce90ee1c511b70044af627eba1425e79fc5b06
2024-07-17,maximum,Evening,Generation,1698,20:00,20:30,49.88,official_observed_reference,a10cad9b56793d3f43debf0a96ce90ee1c511b70044af627eba1425e79fc5b06
2024-07-17,maximum,Evening,Consumption,3577,19:30,20:00,50.00,official_observed_reference,a10cad9b56793d3f43debf0a96ce90ee1c511b70044af627eba1425e79fc5b06
2024-07-17,maximum,Morning,Generation,1154,07:00,07:30,50.03,official_observed_reference,a10cad9b56793d3f43debf0a96ce90ee1c511b70044af627eba1425e79fc5b06
2024-07-17,maximum,Morning,Consumption,2923,07:30,08:00,50.02,official_observed_reference,a10cad9b56793d3f43debf0a96ce90ee1c511b70044af627eba1425e79fc5b06
2024-07-17,minimum,Night,Generation,1022,03:00,03:30,49.98,official_observed_reference,a10cad9b56793d3f43debf0a96ce90ee1c511b70044af627eba1425e79fc5b06
2024-07-17,minimum,Night,Consumption,2380,03:00,03:30,49.98,official_observed_reference,a10cad9b56793d3f43debf0a96ce90ee1c511b70044af627eba1425e79fc5b06
2024-07-17,minimum,Day,Generation,766,13:30,14:00,50.01,official_observed_reference,a10cad9b56793d3f43debf0a96ce90ee1c511b70044af627eba1425e79fc5b06
2024-07-17,minimum,Day,Consumption,2884,13:00,13:30,49.97,official_observed_reference,a10cad9b56793d3f43debf0a96ce90ee1c511b70044af627eba1425e79fc5b06
2024-07-18,maximum,Day,Generation,1382,17:30,18:00,50.05,official_observed_reference,e05b4e3aa0ec99468e57ec8a7f78af42ff7fe681dfd6282e54b3351d4063638f
2024-07-18,maximum,Day,Consumption,3208,17:30,18:00,50.05,official_observed_reference,e05b4e3aa0ec99468e57ec8a7f78af42ff7fe681dfd6282e54b3351d4063638f
2024-07-18,maximum,Evening,Generation,1592,22:00,22:30,50.05,official_observed_reference,e05b4e3aa0ec99468e57ec8a7f78af42ff7fe681dfd6282e54b3351d4063638f
2024-07-18,maximum,Evening,Consumption,3639,19:00,19:30,49.95,official_observed_reference,e05b4e3aa0ec99468e57ec8a7f78af42ff7fe681dfd6282e54b3351d4063638f
2024-07-18,maximum,Morning,Generation,1262,06:30,07:00,50.07,official_observed_reference,e05b4e3aa0ec99468e57ec8a7f78af42ff7fe681dfd6282e54b3351d4063638f
2024-07-18,maximum,Morning,Consumption,2987,07:00,07:30,50.04,official_observed_reference,e05b4e3aa0ec99468e57ec8a7f78af42ff7fe681dfd6282e54b3351d4063638f
2024-07-18,minimum,Night,Generation,1035,19:30,20:00,50.05,official_observed_reference,e05b4e3aa0ec99468e57ec8a7f78af42ff7fe681dfd6282e54b3351d4063638f
2024-07-18,minimum,Night,Consumption,2348,04:30,05:00,50.06,official_observed_reference,e05b4e3aa0ec99468e57ec8a7f78af42ff7fe681dfd6282e54b3351d4063638f
2024-07-18,minimum,Day,Generation,783,14:30,15:00,50.04,official_observed_reference,e05b4e3aa0ec99468e57ec8a7f78af42ff7fe681dfd6282e54b3351d4063638f
2024-07-18,minimum,Day,Consumption,2738,13:00,13:30,50.01,official_observed_reference,e05b4e3aa0ec99468e57ec8a7f78af42ff7fe681dfd6282e54b3351d4063638f
2024-07-19,maximum,Day,Generation,1312,17:30,18:00,50.04,official_observed_reference,a38d0339d7f7bcd59f2d13876885aca5fd2dd9f5d9cbf88df2722f6c683dc878
2024-07-19,maximum,Day,Consumption,3275,17:00,17:30,50.03,official_observed_reference,a38d0339d7f7bcd59f2d13876885aca5fd2dd9f5d9cbf88df2722f6c683dc878
2024-07-19,maximum,Evening,Generation,1705,19:30,20:00,50,official_observed_reference,a38d0339d7f7bcd59f2d13876885aca5fd2dd9f5d9cbf88df2722f6c683dc878
2024-07-19,maximum,Evening,Consumption,3792,19:00,19:30,49.94,official_observed_reference,a38d0339d7f7bcd59f2d13876885aca5fd2dd9f5d9cbf88df2722f6c683dc878
2024-07-19,maximum,Morning,Generation,1183,06:30,07:00,50.05,official_observed_reference,a38d0339d7f7bcd59f2d13876885aca5fd2dd9f5d9cbf88df2722f6c683dc878
2024-07-19,maximum,Morning,Consumption,2912,07:30,08:00,50.04,official_observed_reference,a38d0339d7f7bcd59f2d13876885aca5fd2dd9f5d9cbf88df2722f6c683dc878
2024-07-19,minimum,Night,Generation,780,04:30,05:00,50.02,official_observed_reference,a38d0339d7f7bcd59f2d13876885aca5fd2dd9f5d9cbf88df2722f6c683dc878
2024-07-19,minimum,Night,Consumption,2349,03:30,04:00,50.06,official_observed_reference,a38d0339d7f7bcd59f2d13876885aca5fd2dd9f5d9cbf88df2722f6c683dc878
2024-07-19,minimum,Day,Generation,359,15:00,15:30,50.06,official_observed_reference,a38d0339d7f7bcd59f2d13876885aca5fd2dd9f5d9cbf88df2722f6c683dc878
2024-07-19,minimum,Day,Consumption,2451,15:00,15:30,50.06,official_observed_reference,a38d0339d7f7bcd59f2d13876885aca5fd2dd9f5d9cbf88df2722f6c683dc878
2024-07-20,maximum,Day,Generation,1335,16:30,17:00,49.97,official_observed_reference,e4fc4033a475e1b27052ef61d7e5662557d1dd59872d893abc41f4809bdde433
2024-07-20,maximum,Day,Consumption,3285,16:00,16:30,50.03,official_observed_reference,e4fc4033a475e1b27052ef61d7e5662557d1dd59872d893abc41f4809bdde433
2024-07-20,maximum,Evening,Generation,1795,21:00,21:30,49.98,official_observed_reference,e4fc4033a475e1b27052ef61d7e5662557d1dd59872d893abc41f4809bdde433
2024-07-20,maximum,Evening,Consumption,3905,19:00,19:30,49.94,official_observed_reference,e4fc4033a475e1b27052ef61d7e5662557d1dd59872d893abc41f4809bdde433
2024-07-20,maximum,Morning,Generation,1279,07:00,07:30,49.95,official_observed_reference,e4fc4033a475e1b27052ef61d7e5662557d1dd59872d893abc41f4809bdde433
2024-07-20,maximum,Morning,Consumption,2965,07:00,07:30,49.95,official_observed_reference,e4fc4033a475e1b27052ef61d7e5662557d1dd59872d893abc41f4809bdde433
2024-07-20,minimum,Night,Generation,1106,02:00,02:30,50.06,official_observed_reference,e4fc4033a475e1b27052ef61d7e5662557d1dd59872d893abc41f4809bdde433
2024-07-20,minimum,Night,Consumption,2466,04:00,04:30,50.01,official_observed_reference,e4fc4033a475e1b27052ef61d7e5662557d1dd59872d893abc41f4809bdde433
2024-07-20,minimum,Day,Generation,887,13:00,13:30,50.01,official_observed_reference,e4fc4033a475e1b27052ef61d7e5662557d1dd59872d893abc41f4809bdde433
2024-07-20,minimum,Day,Consumption,2908,12:30,13:00,50.08,official_observed_reference,e4fc4033a475e1b27052ef61d7e5662557d1dd59872d893abc41f4809bdde433
2024-07-21,maximum,Day,Generation,851,09:30,10:00,49.93,official_observed_reference,b61167e4f5b96d1fe8e3cb5b2a0a5f153c0c7553860ea036652df3b49543ed2d
2024-07-21,maximum,Day,Consumption,2898,17:30,18:00,50.07,official_observed_reference,b61167e4f5b96d1fe8e3cb5b2a0a5f153c0c7553860ea036652df3b49543ed2d
2024-07-21,maximum,Evening,Generation,1743,20:30,21:00,49.82,official_observed_reference,b61167e4f5b96d1fe8e3cb5b2a0a5f153c0c7553860ea036652df3b49543ed2d
2024-07-21,maximum,Evening,Consumption,3679,19:30,20:00,50.04,official_observed_reference,b61167e4f5b96d1fe8e3cb5b2a0a5f153c0c7553860ea036652df3b49543ed2d
2024-07-21,maximum,Morning,Generation,1313,05:30,06:00,50.06,official_observed_reference,b61167e4f5b96d1fe8e3cb5b2a0a5f153c0c7553860ea036652df3b49543ed2d
2024-07-21,maximum,Morning,Consumption,2780,06:30,07:00,50.06,official_observed_reference,b61167e4f5b96d1fe8e3cb5b2a0a5f153c0c7553860ea036652df3b49543ed2d
2024-07-21,minimum,Night,Generation,758,17:30,18:00,50.07,official_observed_reference,b61167e4f5b96d1fe8e3cb5b2a0a5f153c0c7553860ea036652df3b49543ed2d
2024-07-21,minimum,Night,Consumption,2607,04:00,04:30,49.96,official_observed_reference,b61167e4f5b96d1fe8e3cb5b2a0a5f153c0c7553860ea036652df3b49543ed2d
2024-07-21,minimum,Day,Generation,637,16:00,16:30,49.97,official_observed_reference,b61167e4f5b96d1fe8e3cb5b2a0a5f153c0c7553860ea036652df3b49543ed2d
2024-07-21,minimum,Day,Consumption,2473,11:30,12:00,49.93,official_observed_reference,b61167e4f5b96d1fe8e3cb5b2a0a5f153c0c7553860ea036652df3b49543ed2d
2024-07-22,maximum,Day,Generation,1326,16:30,17:00,50.03,official_observed_reference,f4c3a7ba612dedec7374c8efe28d9e85c8889f7b325d063899a91d43c9834da4
2024-07-22,maximum,Day,Consumption,3245,17:30,18:00,50.04,official_observed_reference,f4c3a7ba612dedec7374c8efe28d9e85c8889f7b325d063899a91d43c9834da4
2024-07-22,maximum,Evening,Generation,1806,21:00,21:30,50.04,official_observed_reference,f4c3a7ba612dedec7374c8efe28d9e85c8889f7b325d063899a91d43c9834da4
2024-07-22,maximum,Evening,Consumption,3762,20:00,20:30,50.06,official_observed_reference,f4c3a7ba612dedec7374c8efe28d9e85c8889f7b325d063899a91d43c9834da4
2024-07-22,maximum,Morning,Generation,1404,06:30,07:00,50.03,official_observed_reference,f4c3a7ba612dedec7374c8efe28d9e85c8889f7b325d063899a91d43c9834da4
2024-07-22,maximum,Morning,Consumption,3134,07:00,07:30,50.01,official_observed_reference,f4c3a7ba612dedec7374c8efe28d9e85c8889f7b325d063899a91d43c9834da4
2024-07-22,minimum,Night,Generation,1082,04:00,04:30,50.04,official_observed_reference,f4c3a7ba612dedec7374c8efe28d9e85c8889f7b325d063899a91d43c9834da4
2024-07-22,minimum,Night,Consumption,2616,04:00,04:30,50.04,official_observed_reference,f4c3a7ba612dedec7374c8efe28d9e85c8889f7b325d063899a91d43c9834da4
2024-07-22,minimum,Day,Generation,579,14:00,14:30,49.96,official_observed_reference,f4c3a7ba612dedec7374c8efe28d9e85c8889f7b325d063899a91d43c9834da4
2024-07-22,minimum,Day,Consumption,2454,13:30,14:00,50.06,official_observed_reference,f4c3a7ba612dedec7374c8efe28d9e85c8889f7b325d063899a91d43c9834da4
2024-07-23,maximum,Day,Generation,1251,16:30,17:00,50.08,official_observed_reference,c1ee55fd92d7cba55aaf4a3d44d30ea461336f341eb0874cc001539a78d79773
2024-07-23,maximum,Day,Consumption,3372,17:00,17:30,50.07,official_observed_reference,c1ee55fd92d7cba55aaf4a3d44d30ea461336f341eb0874cc001539a78d79773
2024-07-23,maximum,Evening,Generation,1424,20:00,20:30,49.99,official_observed_reference,c1ee55fd92d7cba55aaf4a3d44d30ea461336f341eb0874cc001539a78d79773
2024-07-23,maximum,Evening,Consumption,3967,19:00,19:30,50.06,official_observed_reference,c1ee55fd92d7cba55aaf4a3d44d30ea461336f341eb0874cc001539a78d79773
2024-07-23,maximum,Morning,Generation,1329,06:30,07:00,49.95,official_observed_reference,c1ee55fd92d7cba55aaf4a3d44d30ea461336f341eb0874cc001539a78d79773
2024-07-23,maximum,Morning,Consumption,3126,06:30,07:00,49.95,official_observed_reference,c1ee55fd92d7cba55aaf4a3d44d30ea461336f341eb0874cc001539a78d79773
2024-07-23,minimum,Night,Generation,1201,05:00,05:30,50.00,official_observed_reference,c1ee55fd92d7cba55aaf4a3d44d30ea461336f341eb0874cc001539a78d79773
2024-07-23,minimum,Night,Consumption,2587,03:30,04:00,50.05,official_observed_reference,c1ee55fd92d7cba55aaf4a3d44d30ea461336f341eb0874cc001539a78d79773
2024-07-23,minimum,Day,Generation,1003,14:00,14:30,49.97,official_observed_reference,c1ee55fd92d7cba55aaf4a3d44d30ea461336f341eb0874cc001539a78d79773
2024-07-23,minimum,Day,Consumption,2956,09:00,09:30,50.00,official_observed_reference,c1ee55fd92d7cba55aaf4a3d44d30ea461336f341eb0874cc001539a78d79773
2024-07-24,maximum,Day,Generation,1386,17:30,18:00,49.98,official_observed_reference,c43acf6e6e27b7797c06573fc8c06ca7989235fc047d20a73995245b258d1104
2024-07-24,maximum,Day,Consumption,3451,17:30,18:00,49.98,official_observed_reference,c43acf6e6e27b7797c06573fc8c06ca7989235fc047d20a73995245b258d1104
2024-07-24,maximum,Evening,Generation,1425,20:00,20:30,50.05,official_observed_reference,c43acf6e6e27b7797c06573fc8c06ca7989235fc047d20a73995245b258d1104
2024-07-24,maximum,Evening,Consumption,4027,19:00,19:30,49.97,official_observed_reference,c43acf6e6e27b7797c06573fc8c06ca7989235fc047d20a73995245b258d1104
2024-07-24,maximum,Morning,Generation,1315,07:00,07:30,50.02,official_observed_reference,c43acf6e6e27b7797c06573fc8c06ca7989235fc047d20a73995245b258d1104
2024-07-24,maximum,Morning,Consumption,3133,07:00,07:30,50.02,official_observed_reference,c43acf6e6e27b7797c06573fc8c06ca7989235fc047d20a73995245b258d1104
2024-07-24,minimum,Night,Generation,1207,23:00,23:30,50.09,official_observed_reference,c43acf6e6e27b7797c06573fc8c06ca7989235fc047d20a73995245b258d1104
2024-07-24,minimum,Night,Consumption,2708,03:30,04:00,50.04,official_observed_reference,c43acf6e6e27b7797c06573fc8c06ca7989235fc047d20a73995245b258d1104
2024-07-24,minimum,Day,Generation,962,12:30,13:00,50.04,official_observed_reference,c43acf6e6e27b7797c06573fc8c06ca7989235fc047d20a73995245b258d1104
2024-07-24,minimum,Day,Consumption,2823,12:30,13:00,50.04,official_observed_reference,c43acf6e6e27b7797c06573fc8c06ca7989235fc047d20a73995245b258d1104
2024-07-25,maximum,Day,Generation,1409,17:30,18:00,50.1,official_observed_reference,3af3ff477174f01c8c2fbdc9a6116c929d6412e68c0e3a548f13e2cbaac8b64a
2024-07-25,maximum,Day,Consumption,3333,17:30,18:00,50.10,official_observed_reference,3af3ff477174f01c8c2fbdc9a6116c929d6412e68c0e3a548f13e2cbaac8b64a
2024-07-25,maximum,Evening,Generation,1436,20:00,20:30,50.04,official_observed_reference,3af3ff477174f01c8c2fbdc9a6116c929d6412e68c0e3a548f13e2cbaac8b64a
2024-07-25,maximum,Evening,Consumption,3873,19:30,20:00,50.05,official_observed_reference,3af3ff477174f01c8c2fbdc9a6116c929d6412e68c0e3a548f13e2cbaac8b64a
2024-07-25,maximum,Morning,Generation,1342,05:30,06:00,50.01,official_observed_reference,3af3ff477174f01c8c2fbdc9a6116c929d6412e68c0e3a548f13e2cbaac8b64a
2024-07-25,maximum,Morning,Consumption,3014,07:30,08:00,50.08,official_observed_reference,3af3ff477174f01c8c2fbdc9a6116c929d6412e68c0e3a548f13e2cbaac8b64a
2024-07-25,minimum,Night,Generation,1139,00:00,00:30,49.99,official_observed_reference,3af3ff477174f01c8c2fbdc9a6116c929d6412e68c0e3a548f13e2cbaac8b64a
2024-07-25,minimum,Night,Consumption,2477,03:30,04:00,50.03,official_observed_reference,3af3ff477174f01c8c2fbdc9a6116c929d6412e68c0e3a548f13e2cbaac8b64a
2024-07-25,minimum,Day,Generation,919,13:00,13:30,50.06,official_observed_reference,3af3ff477174f01c8c2fbdc9a6116c929d6412e68c0e3a548f13e2cbaac8b64a
2024-07-25,minimum,Day,Consumption,2516,13:00,13:30,50.06,official_observed_reference,3af3ff477174f01c8c2fbdc9a6116c929d6412e68c0e3a548f13e2cbaac8b64a
2024-07-26,maximum,Day,Generation,1425,09:30,10:00,50.09,official_observed_reference,771e8eb9d9e1ecab7c95d3633ab81b174f4cd4de810a06efdb0df068e5da9ed0
2024-07-26,maximum,Day,Consumption,3468,17:00,17:30,50.13,official_observed_reference,771e8eb9d9e1ecab7c95d3633ab81b174f4cd4de810a06efdb0df068e5da9ed0
2024-07-26,maximum,Evening,Generation,1610,22:00,22:30,50.01,official_observed_reference,771e8eb9d9e1ecab7c95d3633ab81b174f4cd4de810a06efdb0df068e5da9ed0
2024-07-26,maximum,Evening,Consumption,3958,19:30,20:00,50.05,official_observed_reference,771e8eb9d9e1ecab7c95d3633ab81b174f4cd4de810a06efdb0df068e5da9ed0
2024-07-26,maximum,Morning,Generation,1352,07:00,07:30,50.08,official_observed_reference,771e8eb9d9e1ecab7c95d3633ab81b174f4cd4de810a06efdb0df068e5da9ed0
2024-07-26,maximum,Morning,Consumption,3098,07:00,07:30,50.08,official_observed_reference,771e8eb9d9e1ecab7c95d3633ab81b174f4cd4de810a06efdb0df068e5da9ed0
2024-07-26,minimum,Night,Generation,1203,18:00,18:30,50.03,official_observed_reference,771e8eb9d9e1ecab7c95d3633ab81b174f4cd4de810a06efdb0df068e5da9ed0
2024-07-26,minimum,Night,Consumption,2626,04:00,04:30,49.99,official_observed_reference,771e8eb9d9e1ecab7c95d3633ab81b174f4cd4de810a06efdb0df068e5da9ed0
2024-07-26,minimum,Day,Generation,899,13:00,13:30,50.11,official_observed_reference,771e8eb9d9e1ecab7c95d3633ab81b174f4cd4de810a06efdb0df068e5da9ed0
2024-07-26,minimum,Day,Consumption,3014,13:00,13:30,50.11,official_observed_reference,771e8eb9d9e1ecab7c95d3633ab81b174f4cd4de810a06efdb0df068e5da9ed0
2024-07-27,maximum,Day,Generation,1471,16:30,17:00,50.08,official_observed_reference,92343ccf8850ebf1817ed06be1898af295a504f4bea807bf9e620ec529eda763
2024-07-27,maximum,Day,Consumption,3410,17:30,18:00,50.05,official_observed_reference,92343ccf8850ebf1817ed06be1898af295a504f4bea807bf9e620ec529eda763
2024-07-27,maximum,Evening,Generation,1684,21:00,21:30,50.04,official_observed_reference,92343ccf8850ebf1817ed06be1898af295a504f4bea807bf9e620ec529eda763
2024-07-27,maximum,Evening,Consumption,3985,19:00,19:30,49.97,official_observed_reference,92343ccf8850ebf1817ed06be1898af295a504f4bea807bf9e620ec529eda763
2024-07-27,maximum,Morning,Generation,1404,08:30,09:00,50.04,official_observed_reference,92343ccf8850ebf1817ed06be1898af295a504f4bea807bf9e620ec529eda763
2024-07-27,maximum,Morning,Consumption,3049,08:00,08:30,50.04,official_observed_reference,92343ccf8850ebf1817ed06be1898af295a504f4bea807bf9e620ec529eda763
2024-07-27,minimum,Night,Generation,1246,18:00,18:30,50.05,official_observed_reference,92343ccf8850ebf1817ed06be1898af295a504f4bea807bf9e620ec529eda763
2024-07-27,minimum,Night,Consumption,2665,03:30,04:00,50.03,official_observed_reference,92343ccf8850ebf1817ed06be1898af295a504f4bea807bf9e620ec529eda763
2024-07-27,minimum,Day,Generation,1171,12:00,12:30,50.02,official_observed_reference,92343ccf8850ebf1817ed06be1898af295a504f4bea807bf9e620ec529eda763
2024-07-27,minimum,Day,Consumption,3038,13:00,13:30,50.07,official_observed_reference,92343ccf8850ebf1817ed06be1898af295a504f4bea807bf9e620ec529eda763
2024-07-28,maximum,Day,Generation,1072,08:30,09:00,50.02,official_observed_reference,f541c2afc833cbf07066d353ab9a673f71d9e987e8336ce69e1f6322fdcef546
2024-07-28,maximum,Day,Consumption,2835,17:00,17:30,50.04,official_observed_reference,f541c2afc833cbf07066d353ab9a673f71d9e987e8336ce69e1f6322fdcef546
2024-07-28,maximum,Evening,Generation,1657,22:00,22:30,49.97,official_observed_reference,f541c2afc833cbf07066d353ab9a673f71d9e987e8336ce69e1f6322fdcef546
2024-07-28,maximum,Evening,Consumption,3451,20:30,21:00,49.93,official_observed_reference,f541c2afc833cbf07066d353ab9a673f71d9e987e8336ce69e1f6322fdcef546
2024-07-28,maximum,Morning,Generation,1198,06:00,06:30,50.01,official_observed_reference,f541c2afc833cbf07066d353ab9a673f71d9e987e8336ce69e1f6322fdcef546
2024-07-28,maximum,Morning,Consumption,2675,07:00,07:30,50.03,official_observed_reference,f541c2afc833cbf07066d353ab9a673f71d9e987e8336ce69e1f6322fdcef546
2024-07-28,minimum,Night,Generation,862,18:00,18:30,50.10,official_observed_reference,f541c2afc833cbf07066d353ab9a673f71d9e987e8336ce69e1f6322fdcef546
2024-07-28,minimum,Night,Consumption,2554,05:00,05:30,50.03,official_observed_reference,f541c2afc833cbf07066d353ab9a673f71d9e987e8336ce69e1f6322fdcef546
2024-07-28,minimum,Day,Generation,813,15:00,15:30,50.02,official_observed_reference,f541c2afc833cbf07066d353ab9a673f71d9e987e8336ce69e1f6322fdcef546
2024-07-28,minimum,Day,Consumption,2530,09:30,10:00,50.04,official_observed_reference,f541c2afc833cbf07066d353ab9a673f71d9e987e8336ce69e1f6322fdcef546
2024-07-29,maximum,Day,Generation,1506,16:30,17:00,49.99,official_observed_reference,264993d79ddf3c905c6500439a455d7938ce8797f1bb35d328505e8127a9fb38
2024-07-29,maximum,Day,Consumption,3358,16:30,17:00,49.99,official_observed_reference,264993d79ddf3c905c6500439a455d7938ce8797f1bb35d328505e8127a9fb38
2024-07-29,maximum,Evening,Generation,1676,19:30,20:00,50,official_observed_reference,264993d79ddf3c905c6500439a455d7938ce8797f1bb35d328505e8127a9fb38
2024-07-29,maximum,Evening,Consumption,3579,19:00,19:30,49.83,official_observed_reference,264993d79ddf3c905c6500439a455d7938ce8797f1bb35d328505e8127a9fb38
2024-07-29,maximum,Morning,Generation,1591,07:00,07:30,50.03,official_observed_reference,264993d79ddf3c905c6500439a455d7938ce8797f1bb35d328505e8127a9fb38
2024-07-29,maximum,Morning,Consumption,3033,06:30,07:00,50.05,official_observed_reference,264993d79ddf3c905c6500439a455d7938ce8797f1bb35d328505e8127a9fb38
2024-07-29,minimum,Night,Generation,1244,03:30,04:00,49.96,official_observed_reference,264993d79ddf3c905c6500439a455d7938ce8797f1bb35d328505e8127a9fb38
2024-07-29,minimum,Night,Consumption,2446,03:30,04:00,49.96,official_observed_reference,264993d79ddf3c905c6500439a455d7938ce8797f1bb35d328505e8127a9fb38
2024-07-29,minimum,Day,Generation,1123,13:00,13:30,50.05,official_observed_reference,264993d79ddf3c905c6500439a455d7938ce8797f1bb35d328505e8127a9fb38
2024-07-29,minimum,Day,Consumption,2928,09:00,09:30,49.97,official_observed_reference,264993d79ddf3c905c6500439a455d7938ce8797f1bb35d328505e8127a9fb38
2024-07-30,maximum,Day,Generation,1658,10:30,11:00,49.97,official_observed_reference,cea0da4d553e2ac6cb507c4a97e6c7fc8593de2dec657fd8a67a52cf6ae01d33
2024-07-30,maximum,Day,Consumption,3220,17:30,18:00,50.15,official_observed_reference,cea0da4d553e2ac6cb507c4a97e6c7fc8593de2dec657fd8a67a52cf6ae01d33
2024-07-30,maximum,Evening,Generation,1624,19:00,19:30,50.04,official_observed_reference,cea0da4d553e2ac6cb507c4a97e6c7fc8593de2dec657fd8a67a52cf6ae01d33
2024-07-30,maximum,Evening,Consumption,3661,19:00,19:30,50.04,official_observed_reference,cea0da4d553e2ac6cb507c4a97e6c7fc8593de2dec657fd8a67a52cf6ae01d33
2024-07-30,maximum,Morning,Generation,1518,05:00,05:30,50.02,official_observed_reference,cea0da4d553e2ac6cb507c4a97e6c7fc8593de2dec657fd8a67a52cf6ae01d33
2024-07-30,maximum,Morning,Consumption,2763,08:00,08:30,50.03,official_observed_reference,cea0da4d553e2ac6cb507c4a97e6c7fc8593de2dec657fd8a67a52cf6ae01d33
2024-07-30,minimum,Night,Generation,1067,18:00,18:30,50.01,official_observed_reference,cea0da4d553e2ac6cb507c4a97e6c7fc8593de2dec657fd8a67a52cf6ae01d33
2024-07-30,minimum,Night,Consumption,2314,03:30,04:00,49.97,official_observed_reference,cea0da4d553e2ac6cb507c4a97e6c7fc8593de2dec657fd8a67a52cf6ae01d33
2024-07-30,minimum,Day,Generation,321,15:00,15:30,50.09,official_observed_reference,cea0da4d553e2ac6cb507c4a97e6c7fc8593de2dec657fd8a67a52cf6ae01d33
2024-07-30,minimum,Day,Consumption,2366,15:00,15:30,50.09,official_observed_reference,cea0da4d553e2ac6cb507c4a97e6c7fc8593de2dec657fd8a67a52cf6ae01d33
2024-07-31,maximum,Day,Generation,1449,12:00,12:30,49.98,official_observed_reference,0eea53f06775f5c1b399fefc93acfb743782ebc67d858267dbcab0029a9e9e1e
2024-07-31,maximum,Day,Consumption,3212,17:30,18:00,50.07,official_observed_reference,0eea53f06775f5c1b399fefc93acfb743782ebc67d858267dbcab0029a9e9e1e
2024-07-31,maximum,Evening,Generation,1715,19:30,20:00,50.04,official_observed_reference,0eea53f06775f5c1b399fefc93acfb743782ebc67d858267dbcab0029a9e9e1e
2024-07-31,maximum,Evening,Consumption,3728,19:00,19:30,50.03,official_observed_reference,0eea53f06775f5c1b399fefc93acfb743782ebc67d858267dbcab0029a9e9e1e
2024-07-31,maximum,Morning,Generation,1245,07:30,08:00,50.04,official_observed_reference,0eea53f06775f5c1b399fefc93acfb743782ebc67d858267dbcab0029a9e9e1e
2024-07-31,maximum,Morning,Consumption,2959,08:30,09:00,50.05,official_observed_reference,0eea53f06775f5c1b399fefc93acfb743782ebc67d858267dbcab0029a9e9e1e
2024-07-31,minimum,Night,Generation,1109,03:30,04:00,50.05,official_observed_reference,0eea53f06775f5c1b399fefc93acfb743782ebc67d858267dbcab0029a9e9e1e
2024-07-31,minimum,Night,Consumption,2430,04:00,04:30,49.99,official_observed_reference,0eea53f06775f5c1b399fefc93acfb743782ebc67d858267dbcab0029a9e9e1e
2024-07-31,minimum,Day,Generation,1083,06:00,06:30,49.99,official_observed_reference,0eea53f06775f5c1b399fefc93acfb743782ebc67d858267dbcab0029a9e9e1e
2024-07-31,minimum,Day,Consumption,2951,11:30,12:00,49.96,official_observed_reference,0eea53f06775f5c1b399fefc93acfb743782ebc67d858267dbcab0029a9e9e1e
2024-08-01,maximum,Day,Generation,1673,11:30,12:00,50,official_observed_reference,7bc4596d6c487d93eca96b632083540f07f0bf6eeb3aa8825e3322f70c6db452
2024-08-01,maximum,Day,Consumption,3306,17:30,18:00,50.09,official_observed_reference,7bc4596d6c487d93eca96b632083540f07f0bf6eeb3aa8825e3322f70c6db452
2024-08-01,maximum,Evening,Generation,1711,20:30,21:00,49.93,official_observed_reference,7bc4596d6c487d93eca96b632083540f07f0bf6eeb3aa8825e3322f70c6db452
2024-08-01,maximum,Evening,Consumption,3788,19:00,19:30,50.03,official_observed_reference,7bc4596d6c487d93eca96b632083540f07f0bf6eeb3aa8825e3322f70c6db452
2024-08-01,maximum,Morning,Generation,1645,08:30,09:00,50,official_observed_reference,7bc4596d6c487d93eca96b632083540f07f0bf6eeb3aa8825e3322f70c6db452
2024-08-01,maximum,Morning,Consumption,2907,08:00,08:30,49.96,official_observed_reference,7bc4596d6c487d93eca96b632083540f07f0bf6eeb3aa8825e3322f70c6db452
2024-08-01,minimum,Night,Generation,1318,18:00,18:30,50.04,official_observed_reference,7bc4596d6c487d93eca96b632083540f07f0bf6eeb3aa8825e3322f70c6db452
2024-08-01,minimum,Night,Consumption,2443,03:00,03:30,50.05,official_observed_reference,7bc4596d6c487d93eca96b632083540f07f0bf6eeb3aa8825e3322f70c6db452
2024-08-01,minimum,Day,Generation,1341,15:30,16:00,49.90,official_observed_reference,7bc4596d6c487d93eca96b632083540f07f0bf6eeb3aa8825e3322f70c6db452
2024-08-01,minimum,Day,Consumption,2936,09:00,09:30,50.02,official_observed_reference,7bc4596d6c487d93eca96b632083540f07f0bf6eeb3aa8825e3322f70c6db452
2024-08-02,maximum,Day,Generation,1743,09:00,09:30,50.03,official_observed_reference,969c00535d0bdccdc7bc2a2d8b0c484f662bb32985c82032fbb1643363338ff4
2024-08-02,maximum,Day,Consumption,3348,17:30,18:00,50.15,official_observed_reference,969c00535d0bdccdc7bc2a2d8b0c484f662bb32985c82032fbb1643363338ff4
2024-08-02,maximum,Evening,Generation,1688,21:00,21:30,50.03,official_observed_reference,969c00535d0bdccdc7bc2a2d8b0c484f662bb32985c82032fbb1643363338ff4
2024-08-02,maximum,Evening,Consumption,3825,19:00,19:30,50.04,official_observed_reference,969c00535d0bdccdc7bc2a2d8b0c484f662bb32985c82032fbb1643363338ff4
2024-08-02,maximum,Morning,Generation,1695,05:30,06:00,50.01,official_observed_reference,969c00535d0bdccdc7bc2a2d8b0c484f662bb32985c82032fbb1643363338ff4
2024-08-02,maximum,Morning,Consumption,3000,08:30,09:00,50.03,official_observed_reference,969c00535d0bdccdc7bc2a2d8b0c484f662bb32985c82032fbb1643363338ff4
2024-08-02,minimum,Night,Generation,1105,18:00,18:30,50.10,official_observed_reference,969c00535d0bdccdc7bc2a2d8b0c484f662bb32985c82032fbb1643363338ff4
2024-08-02,minimum,Night,Consumption,2530,03:30,04:00,50.01,official_observed_reference,969c00535d0bdccdc7bc2a2d8b0c484f662bb32985c82032fbb1643363338ff4
2024-08-02,minimum,Day,Generation,1202,13:00,13:30,50.13,official_observed_reference,969c00535d0bdccdc7bc2a2d8b0c484f662bb32985c82032fbb1643363338ff4
2024-08-02,minimum,Day,Consumption,2837,13:00,13:30,50.13,official_observed_reference,969c00535d0bdccdc7bc2a2d8b0c484f662bb32985c82032fbb1643363338ff4
2024-08-03,maximum,Day,Generation,1704,15:30,16:00,50,official_observed_reference,712e83bea99ec3f87e19f80e2ac27f57cc194fc7bef310f36901b985dd68c884
2024-08-03,maximum,Day,Consumption,3201,17:30,18:00,50.03,official_observed_reference,712e83bea99ec3f87e19f80e2ac27f57cc194fc7bef310f36901b985dd68c884
2024-08-03,maximum,Evening,Generation,1708,22:00,22:30,50.01,official_observed_reference,712e83bea99ec3f87e19f80e2ac27f57cc194fc7bef310f36901b985dd68c884
2024-08-03,maximum,Evening,Consumption,3784,19:00,19:30,50.01,official_observed_reference,712e83bea99ec3f87e19f80e2ac27f57cc194fc7bef310f36901b985dd68c884
2024-08-03,maximum,Morning,Generation,1676,06:30,07:00,50.03,official_observed_reference,712e83bea99ec3f87e19f80e2ac27f57cc194fc7bef310f36901b985dd68c884
2024-08-03,maximum,Morning,Consumption,2903,07:00,07:30,50.03,official_observed_reference,712e83bea99ec3f87e19f80e2ac27f57cc194fc7bef310f36901b985dd68c884
2024-08-03,minimum,Night,Generation,1222,17:30,18:00,50.03,official_observed_reference,712e83bea99ec3f87e19f80e2ac27f57cc194fc7bef310f36901b985dd68c884
2024-08-03,minimum,Night,Consumption,2540,04:00,04:30,50.03,official_observed_reference,712e83bea99ec3f87e19f80e2ac27f57cc194fc7bef310f36901b985dd68c884
2024-08-03,minimum,Day,Generation,1098,14:00,14:30,50.07,official_observed_reference,712e83bea99ec3f87e19f80e2ac27f57cc194fc7bef310f36901b985dd68c884
2024-08-03,minimum,Day,Consumption,2885,09:00,09:30,49.99,official_observed_reference,712e83bea99ec3f87e19f80e2ac27f57cc194fc7bef310f36901b985dd68c884
2024-08-04,maximum,Day,Generation,1689,16:30,17:00,50.04,official_observed_reference,9cb392d5d3d03d99da1f5c5b041091c4ee743088f9378d0caac324ceebb43dfa
2024-08-04,maximum,Day,Consumption,2971,17:30,18:00,49.92,official_observed_reference,9cb392d5d3d03d99da1f5c5b041091c4ee743088f9378d0caac324ceebb43dfa
2024-08-04,maximum,Evening,Generation,1691,19:30,20:00,50.03,official_observed_reference,9cb392d5d3d03d99da1f5c5b041091c4ee743088f9378d0caac324ceebb43dfa
2024-08-04,maximum,Evening,Consumption,3615,19:30,20:00,50.03,official_observed_reference,9cb392d5d3d03d99da1f5c5b041091c4ee743088f9378d0caac324ceebb43dfa
2024-08-04,maximum,Morning,Generation,1696,06:30,07:00,50.04,official_observed_reference,9cb392d5d3d03d99da1f5c5b041091c4ee743088f9378d0caac324ceebb43dfa
2024-08-04,maximum,Morning,Consumption,2815,07:00,07:30,50.04,official_observed_reference,9cb392d5d3d03d99da1f5c5b041091c4ee743088f9378d0caac324ceebb43dfa
2024-08-04,minimum,Night,Generation,1558,05:00,05:30,49.95,official_observed_reference,9cb392d5d3d03d99da1f5c5b041091c4ee743088f9378d0caac324ceebb43dfa
2024-08-04,minimum,Night,Consumption,2583,04:00,04:30,49.96,official_observed_reference,9cb392d5d3d03d99da1f5c5b041091c4ee743088f9378d0caac324ceebb43dfa
2024-08-04,minimum,Day,Generation,963,13:30,14:00,50.31,official_observed_reference,9cb392d5d3d03d99da1f5c5b041091c4ee743088f9378d0caac324ceebb43dfa
2024-08-04,minimum,Day,Consumption,2348,11:00,11:30,50.30,official_observed_reference,9cb392d5d3d03d99da1f5c5b041091c4ee743088f9378d0caac324ceebb43dfa
2024-08-05,maximum,Day,Generation,1722,12:30,13:00,50.07,official_observed_reference,937f7730bb12dc56937f3fdfeb8d27966b17261a9fb311b8b1aff064b87284a9
2024-08-05,maximum,Day,Consumption,3521,17:30,18:00,50.01,official_observed_reference,937f7730bb12dc56937f3fdfeb8d27966b17261a9fb311b8b1aff064b87284a9
2024-08-05,maximum,Evening,Generation,1695,21:30,22:00,50.01,official_observed_reference,937f7730bb12dc56937f3fdfeb8d27966b17261a9fb311b8b1aff064b87284a9
2024-08-05,maximum,Evening,Consumption,4004,19:30,20:00,50.12,official_observed_reference,937f7730bb12dc56937f3fdfeb8d27966b17261a9fb311b8b1aff064b87284a9
2024-08-05,maximum,Morning,Generation,1663,07:00,07:30,50.04,official_observed_reference,937f7730bb12dc56937f3fdfeb8d27966b17261a9fb311b8b1aff064b87284a9
2024-08-05,maximum,Morning,Consumption,3096,06:30,07:00,49.98,official_observed_reference,937f7730bb12dc56937f3fdfeb8d27966b17261a9fb311b8b1aff064b87284a9
2024-08-05,minimum,Night,Generation,1432,0.97916666666667,1,50.05,official_observed_reference,937f7730bb12dc56937f3fdfeb8d27966b17261a9fb311b8b1aff064b87284a9
2024-08-05,minimum,Night,Consumption,2620,03:00,03:30,49.98,official_observed_reference,937f7730bb12dc56937f3fdfeb8d27966b17261a9fb311b8b1aff064b87284a9
2024-08-05,minimum,Day,Generation,1405,10:00,10:30,49.98,official_observed_reference,937f7730bb12dc56937f3fdfeb8d27966b17261a9fb311b8b1aff064b87284a9
2024-08-05,minimum,Day,Consumption,2890,09:00,09:30,49.89,official_observed_reference,937f7730bb12dc56937f3fdfeb8d27966b17261a9fb311b8b1aff064b87284a9
2024-08-06,maximum,Day,Generation,1609,14:00,14:30,49.91,official_observed_reference,9ce6f356e4e67d738c57fac35ca9f2eec5cc01badc351dbf1eff9f650372b52c
2024-08-06,maximum,Day,Consumption,3456,17:00,17:30,49.99,official_observed_reference,9ce6f356e4e67d738c57fac35ca9f2eec5cc01badc351dbf1eff9f650372b52c
2024-08-06,maximum,Evening,Generation,1677,21:00,21:30,50.06,official_observed_reference,9ce6f356e4e67d738c57fac35ca9f2eec5cc01badc351dbf1eff9f650372b52c
2024-08-06,maximum,Evening,Consumption,4025,19:00,19:30,49.97,official_observed_reference,9ce6f356e4e67d738c57fac35ca9f2eec5cc01badc351dbf1eff9f650372b52c
2024-08-06,maximum,Morning,Generation,1673,06:00,06:30,50,official_observed_reference,9ce6f356e4e67d738c57fac35ca9f2eec5cc01badc351dbf1eff9f650372b52c
2024-08-06,maximum,Morning,Consumption,3210,07:00,07:30,49.90,official_observed_reference,9ce6f356e4e67d738c57fac35ca9f2eec5cc01badc351dbf1eff9f650372b52c
2024-08-06,minimum,Night,Generation,1434,22:30,23:00,50.07,official_observed_reference,9ce6f356e4e67d738c57fac35ca9f2eec5cc01badc351dbf1eff9f650372b52c
2024-08-06,minimum,Night,Consumption,2750,04:30,05:00,50.04,official_observed_reference,9ce6f356e4e67d738c57fac35ca9f2eec5cc01badc351dbf1eff9f650372b52c
2024-08-06,minimum,Day,Generation,1340,13:00,13:30,50.00,official_observed_reference,9ce6f356e4e67d738c57fac35ca9f2eec5cc01badc351dbf1eff9f650372b52c
2024-08-06,minimum,Day,Consumption,2865,13:00,13:30,50.00,official_observed_reference,9ce6f356e4e67d738c57fac35ca9f2eec5cc01badc351dbf1eff9f650372b52c
2024-08-07,maximum,Day,Generation,1665,17:30,18:00,50.06,official_observed_reference,3a70825b3302332cbd53eece306cace0763d57b4038b7ef5b3923365a5d42ff1
2024-08-07,maximum,Day,Consumption,3536,17:30,18:00,50.06,official_observed_reference,3a70825b3302332cbd53eece306cace0763d57b4038b7ef5b3923365a5d42ff1
2024-08-07,maximum,Evening,Generation,1665,17:30,18:00,50.06,official_observed_reference,3a70825b3302332cbd53eece306cace0763d57b4038b7ef5b3923365a5d42ff1
2024-08-07,maximum,Evening,Consumption,4061,19:00,19:30,50.00,official_observed_reference,3a70825b3302332cbd53eece306cace0763d57b4038b7ef5b3923365a5d42ff1
2024-08-07,maximum,Morning,Generation,1660,07:00,07:30,50.04,official_observed_reference,3a70825b3302332cbd53eece306cace0763d57b4038b7ef5b3923365a5d42ff1
2024-08-07,maximum,Morning,Consumption,3235,07:00,07:30,50.04,official_observed_reference,3a70825b3302332cbd53eece306cace0763d57b4038b7ef5b3923365a5d42ff1
2024-08-07,minimum,Night,Generation,1561,15,00:00,50.03,official_observed_reference,3a70825b3302332cbd53eece306cace0763d57b4038b7ef5b3923365a5d42ff1
2024-08-07,minimum,Night,Consumption,2767,03:30,04:00,50.02,official_observed_reference,3a70825b3302332cbd53eece306cace0763d57b4038b7ef5b3923365a5d42ff1
2024-08-07,minimum,Day,Generation,1174,12:00,12:30,49.97,official_observed_reference,3a70825b3302332cbd53eece306cace0763d57b4038b7ef5b3923365a5d42ff1
2024-08-07,minimum,Day,Consumption,2932,09:00,09:30,50.04,official_observed_reference,3a70825b3302332cbd53eece306cace0763d57b4038b7ef5b3923365a5d42ff1
2024-08-08,maximum,Day,Generation,1604,11:30,12:00,50.03,official_observed_reference,23e6d7b508df00992c4fcba78b24b47b24ed9ee8a674fd79be9a1c20bb21bb9a
2024-08-08,maximum,Day,Consumption,3519,17:30,18:00,50.07,official_observed_reference,23e6d7b508df00992c4fcba78b24b47b24ed9ee8a674fd79be9a1c20bb21bb9a
2024-08-08,maximum,Evening,Generation,1700,19:30,20:00,50.05,official_observed_reference,23e6d7b508df00992c4fcba78b24b47b24ed9ee8a674fd79be9a1c20bb21bb9a
2024-08-08,maximum,Evening,Consumption,4012,19:00,19:30,49.99,official_observed_reference,23e6d7b508df00992c4fcba78b24b47b24ed9ee8a674fd79be9a1c20bb21bb9a
2024-08-08,maximum,Morning,Generation,1613,06:00,06:30,49.94,official_observed_reference,23e6d7b508df00992c4fcba78b24b47b24ed9ee8a674fd79be9a1c20bb21bb9a
2024-08-08,maximum,Morning,Consumption,3238,06:30,07:00,50.03,official_observed_reference,23e6d7b508df00992c4fcba78b24b47b24ed9ee8a674fd79be9a1c20bb21bb9a
2024-08-08,minimum,Night,Generation,1461,03:30,04:00,49.98,official_observed_reference,23e6d7b508df00992c4fcba78b24b47b24ed9ee8a674fd79be9a1c20bb21bb9a
2024-08-08,minimum,Night,Consumption,2750,03:30,04:00,49.98,official_observed_reference,23e6d7b508df00992c4fcba78b24b47b24ed9ee8a674fd79be9a1c20bb21bb9a
2024-08-08,minimum,Day,Generation,1053,13:00,13:30,50.17,official_observed_reference,23e6d7b508df00992c4fcba78b24b47b24ed9ee8a674fd79be9a1c20bb21bb9a
2024-08-08,minimum,Day,Consumption,2905,09:00,09:30,49.97,official_observed_reference,23e6d7b508df00992c4fcba78b24b47b24ed9ee8a674fd79be9a1c20bb21bb9a
2024-08-09,maximum,Day,Generation,1575,16:30,17:00,50.07,official_observed_reference,1a407b4f0ecdefbe4a1cb9f01a2ed7262eb8a672272ec79ed17bb099ff6da2a8
2024-08-09,maximum,Day,Consumption,3573,17:00,17:30,50.05,official_observed_reference,1a407b4f0ecdefbe4a1cb9f01a2ed7262eb8a672272ec79ed17bb099ff6da2a8
2024-08-09,maximum,Evening,Generation,1678,20:00,20:30,50.05,official_observed_reference,1a407b4f0ecdefbe4a1cb9f01a2ed7262eb8a672272ec79ed17bb099ff6da2a8
2024-08-09,maximum,Evening,Consumption,4102,19:00,19:30,50.00,official_observed_reference,1a407b4f0ecdefbe4a1cb9f01a2ed7262eb8a672272ec79ed17bb099ff6da2a8
2024-08-09,maximum,Morning,Generation,1624,05:30,06:00,50.04,official_observed_reference,1a407b4f0ecdefbe4a1cb9f01a2ed7262eb8a672272ec79ed17bb099ff6da2a8
2024-08-09,maximum,Morning,Consumption,3223,07:00,07:30,50.01,official_observed_reference,1a407b4f0ecdefbe4a1cb9f01a2ed7262eb8a672272ec79ed17bb099ff6da2a8
2024-08-09,minimum,Night,Generation,1266,18:00,18:30,50.03,official_observed_reference,1a407b4f0ecdefbe4a1cb9f01a2ed7262eb8a672272ec79ed17bb099ff6da2a8
2024-08-09,minimum,Night,Consumption,2794,04:00,04:30,50.00,official_observed_reference,1a407b4f0ecdefbe4a1cb9f01a2ed7262eb8a672272ec79ed17bb099ff6da2a8
2024-08-09,minimum,Day,Generation,923,13:00,13:30,49.97,official_observed_reference,1a407b4f0ecdefbe4a1cb9f01a2ed7262eb8a672272ec79ed17bb099ff6da2a8
2024-08-09,minimum,Day,Consumption,2958,13:30,14:00,49.99,official_observed_reference,1a407b4f0ecdefbe4a1cb9f01a2ed7262eb8a672272ec79ed17bb099ff6da2a8
2024-08-10,maximum,Day,Generation,1612,16:30,17:00,49.98,official_observed_reference,6deef9fa0cff290914cd33e5df76aa5d72f84a48932bbfaf982eda369641a097
2024-08-10,maximum,Day,Consumption,3459,16:30,17:00,49.98,official_observed_reference,6deef9fa0cff290914cd33e5df76aa5d72f84a48932bbfaf982eda369641a097
2024-08-10,maximum,Evening,Generation,1724,19:00,19:30,49.99,official_observed_reference,6deef9fa0cff290914cd33e5df76aa5d72f84a48932bbfaf982eda369641a097
2024-08-10,maximum,Evening,Consumption,4050,19:00,19:30,49.99,official_observed_reference,6deef9fa0cff290914cd33e5df76aa5d72f84a48932bbfaf982eda369641a097
2024-08-10,maximum,Morning,Generation,1428,06:30,07:00,50.05,official_observed_reference,6deef9fa0cff290914cd33e5df76aa5d72f84a48932bbfaf982eda369641a097
2024-08-10,maximum,Morning,Consumption,3166,08:00,08:30,50.01,official_observed_reference,6deef9fa0cff290914cd33e5df76aa5d72f84a48932bbfaf982eda369641a097
2024-08-10,minimum,Night,Generation,1287,03:30,04:00,50.03,official_observed_reference,6deef9fa0cff290914cd33e5df76aa5d72f84a48932bbfaf982eda369641a097
2024-08-10,minimum,Night,Consumption,2821,04:00,04:30,50.02,official_observed_reference,6deef9fa0cff290914cd33e5df76aa5d72f84a48932bbfaf982eda369641a097
2024-08-10,minimum,Day,Generation,1015,10:00,10:30,50.09,official_observed_reference,6deef9fa0cff290914cd33e5df76aa5d72f84a48932bbfaf982eda369641a097
2024-08-10,minimum,Day,Consumption,3047,10:00,10:30,50.09,official_observed_reference,6deef9fa0cff290914cd33e5df76aa5d72f84a48932bbfaf982eda369641a097
2024-08-11,maximum,Day,Generation,1236,16:30,17:00,50.08,official_observed_reference,47423e174a049f2ecc3331ea84e673b26e471232b3f28868ddeb97722de60051
2024-08-11,maximum,Day,Consumption,3093,17:30,18:00,49.96,official_observed_reference,47423e174a049f2ecc3331ea84e673b26e471232b3f28868ddeb97722de60051
2024-08-11,maximum,Evening,Generation,1736,22:00,22:30,50.01,official_observed_reference,47423e174a049f2ecc3331ea84e673b26e471232b3f28868ddeb97722de60051
2024-08-11,maximum,Evening,Consumption,3745,20:00,20:30,50.03,official_observed_reference,47423e174a049f2ecc3331ea84e673b26e471232b3f28868ddeb97722de60051
2024-08-11,maximum,Morning,Generation,1441,05:00,05:30,50.02,official_observed_reference,47423e174a049f2ecc3331ea84e673b26e471232b3f28868ddeb97722de60051
2024-08-11,maximum,Morning,Consumption,3056,06:30,07:00,49.98,official_observed_reference,47423e174a049f2ecc3331ea84e673b26e471232b3f28868ddeb97722de60051
2024-08-11,minimum,Night,Generation,1159,17:30,18:00,49.96,official_observed_reference,47423e174a049f2ecc3331ea84e673b26e471232b3f28868ddeb97722de60051
2024-08-11,minimum,Night,Consumption,2894,04:00,04:30,49.97,official_observed_reference,47423e174a049f2ecc3331ea84e673b26e471232b3f28868ddeb97722de60051
2024-08-11,minimum,Day,Generation,768,10:30,11:00,50.23,official_observed_reference,47423e174a049f2ecc3331ea84e673b26e471232b3f28868ddeb97722de60051
2024-08-11,minimum,Day,Consumption,2602,10:30,11:00,50.23,official_observed_reference,47423e174a049f2ecc3331ea84e673b26e471232b3f28868ddeb97722de60051
2024-08-13,maximum,Day,Generation,1617,17:30,18:00,50.04,official_observed_reference,39a044f79dbcf29d17a78e653eb0b531641063fcc5321e6e02d9f785b90c1d24
2024-08-13,maximum,Day,Consumption,3689,16:30,17:00,50.00,official_observed_reference,39a044f79dbcf29d17a78e653eb0b531641063fcc5321e6e02d9f785b90c1d24
2024-08-13,maximum,Evening,Generation,1745,19:00,19:30,49.65,official_observed_reference,39a044f79dbcf29d17a78e653eb0b531641063fcc5321e6e02d9f785b90c1d24
2024-08-13,maximum,Evening,Consumption,3937,20:00,20:30,49.88,official_observed_reference,39a044f79dbcf29d17a78e653eb0b531641063fcc5321e6e02d9f785b90c1d24
2024-08-13,maximum,Morning,Generation,1613,06:30,07:00,49.99,official_observed_reference,39a044f79dbcf29d17a78e653eb0b531641063fcc5321e6e02d9f785b90c1d24
2024-08-13,maximum,Morning,Consumption,3342,06:30,07:00,49.99,official_observed_reference,39a044f79dbcf29d17a78e653eb0b531641063fcc5321e6e02d9f785b90c1d24
2024-08-13,minimum,Night,Generation,1252,04:00,04:30,50.01,official_observed_reference,39a044f79dbcf29d17a78e653eb0b531641063fcc5321e6e02d9f785b90c1d24
2024-08-13,minimum,Night,Consumption,2907,04:00,04:30,50.01,official_observed_reference,39a044f79dbcf29d17a78e653eb0b531641063fcc5321e6e02d9f785b90c1d24
2024-08-13,minimum,Day,Generation,1091,08:30,09:00,50.10,official_observed_reference,39a044f79dbcf29d17a78e653eb0b531641063fcc5321e6e02d9f785b90c1d24
2024-08-13,minimum,Day,Consumption,3072,09:00,09:30,50.03,official_observed_reference,39a044f79dbcf29d17a78e653eb0b531641063fcc5321e6e02d9f785b90c1d24
2024-08-14,maximum,Day,Generation,1708,16:30,17:00,50.06,official_observed_reference,595dd963a1820b882d423048f82f79991794dbb917f337417e5c64b4d933b274
2024-08-14,maximum,Day,Consumption,3622,16:30,17:00,50.06,official_observed_reference,595dd963a1820b882d423048f82f79991794dbb917f337417e5c64b4d933b274
2024-08-14,maximum,Evening,Generation,1751,19:00,19:30,49.67,official_observed_reference,595dd963a1820b882d423048f82f79991794dbb917f337417e5c64b4d933b274
2024-08-14,maximum,Evening,Consumption,3789,18:30,19:00,49.97,official_observed_reference,595dd963a1820b882d423048f82f79991794dbb917f337417e5c64b4d933b274
2024-08-14,maximum,Morning,Generation,1703,07:00,07:30,49.98,official_observed_reference,595dd963a1820b882d423048f82f79991794dbb917f337417e5c64b4d933b274
2024-08-14,maximum,Morning,Consumption,3360,07:00,07:30,49.98,official_observed_reference,595dd963a1820b882d423048f82f79991794dbb917f337417e5c64b4d933b274
2024-08-14,minimum,Night,Generation,1222,04:00,04:30,50.03,official_observed_reference,595dd963a1820b882d423048f82f79991794dbb917f337417e5c64b4d933b274
2024-08-14,minimum,Night,Consumption,2860,04:30,05:00,50.04,official_observed_reference,595dd963a1820b882d423048f82f79991794dbb917f337417e5c64b4d933b274
2024-08-14,minimum,Day,Generation,1311,08:30,09:00,49.98,official_observed_reference,595dd963a1820b882d423048f82f79991794dbb917f337417e5c64b4d933b274
2024-08-14,minimum,Day,Consumption,3176,10:00,10:30,49.88,official_observed_reference,595dd963a1820b882d423048f82f79991794dbb917f337417e5c64b4d933b274
2024-08-15,maximum,Day,Generation,1250,17:30,18:00,50.07,official_observed_reference,9aed4a4234ed2fb159897d81e208a3f1eb7ea0da8d9b1677064fb0a3da005a2f
2024-08-15,maximum,Day,Consumption,3243,17:30,18:00,50.07,official_observed_reference,9aed4a4234ed2fb159897d81e208a3f1eb7ea0da8d9b1677064fb0a3da005a2f
2024-08-15,maximum,Evening,Generation,1684,22:00,22:30,50.03,official_observed_reference,9aed4a4234ed2fb159897d81e208a3f1eb7ea0da8d9b1677064fb0a3da005a2f
2024-08-15,maximum,Evening,Consumption,3879,19:30,20:00,50.04,official_observed_reference,9aed4a4234ed2fb159897d81e208a3f1eb7ea0da8d9b1677064fb0a3da005a2f
2024-08-15,maximum,Morning,Generation,1545,06:00,06:30,50.05,official_observed_reference,9aed4a4234ed2fb159897d81e208a3f1eb7ea0da8d9b1677064fb0a3da005a2f
2024-08-15,maximum,Morning,Consumption,3119,06:30,07:00,50.09,official_observed_reference,9aed4a4234ed2fb159897d81e208a3f1eb7ea0da8d9b1677064fb0a3da005a2f
2024-08-15,minimum,Night,Generation,893,19:00,19:30,50.02,official_observed_reference,9aed4a4234ed2fb159897d81e208a3f1eb7ea0da8d9b1677064fb0a3da005a2f
2024-08-15,minimum,Night,Consumption,2858,04:00,04:30,50.00,official_observed_reference,9aed4a4234ed2fb159897d81e208a3f1eb7ea0da8d9b1677064fb0a3da005a2f
2024-08-15,minimum,Day,Generation,900,13:30,14:00,49.85,official_observed_reference,9aed4a4234ed2fb159897d81e208a3f1eb7ea0da8d9b1677064fb0a3da005a2f
2024-08-15,minimum,Day,Consumption,2844,09:00,09:30,50.00,official_observed_reference,9aed4a4234ed2fb159897d81e208a3f1eb7ea0da8d9b1677064fb0a3da005a2f
2024-08-16,maximum,Day,Generation,1568,10:00,10:30,50.02,official_observed_reference,32e758b7b0d22f18f1cd7f23238661fd7029608c84b41bd691d3766714dfa0b5
2024-08-16,maximum,Day,Consumption,3655,16:30,17:00,50.06,official_observed_reference,32e758b7b0d22f18f1cd7f23238661fd7029608c84b41bd691d3766714dfa0b5
2024-08-16,maximum,Evening,Generation,1697,20:30,21:00,50.06,official_observed_reference,32e758b7b0d22f18f1cd7f23238661fd7029608c84b41bd691d3766714dfa0b5
2024-08-16,maximum,Evening,Consumption,4106,19:30,20:00,50.06,official_observed_reference,32e758b7b0d22f18f1cd7f23238661fd7029608c84b41bd691d3766714dfa0b5
2024-08-16,maximum,Morning,Generation,1661,06:30,07:00,50.05,official_observed_reference,32e758b7b0d22f18f1cd7f23238661fd7029608c84b41bd691d3766714dfa0b5
2024-08-16,maximum,Morning,Consumption,3297,07:00,07:30,50.01,official_observed_reference,32e758b7b0d22f18f1cd7f23238661fd7029608c84b41bd691d3766714dfa0b5
2024-08-16,minimum,Night,Generation,1280,04:00,04:30,50.04,official_observed_reference,32e758b7b0d22f18f1cd7f23238661fd7029608c84b41bd691d3766714dfa0b5
2024-08-16,minimum,Night,Consumption,2754,04:00,04:30,50.04,official_observed_reference,32e758b7b0d22f18f1cd7f23238661fd7029608c84b41bd691d3766714dfa0b5
2024-08-16,minimum,Day,Generation,1128,13:00,13:30,50.06,official_observed_reference,32e758b7b0d22f18f1cd7f23238661fd7029608c84b41bd691d3766714dfa0b5
2024-08-16,minimum,Day,Consumption,3106,13:00,13:30,50.06,official_observed_reference,32e758b7b0d22f18f1cd7f23238661fd7029608c84b41bd691d3766714dfa0b5
2024-08-17,maximum,Day,Generation,1289,08:30,09:00,50.04,official_observed_reference,eae6868740609728f9593c20b73bbdcd4cdbbaa96e5df0a7e8c077f3b7ac468b
2024-08-17,maximum,Day,Consumption,3424,16:30,17:00,50.03,official_observed_reference,eae6868740609728f9593c20b73bbdcd4cdbbaa96e5df0a7e8c077f3b7ac468b
2024-08-17,maximum,Evening,Generation,1824,22:00,22:30,50.01,official_observed_reference,eae6868740609728f9593c20b73bbdcd4cdbbaa96e5df0a7e8c077f3b7ac468b
2024-08-17,maximum,Evening,Consumption,3995,19:00,19:30,49.95,official_observed_reference,eae6868740609728f9593c20b73bbdcd4cdbbaa96e5df0a7e8c077f3b7ac468b
2024-08-17,maximum,Morning,Generation,1560,06:00,06:30,50.06,official_observed_reference,eae6868740609728f9593c20b73bbdcd4cdbbaa96e5df0a7e8c077f3b7ac468b
2024-08-17,maximum,Morning,Consumption,3301,07:00,07:30,50.01,official_observed_reference,eae6868740609728f9593c20b73bbdcd4cdbbaa96e5df0a7e8c077f3b7ac468b
2024-08-17,minimum,Night,Generation,132,17:30,18:00,50.07,official_observed_reference,eae6868740609728f9593c20b73bbdcd4cdbbaa96e5df0a7e8c077f3b7ac468b
2024-08-17,minimum,Night,Consumption,2899,03:00,03:30,49.97,official_observed_reference,eae6868740609728f9593c20b73bbdcd4cdbbaa96e5df0a7e8c077f3b7ac468b
2024-08-17,minimum,Day,Generation,850,13:00,13:30,49.97,official_observed_reference,eae6868740609728f9593c20b73bbdcd4cdbbaa96e5df0a7e8c077f3b7ac468b
2024-08-17,minimum,Day,Consumption,2319,42,42,42,official_observed_reference,eae6868740609728f9593c20b73bbdcd4cdbbaa96e5df0a7e8c077f3b7ac468b
2024-08-18,maximum,Day,Generation,994,17:30,18:00,50.03,official_observed_reference,07c71ea1baac7050728fe5859dbacc74dbc592f3327b4c8dddf3ca268372a52b
2024-08-18,maximum,Day,Consumption,3090,17:30,18:00,50.03,official_observed_reference,07c71ea1baac7050728fe5859dbacc74dbc592f3327b4c8dddf3ca268372a52b
2024-08-18,maximum,Evening,Generation,1819,22:00,22:30,50.03,official_observed_reference,07c71ea1baac7050728fe5859dbacc74dbc592f3327b4c8dddf3ca268372a52b
2024-08-18,maximum,Evening,Consumption,3819,21:00,21:30,50.03,official_observed_reference,07c71ea1baac7050728fe5859dbacc74dbc592f3327b4c8dddf3ca268372a52b
2024-08-18,maximum,Morning,Generation,1314,06:00,06:30,50.02,official_observed_reference,07c71ea1baac7050728fe5859dbacc74dbc592f3327b4c8dddf3ca268372a52b
2024-08-18,maximum,Morning,Consumption,3051,06:00,06:30,50.02,official_observed_reference,07c71ea1baac7050728fe5859dbacc74dbc592f3327b4c8dddf3ca268372a52b
2024-08-18,minimum,Night,Generation,994,17:30,18:00,50.03,official_observed_reference,07c71ea1baac7050728fe5859dbacc74dbc592f3327b4c8dddf3ca268372a52b
2024-08-18,minimum,Night,Consumption,2768,04:30,05:00,50.07,official_observed_reference,07c71ea1baac7050728fe5859dbacc74dbc592f3327b4c8dddf3ca268372a52b
2024-08-18,minimum,Day,Generation,610,15:00,15:30,50.05,official_observed_reference,07c71ea1baac7050728fe5859dbacc74dbc592f3327b4c8dddf3ca268372a52b
2024-08-18,minimum,Day,Consumption,2548,09:30,10:00,50.02,official_observed_reference,07c71ea1baac7050728fe5859dbacc74dbc592f3327b4c8dddf3ca268372a52b
2024-08-19,maximum,Day,Generation,1426,17:30,18:00,50.06,official_observed_reference,117bc8c39c58dc8c667548466a128b6fd5d932628bc9b4a45caef09d75c49610
2024-08-19,maximum,Day,Consumption,3686,17:30,18:00,50.06,official_observed_reference,117bc8c39c58dc8c667548466a128b6fd5d932628bc9b4a45caef09d75c49610
2024-08-19,maximum,Evening,Generation,1682,22:00,22:30,50.02,official_observed_reference,117bc8c39c58dc8c667548466a128b6fd5d932628bc9b4a45caef09d75c49610
2024-08-19,maximum,Evening,Consumption,4075,19:30,20:00,50.01,official_observed_reference,117bc8c39c58dc8c667548466a128b6fd5d932628bc9b4a45caef09d75c49610
2024-08-19,maximum,Morning,Generation,1638,06:30,07:00,50.05,official_observed_reference,117bc8c39c58dc8c667548466a128b6fd5d932628bc9b4a45caef09d75c49610
2024-08-19,maximum,Morning,Consumption,3327,07:00,07:30,50.06,official_observed_reference,117bc8c39c58dc8c667548466a128b6fd5d932628bc9b4a45caef09d75c49610
2024-08-19,minimum,Night,Generation,1140,19:00,19:30,50.06,official_observed_reference,117bc8c39c58dc8c667548466a128b6fd5d932628bc9b4a45caef09d75c49610
2024-08-19,minimum,Night,Consumption,2787,04:00,04:30,49.97,official_observed_reference,117bc8c39c58dc8c667548466a128b6fd5d932628bc9b4a45caef09d75c49610
2024-08-19,minimum,Day,Generation,145,17:00,17:30,49.90,official_observed_reference,117bc8c39c58dc8c667548466a128b6fd5d932628bc9b4a45caef09d75c49610
2024-08-19,minimum,Day,Consumption,2534,17:00,17:30,49.90,official_observed_reference,117bc8c39c58dc8c667548466a128b6fd5d932628bc9b4a45caef09d75c49610
2024-08-20,maximum,Day,Generation,1385,17:00,17:30,50.01,official_observed_reference,9d32f7cc91c6af8bae7ceffba00da49c073ecfb36d769640ffce005387106404
2024-08-20,maximum,Day,Consumption,3699,16:30,17:00,50.00,official_observed_reference,9d32f7cc91c6af8bae7ceffba00da49c073ecfb36d769640ffce005387106404
2024-08-20,maximum,Evening,Generation,1842,21:00,21:30,50.02,official_observed_reference,9d32f7cc91c6af8bae7ceffba00da49c073ecfb36d769640ffce005387106404
2024-08-20,maximum,Evening,Consumption,4105,19:30,20:00,50.00,official_observed_reference,9d32f7cc91c6af8bae7ceffba00da49c073ecfb36d769640ffce005387106404
2024-08-20,maximum,Morning,Generation,1324,05:30,06:00,50.05,official_observed_reference,9d32f7cc91c6af8bae7ceffba00da49c073ecfb36d769640ffce005387106404
2024-08-20,maximum,Morning,Consumption,3170,08:30,09:00,50.06,official_observed_reference,9d32f7cc91c6af8bae7ceffba00da49c073ecfb36d769640ffce005387106404
2024-08-20,minimum,Night,Generation,951,05:00,05:30,50.00,official_observed_reference,9d32f7cc91c6af8bae7ceffba00da49c073ecfb36d769640ffce005387106404
2024-08-20,minimum,Night,Consumption,2823,02:30,03:00,49.97,official_observed_reference,9d32f7cc91c6af8bae7ceffba00da49c073ecfb36d769640ffce005387106404
2024-08-20,minimum,Day,Generation,671,13:30,14:00,50.02,official_observed_reference,9d32f7cc91c6af8bae7ceffba00da49c073ecfb36d769640ffce005387106404
2024-08-20,minimum,Day,Consumption,3211,09:00,09:30,49.98,official_observed_reference,9d32f7cc91c6af8bae7ceffba00da49c073ecfb36d769640ffce005387106404
2024-08-21,maximum,Day,Generation,1565,17:30,18:00,50.08,official_observed_reference,153a83a085514e8942b9dcc37de84e8b50b31685b61e7b5f36e061c19b192801
2024-08-21,maximum,Day,Consumption,3511,17:30,18:00,50.08,official_observed_reference,153a83a085514e8942b9dcc37de84e8b50b31685b61e7b5f36e061c19b192801
2024-08-21,maximum,Evening,Generation,1837,19:30,20:00,50.04,official_observed_reference,153a83a085514e8942b9dcc37de84e8b50b31685b61e7b5f36e061c19b192801
2024-08-21,maximum,Evening,Consumption,4088,19:00,19:30,49.88,official_observed_reference,153a83a085514e8942b9dcc37de84e8b50b31685b61e7b5f36e061c19b192801
2024-08-21,maximum,Morning,Generation,800,05:00,05:30,49.99,official_observed_reference,153a83a085514e8942b9dcc37de84e8b50b31685b61e7b5f36e061c19b192801
2024-08-21,maximum,Morning,Consumption,2556,08:30,09:00,50.22,official_observed_reference,153a83a085514e8942b9dcc37de84e8b50b31685b61e7b5f36e061c19b192801
2024-08-21,minimum,Night,Generation,800,05:00,05:30,49.99,official_observed_reference,153a83a085514e8942b9dcc37de84e8b50b31685b61e7b5f36e061c19b192801
2024-08-21,minimum,Night,Consumption,2404,05:00,05:30,49.99,official_observed_reference,153a83a085514e8942b9dcc37de84e8b50b31685b61e7b5f36e061c19b192801
2024-08-21,minimum,Day,Generation,602,09:00,09:30,49.98,official_observed_reference,153a83a085514e8942b9dcc37de84e8b50b31685b61e7b5f36e061c19b192801
2024-08-21,minimum,Day,Consumption,2591,09:00,09:30,49.98,official_observed_reference,153a83a085514e8942b9dcc37de84e8b50b31685b61e7b5f36e061c19b192801
2024-08-22,maximum,Day,Generation,1541,17:30,18:00,49.88,official_observed_reference,e2fe58c4f31d030f7eed75e4bc90dd76e7249a21dbd84f4d2e72de41ac960242
2024-08-22,maximum,Day,Consumption,3549,17:30,18:00,49.88,official_observed_reference,e2fe58c4f31d030f7eed75e4bc90dd76e7249a21dbd84f4d2e72de41ac960242
2024-08-22,maximum,Evening,Generation,1846,20:00,20:30,50.02,official_observed_reference,e2fe58c4f31d030f7eed75e4bc90dd76e7249a21dbd84f4d2e72de41ac960242
2024-08-22,maximum,Evening,Consumption,4106,19:30,20:00,50.11,official_observed_reference,e2fe58c4f31d030f7eed75e4bc90dd76e7249a21dbd84f4d2e72de41ac960242
2024-08-22,maximum,Morning,Generation,1543,06:30,07:00,49.99,official_observed_reference,e2fe58c4f31d030f7eed75e4bc90dd76e7249a21dbd84f4d2e72de41ac960242
2024-08-22,maximum,Morning,Consumption,3294,07:00,07:30,50.01,official_observed_reference,e2fe58c4f31d030f7eed75e4bc90dd76e7249a21dbd84f4d2e72de41ac960242
2024-08-22,minimum,Night,Generation,1192,04:00,04:30,50.01,official_observed_reference,e2fe58c4f31d030f7eed75e4bc90dd76e7249a21dbd84f4d2e72de41ac960242
2024-08-22,minimum,Night,Consumption,2832,04:00,04:30,50.01,official_observed_reference,e2fe58c4f31d030f7eed75e4bc90dd76e7249a21dbd84f4d2e72de41ac960242
2024-08-22,minimum,Day,Generation,825,13:30,14:00,50.08,official_observed_reference,e2fe58c4f31d030f7eed75e4bc90dd76e7249a21dbd84f4d2e72de41ac960242
2024-08-22,minimum,Day,Consumption,3034,09:00,09:30,50.03,official_observed_reference,e2fe58c4f31d030f7eed75e4bc90dd76e7249a21dbd84f4d2e72de41ac960242
2024-08-23,maximum,Day,Generation,1419,17:30,18:00,50.08,official_observed_reference,b6f0eb004635046359f80d4084051f0c10c1bd6225b75236580ae3e0485c71fa
2024-08-23,maximum,Day,Consumption,3610,17:00,17:30,50.04,official_observed_reference,b6f0eb004635046359f80d4084051f0c10c1bd6225b75236580ae3e0485c71fa
2024-08-23,maximum,Evening,Generation,1711,21:00,21:30,50.05,official_observed_reference,b6f0eb004635046359f80d4084051f0c10c1bd6225b75236580ae3e0485c71fa
2024-08-23,maximum,Evening,Consumption,4262,21:00,21:30,50.05,official_observed_reference,b6f0eb004635046359f80d4084051f0c10c1bd6225b75236580ae3e0485c71fa
2024-08-23,maximum,Morning,Generation,1385,06:30,07:00,50.07,official_observed_reference,b6f0eb004635046359f80d4084051f0c10c1bd6225b75236580ae3e0485c71fa
2024-08-23,maximum,Morning,Consumption,3334,06:30,07:00,50.07,official_observed_reference,b6f0eb004635046359f80d4084051f0c10c1bd6225b75236580ae3e0485c71fa
2024-08-23,minimum,Night,Generation,977,04:00,04:30,50.07,official_observed_reference,b6f0eb004635046359f80d4084051f0c10c1bd6225b75236580ae3e0485c71fa
2024-08-23,minimum,Night,Consumption,2899,04:00,04:30,50.07,official_observed_reference,b6f0eb004635046359f80d4084051f0c10c1bd6225b75236580ae3e0485c71fa
2024-08-23,minimum,Day,Generation,700,08:30,09:00,50.04,official_observed_reference,b6f0eb004635046359f80d4084051f0c10c1bd6225b75236580ae3e0485c71fa
2024-08-23,minimum,Day,Consumption,3035,09:00,09:30,50.00,official_observed_reference,b6f0eb004635046359f80d4084051f0c10c1bd6225b75236580ae3e0485c71fa
2024-08-24,maximum,Day,Generation,1095,17:30,18:00,50.05,official_observed_reference,f86dc2505a7478aa27bcbe2d389d2058b976b9be876cdbc1172b85a1fd26aeb5
2024-08-24,maximum,Day,Consumption,3468,17:30,18:00,50.05,official_observed_reference,f86dc2505a7478aa27bcbe2d389d2058b976b9be876cdbc1172b85a1fd26aeb5
2024-08-24,maximum,Evening,Generation,1558,21:00,21:30,49.98,official_observed_reference,f86dc2505a7478aa27bcbe2d389d2058b976b9be876cdbc1172b85a1fd26aeb5
2024-08-24,maximum,Evening,Consumption,4115,19:00,19:30,50.05,official_observed_reference,f86dc2505a7478aa27bcbe2d389d2058b976b9be876cdbc1172b85a1fd26aeb5
2024-08-24,maximum,Morning,Generation,1118,06:30,07:00,50.02,official_observed_reference,f86dc2505a7478aa27bcbe2d389d2058b976b9be876cdbc1172b85a1fd26aeb5
2024-08-24,maximum,Morning,Consumption,3280,06:30,07:00,50.02,official_observed_reference,f86dc2505a7478aa27bcbe2d389d2058b976b9be876cdbc1172b85a1fd26aeb5
2024-08-24,minimum,Night,Generation,853,04:30,05:00,50.02,official_observed_reference,f86dc2505a7478aa27bcbe2d389d2058b976b9be876cdbc1172b85a1fd26aeb5
2024-08-24,minimum,Night,Consumption,2906,04:00,04:30,49.97,official_observed_reference,f86dc2505a7478aa27bcbe2d389d2058b976b9be876cdbc1172b85a1fd26aeb5
2024-08-24,minimum,Day,Generation,624,12:30,13:00,50.14,official_observed_reference,f86dc2505a7478aa27bcbe2d389d2058b976b9be876cdbc1172b85a1fd26aeb5
2024-08-24,minimum,Day,Consumption,3083,12:30,13:00,50.14,official_observed_reference,f86dc2505a7478aa27bcbe2d389d2058b976b9be876cdbc1172b85a1fd26aeb5
2024-08-25,maximum,Day,Generation,549,09:00,09:30,50.05,official_observed_reference,47934d5710feb03b8b4ccc87c096e7819fb3f4f66074108b91e60773d8df086d
2024-08-25,maximum,Day,Consumption,3036,17:30,18:00,50.06,official_observed_reference,47934d5710feb03b8b4ccc87c096e7819fb3f4f66074108b91e60773d8df086d
2024-08-25,maximum,Evening,Generation,1475,22:00,22:30,49.99,official_observed_reference,47934d5710feb03b8b4ccc87c096e7819fb3f4f66074108b91e60773d8df086d
2024-08-25,maximum,Evening,Consumption,3756,21:00,21:30,50.04,official_observed_reference,47934d5710feb03b8b4ccc87c096e7819fb3f4f66074108b91e60773d8df086d
2024-08-25,maximum,Morning,Generation,873,05:30,06:00,50.04,official_observed_reference,47934d5710feb03b8b4ccc87c096e7819fb3f4f66074108b91e60773d8df086d
2024-08-25,maximum,Morning,Consumption,3045,06:30,07:00,50.06,official_observed_reference,47934d5710feb03b8b4ccc87c096e7819fb3f4f66074108b91e60773d8df086d
2024-08-25,minimum,Night,Generation,533,17:30,18:00,50.06,official_observed_reference,47934d5710feb03b8b4ccc87c096e7819fb3f4f66074108b91e60773d8df086d
2024-08-25,minimum,Night,Consumption,2844,04:00,04:30,49.97,official_observed_reference,47934d5710feb03b8b4ccc87c096e7819fb3f4f66074108b91e60773d8df086d
2024-08-25,minimum,Day,Generation,364,15:30,16:00,50.03,official_observed_reference,47934d5710feb03b8b4ccc87c096e7819fb3f4f66074108b91e60773d8df086d
2024-08-25,minimum,Day,Consumption,2595,12:30,13:00,50.31,official_observed_reference,47934d5710feb03b8b4ccc87c096e7819fb3f4f66074108b91e60773d8df086d
2024-08-26,maximum,Day,Generation,1134,17:00,17:30,50.02,official_observed_reference,ba730c74ce57ce85d8503505366aff6c65d7b9ec251c596add23be4c5bc2f94d
2024-08-26,maximum,Day,Consumption,3583,16:00,16:30,49.88,official_observed_reference,ba730c74ce57ce85d8503505366aff6c65d7b9ec251c596add23be4c5bc2f94d
2024-08-26,maximum,Evening,Generation,1669,21:00,21:30,50.03,official_observed_reference,ba730c74ce57ce85d8503505366aff6c65d7b9ec251c596add23be4c5bc2f94d
2024-08-26,maximum,Evening,Consumption,4042,20:30,21:00,49.99,official_observed_reference,ba730c74ce57ce85d8503505366aff6c65d7b9ec251c596add23be4c5bc2f94d
2024-08-26,maximum,Morning,Generation,946,06:00,06:30,50.02,official_observed_reference,ba730c74ce57ce85d8503505366aff6c65d7b9ec251c596add23be4c5bc2f94d
2024-08-26,maximum,Morning,Consumption,3152,07:00,07:30,50.06,official_observed_reference,ba730c74ce57ce85d8503505366aff6c65d7b9ec251c596add23be4c5bc2f94d
2024-08-26,minimum,Night,Generation,760,04:30,05:00,50.08,official_observed_reference,ba730c74ce57ce85d8503505366aff6c65d7b9ec251c596add23be4c5bc2f94d
2024-08-26,minimum,Night,Consumption,2755,04:30,05:00,50.08,official_observed_reference,ba730c74ce57ce85d8503505366aff6c65d7b9ec251c596add23be4c5bc2f94d
2024-08-26,minimum,Day,Generation,532,12:00,12:30,50.02,official_observed_reference,ba730c74ce57ce85d8503505366aff6c65d7b9ec251c596add23be4c5bc2f94d
2024-08-26,minimum,Day,Consumption,3067,09:00,09:30,49.99,official_observed_reference,ba730c74ce57ce85d8503505366aff6c65d7b9ec251c596add23be4c5bc2f94d
2024-08-27,maximum,Day,Generation,916,17:30,18:00,50.08,official_observed_reference,a92a267d5ef025c973b1d8bca5af9df6d29e4ae805e75c9286f75534ef110bfb
2024-08-27,maximum,Day,Consumption,3647,16:30,17:00,50.10,official_observed_reference,a92a267d5ef025c973b1d8bca5af9df6d29e4ae805e75c9286f75534ef110bfb
2024-08-27,maximum,Evening,Generation,1558,19:30,20:00,50.05,official_observed_reference,a92a267d5ef025c973b1d8bca5af9df6d29e4ae805e75c9286f75534ef110bfb
2024-08-27,maximum,Evening,Consumption,4258,19:00,19:30,49.99,official_observed_reference,a92a267d5ef025c973b1d8bca5af9df6d29e4ae805e75c9286f75534ef110bfb
2024-08-27,maximum,Morning,Generation,753,06:30,07:00,50,official_observed_reference,a92a267d5ef025c973b1d8bca5af9df6d29e4ae805e75c9286f75534ef110bfb
2024-08-27,maximum,Morning,Consumption,3315,07:00,07:30,49.99,official_observed_reference,a92a267d5ef025c973b1d8bca5af9df6d29e4ae805e75c9286f75534ef110bfb
2024-08-27,minimum,Night,Generation,587,04:00,04:30,50.04,official_observed_reference,a92a267d5ef025c973b1d8bca5af9df6d29e4ae805e75c9286f75534ef110bfb
2024-08-27,minimum,Night,Consumption,2871,04:30,05:00,49.98,official_observed_reference,a92a267d5ef025c973b1d8bca5af9df6d29e4ae805e75c9286f75534ef110bfb
2024-08-27,minimum,Day,Generation,535,08:00,08:30,49.95,official_observed_reference,a92a267d5ef025c973b1d8bca5af9df6d29e4ae805e75c9286f75534ef110bfb
2024-08-27,minimum,Day,Consumption,3153,11:00,11:30,49.95,official_observed_reference,a92a267d5ef025c973b1d8bca5af9df6d29e4ae805e75c9286f75534ef110bfb
2024-08-28,maximum,Day,Generation,1263,17:30,18:00,50.08,official_observed_reference,61ea5414d320cb23b16edcc2f45d231de87bbea4e88aadfa9fe262f08b415f37
2024-08-28,maximum,Day,Consumption,3659,16:30,17:00,50.04,official_observed_reference,61ea5414d320cb23b16edcc2f45d231de87bbea4e88aadfa9fe262f08b415f37
2024-08-28,maximum,Evening,Generation,1652,22:00,22:30,50.01,official_observed_reference,61ea5414d320cb23b16edcc2f45d231de87bbea4e88aadfa9fe262f08b415f37
2024-08-28,maximum,Evening,Consumption,4023,19:00,19:30,50.02,official_observed_reference,61ea5414d320cb23b16edcc2f45d231de87bbea4e88aadfa9fe262f08b415f37
2024-08-28,maximum,Morning,Generation,877,06:30,07:00,50.07,official_observed_reference,61ea5414d320cb23b16edcc2f45d231de87bbea4e88aadfa9fe262f08b415f37
2024-08-28,maximum,Morning,Consumption,3274,07:00,07:30,50.04,official_observed_reference,61ea5414d320cb23b16edcc2f45d231de87bbea4e88aadfa9fe262f08b415f37
2024-08-28,minimum,Night,Generation,783,05:00,05:30,50.04,official_observed_reference,61ea5414d320cb23b16edcc2f45d231de87bbea4e88aadfa9fe262f08b415f37
2024-08-28,minimum,Night,Consumption,2991,04:00,04:30,50.01,official_observed_reference,61ea5414d320cb23b16edcc2f45d231de87bbea4e88aadfa9fe262f08b415f37
2024-08-28,minimum,Day,Generation,636,15:00,15:30,50.09,official_observed_reference,61ea5414d320cb23b16edcc2f45d231de87bbea4e88aadfa9fe262f08b415f37
2024-08-28,minimum,Day,Consumption,3284,09:00,09:30,50.04,official_observed_reference,61ea5414d320cb23b16edcc2f45d231de87bbea4e88aadfa9fe262f08b415f37
2024-08-29,maximum,Day,Generation,1113,17:30,18:00,50.06,official_observed_reference,487ab83fb183ad0302e81c110839ca652747c4331b14243142b0ed287260b609
2024-08-29,maximum,Day,Consumption,3611,17:30,18:00,50.06,official_observed_reference,487ab83fb183ad0302e81c110839ca652747c4331b14243142b0ed287260b609
2024-08-29,maximum,Evening,Generation,1581,18:30,19:00,50,official_observed_reference,487ab83fb183ad0302e81c110839ca652747c4331b14243142b0ed287260b609
2024-08-29,maximum,Evening,Consumption,3982,19:00,19:30,50.04,official_observed_reference,487ab83fb183ad0302e81c110839ca652747c4331b14243142b0ed287260b609
2024-08-29,maximum,Morning,Generation,1117,06:30,07:00,50,official_observed_reference,487ab83fb183ad0302e81c110839ca652747c4331b14243142b0ed287260b609
2024-08-29,maximum,Morning,Consumption,3319,06:30,07:00,50.00,official_observed_reference,487ab83fb183ad0302e81c110839ca652747c4331b14243142b0ed287260b609
2024-08-29,minimum,Night,Generation,891,05:00,05:30,49.99,official_observed_reference,487ab83fb183ad0302e81c110839ca652747c4331b14243142b0ed287260b609
2024-08-29,minimum,Night,Consumption,2879,04:30,05:00,50.01,official_observed_reference,487ab83fb183ad0302e81c110839ca652747c4331b14243142b0ed287260b609
2024-08-29,minimum,Day,Generation,648,11:00,11:30,50.13,official_observed_reference,487ab83fb183ad0302e81c110839ca652747c4331b14243142b0ed287260b609
2024-08-29,minimum,Day,Consumption,3096,09:00,09:30,50.07,official_observed_reference,487ab83fb183ad0302e81c110839ca652747c4331b14243142b0ed287260b609
2024-08-30,maximum,Day,Generation,1225,17:30,18:00,50.08,official_observed_reference,bbff13c5939fd0133d3e6abe032cd6d824800abb26a7c3a13c0b65e2216bc289
2024-08-30,maximum,Day,Consumption,3442,16:30,17:00,49.92,official_observed_reference,bbff13c5939fd0133d3e6abe032cd6d824800abb26a7c3a13c0b65e2216bc289
2024-08-30,maximum,Evening,Generation,1513,19:00,19:30,49.98,official_observed_reference,bbff13c5939fd0133d3e6abe032cd6d824800abb26a7c3a13c0b65e2216bc289
2024-08-30,maximum,Evening,Consumption,3965,19:00,19:30,49.98,official_observed_reference,bbff13c5939fd0133d3e6abe032cd6d824800abb26a7c3a13c0b65e2216bc289
2024-08-30,maximum,Morning,Generation,1221,06:30,07:00,50.03,official_observed_reference,bbff13c5939fd0133d3e6abe032cd6d824800abb26a7c3a13c0b65e2216bc289
2024-08-30,maximum,Morning,Consumption,3253,08:00,08:30,50.05,official_observed_reference,bbff13c5939fd0133d3e6abe032cd6d824800abb26a7c3a13c0b65e2216bc289
2024-08-30,minimum,Night,Generation,861,04:00,04:30,49.97,official_observed_reference,bbff13c5939fd0133d3e6abe032cd6d824800abb26a7c3a13c0b65e2216bc289
2024-08-30,minimum,Night,Consumption,2688,03:30,04:00,50.02,official_observed_reference,bbff13c5939fd0133d3e6abe032cd6d824800abb26a7c3a13c0b65e2216bc289
2024-08-30,minimum,Day,Generation,852,15:30,16:00,49.99,official_observed_reference,bbff13c5939fd0133d3e6abe032cd6d824800abb26a7c3a13c0b65e2216bc289
2024-08-30,minimum,Day,Consumption,3043,13:00,13:30,50.25,official_observed_reference,bbff13c5939fd0133d3e6abe032cd6d824800abb26a7c3a13c0b65e2216bc289
2024-08-31,maximum,Day,Generation,1158,17:30,18:00,50.08,official_observed_reference,6c6717998b44aab5c06e4ef39371278cc7cdb9046b702266b15a6c8d679afdcf
2024-08-31,maximum,Day,Consumption,3348,17:00,17:30,50.01,official_observed_reference,6c6717998b44aab5c06e4ef39371278cc7cdb9046b702266b15a6c8d679afdcf
2024-08-31,maximum,Evening,Generation,1573,19:00,19:30,49.9,official_observed_reference,6c6717998b44aab5c06e4ef39371278cc7cdb9046b702266b15a6c8d679afdcf
2024-08-31,maximum,Evening,Consumption,3834,19:00,19:30,49.90,official_observed_reference,6c6717998b44aab5c06e4ef39371278cc7cdb9046b702266b15a6c8d679afdcf
2024-08-31,maximum,Morning,Generation,1165,06:30,07:00,50.07,official_observed_reference,6c6717998b44aab5c06e4ef39371278cc7cdb9046b702266b15a6c8d679afdcf
2024-08-31,maximum,Morning,Consumption,3100,08:00,08:30,50.00,official_observed_reference,6c6717998b44aab5c06e4ef39371278cc7cdb9046b702266b15a6c8d679afdcf
2024-08-31,minimum,Night,Generation,874,04:30,05:00,50.03,official_observed_reference,6c6717998b44aab5c06e4ef39371278cc7cdb9046b702266b15a6c8d679afdcf
2024-08-31,minimum,Night,Consumption,2605,04:30,05:00,50.03,official_observed_reference,6c6717998b44aab5c06e4ef39371278cc7cdb9046b702266b15a6c8d679afdcf
2024-08-31,minimum,Day,Generation,824,14:30,15:00,50.03,official_observed_reference,6c6717998b44aab5c06e4ef39371278cc7cdb9046b702266b15a6c8d679afdcf
2024-08-31,minimum,Day,Consumption,3021,11:00,11:30,49.99,official_observed_reference,6c6717998b44aab5c06e4ef39371278cc7cdb9046b702266b15a6c8d679afdcf
2024-09-01,maximum,Day,Generation,812,13:30,14:00,50.03,official_observed_reference,148ed528bfc18c13c2b6dcb503efb5dcf39cc33e5dfd24704d295de571d26ba3
2024-09-01,maximum,Day,Consumption,2848,17:30,18:00,50.10,official_observed_reference,148ed528bfc18c13c2b6dcb503efb5dcf39cc33e5dfd24704d295de571d26ba3
2024-09-01,maximum,Evening,Generation,1609,21:30,22:00,50.04,official_observed_reference,148ed528bfc18c13c2b6dcb503efb5dcf39cc33e5dfd24704d295de571d26ba3
2024-09-01,maximum,Evening,Consumption,3537,19:00,19:30,50.02,official_observed_reference,148ed528bfc18c13c2b6dcb503efb5dcf39cc33e5dfd24704d295de571d26ba3
2024-09-01,maximum,Morning,Generation,1060,05:30,06:00,50.04,official_observed_reference,148ed528bfc18c13c2b6dcb503efb5dcf39cc33e5dfd24704d295de571d26ba3
2024-09-01,maximum,Morning,Consumption,2839,06:30,07:00,49.95,official_observed_reference,148ed528bfc18c13c2b6dcb503efb5dcf39cc33e5dfd24704d295de571d26ba3
2024-09-01,minimum,Night,Generation,762,17:30,18:00,50.10,official_observed_reference,148ed528bfc18c13c2b6dcb503efb5dcf39cc33e5dfd24704d295de571d26ba3
2024-09-01,minimum,Night,Consumption,2627,04:30,05:00,50.02,official_observed_reference,148ed528bfc18c13c2b6dcb503efb5dcf39cc33e5dfd24704d295de571d26ba3
2024-09-01,minimum,Day,Generation,701,16:00,16:30,49.97,official_observed_reference,148ed528bfc18c13c2b6dcb503efb5dcf39cc33e5dfd24704d295de571d26ba3
2024-09-01,minimum,Day,Consumption,2534,10:00,10:30,50.02,official_observed_reference,148ed528bfc18c13c2b6dcb503efb5dcf39cc33e5dfd24704d295de571d26ba3
2024-09-02,maximum,Day,Generation,1289,17:30,18:00,50.07,official_observed_reference,5a3d348cb3184a241f97f7fa3d75d6e236c448a470ae3a6d9cb195b695db96ae
2024-09-02,maximum,Day,Consumption,3580,17:00,17:30,50.04,official_observed_reference,5a3d348cb3184a241f97f7fa3d75d6e236c448a470ae3a6d9cb195b695db96ae
2024-09-02,maximum,Evening,Generation,1634,19:00,19:30,49.89,official_observed_reference,5a3d348cb3184a241f97f7fa3d75d6e236c448a470ae3a6d9cb195b695db96ae
2024-09-02,maximum,Evening,Consumption,4037,19:00,19:30,49.89,official_observed_reference,5a3d348cb3184a241f97f7fa3d75d6e236c448a470ae3a6d9cb195b695db96ae
2024-09-02,maximum,Morning,Generation,1339,07:00,07:30,50.04,official_observed_reference,5a3d348cb3184a241f97f7fa3d75d6e236c448a470ae3a6d9cb195b695db96ae
2024-09-02,maximum,Morning,Consumption,3094,07:00,07:30,50.04,official_observed_reference,5a3d348cb3184a241f97f7fa3d75d6e236c448a470ae3a6d9cb195b695db96ae
2024-09-02,minimum,Night,Generation,876,04:00,04:30,49.96,official_observed_reference,5a3d348cb3184a241f97f7fa3d75d6e236c448a470ae3a6d9cb195b695db96ae
2024-09-02,minimum,Night,Consumption,2499,04:00,04:30,49.96,official_observed_reference,5a3d348cb3184a241f97f7fa3d75d6e236c448a470ae3a6d9cb195b695db96ae
2024-09-02,minimum,Day,Generation,817,11:00,11:30,49.95,official_observed_reference,5a3d348cb3184a241f97f7fa3d75d6e236c448a470ae3a6d9cb195b695db96ae
2024-09-02,minimum,Day,Consumption,2913,09:00,09:30,50.01,official_observed_reference,5a3d348cb3184a241f97f7fa3d75d6e236c448a470ae3a6d9cb195b695db96ae
2024-09-03,maximum,Day,Generation,1169,17:00,17:30,50,official_observed_reference,07335a1b33ba69bc23f04a8cf85d915a79bbc5ba69c1e6f806b2a8158532c5fa
2024-09-03,maximum,Day,Consumption,3555,16:30,17:00,49.98,official_observed_reference,07335a1b33ba69bc23f04a8cf85d915a79bbc5ba69c1e6f806b2a8158532c5fa
2024-09-03,maximum,Evening,Generation,1634,20:30,21:00,50,official_observed_reference,07335a1b33ba69bc23f04a8cf85d915a79bbc5ba69c1e6f806b2a8158532c5fa
2024-09-03,maximum,Evening,Consumption,4039,19:30,20:00,50.11,official_observed_reference,07335a1b33ba69bc23f04a8cf85d915a79bbc5ba69c1e6f806b2a8158532c5fa
2024-09-03,maximum,Morning,Generation,1155,06:30,07:00,50.03,official_observed_reference,07335a1b33ba69bc23f04a8cf85d915a79bbc5ba69c1e6f806b2a8158532c5fa
2024-09-03,maximum,Morning,Consumption,3180,06:30,07:00,50.03,official_observed_reference,07335a1b33ba69bc23f04a8cf85d915a79bbc5ba69c1e6f806b2a8158532c5fa
2024-09-03,minimum,Night,Generation,971,05:00,05:30,50.01,official_observed_reference,07335a1b33ba69bc23f04a8cf85d915a79bbc5ba69c1e6f806b2a8158532c5fa
2024-09-03,minimum,Night,Consumption,2731,04:00,04:30,50.03,official_observed_reference,07335a1b33ba69bc23f04a8cf85d915a79bbc5ba69c1e6f806b2a8158532c5fa
2024-09-03,minimum,Day,Generation,646,11:00,11:30,50.01,official_observed_reference,07335a1b33ba69bc23f04a8cf85d915a79bbc5ba69c1e6f806b2a8158532c5fa
2024-09-03,minimum,Day,Consumption,3049,09:30,10:00,49.99,official_observed_reference,07335a1b33ba69bc23f04a8cf85d915a79bbc5ba69c1e6f806b2a8158532c5fa
2024-09-04,maximum,Day,Generation,989,17:30,18:00,50.07,official_observed_reference,35519fe14ffb7ffb2b1033d4ebee8e2f015c0b9fdd4fd8b92e9f7fa2796dd594
2024-09-04,maximum,Day,Consumption,3583,16:30,17:00,50.04,official_observed_reference,35519fe14ffb7ffb2b1033d4ebee8e2f015c0b9fdd4fd8b92e9f7fa2796dd594
2024-09-04,maximum,Evening,Generation,1462,22:00,22:30,50.04,official_observed_reference,35519fe14ffb7ffb2b1033d4ebee8e2f015c0b9fdd4fd8b92e9f7fa2796dd594
2024-09-04,maximum,Evening,Consumption,4124,19:00,19:30,50.05,official_observed_reference,35519fe14ffb7ffb2b1033d4ebee8e2f015c0b9fdd4fd8b92e9f7fa2796dd594
2024-09-04,maximum,Morning,Generation,1198,06:30,07:00,50,official_observed_reference,35519fe14ffb7ffb2b1033d4ebee8e2f015c0b9fdd4fd8b92e9f7fa2796dd594
2024-09-04,maximum,Morning,Consumption,3203,06:30,07:00,50.00,official_observed_reference,35519fe14ffb7ffb2b1033d4ebee8e2f015c0b9fdd4fd8b92e9f7fa2796dd594
2024-09-04,minimum,Night,Generation,989,17:30,18:00,50.07,official_observed_reference,35519fe14ffb7ffb2b1033d4ebee8e2f015c0b9fdd4fd8b92e9f7fa2796dd594
2024-09-04,minimum,Night,Consumption,2733,03:30,04:00,50.03,official_observed_reference,35519fe14ffb7ffb2b1033d4ebee8e2f015c0b9fdd4fd8b92e9f7fa2796dd594
2024-09-04,minimum,Day,Generation,735,10:30,11:00,50.10,official_observed_reference,35519fe14ffb7ffb2b1033d4ebee8e2f015c0b9fdd4fd8b92e9f7fa2796dd594
2024-09-04,minimum,Day,Consumption,2994,12:30,13:00,50.17,official_observed_reference,35519fe14ffb7ffb2b1033d4ebee8e2f015c0b9fdd4fd8b92e9f7fa2796dd594
2024-09-05,maximum,Day,Generation,929,17:30,18:00,50.07,official_observed_reference,a521341f2a0936e275cf1891159b8313eeb7b7d11e31e393a5dde00f71ddcc81
2024-09-05,maximum,Day,Consumption,3631,16:30,17:00,50.00,official_observed_reference,a521341f2a0936e275cf1891159b8313eeb7b7d11e31e393a5dde00f71ddcc81
2024-09-05,maximum,Evening,Generation,1548,22:00,22:30,49.98,official_observed_reference,a521341f2a0936e275cf1891159b8313eeb7b7d11e31e393a5dde00f71ddcc81
2024-09-05,maximum,Evening,Consumption,4255,19:00,19:30,49.97,official_observed_reference,a521341f2a0936e275cf1891159b8313eeb7b7d11e31e393a5dde00f71ddcc81
2024-09-05,maximum,Morning,Generation,1156,06:30,07:00,50.01,official_observed_reference,a521341f2a0936e275cf1891159b8313eeb7b7d11e31e393a5dde00f71ddcc81
2024-09-05,maximum,Morning,Consumption,3295,06:30,07:00,50.01,official_observed_reference,a521341f2a0936e275cf1891159b8313eeb7b7d11e31e393a5dde00f71ddcc81
2024-09-05,minimum,Night,Generation,886,04:30,05:00,50.01,official_observed_reference,a521341f2a0936e275cf1891159b8313eeb7b7d11e31e393a5dde00f71ddcc81
2024-09-05,minimum,Night,Consumption,2835,04:30,05:00,50.01,official_observed_reference,a521341f2a0936e275cf1891159b8313eeb7b7d11e31e393a5dde00f71ddcc81
2024-09-05,minimum,Day,Generation,655,13:00,13:30,50.20,official_observed_reference,a521341f2a0936e275cf1891159b8313eeb7b7d11e31e393a5dde00f71ddcc81
2024-09-05,minimum,Day,Consumption,2983,09:00,09:30,50.03,official_observed_reference,a521341f2a0936e275cf1891159b8313eeb7b7d11e31e393a5dde00f71ddcc81
2024-09-07,maximum,Day,Generation,1120,17:30,18:00,50.06,official_observed_reference,d06583786bd1821c9e12d96277b18cf8e1fd510c0d330f928136d8840c2637a7
2024-09-07,maximum,Day,Consumption,3632,16:00,16:30,50.04,official_observed_reference,d06583786bd1821c9e12d96277b18cf8e1fd510c0d330f928136d8840c2637a7
2024-09-07,maximum,Evening,Generation,1643,21:00,21:30,50.03,official_observed_reference,d06583786bd1821c9e12d96277b18cf8e1fd510c0d330f928136d8840c2637a7
2024-09-07,maximum,Evening,Consumption,4149,19:00,19:30,50.05,official_observed_reference,d06583786bd1821c9e12d96277b18cf8e1fd510c0d330f928136d8840c2637a7
2024-09-07,maximum,Morning,Generation,1126,06:30,07:00,50.08,official_observed_reference,d06583786bd1821c9e12d96277b18cf8e1fd510c0d330f928136d8840c2637a7
2024-09-07,maximum,Morning,Consumption,3199,07:00,07:30,50.02,official_observed_reference,d06583786bd1821c9e12d96277b18cf8e1fd510c0d330f928136d8840c2637a7
2024-09-07,minimum,Night,Generation,1018,04:00,04:30,50.01,official_observed_reference,d06583786bd1821c9e12d96277b18cf8e1fd510c0d330f928136d8840c2637a7
2024-09-07,minimum,Night,Consumption,2902,03:30,04:00,50.02,official_observed_reference,d06583786bd1821c9e12d96277b18cf8e1fd510c0d330f928136d8840c2637a7
2024-09-07,minimum,Day,Generation,714,15:00,15:30,50.08,official_observed_reference,d06583786bd1821c9e12d96277b18cf8e1fd510c0d330f928136d8840c2637a7
2024-09-07,minimum,Day,Consumption,3152,09:00,09:30,49.96,official_observed_reference,d06583786bd1821c9e12d96277b18cf8e1fd510c0d330f928136d8840c2637a7
2024-09-08,maximum,Day,Generation,1108,17:30,18:00,50.01,official_observed_reference,4e01577f523a54a0bb38965ca00f75799835b7f4136836a2da2b635f37e03d2b
2024-09-08,maximum,Day,Consumption,3143,17:30,18:00,50.01,official_observed_reference,4e01577f523a54a0bb38965ca00f75799835b7f4136836a2da2b635f37e03d2b
2024-09-08,maximum,Evening,Generation,1575,18:30,19:00,50.03,official_observed_reference,4e01577f523a54a0bb38965ca00f75799835b7f4136836a2da2b635f37e03d2b
2024-09-08,maximum,Evening,Consumption,3705,19:30,20:00,50.05,official_observed_reference,4e01577f523a54a0bb38965ca00f75799835b7f4136836a2da2b635f37e03d2b
2024-09-08,maximum,Morning,Generation,1196,06:30,07:00,49.88,official_observed_reference,4e01577f523a54a0bb38965ca00f75799835b7f4136836a2da2b635f37e03d2b
2024-09-08,maximum,Morning,Consumption,3079,06:30,07:00,49.88,official_observed_reference,4e01577f523a54a0bb38965ca00f75799835b7f4136836a2da2b635f37e03d2b
2024-09-08,minimum,Night,Generation,906,05:00,05:30,50.01,official_observed_reference,4e01577f523a54a0bb38965ca00f75799835b7f4136836a2da2b635f37e03d2b
2024-09-08,minimum,Night,Consumption,2857,05:00,05:30,50.01,official_observed_reference,4e01577f523a54a0bb38965ca00f75799835b7f4136836a2da2b635f37e03d2b
2024-09-08,minimum,Day,Generation,594,14:00,14:30,50.00,official_observed_reference,4e01577f523a54a0bb38965ca00f75799835b7f4136836a2da2b635f37e03d2b
2024-09-08,minimum,Day,Consumption,2603,12:30,13:00,50.15,official_observed_reference,4e01577f523a54a0bb38965ca00f75799835b7f4136836a2da2b635f37e03d2b
2024-09-09,maximum,Day,Generation,1072,15:00,15:30,49.98,official_observed_reference,cdc9b44584b7cd21515dde75f37109fbe026018dc5eef09ad6ec37266f34ebc5
2024-09-09,maximum,Day,Consumption,3571,17:30,18:00,50.06,official_observed_reference,cdc9b44584b7cd21515dde75f37109fbe026018dc5eef09ad6ec37266f34ebc5
2024-09-09,maximum,Evening,Generation,1716,21:00,21:30,50.04,official_observed_reference,cdc9b44584b7cd21515dde75f37109fbe026018dc5eef09ad6ec37266f34ebc5
2024-09-09,maximum,Evening,Consumption,4104,19:00,19:30,50.02,official_observed_reference,cdc9b44584b7cd21515dde75f37109fbe026018dc5eef09ad6ec37266f34ebc5
2024-09-09,maximum,Morning,Generation,1240,06:00,06:30,49.99,official_observed_reference,cdc9b44584b7cd21515dde75f37109fbe026018dc5eef09ad6ec37266f34ebc5
2024-09-09,maximum,Morning,Consumption,3269,07:30,08:00,50.22,official_observed_reference,cdc9b44584b7cd21515dde75f37109fbe026018dc5eef09ad6ec37266f34ebc5
2024-09-09,minimum,Night,Generation,911,03:00,03:30,50.05,official_observed_reference,cdc9b44584b7cd21515dde75f37109fbe026018dc5eef09ad6ec37266f34ebc5
2024-09-09,minimum,Night,Consumption,2733,03:00,03:30,50.05,official_observed_reference,cdc9b44584b7cd21515dde75f37109fbe026018dc5eef09ad6ec37266f34ebc5
2024-09-09,minimum,Day,Generation,766,09:30,10:00,50.03,official_observed_reference,cdc9b44584b7cd21515dde75f37109fbe026018dc5eef09ad6ec37266f34ebc5
2024-09-09,minimum,Day,Consumption,3065,09:00,09:30,49.99,official_observed_reference,cdc9b44584b7cd21515dde75f37109fbe026018dc5eef09ad6ec37266f34ebc5
2024-09-10,maximum,Day,Generation,1250,17:30,18:00,50.02,official_observed_reference,fd24d23e8371d8dc4995a386821103e690ee60d82353f5d17a023a07d394b60d
2024-09-10,maximum,Day,Consumption,3619,17:00,17:30,49.97,official_observed_reference,fd24d23e8371d8dc4995a386821103e690ee60d82353f5d17a023a07d394b60d
2024-09-10,maximum,Evening,Generation,1584,19:30,20:00,50.08,official_observed_reference,fd24d23e8371d8dc4995a386821103e690ee60d82353f5d17a023a07d394b60d
2024-09-10,maximum,Evening,Consumption,4194,19:00,19:30,50.04,official_observed_reference,fd24d23e8371d8dc4995a386821103e690ee60d82353f5d17a023a07d394b60d
2024-09-10,maximum,Morning,Generation,1231,07:00,07:30,50.08,official_observed_reference,fd24d23e8371d8dc4995a386821103e690ee60d82353f5d17a023a07d394b60d
2024-09-10,maximum,Morning,Consumption,3266,07:00,07:30,50.08,official_observed_reference,fd24d23e8371d8dc4995a386821103e690ee60d82353f5d17a023a07d394b60d
2024-09-10,minimum,Night,Generation,997,04:00,04:30,50.05,official_observed_reference,fd24d23e8371d8dc4995a386821103e690ee60d82353f5d17a023a07d394b60d
2024-09-10,minimum,Night,Consumption,2791,03:30,04:00,50.04,official_observed_reference,fd24d23e8371d8dc4995a386821103e690ee60d82353f5d17a023a07d394b60d
2024-09-10,minimum,Day,Generation,808,08:30,09:00,50.04,official_observed_reference,fd24d23e8371d8dc4995a386821103e690ee60d82353f5d17a023a07d394b60d
2024-09-10,minimum,Day,Consumption,3071,09:00,09:30,50.05,official_observed_reference,fd24d23e8371d8dc4995a386821103e690ee60d82353f5d17a023a07d394b60d
2024-09-11,maximum,Day,Generation,1195,17:30,18:00,50.04,official_observed_reference,1ee616156f29451de2e08e72a3e73c02d4642ff6b7a55f0ecc159875bb6d61ac
2024-09-11,maximum,Day,Consumption,3780,16:30,17:00,49.94,official_observed_reference,1ee616156f29451de2e08e72a3e73c02d4642ff6b7a55f0ecc159875bb6d61ac
2024-09-11,maximum,Evening,Generation,1647,20:30,21:00,50.01,official_observed_reference,1ee616156f29451de2e08e72a3e73c02d4642ff6b7a55f0ecc159875bb6d61ac
2024-09-11,maximum,Evening,Consumption,4239,20:00,20:30,50.04,official_observed_reference,1ee616156f29451de2e08e72a3e73c02d4642ff6b7a55f0ecc159875bb6d61ac
2024-09-11,maximum,Morning,Generation,1289,06:30,07:00,50.01,official_observed_reference,1ee616156f29451de2e08e72a3e73c02d4642ff6b7a55f0ecc159875bb6d61ac
2024-09-11,maximum,Morning,Consumption,3295,06:30,07:00,50.01,official_observed_reference,1ee616156f29451de2e08e72a3e73c02d4642ff6b7a55f0ecc159875bb6d61ac
2024-09-11,minimum,Night,Generation,952,04:30,05:00,50.05,official_observed_reference,1ee616156f29451de2e08e72a3e73c02d4642ff6b7a55f0ecc159875bb6d61ac
2024-09-11,minimum,Night,Consumption,2830,03:30,04:00,50.05,official_observed_reference,1ee616156f29451de2e08e72a3e73c02d4642ff6b7a55f0ecc159875bb6d61ac
2024-09-11,minimum,Day,Generation,754,08:00,08:30,50.00,official_observed_reference,1ee616156f29451de2e08e72a3e73c02d4642ff6b7a55f0ecc159875bb6d61ac
2024-09-11,minimum,Day,Consumption,3071,09:00,09:30,49.99,official_observed_reference,1ee616156f29451de2e08e72a3e73c02d4642ff6b7a55f0ecc159875bb6d61ac
2024-09-12,maximum,Day,Generation,1121,17:30,18:00,50.04,official_observed_reference,cb420b6b713b792392951346ceb0f2714a207dceef4986ab9b45f0262c26a608
2024-09-12,maximum,Day,Consumption,3771,17:30,18:00,50.04,official_observed_reference,cb420b6b713b792392951346ceb0f2714a207dceef4986ab9b45f0262c26a608
2024-09-12,maximum,Evening,Generation,1756,19:30,20:00,50.01,official_observed_reference,cb420b6b713b792392951346ceb0f2714a207dceef4986ab9b45f0262c26a608
2024-09-12,maximum,Evening,Consumption,4303,19:00,19:30,50.04,official_observed_reference,cb420b6b713b792392951346ceb0f2714a207dceef4986ab9b45f0262c26a608
2024-09-12,maximum,Morning,Generation,1026,06:00,06:30,49.95,official_observed_reference,cb420b6b713b792392951346ceb0f2714a207dceef4986ab9b45f0262c26a608
2024-09-12,maximum,Morning,Consumption,3329,07:00,07:30,49.93,official_observed_reference,cb420b6b713b792392951346ceb0f2714a207dceef4986ab9b45f0262c26a608
2024-09-12,minimum,Night,Generation,926,02:30,03:00,49.99,official_observed_reference,cb420b6b713b792392951346ceb0f2714a207dceef4986ab9b45f0262c26a608
2024-09-12,minimum,Night,Consumption,2848,04:00,04:30,49.96,official_observed_reference,cb420b6b713b792392951346ceb0f2714a207dceef4986ab9b45f0262c26a608
2024-09-12,minimum,Day,Generation,840,09:00,09:30,49.99,official_observed_reference,cb420b6b713b792392951346ceb0f2714a207dceef4986ab9b45f0262c26a608
2024-09-12,minimum,Day,Consumption,3138,09:30,10:00,50.10,official_observed_reference,cb420b6b713b792392951346ceb0f2714a207dceef4986ab9b45f0262c26a608
2024-09-13,maximum,Day,Generation,1146,16:30,17:00,49.91,official_observed_reference,f7c69245111abf251233f7b4242f09d7fa140909d0e22373c9a69ef4ea6e7902
2024-09-13,maximum,Day,Consumption,3733,16:30,17:00,49.91,official_observed_reference,f7c69245111abf251233f7b4242f09d7fa140909d0e22373c9a69ef4ea6e7902
2024-09-13,maximum,Evening,Generation,1791,20:30,21:00,50.02,official_observed_reference,f7c69245111abf251233f7b4242f09d7fa140909d0e22373c9a69ef4ea6e7902
2024-09-13,maximum,Evening,Consumption,4252,19:30,20:00,50.06,official_observed_reference,f7c69245111abf251233f7b4242f09d7fa140909d0e22373c9a69ef4ea6e7902
2024-09-13,maximum,Morning,Generation,1234,06:30,07:00,50.03,official_observed_reference,f7c69245111abf251233f7b4242f09d7fa140909d0e22373c9a69ef4ea6e7902
2024-09-13,maximum,Morning,Consumption,3349,07:00,07:30,50.03,official_observed_reference,f7c69245111abf251233f7b4242f09d7fa140909d0e22373c9a69ef4ea6e7902
2024-09-13,minimum,Night,Generation,952,04:00,04:30,50.05,official_observed_reference,f7c69245111abf251233f7b4242f09d7fa140909d0e22373c9a69ef4ea6e7902
2024-09-13,minimum,Night,Consumption,2906,03:30,04:00,50.05,official_observed_reference,f7c69245111abf251233f7b4242f09d7fa140909d0e22373c9a69ef4ea6e7902
2024-09-13,minimum,Day,Generation,814,13:00,13:30,50.14,official_observed_reference,f7c69245111abf251233f7b4242f09d7fa140909d0e22373c9a69ef4ea6e7902
2024-09-13,minimum,Day,Consumption,3147,12:30,13:00,50.24,official_observed_reference,f7c69245111abf251233f7b4242f09d7fa140909d0e22373c9a69ef4ea6e7902
2024-09-14,maximum,Day,Generation,895,17:30,18:00,50.04,official_observed_reference,eac56277fdfef14476bf134ca0e1a00049a336f0a3351c3f3801404b4f635335
2024-09-14,maximum,Day,Consumption,3308,17:30,18:00,50.04,official_observed_reference,eac56277fdfef14476bf134ca0e1a00049a336f0a3351c3f3801404b4f635335
2024-09-14,maximum,Evening,Generation,1770,19:00,19:30,50.06,official_observed_reference,eac56277fdfef14476bf134ca0e1a00049a336f0a3351c3f3801404b4f635335
2024-09-14,maximum,Evening,Consumption,3943,19:00,19:30,50.06,official_observed_reference,eac56277fdfef14476bf134ca0e1a00049a336f0a3351c3f3801404b4f635335
2024-09-14,maximum,Morning,Generation,1120,05:30,06:00,50.02,official_observed_reference,eac56277fdfef14476bf134ca0e1a00049a336f0a3351c3f3801404b4f635335
2024-09-14,maximum,Morning,Consumption,3145,06:30,07:00,49.92,official_observed_reference,eac56277fdfef14476bf134ca0e1a00049a336f0a3351c3f3801404b4f635335
2024-09-14,minimum,Night,Generation,895,17:30,18:00,50.04,official_observed_reference,eac56277fdfef14476bf134ca0e1a00049a336f0a3351c3f3801404b4f635335
2024-09-14,minimum,Night,Consumption,3002,05:00,05:30,49.91,official_observed_reference,eac56277fdfef14476bf134ca0e1a00049a336f0a3351c3f3801404b4f635335
2024-09-14,minimum,Day,Generation,491,12:30,13:00,50.32,official_observed_reference,eac56277fdfef14476bf134ca0e1a00049a336f0a3351c3f3801404b4f635335
2024-09-14,minimum,Day,Consumption,2878,13:30,14:00,50.14,official_observed_reference,eac56277fdfef14476bf134ca0e1a00049a336f0a3351c3f3801404b4f635335
2024-09-15,maximum,Day,Generation,733,17:30,18:00,49.94,official_observed_reference,b13d80401feee0a517e0a4e7e1a321bd89e4bded417d23f9318b978b8d2198b8
2024-09-15,maximum,Day,Consumption,2881,17:30,18:00,49.94,official_observed_reference,b13d80401feee0a517e0a4e7e1a321bd89e4bded417d23f9318b978b8d2198b8
2024-09-15,maximum,Evening,Generation,1664,22:00,22:30,49.96,official_observed_reference,b13d80401feee0a517e0a4e7e1a321bd89e4bded417d23f9318b978b8d2198b8
2024-09-15,maximum,Evening,Consumption,3663,21:30,22:00,50.05,official_observed_reference,b13d80401feee0a517e0a4e7e1a321bd89e4bded417d23f9318b978b8d2198b8
2024-09-15,maximum,Morning,Generation,1228,06:00,06:30,49.96,official_observed_reference,b13d80401feee0a517e0a4e7e1a321bd89e4bded417d23f9318b978b8d2198b8
2024-09-15,maximum,Morning,Consumption,3032,06:00,06:30,49.96,official_observed_reference,b13d80401feee0a517e0a4e7e1a321bd89e4bded417d23f9318b978b8d2198b8
2024-09-15,minimum,Night,Generation,733,17:30,18:00,49.94,official_observed_reference,b13d80401feee0a517e0a4e7e1a321bd89e4bded417d23f9318b978b8d2198b8
2024-09-15,minimum,Night,Consumption,2753,04:00,04:30,49.98,official_observed_reference,b13d80401feee0a517e0a4e7e1a321bd89e4bded417d23f9318b978b8d2198b8
2024-09-15,minimum,Day,Generation,492,10:30,11:00,50.16,official_observed_reference,b13d80401feee0a517e0a4e7e1a321bd89e4bded417d23f9318b978b8d2198b8
2024-09-15,minimum,Day,Consumption,2370,09:30,10:00,50.08,official_observed_reference,b13d80401feee0a517e0a4e7e1a321bd89e4bded417d23f9318b978b8d2198b8
2024-09-16,maximum,Day,Generation,1086,17:30,18:00,50.06,official_observed_reference,321eb609d9ad065bdc37e9ca9efa2c84dc8203d3cec393ab98f558728458ec4f
2024-09-16,maximum,Day,Consumption,3264,17:30,18:00,50.06,official_observed_reference,321eb609d9ad065bdc37e9ca9efa2c84dc8203d3cec393ab98f558728458ec4f
2024-09-16,maximum,Evening,Generation,1599,21:00,21:30,49.9,official_observed_reference,321eb609d9ad065bdc37e9ca9efa2c84dc8203d3cec393ab98f558728458ec4f
2024-09-16,maximum,Evening,Consumption,3840,21:30,22:00,49.97,official_observed_reference,321eb609d9ad065bdc37e9ca9efa2c84dc8203d3cec393ab98f558728458ec4f
2024-09-16,maximum,Morning,Generation,1069,06:30,07:00,50,official_observed_reference,321eb609d9ad065bdc37e9ca9efa2c84dc8203d3cec393ab98f558728458ec4f
2024-09-16,maximum,Morning,Consumption,2942,06:30,07:00,50.00,official_observed_reference,321eb609d9ad065bdc37e9ca9efa2c84dc8203d3cec393ab98f558728458ec4f
2024-09-16,minimum,Night,Generation,935,05:00,05:30,50.00,official_observed_reference,321eb609d9ad065bdc37e9ca9efa2c84dc8203d3cec393ab98f558728458ec4f
2024-09-16,minimum,Night,Consumption,2800,03:00,03:30,50.01,official_observed_reference,321eb609d9ad065bdc37e9ca9efa2c84dc8203d3cec393ab98f558728458ec4f
2024-09-16,minimum,Day,Generation,540,10:30,11:00,50.09,official_observed_reference,321eb609d9ad065bdc37e9ca9efa2c84dc8203d3cec393ab98f558728458ec4f
2024-09-16,minimum,Day,Consumption,2558,09:30,10:00,50.08,official_observed_reference,321eb609d9ad065bdc37e9ca9efa2c84dc8203d3cec393ab98f558728458ec4f
2024-09-17,maximum,Day,Generation,1558,17:30,18:00,50.08,official_observed_reference,2baf08603c8087a3ef24e5c1c1bb1b566025a4ec02e664a120aeefaa66fd3e96
2024-09-17,maximum,Day,Consumption,3498,16:30,17:00,50.05,official_observed_reference,2baf08603c8087a3ef24e5c1c1bb1b566025a4ec02e664a120aeefaa66fd3e96
2024-09-17,maximum,Evening,Generation,1696,18:30,19:00,49.99,official_observed_reference,2baf08603c8087a3ef24e5c1c1bb1b566025a4ec02e664a120aeefaa66fd3e96
2024-09-17,maximum,Evening,Consumption,4069,19:30,20:00,49.99,official_observed_reference,2baf08603c8087a3ef24e5c1c1bb1b566025a4ec02e664a120aeefaa66fd3e96
2024-09-17,maximum,Morning,Generation,1224,05:00,05:30,50.05,official_observed_reference,2baf08603c8087a3ef24e5c1c1bb1b566025a4ec02e664a120aeefaa66fd3e96
2024-09-17,maximum,Morning,Consumption,3075,05:30,06:00,50.03,official_observed_reference,2baf08603c8087a3ef24e5c1c1bb1b566025a4ec02e664a120aeefaa66fd3e96
2024-09-17,minimum,Night,Generation,1116,04:00,04:30,50.01,official_observed_reference,2baf08603c8087a3ef24e5c1c1bb1b566025a4ec02e664a120aeefaa66fd3e96
2024-09-17,minimum,Night,Consumption,2922,03:00,03:30,50.02,official_observed_reference,2baf08603c8087a3ef24e5c1c1bb1b566025a4ec02e664a120aeefaa66fd3e96
2024-09-17,minimum,Day,Generation,818,13:30,14:00,50.04,official_observed_reference,2baf08603c8087a3ef24e5c1c1bb1b566025a4ec02e664a120aeefaa66fd3e96
2024-09-17,minimum,Day,Consumption,2955,09:00,09:30,50.03,official_observed_reference,2baf08603c8087a3ef24e5c1c1bb1b566025a4ec02e664a120aeefaa66fd3e96
2024-09-18,maximum,Day,Generation,1700,16:00,16:30,49.93,official_observed_reference,4891e999d9c306c22d33e24c3ba06d752dd22188731941ada09b8eb387d1e2ed
2024-09-18,maximum,Day,Consumption,3752,16:30,17:00,49.99,official_observed_reference,4891e999d9c306c22d33e24c3ba06d752dd22188731941ada09b8eb387d1e2ed
2024-09-18,maximum,Evening,Generation,1765,20:00,20:30,50.02,official_observed_reference,4891e999d9c306c22d33e24c3ba06d752dd22188731941ada09b8eb387d1e2ed
2024-09-18,maximum,Evening,Consumption,4158,21:00,21:30,49.94,official_observed_reference,4891e999d9c306c22d33e24c3ba06d752dd22188731941ada09b8eb387d1e2ed
2024-09-18,maximum,Morning,Generation,1308,06:00,06:30,49.82,official_observed_reference,4891e999d9c306c22d33e24c3ba06d752dd22188731941ada09b8eb387d1e2ed
2024-09-18,maximum,Morning,Consumption,3168,06:30,07:00,49.96,official_observed_reference,4891e999d9c306c22d33e24c3ba06d752dd22188731941ada09b8eb387d1e2ed
2024-09-18,minimum,Night,Generation,1063,04:30,05:00,50.00,official_observed_reference,4891e999d9c306c22d33e24c3ba06d752dd22188731941ada09b8eb387d1e2ed
2024-09-18,minimum,Night,Consumption,2973,03:30,04:00,50.02,official_observed_reference,4891e999d9c306c22d33e24c3ba06d752dd22188731941ada09b8eb387d1e2ed
2024-09-18,minimum,Day,Generation,721,12:00,12:30,50.02,official_observed_reference,4891e999d9c306c22d33e24c3ba06d752dd22188731941ada09b8eb387d1e2ed
2024-09-18,minimum,Day,Consumption,3056,09:00,09:30,50.00,official_observed_reference,4891e999d9c306c22d33e24c3ba06d752dd22188731941ada09b8eb387d1e2ed
2024-09-19,maximum,Day,Generation,1449,17:30,18:00,49.97,official_observed_reference,c718b77d74b3bde49e51b1bb217ce8121b241ab707990de8637df304673d7107
2024-09-19,maximum,Day,Consumption,3766,16:30,17:00,50.05,official_observed_reference,c718b77d74b3bde49e51b1bb217ce8121b241ab707990de8637df304673d7107
2024-09-19,maximum,Evening,Generation,1788,21:00,21:30,50.02,official_observed_reference,c718b77d74b3bde49e51b1bb217ce8121b241ab707990de8637df304673d7107
2024-09-19,maximum,Evening,Consumption,4231,19:00,19:30,49.88,official_observed_reference,c718b77d74b3bde49e51b1bb217ce8121b241ab707990de8637df304673d7107
2024-09-19,maximum,Morning,Generation,1414,06:30,07:00,49.99,official_observed_reference,c718b77d74b3bde49e51b1bb217ce8121b241ab707990de8637df304673d7107
2024-09-19,maximum,Morning,Consumption,3267,06:30,07:00,49.99,official_observed_reference,c718b77d74b3bde49e51b1bb217ce8121b241ab707990de8637df304673d7107
2024-09-19,minimum,Night,Generation,1039,04:00,04:30,49.92,official_observed_reference,c718b77d74b3bde49e51b1bb217ce8121b241ab707990de8637df304673d7107
2024-09-19,minimum,Night,Consumption,3031,04:00,04:30,49.92,official_observed_reference,c718b77d74b3bde49e51b1bb217ce8121b241ab707990de8637df304673d7107
2024-09-19,minimum,Day,Generation,516,11:30,12:00,49.89,official_observed_reference,c718b77d74b3bde49e51b1bb217ce8121b241ab707990de8637df304673d7107
2024-09-19,minimum,Day,Consumption,3198,10:30,11:00,50.05,official_observed_reference,c718b77d74b3bde49e51b1bb217ce8121b241ab707990de8637df304673d7107
2024-09-21,maximum,Day,Generation,1461,17:30,18:00,50.07,official_observed_reference,0eb09def8d40248e13743d816fba06ee7f251ea5f1fac8625cd38038b10cbb02
2024-09-21,maximum,Day,Consumption,3694,16:30,17:00,50.00,official_observed_reference,0eb09def8d40248e13743d816fba06ee7f251ea5f1fac8625cd38038b10cbb02
2024-09-21,maximum,Evening,Generation,1688,21:30,22:00,50.07,official_observed_reference,0eb09def8d40248e13743d816fba06ee7f251ea5f1fac8625cd38038b10cbb02
2024-09-21,maximum,Evening,Consumption,4188,19:00,19:30,50.08,official_observed_reference,0eb09def8d40248e13743d816fba06ee7f251ea5f1fac8625cd38038b10cbb02
2024-09-21,maximum,Morning,Generation,1467,06:30,07:00,50.06,official_observed_reference,0eb09def8d40248e13743d816fba06ee7f251ea5f1fac8625cd38038b10cbb02
2024-09-21,maximum,Morning,Consumption,3219,06:30,07:00,50.06,official_observed_reference,0eb09def8d40248e13743d816fba06ee7f251ea5f1fac8625cd38038b10cbb02
2024-09-21,minimum,Night,Generation,1373,03:00,03:30,50.03,official_observed_reference,0eb09def8d40248e13743d816fba06ee7f251ea5f1fac8625cd38038b10cbb02
2024-09-21,minimum,Night,Consumption,3039,03:30,04:00,50.06,official_observed_reference,0eb09def8d40248e13743d816fba06ee7f251ea5f1fac8625cd38038b10cbb02
2024-09-21,minimum,Day,Generation,478,13:30,14:00,50.01,official_observed_reference,0eb09def8d40248e13743d816fba06ee7f251ea5f1fac8625cd38038b10cbb02
2024-09-21,minimum,Day,Consumption,3043,09:00,09:30,50.03,official_observed_reference,0eb09def8d40248e13743d816fba06ee7f251ea5f1fac8625cd38038b10cbb02
2024-09-22,maximum,Day,Generation,989,17:30,18:00,50.07,official_observed_reference,f7de3c0b4536754650ef2d50697d61d3c18a337a3b48aa417bdec9ce76a7571e
2024-09-22,maximum,Day,Consumption,3199,17:30,18:00,50.07,official_observed_reference,f7de3c0b4536754650ef2d50697d61d3c18a337a3b48aa417bdec9ce76a7571e
2024-09-22,maximum,Evening,Generation,1626,22:00,22:30,49.85,official_observed_reference,f7de3c0b4536754650ef2d50697d61d3c18a337a3b48aa417bdec9ce76a7571e
2024-09-22,maximum,Evening,Consumption,4012,21:30,22:00,49.98,official_observed_reference,f7de3c0b4536754650ef2d50697d61d3c18a337a3b48aa417bdec9ce76a7571e
2024-09-22,maximum,Morning,Generation,1401,05:30,06:00,50.06,official_observed_reference,f7de3c0b4536754650ef2d50697d61d3c18a337a3b48aa417bdec9ce76a7571e
2024-09-22,maximum,Morning,Consumption,3146,06:30,07:00,49.87,official_observed_reference,f7de3c0b4536754650ef2d50697d61d3c18a337a3b48aa417bdec9ce76a7571e
2024-09-22,minimum,Night,Generation,989,17:30,18:00,50.07,official_observed_reference,f7de3c0b4536754650ef2d50697d61d3c18a337a3b48aa417bdec9ce76a7571e
2024-09-22,minimum,Night,Consumption,3058,04:00,04:30,50.01,official_observed_reference,f7de3c0b4536754650ef2d50697d61d3c18a337a3b48aa417bdec9ce76a7571e
2024-09-22,minimum,Day,Generation,388,12:00,12:30,49.97,official_observed_reference,f7de3c0b4536754650ef2d50697d61d3c18a337a3b48aa417bdec9ce76a7571e
2024-09-22,minimum,Day,Consumption,2674,09:30,10:00,50.07,official_observed_reference,f7de3c0b4536754650ef2d50697d61d3c18a337a3b48aa417bdec9ce76a7571e
2024-09-23,maximum,Day,Generation,1449,16:30,17:00,50.03,official_observed_reference,caf98ab6f36949b10a1de58fbb7aafa53869555bc1539ac3a88b5196c69d5673
2024-09-23,maximum,Day,Consumption,3718,16:30,17:00,50.03,official_observed_reference,caf98ab6f36949b10a1de58fbb7aafa53869555bc1539ac3a88b5196c69d5673
2024-09-23,maximum,Evening,Generation,1739,19:30,20:00,50.04,official_observed_reference,caf98ab6f36949b10a1de58fbb7aafa53869555bc1539ac3a88b5196c69d5673
2024-09-23,maximum,Evening,Consumption,4174,18:30,19:00,49.88,official_observed_reference,caf98ab6f36949b10a1de58fbb7aafa53869555bc1539ac3a88b5196c69d5673
2024-09-23,maximum,Morning,Generation,1534,07:00,07:30,50.02,official_observed_reference,caf98ab6f36949b10a1de58fbb7aafa53869555bc1539ac3a88b5196c69d5673
2024-09-23,maximum,Morning,Consumption,3336,06:30,07:00,50.01,official_observed_reference,caf98ab6f36949b10a1de58fbb7aafa53869555bc1539ac3a88b5196c69d5673
2024-09-23,minimum,Night,Generation,1264,01:30,02:00,50.03,official_observed_reference,caf98ab6f36949b10a1de58fbb7aafa53869555bc1539ac3a88b5196c69d5673
2024-09-23,minimum,Night,Consumption,2970,04:00,04:30,49.97,official_observed_reference,caf98ab6f36949b10a1de58fbb7aafa53869555bc1539ac3a88b5196c69d5673
2024-09-23,minimum,Day,Generation,679,12:30,13:00,50.02,official_observed_reference,caf98ab6f36949b10a1de58fbb7aafa53869555bc1539ac3a88b5196c69d5673
2024-09-23,minimum,Day,Consumption,3071,09:00,09:30,50.01,official_observed_reference,caf98ab6f36949b10a1de58fbb7aafa53869555bc1539ac3a88b5196c69d5673
2024-09-24,maximum,Day,Generation,1454,17:30,18:00,50,official_observed_reference,cf15d77360950711bc12f0db62e79042248f4fde36207bb6da8db2ede9046429
2024-09-24,maximum,Day,Consumption,3673,17:30,18:00,50.00,official_observed_reference,cf15d77360950711bc12f0db62e79042248f4fde36207bb6da8db2ede9046429
2024-09-24,maximum,Evening,Generation,1764,19:00,19:30,50.06,official_observed_reference,cf15d77360950711bc12f0db62e79042248f4fde36207bb6da8db2ede9046429
2024-09-24,maximum,Evening,Consumption,4269,19:00,19:30,50.06,official_observed_reference,cf15d77360950711bc12f0db62e79042248f4fde36207bb6da8db2ede9046429
2024-09-24,maximum,Morning,Generation,1115,06:00,06:30,50.04,official_observed_reference,cf15d77360950711bc12f0db62e79042248f4fde36207bb6da8db2ede9046429
2024-09-24,maximum,Morning,Consumption,3264,07:00,07:30,50.08,official_observed_reference,cf15d77360950711bc12f0db62e79042248f4fde36207bb6da8db2ede9046429
2024-09-24,minimum,Night,Generation,799,04:00,04:30,50.05,official_observed_reference,cf15d77360950711bc12f0db62e79042248f4fde36207bb6da8db2ede9046429
2024-09-24,minimum,Night,Consumption,2860,03:30,04:00,50.07,official_observed_reference,cf15d77360950711bc12f0db62e79042248f4fde36207bb6da8db2ede9046429
2024-09-24,minimum,Day,Generation,468,11:00,11:30,50.02,official_observed_reference,cf15d77360950711bc12f0db62e79042248f4fde36207bb6da8db2ede9046429
2024-09-24,minimum,Day,Consumption,3103,09:00,09:30,50.00,official_observed_reference,cf15d77360950711bc12f0db62e79042248f4fde36207bb6da8db2ede9046429
2024-09-25,maximum,Day,Generation,1412,17:30,18:00,50.04,official_observed_reference,5700944ea405dae238914c459d1b73702d96cbfe5b34f1bd9531c8b229f690db
2024-09-25,maximum,Day,Consumption,3809,17:30,18:00,50.04,official_observed_reference,5700944ea405dae238914c459d1b73702d96cbfe5b34f1bd9531c8b229f690db
2024-09-25,maximum,Evening,Generation,1780,18:30,19:00,50,official_observed_reference,5700944ea405dae238914c459d1b73702d96cbfe5b34f1bd9531c8b229f690db
2024-09-25,maximum,Evening,Consumption,4353,19:00,19:30,50.08,official_observed_reference,5700944ea405dae238914c459d1b73702d96cbfe5b34f1bd9531c8b229f690db
2024-09-25,maximum,Morning,Generation,1497,06:30,07:00,50.03,official_observed_reference,5700944ea405dae238914c459d1b73702d96cbfe5b34f1bd9531c8b229f690db
2024-09-25,maximum,Morning,Consumption,3362,07:00,07:30,50.06,official_observed_reference,5700944ea405dae238914c459d1b73702d96cbfe5b34f1bd9531c8b229f690db
2024-09-25,minimum,Night,Generation,1071,04:00,04:30,50.03,official_observed_reference,5700944ea405dae238914c459d1b73702d96cbfe5b34f1bd9531c8b229f690db
2024-09-25,minimum,Night,Consumption,2924,04:00,04:30,50.03,official_observed_reference,5700944ea405dae238914c459d1b73702d96cbfe5b34f1bd9531c8b229f690db
2024-09-25,minimum,Day,Generation,395,09:30,10:00,50.14,official_observed_reference,5700944ea405dae238914c459d1b73702d96cbfe5b34f1bd9531c8b229f690db
2024-09-25,minimum,Day,Consumption,3141,09:30,10:00,50.14,official_observed_reference,5700944ea405dae238914c459d1b73702d96cbfe5b34f1bd9531c8b229f690db
2024-09-26,maximum,Day,Generation,1471,17:30,18:00,50.06,official_observed_reference,fae894dc1d69e633df8e1eeee2161cf35d3f0f5f9842d0a57c2b6506ffd732a6
2024-09-26,maximum,Day,Consumption,3704,16:30,17:00,50.02,official_observed_reference,fae894dc1d69e633df8e1eeee2161cf35d3f0f5f9842d0a57c2b6506ffd732a6
2024-09-26,maximum,Evening,Generation,1810,22:00,22:30,50.04,official_observed_reference,fae894dc1d69e633df8e1eeee2161cf35d3f0f5f9842d0a57c2b6506ffd732a6
2024-09-26,maximum,Evening,Consumption,4346,19:00,19:30,50.05,official_observed_reference,fae894dc1d69e633df8e1eeee2161cf35d3f0f5f9842d0a57c2b6506ffd732a6
2024-09-26,maximum,Morning,Generation,1404,06:30,07:00,50.05,official_observed_reference,fae894dc1d69e633df8e1eeee2161cf35d3f0f5f9842d0a57c2b6506ffd732a6
2024-09-26,maximum,Morning,Consumption,3322,06:30,07:00,50.05,official_observed_reference,fae894dc1d69e633df8e1eeee2161cf35d3f0f5f9842d0a57c2b6506ffd732a6
2024-09-26,minimum,Night,Generation,1026,05:00,05:30,49.94,official_observed_reference,fae894dc1d69e633df8e1eeee2161cf35d3f0f5f9842d0a57c2b6506ffd732a6
2024-09-26,minimum,Night,Consumption,2962,03:30,04:00,49.98,official_observed_reference,fae894dc1d69e633df8e1eeee2161cf35d3f0f5f9842d0a57c2b6506ffd732a6
2024-09-26,minimum,Day,Generation,518,13:00,13:30,50.06,official_observed_reference,fae894dc1d69e633df8e1eeee2161cf35d3f0f5f9842d0a57c2b6506ffd732a6
2024-09-26,minimum,Day,Consumption,3146,09:00,09:30,50.06,official_observed_reference,fae894dc1d69e633df8e1eeee2161cf35d3f0f5f9842d0a57c2b6506ffd732a6
2024-09-27,maximum,Day,Generation,1426,17:30,18:00,50,official_observed_reference,6493a06b329fe4f7c7e7b731f7f3bb16b100565174318b20bb222848a6380847
2024-09-27,maximum,Day,Consumption,3824,17:30,18:00,50.00,official_observed_reference,6493a06b329fe4f7c7e7b731f7f3bb16b100565174318b20bb222848a6380847
2024-09-27,maximum,Evening,Generation,1717,19:30,20:00,50.05,official_observed_reference,6493a06b329fe4f7c7e7b731f7f3bb16b100565174318b20bb222848a6380847
2024-09-27,maximum,Evening,Consumption,4348,19:00,19:30,50.06,official_observed_reference,6493a06b329fe4f7c7e7b731f7f3bb16b100565174318b20bb222848a6380847
2024-09-27,maximum,Morning,Generation,1439,06:30,07:00,50.03,official_observed_reference,6493a06b329fe4f7c7e7b731f7f3bb16b100565174318b20bb222848a6380847
2024-09-27,maximum,Morning,Consumption,3377,07:00,07:30,50.02,official_observed_reference,6493a06b329fe4f7c7e7b731f7f3bb16b100565174318b20bb222848a6380847
2024-09-27,minimum,Night,Generation,1075,04:00,04:30,50.01,official_observed_reference,6493a06b329fe4f7c7e7b731f7f3bb16b100565174318b20bb222848a6380847
2024-09-27,minimum,Night,Consumption,2992,04:00,04:30,50.01,official_observed_reference,6493a06b329fe4f7c7e7b731f7f3bb16b100565174318b20bb222848a6380847
2024-09-27,minimum,Day,Generation,527,11:30,12:00,50.06,official_observed_reference,6493a06b329fe4f7c7e7b731f7f3bb16b100565174318b20bb222848a6380847
2024-09-27,minimum,Day,Consumption,3093,09:00,09:30,49.95,official_observed_reference,6493a06b329fe4f7c7e7b731f7f3bb16b100565174318b20bb222848a6380847
2024-09-28,maximum,Day,Generation,1422,17:30,18:00,49.95,official_observed_reference,022b61de00b2d6ad6617ffdd908c334e85bd910306b447a5c8b364c8675d01ad
2024-09-28,maximum,Day,Consumption,3778,17:30,18:00,49.95,official_observed_reference,022b61de00b2d6ad6617ffdd908c334e85bd910306b447a5c8b364c8675d01ad
2024-09-28,maximum,Evening,Generation,1743,20:30,21:00,49.91,official_observed_reference,022b61de00b2d6ad6617ffdd908c334e85bd910306b447a5c8b364c8675d01ad
2024-09-28,maximum,Evening,Consumption,4293,19:00,19:30,50.01,official_observed_reference,022b61de00b2d6ad6617ffdd908c334e85bd910306b447a5c8b364c8675d01ad
2024-09-28,maximum,Morning,Generation,1238,06:00,06:30,49.96,official_observed_reference,022b61de00b2d6ad6617ffdd908c334e85bd910306b447a5c8b364c8675d01ad
2024-09-28,maximum,Morning,Consumption,3339,06:30,07:00,50.01,official_observed_reference,022b61de00b2d6ad6617ffdd908c334e85bd910306b447a5c8b364c8675d01ad
2024-09-28,minimum,Night,Generation,1006,03:30,04:00,50.00,official_observed_reference,022b61de00b2d6ad6617ffdd908c334e85bd910306b447a5c8b364c8675d01ad
2024-09-28,minimum,Night,Consumption,2986,03:30,04:00,50.00,official_observed_reference,022b61de00b2d6ad6617ffdd908c334e85bd910306b447a5c8b364c8675d01ad
2024-09-28,minimum,Day,Generation,472,10:00,10:30,50.06,official_observed_reference,022b61de00b2d6ad6617ffdd908c334e85bd910306b447a5c8b364c8675d01ad
2024-09-28,minimum,Day,Consumption,3171,09:00,09:30,50.04,official_observed_reference,022b61de00b2d6ad6617ffdd908c334e85bd910306b447a5c8b364c8675d01ad
2024-09-29,maximum,Day,Generation,1055,17:30,18:00,49.98,official_observed_reference,7aa30d78fbfc70541f2cc62b479d1c3c308d4cbc1f185fd22017c1116719e9d8
2024-09-29,maximum,Day,Consumption,3373,17:30,18:00,49.98,official_observed_reference,7aa30d78fbfc70541f2cc62b479d1c3c308d4cbc1f185fd22017c1116719e9d8
2024-09-29,maximum,Evening,Generation,1612,18:30,19:00,50.02,official_observed_reference,7aa30d78fbfc70541f2cc62b479d1c3c308d4cbc1f185fd22017c1116719e9d8
2024-09-29,maximum,Evening,Consumption,3967,19:30,20:00,50.06,official_observed_reference,7aa30d78fbfc70541f2cc62b479d1c3c308d4cbc1f185fd22017c1116719e9d8
2024-09-29,maximum,Morning,Generation,997,05:30,06:00,50.08,official_observed_reference,7aa30d78fbfc70541f2cc62b479d1c3c308d4cbc1f185fd22017c1116719e9d8
2024-09-29,maximum,Morning,Consumption,3187,05:30,06:00,50.08,official_observed_reference,7aa30d78fbfc70541f2cc62b479d1c3c308d4cbc1f185fd22017c1116719e9d8
2024-09-29,minimum,Night,Generation,988,05:00,05:30,50.05,official_observed_reference,7aa30d78fbfc70541f2cc62b479d1c3c308d4cbc1f185fd22017c1116719e9d8
2024-09-29,minimum,Night,Consumption,3075,04:30,05:00,50.08,official_observed_reference,7aa30d78fbfc70541f2cc62b479d1c3c308d4cbc1f185fd22017c1116719e9d8
2024-09-29,minimum,Day,Generation,330,10:00,10:30,49.99,official_observed_reference,7aa30d78fbfc70541f2cc62b479d1c3c308d4cbc1f185fd22017c1116719e9d8
2024-09-29,minimum,Day,Consumption,2735,10:30,11:00,50.08,official_observed_reference,7aa30d78fbfc70541f2cc62b479d1c3c308d4cbc1f185fd22017c1116719e9d8
2024-09-30,maximum,Day,Generation,1647,16:30,17:00,50.1,official_observed_reference,5e1808386ba53f32cd2c3a00d03b0b3e66f67b1204e6a3564d22d7a54fc33fed
2024-09-30,maximum,Day,Consumption,3886,16:00,16:30,49.98,official_observed_reference,5e1808386ba53f32cd2c3a00d03b0b3e66f67b1204e6a3564d22d7a54fc33fed
2024-09-30,maximum,Evening,Generation,1732,20:30,21:00,50.02,official_observed_reference,5e1808386ba53f32cd2c3a00d03b0b3e66f67b1204e6a3564d22d7a54fc33fed
2024-09-30,maximum,Evening,Consumption,4139,22:30,23:00,50.06,official_observed_reference,5e1808386ba53f32cd2c3a00d03b0b3e66f67b1204e6a3564d22d7a54fc33fed
2024-09-30,maximum,Morning,Generation,1509,06:30,07:00,50.08,official_observed_reference,5e1808386ba53f32cd2c3a00d03b0b3e66f67b1204e6a3564d22d7a54fc33fed
2024-09-30,maximum,Morning,Consumption,3291,06:30,07:00,50.08,official_observed_reference,5e1808386ba53f32cd2c3a00d03b0b3e66f67b1204e6a3564d22d7a54fc33fed
2024-09-30,minimum,Night,Generation,1075,04:30,05:00,50.04,official_observed_reference,5e1808386ba53f32cd2c3a00d03b0b3e66f67b1204e6a3564d22d7a54fc33fed
2024-09-30,minimum,Night,Consumption,2842,04:00,04:30,49.99,official_observed_reference,5e1808386ba53f32cd2c3a00d03b0b3e66f67b1204e6a3564d22d7a54fc33fed
2024-09-30,minimum,Day,Generation,592,13:00,13:30,49.96,official_observed_reference,5e1808386ba53f32cd2c3a00d03b0b3e66f67b1204e6a3564d22d7a54fc33fed
2024-09-30,minimum,Day,Consumption,3047,09:00,09:30,50.06,official_observed_reference,5e1808386ba53f32cd2c3a00d03b0b3e66f67b1204e6a3564d22d7a54fc33fed
2024-10-01,maximum,Day,Generation,1314,17:30,18:00,50,official_observed_reference,2785e3ca611f16dcf207a064e8b79153bf32ffbc9f17cf6f4118006583d7e1d7
2024-10-01,maximum,Day,Consumption,3890,17:30,18:00,50.00,official_observed_reference,2785e3ca611f16dcf207a064e8b79153bf32ffbc9f17cf6f4118006583d7e1d7
2024-10-01,maximum,Evening,Generation,1610,21:00,21:30,49.96,official_observed_reference,2785e3ca611f16dcf207a064e8b79153bf32ffbc9f17cf6f4118006583d7e1d7
2024-10-01,maximum,Evening,Consumption,4354,19:30,20:00,50.07,official_observed_reference,2785e3ca611f16dcf207a064e8b79153bf32ffbc9f17cf6f4118006583d7e1d7
2024-10-01,maximum,Morning,Generation,1043,06:30,07:00,50.01,official_observed_reference,2785e3ca611f16dcf207a064e8b79153bf32ffbc9f17cf6f4118006583d7e1d7
2024-10-01,maximum,Morning,Consumption,3483,06:30,07:00,50.01,official_observed_reference,2785e3ca611f16dcf207a064e8b79153bf32ffbc9f17cf6f4118006583d7e1d7
2024-10-01,minimum,Night,Generation,617,03:00,03:30,50.02,official_observed_reference,2785e3ca611f16dcf207a064e8b79153bf32ffbc9f17cf6f4118006583d7e1d7
2024-10-01,minimum,Night,Consumption,3131,04:00,04:30,50.01,official_observed_reference,2785e3ca611f16dcf207a064e8b79153bf32ffbc9f17cf6f4118006583d7e1d7
2024-10-01,minimum,Day,Generation,392,08:30,09:00,49.99,official_observed_reference,2785e3ca611f16dcf207a064e8b79153bf32ffbc9f17cf6f4118006583d7e1d7
2024-10-01,minimum,Day,Consumption,3184,09:00,09:30,50.02,official_observed_reference,2785e3ca611f16dcf207a064e8b79153bf32ffbc9f17cf6f4118006583d7e1d7
2024-10-02,maximum,Day,Generation,1168,17:30,18:00,50.1,official_observed_reference,feb2955df20a5d763db4fe2e264794244b6bdbbe329ee07553730b7e1b9ab5a1
2024-10-02,maximum,Day,Consumption,3607,17:30,18:00,50.10,official_observed_reference,feb2955df20a5d763db4fe2e264794244b6bdbbe329ee07553730b7e1b9ab5a1
2024-10-02,maximum,Evening,Generation,1525,22:00,22:30,50.06,official_observed_reference,feb2955df20a5d763db4fe2e264794244b6bdbbe329ee07553730b7e1b9ab5a1
2024-10-02,maximum,Evening,Consumption,4178,19:00,19:30,50.04,official_observed_reference,feb2955df20a5d763db4fe2e264794244b6bdbbe329ee07553730b7e1b9ab5a1
2024-10-02,maximum,Morning,Generation,866,06:30,07:00,50.03,official_observed_reference,feb2955df20a5d763db4fe2e264794244b6bdbbe329ee07553730b7e1b9ab5a1
2024-10-02,maximum,Morning,Consumption,3244,06:00,06:30,50.01,official_observed_reference,feb2955df20a5d763db4fe2e264794244b6bdbbe329ee07553730b7e1b9ab5a1
2024-10-02,minimum,Night,Generation,753,04:30,05:00,50.02,official_observed_reference,feb2955df20a5d763db4fe2e264794244b6bdbbe329ee07553730b7e1b9ab5a1
2024-10-02,minimum,Night,Consumption,3066,04:30,05:00,50.02,official_observed_reference,feb2955df20a5d763db4fe2e264794244b6bdbbe329ee07553730b7e1b9ab5a1
2024-10-02,minimum,Day,Generation,343,08:30,09:00,50.08,official_observed_reference,feb2955df20a5d763db4fe2e264794244b6bdbbe329ee07553730b7e1b9ab5a1
2024-10-02,minimum,Day,Consumption,3077,09:00,09:30,50.05,official_observed_reference,feb2955df20a5d763db4fe2e264794244b6bdbbe329ee07553730b7e1b9ab5a1
2024-10-03,maximum,Day,Generation,1303,17:30,18:00,50.09,official_observed_reference,007e87338d4f2ea852d477df3b4090676feb94573c81829e99b6f04d1c549f21
2024-10-03,maximum,Day,Consumption,4034,16:30,17:00,50.09,official_observed_reference,007e87338d4f2ea852d477df3b4090676feb94573c81829e99b6f04d1c549f21
2024-10-03,maximum,Evening,Generation,1530,22:00,22:30,49.95,official_observed_reference,007e87338d4f2ea852d477df3b4090676feb94573c81829e99b6f04d1c549f21
2024-10-03,maximum,Evening,Consumption,4455,19:00,19:30,50.13,official_observed_reference,007e87338d4f2ea852d477df3b4090676feb94573c81829e99b6f04d1c549f21
2024-10-03,maximum,Morning,Generation,985,06:30,07:00,50,official_observed_reference,007e87338d4f2ea852d477df3b4090676feb94573c81829e99b6f04d1c549f21
2024-10-03,maximum,Morning,Consumption,3412,06:30,07:00,50.00,official_observed_reference,007e87338d4f2ea852d477df3b4090676feb94573c81829e99b6f04d1c549f21
2024-10-03,minimum,Night,Generation,675,04:30,05:00,50.02,official_observed_reference,007e87338d4f2ea852d477df3b4090676feb94573c81829e99b6f04d1c549f21
2024-10-03,minimum,Night,Consumption,3017,03:30,04:00,50.05,official_observed_reference,007e87338d4f2ea852d477df3b4090676feb94573c81829e99b6f04d1c549f21
2024-10-03,minimum,Day,Generation,411,09:00,09:30,50.08,official_observed_reference,007e87338d4f2ea852d477df3b4090676feb94573c81829e99b6f04d1c549f21
2024-10-03,minimum,Day,Consumption,3055,09:00,09:30,50.08,official_observed_reference,007e87338d4f2ea852d477df3b4090676feb94573c81829e99b6f04d1c549f21
2024-10-04,maximum,Day,Generation,1307,17:30,18:00,50.08,official_observed_reference,71556358c995037ae6c3c5e7ad9efe4f9ee3e2f9fa38428a6b31d645fe1c6997
2024-10-04,maximum,Day,Consumption,3945,17:30,18:00,50.08,official_observed_reference,71556358c995037ae6c3c5e7ad9efe4f9ee3e2f9fa38428a6b31d645fe1c6997
2024-10-04,maximum,Evening,Generation,1393,19:00,19:30,50.09,official_observed_reference,71556358c995037ae6c3c5e7ad9efe4f9ee3e2f9fa38428a6b31d645fe1c6997
2024-10-04,maximum,Evening,Consumption,4363,18:30,19:00,50.05,official_observed_reference,71556358c995037ae6c3c5e7ad9efe4f9ee3e2f9fa38428a6b31d645fe1c6997
2024-10-04,maximum,Morning,Generation,1072,06:30,07:00,50.03,official_observed_reference,71556358c995037ae6c3c5e7ad9efe4f9ee3e2f9fa38428a6b31d645fe1c6997
2024-10-04,maximum,Morning,Consumption,3471,07:00,07:30,50.05,official_observed_reference,71556358c995037ae6c3c5e7ad9efe4f9ee3e2f9fa38428a6b31d645fe1c6997
2024-10-04,minimum,Night,Generation,789,04:30,05:00,50.04,official_observed_reference,71556358c995037ae6c3c5e7ad9efe4f9ee3e2f9fa38428a6b31d645fe1c6997
2024-10-04,minimum,Night,Consumption,3145,03:30,04:00,50.04,official_observed_reference,71556358c995037ae6c3c5e7ad9efe4f9ee3e2f9fa38428a6b31d645fe1c6997
2024-10-04,minimum,Day,Generation,322,09:00,09:30,50.02,official_observed_reference,71556358c995037ae6c3c5e7ad9efe4f9ee3e2f9fa38428a6b31d645fe1c6997
2024-10-04,minimum,Day,Consumption,3202,09:00,09:30,50.02,official_observed_reference,71556358c995037ae6c3c5e7ad9efe4f9ee3e2f9fa38428a6b31d645fe1c6997
2024-10-05,maximum,Day,Generation,1327,17:30,18:00,50,official_observed_reference,915c26e3800efe83cebc5e6f60de4c2bc4dfd85469b08d6acbe94c0b9913bc35
2024-10-05,maximum,Day,Consumption,3925,17:30,18:00,50.00,official_observed_reference,915c26e3800efe83cebc5e6f60de4c2bc4dfd85469b08d6acbe94c0b9913bc35
2024-10-05,maximum,Evening,Generation,1551,19:00,19:30,50,official_observed_reference,915c26e3800efe83cebc5e6f60de4c2bc4dfd85469b08d6acbe94c0b9913bc35
2024-10-05,maximum,Evening,Consumption,4290,19:00,19:30,50.00,official_observed_reference,915c26e3800efe83cebc5e6f60de4c2bc4dfd85469b08d6acbe94c0b9913bc35
2024-10-05,maximum,Morning,Generation,879,06:30,07:00,50.02,official_observed_reference,915c26e3800efe83cebc5e6f60de4c2bc4dfd85469b08d6acbe94c0b9913bc35
2024-10-05,maximum,Morning,Consumption,3407,06:30,07:00,50.02,official_observed_reference,915c26e3800efe83cebc5e6f60de4c2bc4dfd85469b08d6acbe94c0b9913bc35
2024-10-05,minimum,Night,Generation,672,04:30,05:00,50.04,official_observed_reference,915c26e3800efe83cebc5e6f60de4c2bc4dfd85469b08d6acbe94c0b9913bc35
2024-10-05,minimum,Night,Consumption,3103,03:30,04:00,50.06,official_observed_reference,915c26e3800efe83cebc5e6f60de4c2bc4dfd85469b08d6acbe94c0b9913bc35
2024-10-05,minimum,Day,Generation,355,11:00,11:30,50.04,official_observed_reference,915c26e3800efe83cebc5e6f60de4c2bc4dfd85469b08d6acbe94c0b9913bc35
2024-10-05,minimum,Day,Consumption,3271,09:00,09:30,50.02,official_observed_reference,915c26e3800efe83cebc5e6f60de4c2bc4dfd85469b08d6acbe94c0b9913bc35
2024-10-06,maximum,Day,Generation,834,17:30,18:00,50.08,official_observed_reference,6650fa27c035364e770ef63817b70fd2e4e3217265d6cdecf4e44b22512ac6d9
2024-10-06,maximum,Day,Consumption,3266,17:30,18:00,50.08,official_observed_reference,6650fa27c035364e770ef63817b70fd2e4e3217265d6cdecf4e44b22512ac6d9
2024-10-06,maximum,Evening,Generation,1265,19:30,20:00,49.96,official_observed_reference,6650fa27c035364e770ef63817b70fd2e4e3217265d6cdecf4e44b22512ac6d9
2024-10-06,maximum,Evening,Consumption,3805,21:00,21:30,50.01,official_observed_reference,6650fa27c035364e770ef63817b70fd2e4e3217265d6cdecf4e44b22512ac6d9
2024-10-06,maximum,Morning,Generation,754,07:00,07:30,50.07,official_observed_reference,6650fa27c035364e770ef63817b70fd2e4e3217265d6cdecf4e44b22512ac6d9
2024-10-06,maximum,Morning,Consumption,3190,05:30,06:00,50.15,official_observed_reference,6650fa27c035364e770ef63817b70fd2e4e3217265d6cdecf4e44b22512ac6d9
2024-10-06,minimum,Night,Generation,672,05:00,05:30,49.96,official_observed_reference,6650fa27c035364e770ef63817b70fd2e4e3217265d6cdecf4e44b22512ac6d9
2024-10-06,minimum,Night,Consumption,3063,04:00,04:30,50.00,official_observed_reference,6650fa27c035364e770ef63817b70fd2e4e3217265d6cdecf4e44b22512ac6d9
2024-10-06,minimum,Day,Generation,270,10:30,11:00,49.90,official_observed_reference,6650fa27c035364e770ef63817b70fd2e4e3217265d6cdecf4e44b22512ac6d9
2024-10-06,minimum,Day,Consumption,2828,09:30,10:00,49.91,official_observed_reference,6650fa27c035364e770ef63817b70fd2e4e3217265d6cdecf4e44b22512ac6d9
2024-10-07,maximum,Day,Generation,1102,17:30,18:00,50.02,official_observed_reference,1417ff94e664397a9a989cc29f1a57ea3f213f4725999b13f27a71d678e2a23d
2024-10-07,maximum,Day,Consumption,3626,17:30,18:00,50.02,official_observed_reference,1417ff94e664397a9a989cc29f1a57ea3f213f4725999b13f27a71d678e2a23d
2024-10-07,maximum,Evening,Generation,1498,18:30,19:00,49.98,official_observed_reference,1417ff94e664397a9a989cc29f1a57ea3f213f4725999b13f27a71d678e2a23d
2024-10-07,maximum,Evening,Consumption,4009,18:30,19:00,49.98,official_observed_reference,1417ff94e664397a9a989cc29f1a57ea3f213f4725999b13f27a71d678e2a23d
2024-10-07,maximum,Morning,Generation,744,07:00,07:30,50.11,official_observed_reference,1417ff94e664397a9a989cc29f1a57ea3f213f4725999b13f27a71d678e2a23d
2024-10-07,maximum,Morning,Consumption,3289,07:00,07:30,50.11,official_observed_reference,1417ff94e664397a9a989cc29f1a57ea3f213f4725999b13f27a71d678e2a23d
2024-10-07,minimum,Night,Generation,521,05:00,05:30,50.03,official_observed_reference,1417ff94e664397a9a989cc29f1a57ea3f213f4725999b13f27a71d678e2a23d
2024-10-07,minimum,Night,Consumption,2833,03:30,04:00,50.06,official_observed_reference,1417ff94e664397a9a989cc29f1a57ea3f213f4725999b13f27a71d678e2a23d
2024-10-07,minimum,Day,Generation,304,08:30,09:00,50.00,official_observed_reference,1417ff94e664397a9a989cc29f1a57ea3f213f4725999b13f27a71d678e2a23d
2024-10-07,minimum,Day,Consumption,2969,09:00,09:30,49.94,official_observed_reference,1417ff94e664397a9a989cc29f1a57ea3f213f4725999b13f27a71d678e2a23d
2024-10-08,maximum,Day,Generation,1439,17:30,18:00,50.08,official_observed_reference,f4a60627d3956121f13be730cecdcd656cea6918b495f44393611674f406f858
2024-10-08,maximum,Day,Consumption,3813,17:30,18:00,50.08,official_observed_reference,f4a60627d3956121f13be730cecdcd656cea6918b495f44393611674f406f858
2024-10-08,maximum,Evening,Generation,1538,18:30,19:00,49.99,official_observed_reference,f4a60627d3956121f13be730cecdcd656cea6918b495f44393611674f406f858
2024-10-08,maximum,Evening,Consumption,4308,19:00,19:30,50.03,official_observed_reference,f4a60627d3956121f13be730cecdcd656cea6918b495f44393611674f406f858
2024-10-08,maximum,Morning,Generation,879,06:30,07:00,50,official_observed_reference,f4a60627d3956121f13be730cecdcd656cea6918b495f44393611674f406f858
2024-10-08,maximum,Morning,Consumption,3258,06:30,07:00,50.00,official_observed_reference,f4a60627d3956121f13be730cecdcd656cea6918b495f44393611674f406f858
2024-10-08,minimum,Night,Generation,542,04:00,04:30,50.03,official_observed_reference,f4a60627d3956121f13be730cecdcd656cea6918b495f44393611674f406f858
2024-10-08,minimum,Night,Consumption,2827,04:00,04:30,50.03,official_observed_reference,f4a60627d3956121f13be730cecdcd656cea6918b495f44393611674f406f858
2024-10-08,minimum,Day,Generation,391,09:30,10:00,50.02,official_observed_reference,f4a60627d3956121f13be730cecdcd656cea6918b495f44393611674f406f858
2024-10-08,minimum,Day,Consumption,3017,09:00,09:30,50.03,official_observed_reference,f4a60627d3956121f13be730cecdcd656cea6918b495f44393611674f406f858
2024-10-09,maximum,Day,Generation,1396,17:30,18:00,50.1,official_observed_reference,63612a62485c59fd3cb584bb88a49028f0ffb45bb667af606cec346c239ea68a
2024-10-09,maximum,Day,Consumption,3763,17:00,17:30,50.02,official_observed_reference,63612a62485c59fd3cb584bb88a49028f0ffb45bb667af606cec346c239ea68a
2024-10-09,maximum,Evening,Generation,1529,18:30,19:00,50.08,official_observed_reference,63612a62485c59fd3cb584bb88a49028f0ffb45bb667af606cec346c239ea68a
2024-10-09,maximum,Evening,Consumption,4251,18:30,19:00,50.08,official_observed_reference,63612a62485c59fd3cb584bb88a49028f0ffb45bb667af606cec346c239ea68a
2024-10-09,maximum,Morning,Generation,941,06:30,07:00,50.05,official_observed_reference,63612a62485c59fd3cb584bb88a49028f0ffb45bb667af606cec346c239ea68a
2024-10-09,maximum,Morning,Consumption,3409,06:30,07:00,50.05,official_observed_reference,63612a62485c59fd3cb584bb88a49028f0ffb45bb667af606cec346c239ea68a
2024-10-09,minimum,Night,Generation,595,04:00,04:30,50.04,official_observed_reference,63612a62485c59fd3cb584bb88a49028f0ffb45bb667af606cec346c239ea68a
2024-10-09,minimum,Night,Consumption,3026,03:30,04:00,50.04,official_observed_reference,63612a62485c59fd3cb584bb88a49028f0ffb45bb667af606cec346c239ea68a
2024-10-09,minimum,Day,Generation,309,10:00,10:30,50.00,official_observed_reference,63612a62485c59fd3cb584bb88a49028f0ffb45bb667af606cec346c239ea68a
2024-10-09,minimum,Day,Consumption,3125,09:00,09:30,50.02,official_observed_reference,63612a62485c59fd3cb584bb88a49028f0ffb45bb667af606cec346c239ea68a
2024-10-10,maximum,Day,Generation,1040,17:30,18:00,50.07,official_observed_reference,d269c00449f2b78dcb8bcc097c72d64f8da715df00816455426ecfba5c62e22f
2024-10-10,maximum,Day,Consumption,3673,17:30,18:00,50.07,official_observed_reference,d269c00449f2b78dcb8bcc097c72d64f8da715df00816455426ecfba5c62e22f
2024-10-10,maximum,Evening,Generation,1393,22:00,22:30,50.03,official_observed_reference,d269c00449f2b78dcb8bcc097c72d64f8da715df00816455426ecfba5c62e22f
2024-10-10,maximum,Evening,Consumption,4120,18:30,19:00,50.07,official_observed_reference,d269c00449f2b78dcb8bcc097c72d64f8da715df00816455426ecfba5c62e22f
2024-10-10,maximum,Morning,Generation,686,07:00,07:30,50.04,official_observed_reference,d269c00449f2b78dcb8bcc097c72d64f8da715df00816455426ecfba5c62e22f
2024-10-10,maximum,Morning,Consumption,3343,07:00,07:30,50.04,official_observed_reference,d269c00449f2b78dcb8bcc097c72d64f8da715df00816455426ecfba5c62e22f
2024-10-10,minimum,Night,Generation,452,04:00,04:30,50.04,official_observed_reference,d269c00449f2b78dcb8bcc097c72d64f8da715df00816455426ecfba5c62e22f
2024-10-10,minimum,Night,Consumption,2880,04:00,04:30,50.04,official_observed_reference,d269c00449f2b78dcb8bcc097c72d64f8da715df00816455426ecfba5c62e22f
2024-10-10,minimum,Day,Generation,350,15:00,15:30,50.05,official_observed_reference,d269c00449f2b78dcb8bcc097c72d64f8da715df00816455426ecfba5c62e22f
2024-10-10,minimum,Day,Consumption,3077,09:30,10:00,50.04,official_observed_reference,d269c00449f2b78dcb8bcc097c72d64f8da715df00816455426ecfba5c62e22f
2024-10-11,maximum,Day,Generation,995,17:30,18:00,50.11,official_observed_reference,d87533464613670f0440d7552e2d3b9dfc093ac57f7174389bf567617279af01
2024-10-11,maximum,Day,Consumption,3570,17:30,18:00,50.11,official_observed_reference,d87533464613670f0440d7552e2d3b9dfc093ac57f7174389bf567617279af01
2024-10-11,maximum,Evening,Generation,1382,18:30,19:00,50.05,official_observed_reference,d87533464613670f0440d7552e2d3b9dfc093ac57f7174389bf567617279af01
2024-10-11,maximum,Evening,Consumption,3922,18:30,19:00,50.05,official_observed_reference,d87533464613670f0440d7552e2d3b9dfc093ac57f7174389bf567617279af01
2024-10-11,maximum,Morning,Generation,554,05:30,06:00,50.15,official_observed_reference,d87533464613670f0440d7552e2d3b9dfc093ac57f7174389bf567617279af01
2024-10-11,maximum,Morning,Consumption,3136,07:00,07:30,50.05,official_observed_reference,d87533464613670f0440d7552e2d3b9dfc093ac57f7174389bf567617279af01
2024-10-11,minimum,Night,Generation,450,04:00,04:30,50.02,official_observed_reference,d87533464613670f0440d7552e2d3b9dfc093ac57f7174389bf567617279af01
2024-10-11,minimum,Night,Consumption,2837,04:00,04:30,50.02,official_observed_reference,d87533464613670f0440d7552e2d3b9dfc093ac57f7174389bf567617279af01
2024-10-11,minimum,Day,Generation,301,08:00,08:30,49.98,official_observed_reference,d87533464613670f0440d7552e2d3b9dfc093ac57f7174389bf567617279af01
2024-10-11,minimum,Day,Consumption,3038,09:00,09:30,49.99,official_observed_reference,d87533464613670f0440d7552e2d3b9dfc093ac57f7174389bf567617279af01
2024-10-12,maximum,Day,Generation,644,17:30,18:00,50.02,official_observed_reference,4f61a3f1b3637b7801366f7dac5ae81a8f83c96c65aee10391fec2c31329a260
2024-10-12,maximum,Day,Consumption,3241,17:30,18:00,50.02,official_observed_reference,4f61a3f1b3637b7801366f7dac5ae81a8f83c96c65aee10391fec2c31329a260
2024-10-12,maximum,Evening,Generation,1164,18:30,19:00,50.06,official_observed_reference,4f61a3f1b3637b7801366f7dac5ae81a8f83c96c65aee10391fec2c31329a260
2024-10-12,maximum,Evening,Consumption,3792,19:00,19:30,50.03,official_observed_reference,4f61a3f1b3637b7801366f7dac5ae81a8f83c96c65aee10391fec2c31329a260
2024-10-12,maximum,Morning,Generation,497,08:30,09:00,50.07,official_observed_reference,4f61a3f1b3637b7801366f7dac5ae81a8f83c96c65aee10391fec2c31329a260
2024-10-12,maximum,Morning,Consumption,2968,07:00,07:30,49.99,official_observed_reference,4f61a3f1b3637b7801366f7dac5ae81a8f83c96c65aee10391fec2c31329a260
2024-10-12,minimum,Night,Generation,381,04:30,05:00,50.05,official_observed_reference,4f61a3f1b3637b7801366f7dac5ae81a8f83c96c65aee10391fec2c31329a260
2024-10-12,minimum,Night,Consumption,2645,03:00,03:30,50.01,official_observed_reference,4f61a3f1b3637b7801366f7dac5ae81a8f83c96c65aee10391fec2c31329a260
2024-10-12,minimum,Day,Generation,310,12:30,13:00,50.14,official_observed_reference,4f61a3f1b3637b7801366f7dac5ae81a8f83c96c65aee10391fec2c31329a260
2024-10-12,minimum,Day,Consumption,2747,14:00,14:30,50.00,official_observed_reference,4f61a3f1b3637b7801366f7dac5ae81a8f83c96c65aee10391fec2c31329a260
2024-10-13,maximum,Day,Generation,619,17:30,18:00,50.1,official_observed_reference,e69d1e973a26b79da73cc2051feca376bd0cbf7fd0b1571e2129ed2ee239d8d5
2024-10-13,maximum,Day,Consumption,3076,17:30,18:00,50.10,official_observed_reference,e69d1e973a26b79da73cc2051feca376bd0cbf7fd0b1571e2129ed2ee239d8d5
2024-10-13,maximum,Evening,Generation,1086,18:30,19:00,50.07,official_observed_reference,e69d1e973a26b79da73cc2051feca376bd0cbf7fd0b1571e2129ed2ee239d8d5
2024-10-13,maximum,Evening,Consumption,3632,18:30,19:00,50.07,official_observed_reference,e69d1e973a26b79da73cc2051feca376bd0cbf7fd0b1571e2129ed2ee239d8d5
2024-10-13,maximum,Morning,Generation,613,06:30,07:00,50.05,official_observed_reference,e69d1e973a26b79da73cc2051feca376bd0cbf7fd0b1571e2129ed2ee239d8d5
2024-10-13,maximum,Morning,Consumption,2920,06:00,06:30,50.06,official_observed_reference,e69d1e973a26b79da73cc2051feca376bd0cbf7fd0b1571e2129ed2ee239d8d5
2024-10-13,minimum,Night,Generation,442,04:00,04:30,50.06,official_observed_reference,e69d1e973a26b79da73cc2051feca376bd0cbf7fd0b1571e2129ed2ee239d8d5
2024-10-13,minimum,Night,Consumption,2646,03:30,04:00,50.01,official_observed_reference,e69d1e973a26b79da73cc2051feca376bd0cbf7fd0b1571e2129ed2ee239d8d5
2024-10-13,minimum,Day,Generation,349,16:00,16:30,50.02,official_observed_reference,e69d1e973a26b79da73cc2051feca376bd0cbf7fd0b1571e2129ed2ee239d8d5
2024-10-13,minimum,Day,Consumption,2585,10:00,10:30,50.00,official_observed_reference,e69d1e973a26b79da73cc2051feca376bd0cbf7fd0b1571e2129ed2ee239d8d5
2024-10-14,maximum,Day,Generation,1050,17:30,18:00,50.09,official_observed_reference,4982dabf78d7485d18c513439d557f02812a3dc4b385813128007d7aa9c731da
2024-10-14,maximum,Day,Consumption,3696,17:30,18:00,50.09,official_observed_reference,4982dabf78d7485d18c513439d557f02812a3dc4b385813128007d7aa9c731da
2024-10-14,maximum,Evening,Generation,1336,18:30,19:00,50.03,official_observed_reference,4982dabf78d7485d18c513439d557f02812a3dc4b385813128007d7aa9c731da
2024-10-14,maximum,Evening,Consumption,4024,18:30,19:00,50.03,official_observed_reference,4982dabf78d7485d18c513439d557f02812a3dc4b385813128007d7aa9c731da
2024-10-14,maximum,Morning,Generation,510,07:00,07:30,50.04,official_observed_reference,4982dabf78d7485d18c513439d557f02812a3dc4b385813128007d7aa9c731da
2024-10-14,maximum,Morning,Consumption,3199,07:00,07:30,50.04,official_observed_reference,4982dabf78d7485d18c513439d557f02812a3dc4b385813128007d7aa9c731da
2024-10-14,minimum,Night,Generation,274,04:30,05:00,50.07,official_observed_reference,4982dabf78d7485d18c513439d557f02812a3dc4b385813128007d7aa9c731da
2024-10-14,minimum,Night,Consumption,2614,03:30,04:00,50.03,official_observed_reference,4982dabf78d7485d18c513439d557f02812a3dc4b385813128007d7aa9c731da
2024-10-14,minimum,Day,Generation,339,05:30,06:00,50.06,official_observed_reference,4982dabf78d7485d18c513439d557f02812a3dc4b385813128007d7aa9c731da
2024-10-14,minimum,Day,Consumption,3084,09:30,10:00,50.02,official_observed_reference,4982dabf78d7485d18c513439d557f02812a3dc4b385813128007d7aa9c731da
2024-10-15,maximum,Day,Generation,1209,17:30,18:00,49.87,official_observed_reference,68dd33f86c7afa8d07f5f64c014d364e818ad784b71af7200323401c93247eba
2024-10-15,maximum,Day,Consumption,3637,17:30,18:00,49.87,official_observed_reference,68dd33f86c7afa8d07f5f64c014d364e818ad784b71af7200323401c93247eba
2024-10-15,maximum,Evening,Generation,1555,18:30,19:00,50,official_observed_reference,68dd33f86c7afa8d07f5f64c014d364e818ad784b71af7200323401c93247eba
2024-10-15,maximum,Evening,Consumption,4140,18:30,19:00,50.00,official_observed_reference,68dd33f86c7afa8d07f5f64c014d364e818ad784b71af7200323401c93247eba
2024-10-15,maximum,Morning,Generation,553,07:00,07:30,50.01,official_observed_reference,68dd33f86c7afa8d07f5f64c014d364e818ad784b71af7200323401c93247eba
2024-10-15,maximum,Morning,Consumption,3187,07:00,07:30,50.01,official_observed_reference,68dd33f86c7afa8d07f5f64c014d364e818ad784b71af7200323401c93247eba
2024-10-15,minimum,Night,Generation,400,03:30,04:00,49.99,official_observed_reference,68dd33f86c7afa8d07f5f64c014d364e818ad784b71af7200323401c93247eba
2024-10-15,minimum,Night,Consumption,2710,03:30,04:00,49.99,official_observed_reference,68dd33f86c7afa8d07f5f64c014d364e818ad784b71af7200323401c93247eba
2024-10-15,minimum,Day,Generation,322,08:30,09:00,50.06,official_observed_reference,68dd33f86c7afa8d07f5f64c014d364e818ad784b71af7200323401c93247eba
2024-10-15,minimum,Day,Consumption,2987,09:00,09:30,49.97,official_observed_reference,68dd33f86c7afa8d07f5f64c014d364e818ad784b71af7200323401c93247eba
2024-10-16,maximum,Day,Generation,1199,17:30,18:00,49.76,official_observed_reference,e55daa9cdaad1b664c464fdd1c840c1b6fd1ac87df9aa7f0c945c44b7d38cfd8
2024-10-16,maximum,Day,Consumption,3591,17:30,18:00,49.76,official_observed_reference,e55daa9cdaad1b664c464fdd1c840c1b6fd1ac87df9aa7f0c945c44b7d38cfd8
2024-10-16,maximum,Evening,Generation,1543,18:30,19:00,49.95,official_observed_reference,e55daa9cdaad1b664c464fdd1c840c1b6fd1ac87df9aa7f0c945c44b7d38cfd8
2024-10-16,maximum,Evening,Consumption,4002,18:30,19:00,49.95,official_observed_reference,e55daa9cdaad1b664c464fdd1c840c1b6fd1ac87df9aa7f0c945c44b7d38cfd8
2024-10-16,maximum,Morning,Generation,668,07:00,07:30,50.08,official_observed_reference,e55daa9cdaad1b664c464fdd1c840c1b6fd1ac87df9aa7f0c945c44b7d38cfd8
2024-10-16,maximum,Morning,Consumption,3316,07:00,07:30,50.08,official_observed_reference,e55daa9cdaad1b664c464fdd1c840c1b6fd1ac87df9aa7f0c945c44b7d38cfd8
2024-10-16,minimum,Night,Generation,456,04:30,05:00,50.05,official_observed_reference,e55daa9cdaad1b664c464fdd1c840c1b6fd1ac87df9aa7f0c945c44b7d38cfd8
2024-10-16,minimum,Night,Consumption,2784,03:30,04:00,50.04,official_observed_reference,e55daa9cdaad1b664c464fdd1c840c1b6fd1ac87df9aa7f0c945c44b7d38cfd8
2024-10-16,minimum,Day,Generation,397,14:00,14:30,50.02,official_observed_reference,e55daa9cdaad1b664c464fdd1c840c1b6fd1ac87df9aa7f0c945c44b7d38cfd8
2024-10-16,minimum,Day,Consumption,3016,13:30,14:00,50.02,official_observed_reference,e55daa9cdaad1b664c464fdd1c840c1b6fd1ac87df9aa7f0c945c44b7d38cfd8
2024-10-17,maximum,Day,Generation,1370,17:30,18:00,49.98,official_observed_reference,38b232fbe6c8600ded2e7331c57e6b7f4ce951576f34ea821bf0096b3bb8f17d
2024-10-17,maximum,Day,Consumption,3699,17:30,18:00,49.98,official_observed_reference,38b232fbe6c8600ded2e7331c57e6b7f4ce951576f34ea821bf0096b3bb8f17d
2024-10-17,maximum,Evening,Generation,1642,18:30,19:00,50.03,official_observed_reference,38b232fbe6c8600ded2e7331c57e6b7f4ce951576f34ea821bf0096b3bb8f17d
2024-10-17,maximum,Evening,Consumption,4170,19:00,19:30,50.04,official_observed_reference,38b232fbe6c8600ded2e7331c57e6b7f4ce951576f34ea821bf0096b3bb8f17d
2024-10-17,maximum,Morning,Generation,602,06:30,07:00,50.01,official_observed_reference,38b232fbe6c8600ded2e7331c57e6b7f4ce951576f34ea821bf0096b3bb8f17d
2024-10-17,maximum,Morning,Consumption,3189,06:30,07:00,50.01,official_observed_reference,38b232fbe6c8600ded2e7331c57e6b7f4ce951576f34ea821bf0096b3bb8f17d
2024-10-17,minimum,Night,Generation,403,04:00,04:30,50.00,official_observed_reference,38b232fbe6c8600ded2e7331c57e6b7f4ce951576f34ea821bf0096b3bb8f17d
2024-10-17,minimum,Night,Consumption,2684,03:00,03:30,49.97,official_observed_reference,38b232fbe6c8600ded2e7331c57e6b7f4ce951576f34ea821bf0096b3bb8f17d
2024-10-17,minimum,Day,Generation,408,05:30,06:00,50.13,official_observed_reference,38b232fbe6c8600ded2e7331c57e6b7f4ce951576f34ea821bf0096b3bb8f17d
2024-10-17,minimum,Day,Consumption,2879,09:30,10:00,50.07,official_observed_reference,38b232fbe6c8600ded2e7331c57e6b7f4ce951576f34ea821bf0096b3bb8f17d
2024-10-18,maximum,Day,Generation,1281,17:30,18:00,49.99,official_observed_reference,ab545a58d7e0ff5403abad5aeedbbf10568ef792c9cffe3c0ba496a0024a3c76
2024-10-18,maximum,Day,Consumption,3775,17:30,18:00,49.99,official_observed_reference,ab545a58d7e0ff5403abad5aeedbbf10568ef792c9cffe3c0ba496a0024a3c76
2024-10-18,maximum,Evening,Generation,1613,18:30,19:00,50.04,official_observed_reference,ab545a58d7e0ff5403abad5aeedbbf10568ef792c9cffe3c0ba496a0024a3c76
2024-10-18,maximum,Evening,Consumption,4259,18:30,19:00,50.04,official_observed_reference,ab545a58d7e0ff5403abad5aeedbbf10568ef792c9cffe3c0ba496a0024a3c76
2024-10-18,maximum,Morning,Generation,656,07:00,07:30,50.09,official_observed_reference,ab545a58d7e0ff5403abad5aeedbbf10568ef792c9cffe3c0ba496a0024a3c76
2024-10-18,maximum,Morning,Consumption,3232,07:00,07:30,50.09,official_observed_reference,ab545a58d7e0ff5403abad5aeedbbf10568ef792c9cffe3c0ba496a0024a3c76
2024-10-18,minimum,Night,Generation,369,04:30,05:00,50.03,official_observed_reference,ab545a58d7e0ff5403abad5aeedbbf10568ef792c9cffe3c0ba496a0024a3c76
2024-10-18,minimum,Night,Consumption,2780,04:30,05:00,50.03,official_observed_reference,ab545a58d7e0ff5403abad5aeedbbf10568ef792c9cffe3c0ba496a0024a3c76
2024-10-18,minimum,Day,Generation,429,13:00,13:30,49.99,official_observed_reference,ab545a58d7e0ff5403abad5aeedbbf10568ef792c9cffe3c0ba496a0024a3c76
2024-10-18,minimum,Day,Consumption,3055,09:30,10:00,50.07,official_observed_reference,ab545a58d7e0ff5403abad5aeedbbf10568ef792c9cffe3c0ba496a0024a3c76
2024-10-19,maximum,Day,Generation,1194,17:30,18:00,49.95,official_observed_reference,e5958ec6370e3c7bff8c69e580bead0b79729eedb8173cc021a2d9a129a57049
2024-10-19,maximum,Day,Consumption,3716,17:00,17:30,50.00,official_observed_reference,e5958ec6370e3c7bff8c69e580bead0b79729eedb8173cc021a2d9a129a57049
2024-10-19,maximum,Evening,Generation,1486,22:00,22:30,49.95,official_observed_reference,e5958ec6370e3c7bff8c69e580bead0b79729eedb8173cc021a2d9a129a57049
2024-10-19,maximum,Evening,Consumption,4149,19:30,20:00,50.08,official_observed_reference,e5958ec6370e3c7bff8c69e580bead0b79729eedb8173cc021a2d9a129a57049
2024-10-19,maximum,Morning,Generation,635,06:30,07:00,49.9,official_observed_reference,e5958ec6370e3c7bff8c69e580bead0b79729eedb8173cc021a2d9a129a57049
2024-10-19,maximum,Morning,Consumption,3243,06:30,07:00,49.90,official_observed_reference,e5958ec6370e3c7bff8c69e580bead0b79729eedb8173cc021a2d9a129a57049
2024-10-19,minimum,Night,Generation,543,05:00,05:30,50.03,official_observed_reference,e5958ec6370e3c7bff8c69e580bead0b79729eedb8173cc021a2d9a129a57049
2024-10-19,minimum,Night,Consumption,2897,04:30,05:00,50.02,official_observed_reference,e5958ec6370e3c7bff8c69e580bead0b79729eedb8173cc021a2d9a129a57049
2024-10-19,minimum,Day,Generation,507,12:30,13:00,50.09,official_observed_reference,e5958ec6370e3c7bff8c69e580bead0b79729eedb8173cc021a2d9a129a57049
2024-10-19,minimum,Day,Consumption,3143,09:00,09:30,50.07,official_observed_reference,e5958ec6370e3c7bff8c69e580bead0b79729eedb8173cc021a2d9a129a57049
2024-10-20,maximum,Day,Generation,921,17:30,18:00,49.95,official_observed_reference,103d60a803b8c770c348f70f8ee31959642f8889f6901389d07d67f057387326
2024-10-20,maximum,Day,Consumption,3294,17:30,18:00,49.95,official_observed_reference,103d60a803b8c770c348f70f8ee31959642f8889f6901389d07d67f057387326
2024-10-20,maximum,Evening,Generation,1503,19:30,20:00,50.03,official_observed_reference,103d60a803b8c770c348f70f8ee31959642f8889f6901389d07d67f057387326
2024-10-20,maximum,Evening,Consumption,3945,20:30,21:00,49.91,official_observed_reference,103d60a803b8c770c348f70f8ee31959642f8889f6901389d07d67f057387326
2024-10-20,maximum,Morning,Generation,665,06:30,07:00,49.99,official_observed_reference,103d60a803b8c770c348f70f8ee31959642f8889f6901389d07d67f057387326
2024-10-20,maximum,Morning,Consumption,3105,06:00,06:30,50.03,official_observed_reference,103d60a803b8c770c348f70f8ee31959642f8889f6901389d07d67f057387326
2024-10-20,minimum,Night,Generation,600,04:30,05:00,50.03,official_observed_reference,103d60a803b8c770c348f70f8ee31959642f8889f6901389d07d67f057387326
2024-10-20,minimum,Night,Consumption,2912,03:00,03:30,49.98,official_observed_reference,103d60a803b8c770c348f70f8ee31959642f8889f6901389d07d67f057387326
2024-10-20,minimum,Day,Generation,353,14:00,14:30,50.08,official_observed_reference,103d60a803b8c770c348f70f8ee31959642f8889f6901389d07d67f057387326
2024-10-20,minimum,Day,Consumption,2641,09:30,10:00,50.08,official_observed_reference,103d60a803b8c770c348f70f8ee31959642f8889f6901389d07d67f057387326
2024-10-21,maximum,Day,Generation,1284,17:30,18:00,49.89,official_observed_reference,c2b99597028ecd24fe60d8bb6fa2481f0ec0c759cfe4a80f1c7b0040a92abd4e
2024-10-21,maximum,Day,Consumption,3800,17:30,18:00,49.89,official_observed_reference,c2b99597028ecd24fe60d8bb6fa2481f0ec0c759cfe4a80f1c7b0040a92abd4e
2024-10-21,maximum,Evening,Generation,1607,18:30,19:00,50.05,official_observed_reference,c2b99597028ecd24fe60d8bb6fa2481f0ec0c759cfe4a80f1c7b0040a92abd4e
2024-10-21,maximum,Evening,Consumption,4330,19:00,19:30,50.07,official_observed_reference,c2b99597028ecd24fe60d8bb6fa2481f0ec0c759cfe4a80f1c7b0040a92abd4e
2024-10-21,maximum,Morning,Generation,664,07:00,07:30,49.95,official_observed_reference,c2b99597028ecd24fe60d8bb6fa2481f0ec0c759cfe4a80f1c7b0040a92abd4e
2024-10-21,maximum,Morning,Consumption,3350,07:00,07:30,49.95,official_observed_reference,c2b99597028ecd24fe60d8bb6fa2481f0ec0c759cfe4a80f1c7b0040a92abd4e
2024-10-21,minimum,Night,Generation,500,03:00,03:30,50.00,official_observed_reference,c2b99597028ecd24fe60d8bb6fa2481f0ec0c759cfe4a80f1c7b0040a92abd4e
2024-10-21,minimum,Night,Consumption,2848,04:00,04:30,49.93,official_observed_reference,c2b99597028ecd24fe60d8bb6fa2481f0ec0c759cfe4a80f1c7b0040a92abd4e
2024-10-21,minimum,Day,Generation,569,05:30,06:00,50.04,official_observed_reference,c2b99597028ecd24fe60d8bb6fa2481f0ec0c759cfe4a80f1c7b0040a92abd4e
2024-10-21,minimum,Day,Consumption,3208,09:00,09:30,49.96,official_observed_reference,c2b99597028ecd24fe60d8bb6fa2481f0ec0c759cfe4a80f1c7b0040a92abd4e
2024-10-22,maximum,Day,Generation,1266,17:30,18:00,50.05,official_observed_reference,09e663b761ae50a65d3c5607fb03af734b156933e451f4e9645c1e4f94f9940b
2024-10-22,maximum,Day,Consumption,3829,17:00,17:30,50.07,official_observed_reference,09e663b761ae50a65d3c5607fb03af734b156933e451f4e9645c1e4f94f9940b
2024-10-22,maximum,Evening,Generation,1607,22:00,22:30,50,official_observed_reference,09e663b761ae50a65d3c5607fb03af734b156933e451f4e9645c1e4f94f9940b
2024-10-22,maximum,Evening,Consumption,4341,19:00,19:30,50.14,official_observed_reference,09e663b761ae50a65d3c5607fb03af734b156933e451f4e9645c1e4f94f9940b
2024-10-22,maximum,Morning,Generation,738,06:30,07:00,50.04,official_observed_reference,09e663b761ae50a65d3c5607fb03af734b156933e451f4e9645c1e4f94f9940b
2024-10-22,maximum,Morning,Consumption,3358,06:30,07:00,50.04,official_observed_reference,09e663b761ae50a65d3c5607fb03af734b156933e451f4e9645c1e4f94f9940b
2024-10-22,minimum,Night,Generation,529,05:00,05:30,50.01,official_observed_reference,09e663b761ae50a65d3c5607fb03af734b156933e451f4e9645c1e4f94f9940b
2024-10-22,minimum,Night,Consumption,2916,03:30,04:00,50.05,official_observed_reference,09e663b761ae50a65d3c5607fb03af734b156933e451f4e9645c1e4f94f9940b
2024-10-22,minimum,Day,Generation,456,09:00,09:30,50.02,official_observed_reference,09e663b761ae50a65d3c5607fb03af734b156933e451f4e9645c1e4f94f9940b
2024-10-22,minimum,Day,Consumption,3109,09:00,09:30,50.02,official_observed_reference,09e663b761ae50a65d3c5607fb03af734b156933e451f4e9645c1e4f94f9940b
2024-10-23,maximum,Day,Generation,1359,17:30,18:00,50.06,official_observed_reference,e9016e5f865f1562b9120913d7a10bb095b02d2a540627fc4e2933bdf9115094
2024-10-23,maximum,Day,Consumption,3902,17:00,17:30,50.10,official_observed_reference,e9016e5f865f1562b9120913d7a10bb095b02d2a540627fc4e2933bdf9115094
2024-10-23,maximum,Evening,Generation,1359,17:30,18:00,50.06,official_observed_reference,e9016e5f865f1562b9120913d7a10bb095b02d2a540627fc4e2933bdf9115094
2024-10-23,maximum,Evening,Consumption,4061,18:30,19:00,50.08,official_observed_reference,e9016e5f865f1562b9120913d7a10bb095b02d2a540627fc4e2933bdf9115094
2024-10-23,maximum,Morning,Generation,805,06:30,07:00,50.06,official_observed_reference,e9016e5f865f1562b9120913d7a10bb095b02d2a540627fc4e2933bdf9115094
2024-10-23,maximum,Morning,Consumption,3460,07:00,07:30,50.09,official_observed_reference,e9016e5f865f1562b9120913d7a10bb095b02d2a540627fc4e2933bdf9115094
2024-10-23,minimum,Night,Generation,507,04:00,04:30,49.99,official_observed_reference,e9016e5f865f1562b9120913d7a10bb095b02d2a540627fc4e2933bdf9115094
2024-10-23,minimum,Night,Consumption,2968,03:00,03:30,49.98,official_observed_reference,e9016e5f865f1562b9120913d7a10bb095b02d2a540627fc4e2933bdf9115094
2024-10-23,minimum,Day,Generation,506,11:00,11:30,50.04,official_observed_reference,e9016e5f865f1562b9120913d7a10bb095b02d2a540627fc4e2933bdf9115094
2024-10-23,minimum,Day,Consumption,3124,10:30,11:00,50.02,official_observed_reference,e9016e5f865f1562b9120913d7a10bb095b02d2a540627fc4e2933bdf9115094
2024-10-24,maximum,Day,Generation,1187,17:30,18:00,50.08,official_observed_reference,4c4e0e4dd332bd668722b890759f94f180f3bbb9934f6ecfdd8fb04fd65c575d
2024-10-24,maximum,Day,Consumption,3831,17:30,18:00,50.08,official_observed_reference,4c4e0e4dd332bd668722b890759f94f180f3bbb9934f6ecfdd8fb04fd65c575d
2024-10-24,maximum,Evening,Generation,1535,19:00,19:30,50.06,official_observed_reference,4c4e0e4dd332bd668722b890759f94f180f3bbb9934f6ecfdd8fb04fd65c575d
2024-10-24,maximum,Evening,Consumption,4249,19:00,19:30,50.06,official_observed_reference,4c4e0e4dd332bd668722b890759f94f180f3bbb9934f6ecfdd8fb04fd65c575d
2024-10-24,maximum,Morning,Generation,708,07:00,07:30,49.98,official_observed_reference,4c4e0e4dd332bd668722b890759f94f180f3bbb9934f6ecfdd8fb04fd65c575d
2024-10-24,maximum,Morning,Consumption,3313,06:30,07:00,49.91,official_observed_reference,4c4e0e4dd332bd668722b890759f94f180f3bbb9934f6ecfdd8fb04fd65c575d
2024-10-24,minimum,Night,Generation,483,04:30,05:00,50.02,official_observed_reference,4c4e0e4dd332bd668722b890759f94f180f3bbb9934f6ecfdd8fb04fd65c575d
2024-10-24,minimum,Night,Consumption,2902,04:00,04:30,50.04,official_observed_reference,4c4e0e4dd332bd668722b890759f94f180f3bbb9934f6ecfdd8fb04fd65c575d
2024-10-24,minimum,Day,Generation,519,13:00,13:30,50.16,official_observed_reference,4c4e0e4dd332bd668722b890759f94f180f3bbb9934f6ecfdd8fb04fd65c575d
2024-10-24,minimum,Day,Consumption,3218,09:30,10:00,50.25,official_observed_reference,4c4e0e4dd332bd668722b890759f94f180f3bbb9934f6ecfdd8fb04fd65c575d
2024-10-25,maximum,Day,Generation,1230,17:30,18:00,50.04,official_observed_reference,445cbdbdd5d8b1d9b8dd8067eb19c8f5aec8c37e402be45865946086495844d8
2024-10-25,maximum,Day,Consumption,3809,17:30,18:00,50.04,official_observed_reference,445cbdbdd5d8b1d9b8dd8067eb19c8f5aec8c37e402be45865946086495844d8
2024-10-25,maximum,Evening,Generation,1520,18:00,18:30,49.89,official_observed_reference,445cbdbdd5d8b1d9b8dd8067eb19c8f5aec8c37e402be45865946086495844d8
2024-10-25,maximum,Evening,Consumption,4109,18:30,19:00,50.05,official_observed_reference,445cbdbdd5d8b1d9b8dd8067eb19c8f5aec8c37e402be45865946086495844d8
2024-10-25,maximum,Morning,Generation,717,07:00,07:30,50.03,official_observed_reference,445cbdbdd5d8b1d9b8dd8067eb19c8f5aec8c37e402be45865946086495844d8
2024-10-25,maximum,Morning,Consumption,3370,07:00,07:30,50.03,official_observed_reference,445cbdbdd5d8b1d9b8dd8067eb19c8f5aec8c37e402be45865946086495844d8
2024-10-25,minimum,Night,Generation,551,04:00,04:30,50.01,official_observed_reference,445cbdbdd5d8b1d9b8dd8067eb19c8f5aec8c37e402be45865946086495844d8
2024-10-25,minimum,Night,Consumption,2925,04:00,04:30,50.01,official_observed_reference,445cbdbdd5d8b1d9b8dd8067eb19c8f5aec8c37e402be45865946086495844d8
2024-10-25,minimum,Day,Generation,533,14:00,14:30,49.95,official_observed_reference,445cbdbdd5d8b1d9b8dd8067eb19c8f5aec8c37e402be45865946086495844d8
2024-10-25,minimum,Day,Consumption,3156,09:00,09:30,50.07,official_observed_reference,445cbdbdd5d8b1d9b8dd8067eb19c8f5aec8c37e402be45865946086495844d8
2024-10-27,maximum,Day,Generation,879,17:30,18:00,50.06,official_observed_reference,20d3be075dc473f91ec1d55be6d0b94c4ccbd3e787ae6e4c54074e67c9b8da24
2024-10-27,maximum,Day,Consumption,3227,17:30,18:00,50.06,official_observed_reference,20d3be075dc473f91ec1d55be6d0b94c4ccbd3e787ae6e4c54074e67c9b8da24
2024-10-27,maximum,Evening,Generation,1489,22:00,22:30,50.04,official_observed_reference,20d3be075dc473f91ec1d55be6d0b94c4ccbd3e787ae6e4c54074e67c9b8da24
2024-10-27,maximum,Evening,Consumption,3856,21:30,22:00,50.05,official_observed_reference,20d3be075dc473f91ec1d55be6d0b94c4ccbd3e787ae6e4c54074e67c9b8da24
2024-10-27,maximum,Morning,Generation,643,05:30,06:00,50.1,official_observed_reference,20d3be075dc473f91ec1d55be6d0b94c4ccbd3e787ae6e4c54074e67c9b8da24
2024-10-27,maximum,Morning,Consumption,3032,05:30,06:00,50.10,official_observed_reference,20d3be075dc473f91ec1d55be6d0b94c4ccbd3e787ae6e4c54074e67c9b8da24
2024-10-27,minimum,Night,Generation,582,04:30,05:00,50.00,official_observed_reference,20d3be075dc473f91ec1d55be6d0b94c4ccbd3e787ae6e4c54074e67c9b8da24
2024-10-27,minimum,Night,Consumption,2766,04:00,04:30,49.98,official_observed_reference,20d3be075dc473f91ec1d55be6d0b94c4ccbd3e787ae6e4c54074e67c9b8da24
2024-10-27,minimum,Day,Generation,376,15:30,16:00,50.00,official_observed_reference,20d3be075dc473f91ec1d55be6d0b94c4ccbd3e787ae6e4c54074e67c9b8da24
2024-10-27,minimum,Day,Consumption,2585,10:00,10:30,50.02,official_observed_reference,20d3be075dc473f91ec1d55be6d0b94c4ccbd3e787ae6e4c54074e67c9b8da24
2024-10-28,maximum,Day,Generation,1492,17:30,18:00,49.79,official_observed_reference,ffcf5c5a4d2b8f37fb262e3f3f9866ef5d3a0870fcaa0ce4c60e7f5d7f22ef96
2024-10-28,maximum,Day,Consumption,3978,17:30,18:00,49.79,official_observed_reference,ffcf5c5a4d2b8f37fb262e3f3f9866ef5d3a0870fcaa0ce4c60e7f5d7f22ef96
2024-10-28,maximum,Evening,Generation,1538,18:30,19:00,49.99,official_observed_reference,ffcf5c5a4d2b8f37fb262e3f3f9866ef5d3a0870fcaa0ce4c60e7f5d7f22ef96
2024-10-28,maximum,Evening,Consumption,4326,19:00,19:30,50.04,official_observed_reference,ffcf5c5a4d2b8f37fb262e3f3f9866ef5d3a0870fcaa0ce4c60e7f5d7f22ef96
2024-10-28,maximum,Morning,Generation,675,07:00,07:30,49.95,official_observed_reference,ffcf5c5a4d2b8f37fb262e3f3f9866ef5d3a0870fcaa0ce4c60e7f5d7f22ef96
2024-10-28,maximum,Morning,Consumption,3291,07:00,07:30,49.95,official_observed_reference,ffcf5c5a4d2b8f37fb262e3f3f9866ef5d3a0870fcaa0ce4c60e7f5d7f22ef96
2024-10-28,minimum,Night,Generation,453,04:30,05:00,49.99,official_observed_reference,ffcf5c5a4d2b8f37fb262e3f3f9866ef5d3a0870fcaa0ce4c60e7f5d7f22ef96
2024-10-28,minimum,Night,Consumption,2868,04:00,04:30,50.00,official_observed_reference,ffcf5c5a4d2b8f37fb262e3f3f9866ef5d3a0870fcaa0ce4c60e7f5d7f22ef96
2024-10-28,minimum,Day,Generation,485,05:30,06:00,50.09,official_observed_reference,ffcf5c5a4d2b8f37fb262e3f3f9866ef5d3a0870fcaa0ce4c60e7f5d7f22ef96
2024-10-28,minimum,Day,Consumption,3071,09:30,10:00,50.03,official_observed_reference,ffcf5c5a4d2b8f37fb262e3f3f9866ef5d3a0870fcaa0ce4c60e7f5d7f22ef96
2024-10-29,maximum,Day,Generation,1357,17:30,18:00,50.06,official_observed_reference,f1f74306b4b4750fea35b19cd081cf69ccd3facebfb963f7a1f2c8704aea7898
2024-10-29,maximum,Day,Consumption,3905,17:30,18:00,50.06,official_observed_reference,f1f74306b4b4750fea35b19cd081cf69ccd3facebfb963f7a1f2c8704aea7898
2024-10-29,maximum,Evening,Generation,1471,21:00,21:30,50.02,official_observed_reference,f1f74306b4b4750fea35b19cd081cf69ccd3facebfb963f7a1f2c8704aea7898
2024-10-29,maximum,Evening,Consumption,4385,19:00,19:30,50.03,official_observed_reference,f1f74306b4b4750fea35b19cd081cf69ccd3facebfb963f7a1f2c8704aea7898
2024-10-29,maximum,Morning,Generation,905,06:30,07:00,49.99,official_observed_reference,f1f74306b4b4750fea35b19cd081cf69ccd3facebfb963f7a1f2c8704aea7898
2024-10-29,maximum,Morning,Consumption,3412,06:30,07:00,49.99,official_observed_reference,f1f74306b4b4750fea35b19cd081cf69ccd3facebfb963f7a1f2c8704aea7898
2024-10-29,minimum,Night,Generation,520,04:30,05:00,50.03,official_observed_reference,f1f74306b4b4750fea35b19cd081cf69ccd3facebfb963f7a1f2c8704aea7898
2024-10-29,minimum,Night,Consumption,2899,03:30,04:00,50.04,official_observed_reference,f1f74306b4b4750fea35b19cd081cf69ccd3facebfb963f7a1f2c8704aea7898
2024-10-29,minimum,Day,Generation,585,12:30,13:00,50.08,official_observed_reference,f1f74306b4b4750fea35b19cd081cf69ccd3facebfb963f7a1f2c8704aea7898
2024-10-29,minimum,Day,Consumption,3204,13:00,13:30,50.06,official_observed_reference,f1f74306b4b4750fea35b19cd081cf69ccd3facebfb963f7a1f2c8704aea7898
2024-10-30,maximum,Day,Generation,1494,17:30,18:00,50.05,official_observed_reference,1b75781ad5cebb0cc150885ee1ed1212f2aaf047396f7828dc2801584ff9d775
2024-10-30,maximum,Day,Consumption,3916,16:30,17:00,50.04,official_observed_reference,1b75781ad5cebb0cc150885ee1ed1212f2aaf047396f7828dc2801584ff9d775
2024-10-30,maximum,Evening,Generation,1581,21:30,22:00,50.03,official_observed_reference,1b75781ad5cebb0cc150885ee1ed1212f2aaf047396f7828dc2801584ff9d775
2024-10-30,maximum,Evening,Consumption,4417,19:30,20:00,49.99,official_observed_reference,1b75781ad5cebb0cc150885ee1ed1212f2aaf047396f7828dc2801584ff9d775
2024-10-30,maximum,Morning,Generation,945,06:30,07:00,50.02,official_observed_reference,1b75781ad5cebb0cc150885ee1ed1212f2aaf047396f7828dc2801584ff9d775
2024-10-30,maximum,Morning,Consumption,3405,06:30,07:00,50.02,official_observed_reference,1b75781ad5cebb0cc150885ee1ed1212f2aaf047396f7828dc2801584ff9d775
2024-10-30,minimum,Night,Generation,633,04:30,05:00,50.05,official_observed_reference,1b75781ad5cebb0cc150885ee1ed1212f2aaf047396f7828dc2801584ff9d775
2024-10-30,minimum,Night,Consumption,3001,04:00,04:30,50.03,official_observed_reference,1b75781ad5cebb0cc150885ee1ed1212f2aaf047396f7828dc2801584ff9d775
2024-10-30,minimum,Day,Generation,513,12:00,12:30,50.00,official_observed_reference,1b75781ad5cebb0cc150885ee1ed1212f2aaf047396f7828dc2801584ff9d775
2024-10-30,minimum,Day,Consumption,3126,09:30,10:00,50.06,official_observed_reference,1b75781ad5cebb0cc150885ee1ed1212f2aaf047396f7828dc2801584ff9d775
2024-10-31,maximum,Day,Generation,902,17:30,18:00,50.17,official_observed_reference,96d2f8f2f985e873ea620f54c207d2b0e12a95e45d65519c402c3b0bb35e0c10
2024-10-31,maximum,Day,Consumption,3660,17:30,18:00,50.17,official_observed_reference,96d2f8f2f985e873ea620f54c207d2b0e12a95e45d65519c402c3b0bb35e0c10
2024-10-31,maximum,Evening,Generation,1456,22:00,22:30,49.95,official_observed_reference,96d2f8f2f985e873ea620f54c207d2b0e12a95e45d65519c402c3b0bb35e0c10
2024-10-31,maximum,Evening,Consumption,4169,19:00,19:30,50.01,official_observed_reference,96d2f8f2f985e873ea620f54c207d2b0e12a95e45d65519c402c3b0bb35e0c10
2024-10-31,maximum,Morning,Generation,737,05:30,06:00,50.11,official_observed_reference,96d2f8f2f985e873ea620f54c207d2b0e12a95e45d65519c402c3b0bb35e0c10
2024-10-31,maximum,Morning,Consumption,3244,06:30,07:00,50.05,official_observed_reference,96d2f8f2f985e873ea620f54c207d2b0e12a95e45d65519c402c3b0bb35e0c10
2024-10-31,minimum,Night,Generation,723,03:30,04:00,50.06,official_observed_reference,96d2f8f2f985e873ea620f54c207d2b0e12a95e45d65519c402c3b0bb35e0c10
2024-10-31,minimum,Night,Consumption,3129,04:00,04:30,50.00,official_observed_reference,96d2f8f2f985e873ea620f54c207d2b0e12a95e45d65519c402c3b0bb35e0c10
2024-10-31,minimum,Day,Generation,389,13:00,13:30,50.04,official_observed_reference,96d2f8f2f985e873ea620f54c207d2b0e12a95e45d65519c402c3b0bb35e0c10
2024-10-31,minimum,Day,Consumption,3026,09:30,10:00,50.06,official_observed_reference,96d2f8f2f985e873ea620f54c207d2b0e12a95e45d65519c402c3b0bb35e0c10
2024-11-01,maximum,Day,Generation,1033,17:30,18:00,50.1,official_observed_reference,c6a5f9728d93879421155c83cd267b8fc304292a36418364aaff300e0d41d523
2024-11-01,maximum,Day,Consumption,3951,17:30,18:00,50.10,official_observed_reference,c6a5f9728d93879421155c83cd267b8fc304292a36418364aaff300e0d41d523
2024-11-01,maximum,Evening,Generation,1276,18:00,18:30,50.06,official_observed_reference,c6a5f9728d93879421155c83cd267b8fc304292a36418364aaff300e0d41d523
2024-11-01,maximum,Evening,Consumption,4186,19:00,19:30,49.95,official_observed_reference,c6a5f9728d93879421155c83cd267b8fc304292a36418364aaff300e0d41d523
2024-11-01,maximum,Morning,Generation,708,08:00,08:30,50,official_observed_reference,c6a5f9728d93879421155c83cd267b8fc304292a36418364aaff300e0d41d523
2024-11-01,maximum,Morning,Consumption,3314,06:30,07:00,50.08,official_observed_reference,c6a5f9728d93879421155c83cd267b8fc304292a36418364aaff300e0d41d523
2024-11-01,minimum,Night,Generation,527,03:30,04:00,50.01,official_observed_reference,c6a5f9728d93879421155c83cd267b8fc304292a36418364aaff300e0d41d523
2024-11-01,minimum,Night,Consumption,2934,03:30,04:00,50.01,official_observed_reference,c6a5f9728d93879421155c83cd267b8fc304292a36418364aaff300e0d41d523
2024-11-01,minimum,Day,Generation,447,15:30,16:00,49.96,official_observed_reference,c6a5f9728d93879421155c83cd267b8fc304292a36418364aaff300e0d41d523
2024-11-01,minimum,Day,Consumption,3135,09:00,09:30,50.06,official_observed_reference,c6a5f9728d93879421155c83cd267b8fc304292a36418364aaff300e0d41d523
2024-11-02,maximum,Day,Generation,1103,17:30,18:00,50.03,official_observed_reference,ee4e1a21154a2099e4b96370d8d98f1ee30c6136f4ee4c03991bf5b51b4f7fd0
2024-11-02,maximum,Day,Consumption,3700,17:30,18:00,50.03,official_observed_reference,ee4e1a21154a2099e4b96370d8d98f1ee30c6136f4ee4c03991bf5b51b4f7fd0
2024-11-02,maximum,Evening,Generation,1257,19:30,20:00,50.05,official_observed_reference,ee4e1a21154a2099e4b96370d8d98f1ee30c6136f4ee4c03991bf5b51b4f7fd0
2024-11-02,maximum,Evening,Consumption,3902,18:30,19:00,50.05,official_observed_reference,ee4e1a21154a2099e4b96370d8d98f1ee30c6136f4ee4c03991bf5b51b4f7fd0
2024-11-02,maximum,Morning,Generation,681,05:30,06:00,50.12,official_observed_reference,ee4e1a21154a2099e4b96370d8d98f1ee30c6136f4ee4c03991bf5b51b4f7fd0
2024-11-02,maximum,Morning,Consumption,3262,06:00,06:30,49.99,official_observed_reference,ee4e1a21154a2099e4b96370d8d98f1ee30c6136f4ee4c03991bf5b51b4f7fd0
2024-11-02,minimum,Night,Generation,470,04:00,04:30,50.05,official_observed_reference,ee4e1a21154a2099e4b96370d8d98f1ee30c6136f4ee4c03991bf5b51b4f7fd0
2024-11-02,minimum,Night,Consumption,3006,03:30,04:00,50.00,official_observed_reference,ee4e1a21154a2099e4b96370d8d98f1ee30c6136f4ee4c03991bf5b51b4f7fd0
2024-11-02,minimum,Day,Generation,328,15:00,15:30,50.06,official_observed_reference,ee4e1a21154a2099e4b96370d8d98f1ee30c6136f4ee4c03991bf5b51b4f7fd0
2024-11-02,minimum,Day,Consumption,3136,09:00,09:30,50.00,official_observed_reference,ee4e1a21154a2099e4b96370d8d98f1ee30c6136f4ee4c03991bf5b51b4f7fd0
2024-11-03,maximum,Day,Generation,632,17:30,18:00,50.02,official_observed_reference,2a0b97f320ac3be7aec85bcaeb248883699c9c2f13a500c48f9a01e7531685b1
2024-11-03,maximum,Day,Consumption,3195,17:30,18:00,50.02,official_observed_reference,2a0b97f320ac3be7aec85bcaeb248883699c9c2f13a500c48f9a01e7531685b1
2024-11-03,maximum,Evening,Generation,1059,21:00,21:30,49.97,official_observed_reference,2a0b97f320ac3be7aec85bcaeb248883699c9c2f13a500c48f9a01e7531685b1
2024-11-03,maximum,Evening,Consumption,3656,19:00,19:30,50.05,official_observed_reference,2a0b97f320ac3be7aec85bcaeb248883699c9c2f13a500c48f9a01e7531685b1
2024-11-03,maximum,Morning,Generation,514,07:30,08:00,50.04,official_observed_reference,2a0b97f320ac3be7aec85bcaeb248883699c9c2f13a500c48f9a01e7531685b1
2024-11-03,maximum,Morning,Consumption,3014,07:00,07:30,50.00,official_observed_reference,2a0b97f320ac3be7aec85bcaeb248883699c9c2f13a500c48f9a01e7531685b1
2024-11-03,minimum,Night,Generation,425,05:00,05:30,49.96,official_observed_reference,2a0b97f320ac3be7aec85bcaeb248883699c9c2f13a500c48f9a01e7531685b1
2024-11-03,minimum,Night,Consumption,2791,04:00,04:30,49.97,official_observed_reference,2a0b97f320ac3be7aec85bcaeb248883699c9c2f13a500c48f9a01e7531685b1
2024-11-03,minimum,Day,Generation,381,16:00,16:30,49.92,official_observed_reference,2a0b97f320ac3be7aec85bcaeb248883699c9c2f13a500c48f9a01e7531685b1
2024-11-03,minimum,Day,Consumption,2416,09:00,09:30,50.01,official_observed_reference,2a0b97f320ac3be7aec85bcaeb248883699c9c2f13a500c48f9a01e7531685b1
2024-11-04,maximum,Day,Generation,1178,17:30,18:00,50.11,official_observed_reference,cdac8ce0e6dff412051f9a7606225b9876c66745fbe9ebb77898dc18ae75acdf
2024-11-04,maximum,Day,Consumption,3818,17:30,18:00,50.11,official_observed_reference,cdac8ce0e6dff412051f9a7606225b9876c66745fbe9ebb77898dc18ae75acdf
2024-11-04,maximum,Evening,Generation,1445,18:30,19:00,50.08,official_observed_reference,cdac8ce0e6dff412051f9a7606225b9876c66745fbe9ebb77898dc18ae75acdf
2024-11-04,maximum,Evening,Consumption,4059,19:00,19:30,50.08,official_observed_reference,cdac8ce0e6dff412051f9a7606225b9876c66745fbe9ebb77898dc18ae75acdf
2024-11-04,maximum,Morning,Generation,578,06:30,07:00,50.02,official_observed_reference,cdac8ce0e6dff412051f9a7606225b9876c66745fbe9ebb77898dc18ae75acdf
2024-11-04,maximum,Morning,Consumption,3268,07:00,07:30,50.04,official_observed_reference,cdac8ce0e6dff412051f9a7606225b9876c66745fbe9ebb77898dc18ae75acdf
2024-11-04,minimum,Night,Generation,427,04:00,04:30,50.06,official_observed_reference,cdac8ce0e6dff412051f9a7606225b9876c66745fbe9ebb77898dc18ae75acdf
2024-11-04,minimum,Night,Consumption,2775,03:30,04:00,50.06,official_observed_reference,cdac8ce0e6dff412051f9a7606225b9876c66745fbe9ebb77898dc18ae75acdf
2024-11-04,minimum,Day,Generation,471,06:00,06:30,49.97,official_observed_reference,cdac8ce0e6dff412051f9a7606225b9876c66745fbe9ebb77898dc18ae75acdf
2024-11-04,minimum,Day,Consumption,2987,09:00,09:30,50.03,official_observed_reference,cdac8ce0e6dff412051f9a7606225b9876c66745fbe9ebb77898dc18ae75acdf
2024-11-05,maximum,Day,Generation,1247,17:30,18:00,49.97,official_observed_reference,7e9daa2d4a5301924e8935e01deb1a1ef48869f9b8ee6e175013b3f0b3e35b7a
2024-11-05,maximum,Day,Consumption,3722,17:00,17:30,49.95,official_observed_reference,7e9daa2d4a5301924e8935e01deb1a1ef48869f9b8ee6e175013b3f0b3e35b7a
2024-11-05,maximum,Evening,Generation,1518,18:00,18:30,50.04,official_observed_reference,7e9daa2d4a5301924e8935e01deb1a1ef48869f9b8ee6e175013b3f0b3e35b7a
2024-11-05,maximum,Evening,Consumption,4216,18:30,19:00,50.05,official_observed_reference,7e9daa2d4a5301924e8935e01deb1a1ef48869f9b8ee6e175013b3f0b3e35b7a
2024-11-05,maximum,Morning,Generation,656,06:30,07:00,50.01,official_observed_reference,7e9daa2d4a5301924e8935e01deb1a1ef48869f9b8ee6e175013b3f0b3e35b7a
2024-11-05,maximum,Morning,Consumption,3302,06:30,07:00,50.01,official_observed_reference,7e9daa2d4a5301924e8935e01deb1a1ef48869f9b8ee6e175013b3f0b3e35b7a
2024-11-05,minimum,Night,Generation,502,04:00,04:30,50.02,official_observed_reference,7e9daa2d4a5301924e8935e01deb1a1ef48869f9b8ee6e175013b3f0b3e35b7a
2024-11-05,minimum,Night,Consumption,2799,04:30,05:00,50.04,official_observed_reference,7e9daa2d4a5301924e8935e01deb1a1ef48869f9b8ee6e175013b3f0b3e35b7a
2024-11-05,minimum,Day,Generation,452,11:00,11:30,50.02,official_observed_reference,7e9daa2d4a5301924e8935e01deb1a1ef48869f9b8ee6e175013b3f0b3e35b7a
2024-11-05,minimum,Day,Consumption,2986,09:30,10:00,50.02,official_observed_reference,7e9daa2d4a5301924e8935e01deb1a1ef48869f9b8ee6e175013b3f0b3e35b7a
2024-11-06,maximum,Day,Generation,1480,17:30,18:00,49.95,official_observed_reference,1f651eb8f2a51b08dfcd459f674a87770ff9ce834b6df754bbf190f698ba6eaa
2024-11-06,maximum,Day,Consumption,3913,17:30,18:00,49.95,official_observed_reference,1f651eb8f2a51b08dfcd459f674a87770ff9ce834b6df754bbf190f698ba6eaa
2024-11-06,maximum,Evening,Generation,1542,22:00,22:30,49.99,official_observed_reference,1f651eb8f2a51b08dfcd459f674a87770ff9ce834b6df754bbf190f698ba6eaa
2024-11-06,maximum,Evening,Consumption,4396,18:30,19:00,50.06,official_observed_reference,1f651eb8f2a51b08dfcd459f674a87770ff9ce834b6df754bbf190f698ba6eaa
2024-11-06,maximum,Morning,Generation,722,06:30,07:00,50.06,official_observed_reference,1f651eb8f2a51b08dfcd459f674a87770ff9ce834b6df754bbf190f698ba6eaa
2024-11-06,maximum,Morning,Consumption,3341,07:00,07:30,50.05,official_observed_reference,1f651eb8f2a51b08dfcd459f674a87770ff9ce834b6df754bbf190f698ba6eaa
2024-11-06,minimum,Night,Generation,427,04:00,04:30,49.99,official_observed_reference,1f651eb8f2a51b08dfcd459f674a87770ff9ce834b6df754bbf190f698ba6eaa
2024-11-06,minimum,Night,Consumption,2818,04:30,05:00,50.05,official_observed_reference,1f651eb8f2a51b08dfcd459f674a87770ff9ce834b6df754bbf190f698ba6eaa
2024-11-06,minimum,Day,Generation,390,10:00,10:30,50.03,official_observed_reference,1f651eb8f2a51b08dfcd459f674a87770ff9ce834b6df754bbf190f698ba6eaa
2024-11-06,minimum,Day,Consumption,2970,09:30,10:00,50.04,official_observed_reference,1f651eb8f2a51b08dfcd459f674a87770ff9ce834b6df754bbf190f698ba6eaa
2024-11-07,maximum,Day,Generation,1413,17:30,18:00,50.09,official_observed_reference,b510dce05e238514650599c1d6ad3c70609a170bada0f44ffc0a9c70c3a36eca
2024-11-07,maximum,Day,Consumption,3973,17:30,18:00,50.09,official_observed_reference,b510dce05e238514650599c1d6ad3c70609a170bada0f44ffc0a9c70c3a36eca
2024-11-07,maximum,Evening,Generation,1615,20:30,21:00,50.01,official_observed_reference,b510dce05e238514650599c1d6ad3c70609a170bada0f44ffc0a9c70c3a36eca
2024-11-07,maximum,Evening,Consumption,4505,18:30,19:00,50.04,official_observed_reference,b510dce05e238514650599c1d6ad3c70609a170bada0f44ffc0a9c70c3a36eca
2024-11-07,maximum,Morning,Generation,707,07:00,07:30,50.05,official_observed_reference,b510dce05e238514650599c1d6ad3c70609a170bada0f44ffc0a9c70c3a36eca
2024-11-07,maximum,Morning,Consumption,3362,06:30,07:00,50.04,official_observed_reference,b510dce05e238514650599c1d6ad3c70609a170bada0f44ffc0a9c70c3a36eca
2024-11-07,minimum,Night,Generation,434,04:00,04:30,50.06,official_observed_reference,b510dce05e238514650599c1d6ad3c70609a170bada0f44ffc0a9c70c3a36eca
2024-11-07,minimum,Night,Consumption,2902,03:30,04:00,50.10,official_observed_reference,b510dce05e238514650599c1d6ad3c70609a170bada0f44ffc0a9c70c3a36eca
2024-11-07,minimum,Day,Generation,279,13:00,13:30,50.02,official_observed_reference,b510dce05e238514650599c1d6ad3c70609a170bada0f44ffc0a9c70c3a36eca
2024-11-07,minimum,Day,Consumption,3070,09:30,10:00,50.05,official_observed_reference,b510dce05e238514650599c1d6ad3c70609a170bada0f44ffc0a9c70c3a36eca
2024-11-08,maximum,Day,Generation,1460,17:30,18:00,49.97,official_observed_reference,aff4c79c11451a5b9ce446bf1661f7bd87c975fa518a9c17b6428bfc0ca6de13
2024-11-08,maximum,Day,Consumption,3878,17:30,18:00,49.97,official_observed_reference,aff4c79c11451a5b9ce446bf1661f7bd87c975fa518a9c17b6428bfc0ca6de13
2024-11-08,maximum,Evening,Generation,1600,18:00,18:30,50.06,official_observed_reference,aff4c79c11451a5b9ce446bf1661f7bd87c975fa518a9c17b6428bfc0ca6de13
2024-11-08,maximum,Evening,Consumption,4198,19:00,19:30,50.03,official_observed_reference,aff4c79c11451a5b9ce446bf1661f7bd87c975fa518a9c17b6428bfc0ca6de13
2024-11-08,maximum,Morning,Generation,748,07:00,07:30,50,official_observed_reference,aff4c79c11451a5b9ce446bf1661f7bd87c975fa518a9c17b6428bfc0ca6de13
2024-11-08,maximum,Morning,Consumption,3456,06:30,07:00,49.99,official_observed_reference,aff4c79c11451a5b9ce446bf1661f7bd87c975fa518a9c17b6428bfc0ca6de13
2024-11-08,minimum,Night,Generation,275,04:30,05:00,50.06,official_observed_reference,aff4c79c11451a5b9ce446bf1661f7bd87c975fa518a9c17b6428bfc0ca6de13
2024-11-08,minimum,Night,Consumption,2999,04:00,04:30,50.05,official_observed_reference,aff4c79c11451a5b9ce446bf1661f7bd87c975fa518a9c17b6428bfc0ca6de13
2024-11-08,minimum,Day,Generation,341,10:30,11:00,50.03,official_observed_reference,aff4c79c11451a5b9ce446bf1661f7bd87c975fa518a9c17b6428bfc0ca6de13
2024-11-08,minimum,Day,Consumption,3231,09:00,09:30,49.99,official_observed_reference,aff4c79c11451a5b9ce446bf1661f7bd87c975fa518a9c17b6428bfc0ca6de13
2024-11-09,maximum,Day,Generation,1375,17:30,18:00,49.91,official_observed_reference,b20bcb8b7ad8982a0adf5620123e075fd4fac83b4e53ef5571495154319fce3c
2024-11-09,maximum,Day,Consumption,3781,17:30,18:00,49.91,official_observed_reference,b20bcb8b7ad8982a0adf5620123e075fd4fac83b4e53ef5571495154319fce3c
2024-11-09,maximum,Evening,Generation,1563,18:30,19:00,50.02,official_observed_reference,b20bcb8b7ad8982a0adf5620123e075fd4fac83b4e53ef5571495154319fce3c
2024-11-09,maximum,Evening,Consumption,4269,19:00,19:30,50.06,official_observed_reference,b20bcb8b7ad8982a0adf5620123e075fd4fac83b4e53ef5571495154319fce3c
2024-11-09,maximum,Morning,Generation,617,06:30,07:00,50.02,official_observed_reference,b20bcb8b7ad8982a0adf5620123e075fd4fac83b4e53ef5571495154319fce3c
2024-11-09,maximum,Morning,Consumption,3259,07:00,07:30,50.02,official_observed_reference,b20bcb8b7ad8982a0adf5620123e075fd4fac83b4e53ef5571495154319fce3c
2024-11-09,minimum,Night,Generation,383,04:30,05:00,50.04,official_observed_reference,b20bcb8b7ad8982a0adf5620123e075fd4fac83b4e53ef5571495154319fce3c
2024-11-09,minimum,Night,Consumption,2960,03:30,04:00,50.01,official_observed_reference,b20bcb8b7ad8982a0adf5620123e075fd4fac83b4e53ef5571495154319fce3c
2024-11-09,minimum,Day,Generation,396,10:00,10:30,50.00,official_observed_reference,b20bcb8b7ad8982a0adf5620123e075fd4fac83b4e53ef5571495154319fce3c
2024-11-09,minimum,Day,Consumption,3097,09:30,10:00,50.08,official_observed_reference,b20bcb8b7ad8982a0adf5620123e075fd4fac83b4e53ef5571495154319fce3c
2024-11-10,maximum,Day,Generation,1042,17:30,18:00,50.1,official_observed_reference,7091f1844039fe49522dfc87e7065043c0a2f456d3c873e9474501d92ee16458
2024-11-10,maximum,Day,Consumption,3364,17:30,18:00,50.10,official_observed_reference,7091f1844039fe49522dfc87e7065043c0a2f456d3c873e9474501d92ee16458
2024-11-10,maximum,Evening,Generation,1561,22:00,22:30,49.92,official_observed_reference,7091f1844039fe49522dfc87e7065043c0a2f456d3c873e9474501d92ee16458
2024-11-10,maximum,Evening,Consumption,3981,22:00,22:30,49.92,official_observed_reference,7091f1844039fe49522dfc87e7065043c0a2f456d3c873e9474501d92ee16458
2024-11-10,maximum,Morning,Generation,722,06:30,07:00,49.99,official_observed_reference,7091f1844039fe49522dfc87e7065043c0a2f456d3c873e9474501d92ee16458
2024-11-10,maximum,Morning,Consumption,3126,05:30,06:00,50.11,official_observed_reference,7091f1844039fe49522dfc87e7065043c0a2f456d3c873e9474501d92ee16458
2024-11-10,minimum,Night,Generation,515,04:30,05:00,50.09,official_observed_reference,7091f1844039fe49522dfc87e7065043c0a2f456d3c873e9474501d92ee16458
2024-11-10,minimum,Night,Consumption,3009,04:00,04:30,50.03,official_observed_reference,7091f1844039fe49522dfc87e7065043c0a2f456d3c873e9474501d92ee16458
2024-11-10,minimum,Day,Generation,288,10:00,10:30,50.04,official_observed_reference,7091f1844039fe49522dfc87e7065043c0a2f456d3c873e9474501d92ee16458
2024-11-10,minimum,Day,Consumption,2524,11:00,11:30,49.98,official_observed_reference,7091f1844039fe49522dfc87e7065043c0a2f456d3c873e9474501d92ee16458
2024-11-11,maximum,Day,Generation,1386,17:30,18:00,50.07,official_observed_reference,ed9d1dee59b0c3ae098684dba7d6b8d9b9bbb41feb72974a4a5ff50419ecb231
2024-11-11,maximum,Day,Consumption,3969,17:30,18:00,50.07,official_observed_reference,ed9d1dee59b0c3ae098684dba7d6b8d9b9bbb41feb72974a4a5ff50419ecb231
2024-11-11,maximum,Evening,Generation,1519,22:00,22:30,50,official_observed_reference,ed9d1dee59b0c3ae098684dba7d6b8d9b9bbb41feb72974a4a5ff50419ecb231
2024-11-11,maximum,Evening,Consumption,4347,19:00,19:30,50.01,official_observed_reference,ed9d1dee59b0c3ae098684dba7d6b8d9b9bbb41feb72974a4a5ff50419ecb231
2024-11-11,maximum,Morning,Generation,947,07:00,07:30,49.96,official_observed_reference,ed9d1dee59b0c3ae098684dba7d6b8d9b9bbb41feb72974a4a5ff50419ecb231
2024-11-11,maximum,Morning,Consumption,3332,07:00,07:30,49.96,official_observed_reference,ed9d1dee59b0c3ae098684dba7d6b8d9b9bbb41feb72974a4a5ff50419ecb231
2024-11-11,minimum,Night,Generation,482,03:30,04:00,50.03,official_observed_reference,ed9d1dee59b0c3ae098684dba7d6b8d9b9bbb41feb72974a4a5ff50419ecb231
2024-11-11,minimum,Night,Consumption,2967,03:30,04:00,50.03,official_observed_reference,ed9d1dee59b0c3ae098684dba7d6b8d9b9bbb41feb72974a4a5ff50419ecb231
2024-11-11,minimum,Day,Generation,451,13:00,13:30,49.94,official_observed_reference,ed9d1dee59b0c3ae098684dba7d6b8d9b9bbb41feb72974a4a5ff50419ecb231
2024-11-11,minimum,Day,Consumption,3067,10:00,10:30,49.98,official_observed_reference,ed9d1dee59b0c3ae098684dba7d6b8d9b9bbb41feb72974a4a5ff50419ecb231
2024-11-12,maximum,Day,Generation,1487,17:30,18:00,49.96,official_observed_reference,e1bf648c613909cd527c41871d47665ea05e37d799b1383829ae8a693f6d32c3
2024-11-12,maximum,Day,Consumption,4007,17:30,18:00,49.96,official_observed_reference,e1bf648c613909cd527c41871d47665ea05e37d799b1383829ae8a693f6d32c3
2024-11-12,maximum,Evening,Generation,1528,18:00,18:30,50.04,official_observed_reference,e1bf648c613909cd527c41871d47665ea05e37d799b1383829ae8a693f6d32c3
2024-11-12,maximum,Evening,Consumption,4402,19:00,19:30,50.05,official_observed_reference,e1bf648c613909cd527c41871d47665ea05e37d799b1383829ae8a693f6d32c3
2024-11-12,maximum,Morning,Generation,986,07:00,07:30,50.03,official_observed_reference,e1bf648c613909cd527c41871d47665ea05e37d799b1383829ae8a693f6d32c3
2024-11-12,maximum,Morning,Consumption,3452,06:30,07:00,49.81,official_observed_reference,e1bf648c613909cd527c41871d47665ea05e37d799b1383829ae8a693f6d32c3
2024-11-12,minimum,Night,Generation,568,04:00,04:30,50.01,official_observed_reference,e1bf648c613909cd527c41871d47665ea05e37d799b1383829ae8a693f6d32c3
2024-11-12,minimum,Night,Consumption,3053,03:30,04:00,50.06,official_observed_reference,e1bf648c613909cd527c41871d47665ea05e37d799b1383829ae8a693f6d32c3
2024-11-12,minimum,Day,Generation,422,10:00,10:30,50.01,official_observed_reference,e1bf648c613909cd527c41871d47665ea05e37d799b1383829ae8a693f6d32c3
2024-11-12,minimum,Day,Consumption,3179,09:30,10:00,50.01,official_observed_reference,e1bf648c613909cd527c41871d47665ea05e37d799b1383829ae8a693f6d32c3
2024-11-13,maximum,Day,Generation,1304,17:30,18:00,50.07,official_observed_reference,5b9cdcac5bafe1a4c1a52e119350fb94f9e5fdaa11a6b47b17d9ccd019d638b4
2024-11-13,maximum,Day,Consumption,4060,17:30,18:00,50.07,official_observed_reference,5b9cdcac5bafe1a4c1a52e119350fb94f9e5fdaa11a6b47b17d9ccd019d638b4
2024-11-13,maximum,Evening,Generation,1473,18:30,19:00,50.03,official_observed_reference,5b9cdcac5bafe1a4c1a52e119350fb94f9e5fdaa11a6b47b17d9ccd019d638b4
2024-11-13,maximum,Evening,Consumption,4475,19:00,19:30,49.97,official_observed_reference,5b9cdcac5bafe1a4c1a52e119350fb94f9e5fdaa11a6b47b17d9ccd019d638b4
2024-11-13,maximum,Morning,Generation,871,07:30,08:00,50.04,official_observed_reference,5b9cdcac5bafe1a4c1a52e119350fb94f9e5fdaa11a6b47b17d9ccd019d638b4
2024-11-13,maximum,Morning,Consumption,3524,06:30,07:00,50.04,official_observed_reference,5b9cdcac5bafe1a4c1a52e119350fb94f9e5fdaa11a6b47b17d9ccd019d638b4
2024-11-13,minimum,Night,Generation,347,04:00,04:30,50.05,official_observed_reference,5b9cdcac5bafe1a4c1a52e119350fb94f9e5fdaa11a6b47b17d9ccd019d638b4
2024-11-13,minimum,Night,Consumption,3087,04:30,05:00,50.08,official_observed_reference,5b9cdcac5bafe1a4c1a52e119350fb94f9e5fdaa11a6b47b17d9ccd019d638b4
2024-11-13,minimum,Day,Generation,365,10:30,11:00,50.03,official_observed_reference,5b9cdcac5bafe1a4c1a52e119350fb94f9e5fdaa11a6b47b17d9ccd019d638b4
2024-11-13,minimum,Day,Consumption,3230,09:30,10:00,50.05,official_observed_reference,5b9cdcac5bafe1a4c1a52e119350fb94f9e5fdaa11a6b47b17d9ccd019d638b4
2024-11-14,maximum,Day,Generation,1262,17:30,18:00,49.99,official_observed_reference,700407ad1253217ae4d02809139b5c85587d3b6b6509614dbdce1fb257c187a5
2024-11-14,maximum,Day,Consumption,3899,17:00,17:30,49.97,official_observed_reference,700407ad1253217ae4d02809139b5c85587d3b6b6509614dbdce1fb257c187a5
2024-11-14,maximum,Evening,Generation,1424,22:00,22:30,49.87,official_observed_reference,700407ad1253217ae4d02809139b5c85587d3b6b6509614dbdce1fb257c187a5
2024-11-14,maximum,Evening,Consumption,4262,18:30,19:00,49.99,official_observed_reference,700407ad1253217ae4d02809139b5c85587d3b6b6509614dbdce1fb257c187a5
2024-11-14,maximum,Morning,Generation,686,07:30,08:00,50,official_observed_reference,700407ad1253217ae4d02809139b5c85587d3b6b6509614dbdce1fb257c187a5
2024-11-14,maximum,Morning,Consumption,3531,07:00,07:30,49.97,official_observed_reference,700407ad1253217ae4d02809139b5c85587d3b6b6509614dbdce1fb257c187a5
2024-11-14,minimum,Night,Generation,317,04:00,04:30,50.04,official_observed_reference,700407ad1253217ae4d02809139b5c85587d3b6b6509614dbdce1fb257c187a5
2024-11-14,minimum,Night,Consumption,3123,03:30,04:00,50.00,official_observed_reference,700407ad1253217ae4d02809139b5c85587d3b6b6509614dbdce1fb257c187a5
2024-11-14,minimum,Day,Generation,383,05:30,06:00,50.00,official_observed_reference,700407ad1253217ae4d02809139b5c85587d3b6b6509614dbdce1fb257c187a5
2024-11-14,minimum,Day,Consumption,3254,09:30,10:00,49.99,official_observed_reference,700407ad1253217ae4d02809139b5c85587d3b6b6509614dbdce1fb257c187a5
2024-11-15,maximum,Day,Generation,1389,17:30,18:00,50.02,official_observed_reference,9d5bf4664dfbc1a90d7c2a3deab933d5a1ac76827f8c7c0353fa987f0bcf60ae
2024-11-15,maximum,Day,Consumption,3916,17:30,18:00,50.02,official_observed_reference,9d5bf4664dfbc1a90d7c2a3deab933d5a1ac76827f8c7c0353fa987f0bcf60ae
2024-11-15,maximum,Evening,Generation,1456,19:30,20:00,50.06,official_observed_reference,9d5bf4664dfbc1a90d7c2a3deab933d5a1ac76827f8c7c0353fa987f0bcf60ae
2024-11-15,maximum,Evening,Consumption,4274,18:30,19:00,50.07,official_observed_reference,9d5bf4664dfbc1a90d7c2a3deab933d5a1ac76827f8c7c0353fa987f0bcf60ae
2024-11-15,maximum,Morning,Generation,839,07:30,08:00,49.95,official_observed_reference,9d5bf4664dfbc1a90d7c2a3deab933d5a1ac76827f8c7c0353fa987f0bcf60ae
2024-11-15,maximum,Morning,Consumption,3481,07:00,07:30,49.97,official_observed_reference,9d5bf4664dfbc1a90d7c2a3deab933d5a1ac76827f8c7c0353fa987f0bcf60ae
2024-11-15,minimum,Night,Generation,365,04:00,04:30,50.06,official_observed_reference,9d5bf4664dfbc1a90d7c2a3deab933d5a1ac76827f8c7c0353fa987f0bcf60ae
2024-11-15,minimum,Night,Consumption,3052,04:00,04:30,50.06,official_observed_reference,9d5bf4664dfbc1a90d7c2a3deab933d5a1ac76827f8c7c0353fa987f0bcf60ae
2024-11-15,minimum,Day,Generation,407,11:00,11:30,50.09,official_observed_reference,9d5bf4664dfbc1a90d7c2a3deab933d5a1ac76827f8c7c0353fa987f0bcf60ae
2024-11-15,minimum,Day,Consumption,3276,09:00,09:30,50.05,official_observed_reference,9d5bf4664dfbc1a90d7c2a3deab933d5a1ac76827f8c7c0353fa987f0bcf60ae
2024-11-16,maximum,Day,Generation,1386,17:30,18:00,49.81,official_observed_reference,d77dbea9050b1622e17af4f19105753896e3f6d6ea37dd306eae50cdbe9d99d5
2024-11-16,maximum,Day,Consumption,3771,17:30,18:00,49.81,official_observed_reference,d77dbea9050b1622e17af4f19105753896e3f6d6ea37dd306eae50cdbe9d99d5
2024-11-16,maximum,Evening,Generation,1555,18:00,18:30,50.01,official_observed_reference,d77dbea9050b1622e17af4f19105753896e3f6d6ea37dd306eae50cdbe9d99d5
2024-11-16,maximum,Evening,Consumption,4140,18:30,19:00,50.05,official_observed_reference,d77dbea9050b1622e17af4f19105753896e3f6d6ea37dd306eae50cdbe9d99d5
2024-11-16,maximum,Morning,Generation,657,07:30,08:00,50.17,official_observed_reference,d77dbea9050b1622e17af4f19105753896e3f6d6ea37dd306eae50cdbe9d99d5
2024-11-16,maximum,Morning,Consumption,3313,07:00,07:30,50.04,official_observed_reference,d77dbea9050b1622e17af4f19105753896e3f6d6ea37dd306eae50cdbe9d99d5
2024-11-16,minimum,Night,Generation,322,04:30,05:00,50.01,official_observed_reference,d77dbea9050b1622e17af4f19105753896e3f6d6ea37dd306eae50cdbe9d99d5
2024-11-16,minimum,Night,Consumption,3015,04:00,04:30,50.01,official_observed_reference,d77dbea9050b1622e17af4f19105753896e3f6d6ea37dd306eae50cdbe9d99d5
2024-11-16,minimum,Day,Generation,311,05:30,06:00,50.08,official_observed_reference,d77dbea9050b1622e17af4f19105753896e3f6d6ea37dd306eae50cdbe9d99d5
2024-11-16,minimum,Day,Consumption,3215,09:00,09:30,50.00,official_observed_reference,d77dbea9050b1622e17af4f19105753896e3f6d6ea37dd306eae50cdbe9d99d5
2024-11-18,maximum,Day,Generation,1416,17:30,18:00,50.1,official_observed_reference,1433691c4c11938abe08eaf168990ed1e39534dbbede0166ca87afd723333ed2
2024-11-18,maximum,Day,Consumption,3998,17:30,18:00,50.10,official_observed_reference,1433691c4c11938abe08eaf168990ed1e39534dbbede0166ca87afd723333ed2
2024-11-18,maximum,Evening,Generation,1487,18:00,18:30,50.08,official_observed_reference,1433691c4c11938abe08eaf168990ed1e39534dbbede0166ca87afd723333ed2
2024-11-18,maximum,Evening,Consumption,4449,19:00,19:30,50.11,official_observed_reference,1433691c4c11938abe08eaf168990ed1e39534dbbede0166ca87afd723333ed2
2024-11-18,maximum,Morning,Generation,517,08:30,09:00,50.07,official_observed_reference,1433691c4c11938abe08eaf168990ed1e39534dbbede0166ca87afd723333ed2
2024-11-18,maximum,Morning,Consumption,3303,07:00,07:30,50.08,official_observed_reference,1433691c4c11938abe08eaf168990ed1e39534dbbede0166ca87afd723333ed2
2024-11-18,minimum,Night,Generation,376,05:00,05:30,50.06,official_observed_reference,1433691c4c11938abe08eaf168990ed1e39534dbbede0166ca87afd723333ed2
2024-11-18,minimum,Night,Consumption,2944,03:00,03:30,50.06,official_observed_reference,1433691c4c11938abe08eaf168990ed1e39534dbbede0166ca87afd723333ed2
2024-11-18,minimum,Day,Generation,347,14:00,14:30,50.02,official_observed_reference,1433691c4c11938abe08eaf168990ed1e39534dbbede0166ca87afd723333ed2
2024-11-18,minimum,Day,Consumption,3008,09:30,10:00,50.03,official_observed_reference,1433691c4c11938abe08eaf168990ed1e39534dbbede0166ca87afd723333ed2
2024-11-19,maximum,Day,Generation,1338,17:00,17:30,50.07,official_observed_reference,22d85616a417d4f320c5ae6da6c3d10fd808768cc1aa4ff437cdb40517c96b81
2024-11-19,maximum,Day,Consumption,4028,17:30,18:00,50.06,official_observed_reference,22d85616a417d4f320c5ae6da6c3d10fd808768cc1aa4ff437cdb40517c96b81
2024-11-19,maximum,Evening,Generation,1423,18:00,18:30,50.06,official_observed_reference,22d85616a417d4f320c5ae6da6c3d10fd808768cc1aa4ff437cdb40517c96b81
2024-11-19,maximum,Evening,Consumption,4398,19:00,19:30,50.03,official_observed_reference,22d85616a417d4f320c5ae6da6c3d10fd808768cc1aa4ff437cdb40517c96b81
2024-11-19,maximum,Morning,Generation,508,08:30,09:00,50.05,official_observed_reference,22d85616a417d4f320c5ae6da6c3d10fd808768cc1aa4ff437cdb40517c96b81
2024-11-19,maximum,Morning,Consumption,3435,07:00,07:30,50.05,official_observed_reference,22d85616a417d4f320c5ae6da6c3d10fd808768cc1aa4ff437cdb40517c96b81
2024-11-19,minimum,Night,Generation,389,03:30,04:00,50.05,official_observed_reference,22d85616a417d4f320c5ae6da6c3d10fd808768cc1aa4ff437cdb40517c96b81
2024-11-19,minimum,Night,Consumption,3077,04:30,05:00,50.01,official_observed_reference,22d85616a417d4f320c5ae6da6c3d10fd808768cc1aa4ff437cdb40517c96b81
2024-11-19,minimum,Day,Generation,382,15:00,15:30,50.06,official_observed_reference,22d85616a417d4f320c5ae6da6c3d10fd808768cc1aa4ff437cdb40517c96b81
2024-11-19,minimum,Day,Consumption,3110,09:30,10:00,50.08,official_observed_reference,22d85616a417d4f320c5ae6da6c3d10fd808768cc1aa4ff437cdb40517c96b81
2024-11-20,maximum,Day,Generation,1176,17:00,17:30,50.06,official_observed_reference,94494836b5cdf40a42657aa4f5f63c79223ad8f8bb6704e052b12daaa2895de1
2024-11-20,maximum,Day,Consumption,3921,17:30,18:00,50.12,official_observed_reference,94494836b5cdf40a42657aa4f5f63c79223ad8f8bb6704e052b12daaa2895de1
2024-11-20,maximum,Evening,Generation,1228,18:30,19:00,50.02,official_observed_reference,94494836b5cdf40a42657aa4f5f63c79223ad8f8bb6704e052b12daaa2895de1
2024-11-20,maximum,Evening,Consumption,4283,18:30,19:00,50.02,official_observed_reference,94494836b5cdf40a42657aa4f5f63c79223ad8f8bb6704e052b12daaa2895de1
2024-11-20,maximum,Morning,Generation,510,07:30,08:00,49.97,official_observed_reference,94494836b5cdf40a42657aa4f5f63c79223ad8f8bb6704e052b12daaa2895de1
2024-11-20,maximum,Morning,Consumption,3468,07:00,07:30,49.94,official_observed_reference,94494836b5cdf40a42657aa4f5f63c79223ad8f8bb6704e052b12daaa2895de1
2024-11-20,minimum,Night,Generation,318,04:00,04:30,50.07,official_observed_reference,94494836b5cdf40a42657aa4f5f63c79223ad8f8bb6704e052b12daaa2895de1
2024-11-20,minimum,Night,Consumption,3043,04:00,04:30,50.07,official_observed_reference,94494836b5cdf40a42657aa4f5f63c79223ad8f8bb6704e052b12daaa2895de1
2024-11-20,minimum,Day,Generation,301,15:00,15:30,49.94,official_observed_reference,94494836b5cdf40a42657aa4f5f63c79223ad8f8bb6704e052b12daaa2895de1
2024-11-20,minimum,Day,Consumption,3226,13:30,14:00,50.05,official_observed_reference,94494836b5cdf40a42657aa4f5f63c79223ad8f8bb6704e052b12daaa2895de1
2024-11-21,maximum,Day,Generation,1386,17:30,18:00,50.09,official_observed_reference,18da64270773aa519d2726ee908e9e2a2f47c7a79aadbeb5ce9b41674f1c1027
2024-11-21,maximum,Day,Consumption,3957,17:30,18:00,50.09,official_observed_reference,18da64270773aa519d2726ee908e9e2a2f47c7a79aadbeb5ce9b41674f1c1027
2024-11-21,maximum,Evening,Generation,1491,18:00,18:30,50,official_observed_reference,18da64270773aa519d2726ee908e9e2a2f47c7a79aadbeb5ce9b41674f1c1027
2024-11-21,maximum,Evening,Consumption,4355,18:30,19:00,50.06,official_observed_reference,18da64270773aa519d2726ee908e9e2a2f47c7a79aadbeb5ce9b41674f1c1027
2024-11-21,maximum,Morning,Generation,578,08:00,08:30,50.01,official_observed_reference,18da64270773aa519d2726ee908e9e2a2f47c7a79aadbeb5ce9b41674f1c1027
2024-11-21,maximum,Morning,Consumption,3373,07:00,07:30,50.01,official_observed_reference,18da64270773aa519d2726ee908e9e2a2f47c7a79aadbeb5ce9b41674f1c1027
2024-11-21,minimum,Night,Generation,381,02:30,03:00,50.02,official_observed_reference,18da64270773aa519d2726ee908e9e2a2f47c7a79aadbeb5ce9b41674f1c1027
2024-11-21,minimum,Night,Consumption,2978,03:00,03:30,50.03,official_observed_reference,18da64270773aa519d2726ee908e9e2a2f47c7a79aadbeb5ce9b41674f1c1027
2024-11-21,minimum,Day,Generation,316,14:00,14:30,49.99,official_observed_reference,18da64270773aa519d2726ee908e9e2a2f47c7a79aadbeb5ce9b41674f1c1027
2024-11-21,minimum,Day,Consumption,3224,11:30,12:00,50.00,official_observed_reference,18da64270773aa519d2726ee908e9e2a2f47c7a79aadbeb5ce9b41674f1c1027
2024-11-22,maximum,Day,Generation,1406,17:30,18:00,50.1,official_observed_reference,0d7d99d7cf955e414be90a99861951fa23a99e1523a0095d3646df3482217d0d
2024-11-22,maximum,Day,Consumption,3917,17:30,18:00,50.10,official_observed_reference,0d7d99d7cf955e414be90a99861951fa23a99e1523a0095d3646df3482217d0d
2024-11-22,maximum,Evening,Generation,1508,18:30,19:00,50.05,official_observed_reference,0d7d99d7cf955e414be90a99861951fa23a99e1523a0095d3646df3482217d0d
2024-11-22,maximum,Evening,Consumption,4345,19:00,19:30,50.05,official_observed_reference,0d7d99d7cf955e414be90a99861951fa23a99e1523a0095d3646df3482217d0d
2024-11-22,maximum,Morning,Generation,784,07:00,07:30,49.94,official_observed_reference,0d7d99d7cf955e414be90a99861951fa23a99e1523a0095d3646df3482217d0d
2024-11-22,maximum,Morning,Consumption,3352,06:30,07:00,50.03,official_observed_reference,0d7d99d7cf955e414be90a99861951fa23a99e1523a0095d3646df3482217d0d
2024-11-22,minimum,Night,Generation,266,04:00,04:30,50.05,official_observed_reference,0d7d99d7cf955e414be90a99861951fa23a99e1523a0095d3646df3482217d0d
2024-11-22,minimum,Night,Consumption,2841,03:30,04:00,50.11,official_observed_reference,0d7d99d7cf955e414be90a99861951fa23a99e1523a0095d3646df3482217d0d
2024-11-22,minimum,Day,Generation,286,10:00,10:30,50.00,official_observed_reference,0d7d99d7cf955e414be90a99861951fa23a99e1523a0095d3646df3482217d0d
2024-11-22,minimum,Day,Consumption,3042,10:30,11:00,49.99,official_observed_reference,0d7d99d7cf955e414be90a99861951fa23a99e1523a0095d3646df3482217d0d
2024-11-23,maximum,Day,Generation,1445,17:30,18:00,50.04,official_observed_reference,28fb3e13ee39192135d28ea0adab392f29765c052cda5e7065c58c6b9026b0c1
2024-11-23,maximum,Day,Consumption,3839,17:30,18:00,50.04,official_observed_reference,28fb3e13ee39192135d28ea0adab392f29765c052cda5e7065c58c6b9026b0c1
2024-11-23,maximum,Evening,Generation,1504,18:30,19:00,50.06,official_observed_reference,28fb3e13ee39192135d28ea0adab392f29765c052cda5e7065c58c6b9026b0c1
2024-11-23,maximum,Evening,Consumption,4307,18:30,19:00,50.06,official_observed_reference,28fb3e13ee39192135d28ea0adab392f29765c052cda5e7065c58c6b9026b0c1
2024-11-23,maximum,Morning,Generation,835,07:00,07:30,49.95,official_observed_reference,28fb3e13ee39192135d28ea0adab392f29765c052cda5e7065c58c6b9026b0c1
2024-11-23,maximum,Morning,Consumption,3366,06:30,07:00,50.00,official_observed_reference,28fb3e13ee39192135d28ea0adab392f29765c052cda5e7065c58c6b9026b0c1
2024-11-23,minimum,Night,Generation,221,03:30,04:00,50.04,official_observed_reference,28fb3e13ee39192135d28ea0adab392f29765c052cda5e7065c58c6b9026b0c1
2024-11-23,minimum,Night,Consumption,3003,03:30,04:00,50.04,official_observed_reference,28fb3e13ee39192135d28ea0adab392f29765c052cda5e7065c58c6b9026b0c1
2024-11-23,minimum,Day,Generation,349,05:30,06:00,50.21,official_observed_reference,28fb3e13ee39192135d28ea0adab392f29765c052cda5e7065c58c6b9026b0c1
2024-11-23,minimum,Day,Consumption,3288,09:00,09:30,49.98,official_observed_reference,28fb3e13ee39192135d28ea0adab392f29765c052cda5e7065c58c6b9026b0c1
2024-11-24,maximum,Day,Generation,1115,17:30,18:00,50.11,official_observed_reference,60d6efa246a2a011b06c5d8dc2d689dde3cc32636611a750cf9c0ea47539d8d3
2024-11-24,maximum,Day,Consumption,3449,17:30,18:00,50.11,official_observed_reference,60d6efa246a2a011b06c5d8dc2d689dde3cc32636611a750cf9c0ea47539d8d3
2024-11-24,maximum,Evening,Generation,1409,20:00,20:30,49.97,official_observed_reference,60d6efa246a2a011b06c5d8dc2d689dde3cc32636611a750cf9c0ea47539d8d3
2024-11-24,maximum,Evening,Consumption,4055,21:30,22:00,50.06,official_observed_reference,60d6efa246a2a011b06c5d8dc2d689dde3cc32636611a750cf9c0ea47539d8d3
2024-11-24,maximum,Morning,Generation,515,07:30,08:00,50.02,official_observed_reference,60d6efa246a2a011b06c5d8dc2d689dde3cc32636611a750cf9c0ea47539d8d3
2024-11-24,maximum,Morning,Consumption,3136,06:00,06:30,50.04,official_observed_reference,60d6efa246a2a011b06c5d8dc2d689dde3cc32636611a750cf9c0ea47539d8d3
2024-11-24,minimum,Night,Generation,294,03:30,04:00,50.06,official_observed_reference,60d6efa246a2a011b06c5d8dc2d689dde3cc32636611a750cf9c0ea47539d8d3
2024-11-24,minimum,Night,Consumption,2979,03:30,04:00,50.06,official_observed_reference,60d6efa246a2a011b06c5d8dc2d689dde3cc32636611a750cf9c0ea47539d8d3
2024-11-24,minimum,Day,Generation,281,06:00,06:30,50.04,official_observed_reference,60d6efa246a2a011b06c5d8dc2d689dde3cc32636611a750cf9c0ea47539d8d3
2024-11-24,minimum,Day,Consumption,2603,10:00,10:30,49.94,official_observed_reference,60d6efa246a2a011b06c5d8dc2d689dde3cc32636611a750cf9c0ea47539d8d3
2024-11-25,maximum,Day,Generation,1534,17:30,18:00,49.98,official_observed_reference,a4a188176d1fd3cfed084a924502a1e0abc6954344c374b4b51ffa6a7b9e9048
2024-11-25,maximum,Day,Consumption,4044,17:30,18:00,49.98,official_observed_reference,a4a188176d1fd3cfed084a924502a1e0abc6954344c374b4b51ffa6a7b9e9048
2024-11-25,maximum,Evening,Generation,1546,18:30,19:00,50.05,official_observed_reference,a4a188176d1fd3cfed084a924502a1e0abc6954344c374b4b51ffa6a7b9e9048
2024-11-25,maximum,Evening,Consumption,4406,18:30,19:00,50.05,official_observed_reference,a4a188176d1fd3cfed084a924502a1e0abc6954344c374b4b51ffa6a7b9e9048
2024-11-25,maximum,Morning,Generation,883,07:30,08:00,50.06,official_observed_reference,a4a188176d1fd3cfed084a924502a1e0abc6954344c374b4b51ffa6a7b9e9048
2024-11-25,maximum,Morning,Consumption,3345,06:30,07:00,49.96,official_observed_reference,a4a188176d1fd3cfed084a924502a1e0abc6954344c374b4b51ffa6a7b9e9048
2024-11-25,minimum,Night,Generation,240,02:30,03:00,50.02,official_observed_reference,a4a188176d1fd3cfed084a924502a1e0abc6954344c374b4b51ffa6a7b9e9048
2024-11-25,minimum,Night,Consumption,3005,04:30,05:00,50.05,official_observed_reference,a4a188176d1fd3cfed084a924502a1e0abc6954344c374b4b51ffa6a7b9e9048
2024-11-25,minimum,Day,Generation,312,12:30,13:00,50.06,official_observed_reference,a4a188176d1fd3cfed084a924502a1e0abc6954344c374b4b51ffa6a7b9e9048
2024-11-25,minimum,Day,Consumption,3157,10:00,10:30,50.02,official_observed_reference,a4a188176d1fd3cfed084a924502a1e0abc6954344c374b4b51ffa6a7b9e9048
2024-11-26,maximum,Day,Generation,1447,17:30,18:00,49.89,official_observed_reference,27272c624967d9f59ff9510fd0c3b7d6733a5893bf5af6a7acffdf4148c0822d
2024-11-26,maximum,Day,Consumption,3972,17:30,18:00,49.89,official_observed_reference,27272c624967d9f59ff9510fd0c3b7d6733a5893bf5af6a7acffdf4148c0822d
2024-11-26,maximum,Evening,Generation,1476,18:00,18:30,50.06,official_observed_reference,27272c624967d9f59ff9510fd0c3b7d6733a5893bf5af6a7acffdf4148c0822d
2024-11-26,maximum,Evening,Consumption,4326,19:00,19:30,50.01,official_observed_reference,27272c624967d9f59ff9510fd0c3b7d6733a5893bf5af6a7acffdf4148c0822d
2024-11-26,maximum,Morning,Generation,910,07:30,08:00,50.06,official_observed_reference,27272c624967d9f59ff9510fd0c3b7d6733a5893bf5af6a7acffdf4148c0822d
2024-11-26,maximum,Morning,Consumption,3487,07:30,08:00,50.06,official_observed_reference,27272c624967d9f59ff9510fd0c3b7d6733a5893bf5af6a7acffdf4148c0822d
2024-11-26,minimum,Night,Generation,266,04:00,04:30,50.02,official_observed_reference,27272c624967d9f59ff9510fd0c3b7d6733a5893bf5af6a7acffdf4148c0822d
2024-11-26,minimum,Night,Consumption,3127,04:00,04:30,50.02,official_observed_reference,27272c624967d9f59ff9510fd0c3b7d6733a5893bf5af6a7acffdf4148c0822d
2024-11-26,minimum,Day,Generation,390,05:30,06:00,50.14,official_observed_reference,27272c624967d9f59ff9510fd0c3b7d6733a5893bf5af6a7acffdf4148c0822d
2024-11-26,minimum,Day,Consumption,3269,09:30,10:00,50.04,official_observed_reference,27272c624967d9f59ff9510fd0c3b7d6733a5893bf5af6a7acffdf4148c0822d
2024-11-27,maximum,Day,Generation,1434,17:00,17:30,50.02,official_observed_reference,ead0136ef96a6f8adbc6426976ba334eab39374c62c0a17aa6561c5e42c25ef8
2024-11-27,maximum,Day,Consumption,3871,17:30,18:00,50.05,official_observed_reference,ead0136ef96a6f8adbc6426976ba334eab39374c62c0a17aa6561c5e42c25ef8
2024-11-27,maximum,Evening,Generation,1517,18:30,19:00,50.02,official_observed_reference,ead0136ef96a6f8adbc6426976ba334eab39374c62c0a17aa6561c5e42c25ef8
2024-11-27,maximum,Evening,Consumption,4247,18:30,19:00,50.02,official_observed_reference,ead0136ef96a6f8adbc6426976ba334eab39374c62c0a17aa6561c5e42c25ef8
2024-11-27,maximum,Morning,Generation,959,07:30,08:00,50.07,official_observed_reference,ead0136ef96a6f8adbc6426976ba334eab39374c62c0a17aa6561c5e42c25ef8
2024-11-27,maximum,Morning,Consumption,3508,07:00,07:30,49.80,official_observed_reference,ead0136ef96a6f8adbc6426976ba334eab39374c62c0a17aa6561c5e42c25ef8
2024-11-27,minimum,Night,Generation,231,03:30,04:00,50.07,official_observed_reference,ead0136ef96a6f8adbc6426976ba334eab39374c62c0a17aa6561c5e42c25ef8
2024-11-27,minimum,Night,Consumption,2974,04:00,04:30,50.05,official_observed_reference,ead0136ef96a6f8adbc6426976ba334eab39374c62c0a17aa6561c5e42c25ef8
2024-11-27,minimum,Day,Generation,241,05:30,06:00,50.10,official_observed_reference,ead0136ef96a6f8adbc6426976ba334eab39374c62c0a17aa6561c5e42c25ef8
2024-11-27,minimum,Day,Consumption,3240,09:30,10:00,50.07,official_observed_reference,ead0136ef96a6f8adbc6426976ba334eab39374c62c0a17aa6561c5e42c25ef8
2024-11-28,maximum,Day,Generation,1390,17:30,18:00,50.07,official_observed_reference,fe8ce1065d489edb93b445ad3b148e65bb73472622a377fcaa3d80cc9a467573
2024-11-28,maximum,Day,Consumption,3998,17:30,18:00,50.07,official_observed_reference,fe8ce1065d489edb93b445ad3b148e65bb73472622a377fcaa3d80cc9a467573
2024-11-28,maximum,Evening,Generation,1556,19:30,20:00,50.01,official_observed_reference,fe8ce1065d489edb93b445ad3b148e65bb73472622a377fcaa3d80cc9a467573
2024-11-28,maximum,Evening,Consumption,4370,18:30,19:00,50.06,official_observed_reference,fe8ce1065d489edb93b445ad3b148e65bb73472622a377fcaa3d80cc9a467573
2024-11-28,maximum,Morning,Generation,672,07:30,08:00,50.1,official_observed_reference,fe8ce1065d489edb93b445ad3b148e65bb73472622a377fcaa3d80cc9a467573
2024-11-28,maximum,Morning,Consumption,3367,06:30,07:00,50.06,official_observed_reference,fe8ce1065d489edb93b445ad3b148e65bb73472622a377fcaa3d80cc9a467573
2024-11-28,minimum,Night,Generation,239,04:00,04:30,49.99,official_observed_reference,fe8ce1065d489edb93b445ad3b148e65bb73472622a377fcaa3d80cc9a467573
2024-11-28,minimum,Night,Consumption,2946,04:00,04:30,49.99,official_observed_reference,fe8ce1065d489edb93b445ad3b148e65bb73472622a377fcaa3d80cc9a467573
2024-11-28,minimum,Day,Generation,235,05:30,06:00,50.10,official_observed_reference,fe8ce1065d489edb93b445ad3b148e65bb73472622a377fcaa3d80cc9a467573
2024-11-28,minimum,Day,Consumption,3067,09:30,10:00,50.10,official_observed_reference,fe8ce1065d489edb93b445ad3b148e65bb73472622a377fcaa3d80cc9a467573
2024-11-29,maximum,Day,Generation,1525,17:30,18:00,50,official_observed_reference,762884a19fd08b7a83213bfe7d9f9b8bff87e209e7cc42ff417fbcb3edc5fbe8
2024-11-29,maximum,Day,Consumption,3896,17:30,18:00,50.00,official_observed_reference,762884a19fd08b7a83213bfe7d9f9b8bff87e209e7cc42ff417fbcb3edc5fbe8
2024-11-29,maximum,Evening,Generation,1525,17:30,18:00,50,official_observed_reference,762884a19fd08b7a83213bfe7d9f9b8bff87e209e7cc42ff417fbcb3edc5fbe8
2024-11-29,maximum,Evening,Consumption,4311,19:00,19:30,49.99,official_observed_reference,762884a19fd08b7a83213bfe7d9f9b8bff87e209e7cc42ff417fbcb3edc5fbe8
2024-11-29,maximum,Morning,Generation,929,07:30,08:00,50.06,official_observed_reference,762884a19fd08b7a83213bfe7d9f9b8bff87e209e7cc42ff417fbcb3edc5fbe8
2024-11-29,maximum,Morning,Consumption,3442,07:00,07:30,49.93,official_observed_reference,762884a19fd08b7a83213bfe7d9f9b8bff87e209e7cc42ff417fbcb3edc5fbe8
2024-11-29,minimum,Night,Generation,305,00:30,01:00,49.97,official_observed_reference,762884a19fd08b7a83213bfe7d9f9b8bff87e209e7cc42ff417fbcb3edc5fbe8
2024-11-29,minimum,Night,Consumption,2960,04:30,05:00,50.04,official_observed_reference,762884a19fd08b7a83213bfe7d9f9b8bff87e209e7cc42ff417fbcb3edc5fbe8
2024-11-29,minimum,Day,Generation,353,13:30,14:00,50.13,official_observed_reference,762884a19fd08b7a83213bfe7d9f9b8bff87e209e7cc42ff417fbcb3edc5fbe8
2024-11-29,minimum,Day,Consumption,3130,09:00,09:30,49.95,official_observed_reference,762884a19fd08b7a83213bfe7d9f9b8bff87e209e7cc42ff417fbcb3edc5fbe8
2024-12-01,maximum,Day,Generation,738,17:30,18:00,50.02,official_observed_reference,2b25b3b30ea8c4897b66ab784b9c6c9e48acac0f1589f844d9ce4c6a44acacad
2024-12-01,maximum,Day,Consumption,3242,17:30,18:00,50.02,official_observed_reference,2b25b3b30ea8c4897b66ab784b9c6c9e48acac0f1589f844d9ce4c6a44acacad
2024-12-01,maximum,Evening,Generation,1071,19:30,20:00,50.02,official_observed_reference,2b25b3b30ea8c4897b66ab784b9c6c9e48acac0f1589f844d9ce4c6a44acacad
2024-12-01,maximum,Evening,Consumption,3700,18:30,19:00,49.99,official_observed_reference,2b25b3b30ea8c4897b66ab784b9c6c9e48acac0f1589f844d9ce4c6a44acacad
2024-12-01,maximum,Morning,Generation,602,08:30,09:00,49.99,official_observed_reference,2b25b3b30ea8c4897b66ab784b9c6c9e48acac0f1589f844d9ce4c6a44acacad
2024-12-01,maximum,Morning,Consumption,3109,06:30,07:00,50.05,official_observed_reference,2b25b3b30ea8c4897b66ab784b9c6c9e48acac0f1589f844d9ce4c6a44acacad
2024-12-01,minimum,Night,Generation,215,04:30,05:00,50.02,official_observed_reference,2b25b3b30ea8c4897b66ab784b9c6c9e48acac0f1589f844d9ce4c6a44acacad
2024-12-01,minimum,Night,Consumption,2900,04:00,04:30,50.05,official_observed_reference,2b25b3b30ea8c4897b66ab784b9c6c9e48acac0f1589f844d9ce4c6a44acacad
2024-12-01,minimum,Day,Generation,129,15:00,15:30,50.05,official_observed_reference,2b25b3b30ea8c4897b66ab784b9c6c9e48acac0f1589f844d9ce4c6a44acacad
2024-12-01,minimum,Day,Consumption,2823,09:30,10:00,50.08,official_observed_reference,2b25b3b30ea8c4897b66ab784b9c6c9e48acac0f1589f844d9ce4c6a44acacad
2024-12-02,maximum,Day,Generation,1244,17:30,18:00,50.09,official_observed_reference,c6bc41003b7b7cd59f4a756b226eb2b18efaecb2e4d29df70f37779fe61c3512
2024-12-02,maximum,Day,Consumption,3741,17:30,18:00,50.09,official_observed_reference,c6bc41003b7b7cd59f4a756b226eb2b18efaecb2e4d29df70f37779fe61c3512
2024-12-02,maximum,Evening,Generation,1244,17:30,18:00,50.09,official_observed_reference,c6bc41003b7b7cd59f4a756b226eb2b18efaecb2e4d29df70f37779fe61c3512
2024-12-02,maximum,Evening,Consumption,3983,18:30,19:00,50.08,official_observed_reference,c6bc41003b7b7cd59f4a756b226eb2b18efaecb2e4d29df70f37779fe61c3512
2024-12-02,maximum,Morning,Generation,475,07:30,08:00,50.16,official_observed_reference,c6bc41003b7b7cd59f4a756b226eb2b18efaecb2e4d29df70f37779fe61c3512
2024-12-02,maximum,Morning,Consumption,3248,07:00,07:30,50.01,official_observed_reference,c6bc41003b7b7cd59f4a756b226eb2b18efaecb2e4d29df70f37779fe61c3512
2024-12-02,minimum,Night,Generation,226,04:00,04:30,49.97,official_observed_reference,c6bc41003b7b7cd59f4a756b226eb2b18efaecb2e4d29df70f37779fe61c3512
2024-12-02,minimum,Night,Consumption,2661,03:00,03:30,49.98,official_observed_reference,c6bc41003b7b7cd59f4a756b226eb2b18efaecb2e4d29df70f37779fe61c3512
2024-12-02,minimum,Day,Generation,236,14:30,15:00,50.09,official_observed_reference,c6bc41003b7b7cd59f4a756b226eb2b18efaecb2e4d29df70f37779fe61c3512
2024-12-02,minimum,Day,Consumption,3159,09:00,09:30,49.97,official_observed_reference,c6bc41003b7b7cd59f4a756b226eb2b18efaecb2e4d29df70f37779fe61c3512
2024-12-03,maximum,Day,Generation,1265,17:30,18:00,50.06,official_observed_reference,7168befe622c19c8dcb7feca396890d0dc0a94a0e86984c8e4a3842e1bd37a97
2024-12-03,maximum,Day,Consumption,3767,17:30,18:00,50.06,official_observed_reference,7168befe622c19c8dcb7feca396890d0dc0a94a0e86984c8e4a3842e1bd37a97
2024-12-03,maximum,Evening,Generation,1304,18:00,18:30,50,official_observed_reference,7168befe622c19c8dcb7feca396890d0dc0a94a0e86984c8e4a3842e1bd37a97
2024-12-03,maximum,Evening,Consumption,4175,18:30,19:00,50.07,official_observed_reference,7168befe622c19c8dcb7feca396890d0dc0a94a0e86984c8e4a3842e1bd37a97
2024-12-03,maximum,Morning,Generation,626,07:30,08:00,50.06,official_observed_reference,7168befe622c19c8dcb7feca396890d0dc0a94a0e86984c8e4a3842e1bd37a97
2024-12-03,maximum,Morning,Consumption,3102,07:00,07:30,50.02,official_observed_reference,7168befe622c19c8dcb7feca396890d0dc0a94a0e86984c8e4a3842e1bd37a97
2024-12-03,minimum,Night,Generation,242,03:00,03:30,50.07,official_observed_reference,7168befe622c19c8dcb7feca396890d0dc0a94a0e86984c8e4a3842e1bd37a97
2024-12-03,minimum,Night,Consumption,2631,03:00,03:30,50.07,official_observed_reference,7168befe622c19c8dcb7feca396890d0dc0a94a0e86984c8e4a3842e1bd37a97
2024-12-03,minimum,Day,Generation,372,15:30,16:00,49.96,official_observed_reference,7168befe622c19c8dcb7feca396890d0dc0a94a0e86984c8e4a3842e1bd37a97
2024-12-03,minimum,Day,Consumption,3009,09:00,09:30,50.12,official_observed_reference,7168befe622c19c8dcb7feca396890d0dc0a94a0e86984c8e4a3842e1bd37a97
2024-12-04,maximum,Day,Generation,1345,17:30,18:00,49.92,official_observed_reference,663abf13946126642a88858fb4f7a39630edfbcfe06043abbd5480469e60e538
2024-12-04,maximum,Day,Consumption,3845,17:30,18:00,49.92,official_observed_reference,663abf13946126642a88858fb4f7a39630edfbcfe06043abbd5480469e60e538
2024-12-04,maximum,Evening,Generation,1473,18:00,18:30,50.03,official_observed_reference,663abf13946126642a88858fb4f7a39630edfbcfe06043abbd5480469e60e538
2024-12-04,maximum,Evening,Consumption,4209,18:30,19:00,50.06,official_observed_reference,663abf13946126642a88858fb4f7a39630edfbcfe06043abbd5480469e60e538
2024-12-04,maximum,Morning,Generation,599,08:00,08:30,50.02,official_observed_reference,663abf13946126642a88858fb4f7a39630edfbcfe06043abbd5480469e60e538
2024-12-04,maximum,Morning,Consumption,3406,07:00,07:30,50.00,official_observed_reference,663abf13946126642a88858fb4f7a39630edfbcfe06043abbd5480469e60e538
2024-12-04,minimum,Night,Generation,89,04:00,04:30,50.04,official_observed_reference,663abf13946126642a88858fb4f7a39630edfbcfe06043abbd5480469e60e538
2024-12-04,minimum,Night,Consumption,2783,03:30,04:00,50.09,official_observed_reference,663abf13946126642a88858fb4f7a39630edfbcfe06043abbd5480469e60e538
2024-12-04,minimum,Day,Generation,204,05:30,06:00,50.09,official_observed_reference,663abf13946126642a88858fb4f7a39630edfbcfe06043abbd5480469e60e538
2024-12-04,minimum,Day,Consumption,3106,09:30,10:00,49.98,official_observed_reference,663abf13946126642a88858fb4f7a39630edfbcfe06043abbd5480469e60e538
2024-12-05,maximum,Day,Generation,1450,17:30,18:00,50.01,official_observed_reference,4844f651e710c8354a59134d87f1b8ad67f598156876fc061fa95144cd9a09d7
2024-12-05,maximum,Day,Consumption,3868,17:30,18:00,50.01,official_observed_reference,4844f651e710c8354a59134d87f1b8ad67f598156876fc061fa95144cd9a09d7
2024-12-05,maximum,Evening,Generation,1620,18:30,19:00,50.04,official_observed_reference,4844f651e710c8354a59134d87f1b8ad67f598156876fc061fa95144cd9a09d7
2024-12-05,maximum,Evening,Consumption,4251,18:30,19:00,50.04,official_observed_reference,4844f651e710c8354a59134d87f1b8ad67f598156876fc061fa95144cd9a09d7
2024-12-05,maximum,Morning,Generation,767,07:30,08:00,50.13,official_observed_reference,4844f651e710c8354a59134d87f1b8ad67f598156876fc061fa95144cd9a09d7
2024-12-05,maximum,Morning,Consumption,3432,07:00,07:30,50.02,official_observed_reference,4844f651e710c8354a59134d87f1b8ad67f598156876fc061fa95144cd9a09d7
2024-12-05,minimum,Night,Generation,139,03:30,04:00,50.01,official_observed_reference,4844f651e710c8354a59134d87f1b8ad67f598156876fc061fa95144cd9a09d7
2024-12-05,minimum,Night,Consumption,2806,03:30,04:00,50.01,official_observed_reference,4844f651e710c8354a59134d87f1b8ad67f598156876fc061fa95144cd9a09d7
2024-12-05,minimum,Day,Generation,244,11:00,11:30,50.01,official_observed_reference,4844f651e710c8354a59134d87f1b8ad67f598156876fc061fa95144cd9a09d7
2024-12-05,minimum,Day,Consumption,3099,11:00,11:30,50.01,official_observed_reference,4844f651e710c8354a59134d87f1b8ad67f598156876fc061fa95144cd9a09d7
2024-12-06,maximum,Day,Generation,1456,17:30,18:00,49.97,official_observed_reference,ff0e96e337bb941dc33915fc9901a7ec0e0b84782981139ac809eee2d8c81dbc
2024-12-06,maximum,Day,Consumption,3877,17:30,18:00,49.97,official_observed_reference,ff0e96e337bb941dc33915fc9901a7ec0e0b84782981139ac809eee2d8c81dbc
2024-12-06,maximum,Evening,Generation,1610,18:30,19:00,50.05,official_observed_reference,ff0e96e337bb941dc33915fc9901a7ec0e0b84782981139ac809eee2d8c81dbc
2024-12-06,maximum,Evening,Consumption,4332,18:30,19:00,50.05,official_observed_reference,ff0e96e337bb941dc33915fc9901a7ec0e0b84782981139ac809eee2d8c81dbc
2024-12-06,maximum,Morning,Generation,699,07:00,07:30,50.02,official_observed_reference,ff0e96e337bb941dc33915fc9901a7ec0e0b84782981139ac809eee2d8c81dbc
2024-12-06,maximum,Morning,Consumption,3364,07:00,07:30,50.02,official_observed_reference,ff0e96e337bb941dc33915fc9901a7ec0e0b84782981139ac809eee2d8c81dbc
2024-12-06,minimum,Night,Generation,190,05:00,05:30,50.00,official_observed_reference,ff0e96e337bb941dc33915fc9901a7ec0e0b84782981139ac809eee2d8c81dbc
2024-12-06,minimum,Night,Consumption,2911,04:30,05:00,50.05,official_observed_reference,ff0e96e337bb941dc33915fc9901a7ec0e0b84782981139ac809eee2d8c81dbc
2024-12-06,minimum,Day,Generation,226,05:30,06:00,50.09,official_observed_reference,ff0e96e337bb941dc33915fc9901a7ec0e0b84782981139ac809eee2d8c81dbc
2024-12-06,minimum,Day,Consumption,3074,09:00,09:30,50.02,official_observed_reference,ff0e96e337bb941dc33915fc9901a7ec0e0b84782981139ac809eee2d8c81dbc
2024-12-07,maximum,Day,Generation,1293,17:00,17:30,50.01,official_observed_reference,a7e7fbbc5caa36c1c3f5f8d328231f7bdaa24e5ff3ac02d94dddc884c793bb9c
2024-12-07,maximum,Day,Consumption,3828,16:30,17:00,50.08,official_observed_reference,a7e7fbbc5caa36c1c3f5f8d328231f7bdaa24e5ff3ac02d94dddc884c793bb9c
2024-12-07,maximum,Evening,Generation,1450,19:30,20:00,49.98,official_observed_reference,a7e7fbbc5caa36c1c3f5f8d328231f7bdaa24e5ff3ac02d94dddc884c793bb9c
2024-12-07,maximum,Evening,Consumption,4313,19:00,19:30,50.00,official_observed_reference,a7e7fbbc5caa36c1c3f5f8d328231f7bdaa24e5ff3ac02d94dddc884c793bb9c
2024-12-07,maximum,Morning,Generation,586,07:00,07:30,50.02,official_observed_reference,a7e7fbbc5caa36c1c3f5f8d328231f7bdaa24e5ff3ac02d94dddc884c793bb9c
2024-12-07,maximum,Morning,Consumption,3327,06:30,07:00,50.05,official_observed_reference,a7e7fbbc5caa36c1c3f5f8d328231f7bdaa24e5ff3ac02d94dddc884c793bb9c
2024-12-07,minimum,Night,Generation,197,04:00,04:30,50.05,official_observed_reference,a7e7fbbc5caa36c1c3f5f8d328231f7bdaa24e5ff3ac02d94dddc884c793bb9c
2024-12-07,minimum,Night,Consumption,3031,03:30,04:00,50.05,official_observed_reference,a7e7fbbc5caa36c1c3f5f8d328231f7bdaa24e5ff3ac02d94dddc884c793bb9c
2024-12-07,minimum,Day,Generation,257,05:30,06:00,50.06,official_observed_reference,a7e7fbbc5caa36c1c3f5f8d328231f7bdaa24e5ff3ac02d94dddc884c793bb9c
2024-12-07,minimum,Day,Consumption,3195,09:30,10:00,50.04,official_observed_reference,a7e7fbbc5caa36c1c3f5f8d328231f7bdaa24e5ff3ac02d94dddc884c793bb9c
2024-12-08,maximum,Day,Generation,978,17:30,18:00,50.08,official_observed_reference,19afffcec66bf16b4c9156d8891d3a6f34781c4a8cdd67f1e669d61e948dc2a4
2024-12-08,maximum,Day,Consumption,3388,17:30,18:00,50.08,official_observed_reference,19afffcec66bf16b4c9156d8891d3a6f34781c4a8cdd67f1e669d61e948dc2a4
2024-12-08,maximum,Evening,Generation,1307,18:30,19:00,50.03,official_observed_reference,19afffcec66bf16b4c9156d8891d3a6f34781c4a8cdd67f1e669d61e948dc2a4
2024-12-08,maximum,Evening,Consumption,3973,21:00,21:30,50.05,official_observed_reference,19afffcec66bf16b4c9156d8891d3a6f34781c4a8cdd67f1e669d61e948dc2a4
2024-12-08,maximum,Morning,Generation,638,07:00,07:30,49.98,official_observed_reference,19afffcec66bf16b4c9156d8891d3a6f34781c4a8cdd67f1e669d61e948dc2a4
2024-12-08,maximum,Morning,Consumption,3187,06:00,06:30,50.07,official_observed_reference,19afffcec66bf16b4c9156d8891d3a6f34781c4a8cdd67f1e669d61e948dc2a4
2024-12-08,minimum,Night,Generation,340,03:30,04:00,50.10,official_observed_reference,19afffcec66bf16b4c9156d8891d3a6f34781c4a8cdd67f1e669d61e948dc2a4
2024-12-08,minimum,Night,Consumption,3010,04:00,04:30,50.06,official_observed_reference,19afffcec66bf16b4c9156d8891d3a6f34781c4a8cdd67f1e669d61e948dc2a4
2024-12-08,minimum,Day,Generation,163,11:30,12:00,50.00,official_observed_reference,19afffcec66bf16b4c9156d8891d3a6f34781c4a8cdd67f1e669d61e948dc2a4
2024-12-08,minimum,Day,Consumption,2551,12:00,12:30,49.99,official_observed_reference,19afffcec66bf16b4c9156d8891d3a6f34781c4a8cdd67f1e669d61e948dc2a4
2024-12-09,maximum,Day,Generation,1586,17:30,18:00,50.05,official_observed_reference,d8b59f6452bd4454f0bd9b9131e643eb4eba7453cc4ffe38f9d832bb2f36ad20
2024-12-09,maximum,Day,Consumption,3957,17:30,18:00,50.05,official_observed_reference,d8b59f6452bd4454f0bd9b9131e643eb4eba7453cc4ffe38f9d832bb2f36ad20
2024-12-09,maximum,Evening,Generation,1644,19:00,19:30,50.04,official_observed_reference,d8b59f6452bd4454f0bd9b9131e643eb4eba7453cc4ffe38f9d832bb2f36ad20
2024-12-09,maximum,Evening,Consumption,4427,19:00,19:30,50.04,official_observed_reference,d8b59f6452bd4454f0bd9b9131e643eb4eba7453cc4ffe38f9d832bb2f36ad20
2024-12-09,maximum,Morning,Generation,463,07:00,07:30,49.97,official_observed_reference,d8b59f6452bd4454f0bd9b9131e643eb4eba7453cc4ffe38f9d832bb2f36ad20
2024-12-09,maximum,Morning,Consumption,3342,06:30,07:00,49.97,official_observed_reference,d8b59f6452bd4454f0bd9b9131e643eb4eba7453cc4ffe38f9d832bb2f36ad20
2024-12-09,minimum,Night,Generation,178,02:30,03:00,50.07,official_observed_reference,d8b59f6452bd4454f0bd9b9131e643eb4eba7453cc4ffe38f9d832bb2f36ad20
2024-12-09,minimum,Night,Consumption,2932,03:00,03:30,50.02,official_observed_reference,d8b59f6452bd4454f0bd9b9131e643eb4eba7453cc4ffe38f9d832bb2f36ad20
2024-12-09,minimum,Day,Generation,198,10:00,10:30,49.99,official_observed_reference,d8b59f6452bd4454f0bd9b9131e643eb4eba7453cc4ffe38f9d832bb2f36ad20
2024-12-09,minimum,Day,Consumption,3079,09:30,10:00,49.97,official_observed_reference,d8b59f6452bd4454f0bd9b9131e643eb4eba7453cc4ffe38f9d832bb2f36ad20
2024-12-10,maximum,Day,Generation,1590,17:30,18:00,50.08,official_observed_reference,ab419843817dcbb183c43f72f0024aa19a605f8031f4de8754ba547308d2b849
2024-12-10,maximum,Day,Consumption,4027,17:30,18:00,50.08,official_observed_reference,ab419843817dcbb183c43f72f0024aa19a605f8031f4de8754ba547308d2b849
2024-12-10,maximum,Evening,Generation,1638,18:30,19:00,50.12,official_observed_reference,ab419843817dcbb183c43f72f0024aa19a605f8031f4de8754ba547308d2b849
2024-12-10,maximum,Evening,Consumption,4428,18:30,19:00,50.12,official_observed_reference,ab419843817dcbb183c43f72f0024aa19a605f8031f4de8754ba547308d2b849
2024-12-10,maximum,Morning,Generation,491,08:30,09:00,50.03,official_observed_reference,ab419843817dcbb183c43f72f0024aa19a605f8031f4de8754ba547308d2b849
2024-12-10,maximum,Morning,Consumption,3455,06:30,07:00,49.93,official_observed_reference,ab419843817dcbb183c43f72f0024aa19a605f8031f4de8754ba547308d2b849
2024-12-10,minimum,Night,Generation,211,03:30,04:00,50.08,official_observed_reference,ab419843817dcbb183c43f72f0024aa19a605f8031f4de8754ba547308d2b849
2024-12-10,minimum,Night,Consumption,3044,03:00,03:30,50.05,official_observed_reference,ab419843817dcbb183c43f72f0024aa19a605f8031f4de8754ba547308d2b849
2024-12-10,minimum,Day,Generation,231,05:30,06:00,50.16,official_observed_reference,ab419843817dcbb183c43f72f0024aa19a605f8031f4de8754ba547308d2b849
2024-12-10,minimum,Day,Consumption,3194,09:00,09:30,50.03,official_observed_reference,ab419843817dcbb183c43f72f0024aa19a605f8031f4de8754ba547308d2b849
2024-12-11,maximum,Day,Generation,1456,17:00,17:30,50.02,official_observed_reference,2559366648e338b8f692c34ccb392bbb45b08c862a8dd7772949048037f8e9fd
2024-12-11,maximum,Day,Consumption,3991,17:30,18:00,50.06,official_observed_reference,2559366648e338b8f692c34ccb392bbb45b08c862a8dd7772949048037f8e9fd
2024-12-11,maximum,Evening,Generation,1601,18:30,19:00,50.03,official_observed_reference,2559366648e338b8f692c34ccb392bbb45b08c862a8dd7772949048037f8e9fd
2024-12-11,maximum,Evening,Consumption,4402,19:00,19:30,49.98,official_observed_reference,2559366648e338b8f692c34ccb392bbb45b08c862a8dd7772949048037f8e9fd
2024-12-11,maximum,Morning,Generation,484,08:00,08:30,50.02,official_observed_reference,2559366648e338b8f692c34ccb392bbb45b08c862a8dd7772949048037f8e9fd
2024-12-11,maximum,Morning,Consumption,3496,06:30,07:00,49.99,official_observed_reference,2559366648e338b8f692c34ccb392bbb45b08c862a8dd7772949048037f8e9fd
2024-12-11,minimum,Night,Generation,128,03:30,04:00,50.10,official_observed_reference,2559366648e338b8f692c34ccb392bbb45b08c862a8dd7772949048037f8e9fd
2024-12-11,minimum,Night,Consumption,3028,03:30,04:00,50.10,official_observed_reference,2559366648e338b8f692c34ccb392bbb45b08c862a8dd7772949048037f8e9fd
2024-12-11,minimum,Day,Generation,202,14:00,14:30,50.06,official_observed_reference,2559366648e338b8f692c34ccb392bbb45b08c862a8dd7772949048037f8e9fd
2024-12-11,minimum,Day,Consumption,3107,09:30,10:00,50.06,official_observed_reference,2559366648e338b8f692c34ccb392bbb45b08c862a8dd7772949048037f8e9fd
2024-12-12,maximum,Day,Generation,1473,17:30,18:00,49.97,official_observed_reference,d19c14b789d4b9372c62fa8ca672629bcc13b1267b9b76608cd032d210d81e0e
2024-12-12,maximum,Day,Consumption,3811,17:30,18:00,49.97,official_observed_reference,d19c14b789d4b9372c62fa8ca672629bcc13b1267b9b76608cd032d210d81e0e
2024-12-12,maximum,Evening,Generation,1558,18:30,19:00,50.09,official_observed_reference,d19c14b789d4b9372c62fa8ca672629bcc13b1267b9b76608cd032d210d81e0e
2024-12-12,maximum,Evening,Consumption,4245,18:30,19:00,50.09,official_observed_reference,d19c14b789d4b9372c62fa8ca672629bcc13b1267b9b76608cd032d210d81e0e
2024-12-12,maximum,Morning,Generation,958,07:30,08:00,50.07,official_observed_reference,d19c14b789d4b9372c62fa8ca672629bcc13b1267b9b76608cd032d210d81e0e
2024-12-12,maximum,Morning,Consumption,3528,07:00,07:30,50.05,official_observed_reference,d19c14b789d4b9372c62fa8ca672629bcc13b1267b9b76608cd032d210d81e0e
2024-12-12,minimum,Night,Generation,157,04:00,04:30,49.97,official_observed_reference,d19c14b789d4b9372c62fa8ca672629bcc13b1267b9b76608cd032d210d81e0e
2024-12-12,minimum,Night,Consumption,3095,03:00,03:30,50.02,official_observed_reference,d19c14b789d4b9372c62fa8ca672629bcc13b1267b9b76608cd032d210d81e0e
2024-12-12,minimum,Day,Generation,275,05:30,06:00,50.14,official_observed_reference,d19c14b789d4b9372c62fa8ca672629bcc13b1267b9b76608cd032d210d81e0e
2024-12-12,minimum,Day,Consumption,3391,13:00,13:30,50.03,official_observed_reference,d19c14b789d4b9372c62fa8ca672629bcc13b1267b9b76608cd032d210d81e0e
2024-12-13,maximum,Day,Generation,1376,17:30,18:00,50.05,official_observed_reference,3d5b2b0663a0670b14d44a89c209cf057fdcbf8d18b436854811681bb2d3713d
2024-12-13,maximum,Day,Consumption,3767,17:30,18:00,50.05,official_observed_reference,3d5b2b0663a0670b14d44a89c209cf057fdcbf8d18b436854811681bb2d3713d
2024-12-13,maximum,Evening,Generation,1473,18:00,18:30,50.04,official_observed_reference,3d5b2b0663a0670b14d44a89c209cf057fdcbf8d18b436854811681bb2d3713d
2024-12-13,maximum,Evening,Consumption,4087,18:30,19:00,50.04,official_observed_reference,3d5b2b0663a0670b14d44a89c209cf057fdcbf8d18b436854811681bb2d3713d
2024-12-13,maximum,Morning,Generation,474,08:30,09:00,50.05,official_observed_reference,3d5b2b0663a0670b14d44a89c209cf057fdcbf8d18b436854811681bb2d3713d
2024-12-13,maximum,Morning,Consumption,3417,07:00,07:30,49.99,official_observed_reference,3d5b2b0663a0670b14d44a89c209cf057fdcbf8d18b436854811681bb2d3713d
2024-12-13,minimum,Night,Generation,92,03:30,04:00,50.09,official_observed_reference,3d5b2b0663a0670b14d44a89c209cf057fdcbf8d18b436854811681bb2d3713d
2024-12-13,minimum,Night,Consumption,2835,03:30,04:00,50.09,official_observed_reference,3d5b2b0663a0670b14d44a89c209cf057fdcbf8d18b436854811681bb2d3713d
2024-12-13,minimum,Day,Generation,120,05:30,06:00,50.10,official_observed_reference,3d5b2b0663a0670b14d44a89c209cf057fdcbf8d18b436854811681bb2d3713d
2024-12-13,minimum,Day,Consumption,3260,12:30,13:00,50.17,official_observed_reference,3d5b2b0663a0670b14d44a89c209cf057fdcbf8d18b436854811681bb2d3713d
2024-12-14,maximum,Day,Generation,1273,17:30,18:00,50.02,official_observed_reference,75d759b2ffb822522ee5393972fb4095dfb124fe6e114ff20e9a64e7c563479b
2024-12-14,maximum,Day,Consumption,3592,17:30,18:00,50.02,official_observed_reference,75d759b2ffb822522ee5393972fb4095dfb124fe6e114ff20e9a64e7c563479b
2024-12-14,maximum,Evening,Generation,1560,18:30,19:00,50.06,official_observed_reference,75d759b2ffb822522ee5393972fb4095dfb124fe6e114ff20e9a64e7c563479b
2024-12-14,maximum,Evening,Consumption,4015,18:30,19:00,50.06,official_observed_reference,75d759b2ffb822522ee5393972fb4095dfb124fe6e114ff20e9a64e7c563479b
2024-12-14,maximum,Morning,Generation,579,07:30,08:00,50.04,official_observed_reference,75d759b2ffb822522ee5393972fb4095dfb124fe6e114ff20e9a64e7c563479b
2024-12-14,maximum,Morning,Consumption,3232,07:00,07:30,49.98,official_observed_reference,75d759b2ffb822522ee5393972fb4095dfb124fe6e114ff20e9a64e7c563479b
2024-12-14,minimum,Night,Generation,212,05:00,05:30,50.07,official_observed_reference,75d759b2ffb822522ee5393972fb4095dfb124fe6e114ff20e9a64e7c563479b
2024-12-14,minimum,Night,Consumption,2845,04:00,04:30,49.95,official_observed_reference,75d759b2ffb822522ee5393972fb4095dfb124fe6e114ff20e9a64e7c563479b
2024-12-14,minimum,Day,Generation,211,05:30,06:00,50.25,official_observed_reference,75d759b2ffb822522ee5393972fb4095dfb124fe6e114ff20e9a64e7c563479b
2024-12-14,minimum,Day,Consumption,3199,13:30,14:00,50.00,official_observed_reference,75d759b2ffb822522ee5393972fb4095dfb124fe6e114ff20e9a64e7c563479b
2024-12-15,maximum,Day,Generation,1017,17:30,18:00,50.05,official_observed_reference,48ae8f877f50ef4f523c6f588b0e012e199938394347544fa219d31092559de8
2024-12-15,maximum,Day,Consumption,3154,17:30,18:00,50.05,official_observed_reference,48ae8f877f50ef4f523c6f588b0e012e199938394347544fa219d31092559de8
2024-12-15,maximum,Evening,Generation,1321,18:30,19:00,50.06,official_observed_reference,48ae8f877f50ef4f523c6f588b0e012e199938394347544fa219d31092559de8
2024-12-15,maximum,Evening,Consumption,3743,19:00,19:30,49.99,official_observed_reference,48ae8f877f50ef4f523c6f588b0e012e199938394347544fa219d31092559de8
2024-12-15,maximum,Morning,Generation,627,07:30,08:00,50.08,official_observed_reference,48ae8f877f50ef4f523c6f588b0e012e199938394347544fa219d31092559de8
2024-12-15,maximum,Morning,Consumption,2903,06:00,06:30,50.12,official_observed_reference,48ae8f877f50ef4f523c6f588b0e012e199938394347544fa219d31092559de8
2024-12-15,minimum,Night,Generation,269,05:00,05:30,50.06,official_observed_reference,48ae8f877f50ef4f523c6f588b0e012e199938394347544fa219d31092559de8
2024-12-15,minimum,Night,Consumption,2695,03:30,04:00,50.06,official_observed_reference,48ae8f877f50ef4f523c6f588b0e012e199938394347544fa219d31092559de8
2024-12-15,minimum,Day,Generation,224,15:00,15:30,50.03,official_observed_reference,48ae8f877f50ef4f523c6f588b0e012e199938394347544fa219d31092559de8
2024-12-15,minimum,Day,Consumption,2278,11:30,12:00,49.94,official_observed_reference,48ae8f877f50ef4f523c6f588b0e012e199938394347544fa219d31092559de8
2024-12-17,maximum,Day,Generation,1474,17:30,18:00,50.05,official_observed_reference,ea748aa1a5d03069625993a541c0a6252ae739526428c1ed9049ea1fa2960a0f
2024-12-17,maximum,Day,Consumption,3793,17:30,18:00,50.05,official_observed_reference,ea748aa1a5d03069625993a541c0a6252ae739526428c1ed9049ea1fa2960a0f
2024-12-17,maximum,Evening,Generation,1647,18:30,19:00,50.09,official_observed_reference,ea748aa1a5d03069625993a541c0a6252ae739526428c1ed9049ea1fa2960a0f
2024-12-17,maximum,Evening,Consumption,4234,19:00,19:30,50.09,official_observed_reference,ea748aa1a5d03069625993a541c0a6252ae739526428c1ed9049ea1fa2960a0f
2024-12-17,maximum,Morning,Generation,856,07:30,08:00,50.04,official_observed_reference,ea748aa1a5d03069625993a541c0a6252ae739526428c1ed9049ea1fa2960a0f
2024-12-17,maximum,Morning,Consumption,3267,06:30,07:00,49.73,official_observed_reference,ea748aa1a5d03069625993a541c0a6252ae739526428c1ed9049ea1fa2960a0f
2024-12-17,minimum,Night,Generation,262,01:00,01:30,50.01,official_observed_reference,ea748aa1a5d03069625993a541c0a6252ae739526428c1ed9049ea1fa2960a0f
2024-12-17,minimum,Night,Consumption,2827,04:30,05:00,50.06,official_observed_reference,ea748aa1a5d03069625993a541c0a6252ae739526428c1ed9049ea1fa2960a0f
2024-12-17,minimum,Day,Generation,276,13:30,14:00,50.08,official_observed_reference,ea748aa1a5d03069625993a541c0a6252ae739526428c1ed9049ea1fa2960a0f
2024-12-17,minimum,Day,Consumption,2985,09:30,10:00,50.02,official_observed_reference,ea748aa1a5d03069625993a541c0a6252ae739526428c1ed9049ea1fa2960a0f
2024-12-18,maximum,Day,Generation,1548,17:30,18:00,50.05,official_observed_reference,a3dc5769d3ed33cb69cd8c8b525625f49ad2fd55e5e5659411fd7cbfc1c341db
2024-12-18,maximum,Day,Consumption,3804,17:30,18:00,50.05,official_observed_reference,a3dc5769d3ed33cb69cd8c8b525625f49ad2fd55e5e5659411fd7cbfc1c341db
2024-12-18,maximum,Evening,Generation,1621,19:00,19:30,50.06,official_observed_reference,a3dc5769d3ed33cb69cd8c8b525625f49ad2fd55e5e5659411fd7cbfc1c341db
2024-12-18,maximum,Evening,Consumption,4291,19:00,19:30,50.06,official_observed_reference,a3dc5769d3ed33cb69cd8c8b525625f49ad2fd55e5e5659411fd7cbfc1c341db
2024-12-18,maximum,Morning,Generation,1014,08:00,08:30,50.06,official_observed_reference,a3dc5769d3ed33cb69cd8c8b525625f49ad2fd55e5e5659411fd7cbfc1c341db
2024-12-18,maximum,Morning,Consumption,3351,07:00,07:30,49.92,official_observed_reference,a3dc5769d3ed33cb69cd8c8b525625f49ad2fd55e5e5659411fd7cbfc1c341db
2024-12-18,minimum,Night,Generation,230,01:00,01:30,49.93,official_observed_reference,a3dc5769d3ed33cb69cd8c8b525625f49ad2fd55e5e5659411fd7cbfc1c341db
2024-12-18,minimum,Night,Consumption,2877,04:00,04:30,50.01,official_observed_reference,a3dc5769d3ed33cb69cd8c8b525625f49ad2fd55e5e5659411fd7cbfc1c341db
2024-12-18,minimum,Day,Generation,258,05:30,06:00,50.12,official_observed_reference,a3dc5769d3ed33cb69cd8c8b525625f49ad2fd55e5e5659411fd7cbfc1c341db
2024-12-18,minimum,Day,Consumption,3038,11:30,12:00,50.06,official_observed_reference,a3dc5769d3ed33cb69cd8c8b525625f49ad2fd55e5e5659411fd7cbfc1c341db
2024-12-19,maximum,Day,Generation,1594,17:30,18:00,50.04,official_observed_reference,9e381d406886df95d1581af7192d32ff17c656af78f9e5efda0bc648fbf2aa87
2024-12-19,maximum,Day,Consumption,3889,17:00,17:30,50.06,official_observed_reference,9e381d406886df95d1581af7192d32ff17c656af78f9e5efda0bc648fbf2aa87
2024-12-19,maximum,Evening,Generation,1620,18:00,18:30,50.07,official_observed_reference,9e381d406886df95d1581af7192d32ff17c656af78f9e5efda0bc648fbf2aa87
2024-12-19,maximum,Evening,Consumption,4384,18:30,19:00,50.03,official_observed_reference,9e381d406886df95d1581af7192d32ff17c656af78f9e5efda0bc648fbf2aa87
2024-12-19,maximum,Morning,Generation,1598,08:00,08:30,50.05,official_observed_reference,9e381d406886df95d1581af7192d32ff17c656af78f9e5efda0bc648fbf2aa87
2024-12-19,maximum,Morning,Consumption,3396,07:00,07:30,49.86,official_observed_reference,9e381d406886df95d1581af7192d32ff17c656af78f9e5efda0bc648fbf2aa87
2024-12-19,minimum,Night,Generation,234,02:30,03:00,50.05,official_observed_reference,9e381d406886df95d1581af7192d32ff17c656af78f9e5efda0bc648fbf2aa87
2024-12-19,minimum,Night,Consumption,2927,04:00,04:30,50.06,official_observed_reference,9e381d406886df95d1581af7192d32ff17c656af78f9e5efda0bc648fbf2aa87
2024-12-19,minimum,Day,Generation,327,05:30,06:00,50.06,official_observed_reference,9e381d406886df95d1581af7192d32ff17c656af78f9e5efda0bc648fbf2aa87
2024-12-19,minimum,Day,Consumption,3017,11:00,11:30,50.03,official_observed_reference,9e381d406886df95d1581af7192d32ff17c656af78f9e5efda0bc648fbf2aa87
2024-12-20,maximum,Day,Generation,1596,17:30,18:00,50.08,official_observed_reference,e036e3883a9673b2a193140833c911980477eac4ae5a8c56c5682c32fec3e1da
2024-12-20,maximum,Day,Consumption,3921,16:30,17:00,50.06,official_observed_reference,e036e3883a9673b2a193140833c911980477eac4ae5a8c56c5682c32fec3e1da
2024-12-20,maximum,Evening,Generation,1616,18:00,18:30,50.02,official_observed_reference,e036e3883a9673b2a193140833c911980477eac4ae5a8c56c5682c32fec3e1da
2024-12-20,maximum,Evening,Consumption,4331,19:00,19:30,50.02,official_observed_reference,e036e3883a9673b2a193140833c911980477eac4ae5a8c56c5682c32fec3e1da
2024-12-20,maximum,Morning,Generation,1567,08:00,08:30,49.97,official_observed_reference,e036e3883a9673b2a193140833c911980477eac4ae5a8c56c5682c32fec3e1da
2024-12-20,maximum,Morning,Consumption,3464,07:00,07:30,50.01,official_observed_reference,e036e3883a9673b2a193140833c911980477eac4ae5a8c56c5682c32fec3e1da
2024-12-20,minimum,Night,Generation,195,02:00,02:30,49.99,official_observed_reference,e036e3883a9673b2a193140833c911980477eac4ae5a8c56c5682c32fec3e1da
2024-12-20,minimum,Night,Consumption,3011,04:00,04:30,49.99,official_observed_reference,e036e3883a9673b2a193140833c911980477eac4ae5a8c56c5682c32fec3e1da
2024-12-20,minimum,Day,Generation,429,05:30,06:00,50.13,official_observed_reference,e036e3883a9673b2a193140833c911980477eac4ae5a8c56c5682c32fec3e1da
2024-12-20,minimum,Day,Consumption,3214,09:30,10:00,49.98,official_observed_reference,e036e3883a9673b2a193140833c911980477eac4ae5a8c56c5682c32fec3e1da
2024-12-21,maximum,Day,Generation,1443,17:30,18:00,49.98,official_observed_reference,7950d545da37326a359fda7883002d028d74bd5c99d8974aec5ce848ff61955e
2024-12-21,maximum,Day,Consumption,3786,17:30,18:00,49.98,official_observed_reference,7950d545da37326a359fda7883002d028d74bd5c99d8974aec5ce848ff61955e
2024-12-21,maximum,Evening,Generation,1612,18:30,19:00,50.03,official_observed_reference,7950d545da37326a359fda7883002d028d74bd5c99d8974aec5ce848ff61955e
2024-12-21,maximum,Evening,Consumption,4333,18:30,19:00,50.03,official_observed_reference,7950d545da37326a359fda7883002d028d74bd5c99d8974aec5ce848ff61955e
2024-12-21,maximum,Morning,Generation,1464,08:00,08:30,49.97,official_observed_reference,7950d545da37326a359fda7883002d028d74bd5c99d8974aec5ce848ff61955e
2024-12-21,maximum,Morning,Consumption,3430,07:00,07:30,50.07,official_observed_reference,7950d545da37326a359fda7883002d028d74bd5c99d8974aec5ce848ff61955e
2024-12-21,minimum,Night,Generation,187,01:30,02:00,50.10,official_observed_reference,7950d545da37326a359fda7883002d028d74bd5c99d8974aec5ce848ff61955e
2024-12-21,minimum,Night,Consumption,3091,04:30,05:00,50.06,official_observed_reference,7950d545da37326a359fda7883002d028d74bd5c99d8974aec5ce848ff61955e
2024-12-21,minimum,Day,Generation,188,05:30,06:00,50.09,official_observed_reference,7950d545da37326a359fda7883002d028d74bd5c99d8974aec5ce848ff61955e
2024-12-21,minimum,Day,Consumption,3250,13:30,14:00,50.05,official_observed_reference,7950d545da37326a359fda7883002d028d74bd5c99d8974aec5ce848ff61955e
2024-12-22,maximum,Day,Generation,1022,17:30,18:00,50.06,official_observed_reference,5f1dde8cb2399386348b2182ed47b94b47cdc1b8ca09088c1c8afd7980d8a58d
2024-12-22,maximum,Day,Consumption,3297,17:30,18:00,50.06,official_observed_reference,5f1dde8cb2399386348b2182ed47b94b47cdc1b8ca09088c1c8afd7980d8a58d
2024-12-22,maximum,Evening,Generation,1139,19:00,19:30,50.03,official_observed_reference,5f1dde8cb2399386348b2182ed47b94b47cdc1b8ca09088c1c8afd7980d8a58d
2024-12-22,maximum,Evening,Consumption,3873,18:30,19:00,50.04,official_observed_reference,5f1dde8cb2399386348b2182ed47b94b47cdc1b8ca09088c1c8afd7980d8a58d
2024-12-22,maximum,Morning,Generation,921,07:30,08:00,50.03,official_observed_reference,5f1dde8cb2399386348b2182ed47b94b47cdc1b8ca09088c1c8afd7980d8a58d
2024-12-22,maximum,Morning,Consumption,3208,06:30,07:00,50.06,official_observed_reference,5f1dde8cb2399386348b2182ed47b94b47cdc1b8ca09088c1c8afd7980d8a58d
2024-12-22,minimum,Night,Generation,140,01:30,02:00,50.02,official_observed_reference,5f1dde8cb2399386348b2182ed47b94b47cdc1b8ca09088c1c8afd7980d8a58d
2024-12-22,minimum,Night,Consumption,3059,04:30,05:00,50.05,official_observed_reference,5f1dde8cb2399386348b2182ed47b94b47cdc1b8ca09088c1c8afd7980d8a58d
2024-12-22,minimum,Day,Generation,165,06:00,06:30,50.10,official_observed_reference,5f1dde8cb2399386348b2182ed47b94b47cdc1b8ca09088c1c8afd7980d8a58d
2024-12-22,minimum,Day,Consumption,2538,11:00,11:30,50.05,official_observed_reference,5f1dde8cb2399386348b2182ed47b94b47cdc1b8ca09088c1c8afd7980d8a58d
2024-12-23,maximum,Day,Generation,1564,17:30,18:00,50.07,official_observed_reference,2ab0bbbcaf92e7b1e094ddee90aa80e64a62620feec37b45c0eb6e0b7e2e4204
2024-12-23,maximum,Day,Consumption,3840,17:30,18:00,50.07,official_observed_reference,2ab0bbbcaf92e7b1e094ddee90aa80e64a62620feec37b45c0eb6e0b7e2e4204
2024-12-23,maximum,Evening,Generation,1587,18:30,19:00,50.12,official_observed_reference,2ab0bbbcaf92e7b1e094ddee90aa80e64a62620feec37b45c0eb6e0b7e2e4204
2024-12-23,maximum,Evening,Consumption,4225,19:00,19:30,50.02,official_observed_reference,2ab0bbbcaf92e7b1e094ddee90aa80e64a62620feec37b45c0eb6e0b7e2e4204
2024-12-23,maximum,Morning,Generation,918,08:30,09:00,50.01,official_observed_reference,2ab0bbbcaf92e7b1e094ddee90aa80e64a62620feec37b45c0eb6e0b7e2e4204
2024-12-23,maximum,Morning,Consumption,3254,07:00,07:30,49.96,official_observed_reference,2ab0bbbcaf92e7b1e094ddee90aa80e64a62620feec37b45c0eb6e0b7e2e4204
2024-12-23,minimum,Night,Generation,214,03:30,04:00,50.11,official_observed_reference,2ab0bbbcaf92e7b1e094ddee90aa80e64a62620feec37b45c0eb6e0b7e2e4204
2024-12-23,minimum,Night,Consumption,2877,03:30,04:00,50.11,official_observed_reference,2ab0bbbcaf92e7b1e094ddee90aa80e64a62620feec37b45c0eb6e0b7e2e4204
2024-12-23,minimum,Day,Generation,233,05:30,06:00,50.11,official_observed_reference,2ab0bbbcaf92e7b1e094ddee90aa80e64a62620feec37b45c0eb6e0b7e2e4204
2024-12-23,minimum,Day,Consumption,3084,09:00,09:30,49.87,official_observed_reference,2ab0bbbcaf92e7b1e094ddee90aa80e64a62620feec37b45c0eb6e0b7e2e4204
2024-12-24,maximum,Day,Generation,1587,17:30,18:00,50.01,official_observed_reference,9e59e4f715e013093625d5d40d36992f0d4a3bc0f95155ad1a14fe0936d725ee
2024-12-24,maximum,Day,Consumption,3688,17:00,17:30,50.06,official_observed_reference,9e59e4f715e013093625d5d40d36992f0d4a3bc0f95155ad1a14fe0936d725ee
2024-12-24,maximum,Evening,Generation,1639,18:30,19:00,50.06,official_observed_reference,9e59e4f715e013093625d5d40d36992f0d4a3bc0f95155ad1a14fe0936d725ee
2024-12-24,maximum,Evening,Consumption,4225,18:30,19:00,50.06,official_observed_reference,9e59e4f715e013093625d5d40d36992f0d4a3bc0f95155ad1a14fe0936d725ee
2024-12-24,maximum,Morning,Generation,910,08:30,09:00,50.05,official_observed_reference,9e59e4f715e013093625d5d40d36992f0d4a3bc0f95155ad1a14fe0936d725ee
2024-12-24,maximum,Morning,Consumption,3203,06:30,07:00,50.06,official_observed_reference,9e59e4f715e013093625d5d40d36992f0d4a3bc0f95155ad1a14fe0936d725ee
2024-12-24,minimum,Night,Generation,205,04:00,04:30,50.04,official_observed_reference,9e59e4f715e013093625d5d40d36992f0d4a3bc0f95155ad1a14fe0936d725ee
2024-12-24,minimum,Night,Consumption,2907,03:00,03:30,50.02,official_observed_reference,9e59e4f715e013093625d5d40d36992f0d4a3bc0f95155ad1a14fe0936d725ee
2024-12-24,minimum,Day,Generation,286,14:30,15:00,49.98,official_observed_reference,9e59e4f715e013093625d5d40d36992f0d4a3bc0f95155ad1a14fe0936d725ee
2024-12-24,minimum,Day,Consumption,3108,09:00,09:30,50.03,official_observed_reference,9e59e4f715e013093625d5d40d36992f0d4a3bc0f95155ad1a14fe0936d725ee
2024-12-25,maximum,Day,Generation,1536,17:30,18:00,50,official_observed_reference,e6b7afe698c6f039cfc662eec6062adef927ee02cd99dffe181fa235e7dd8603
2024-12-25,maximum,Day,Consumption,3300,17:30,18:00,50.00,official_observed_reference,e6b7afe698c6f039cfc662eec6062adef927ee02cd99dffe181fa235e7dd8603
2024-12-25,maximum,Evening,Generation,1559,18:00,18:30,49.99,official_observed_reference,e6b7afe698c6f039cfc662eec6062adef927ee02cd99dffe181fa235e7dd8603
2024-12-25,maximum,Evening,Consumption,3797,18:30,19:00,49.94,official_observed_reference,e6b7afe698c6f039cfc662eec6062adef927ee02cd99dffe181fa235e7dd8603
2024-12-25,maximum,Morning,Generation,700,08:30,09:00,50.06,official_observed_reference,e6b7afe698c6f039cfc662eec6062adef927ee02cd99dffe181fa235e7dd8603
2024-12-25,maximum,Morning,Consumption,2974,05:30,06:00,50.14,official_observed_reference,e6b7afe698c6f039cfc662eec6062adef927ee02cd99dffe181fa235e7dd8603
2024-12-25,minimum,Night,Generation,193,04:00,04:30,50.07,official_observed_reference,e6b7afe698c6f039cfc662eec6062adef927ee02cd99dffe181fa235e7dd8603
2024-12-25,minimum,Night,Consumption,2809,03:30,04:00,50.06,official_observed_reference,e6b7afe698c6f039cfc662eec6062adef927ee02cd99dffe181fa235e7dd8603
2024-12-25,minimum,Day,Generation,217,15:00,15:30,50.01,official_observed_reference,e6b7afe698c6f039cfc662eec6062adef927ee02cd99dffe181fa235e7dd8603
2024-12-25,minimum,Day,Consumption,2593,10:30,11:00,50.06,official_observed_reference,e6b7afe698c6f039cfc662eec6062adef927ee02cd99dffe181fa235e7dd8603
2024-12-26,maximum,Day,Generation,1492,17:30,18:00,50.09,official_observed_reference,11af0eccc8ac8a6a1eb99164d893811bc6e1d8eb4cd3c88c0d82517ffc030bdd
2024-12-26,maximum,Day,Consumption,3768,17:30,18:00,50.09,official_observed_reference,11af0eccc8ac8a6a1eb99164d893811bc6e1d8eb4cd3c88c0d82517ffc030bdd
2024-12-26,maximum,Evening,Generation,1492,17:30,18:00,50.09,official_observed_reference,11af0eccc8ac8a6a1eb99164d893811bc6e1d8eb4cd3c88c0d82517ffc030bdd
2024-12-26,maximum,Evening,Consumption,4113,19:00,19:30,50.04,official_observed_reference,11af0eccc8ac8a6a1eb99164d893811bc6e1d8eb4cd3c88c0d82517ffc030bdd
2024-12-26,maximum,Morning,Generation,953,08:30,09:00,49.99,official_observed_reference,11af0eccc8ac8a6a1eb99164d893811bc6e1d8eb4cd3c88c0d82517ffc030bdd
2024-12-26,maximum,Morning,Consumption,3141,08:30,09:00,49.99,official_observed_reference,11af0eccc8ac8a6a1eb99164d893811bc6e1d8eb4cd3c88c0d82517ffc030bdd
2024-12-26,minimum,Night,Generation,148,04:00,04:30,50.05,official_observed_reference,11af0eccc8ac8a6a1eb99164d893811bc6e1d8eb4cd3c88c0d82517ffc030bdd
2024-12-26,minimum,Night,Consumption,2760,03:00,03:30,49.97,official_observed_reference,11af0eccc8ac8a6a1eb99164d893811bc6e1d8eb4cd3c88c0d82517ffc030bdd
2024-12-26,minimum,Day,Generation,174,05:30,06:00,50.13,official_observed_reference,11af0eccc8ac8a6a1eb99164d893811bc6e1d8eb4cd3c88c0d82517ffc030bdd
2024-12-26,minimum,Day,Consumption,3073,09:00,09:30,49.86,official_observed_reference,11af0eccc8ac8a6a1eb99164d893811bc6e1d8eb4cd3c88c0d82517ffc030bdd
2024-12-27,maximum,Day,Generation,1304,17:30,18:00,50.14,official_observed_reference,9b39eff121fc9cf8dbe3dfdacabf794f1cc007169df4d7ff13633f72c6e3a4ab
2024-12-27,maximum,Day,Consumption,3908,17:30,18:00,50.14,official_observed_reference,9b39eff121fc9cf8dbe3dfdacabf794f1cc007169df4d7ff13633f72c6e3a4ab
2024-12-27,maximum,Evening,Generation,1306,19:00,19:30,50.04,official_observed_reference,9b39eff121fc9cf8dbe3dfdacabf794f1cc007169df4d7ff13633f72c6e3a4ab
2024-12-27,maximum,Evening,Consumption,4385,18:30,19:00,50.08,official_observed_reference,9b39eff121fc9cf8dbe3dfdacabf794f1cc007169df4d7ff13633f72c6e3a4ab
2024-12-27,maximum,Morning,Generation,878,08:00,08:30,50.06,official_observed_reference,9b39eff121fc9cf8dbe3dfdacabf794f1cc007169df4d7ff13633f72c6e3a4ab
2024-12-27,maximum,Morning,Consumption,3341,07:00,07:30,50.07,official_observed_reference,9b39eff121fc9cf8dbe3dfdacabf794f1cc007169df4d7ff13633f72c6e3a4ab
2024-12-27,minimum,Night,Generation,106,04:00,04:30,50.07,official_observed_reference,9b39eff121fc9cf8dbe3dfdacabf794f1cc007169df4d7ff13633f72c6e3a4ab
2024-12-27,minimum,Night,Consumption,2993,03:00,03:30,50.00,official_observed_reference,9b39eff121fc9cf8dbe3dfdacabf794f1cc007169df4d7ff13633f72c6e3a4ab
2024-12-27,minimum,Day,Generation,151,05:30,06:00,50.22,official_observed_reference,9b39eff121fc9cf8dbe3dfdacabf794f1cc007169df4d7ff13633f72c6e3a4ab
2024-12-27,minimum,Day,Consumption,3244,09:00,09:30,50.02,official_observed_reference,9b39eff121fc9cf8dbe3dfdacabf794f1cc007169df4d7ff13633f72c6e3a4ab
2024-12-28,maximum,Day,Generation,919,17:30,18:00,50.07,official_observed_reference,9bb07579b5162668f32f353aab72188fa99e5ce274854fcc386051537c903a0e
2024-12-28,maximum,Day,Consumption,3814,17:30,18:00,50.07,official_observed_reference,9bb07579b5162668f32f353aab72188fa99e5ce274854fcc386051537c903a0e
2024-12-28,maximum,Evening,Generation,1311,18:30,19:00,50.04,official_observed_reference,9bb07579b5162668f32f353aab72188fa99e5ce274854fcc386051537c903a0e
2024-12-28,maximum,Evening,Consumption,4287,18:30,19:00,50.04,official_observed_reference,9bb07579b5162668f32f353aab72188fa99e5ce274854fcc386051537c903a0e
2024-12-28,maximum,Morning,Generation,244,08:30,09:00,50.02,official_observed_reference,9bb07579b5162668f32f353aab72188fa99e5ce274854fcc386051537c903a0e
2024-12-28,maximum,Morning,Consumption,3383,07:00,07:30,49.96,official_observed_reference,9bb07579b5162668f32f353aab72188fa99e5ce274854fcc386051537c903a0e
2024-12-28,minimum,Night,Generation,127,05:00,05:30,50.05,official_observed_reference,9bb07579b5162668f32f353aab72188fa99e5ce274854fcc386051537c903a0e
2024-12-28,minimum,Night,Consumption,3103,04:30,05:00,50.08,official_observed_reference,9bb07579b5162668f32f353aab72188fa99e5ce274854fcc386051537c903a0e
2024-12-28,minimum,Day,Generation,118,05:30,06:00,50.12,official_observed_reference,9bb07579b5162668f32f353aab72188fa99e5ce274854fcc386051537c903a0e
2024-12-28,minimum,Day,Consumption,3045,13:00,13:30,50.03,official_observed_reference,9bb07579b5162668f32f353aab72188fa99e5ce274854fcc386051537c903a0e
2024-12-29,maximum,Day,Generation,705,17:00,17:30,50.07,official_observed_reference,720820c5e06ebfea30c58f00fe35ed900e8664b395906e444f362b91e81e4fd4
2024-12-29,maximum,Day,Consumption,3358,17:30,18:00,50.03,official_observed_reference,720820c5e06ebfea30c58f00fe35ed900e8664b395906e444f362b91e81e4fd4
2024-12-29,maximum,Evening,Generation,1132,19:00,19:30,50.02,official_observed_reference,720820c5e06ebfea30c58f00fe35ed900e8664b395906e444f362b91e81e4fd4
2024-12-29,maximum,Evening,Consumption,4000,21:00,21:30,49.96,official_observed_reference,720820c5e06ebfea30c58f00fe35ed900e8664b395906e444f362b91e81e4fd4
2024-12-29,maximum,Morning,Generation,181,08:30,09:00,50.09,official_observed_reference,720820c5e06ebfea30c58f00fe35ed900e8664b395906e444f362b91e81e4fd4
2024-12-29,maximum,Morning,Consumption,3174,07:00,07:30,50.05,official_observed_reference,720820c5e06ebfea30c58f00fe35ed900e8664b395906e444f362b91e81e4fd4
2024-12-29,minimum,Night,Generation,70,04:00,04:30,50.10,official_observed_reference,720820c5e06ebfea30c58f00fe35ed900e8664b395906e444f362b91e81e4fd4
2024-12-29,minimum,Night,Consumption,3059,05:00,05:30,49.98,official_observed_reference,720820c5e06ebfea30c58f00fe35ed900e8664b395906e444f362b91e81e4fd4
2024-12-29,minimum,Day,Generation,98,05:30,06:00,50.10,official_observed_reference,720820c5e06ebfea30c58f00fe35ed900e8664b395906e444f362b91e81e4fd4
2024-12-29,minimum,Day,Consumption,2596,11:00,11:30,50.04,official_observed_reference,720820c5e06ebfea30c58f00fe35ed900e8664b395906e444f362b91e81e4fd4
2024-12-30,maximum,Day,Generation,1371,17:30,18:00,50.09,official_observed_reference,01aac2ee2d3eb6a89ac68b4cfcb81455d1dfe2c1115722b27933ac4969275115
2024-12-30,maximum,Day,Consumption,3974,16:30,17:00,49.97,official_observed_reference,01aac2ee2d3eb6a89ac68b4cfcb81455d1dfe2c1115722b27933ac4969275115
2024-12-30,maximum,Evening,Generation,1410,20:00,20:30,49.95,official_observed_reference,01aac2ee2d3eb6a89ac68b4cfcb81455d1dfe2c1115722b27933ac4969275115
2024-12-30,maximum,Evening,Consumption,4478,19:00,19:30,50.05,official_observed_reference,01aac2ee2d3eb6a89ac68b4cfcb81455d1dfe2c1115722b27933ac4969275115
2024-12-30,maximum,Morning,Generation,1136,08:30,09:00,50.06,official_observed_reference,01aac2ee2d3eb6a89ac68b4cfcb81455d1dfe2c1115722b27933ac4969275115
2024-12-30,maximum,Morning,Consumption,3473,07:00,07:30,50.04,official_observed_reference,01aac2ee2d3eb6a89ac68b4cfcb81455d1dfe2c1115722b27933ac4969275115
2024-12-30,minimum,Night,Generation,93,02:00,02:30,49.95,official_observed_reference,01aac2ee2d3eb6a89ac68b4cfcb81455d1dfe2c1115722b27933ac4969275115
2024-12-30,minimum,Night,Consumption,3001,03:30,04:00,49.97,official_observed_reference,01aac2ee2d3eb6a89ac68b4cfcb81455d1dfe2c1115722b27933ac4969275115
2024-12-30,minimum,Day,Generation,162,05:30,06:00,50.10,official_observed_reference,01aac2ee2d3eb6a89ac68b4cfcb81455d1dfe2c1115722b27933ac4969275115
2024-12-30,minimum,Day,Consumption,3304,10:30,11:00,50.08,official_observed_reference,01aac2ee2d3eb6a89ac68b4cfcb81455d1dfe2c1115722b27933ac4969275115
2024-12-31,maximum,Day,Generation,1308,17:30,18:00,50.03,official_observed_reference,de33ded413ae5b1a46dfa12eaf967faccc0caffa8bc0da33263daa50a4c1c064
2024-12-31,maximum,Day,Consumption,4006,17:30,18:00,50.03,official_observed_reference,de33ded413ae5b1a46dfa12eaf967faccc0caffa8bc0da33263daa50a4c1c064
2024-12-31,maximum,Evening,Generation,1412,18:30,19:00,50.07,official_observed_reference,de33ded413ae5b1a46dfa12eaf967faccc0caffa8bc0da33263daa50a4c1c064
2024-12-31,maximum,Evening,Consumption,4423,19:00,19:30,50.06,official_observed_reference,de33ded413ae5b1a46dfa12eaf967faccc0caffa8bc0da33263daa50a4c1c064
2024-12-31,maximum,Morning,Generation,992,08:00,08:30,50.08,official_observed_reference,de33ded413ae5b1a46dfa12eaf967faccc0caffa8bc0da33263daa50a4c1c064
2024-12-31,maximum,Morning,Consumption,3478,07:00,07:30,50.00,official_observed_reference,de33ded413ae5b1a46dfa12eaf967faccc0caffa8bc0da33263daa50a4c1c064
2024-12-31,minimum,Night,Generation,106,03:30,04:00,50.22,official_observed_reference,de33ded413ae5b1a46dfa12eaf967faccc0caffa8bc0da33263daa50a4c1c064
2024-12-31,minimum,Night,Consumption,3140,05:00,05:30,50.02,official_observed_reference,de33ded413ae5b1a46dfa12eaf967faccc0caffa8bc0da33263daa50a4c1c064
2024-12-31,minimum,Day,Generation,157,05:30,06:00,50.01,official_observed_reference,de33ded413ae5b1a46dfa12eaf967faccc0caffa8bc0da33263daa50a4c1c064
2024-12-31,minimum,Day,Consumption,3214,13:00,13:30,50.14,official_observed_reference,de33ded413ae5b1a46dfa12eaf967faccc0caffa8bc0da33263daa50a4c1c064
2025-01-01,maximum,Day,Generation,1236,17:30,18:00,50.15,official_observed_reference,7f9892a6ed4c8a3a4207ee83fc4cea83aef7185dd7bdf1e74fa5d2034eab9280
2025-01-01,maximum,Day,Consumption,3953,17:30,18:00,50.15,official_observed_reference,7f9892a6ed4c8a3a4207ee83fc4cea83aef7185dd7bdf1e74fa5d2034eab9280
2025-01-01,maximum,Evening,Generation,1305,19:00,19:30,49.87,official_observed_reference,7f9892a6ed4c8a3a4207ee83fc4cea83aef7185dd7bdf1e74fa5d2034eab9280
2025-01-01,maximum,Evening,Consumption,4226,19:00,19:30,49.87,official_observed_reference,7f9892a6ed4c8a3a4207ee83fc4cea83aef7185dd7bdf1e74fa5d2034eab9280
2025-01-01,maximum,Morning,Generation,526,07:30,08:00,50.06,official_observed_reference,7f9892a6ed4c8a3a4207ee83fc4cea83aef7185dd7bdf1e74fa5d2034eab9280
2025-01-01,maximum,Morning,Consumption,3426,07:00,07:30,50.02,official_observed_reference,7f9892a6ed4c8a3a4207ee83fc4cea83aef7185dd7bdf1e74fa5d2034eab9280
2025-01-01,minimum,Night,Generation,116,03:30,04:00,50.01,official_observed_reference,7f9892a6ed4c8a3a4207ee83fc4cea83aef7185dd7bdf1e74fa5d2034eab9280
2025-01-01,minimum,Night,Consumption,3011,04:30,05:00,50.00,official_observed_reference,7f9892a6ed4c8a3a4207ee83fc4cea83aef7185dd7bdf1e74fa5d2034eab9280
2025-01-01,minimum,Day,Generation,128,06:00,06:30,50.07,official_observed_reference,7f9892a6ed4c8a3a4207ee83fc4cea83aef7185dd7bdf1e74fa5d2034eab9280
2025-01-01,minimum,Day,Consumption,2988,11:00,11:30,50.01,official_observed_reference,7f9892a6ed4c8a3a4207ee83fc4cea83aef7185dd7bdf1e74fa5d2034eab9280
2025-01-02,maximum,Day,Generation,1453,17:30,18:00,50.07,official_observed_reference,bb9b2fb267d051f9932a4c01abbd2d2e57169329f5674389cd036ee0add5dd8d
2025-01-02,maximum,Day,Consumption,3856,17:30,18:00,50.07,official_observed_reference,bb9b2fb267d051f9932a4c01abbd2d2e57169329f5674389cd036ee0add5dd8d
2025-01-02,maximum,Evening,Generation,1473,19:00,19:30,50.02,official_observed_reference,bb9b2fb267d051f9932a4c01abbd2d2e57169329f5674389cd036ee0add5dd8d
2025-01-02,maximum,Evening,Consumption,4225,18:30,19:00,50.03,official_observed_reference,bb9b2fb267d051f9932a4c01abbd2d2e57169329f5674389cd036ee0add5dd8d
2025-01-02,maximum,Morning,Generation,744,08:00,08:30,50.05,official_observed_reference,bb9b2fb267d051f9932a4c01abbd2d2e57169329f5674389cd036ee0add5dd8d
2025-01-02,maximum,Morning,Consumption,3208,08:00,08:30,50.05,official_observed_reference,bb9b2fb267d051f9932a4c01abbd2d2e57169329f5674389cd036ee0add5dd8d
2025-01-02,minimum,Night,Generation,61,02:30,03:00,50.01,official_observed_reference,bb9b2fb267d051f9932a4c01abbd2d2e57169329f5674389cd036ee0add5dd8d
2025-01-02,minimum,Night,Consumption,2888,04:30,05:00,50.03,official_observed_reference,bb9b2fb267d051f9932a4c01abbd2d2e57169329f5674389cd036ee0add5dd8d
2025-01-02,minimum,Day,Generation,82,05:30,06:00,50.04,official_observed_reference,bb9b2fb267d051f9932a4c01abbd2d2e57169329f5674389cd036ee0add5dd8d
2025-01-02,minimum,Day,Consumption,3056,12:00,12:30,49.97,official_observed_reference,bb9b2fb267d051f9932a4c01abbd2d2e57169329f5674389cd036ee0add5dd8d
2025-01-03,maximum,Day,Generation,1513,17:30,18:00,50.01,official_observed_reference,fe4efcddab97f576d2b7ad986bcfbf45c4d6cf76cec7ef0bf35e00f5eed73f57
2025-01-03,maximum,Day,Consumption,3777,17:30,18:00,50.01,official_observed_reference,fe4efcddab97f576d2b7ad986bcfbf45c4d6cf76cec7ef0bf35e00f5eed73f57
2025-01-03,maximum,Evening,Generation,1557,19:00,19:30,50.03,official_observed_reference,fe4efcddab97f576d2b7ad986bcfbf45c4d6cf76cec7ef0bf35e00f5eed73f57
2025-01-03,maximum,Evening,Consumption,4202,19:00,19:30,50.03,official_observed_reference,fe4efcddab97f576d2b7ad986bcfbf45c4d6cf76cec7ef0bf35e00f5eed73f57
2025-01-03,maximum,Morning,Generation,964,08:00,08:30,50.09,official_observed_reference,fe4efcddab97f576d2b7ad986bcfbf45c4d6cf76cec7ef0bf35e00f5eed73f57
2025-01-03,maximum,Morning,Consumption,3328,07:00,07:30,50.04,official_observed_reference,fe4efcddab97f576d2b7ad986bcfbf45c4d6cf76cec7ef0bf35e00f5eed73f57
2025-01-03,minimum,Night,Generation,107,04:00,04:30,50.02,official_observed_reference,fe4efcddab97f576d2b7ad986bcfbf45c4d6cf76cec7ef0bf35e00f5eed73f57
2025-01-03,minimum,Night,Consumption,2826,04:00,04:30,50.02,official_observed_reference,fe4efcddab97f576d2b7ad986bcfbf45c4d6cf76cec7ef0bf35e00f5eed73f57
2025-01-03,minimum,Day,Generation,159,05:30,06:00,50.08,official_observed_reference,fe4efcddab97f576d2b7ad986bcfbf45c4d6cf76cec7ef0bf35e00f5eed73f57
2025-01-03,minimum,Day,Consumption,2853,13:00,13:30,49.96,official_observed_reference,fe4efcddab97f576d2b7ad986bcfbf45c4d6cf76cec7ef0bf35e00f5eed73f57
2025-01-04,maximum,Day,Generation,1540,17:30,18:00,49.98,official_observed_reference,9bc26de58e653662fb9ef633558e72af576e360fcf5eaa8ce590809829306882
2025-01-04,maximum,Day,Consumption,3706,17:30,18:00,49.98,official_observed_reference,9bc26de58e653662fb9ef633558e72af576e360fcf5eaa8ce590809829306882
2025-01-04,maximum,Evening,Generation,1611,18:30,19:00,50.02,official_observed_reference,9bc26de58e653662fb9ef633558e72af576e360fcf5eaa8ce590809829306882
2025-01-04,maximum,Evening,Consumption,4135,19:00,19:30,49.90,official_observed_reference,9bc26de58e653662fb9ef633558e72af576e360fcf5eaa8ce590809829306882
2025-01-04,maximum,Morning,Generation,1096,08:30,09:00,50.06,official_observed_reference,9bc26de58e653662fb9ef633558e72af576e360fcf5eaa8ce590809829306882
2025-01-04,maximum,Morning,Consumption,3192,07:30,08:00,50.02,official_observed_reference,9bc26de58e653662fb9ef633558e72af576e360fcf5eaa8ce590809829306882
2025-01-04,minimum,Night,Generation,103,04:00,04:30,50.04,official_observed_reference,9bc26de58e653662fb9ef633558e72af576e360fcf5eaa8ce590809829306882
2025-01-04,minimum,Night,Consumption,2866,03:30,04:00,50.08,official_observed_reference,9bc26de58e653662fb9ef633558e72af576e360fcf5eaa8ce590809829306882
2025-01-04,minimum,Day,Generation,126,05:30,06:00,50.05,official_observed_reference,9bc26de58e653662fb9ef633558e72af576e360fcf5eaa8ce590809829306882
2025-01-04,minimum,Day,Consumption,2953,13:00,13:30,50.07,official_observed_reference,9bc26de58e653662fb9ef633558e72af576e360fcf5eaa8ce590809829306882
2025-01-05,maximum,Day,Generation,881,17:30,18:00,50.12,official_observed_reference,8b5abebb4e8244848e87bfb24e9f4509f75cf2fce9a07474218d87aa0f36afb9
2025-01-05,maximum,Day,Consumption,3225,17:30,18:00,50.12,official_observed_reference,8b5abebb4e8244848e87bfb24e9f4509f75cf2fce9a07474218d87aa0f36afb9
2025-01-05,maximum,Evening,Generation,1411,18:30,19:00,50.07,official_observed_reference,8b5abebb4e8244848e87bfb24e9f4509f75cf2fce9a07474218d87aa0f36afb9
2025-01-05,maximum,Evening,Consumption,3764,18:30,19:00,50.07,official_observed_reference,8b5abebb4e8244848e87bfb24e9f4509f75cf2fce9a07474218d87aa0f36afb9
2025-01-05,maximum,Morning,Generation,816,07:00,07:30,50.04,official_observed_reference,8b5abebb4e8244848e87bfb24e9f4509f75cf2fce9a07474218d87aa0f36afb9
2025-01-05,maximum,Morning,Consumption,2955,06:30,07:00,50.07,official_observed_reference,8b5abebb4e8244848e87bfb24e9f4509f75cf2fce9a07474218d87aa0f36afb9
2025-01-05,minimum,Night,Generation,137,04:00,04:30,50.05,official_observed_reference,8b5abebb4e8244848e87bfb24e9f4509f75cf2fce9a07474218d87aa0f36afb9
2025-01-05,minimum,Night,Consumption,2806,04:30,05:00,50.07,official_observed_reference,8b5abebb4e8244848e87bfb24e9f4509f75cf2fce9a07474218d87aa0f36afb9
2025-01-05,minimum,Day,Generation,125,05:30,06:00,50.07,official_observed_reference,8b5abebb4e8244848e87bfb24e9f4509f75cf2fce9a07474218d87aa0f36afb9
2025-01-05,minimum,Day,Consumption,2381,12:30,13:00,50.10,official_observed_reference,8b5abebb4e8244848e87bfb24e9f4509f75cf2fce9a07474218d87aa0f36afb9
2025-01-06,maximum,Day,Generation,1574,17:30,18:00,49.98,official_observed_reference,5a32633fd3836a5b41d01a069a56449001407057ccd29d5efc5ab7f0bf13978a
2025-01-06,maximum,Day,Consumption,3821,17:30,18:00,49.98,official_observed_reference,5a32633fd3836a5b41d01a069a56449001407057ccd29d5efc5ab7f0bf13978a
2025-01-06,maximum,Evening,Generation,1659,19:00,19:30,50.04,official_observed_reference,5a32633fd3836a5b41d01a069a56449001407057ccd29d5efc5ab7f0bf13978a
2025-01-06,maximum,Evening,Consumption,4251,19:00,19:30,50.04,official_observed_reference,5a32633fd3836a5b41d01a069a56449001407057ccd29d5efc5ab7f0bf13978a
2025-01-06,maximum,Morning,Generation,1369,07:30,08:00,50.1,official_observed_reference,5a32633fd3836a5b41d01a069a56449001407057ccd29d5efc5ab7f0bf13978a
2025-01-06,maximum,Morning,Consumption,3337,07:00,07:30,50.03,official_observed_reference,5a32633fd3836a5b41d01a069a56449001407057ccd29d5efc5ab7f0bf13978a
2025-01-06,minimum,Night,Generation,104,02:30,03:00,50.13,official_observed_reference,5a32633fd3836a5b41d01a069a56449001407057ccd29d5efc5ab7f0bf13978a
2025-01-06,minimum,Night,Consumption,2743,03:30,04:00,50.11,official_observed_reference,5a32633fd3836a5b41d01a069a56449001407057ccd29d5efc5ab7f0bf13978a
2025-01-06,minimum,Day,Generation,123,05:30,06:00,50.11,official_observed_reference,5a32633fd3836a5b41d01a069a56449001407057ccd29d5efc5ab7f0bf13978a
2025-01-06,minimum,Day,Consumption,2965,10:30,11:00,50.09,official_observed_reference,5a32633fd3836a5b41d01a069a56449001407057ccd29d5efc5ab7f0bf13978a
2025-01-07,maximum,Day,Generation,1468,17:30,18:00,50.08,official_observed_reference,594365e8972c009029e60746ce90c0ee34b9ee05bb7dc4a1902e4b5fd0a08ee9
2025-01-07,maximum,Day,Consumption,3814,17:30,18:00,50.08,official_observed_reference,594365e8972c009029e60746ce90c0ee34b9ee05bb7dc4a1902e4b5fd0a08ee9
2025-01-07,maximum,Evening,Generation,1668,18:30,19:00,50,official_observed_reference,594365e8972c009029e60746ce90c0ee34b9ee05bb7dc4a1902e4b5fd0a08ee9
2025-01-07,maximum,Evening,Consumption,4303,18:30,19:00,50.00,official_observed_reference,594365e8972c009029e60746ce90c0ee34b9ee05bb7dc4a1902e4b5fd0a08ee9
2025-01-07,maximum,Morning,Generation,1414,07:30,08:00,50.08,official_observed_reference,594365e8972c009029e60746ce90c0ee34b9ee05bb7dc4a1902e4b5fd0a08ee9
2025-01-07,maximum,Morning,Consumption,3374,07:00,07:30,50.03,official_observed_reference,594365e8972c009029e60746ce90c0ee34b9ee05bb7dc4a1902e4b5fd0a08ee9
2025-01-07,minimum,Night,Generation,141,03:00,03:30,50.00,official_observed_reference,594365e8972c009029e60746ce90c0ee34b9ee05bb7dc4a1902e4b5fd0a08ee9
2025-01-07,minimum,Night,Consumption,2879,04:00,04:30,50.06,official_observed_reference,594365e8972c009029e60746ce90c0ee34b9ee05bb7dc4a1902e4b5fd0a08ee9
2025-01-07,minimum,Day,Generation,186,05:30,06:00,50.10,official_observed_reference,594365e8972c009029e60746ce90c0ee34b9ee05bb7dc4a1902e4b5fd0a08ee9
2025-01-07,minimum,Day,Consumption,2962,13:00,13:30,49.98,official_observed_reference,594365e8972c009029e60746ce90c0ee34b9ee05bb7dc4a1902e4b5fd0a08ee9
2025-01-08,maximum,Day,Generation,1565,17:30,18:00,50.1,official_observed_reference,ea9afed2298a2a3ec55fa2ab104bf77617218cae2e36ad318d9d3c31124343b3
2025-01-08,maximum,Day,Consumption,3924,17:30,18:00,50.10,official_observed_reference,ea9afed2298a2a3ec55fa2ab104bf77617218cae2e36ad318d9d3c31124343b3
2025-01-08,maximum,Evening,Generation,1807,19:00,19:30,50.02,official_observed_reference,ea9afed2298a2a3ec55fa2ab104bf77617218cae2e36ad318d9d3c31124343b3
2025-01-08,maximum,Evening,Consumption,4361,18:30,19:00,50.01,official_observed_reference,ea9afed2298a2a3ec55fa2ab104bf77617218cae2e36ad318d9d3c31124343b3
2025-01-08,maximum,Morning,Generation,1500,07:30,08:00,50.01,official_observed_reference,ea9afed2298a2a3ec55fa2ab104bf77617218cae2e36ad318d9d3c31124343b3
2025-01-08,maximum,Morning,Consumption,3445,07:00,07:30,49.99,official_observed_reference,ea9afed2298a2a3ec55fa2ab104bf77617218cae2e36ad318d9d3c31124343b3
2025-01-08,minimum,Night,Generation,111,02:00,02:30,50.00,official_observed_reference,ea9afed2298a2a3ec55fa2ab104bf77617218cae2e36ad318d9d3c31124343b3
2025-01-08,minimum,Night,Consumption,2918,03:30,04:00,50.07,official_observed_reference,ea9afed2298a2a3ec55fa2ab104bf77617218cae2e36ad318d9d3c31124343b3
2025-01-08,minimum,Day,Generation,294,05:30,06:00,50.12,official_observed_reference,ea9afed2298a2a3ec55fa2ab104bf77617218cae2e36ad318d9d3c31124343b3
2025-01-08,minimum,Day,Consumption,3109,13:30,14:00,50.06,official_observed_reference,ea9afed2298a2a3ec55fa2ab104bf77617218cae2e36ad318d9d3c31124343b3
2025-01-09,maximum,Day,Generation,1559,17:30,18:00,50,official_observed_reference,50a8d0e848ebb091da76a27b093e50c2787709489734a568217566dcde9908f4
2025-01-09,maximum,Day,Consumption,3868,17:30,18:00,50.00,official_observed_reference,50a8d0e848ebb091da76a27b093e50c2787709489734a568217566dcde9908f4
2025-01-09,maximum,Evening,Generation,1814,19:00,19:30,50.05,official_observed_reference,50a8d0e848ebb091da76a27b093e50c2787709489734a568217566dcde9908f4
2025-01-09,maximum,Evening,Consumption,4315,19:00,19:30,50.05,official_observed_reference,50a8d0e848ebb091da76a27b093e50c2787709489734a568217566dcde9908f4
2025-01-09,maximum,Morning,Generation,1469,07:30,08:00,50.1,official_observed_reference,50a8d0e848ebb091da76a27b093e50c2787709489734a568217566dcde9908f4
2025-01-09,maximum,Morning,Consumption,3483,07:00,07:30,50.03,official_observed_reference,50a8d0e848ebb091da76a27b093e50c2787709489734a568217566dcde9908f4
2025-01-09,minimum,Night,Generation,128,03:30,04:00,50.05,official_observed_reference,50a8d0e848ebb091da76a27b093e50c2787709489734a568217566dcde9908f4
2025-01-09,minimum,Night,Consumption,2905,03:30,04:00,50.05,official_observed_reference,50a8d0e848ebb091da76a27b093e50c2787709489734a568217566dcde9908f4
2025-01-09,minimum,Day,Generation,227,05:30,06:00,50.11,official_observed_reference,50a8d0e848ebb091da76a27b093e50c2787709489734a568217566dcde9908f4
2025-01-09,minimum,Day,Consumption,3002,10:30,11:00,50.04,official_observed_reference,50a8d0e848ebb091da76a27b093e50c2787709489734a568217566dcde9908f4
2025-01-10,maximum,Day,Generation,1619,08:30,09:00,50.05,official_observed_reference,a786a7e3539295be76590c22573c1b2685b5e7dad92e9903341b5c80d6621dff
2025-01-10,maximum,Day,Consumption,3870,16:30,17:00,49.91,official_observed_reference,a786a7e3539295be76590c22573c1b2685b5e7dad92e9903341b5c80d6621dff
2025-01-10,maximum,Evening,Generation,1771,19:00,19:30,50.02,official_observed_reference,a786a7e3539295be76590c22573c1b2685b5e7dad92e9903341b5c80d6621dff
2025-01-10,maximum,Evening,Consumption,4286,19:00,19:30,50.02,official_observed_reference,a786a7e3539295be76590c22573c1b2685b5e7dad92e9903341b5c80d6621dff
2025-01-10,maximum,Morning,Generation,1619,08:30,09:00,50.05,official_observed_reference,a786a7e3539295be76590c22573c1b2685b5e7dad92e9903341b5c80d6621dff
2025-01-10,maximum,Morning,Consumption,3487,07:00,07:30,49.91,official_observed_reference,a786a7e3539295be76590c22573c1b2685b5e7dad92e9903341b5c80d6621dff
2025-01-10,minimum,Night,Generation,167,03:30,04:00,50.05,official_observed_reference,a786a7e3539295be76590c22573c1b2685b5e7dad92e9903341b5c80d6621dff
2025-01-10,minimum,Night,Consumption,2910,04:00,04:30,50.07,official_observed_reference,a786a7e3539295be76590c22573c1b2685b5e7dad92e9903341b5c80d6621dff
2025-01-10,minimum,Day,Generation,183,05:30,06:00,50.06,official_observed_reference,a786a7e3539295be76590c22573c1b2685b5e7dad92e9903341b5c80d6621dff
2025-01-10,minimum,Day,Consumption,3086,13:30,14:00,50.09,official_observed_reference,a786a7e3539295be76590c22573c1b2685b5e7dad92e9903341b5c80d6621dff
2025-01-11,maximum,Day,Generation,1600,17:30,18:00,50.04,official_observed_reference,ad489f1668e4f26edce1edaa161371f84ac1931c2e5f79fffd73025d65652626
2025-01-11,maximum,Day,Consumption,3831,17:30,18:00,50.04,official_observed_reference,ad489f1668e4f26edce1edaa161371f84ac1931c2e5f79fffd73025d65652626
2025-01-11,maximum,Evening,Generation,1630,19:00,19:30,50.04,official_observed_reference,ad489f1668e4f26edce1edaa161371f84ac1931c2e5f79fffd73025d65652626
2025-01-11,maximum,Evening,Consumption,4244,18:30,19:00,49.99,official_observed_reference,ad489f1668e4f26edce1edaa161371f84ac1931c2e5f79fffd73025d65652626
2025-01-11,maximum,Morning,Generation,1390,08:30,09:00,50.02,official_observed_reference,ad489f1668e4f26edce1edaa161371f84ac1931c2e5f79fffd73025d65652626
2025-01-11,maximum,Morning,Consumption,3336,08:00,08:30,49.93,official_observed_reference,ad489f1668e4f26edce1edaa161371f84ac1931c2e5f79fffd73025d65652626
2025-01-11,minimum,Night,Generation,198,02:00,02:30,50.01,official_observed_reference,ad489f1668e4f26edce1edaa161371f84ac1931c2e5f79fffd73025d65652626
2025-01-11,minimum,Night,Consumption,2997,04:00,04:30,50.01,official_observed_reference,ad489f1668e4f26edce1edaa161371f84ac1931c2e5f79fffd73025d65652626
2025-01-11,minimum,Day,Generation,268,05:30,06:00,50.13,official_observed_reference,ad489f1668e4f26edce1edaa161371f84ac1931c2e5f79fffd73025d65652626
2025-01-11,minimum,Day,Consumption,3184,13:00,13:30,49.99,official_observed_reference,ad489f1668e4f26edce1edaa161371f84ac1931c2e5f79fffd73025d65652626
2025-01-12,maximum,Day,Generation,1374,09:00,09:30,49.97,official_observed_reference,055d73a4a3cabf3dfa97ff7a9d769287ff0e8bd25bad5be3e0884d5edfc639e1
2025-01-12,maximum,Day,Consumption,3386,17:30,18:00,50.09,official_observed_reference,055d73a4a3cabf3dfa97ff7a9d769287ff0e8bd25bad5be3e0884d5edfc639e1
2025-01-12,maximum,Evening,Generation,1661,18:30,19:00,50.07,official_observed_reference,055d73a4a3cabf3dfa97ff7a9d769287ff0e8bd25bad5be3e0884d5edfc639e1
2025-01-12,maximum,Evening,Consumption,3976,21:30,22:00,50.08,official_observed_reference,055d73a4a3cabf3dfa97ff7a9d769287ff0e8bd25bad5be3e0884d5edfc639e1
2025-01-12,maximum,Morning,Generation,1388,07:30,08:00,50.03,official_observed_reference,055d73a4a3cabf3dfa97ff7a9d769287ff0e8bd25bad5be3e0884d5edfc639e1
2025-01-12,maximum,Morning,Consumption,3262,07:00,07:30,49.98,official_observed_reference,055d73a4a3cabf3dfa97ff7a9d769287ff0e8bd25bad5be3e0884d5edfc639e1
2025-01-12,minimum,Night,Generation,144,03:30,04:00,50.08,official_observed_reference,055d73a4a3cabf3dfa97ff7a9d769287ff0e8bd25bad5be3e0884d5edfc639e1
2025-01-12,minimum,Night,Consumption,3052,04:30,05:00,50.06,official_observed_reference,055d73a4a3cabf3dfa97ff7a9d769287ff0e8bd25bad5be3e0884d5edfc639e1
2025-01-12,minimum,Day,Generation,214,15:30,16:00,49.99,official_observed_reference,055d73a4a3cabf3dfa97ff7a9d769287ff0e8bd25bad5be3e0884d5edfc639e1
2025-01-12,minimum,Day,Consumption,2613,11:30,12:00,50.06,official_observed_reference,055d73a4a3cabf3dfa97ff7a9d769287ff0e8bd25bad5be3e0884d5edfc639e1
2025-01-13,maximum,Day,Generation,1492,17:30,18:00,50.11,official_observed_reference,2f8e00a3d03774852bb7c11e5818dfd249233dacb469f484c6183206bff7adf2
2025-01-13,maximum,Day,Consumption,4009,17:30,18:00,50.11,official_observed_reference,2f8e00a3d03774852bb7c11e5818dfd249233dacb469f484c6183206bff7adf2
2025-01-13,maximum,Evening,Generation,1722,19:00,19:30,50.14,official_observed_reference,2f8e00a3d03774852bb7c11e5818dfd249233dacb469f484c6183206bff7adf2
2025-01-13,maximum,Evening,Consumption,4466,19:00,19:30,50.14,official_observed_reference,2f8e00a3d03774852bb7c11e5818dfd249233dacb469f484c6183206bff7adf2
2025-01-13,maximum,Morning,Generation,1529,08:00,08:30,50.07,official_observed_reference,2f8e00a3d03774852bb7c11e5818dfd249233dacb469f484c6183206bff7adf2
2025-01-13,maximum,Morning,Consumption,3527,07:00,07:30,50.00,official_observed_reference,2f8e00a3d03774852bb7c11e5818dfd249233dacb469f484c6183206bff7adf2
2025-01-13,minimum,Night,Generation,156,01:30,02:00,50.03,official_observed_reference,2f8e00a3d03774852bb7c11e5818dfd249233dacb469f484c6183206bff7adf2
2025-01-13,minimum,Night,Consumption,3025,03:30,04:00,50.06,official_observed_reference,2f8e00a3d03774852bb7c11e5818dfd249233dacb469f484c6183206bff7adf2
2025-01-13,minimum,Day,Generation,278,13:00,13:30,50.07,official_observed_reference,2f8e00a3d03774852bb7c11e5818dfd249233dacb469f484c6183206bff7adf2
2025-01-13,minimum,Day,Consumption,3174,11:30,12:00,50.08,official_observed_reference,2f8e00a3d03774852bb7c11e5818dfd249233dacb469f484c6183206bff7adf2
2025-01-14,maximum,Day,Generation,1537,09:00,09:30,50.13,official_observed_reference,6f316ad5fa937ddb86e6a9296ab8181a3aa0d0226c451158e1be485daf073ef5
2025-01-14,maximum,Day,Consumption,4013,17:30,18:00,50.23,official_observed_reference,6f316ad5fa937ddb86e6a9296ab8181a3aa0d0226c451158e1be485daf073ef5
2025-01-14,maximum,Evening,Generation,1628,18:30,19:00,50.02,official_observed_reference,6f316ad5fa937ddb86e6a9296ab8181a3aa0d0226c451158e1be485daf073ef5
2025-01-14,maximum,Evening,Consumption,4403,18:30,19:00,50.02,official_observed_reference,6f316ad5fa937ddb86e6a9296ab8181a3aa0d0226c451158e1be485daf073ef5
2025-01-14,maximum,Morning,Generation,1534,08:30,09:00,50.07,official_observed_reference,6f316ad5fa937ddb86e6a9296ab8181a3aa0d0226c451158e1be485daf073ef5
2025-01-14,maximum,Morning,Consumption,3550,07:00,07:30,50.02,official_observed_reference,6f316ad5fa937ddb86e6a9296ab8181a3aa0d0226c451158e1be485daf073ef5
2025-01-14,minimum,Night,Generation,101,03:30,04:00,50.01,official_observed_reference,6f316ad5fa937ddb86e6a9296ab8181a3aa0d0226c451158e1be485daf073ef5
2025-01-14,minimum,Night,Consumption,3160,04:00,04:30,49.94,official_observed_reference,6f316ad5fa937ddb86e6a9296ab8181a3aa0d0226c451158e1be485daf073ef5
2025-01-14,minimum,Day,Generation,140,05:30,06:00,50.12,official_observed_reference,6f316ad5fa937ddb86e6a9296ab8181a3aa0d0226c451158e1be485daf073ef5
2025-01-14,minimum,Day,Consumption,3349,10:30,11:00,50.11,official_observed_reference,6f316ad5fa937ddb86e6a9296ab8181a3aa0d0226c451158e1be485daf073ef5
2025-01-15,maximum,Day,Generation,1506,08:30,09:00,50.11,official_observed_reference,2e4534a381fa043128ffe4cb3661176f7f05dc943cb4d1cac53f9393c05bd088
2025-01-15,maximum,Day,Consumption,4071,17:30,18:00,50.08,official_observed_reference,2e4534a381fa043128ffe4cb3661176f7f05dc943cb4d1cac53f9393c05bd088
2025-01-15,maximum,Evening,Generation,1558,18:00,18:30,49.98,official_observed_reference,2e4534a381fa043128ffe4cb3661176f7f05dc943cb4d1cac53f9393c05bd088
2025-01-15,maximum,Evening,Consumption,4385,19:30,20:00,50.02,official_observed_reference,2e4534a381fa043128ffe4cb3661176f7f05dc943cb4d1cac53f9393c05bd088
2025-01-15,maximum,Morning,Generation,1530,08:00,08:30,50.07,official_observed_reference,2e4534a381fa043128ffe4cb3661176f7f05dc943cb4d1cac53f9393c05bd088
2025-01-15,maximum,Morning,Consumption,3601,07:30,08:00,50.04,official_observed_reference,2e4534a381fa043128ffe4cb3661176f7f05dc943cb4d1cac53f9393c05bd088
2025-01-15,minimum,Night,Generation,65,03:30,04:00,49.98,official_observed_reference,2e4534a381fa043128ffe4cb3661176f7f05dc943cb4d1cac53f9393c05bd088
2025-01-15,minimum,Night,Consumption,3128,03:30,04:00,49.98,official_observed_reference,2e4534a381fa043128ffe4cb3661176f7f05dc943cb4d1cac53f9393c05bd088
2025-01-15,minimum,Day,Generation,116,05:30,06:00,50.08,official_observed_reference,2e4534a381fa043128ffe4cb3661176f7f05dc943cb4d1cac53f9393c05bd088
2025-01-15,minimum,Day,Consumption,3179,13:00,13:30,50.02,official_observed_reference,2e4534a381fa043128ffe4cb3661176f7f05dc943cb4d1cac53f9393c05bd088
2025-01-16,maximum,Day,Generation,1508,17:30,18:00,50.08,official_observed_reference,1336ddc56e466414b296048b77b23cc24ec3ffcaaef141179f9cac1bca7a1449
2025-01-16,maximum,Day,Consumption,3979,17:30,18:00,50.08,official_observed_reference,1336ddc56e466414b296048b77b23cc24ec3ffcaaef141179f9cac1bca7a1449
2025-01-16,maximum,Evening,Generation,1687,19:30,20:00,50.08,official_observed_reference,1336ddc56e466414b296048b77b23cc24ec3ffcaaef141179f9cac1bca7a1449
2025-01-16,maximum,Evening,Consumption,4422,18:30,19:00,49.95,official_observed_reference,1336ddc56e466414b296048b77b23cc24ec3ffcaaef141179f9cac1bca7a1449
2025-01-16,maximum,Morning,Generation,1549,07:30,08:00,50.04,official_observed_reference,1336ddc56e466414b296048b77b23cc24ec3ffcaaef141179f9cac1bca7a1449
2025-01-16,maximum,Morning,Consumption,3592,07:00,07:30,50.04,official_observed_reference,1336ddc56e466414b296048b77b23cc24ec3ffcaaef141179f9cac1bca7a1449
2025-01-16,minimum,Night,Generation,86,04:00,04:30,50.05,official_observed_reference,1336ddc56e466414b296048b77b23cc24ec3ffcaaef141179f9cac1bca7a1449
2025-01-16,minimum,Night,Consumption,3115,03:30,04:00,50.07,official_observed_reference,1336ddc56e466414b296048b77b23cc24ec3ffcaaef141179f9cac1bca7a1449
2025-01-16,minimum,Day,Generation,260,05:30,06:00,50.10,official_observed_reference,1336ddc56e466414b296048b77b23cc24ec3ffcaaef141179f9cac1bca7a1449
2025-01-16,minimum,Day,Consumption,3119,11:30,12:00,49.98,official_observed_reference,1336ddc56e466414b296048b77b23cc24ec3ffcaaef141179f9cac1bca7a1449
2025-01-17,maximum,Day,Generation,1533,08:30,09:00,50.07,official_observed_reference,2ccfce812a4ed75ed9d20cabbb590ee0d00e1b7b38f0264ec990a3f47096352d
2025-01-17,maximum,Day,Consumption,3917,17:30,18:00,50.07,official_observed_reference,2ccfce812a4ed75ed9d20cabbb590ee0d00e1b7b38f0264ec990a3f47096352d
2025-01-17,maximum,Evening,Generation,1711,19:30,20:00,50,official_observed_reference,2ccfce812a4ed75ed9d20cabbb590ee0d00e1b7b38f0264ec990a3f47096352d
2025-01-17,maximum,Evening,Consumption,4339,19:00,19:30,50.08,official_observed_reference,2ccfce812a4ed75ed9d20cabbb590ee0d00e1b7b38f0264ec990a3f47096352d
2025-01-17,maximum,Morning,Generation,1533,08:30,09:00,50.07,official_observed_reference,2ccfce812a4ed75ed9d20cabbb590ee0d00e1b7b38f0264ec990a3f47096352d
2025-01-17,maximum,Morning,Consumption,3555,07:00,07:30,49.97,official_observed_reference,2ccfce812a4ed75ed9d20cabbb590ee0d00e1b7b38f0264ec990a3f47096352d
2025-01-17,minimum,Night,Generation,70,03:00,03:30,50.00,official_observed_reference,2ccfce812a4ed75ed9d20cabbb590ee0d00e1b7b38f0264ec990a3f47096352d
2025-01-17,minimum,Night,Consumption,3066,03:30,04:00,50.00,official_observed_reference,2ccfce812a4ed75ed9d20cabbb590ee0d00e1b7b38f0264ec990a3f47096352d
2025-01-17,minimum,Day,Generation,272,15:00,15:30,50.04,official_observed_reference,2ccfce812a4ed75ed9d20cabbb590ee0d00e1b7b38f0264ec990a3f47096352d
2025-01-17,minimum,Day,Consumption,3065,13:00,13:30,50.06,official_observed_reference,2ccfce812a4ed75ed9d20cabbb590ee0d00e1b7b38f0264ec990a3f47096352d
2025-01-18,maximum,Day,Generation,1419,09:00,09:30,50.09,official_observed_reference,79f433006bd60361d5535afbba8eff0db62ad339f4e3b8e72a2e897eec11f311
2025-01-18,maximum,Day,Consumption,3825,16:30,17:00,50.11,official_observed_reference,79f433006bd60361d5535afbba8eff0db62ad339f4e3b8e72a2e897eec11f311
2025-01-18,maximum,Evening,Generation,1695,19:00,19:30,50.06,official_observed_reference,79f433006bd60361d5535afbba8eff0db62ad339f4e3b8e72a2e897eec11f311
2025-01-18,maximum,Evening,Consumption,4187,18:30,19:00,50.03,official_observed_reference,79f433006bd60361d5535afbba8eff0db62ad339f4e3b8e72a2e897eec11f311
2025-01-18,maximum,Morning,Generation,1406,08:30,09:00,50.08,official_observed_reference,79f433006bd60361d5535afbba8eff0db62ad339f4e3b8e72a2e897eec11f311
2025-01-18,maximum,Morning,Consumption,3430,06:30,07:00,50.07,official_observed_reference,79f433006bd60361d5535afbba8eff0db62ad339f4e3b8e72a2e897eec11f311
2025-01-18,minimum,Night,Generation,127,03:30,04:00,50.07,official_observed_reference,79f433006bd60361d5535afbba8eff0db62ad339f4e3b8e72a2e897eec11f311
2025-01-18,minimum,Night,Consumption,3021,04:00,04:30,50.02,official_observed_reference,79f433006bd60361d5535afbba8eff0db62ad339f4e3b8e72a2e897eec11f311
2025-01-18,minimum,Day,Generation,176,05:30,06:00,50.13,official_observed_reference,79f433006bd60361d5535afbba8eff0db62ad339f4e3b8e72a2e897eec11f311
2025-01-18,minimum,Day,Consumption,3210,11:30,12:00,50.06,official_observed_reference,79f433006bd60361d5535afbba8eff0db62ad339f4e3b8e72a2e897eec11f311
2025-01-19,maximum,Day,Generation,1400,08:30,09:00,49.98,official_observed_reference,040be410a816391dbae8b359507d5e5414a3f3877cf52216b75e184e80a35bf6
2025-01-19,maximum,Day,Consumption,3188,17:30,18:00,50.06,official_observed_reference,040be410a816391dbae8b359507d5e5414a3f3877cf52216b75e184e80a35bf6
2025-01-19,maximum,Evening,Generation,1213,18:30,19:00,50.02,official_observed_reference,040be410a816391dbae8b359507d5e5414a3f3877cf52216b75e184e80a35bf6
2025-01-19,maximum,Evening,Consumption,3806,19:00,19:30,50.03,official_observed_reference,040be410a816391dbae8b359507d5e5414a3f3877cf52216b75e184e80a35bf6
2025-01-19,maximum,Morning,Generation,1400,08:30,09:00,49.98,official_observed_reference,040be410a816391dbae8b359507d5e5414a3f3877cf52216b75e184e80a35bf6
2025-01-19,maximum,Morning,Consumption,3217,06:00,06:30,50.09,official_observed_reference,040be410a816391dbae8b359507d5e5414a3f3877cf52216b75e184e80a35bf6
2025-01-19,minimum,Night,Generation,94,03:00,03:30,49.97,official_observed_reference,040be410a816391dbae8b359507d5e5414a3f3877cf52216b75e184e80a35bf6
2025-01-19,minimum,Night,Consumption,3060,04:00,04:30,49.99,official_observed_reference,040be410a816391dbae8b359507d5e5414a3f3877cf52216b75e184e80a35bf6
2025-01-19,minimum,Day,Generation,133,05:30,06:00,50.10,official_observed_reference,040be410a816391dbae8b359507d5e5414a3f3877cf52216b75e184e80a35bf6
2025-01-19,minimum,Day,Consumption,2844,14:30,15:00,49.92,official_observed_reference,040be410a816391dbae8b359507d5e5414a3f3877cf52216b75e184e80a35bf6
2025-01-20,maximum,Day,Generation,1559,17:30,18:00,50.08,official_observed_reference,a365848ec77f45cfd0bb8ac5a639737718f50a0e645b0c792e1ad99ed40efd99
2025-01-20,maximum,Day,Consumption,3986,17:30,18:00,50.08,official_observed_reference,a365848ec77f45cfd0bb8ac5a639737718f50a0e645b0c792e1ad99ed40efd99
2025-01-20,maximum,Evening,Generation,1775,19:00,19:30,49.96,official_observed_reference,a365848ec77f45cfd0bb8ac5a639737718f50a0e645b0c792e1ad99ed40efd99
2025-01-20,maximum,Evening,Consumption,4429,19:00,19:30,49.96,official_observed_reference,a365848ec77f45cfd0bb8ac5a639737718f50a0e645b0c792e1ad99ed40efd99
2025-01-20,maximum,Morning,Generation,1296,07:30,08:00,50.1,official_observed_reference,a365848ec77f45cfd0bb8ac5a639737718f50a0e645b0c792e1ad99ed40efd99
2025-01-20,maximum,Morning,Consumption,3493,07:30,08:00,50.10,official_observed_reference,a365848ec77f45cfd0bb8ac5a639737718f50a0e645b0c792e1ad99ed40efd99
2025-01-20,minimum,Night,Generation,72,02:30,03:00,50.01,official_observed_reference,a365848ec77f45cfd0bb8ac5a639737718f50a0e645b0c792e1ad99ed40efd99
2025-01-20,minimum,Night,Consumption,2867,03:00,03:30,50.04,official_observed_reference,a365848ec77f45cfd0bb8ac5a639737718f50a0e645b0c792e1ad99ed40efd99
2025-01-20,minimum,Day,Generation,184,05:30,06:00,50.08,official_observed_reference,a365848ec77f45cfd0bb8ac5a639737718f50a0e645b0c792e1ad99ed40efd99
2025-01-20,minimum,Day,Consumption,3153,09:00,09:30,50.06,official_observed_reference,a365848ec77f45cfd0bb8ac5a639737718f50a0e645b0c792e1ad99ed40efd99
2025-01-21,maximum,Day,Generation,1523,17:30,18:00,50.05,official_observed_reference,35b624cfa85989a5c1aeb0636059ba283f84e90dbc290d41d77347765dca00d9
2025-01-21,maximum,Day,Consumption,4046,17:30,18:00,50.05,official_observed_reference,35b624cfa85989a5c1aeb0636059ba283f84e90dbc290d41d77347765dca00d9
2025-01-21,maximum,Evening,Generation,1699,19:00,19:30,50.06,official_observed_reference,35b624cfa85989a5c1aeb0636059ba283f84e90dbc290d41d77347765dca00d9
2025-01-21,maximum,Evening,Consumption,4409,19:30,20:00,50.04,official_observed_reference,35b624cfa85989a5c1aeb0636059ba283f84e90dbc290d41d77347765dca00d9
2025-01-21,maximum,Morning,Generation,1355,07:00,07:30,49.88,official_observed_reference,35b624cfa85989a5c1aeb0636059ba283f84e90dbc290d41d77347765dca00d9
2025-01-21,maximum,Morning,Consumption,3596,07:00,07:30,49.88,official_observed_reference,35b624cfa85989a5c1aeb0636059ba283f84e90dbc290d41d77347765dca00d9
2025-01-21,minimum,Night,Generation,141,03:30,04:00,50.07,official_observed_reference,35b624cfa85989a5c1aeb0636059ba283f84e90dbc290d41d77347765dca00d9
2025-01-21,minimum,Night,Consumption,3113,03:30,04:00,50.07,official_observed_reference,35b624cfa85989a5c1aeb0636059ba283f84e90dbc290d41d77347765dca00d9
2025-01-21,minimum,Day,Generation,225,05:30,06:00,50.09,official_observed_reference,35b624cfa85989a5c1aeb0636059ba283f84e90dbc290d41d77347765dca00d9
2025-01-21,minimum,Day,Consumption,3141,13:30,14:00,50.05,official_observed_reference,35b624cfa85989a5c1aeb0636059ba283f84e90dbc290d41d77347765dca00d9
2025-01-22,maximum,Day,Generation,1499,08:30,09:00,49.97,official_observed_reference,241635ba92fb0664282797a94f8d3ce306b5380d21281f124acaab784151df26
2025-01-22,maximum,Day,Consumption,3984,17:30,18:00,50.11,official_observed_reference,241635ba92fb0664282797a94f8d3ce306b5380d21281f124acaab784151df26
2025-01-22,maximum,Evening,Generation,1580,18:00,18:30,50.02,official_observed_reference,241635ba92fb0664282797a94f8d3ce306b5380d21281f124acaab784151df26
2025-01-22,maximum,Evening,Consumption,4425,19:00,19:30,50.03,official_observed_reference,241635ba92fb0664282797a94f8d3ce306b5380d21281f124acaab784151df26
2025-01-22,maximum,Morning,Generation,1541,07:00,07:30,50.01,official_observed_reference,241635ba92fb0664282797a94f8d3ce306b5380d21281f124acaab784151df26
2025-01-22,maximum,Morning,Consumption,3609,06:30,07:00,49.97,official_observed_reference,241635ba92fb0664282797a94f8d3ce306b5380d21281f124acaab784151df26
2025-01-22,minimum,Night,Generation,160,03:30,04:00,50.08,official_observed_reference,241635ba92fb0664282797a94f8d3ce306b5380d21281f124acaab784151df26
2025-01-22,minimum,Night,Consumption,2994,04:00,04:30,50.05,official_observed_reference,241635ba92fb0664282797a94f8d3ce306b5380d21281f124acaab784151df26
2025-01-22,minimum,Day,Generation,281,12:30,13:00,50.05,official_observed_reference,241635ba92fb0664282797a94f8d3ce306b5380d21281f124acaab784151df26
2025-01-22,minimum,Day,Consumption,3154,13:00,13:30,49.99,official_observed_reference,241635ba92fb0664282797a94f8d3ce306b5380d21281f124acaab784151df26
2025-01-23,maximum,Day,Generation,1469,08:30,09:00,50.1,official_observed_reference,ac865d629a4576c26481926381d943e39ee3f6c9f7cc6a5a403ce1cb276fa04d
2025-01-23,maximum,Day,Consumption,4000,16:30,17:00,50.10,official_observed_reference,ac865d629a4576c26481926381d943e39ee3f6c9f7cc6a5a403ce1cb276fa04d
2025-01-23,maximum,Evening,Generation,1716,18:30,19:00,50.04,official_observed_reference,ac865d629a4576c26481926381d943e39ee3f6c9f7cc6a5a403ce1cb276fa04d
2025-01-23,maximum,Evening,Consumption,4453,19:00,19:30,50.04,official_observed_reference,ac865d629a4576c26481926381d943e39ee3f6c9f7cc6a5a403ce1cb276fa04d
2025-01-23,maximum,Morning,Generation,1508,07:00,07:30,49.95,official_observed_reference,ac865d629a4576c26481926381d943e39ee3f6c9f7cc6a5a403ce1cb276fa04d
2025-01-23,maximum,Morning,Consumption,3662,07:00,07:30,49.95,official_observed_reference,ac865d629a4576c26481926381d943e39ee3f6c9f7cc6a5a403ce1cb276fa04d
2025-01-23,minimum,Night,Generation,156,04:00,04:30,49.99,official_observed_reference,ac865d629a4576c26481926381d943e39ee3f6c9f7cc6a5a403ce1cb276fa04d
2025-01-23,minimum,Night,Consumption,3135,03:30,04:00,49.99,official_observed_reference,ac865d629a4576c26481926381d943e39ee3f6c9f7cc6a5a403ce1cb276fa04d
2025-01-23,minimum,Day,Generation,234,05:30,06:00,50.13,official_observed_reference,ac865d629a4576c26481926381d943e39ee3f6c9f7cc6a5a403ce1cb276fa04d
2025-01-23,minimum,Day,Consumption,3319,12:30,13:00,50.11,official_observed_reference,ac865d629a4576c26481926381d943e39ee3f6c9f7cc6a5a403ce1cb276fa04d
2025-01-24,maximum,Day,Generation,1353,17:30,18:00,50.08,official_observed_reference,50ceea7810132014f7c92fbafc81e670310ee9d17fe9b2778668d37396d0cba1
2025-01-24,maximum,Day,Consumption,3969,17:30,18:00,50.08,official_observed_reference,50ceea7810132014f7c92fbafc81e670310ee9d17fe9b2778668d37396d0cba1
2025-01-24,maximum,Evening,Generation,1589,18:30,19:00,50.04,official_observed_reference,50ceea7810132014f7c92fbafc81e670310ee9d17fe9b2778668d37396d0cba1
2025-01-24,maximum,Evening,Consumption,4367,18:30,19:00,50.04,official_observed_reference,50ceea7810132014f7c92fbafc81e670310ee9d17fe9b2778668d37396d0cba1
2025-01-24,maximum,Morning,Generation,1535,07:30,08:00,50.05,official_observed_reference,50ceea7810132014f7c92fbafc81e670310ee9d17fe9b2778668d37396d0cba1
2025-01-24,maximum,Morning,Consumption,3620,07:00,07:30,50.02,official_observed_reference,50ceea7810132014f7c92fbafc81e670310ee9d17fe9b2778668d37396d0cba1
2025-01-24,minimum,Night,Generation,165,02:30,03:00,50.02,official_observed_reference,50ceea7810132014f7c92fbafc81e670310ee9d17fe9b2778668d37396d0cba1
2025-01-24,minimum,Night,Consumption,3052,04:00,04:30,49.96,official_observed_reference,50ceea7810132014f7c92fbafc81e670310ee9d17fe9b2778668d37396d0cba1
2025-01-24,minimum,Day,Generation,210,05:30,06:00,50.11,official_observed_reference,50ceea7810132014f7c92fbafc81e670310ee9d17fe9b2778668d37396d0cba1
2025-01-24,minimum,Day,Consumption,3119,13:30,14:00,50.19,official_observed_reference,50ceea7810132014f7c92fbafc81e670310ee9d17fe9b2778668d37396d0cba1
2025-01-25,maximum,Day,Generation,1146,17:30,18:00,49.97,official_observed_reference,8dda3e4a9e0a43d827b5f1e41daa150622cf53e0b7e373d94840bfc84801c934
2025-01-25,maximum,Day,Consumption,3845,17:30,18:00,49.97,official_observed_reference,8dda3e4a9e0a43d827b5f1e41daa150622cf53e0b7e373d94840bfc84801c934
2025-01-25,maximum,Evening,Generation,1646,19:00,19:30,50.04,official_observed_reference,8dda3e4a9e0a43d827b5f1e41daa150622cf53e0b7e373d94840bfc84801c934
2025-01-25,maximum,Evening,Consumption,4296,19:00,19:30,50.04,official_observed_reference,8dda3e4a9e0a43d827b5f1e41daa150622cf53e0b7e373d94840bfc84801c934
2025-01-25,maximum,Morning,Generation,1335,07:30,08:00,50.09,official_observed_reference,8dda3e4a9e0a43d827b5f1e41daa150622cf53e0b7e373d94840bfc84801c934
2025-01-25,maximum,Morning,Consumption,3482,07:00,07:30,50.08,official_observed_reference,8dda3e4a9e0a43d827b5f1e41daa150622cf53e0b7e373d94840bfc84801c934
2025-01-25,minimum,Night,Generation,200,03:00,03:30,50.03,official_observed_reference,8dda3e4a9e0a43d827b5f1e41daa150622cf53e0b7e373d94840bfc84801c934
2025-01-25,minimum,Night,Consumption,3074,04:00,04:30,50.00,official_observed_reference,8dda3e4a9e0a43d827b5f1e41daa150622cf53e0b7e373d94840bfc84801c934
2025-01-25,minimum,Day,Generation,239,16:00,16:30,50.03,official_observed_reference,8dda3e4a9e0a43d827b5f1e41daa150622cf53e0b7e373d94840bfc84801c934
2025-01-25,minimum,Day,Consumption,3106,10:30,11:00,50.03,official_observed_reference,8dda3e4a9e0a43d827b5f1e41daa150622cf53e0b7e373d94840bfc84801c934
2025-01-26,maximum,Day,Generation,503,08:30,09:00,50.1,official_observed_reference,80dd3a305ce59979749a222dec0d2956f58a5d6b719051b6c42220edc03bd2ed
2025-01-26,maximum,Day,Consumption,3279,17:00,17:30,50.07,official_observed_reference,80dd3a305ce59979749a222dec0d2956f58a5d6b719051b6c42220edc03bd2ed
2025-01-26,maximum,Evening,Generation,1044,19:00,19:30,50.03,official_observed_reference,80dd3a305ce59979749a222dec0d2956f58a5d6b719051b6c42220edc03bd2ed
2025-01-26,maximum,Evening,Consumption,3939,22:00,22:30,49.96,official_observed_reference,80dd3a305ce59979749a222dec0d2956f58a5d6b719051b6c42220edc03bd2ed
2025-01-26,maximum,Morning,Generation,884,07:30,08:00,50.1,official_observed_reference,80dd3a305ce59979749a222dec0d2956f58a5d6b719051b6c42220edc03bd2ed
2025-01-26,maximum,Morning,Consumption,3234,06:30,07:00,50.08,official_observed_reference,80dd3a305ce59979749a222dec0d2956f58a5d6b719051b6c42220edc03bd2ed
2025-01-26,minimum,Night,Generation,125,04:00,04:30,50.01,official_observed_reference,80dd3a305ce59979749a222dec0d2956f58a5d6b719051b6c42220edc03bd2ed
2025-01-26,minimum,Night,Consumption,3063,04:30,05:00,50.00,official_observed_reference,80dd3a305ce59979749a222dec0d2956f58a5d6b719051b6c42220edc03bd2ed
2025-01-26,minimum,Day,Generation,184,09:30,10:00,49.99,official_observed_reference,80dd3a305ce59979749a222dec0d2956f58a5d6b719051b6c42220edc03bd2ed
2025-01-26,minimum,Day,Consumption,2431,12:00,12:30,50.03,official_observed_reference,80dd3a305ce59979749a222dec0d2956f58a5d6b719051b6c42220edc03bd2ed
2025-01-27,maximum,Day,Generation,1201,17:30,18:00,50.07,official_observed_reference,8b1365b138f3ce30e543bce5ed1c8c7cf6d1b4423736a18e707ccb428a4fd745
2025-01-27,maximum,Day,Consumption,3952,17:30,18:00,50.07,official_observed_reference,8b1365b138f3ce30e543bce5ed1c8c7cf6d1b4423736a18e707ccb428a4fd745
2025-01-27,maximum,Evening,Generation,1718,19:00,19:30,50.07,official_observed_reference,8b1365b138f3ce30e543bce5ed1c8c7cf6d1b4423736a18e707ccb428a4fd745
2025-01-27,maximum,Evening,Consumption,4330,19:00,19:30,50.07,official_observed_reference,8b1365b138f3ce30e543bce5ed1c8c7cf6d1b4423736a18e707ccb428a4fd745
2025-01-27,maximum,Morning,Generation,1206,07:30,08:00,50.07,official_observed_reference,8b1365b138f3ce30e543bce5ed1c8c7cf6d1b4423736a18e707ccb428a4fd745
2025-01-27,maximum,Morning,Consumption,3386,07:00,07:30,50.01,official_observed_reference,8b1365b138f3ce30e543bce5ed1c8c7cf6d1b4423736a18e707ccb428a4fd745
2025-01-27,minimum,Night,Generation,117,03:30,04:00,50.04,official_observed_reference,8b1365b138f3ce30e543bce5ed1c8c7cf6d1b4423736a18e707ccb428a4fd745
2025-01-27,minimum,Night,Consumption,2854,04:00,04:30,50.01,official_observed_reference,8b1365b138f3ce30e543bce5ed1c8c7cf6d1b4423736a18e707ccb428a4fd745
2025-01-27,minimum,Day,Generation,151,05:30,06:00,50.11,official_observed_reference,8b1365b138f3ce30e543bce5ed1c8c7cf6d1b4423736a18e707ccb428a4fd745
2025-01-27,minimum,Day,Consumption,2956,12:30,13:00,50.07,official_observed_reference,8b1365b138f3ce30e543bce5ed1c8c7cf6d1b4423736a18e707ccb428a4fd745
2025-01-28,maximum,Day,Generation,1488,17:30,18:00,50.08,official_observed_reference,a1869b6d472acdbb5dd13a58cce647e56e0e04f33bdbfbcc6d05026bf256bf64
2025-01-28,maximum,Day,Consumption,4070,17:30,18:00,50.08,official_observed_reference,a1869b6d472acdbb5dd13a58cce647e56e0e04f33bdbfbcc6d05026bf256bf64
2025-01-28,maximum,Evening,Generation,1589,19:30,20:00,50.09,official_observed_reference,a1869b6d472acdbb5dd13a58cce647e56e0e04f33bdbfbcc6d05026bf256bf64
2025-01-28,maximum,Evening,Consumption,4359,19:30,20:00,50.09,official_observed_reference,a1869b6d472acdbb5dd13a58cce647e56e0e04f33bdbfbcc6d05026bf256bf64
2025-01-28,maximum,Morning,Generation,1392,08:00,08:30,50.07,official_observed_reference,a1869b6d472acdbb5dd13a58cce647e56e0e04f33bdbfbcc6d05026bf256bf64
2025-01-28,maximum,Morning,Consumption,3493,08:00,08:30,50.07,official_observed_reference,a1869b6d472acdbb5dd13a58cce647e56e0e04f33bdbfbcc6d05026bf256bf64
2025-01-28,minimum,Night,Generation,154,02:30,03:00,50.03,official_observed_reference,a1869b6d472acdbb5dd13a58cce647e56e0e04f33bdbfbcc6d05026bf256bf64
2025-01-28,minimum,Night,Consumption,3002,04:00,04:30,50.03,official_observed_reference,a1869b6d472acdbb5dd13a58cce647e56e0e04f33bdbfbcc6d05026bf256bf64
2025-01-28,minimum,Day,Generation,202,05:30,06:00,50.06,official_observed_reference,a1869b6d472acdbb5dd13a58cce647e56e0e04f33bdbfbcc6d05026bf256bf64
2025-01-28,minimum,Day,Consumption,3115,12:30,13:00,50.09,official_observed_reference,a1869b6d472acdbb5dd13a58cce647e56e0e04f33bdbfbcc6d05026bf256bf64
2025-01-29,maximum,Day,Generation,1296,17:30,18:00,50.18,official_observed_reference,f5553b6aa9193e4bf4742fd04a222f2c858a77feca28872839f1feb05071a7a6
2025-01-29,maximum,Day,Consumption,3949,17:30,18:00,50.18,official_observed_reference,f5553b6aa9193e4bf4742fd04a222f2c858a77feca28872839f1feb05071a7a6
2025-01-29,maximum,Evening,Generation,1570,18:30,19:00,49.99,official_observed_reference,f5553b6aa9193e4bf4742fd04a222f2c858a77feca28872839f1feb05071a7a6
2025-01-29,maximum,Evening,Consumption,4383,19:00,19:30,49.99,official_observed_reference,f5553b6aa9193e4bf4742fd04a222f2c858a77feca28872839f1feb05071a7a6
2025-01-29,maximum,Morning,Generation,1346,07:30,08:00,50.05,official_observed_reference,f5553b6aa9193e4bf4742fd04a222f2c858a77feca28872839f1feb05071a7a6
2025-01-29,maximum,Morning,Consumption,3559,07:00,07:30,49.82,official_observed_reference,f5553b6aa9193e4bf4742fd04a222f2c858a77feca28872839f1feb05071a7a6
2025-01-29,minimum,Night,Generation,128,02:30,03:00,50.09,official_observed_reference,f5553b6aa9193e4bf4742fd04a222f2c858a77feca28872839f1feb05071a7a6
2025-01-29,minimum,Night,Consumption,2961,04:00,04:30,50.02,official_observed_reference,f5553b6aa9193e4bf4742fd04a222f2c858a77feca28872839f1feb05071a7a6
2025-01-29,minimum,Day,Generation,217,05:30,06:00,50.09,official_observed_reference,f5553b6aa9193e4bf4742fd04a222f2c858a77feca28872839f1feb05071a7a6
2025-01-29,minimum,Day,Consumption,3237,09:30,10:00,50.07,official_observed_reference,f5553b6aa9193e4bf4742fd04a222f2c858a77feca28872839f1feb05071a7a6
2025-01-30,maximum,Day,Generation,1405,08:30,09:00,50,official_observed_reference,a3923298cb0e559b4b44b788dc9856c7b62860c75a49358be03b1893edba86dd
2025-01-30,maximum,Day,Consumption,3963,17:00,17:30,50.14,official_observed_reference,a3923298cb0e559b4b44b788dc9856c7b62860c75a49358be03b1893edba86dd
2025-01-30,maximum,Evening,Generation,1582,19:00,19:30,50.04,official_observed_reference,a3923298cb0e559b4b44b788dc9856c7b62860c75a49358be03b1893edba86dd
2025-01-30,maximum,Evening,Consumption,4465,19:00,19:30,50.04,official_observed_reference,a3923298cb0e559b4b44b788dc9856c7b62860c75a49358be03b1893edba86dd
2025-01-30,maximum,Morning,Generation,1527,08:00,08:30,49.97,official_observed_reference,a3923298cb0e559b4b44b788dc9856c7b62860c75a49358be03b1893edba86dd
2025-01-30,maximum,Morning,Consumption,3600,07:30,08:00,50.03,official_observed_reference,a3923298cb0e559b4b44b788dc9856c7b62860c75a49358be03b1893edba86dd
2025-01-30,minimum,Night,Generation,146,03:00,03:30,50.07,official_observed_reference,a3923298cb0e559b4b44b788dc9856c7b62860c75a49358be03b1893edba86dd
2025-01-30,minimum,Night,Consumption,3007,04:30,05:00,50.06,official_observed_reference,a3923298cb0e559b4b44b788dc9856c7b62860c75a49358be03b1893edba86dd
2025-01-30,minimum,Day,Generation,277,11:00,11:30,50.15,official_observed_reference,a3923298cb0e559b4b44b788dc9856c7b62860c75a49358be03b1893edba86dd
2025-01-30,minimum,Day,Consumption,3240,12:30,13:00,50.08,official_observed_reference,a3923298cb0e559b4b44b788dc9856c7b62860c75a49358be03b1893edba86dd
2025-01-31,maximum,Day,Generation,1452,08:30,09:00,50,official_observed_reference,fd3dd65370549b9602959ec1bae125e69d00190eca9294934f4b7c44c1f966c9
2025-01-31,maximum,Day,Consumption,4118,17:00,17:30,50.04,official_observed_reference,fd3dd65370549b9602959ec1bae125e69d00190eca9294934f4b7c44c1f966c9
2025-01-31,maximum,Evening,Generation,1605,18:30,19:00,50.01,official_observed_reference,fd3dd65370549b9602959ec1bae125e69d00190eca9294934f4b7c44c1f966c9
2025-01-31,maximum,Evening,Consumption,4522,19:00,19:30,50.03,official_observed_reference,fd3dd65370549b9602959ec1bae125e69d00190eca9294934f4b7c44c1f966c9
2025-01-31,maximum,Morning,Generation,1482,07:00,07:30,49.92,official_observed_reference,fd3dd65370549b9602959ec1bae125e69d00190eca9294934f4b7c44c1f966c9
2025-01-31,maximum,Morning,Consumption,3679,07:00,07:30,49.92,official_observed_reference,fd3dd65370549b9602959ec1bae125e69d00190eca9294934f4b7c44c1f966c9
2025-01-31,minimum,Night,Generation,146,02:30,03:00,50.04,official_observed_reference,fd3dd65370549b9602959ec1bae125e69d00190eca9294934f4b7c44c1f966c9
2025-01-31,minimum,Night,Consumption,3130,03:30,04:00,50.02,official_observed_reference,fd3dd65370549b9602959ec1bae125e69d00190eca9294934f4b7c44c1f966c9
2025-01-31,minimum,Day,Generation,362,13:30,14:00,50.13,official_observed_reference,fd3dd65370549b9602959ec1bae125e69d00190eca9294934f4b7c44c1f966c9
2025-01-31,minimum,Day,Consumption,3399,13:00,13:30,50.16,official_observed_reference,fd3dd65370549b9602959ec1bae125e69d00190eca9294934f4b7c44c1f966c9
2025-02-01,maximum,Day,Generation,1510,17:30,18:00,50.04,official_observed_reference,16bbbd800cf49a912ccfe9ea47991717b2de34eabf1eb3b28379932d8a0846a2
2025-02-01,maximum,Day,Consumption,4097,16:30,17:00,50.03,official_observed_reference,16bbbd800cf49a912ccfe9ea47991717b2de34eabf1eb3b28379932d8a0846a2
2025-02-01,maximum,Evening,Generation,1608,19:30,20:00,50.15,official_observed_reference,16bbbd800cf49a912ccfe9ea47991717b2de34eabf1eb3b28379932d8a0846a2
2025-02-01,maximum,Evening,Consumption,4497,19:00,19:30,50.04,official_observed_reference,16bbbd800cf49a912ccfe9ea47991717b2de34eabf1eb3b28379932d8a0846a2
2025-02-01,maximum,Morning,Generation,1344,07:00,07:30,49.98,official_observed_reference,16bbbd800cf49a912ccfe9ea47991717b2de34eabf1eb3b28379932d8a0846a2
2025-02-01,maximum,Morning,Consumption,3624,07:00,07:30,49.98,official_observed_reference,16bbbd800cf49a912ccfe9ea47991717b2de34eabf1eb3b28379932d8a0846a2
2025-02-01,minimum,Night,Generation,143,03:30,04:00,50.03,official_observed_reference,16bbbd800cf49a912ccfe9ea47991717b2de34eabf1eb3b28379932d8a0846a2
2025-02-01,minimum,Night,Consumption,3262,04:00,04:30,49.99,official_observed_reference,16bbbd800cf49a912ccfe9ea47991717b2de34eabf1eb3b28379932d8a0846a2
2025-02-01,minimum,Day,Generation,225,05:30,06:00,50.12,official_observed_reference,16bbbd800cf49a912ccfe9ea47991717b2de34eabf1eb3b28379932d8a0846a2
2025-02-01,minimum,Day,Consumption,3397,13:30,14:00,50.03,official_observed_reference,16bbbd800cf49a912ccfe9ea47991717b2de34eabf1eb3b28379932d8a0846a2
2025-02-02,maximum,Day,Generation,606,17:30,18:00,50.12,official_observed_reference,0851eb348838f493dd849be662004bda4e62b8e78ce4b77c86fc81dabaebdb8f
2025-02-02,maximum,Day,Consumption,3559,17:30,18:00,50.12,official_observed_reference,0851eb348838f493dd849be662004bda4e62b8e78ce4b77c86fc81dabaebdb8f
2025-02-02,maximum,Evening,Generation,1460,19:00,19:30,49.95,official_observed_reference,0851eb348838f493dd849be662004bda4e62b8e78ce4b77c86fc81dabaebdb8f
2025-02-02,maximum,Evening,Consumption,4369,22:00,22:30,49.98,official_observed_reference,0851eb348838f493dd849be662004bda4e62b8e78ce4b77c86fc81dabaebdb8f
2025-02-02,maximum,Morning,Generation,956,07:30,08:00,50.09,official_observed_reference,0851eb348838f493dd849be662004bda4e62b8e78ce4b77c86fc81dabaebdb8f
2025-02-02,maximum,Morning,Consumption,3398,06:30,07:00,50.05,official_observed_reference,0851eb348838f493dd849be662004bda4e62b8e78ce4b77c86fc81dabaebdb8f
2025-02-02,minimum,Night,Generation,154,05:00,05:30,50.05,official_observed_reference,0851eb348838f493dd849be662004bda4e62b8e78ce4b77c86fc81dabaebdb8f
2025-02-02,minimum,Night,Consumption,3287,03:30,04:00,50.05,official_observed_reference,0851eb348838f493dd849be662004bda4e62b8e78ce4b77c86fc81dabaebdb8f
2025-02-02,minimum,Day,Generation,162,05:30,06:00,50.10,official_observed_reference,0851eb348838f493dd849be662004bda4e62b8e78ce4b77c86fc81dabaebdb8f
2025-02-02,minimum,Day,Consumption,2748,12:30,13:00,50.00,official_observed_reference,0851eb348838f493dd849be662004bda4e62b8e78ce4b77c86fc81dabaebdb8f
2025-02-03,maximum,Day,Generation,1455,17:30,18:00,50.09,official_observed_reference,02fef2e79c7919a485db5cb0ec865ee0962363ee43cfbf35cd29fc31c3b23a8f
2025-02-03,maximum,Day,Consumption,4193,17:00,17:30,50.12,official_observed_reference,02fef2e79c7919a485db5cb0ec865ee0962363ee43cfbf35cd29fc31c3b23a8f
2025-02-03,maximum,Evening,Generation,1503,18:30,19:00,50.03,official_observed_reference,02fef2e79c7919a485db5cb0ec865ee0962363ee43cfbf35cd29fc31c3b23a8f
2025-02-03,maximum,Evening,Consumption,4520,22:00,22:30,50.02,official_observed_reference,02fef2e79c7919a485db5cb0ec865ee0962363ee43cfbf35cd29fc31c3b23a8f
2025-02-03,maximum,Morning,Generation,1194,07:30,08:00,50.18,official_observed_reference,02fef2e79c7919a485db5cb0ec865ee0962363ee43cfbf35cd29fc31c3b23a8f
2025-02-03,maximum,Morning,Consumption,3637,07:00,07:30,50.05,official_observed_reference,02fef2e79c7919a485db5cb0ec865ee0962363ee43cfbf35cd29fc31c3b23a8f
2025-02-03,minimum,Night,Generation,182,02:30,03:00,49.97,official_observed_reference,02fef2e79c7919a485db5cb0ec865ee0962363ee43cfbf35cd29fc31c3b23a8f
2025-02-03,minimum,Night,Consumption,3228,04:00,04:30,49.97,official_observed_reference,02fef2e79c7919a485db5cb0ec865ee0962363ee43cfbf35cd29fc31c3b23a8f
2025-02-03,minimum,Day,Generation,341,11:00,11:30,50.04,official_observed_reference,02fef2e79c7919a485db5cb0ec865ee0962363ee43cfbf35cd29fc31c3b23a8f
2025-02-03,minimum,Day,Consumption,3298,13:00,13:30,50.04,official_observed_reference,02fef2e79c7919a485db5cb0ec865ee0962363ee43cfbf35cd29fc31c3b23a8f
2025-02-04,maximum,Day,Generation,1511,17:30,18:00,50.06,official_observed_reference,2560d2e92b33a9ad0591b4ce1c7eea53d4a195f80dc641d67a66fa4d45c88d89
2025-02-04,maximum,Day,Consumption,4060,17:30,18:00,50.06,official_observed_reference,2560d2e92b33a9ad0591b4ce1c7eea53d4a195f80dc641d67a66fa4d45c88d89
2025-02-04,maximum,Evening,Generation,1822,18:30,19:00,49.94,official_observed_reference,2560d2e92b33a9ad0591b4ce1c7eea53d4a195f80dc641d67a66fa4d45c88d89
2025-02-04,maximum,Evening,Consumption,4509,19:00,19:30,49.98,official_observed_reference,2560d2e92b33a9ad0591b4ce1c7eea53d4a195f80dc641d67a66fa4d45c88d89
2025-02-04,maximum,Morning,Generation,1430,07:00,07:30,49.99,official_observed_reference,2560d2e92b33a9ad0591b4ce1c7eea53d4a195f80dc641d67a66fa4d45c88d89
2025-02-04,maximum,Morning,Consumption,3629,07:00,07:30,49.99,official_observed_reference,2560d2e92b33a9ad0591b4ce1c7eea53d4a195f80dc641d67a66fa4d45c88d89
2025-02-04,minimum,Night,Generation,114,03:30,04:00,50.08,official_observed_reference,2560d2e92b33a9ad0591b4ce1c7eea53d4a195f80dc641d67a66fa4d45c88d89
2025-02-04,minimum,Night,Consumption,3204,04:30,05:00,50.08,official_observed_reference,2560d2e92b33a9ad0591b4ce1c7eea53d4a195f80dc641d67a66fa4d45c88d89
2025-02-04,minimum,Day,Generation,257,05:30,06:00,50.10,official_observed_reference,2560d2e92b33a9ad0591b4ce1c7eea53d4a195f80dc641d67a66fa4d45c88d89
2025-02-04,minimum,Day,Consumption,3163,13:00,13:30,50.01,official_observed_reference,2560d2e92b33a9ad0591b4ce1c7eea53d4a195f80dc641d67a66fa4d45c88d89
2025-02-05,maximum,Day,Generation,1581,17:30,18:00,50.08,official_observed_reference,9b75a812c2f58cf2e2b54201925d9e1f1c70b30d9cb0a22ad2a109180519b602
2025-02-05,maximum,Day,Consumption,4092,17:30,18:00,50.08,official_observed_reference,9b75a812c2f58cf2e2b54201925d9e1f1c70b30d9cb0a22ad2a109180519b602
2025-02-05,maximum,Evening,Generation,1692,18:30,19:00,49.99,official_observed_reference,9b75a812c2f58cf2e2b54201925d9e1f1c70b30d9cb0a22ad2a109180519b602
2025-02-05,maximum,Evening,Consumption,4479,19:00,19:30,49.94,official_observed_reference,9b75a812c2f58cf2e2b54201925d9e1f1c70b30d9cb0a22ad2a109180519b602
2025-02-05,maximum,Morning,Generation,1474,07:00,07:30,49.97,official_observed_reference,9b75a812c2f58cf2e2b54201925d9e1f1c70b30d9cb0a22ad2a109180519b602
2025-02-05,maximum,Morning,Consumption,3608,07:00,07:30,49.97,official_observed_reference,9b75a812c2f58cf2e2b54201925d9e1f1c70b30d9cb0a22ad2a109180519b602
2025-02-05,minimum,Night,Generation,118,02:30,03:00,50.04,official_observed_reference,9b75a812c2f58cf2e2b54201925d9e1f1c70b30d9cb0a22ad2a109180519b602
2025-02-05,minimum,Night,Consumption,3035,05:00,05:30,50.02,official_observed_reference,9b75a812c2f58cf2e2b54201925d9e1f1c70b30d9cb0a22ad2a109180519b602
2025-02-05,minimum,Day,Generation,261,14:00,14:30,50.04,official_observed_reference,9b75a812c2f58cf2e2b54201925d9e1f1c70b30d9cb0a22ad2a109180519b602
2025-02-05,minimum,Day,Consumption,3084,13:00,13:30,50.07,official_observed_reference,9b75a812c2f58cf2e2b54201925d9e1f1c70b30d9cb0a22ad2a109180519b602
2025-02-06,maximum,Day,Generation,842,17:30,18:00,50.08,official_observed_reference,9bace4863011093547223d5201ee1c8f4cc1907111d5bc0a9d38a1c6b8ae1564
2025-02-06,maximum,Day,Consumption,3964,17:00,17:30,50.07,official_observed_reference,9bace4863011093547223d5201ee1c8f4cc1907111d5bc0a9d38a1c6b8ae1564
2025-02-06,maximum,Evening,Generation,1531,18:30,19:00,50.11,official_observed_reference,9bace4863011093547223d5201ee1c8f4cc1907111d5bc0a9d38a1c6b8ae1564
2025-02-06,maximum,Evening,Consumption,4494,19:00,19:30,50.01,official_observed_reference,9bace4863011093547223d5201ee1c8f4cc1907111d5bc0a9d38a1c6b8ae1564
2025-02-06,maximum,Morning,Generation,1318,07:00,07:30,50.05,official_observed_reference,9bace4863011093547223d5201ee1c8f4cc1907111d5bc0a9d38a1c6b8ae1564
2025-02-06,maximum,Morning,Consumption,3560,07:30,08:00,50.15,official_observed_reference,9bace4863011093547223d5201ee1c8f4cc1907111d5bc0a9d38a1c6b8ae1564
2025-02-06,minimum,Night,Generation,66,01:30,02:00,50.07,official_observed_reference,9bace4863011093547223d5201ee1c8f4cc1907111d5bc0a9d38a1c6b8ae1564
2025-02-06,minimum,Night,Consumption,3159,04:30,05:00,50.12,official_observed_reference,9bace4863011093547223d5201ee1c8f4cc1907111d5bc0a9d38a1c6b8ae1564
2025-02-06,minimum,Day,Generation,196,14:30,15:00,49.98,official_observed_reference,9bace4863011093547223d5201ee1c8f4cc1907111d5bc0a9d38a1c6b8ae1564
2025-02-06,minimum,Day,Consumption,3082,12:30,13:00,50.18,official_observed_reference,9bace4863011093547223d5201ee1c8f4cc1907111d5bc0a9d38a1c6b8ae1564
2025-02-07,maximum,Day,Generation,1279,17:30,18:00,50.11,official_observed_reference,458b777fbd4f1ff27340d88f901bce4e71155dece39723542480f8038cf17a3f
2025-02-07,maximum,Day,Consumption,4008,17:30,18:00,50.11,official_observed_reference,458b777fbd4f1ff27340d88f901bce4e71155dece39723542480f8038cf17a3f
2025-02-07,maximum,Evening,Generation,1687,19:00,19:30,50.04,official_observed_reference,458b777fbd4f1ff27340d88f901bce4e71155dece39723542480f8038cf17a3f
2025-02-07,maximum,Evening,Consumption,4446,19:00,19:30,50.04,official_observed_reference,458b777fbd4f1ff27340d88f901bce4e71155dece39723542480f8038cf17a3f
2025-02-07,maximum,Morning,Generation,1192,07:30,08:00,50.04,official_observed_reference,458b777fbd4f1ff27340d88f901bce4e71155dece39723542480f8038cf17a3f
2025-02-07,maximum,Morning,Consumption,3597,06:30,07:00,50.07,official_observed_reference,458b777fbd4f1ff27340d88f901bce4e71155dece39723542480f8038cf17a3f
2025-02-07,minimum,Night,Generation,210,02:30,03:00,50.02,official_observed_reference,458b777fbd4f1ff27340d88f901bce4e71155dece39723542480f8038cf17a3f
2025-02-07,minimum,Night,Consumption,3154,04:00,04:30,50.01,official_observed_reference,458b777fbd4f1ff27340d88f901bce4e71155dece39723542480f8038cf17a3f
2025-02-07,minimum,Day,Generation,236,13:00,13:30,49.96,official_observed_reference,458b777fbd4f1ff27340d88f901bce4e71155dece39723542480f8038cf17a3f
2025-02-07,minimum,Day,Consumption,2988,13:00,13:30,49.96,official_observed_reference,458b777fbd4f1ff27340d88f901bce4e71155dece39723542480f8038cf17a3f
2025-02-08,maximum,Day,Generation,1098,17:30,18:00,50.06,official_observed_reference,e573dc659d512bc960779683e371d7a5826432f18f6c67921f55b539152eef08
2025-02-08,maximum,Day,Consumption,3866,17:30,18:00,50.06,official_observed_reference,e573dc659d512bc960779683e371d7a5826432f18f6c67921f55b539152eef08
2025-02-08,maximum,Evening,Generation,1672,18:30,19:00,50.02,official_observed_reference,e573dc659d512bc960779683e371d7a5826432f18f6c67921f55b539152eef08
2025-02-08,maximum,Evening,Consumption,4318,19:00,19:30,50.04,official_observed_reference,e573dc659d512bc960779683e371d7a5826432f18f6c67921f55b539152eef08
2025-02-08,maximum,Morning,Generation,1219,08:00,08:30,49.99,official_observed_reference,e573dc659d512bc960779683e371d7a5826432f18f6c67921f55b539152eef08
2025-02-08,maximum,Morning,Consumption,3435,08:00,08:30,49.99,official_observed_reference,e573dc659d512bc960779683e371d7a5826432f18f6c67921f55b539152eef08
2025-02-08,minimum,Night,Generation,316,05:00,05:30,50.08,official_observed_reference,e573dc659d512bc960779683e371d7a5826432f18f6c67921f55b539152eef08
2025-02-08,minimum,Night,Consumption,3126,04:00,04:30,50.03,official_observed_reference,e573dc659d512bc960779683e371d7a5826432f18f6c67921f55b539152eef08
2025-02-08,minimum,Day,Generation,294,05:30,06:00,50.07,official_observed_reference,e573dc659d512bc960779683e371d7a5826432f18f6c67921f55b539152eef08
2025-02-08,minimum,Day,Consumption,2980,13:30,14:00,50.17,official_observed_reference,e573dc659d512bc960779683e371d7a5826432f18f6c67921f55b539152eef08
2025-02-09,maximum,Day,Generation,517,17:30,18:00,50.08,official_observed_reference,442f7bf0d22248690eaadbe21a934103c6fb6805a644e3a67e236d0ee17442a1
2025-02-09,maximum,Day,Consumption,3436,17:30,18:00,50.08,official_observed_reference,442f7bf0d22248690eaadbe21a934103c6fb6805a644e3a67e236d0ee17442a1
2025-02-09,maximum,Evening,Generation,1160,21:00,21:30,50.03,official_observed_reference,442f7bf0d22248690eaadbe21a934103c6fb6805a644e3a67e236d0ee17442a1
2025-02-09,maximum,Evening,Consumption,3988,22:00,22:30,50.01,official_observed_reference,442f7bf0d22248690eaadbe21a934103c6fb6805a644e3a67e236d0ee17442a1
2025-02-09,maximum,Morning,Generation,1103,07:30,08:00,49.96,official_observed_reference,442f7bf0d22248690eaadbe21a934103c6fb6805a644e3a67e236d0ee17442a1
2025-02-09,maximum,Morning,Consumption,3216,07:00,07:30,49.93,official_observed_reference,442f7bf0d22248690eaadbe21a934103c6fb6805a644e3a67e236d0ee17442a1
2025-02-09,minimum,Night,Generation,299,03:30,04:00,50.08,official_observed_reference,442f7bf0d22248690eaadbe21a934103c6fb6805a644e3a67e236d0ee17442a1
2025-02-09,minimum,Night,Consumption,3022,03:30,04:00,50.08,official_observed_reference,442f7bf0d22248690eaadbe21a934103c6fb6805a644e3a67e236d0ee17442a1
2025-02-09,minimum,Day,Generation,347,17:00,17:30,50.09,official_observed_reference,442f7bf0d22248690eaadbe21a934103c6fb6805a644e3a67e236d0ee17442a1
2025-02-09,minimum,Day,Consumption,2472,12:30,13:00,50.04,official_observed_reference,442f7bf0d22248690eaadbe21a934103c6fb6805a644e3a67e236d0ee17442a1
2025-02-10,maximum,Day,Generation,1379,09:00,09:30,49.92,official_observed_reference,6e82f493a1361e9a6cbcfbfedb953df30effc918be1c9e228bb368ae35e1836d
2025-02-10,maximum,Day,Consumption,4039,17:30,18:00,50.09,official_observed_reference,6e82f493a1361e9a6cbcfbfedb953df30effc918be1c9e228bb368ae35e1836d
2025-02-10,maximum,Evening,Generation,1762,19:00,19:30,50.06,official_observed_reference,6e82f493a1361e9a6cbcfbfedb953df30effc918be1c9e228bb368ae35e1836d
2025-02-10,maximum,Evening,Consumption,4476,19:00,19:30,50.06,official_observed_reference,6e82f493a1361e9a6cbcfbfedb953df30effc918be1c9e228bb368ae35e1836d
2025-02-10,maximum,Morning,Generation,1208,07:00,07:30,50.01,official_observed_reference,6e82f493a1361e9a6cbcfbfedb953df30effc918be1c9e228bb368ae35e1836d
2025-02-10,maximum,Morning,Consumption,3500,07:30,08:00,50.13,official_observed_reference,6e82f493a1361e9a6cbcfbfedb953df30effc918be1c9e228bb368ae35e1836d
2025-02-10,minimum,Night,Generation,186,04:00,04:30,50.02,official_observed_reference,6e82f493a1361e9a6cbcfbfedb953df30effc918be1c9e228bb368ae35e1836d
2025-02-10,minimum,Night,Consumption,2998,04:00,04:30,50.02,official_observed_reference,6e82f493a1361e9a6cbcfbfedb953df30effc918be1c9e228bb368ae35e1836d
2025-02-10,minimum,Day,Generation,310,05:30,06:00,50.00,official_observed_reference,6e82f493a1361e9a6cbcfbfedb953df30effc918be1c9e228bb368ae35e1836d
2025-02-10,minimum,Day,Consumption,3090,09:30,10:00,49.99,official_observed_reference,6e82f493a1361e9a6cbcfbfedb953df30effc918be1c9e228bb368ae35e1836d
2025-02-11,maximum,Day,Generation,1356,17:30,18:00,50.07,official_observed_reference,16af2c4a86471347d717a746ccdee8b0fca9d981274776fa8b9976e3f171a53d
2025-02-11,maximum,Day,Consumption,4073,17:00,17:30,50.03,official_observed_reference,16af2c4a86471347d717a746ccdee8b0fca9d981274776fa8b9976e3f171a53d
2025-02-11,maximum,Evening,Generation,1764,19:00,19:30,50,official_observed_reference,16af2c4a86471347d717a746ccdee8b0fca9d981274776fa8b9976e3f171a53d
2025-02-11,maximum,Evening,Consumption,4462,19:00,19:30,50.00,official_observed_reference,16af2c4a86471347d717a746ccdee8b0fca9d981274776fa8b9976e3f171a53d
2025-02-11,maximum,Morning,Generation,1156,07:30,08:00,50.17,official_observed_reference,16af2c4a86471347d717a746ccdee8b0fca9d981274776fa8b9976e3f171a53d
2025-02-11,maximum,Morning,Consumption,3616,07:00,07:30,50.07,official_observed_reference,16af2c4a86471347d717a746ccdee8b0fca9d981274776fa8b9976e3f171a53d
2025-02-11,minimum,Night,Generation,267,03:00,03:30,50.04,official_observed_reference,16af2c4a86471347d717a746ccdee8b0fca9d981274776fa8b9976e3f171a53d
2025-02-11,minimum,Night,Consumption,3101,03:30,04:00,50.02,official_observed_reference,16af2c4a86471347d717a746ccdee8b0fca9d981274776fa8b9976e3f171a53d
2025-02-11,minimum,Day,Generation,353,05:30,06:00,50.10,official_observed_reference,16af2c4a86471347d717a746ccdee8b0fca9d981274776fa8b9976e3f171a53d
2025-02-11,minimum,Day,Consumption,3197,12:30,13:00,50.05,official_observed_reference,16af2c4a86471347d717a746ccdee8b0fca9d981274776fa8b9976e3f171a53d
2025-02-12,maximum,Day,Generation,1197,17:30,18:00,50.05,official_observed_reference,211e45797a251c3503eea0b7704eb3a1157ebd922c21160839ec2c64970dcdc0
2025-02-12,maximum,Day,Consumption,4092,17:30,18:00,50.05,official_observed_reference,211e45797a251c3503eea0b7704eb3a1157ebd922c21160839ec2c64970dcdc0
2025-02-12,maximum,Evening,Generation,1737,19:00,19:30,50.05,official_observed_reference,211e45797a251c3503eea0b7704eb3a1157ebd922c21160839ec2c64970dcdc0
2025-02-12,maximum,Evening,Consumption,4489,19:30,20:00,50.10,official_observed_reference,211e45797a251c3503eea0b7704eb3a1157ebd922c21160839ec2c64970dcdc0
2025-02-12,maximum,Morning,Generation,1190,07:30,08:00,50,official_observed_reference,211e45797a251c3503eea0b7704eb3a1157ebd922c21160839ec2c64970dcdc0
2025-02-12,maximum,Morning,Consumption,3554,06:30,07:00,50.05,official_observed_reference,211e45797a251c3503eea0b7704eb3a1157ebd922c21160839ec2c64970dcdc0
2025-02-12,minimum,Night,Generation,272,00:30,01:00,49.96,official_observed_reference,211e45797a251c3503eea0b7704eb3a1157ebd922c21160839ec2c64970dcdc0
2025-02-12,minimum,Night,Consumption,3139,04:30,05:00,49.99,official_observed_reference,211e45797a251c3503eea0b7704eb3a1157ebd922c21160839ec2c64970dcdc0
2025-02-12,minimum,Day,Generation,382,05:30,06:00,50.06,official_observed_reference,211e45797a251c3503eea0b7704eb3a1157ebd922c21160839ec2c64970dcdc0
2025-02-12,minimum,Day,Consumption,3183,12:30,13:00,50.08,official_observed_reference,211e45797a251c3503eea0b7704eb3a1157ebd922c21160839ec2c64970dcdc0
2025-02-13,maximum,Day,Generation,1570,17:30,18:00,50.15,official_observed_reference,747efd85e8a9af2a5b444e4a69d4dba95980df1aca0a83edb2243e9d391c826d
2025-02-13,maximum,Day,Consumption,4204,17:30,18:00,50.15,official_observed_reference,747efd85e8a9af2a5b444e4a69d4dba95980df1aca0a83edb2243e9d391c826d
2025-02-13,maximum,Evening,Generation,1740,19:00,19:30,49.95,official_observed_reference,747efd85e8a9af2a5b444e4a69d4dba95980df1aca0a83edb2243e9d391c826d
2025-02-13,maximum,Evening,Consumption,4546,19:00,19:30,49.95,official_observed_reference,747efd85e8a9af2a5b444e4a69d4dba95980df1aca0a83edb2243e9d391c826d
2025-02-13,maximum,Morning,Generation,1406,07:00,07:30,49.99,official_observed_reference,747efd85e8a9af2a5b444e4a69d4dba95980df1aca0a83edb2243e9d391c826d
2025-02-13,maximum,Morning,Consumption,3623,06:30,07:00,50.00,official_observed_reference,747efd85e8a9af2a5b444e4a69d4dba95980df1aca0a83edb2243e9d391c826d
2025-02-13,minimum,Night,Generation,398,03:30,04:00,50.05,official_observed_reference,747efd85e8a9af2a5b444e4a69d4dba95980df1aca0a83edb2243e9d391c826d
2025-02-13,minimum,Night,Consumption,3091,03:30,04:00,50.05,official_observed_reference,747efd85e8a9af2a5b444e4a69d4dba95980df1aca0a83edb2243e9d391c826d
2025-02-13,minimum,Day,Generation,510,13:30,14:00,50.07,official_observed_reference,747efd85e8a9af2a5b444e4a69d4dba95980df1aca0a83edb2243e9d391c826d
2025-02-13,minimum,Day,Consumption,3197,12:30,13:00,50.10,official_observed_reference,747efd85e8a9af2a5b444e4a69d4dba95980df1aca0a83edb2243e9d391c826d
2025-02-14,maximum,Day,Generation,1411,17:30,18:00,50.04,official_observed_reference,c7f251bfc1d14feb1f67beb14364c6fa232bcb30fd780a77bd0a045ef3bddff9
2025-02-14,maximum,Day,Consumption,4167,17:00,17:30,50.06,official_observed_reference,c7f251bfc1d14feb1f67beb14364c6fa232bcb30fd780a77bd0a045ef3bddff9
2025-02-14,maximum,Evening,Generation,1733,19:00,19:30,50.06,official_observed_reference,c7f251bfc1d14feb1f67beb14364c6fa232bcb30fd780a77bd0a045ef3bddff9
2025-02-14,maximum,Evening,Consumption,4646,19:00,19:30,50.06,official_observed_reference,c7f251bfc1d14feb1f67beb14364c6fa232bcb30fd780a77bd0a045ef3bddff9
2025-02-14,maximum,Morning,Generation,1479,07:00,07:30,50.04,official_observed_reference,c7f251bfc1d14feb1f67beb14364c6fa232bcb30fd780a77bd0a045ef3bddff9
2025-02-14,maximum,Morning,Consumption,3692,07:00,07:30,50.04,official_observed_reference,c7f251bfc1d14feb1f67beb14364c6fa232bcb30fd780a77bd0a045ef3bddff9
2025-02-14,minimum,Night,Generation,377,15,00:00,50.20,official_observed_reference,c7f251bfc1d14feb1f67beb14364c6fa232bcb30fd780a77bd0a045ef3bddff9
2025-02-14,minimum,Night,Consumption,3178,04:30,05:00,50.05,official_observed_reference,c7f251bfc1d14feb1f67beb14364c6fa232bcb30fd780a77bd0a045ef3bddff9
2025-02-14,minimum,Day,Generation,470,12:00,12:30,50.07,official_observed_reference,c7f251bfc1d14feb1f67beb14364c6fa232bcb30fd780a77bd0a045ef3bddff9
2025-02-14,minimum,Day,Consumption,3242,13:00,13:30,50.20,official_observed_reference,c7f251bfc1d14feb1f67beb14364c6fa232bcb30fd780a77bd0a045ef3bddff9
2025-02-15,maximum,Day,Generation,1091,17:30,18:00,50.06,official_observed_reference,8734dd529c918bb568d2ea4a346c3d29e6a2b4bc52dd80de6be3477d9dfaafa3
2025-02-15,maximum,Day,Consumption,4164,17:30,18:00,50.06,official_observed_reference,8734dd529c918bb568d2ea4a346c3d29e6a2b4bc52dd80de6be3477d9dfaafa3
2025-02-15,maximum,Evening,Generation,1690,18:30,19:00,50.06,official_observed_reference,8734dd529c918bb568d2ea4a346c3d29e6a2b4bc52dd80de6be3477d9dfaafa3
2025-02-15,maximum,Evening,Consumption,4554,19:00,19:30,50.01,official_observed_reference,8734dd529c918bb568d2ea4a346c3d29e6a2b4bc52dd80de6be3477d9dfaafa3
2025-02-15,maximum,Morning,Generation,1170,07:00,07:30,50.01,official_observed_reference,8734dd529c918bb568d2ea4a346c3d29e6a2b4bc52dd80de6be3477d9dfaafa3
2025-02-15,maximum,Morning,Consumption,3589,07:30,08:00,50.11,official_observed_reference,8734dd529c918bb568d2ea4a346c3d29e6a2b4bc52dd80de6be3477d9dfaafa3
2025-02-15,minimum,Night,Generation,301,02:00,02:30,50.02,official_observed_reference,8734dd529c918bb568d2ea4a346c3d29e6a2b4bc52dd80de6be3477d9dfaafa3
2025-02-15,minimum,Night,Consumption,3323,04:00,04:30,50.02,official_observed_reference,8734dd529c918bb568d2ea4a346c3d29e6a2b4bc52dd80de6be3477d9dfaafa3
2025-02-15,minimum,Day,Generation,394,08:30,09:00,50.09,official_observed_reference,8734dd529c918bb568d2ea4a346c3d29e6a2b4bc52dd80de6be3477d9dfaafa3
2025-02-15,minimum,Day,Consumption,3337,13:00,13:30,50.00,official_observed_reference,8734dd529c918bb568d2ea4a346c3d29e6a2b4bc52dd80de6be3477d9dfaafa3
2025-02-16,maximum,Day,Generation,636,10:30,11:00,49.94,official_observed_reference,d987e975822d899f17ad751586c15e34f79da75a3de9af902468e7946a46c388
2025-02-16,maximum,Day,Consumption,3626,17:30,18:00,50.11,official_observed_reference,d987e975822d899f17ad751586c15e34f79da75a3de9af902468e7946a46c388
2025-02-16,maximum,Evening,Generation,1528,22:00,22:30,50.04,official_observed_reference,d987e975822d899f17ad751586c15e34f79da75a3de9af902468e7946a46c388
2025-02-16,maximum,Evening,Consumption,4249,22:00,22:30,50.04,official_observed_reference,d987e975822d899f17ad751586c15e34f79da75a3de9af902468e7946a46c388
2025-02-16,maximum,Morning,Generation,807,07:00,07:30,50.02,official_observed_reference,d987e975822d899f17ad751586c15e34f79da75a3de9af902468e7946a46c388
2025-02-16,maximum,Morning,Consumption,3385,05:30,06:00,50.11,official_observed_reference,d987e975822d899f17ad751586c15e34f79da75a3de9af902468e7946a46c388
2025-02-16,minimum,Night,Generation,339,04:00,04:30,50.02,official_observed_reference,d987e975822d899f17ad751586c15e34f79da75a3de9af902468e7946a46c388
2025-02-16,minimum,Night,Consumption,3261,04:00,04:30,50.02,official_observed_reference,d987e975822d899f17ad751586c15e34f79da75a3de9af902468e7946a46c388
2025-02-16,minimum,Day,Generation,344,14:00,14:30,49.96,official_observed_reference,d987e975822d899f17ad751586c15e34f79da75a3de9af902468e7946a46c388
2025-02-16,minimum,Day,Consumption,2631,12:00,12:30,50.06,official_observed_reference,d987e975822d899f17ad751586c15e34f79da75a3de9af902468e7946a46c388
2025-02-17,maximum,Day,Generation,1703,17:30,18:00,50.1,official_observed_reference,b2d7c0f17a7e7bebb8182d5685e69a5f9da0fa6e0216bc3372576981759482f0
2025-02-17,maximum,Day,Consumption,4234,17:30,18:00,50.10,official_observed_reference,b2d7c0f17a7e7bebb8182d5685e69a5f9da0fa6e0216bc3372576981759482f0
2025-02-17,maximum,Evening,Generation,1749,19:00,19:30,50.04,official_observed_reference,b2d7c0f17a7e7bebb8182d5685e69a5f9da0fa6e0216bc3372576981759482f0
2025-02-17,maximum,Evening,Consumption,4587,22:00,22:30,49.98,official_observed_reference,b2d7c0f17a7e7bebb8182d5685e69a5f9da0fa6e0216bc3372576981759482f0
2025-02-17,maximum,Morning,Generation,1379,07:00,07:30,49.99,official_observed_reference,b2d7c0f17a7e7bebb8182d5685e69a5f9da0fa6e0216bc3372576981759482f0
2025-02-17,maximum,Morning,Consumption,3579,07:30,08:00,50.09,official_observed_reference,b2d7c0f17a7e7bebb8182d5685e69a5f9da0fa6e0216bc3372576981759482f0
2025-02-17,minimum,Night,Generation,324,02:30,03:00,50.04,official_observed_reference,b2d7c0f17a7e7bebb8182d5685e69a5f9da0fa6e0216bc3372576981759482f0
2025-02-17,minimum,Night,Consumption,3178,04:00,04:30,50.00,official_observed_reference,b2d7c0f17a7e7bebb8182d5685e69a5f9da0fa6e0216bc3372576981759482f0
2025-02-17,minimum,Day,Generation,362,05:30,06:00,50.10,official_observed_reference,b2d7c0f17a7e7bebb8182d5685e69a5f9da0fa6e0216bc3372576981759482f0
2025-02-17,minimum,Day,Consumption,3146,12:30,13:00,50.01,official_observed_reference,b2d7c0f17a7e7bebb8182d5685e69a5f9da0fa6e0216bc3372576981759482f0
2025-02-18,maximum,Day,Generation,1482,17:30,18:00,50.08,official_observed_reference,7e5ba0cfd7218f99932ddc8427d2e68f5b5eef164ecfdebb4503494922a3c87a
2025-02-18,maximum,Day,Consumption,4258,17:30,18:00,50.08,official_observed_reference,7e5ba0cfd7218f99932ddc8427d2e68f5b5eef164ecfdebb4503494922a3c87a
2025-02-18,maximum,Evening,Generation,1660,19:30,20:00,50.02,official_observed_reference,7e5ba0cfd7218f99932ddc8427d2e68f5b5eef164ecfdebb4503494922a3c87a
2025-02-18,maximum,Evening,Consumption,4637,19:00,19:30,50.02,official_observed_reference,7e5ba0cfd7218f99932ddc8427d2e68f5b5eef164ecfdebb4503494922a3c87a
2025-02-18,maximum,Morning,Generation,1427,07:00,07:30,50.05,official_observed_reference,7e5ba0cfd7218f99932ddc8427d2e68f5b5eef164ecfdebb4503494922a3c87a
2025-02-18,maximum,Morning,Consumption,3695,07:00,07:30,50.05,official_observed_reference,7e5ba0cfd7218f99932ddc8427d2e68f5b5eef164ecfdebb4503494922a3c87a
2025-02-18,minimum,Night,Generation,333,02:30,03:00,49.98,official_observed_reference,7e5ba0cfd7218f99932ddc8427d2e68f5b5eef164ecfdebb4503494922a3c87a
2025-02-18,minimum,Night,Consumption,3284,04:30,05:00,50.00,official_observed_reference,7e5ba0cfd7218f99932ddc8427d2e68f5b5eef164ecfdebb4503494922a3c87a
2025-02-18,minimum,Day,Generation,435,13:30,14:00,50.10,official_observed_reference,7e5ba0cfd7218f99932ddc8427d2e68f5b5eef164ecfdebb4503494922a3c87a
2025-02-18,minimum,Day,Consumption,3334,12:30,13:00,50.09,official_observed_reference,7e5ba0cfd7218f99932ddc8427d2e68f5b5eef164ecfdebb4503494922a3c87a
2025-02-20,maximum,Day,Generation,1605,17:30,18:00,50.07,official_observed_reference,d715866731a689756824800b42de90766be6329303f43053bd70b60eeac80522
2025-02-20,maximum,Day,Consumption,4243,17:30,18:00,50.07,official_observed_reference,d715866731a689756824800b42de90766be6329303f43053bd70b60eeac80522
2025-02-20,maximum,Evening,Generation,1794,19:00,19:30,50.06,official_observed_reference,d715866731a689756824800b42de90766be6329303f43053bd70b60eeac80522
2025-02-20,maximum,Evening,Consumption,4755,22:00,22:30,50.00,official_observed_reference,d715866731a689756824800b42de90766be6329303f43053bd70b60eeac80522
2025-02-20,maximum,Morning,Generation,1290,07:30,08:00,50.06,official_observed_reference,d715866731a689756824800b42de90766be6329303f43053bd70b60eeac80522
2025-02-20,maximum,Morning,Consumption,3753,07:00,07:30,50.03,official_observed_reference,d715866731a689756824800b42de90766be6329303f43053bd70b60eeac80522
2025-02-20,minimum,Night,Generation,300,03:00,03:30,50.05,official_observed_reference,d715866731a689756824800b42de90766be6329303f43053bd70b60eeac80522
2025-02-20,minimum,Night,Consumption,3364,04:00,04:30,50.04,official_observed_reference,d715866731a689756824800b42de90766be6329303f43053bd70b60eeac80522
2025-02-20,minimum,Day,Generation,383,05:30,06:00,50.02,official_observed_reference,d715866731a689756824800b42de90766be6329303f43053bd70b60eeac80522
2025-02-20,minimum,Day,Consumption,3420,12:00,12:30,49.98,official_observed_reference,d715866731a689756824800b42de90766be6329303f43053bd70b60eeac80522
2025-02-21,maximum,Day,Generation,1412,17:00,17:30,50.09,official_observed_reference,3ff5f4b714d1938816b7fc8f0dc2af668f6b9d291ecc0818e54406de50337e19
2025-02-21,maximum,Day,Consumption,4292,17:00,17:30,50.09,official_observed_reference,3ff5f4b714d1938816b7fc8f0dc2af668f6b9d291ecc0818e54406de50337e19
2025-02-21,maximum,Evening,Generation,1793,19:00,19:30,49.99,official_observed_reference,3ff5f4b714d1938816b7fc8f0dc2af668f6b9d291ecc0818e54406de50337e19
2025-02-21,maximum,Evening,Consumption,4731,22:00,22:30,49.93,official_observed_reference,3ff5f4b714d1938816b7fc8f0dc2af668f6b9d291ecc0818e54406de50337e19
2025-02-21,maximum,Morning,Generation,1417,07:00,07:30,50.01,official_observed_reference,3ff5f4b714d1938816b7fc8f0dc2af668f6b9d291ecc0818e54406de50337e19
2025-02-21,maximum,Morning,Consumption,3836,07:00,07:30,50.01,official_observed_reference,3ff5f4b714d1938816b7fc8f0dc2af668f6b9d291ecc0818e54406de50337e19
2025-02-21,minimum,Night,Generation,328,03:30,04:00,50.02,official_observed_reference,3ff5f4b714d1938816b7fc8f0dc2af668f6b9d291ecc0818e54406de50337e19
2025-02-21,minimum,Night,Consumption,3422,03:30,04:00,50.02,official_observed_reference,3ff5f4b714d1938816b7fc8f0dc2af668f6b9d291ecc0818e54406de50337e19
2025-02-21,minimum,Day,Generation,452,13:30,14:00,50.05,official_observed_reference,3ff5f4b714d1938816b7fc8f0dc2af668f6b9d291ecc0818e54406de50337e19
2025-02-21,minimum,Day,Consumption,3386,13:30,14:00,50.05,official_observed_reference,3ff5f4b714d1938816b7fc8f0dc2af668f6b9d291ecc0818e54406de50337e19
2025-02-22,maximum,Day,Generation,1355,09:00,09:30,50.01,official_observed_reference,d67a82bb87cdadd6e2f9f5319c17fa2378776535b2c30ed95c43bca13ece11fc
2025-02-22,maximum,Day,Consumption,4230,17:00,17:30,50.03,official_observed_reference,d67a82bb87cdadd6e2f9f5319c17fa2378776535b2c30ed95c43bca13ece11fc
2025-02-22,maximum,Evening,Generation,1820,19:00,19:30,50.02,official_observed_reference,d67a82bb87cdadd6e2f9f5319c17fa2378776535b2c30ed95c43bca13ece11fc
2025-02-22,maximum,Evening,Consumption,4653,19:30,20:00,50.06,official_observed_reference,d67a82bb87cdadd6e2f9f5319c17fa2378776535b2c30ed95c43bca13ece11fc
2025-02-22,maximum,Morning,Generation,1289,07:00,07:30,50,official_observed_reference,d67a82bb87cdadd6e2f9f5319c17fa2378776535b2c30ed95c43bca13ece11fc
2025-02-22,maximum,Morning,Consumption,3734,07:00,07:30,50.00,official_observed_reference,d67a82bb87cdadd6e2f9f5319c17fa2378776535b2c30ed95c43bca13ece11fc
2025-02-22,minimum,Night,Generation,334,02:30,03:00,50.06,official_observed_reference,d67a82bb87cdadd6e2f9f5319c17fa2378776535b2c30ed95c43bca13ece11fc
2025-02-22,minimum,Night,Consumption,3489,05:00,05:30,50.04,official_observed_reference,d67a82bb87cdadd6e2f9f5319c17fa2378776535b2c30ed95c43bca13ece11fc
2025-02-22,minimum,Day,Generation,398,14:30,15:00,50.05,official_observed_reference,d67a82bb87cdadd6e2f9f5319c17fa2378776535b2c30ed95c43bca13ece11fc
2025-02-22,minimum,Day,Consumption,3452,13:00,13:30,49.98,official_observed_reference,d67a82bb87cdadd6e2f9f5319c17fa2378776535b2c30ed95c43bca13ece11fc
2025-02-23,maximum,Day,Generation,628,17:30,18:00,50.1,official_observed_reference,f66ff98ba7f0424f53a9a0c328df4416621c0434901c438e1f87122f887b6c2e
2025-02-23,maximum,Day,Consumption,3726,17:30,18:00,50.10,official_observed_reference,f66ff98ba7f0424f53a9a0c328df4416621c0434901c438e1f87122f887b6c2e
2025-02-23,maximum,Evening,Generation,1255,19:00,19:30,50.01,official_observed_reference,f66ff98ba7f0424f53a9a0c328df4416621c0434901c438e1f87122f887b6c2e
2025-02-23,maximum,Evening,Consumption,4654,22:00,22:30,49.95,official_observed_reference,f66ff98ba7f0424f53a9a0c328df4416621c0434901c438e1f87122f887b6c2e
2025-02-23,maximum,Morning,Generation,1005,07:00,07:30,50.05,official_observed_reference,f66ff98ba7f0424f53a9a0c328df4416621c0434901c438e1f87122f887b6c2e
2025-02-23,maximum,Morning,Consumption,3526,06:00,06:30,50.07,official_observed_reference,f66ff98ba7f0424f53a9a0c328df4416621c0434901c438e1f87122f887b6c2e
2025-02-23,minimum,Night,Generation,310,05:00,05:30,50.02,official_observed_reference,f66ff98ba7f0424f53a9a0c328df4416621c0434901c438e1f87122f887b6c2e
2025-02-23,minimum,Night,Consumption,3478,04:30,05:00,49.92,official_observed_reference,f66ff98ba7f0424f53a9a0c328df4416621c0434901c438e1f87122f887b6c2e
2025-02-23,minimum,Day,Generation,321,09:00,09:30,49.92,official_observed_reference,f66ff98ba7f0424f53a9a0c328df4416621c0434901c438e1f87122f887b6c2e
2025-02-23,minimum,Day,Consumption,2881,12:00,12:30,49.98,official_observed_reference,f66ff98ba7f0424f53a9a0c328df4416621c0434901c438e1f87122f887b6c2e
2025-02-24,maximum,Day,Generation,953,17:30,18:00,50.11,official_observed_reference,0509f6ad76752d74b4b956ceea473d23b82cee2c1b7b86927faf4983bb0889e4
2025-02-24,maximum,Day,Consumption,4272,17:30,18:00,50.11,official_observed_reference,0509f6ad76752d74b4b956ceea473d23b82cee2c1b7b86927faf4983bb0889e4
2025-02-24,maximum,Evening,Generation,1766,19:00,19:30,50.04,official_observed_reference,0509f6ad76752d74b4b956ceea473d23b82cee2c1b7b86927faf4983bb0889e4
2025-02-24,maximum,Evening,Consumption,4851,22:00,22:30,50.00,official_observed_reference,0509f6ad76752d74b4b956ceea473d23b82cee2c1b7b86927faf4983bb0889e4
2025-02-24,maximum,Morning,Generation,1118,07:00,07:30,50.06,official_observed_reference,0509f6ad76752d74b4b956ceea473d23b82cee2c1b7b86927faf4983bb0889e4
2025-02-24,maximum,Morning,Consumption,3738,06:30,07:00,49.99,official_observed_reference,0509f6ad76752d74b4b956ceea473d23b82cee2c1b7b86927faf4983bb0889e4
2025-02-24,minimum,Night,Generation,282,04:00,04:30,50.08,official_observed_reference,0509f6ad76752d74b4b956ceea473d23b82cee2c1b7b86927faf4983bb0889e4
2025-02-24,minimum,Night,Consumption,3404,04:00,04:30,50.08,official_observed_reference,0509f6ad76752d74b4b956ceea473d23b82cee2c1b7b86927faf4983bb0889e4
2025-02-24,minimum,Day,Generation,312,08:30,09:00,50.12,official_observed_reference,0509f6ad76752d74b4b956ceea473d23b82cee2c1b7b86927faf4983bb0889e4
2025-02-24,minimum,Day,Consumption,3220,13:00,13:30,50.03,official_observed_reference,0509f6ad76752d74b4b956ceea473d23b82cee2c1b7b86927faf4983bb0889e4
2025-02-25,maximum,Day,Generation,1170,17:00,17:30,50.08,official_observed_reference,ef64d47953f417d77ff1a08055af43c2c5fdc508440c1905acf39e2bea8928bf
2025-02-25,maximum,Day,Consumption,4276,17:00,17:30,50.08,official_observed_reference,ef64d47953f417d77ff1a08055af43c2c5fdc508440c1905acf39e2bea8928bf
2025-02-25,maximum,Evening,Generation,1726,19:00,19:30,50.05,official_observed_reference,ef64d47953f417d77ff1a08055af43c2c5fdc508440c1905acf39e2bea8928bf
2025-02-25,maximum,Evening,Consumption,4779,22:00,22:30,50.04,official_observed_reference,ef64d47953f417d77ff1a08055af43c2c5fdc508440c1905acf39e2bea8928bf
2025-02-25,maximum,Morning,Generation,1112,07:00,07:30,50.11,official_observed_reference,ef64d47953f417d77ff1a08055af43c2c5fdc508440c1905acf39e2bea8928bf
2025-02-25,maximum,Morning,Consumption,3763,07:00,07:30,50.11,official_observed_reference,ef64d47953f417d77ff1a08055af43c2c5fdc508440c1905acf39e2bea8928bf
2025-02-25,minimum,Night,Generation,326,03:30,04:00,50.06,official_observed_reference,ef64d47953f417d77ff1a08055af43c2c5fdc508440c1905acf39e2bea8928bf
2025-02-25,minimum,Night,Consumption,3492,03:30,04:00,50.06,official_observed_reference,ef64d47953f417d77ff1a08055af43c2c5fdc508440c1905acf39e2bea8928bf
2025-02-25,minimum,Day,Generation,358,05:30,06:00,50.22,official_observed_reference,ef64d47953f417d77ff1a08055af43c2c5fdc508440c1905acf39e2bea8928bf
2025-02-25,minimum,Day,Consumption,3290,13:00,13:30,50.00,official_observed_reference,ef64d47953f417d77ff1a08055af43c2c5fdc508440c1905acf39e2bea8928bf
2025-02-26,maximum,Day,Generation,560,09:00,09:30,50.09,official_observed_reference,536f1b44d35de7c3fd04c5530d2d1a56cfe46bd07c2a4b3298510cf13ce80e3e
2025-02-26,maximum,Day,Consumption,4140,17:30,18:00,50.11,official_observed_reference,536f1b44d35de7c3fd04c5530d2d1a56cfe46bd07c2a4b3298510cf13ce80e3e
2025-02-26,maximum,Evening,Generation,1475,19:00,19:30,50.06,official_observed_reference,536f1b44d35de7c3fd04c5530d2d1a56cfe46bd07c2a4b3298510cf13ce80e3e
2025-02-26,maximum,Evening,Consumption,4648,22:00,22:30,49.90,official_observed_reference,536f1b44d35de7c3fd04c5530d2d1a56cfe46bd07c2a4b3298510cf13ce80e3e
2025-02-26,maximum,Morning,Generation,1071,07:30,08:00,50.03,official_observed_reference,536f1b44d35de7c3fd04c5530d2d1a56cfe46bd07c2a4b3298510cf13ce80e3e
2025-02-26,maximum,Morning,Consumption,3667,07:00,07:30,50.06,official_observed_reference,536f1b44d35de7c3fd04c5530d2d1a56cfe46bd07c2a4b3298510cf13ce80e3e
2025-02-26,minimum,Night,Generation,295,05:00,05:30,50.05,official_observed_reference,536f1b44d35de7c3fd04c5530d2d1a56cfe46bd07c2a4b3298510cf13ce80e3e
2025-02-26,minimum,Night,Consumption,3508,04:00,04:30,50.04,official_observed_reference,536f1b44d35de7c3fd04c5530d2d1a56cfe46bd07c2a4b3298510cf13ce80e3e
2025-02-26,minimum,Day,Generation,334,15:00,15:30,50.02,official_observed_reference,536f1b44d35de7c3fd04c5530d2d1a56cfe46bd07c2a4b3298510cf13ce80e3e
2025-02-26,minimum,Day,Consumption,3309,13:00,13:30,49.95,official_observed_reference,536f1b44d35de7c3fd04c5530d2d1a56cfe46bd07c2a4b3298510cf13ce80e3e
2025-02-27,maximum,Day,Generation,1061,17:30,18:00,50.11,official_observed_reference,bc40c108f72729a3ab4dd81558e9a8e412a4222416b250572d241f776d3487b6
2025-02-27,maximum,Day,Consumption,4294,17:30,18:00,50.11,official_observed_reference,bc40c108f72729a3ab4dd81558e9a8e412a4222416b250572d241f776d3487b6
2025-02-27,maximum,Evening,Generation,1512,19:30,20:00,50.04,official_observed_reference,bc40c108f72729a3ab4dd81558e9a8e412a4222416b250572d241f776d3487b6
2025-02-27,maximum,Evening,Consumption,4854,22:00,22:30,49.99,official_observed_reference,bc40c108f72729a3ab4dd81558e9a8e412a4222416b250572d241f776d3487b6
2025-02-27,maximum,Morning,Generation,1012,07:00,07:30,50.1,official_observed_reference,bc40c108f72729a3ab4dd81558e9a8e412a4222416b250572d241f776d3487b6
2025-02-27,maximum,Morning,Consumption,3707,07:00,07:30,50.10,official_observed_reference,bc40c108f72729a3ab4dd81558e9a8e412a4222416b250572d241f776d3487b6
2025-02-27,minimum,Night,Generation,258,03:30,04:00,50.07,official_observed_reference,bc40c108f72729a3ab4dd81558e9a8e412a4222416b250572d241f776d3487b6
2025-02-27,minimum,Night,Consumption,3442,04:30,05:00,50.06,official_observed_reference,bc40c108f72729a3ab4dd81558e9a8e412a4222416b250572d241f776d3487b6
2025-02-27,minimum,Day,Generation,261,05:30,06:00,50.09,official_observed_reference,bc40c108f72729a3ab4dd81558e9a8e412a4222416b250572d241f776d3487b6
2025-02-27,minimum,Day,Consumption,3366,13:00,13:30,50.04,official_observed_reference,bc40c108f72729a3ab4dd81558e9a8e412a4222416b250572d241f776d3487b6
2025-02-28,maximum,Day,Generation,1348,16:30,17:00,50.1,official_observed_reference,512ab3a5de89dfad40c2a91785f3bb238500e7ff9141ad31d97c0ebdb832ac1a
2025-02-28,maximum,Day,Consumption,4366,17:00,17:30,50.08,official_observed_reference,512ab3a5de89dfad40c2a91785f3bb238500e7ff9141ad31d97c0ebdb832ac1a
2025-02-28,maximum,Evening,Generation,1643,19:00,19:30,50.01,official_observed_reference,512ab3a5de89dfad40c2a91785f3bb238500e7ff9141ad31d97c0ebdb832ac1a
2025-02-28,maximum,Evening,Consumption,5015,22:30,23:00,50.01,official_observed_reference,512ab3a5de89dfad40c2a91785f3bb238500e7ff9141ad31d97c0ebdb832ac1a
2025-02-28,maximum,Morning,Generation,1134,07:00,07:30,49.93,official_observed_reference,512ab3a5de89dfad40c2a91785f3bb238500e7ff9141ad31d97c0ebdb832ac1a
2025-02-28,maximum,Morning,Consumption,3811,06:30,07:00,49.98,official_observed_reference,512ab3a5de89dfad40c2a91785f3bb238500e7ff9141ad31d97c0ebdb832ac1a
2025-02-28,minimum,Night,Generation,369,03:00,03:30,50.05,official_observed_reference,512ab3a5de89dfad40c2a91785f3bb238500e7ff9141ad31d97c0ebdb832ac1a
2025-02-28,minimum,Night,Consumption,3571,04:30,05:00,50.05,official_observed_reference,512ab3a5de89dfad40c2a91785f3bb238500e7ff9141ad31d97c0ebdb832ac1a
2025-02-28,minimum,Day,Generation,451,13:30,14:00,50.06,official_observed_reference,512ab3a5de89dfad40c2a91785f3bb238500e7ff9141ad31d97c0ebdb832ac1a
2025-02-28,minimum,Day,Consumption,3475,13:30,14:00,50.06,official_observed_reference,512ab3a5de89dfad40c2a91785f3bb238500e7ff9141ad31d97c0ebdb832ac1a
2025-03-01,maximum,Day,Generation,1537,17:30,18:00,50.01,official_observed_reference,8cbd773a0b09f50d550903f519c476566f5a1358f06d78b69db07fab36216d72
2025-03-01,maximum,Day,Consumption,4326,16:30,17:00,50.09,official_observed_reference,8cbd773a0b09f50d550903f519c476566f5a1358f06d78b69db07fab36216d72
2025-03-01,maximum,Evening,Generation,1736,19:00,19:30,50.05,official_observed_reference,8cbd773a0b09f50d550903f519c476566f5a1358f06d78b69db07fab36216d72
2025-03-01,maximum,Evening,Consumption,4956,22:30,23:00,50.01,official_observed_reference,8cbd773a0b09f50d550903f519c476566f5a1358f06d78b69db07fab36216d72
2025-03-01,maximum,Morning,Generation,1097,07:00,07:30,50.09,official_observed_reference,8cbd773a0b09f50d550903f519c476566f5a1358f06d78b69db07fab36216d72
2025-03-01,maximum,Morning,Consumption,3829,06:30,07:00,50.04,official_observed_reference,8cbd773a0b09f50d550903f519c476566f5a1358f06d78b69db07fab36216d72
2025-03-01,minimum,Night,Generation,397,04:30,05:00,50.08,official_observed_reference,8cbd773a0b09f50d550903f519c476566f5a1358f06d78b69db07fab36216d72
2025-03-01,minimum,Night,Consumption,3594,04:30,05:00,50.08,official_observed_reference,8cbd773a0b09f50d550903f519c476566f5a1358f06d78b69db07fab36216d72
2025-03-01,minimum,Day,Generation,583,13:30,14:00,49.96,official_observed_reference,8cbd773a0b09f50d550903f519c476566f5a1358f06d78b69db07fab36216d72
2025-03-01,minimum,Day,Consumption,3712,09:00,09:30,50.04,official_observed_reference,8cbd773a0b09f50d550903f519c476566f5a1358f06d78b69db07fab36216d72
2025-03-02,maximum,Day,Generation,862,17:30,18:00,50.11,official_observed_reference,d848da626bf8e09e9ae7fd7861fcf45e7c3751f871c870eef0d22e6b62bb51fc
2025-03-02,maximum,Day,Consumption,3798,17:30,18:00,50.11,official_observed_reference,d848da626bf8e09e9ae7fd7861fcf45e7c3751f871c870eef0d22e6b62bb51fc
2025-03-02,maximum,Evening,Generation,1497,19:00,19:30,49.98,official_observed_reference,d848da626bf8e09e9ae7fd7861fcf45e7c3751f871c870eef0d22e6b62bb51fc
2025-03-02,maximum,Evening,Consumption,4424,22:30,23:00,50.03,official_observed_reference,d848da626bf8e09e9ae7fd7861fcf45e7c3751f871c870eef0d22e6b62bb51fc
2025-03-02,maximum,Morning,Generation,1179,06:00,06:30,50.08,official_observed_reference,d848da626bf8e09e9ae7fd7861fcf45e7c3751f871c870eef0d22e6b62bb51fc
2025-03-02,maximum,Morning,Consumption,3725,05:00,05:30,50.05,official_observed_reference,d848da626bf8e09e9ae7fd7861fcf45e7c3751f871c870eef0d22e6b62bb51fc
2025-03-02,minimum,Night,Generation,425,04:30,05:00,50.06,official_observed_reference,d848da626bf8e09e9ae7fd7861fcf45e7c3751f871c870eef0d22e6b62bb51fc
2025-03-02,minimum,Night,Consumption,3665,04:30,05:00,50.06,official_observed_reference,d848da626bf8e09e9ae7fd7861fcf45e7c3751f871c870eef0d22e6b62bb51fc
2025-03-02,minimum,Day,Generation,256,09:30,10:00,50.12,official_observed_reference,d848da626bf8e09e9ae7fd7861fcf45e7c3751f871c870eef0d22e6b62bb51fc
2025-03-02,minimum,Day,Consumption,3092,10:30,11:00,50.05,official_observed_reference,d848da626bf8e09e9ae7fd7861fcf45e7c3751f871c870eef0d22e6b62bb51fc
2025-03-03,maximum,Day,Generation,1257,16:30,17:00,50.07,official_observed_reference,7fe58bdfa8dd1c8e53b44e23f65017ca9630761fe025742db646577a85d57a7f
2025-03-03,maximum,Day,Consumption,4382,16:30,17:00,50.07,official_observed_reference,7fe58bdfa8dd1c8e53b44e23f65017ca9630761fe025742db646577a85d57a7f
2025-03-03,maximum,Evening,Generation,1677,20:30,21:00,50.06,official_observed_reference,7fe58bdfa8dd1c8e53b44e23f65017ca9630761fe025742db646577a85d57a7f
2025-03-03,maximum,Evening,Consumption,4919,22:30,23:00,50.00,official_observed_reference,7fe58bdfa8dd1c8e53b44e23f65017ca9630761fe025742db646577a85d57a7f
2025-03-03,maximum,Morning,Generation,1280,07:00,07:30,50.07,official_observed_reference,7fe58bdfa8dd1c8e53b44e23f65017ca9630761fe025742db646577a85d57a7f
2025-03-03,maximum,Morning,Consumption,3656,06:00,06:30,49.94,official_observed_reference,7fe58bdfa8dd1c8e53b44e23f65017ca9630761fe025742db646577a85d57a7f
2025-03-03,minimum,Night,Generation,288,03:00,03:30,50.00,official_observed_reference,7fe58bdfa8dd1c8e53b44e23f65017ca9630761fe025742db646577a85d57a7f
2025-03-03,minimum,Night,Consumption,3455,04:00,04:30,50.03,official_observed_reference,7fe58bdfa8dd1c8e53b44e23f65017ca9630761fe025742db646577a85d57a7f
2025-03-03,minimum,Day,Generation,364,12:00,12:30,50.01,official_observed_reference,7fe58bdfa8dd1c8e53b44e23f65017ca9630761fe025742db646577a85d57a7f
2025-03-03,minimum,Day,Consumption,3578,09:00,09:30,50.03,official_observed_reference,7fe58bdfa8dd1c8e53b44e23f65017ca9630761fe025742db646577a85d57a7f
2025-03-04,maximum,Day,Generation,1091,17:30,18:00,50.16,official_observed_reference,17d2e30543d073e1eea1a4e607d56685023032b5a7d80c2f61b56b4c27ed6ccc
2025-03-04,maximum,Day,Consumption,4467,17:00,17:30,50.10,official_observed_reference,17d2e30543d073e1eea1a4e607d56685023032b5a7d80c2f61b56b4c27ed6ccc
2025-03-04,maximum,Evening,Generation,1661,20:00,20:30,50.11,official_observed_reference,17d2e30543d073e1eea1a4e607d56685023032b5a7d80c2f61b56b4c27ed6ccc
2025-03-04,maximum,Evening,Consumption,5122,22:30,23:00,49.96,official_observed_reference,17d2e30543d073e1eea1a4e607d56685023032b5a7d80c2f61b56b4c27ed6ccc
2025-03-04,maximum,Morning,Generation,1320,07:00,07:30,50.05,official_observed_reference,17d2e30543d073e1eea1a4e607d56685023032b5a7d80c2f61b56b4c27ed6ccc
2025-03-04,maximum,Morning,Consumption,3894,06:00,06:30,50.07,official_observed_reference,17d2e30543d073e1eea1a4e607d56685023032b5a7d80c2f61b56b4c27ed6ccc
2025-03-04,minimum,Night,Generation,285,02:30,03:00,50.04,official_observed_reference,17d2e30543d073e1eea1a4e607d56685023032b5a7d80c2f61b56b4c27ed6ccc
2025-03-04,minimum,Night,Consumption,3719,04:00,04:30,50.06,official_observed_reference,17d2e30543d073e1eea1a4e607d56685023032b5a7d80c2f61b56b4c27ed6ccc
2025-03-04,minimum,Day,Generation,381,11:00,11:30,50.05,official_observed_reference,17d2e30543d073e1eea1a4e607d56685023032b5a7d80c2f61b56b4c27ed6ccc
2025-03-04,minimum,Day,Consumption,3731,13:00,13:30,50.18,official_observed_reference,17d2e30543d073e1eea1a4e607d56685023032b5a7d80c2f61b56b4c27ed6ccc
2025-03-06,maximum,Day,Generation,868,17:30,18:00,50.06,official_observed_reference,d60edef5917e5b51b256089257e3e46623df7bbd2903fea33582947b90b2a1eb
2025-03-06,maximum,Day,Consumption,4534,17:00,17:30,50.08,official_observed_reference,d60edef5917e5b51b256089257e3e46623df7bbd2903fea33582947b90b2a1eb
2025-03-06,maximum,Evening,Generation,1589,18:30,19:00,49.89,official_observed_reference,d60edef5917e5b51b256089257e3e46623df7bbd2903fea33582947b90b2a1eb
2025-03-06,maximum,Evening,Consumption,5205,22:30,23:00,50.00,official_observed_reference,d60edef5917e5b51b256089257e3e46623df7bbd2903fea33582947b90b2a1eb
2025-03-06,maximum,Morning,Generation,1217,07:00,07:30,50.06,official_observed_reference,d60edef5917e5b51b256089257e3e46623df7bbd2903fea33582947b90b2a1eb
2025-03-06,maximum,Morning,Consumption,3900,07:00,07:30,50.06,official_observed_reference,d60edef5917e5b51b256089257e3e46623df7bbd2903fea33582947b90b2a1eb
2025-03-06,minimum,Night,Generation,355,01:30,02:00,50.06,official_observed_reference,d60edef5917e5b51b256089257e3e46623df7bbd2903fea33582947b90b2a1eb
2025-03-06,minimum,Night,Consumption,3786,04:30,05:00,50.08,official_observed_reference,d60edef5917e5b51b256089257e3e46623df7bbd2903fea33582947b90b2a1eb
2025-03-06,minimum,Day,Generation,318,11:00,11:30,50.05,official_observed_reference,d60edef5917e5b51b256089257e3e46623df7bbd2903fea33582947b90b2a1eb
2025-03-06,minimum,Day,Consumption,3746,12:00,12:30,50.01,official_observed_reference,d60edef5917e5b51b256089257e3e46623df7bbd2903fea33582947b90b2a1eb
2025-03-07,maximum,Day,Generation,1025,17:00,17:30,50.08,official_observed_reference,af8923151d92ab1c38024a318fa3569ac904f103bea5f581b705c4963c9b8a97
2025-03-07,maximum,Day,Consumption,4520,16:30,17:00,50.02,official_observed_reference,af8923151d92ab1c38024a318fa3569ac904f103bea5f581b705c4963c9b8a97
2025-03-07,maximum,Evening,Generation,1636,18:30,19:00,50,official_observed_reference,af8923151d92ab1c38024a318fa3569ac904f103bea5f581b705c4963c9b8a97
2025-03-07,maximum,Evening,Consumption,5146,22:30,23:00,50.04,official_observed_reference,af8923151d92ab1c38024a318fa3569ac904f103bea5f581b705c4963c9b8a97
2025-03-07,maximum,Morning,Generation,1177,07:00,07:30,50.05,official_observed_reference,af8923151d92ab1c38024a318fa3569ac904f103bea5f581b705c4963c9b8a97
2025-03-07,maximum,Morning,Consumption,3966,06:30,07:00,50.00,official_observed_reference,af8923151d92ab1c38024a318fa3569ac904f103bea5f581b705c4963c9b8a97
2025-03-07,minimum,Night,Generation,202,02:30,03:00,50.00,official_observed_reference,af8923151d92ab1c38024a318fa3569ac904f103bea5f581b705c4963c9b8a97
2025-03-07,minimum,Night,Consumption,3797,04:00,04:30,50.04,official_observed_reference,af8923151d92ab1c38024a318fa3569ac904f103bea5f581b705c4963c9b8a97
2025-03-07,minimum,Day,Generation,353,15:00,15:30,50.04,official_observed_reference,af8923151d92ab1c38024a318fa3569ac904f103bea5f581b705c4963c9b8a97
2025-03-07,minimum,Day,Consumption,3710,13:00,13:30,50.12,official_observed_reference,af8923151d92ab1c38024a318fa3569ac904f103bea5f581b705c4963c9b8a97
2025-03-08,maximum,Day,Generation,876,17:30,18:00,50.06,official_observed_reference,a2e1ffe6aaa12cde6f9d3c3ebfe3341bc8cc9b1365a61cda1d53275222815e88
2025-03-08,maximum,Day,Consumption,4375,17:30,18:00,50.06,official_observed_reference,a2e1ffe6aaa12cde6f9d3c3ebfe3341bc8cc9b1365a61cda1d53275222815e88
2025-03-08,maximum,Evening,Generation,1621,19:00,19:30,49.98,official_observed_reference,a2e1ffe6aaa12cde6f9d3c3ebfe3341bc8cc9b1365a61cda1d53275222815e88
2025-03-08,maximum,Evening,Consumption,5072,22:30,23:00,50.04,official_observed_reference,a2e1ffe6aaa12cde6f9d3c3ebfe3341bc8cc9b1365a61cda1d53275222815e88
2025-03-08,maximum,Morning,Generation,1023,07:00,07:30,50.06,official_observed_reference,a2e1ffe6aaa12cde6f9d3c3ebfe3341bc8cc9b1365a61cda1d53275222815e88
2025-03-08,maximum,Morning,Consumption,3890,05:30,06:00,50.12,official_observed_reference,a2e1ffe6aaa12cde6f9d3c3ebfe3341bc8cc9b1365a61cda1d53275222815e88
2025-03-08,minimum,Night,Generation,200,02:00,02:30,50.02,official_observed_reference,a2e1ffe6aaa12cde6f9d3c3ebfe3341bc8cc9b1365a61cda1d53275222815e88
2025-03-08,minimum,Night,Consumption,3813,04:30,05:00,50.05,official_observed_reference,a2e1ffe6aaa12cde6f9d3c3ebfe3341bc8cc9b1365a61cda1d53275222815e88
2025-03-08,minimum,Day,Generation,388,15:00,15:30,50.09,official_observed_reference,a2e1ffe6aaa12cde6f9d3c3ebfe3341bc8cc9b1365a61cda1d53275222815e88
2025-03-08,minimum,Day,Consumption,3708,10:00,10:30,50.01,official_observed_reference,a2e1ffe6aaa12cde6f9d3c3ebfe3341bc8cc9b1365a61cda1d53275222815e88
2025-03-09,maximum,Day,Generation,850,17:30,18:00,50.12,official_observed_reference,3333cd3bbd6b68baca579d13b2c9a9990aed0e21813c609fdae8a8cee4d17743
2025-03-09,maximum,Day,Consumption,4012,17:30,18:00,50.12,official_observed_reference,3333cd3bbd6b68baca579d13b2c9a9990aed0e21813c609fdae8a8cee4d17743
2025-03-09,maximum,Evening,Generation,1510,19:00,19:30,50.02,official_observed_reference,3333cd3bbd6b68baca579d13b2c9a9990aed0e21813c609fdae8a8cee4d17743
2025-03-09,maximum,Evening,Consumption,5106,22:30,23:00,49.98,official_observed_reference,3333cd3bbd6b68baca579d13b2c9a9990aed0e21813c609fdae8a8cee4d17743
2025-03-09,maximum,Morning,Generation,1225,06:30,07:00,50.01,official_observed_reference,3333cd3bbd6b68baca579d13b2c9a9990aed0e21813c609fdae8a8cee4d17743
2025-03-09,maximum,Morning,Consumption,3913,05:00,05:30,50.04,official_observed_reference,3333cd3bbd6b68baca579d13b2c9a9990aed0e21813c609fdae8a8cee4d17743
2025-03-09,minimum,Night,Generation,277,03:00,03:30,49.98,official_observed_reference,3333cd3bbd6b68baca579d13b2c9a9990aed0e21813c609fdae8a8cee4d17743
2025-03-09,minimum,Night,Consumption,3801,03:30,04:00,50.04,official_observed_reference,3333cd3bbd6b68baca579d13b2c9a9990aed0e21813c609fdae8a8cee4d17743
2025-03-09,minimum,Day,Generation,326,09:00,09:30,50.05,official_observed_reference,3333cd3bbd6b68baca579d13b2c9a9990aed0e21813c609fdae8a8cee4d17743
2025-03-09,minimum,Day,Consumption,3076,11:00,11:30,50.03,official_observed_reference,3333cd3bbd6b68baca579d13b2c9a9990aed0e21813c609fdae8a8cee4d17743
2025-03-11,maximum,Day,Generation,973,17:30,18:00,50.07,official_observed_reference,823faa6a6f3d6b9d18129d4efb50868da037f63acf1cf424d2651e8dcd7366d3
2025-03-11,maximum,Day,Consumption,4423,16:30,17:00,50.05,official_observed_reference,823faa6a6f3d6b9d18129d4efb50868da037f63acf1cf424d2651e8dcd7366d3
2025-03-11,maximum,Evening,Generation,1493,18:30,19:00,49.96,official_observed_reference,823faa6a6f3d6b9d18129d4efb50868da037f63acf1cf424d2651e8dcd7366d3
2025-03-11,maximum,Evening,Consumption,4979,22:00,22:30,50.06,official_observed_reference,823faa6a6f3d6b9d18129d4efb50868da037f63acf1cf424d2651e8dcd7366d3
2025-03-11,maximum,Morning,Generation,1269,06:30,07:00,50.05,official_observed_reference,823faa6a6f3d6b9d18129d4efb50868da037f63acf1cf424d2651e8dcd7366d3
2025-03-11,maximum,Morning,Consumption,3883,06:30,07:00,50.05,official_observed_reference,823faa6a6f3d6b9d18129d4efb50868da037f63acf1cf424d2651e8dcd7366d3
2025-03-11,minimum,Night,Generation,258,02:30,03:00,50.00,official_observed_reference,823faa6a6f3d6b9d18129d4efb50868da037f63acf1cf424d2651e8dcd7366d3
2025-03-11,minimum,Night,Consumption,3712,05:00,05:30,50.02,official_observed_reference,823faa6a6f3d6b9d18129d4efb50868da037f63acf1cf424d2651e8dcd7366d3
2025-03-11,minimum,Day,Generation,395,11:30,12:00,50.06,official_observed_reference,823faa6a6f3d6b9d18129d4efb50868da037f63acf1cf424d2651e8dcd7366d3
2025-03-11,minimum,Day,Consumption,3647,09:00,09:30,50.03,official_observed_reference,823faa6a6f3d6b9d18129d4efb50868da037f63acf1cf424d2651e8dcd7366d3
2025-03-12,maximum,Day,Generation,1044,09:30,10:00,50.05,official_observed_reference,ec01af439ba49c9f3b38a7203043898b7fc7a9e6aa95ede2f55c7ac091e41821
2025-03-12,maximum,Day,Consumption,4119,16:00,16:30,50.04,official_observed_reference,ec01af439ba49c9f3b38a7203043898b7fc7a9e6aa95ede2f55c7ac091e41821
2025-03-12,maximum,Evening,Generation,1299,19:00,19:30,50.03,official_observed_reference,ec01af439ba49c9f3b38a7203043898b7fc7a9e6aa95ede2f55c7ac091e41821
2025-03-12,maximum,Evening,Consumption,4388,22:00,22:30,49.88,official_observed_reference,ec01af439ba49c9f3b38a7203043898b7fc7a9e6aa95ede2f55c7ac091e41821
2025-03-12,maximum,Morning,Generation,1207,06:30,07:00,50.06,official_observed_reference,ec01af439ba49c9f3b38a7203043898b7fc7a9e6aa95ede2f55c7ac091e41821
2025-03-12,maximum,Morning,Consumption,3830,06:30,07:00,50.06,official_observed_reference,ec01af439ba49c9f3b38a7203043898b7fc7a9e6aa95ede2f55c7ac091e41821
2025-03-12,minimum,Night,Generation,277,02:30,03:00,50.04,official_observed_reference,ec01af439ba49c9f3b38a7203043898b7fc7a9e6aa95ede2f55c7ac091e41821
2025-03-12,minimum,Night,Consumption,3671,04:30,05:00,50.06,official_observed_reference,ec01af439ba49c9f3b38a7203043898b7fc7a9e6aa95ede2f55c7ac091e41821
2025-03-12,minimum,Day,Generation,291,15:30,16:00,50.12,official_observed_reference,ec01af439ba49c9f3b38a7203043898b7fc7a9e6aa95ede2f55c7ac091e41821
2025-03-12,minimum,Day,Consumption,3635,10:00,10:30,49.98,official_observed_reference,ec01af439ba49c9f3b38a7203043898b7fc7a9e6aa95ede2f55c7ac091e41821
2025-03-13,maximum,Day,Generation,718,17:30,18:00,50.08,official_observed_reference,f09ce5b8c935df3f485cfab117f704dbc374cef8c919f5e75b957d8c851e7947
2025-03-13,maximum,Day,Consumption,4184,17:30,18:00,50.08,official_observed_reference,f09ce5b8c935df3f485cfab117f704dbc374cef8c919f5e75b957d8c851e7947
2025-03-13,maximum,Evening,Generation,1672,19:00,19:30,50.05,official_observed_reference,f09ce5b8c935df3f485cfab117f704dbc374cef8c919f5e75b957d8c851e7947
2025-03-13,maximum,Evening,Consumption,4907,22:00,22:30,49.95,official_observed_reference,f09ce5b8c935df3f485cfab117f704dbc374cef8c919f5e75b957d8c851e7947
2025-03-13,maximum,Morning,Generation,924,07:00,07:30,50.06,official_observed_reference,f09ce5b8c935df3f485cfab117f704dbc374cef8c919f5e75b957d8c851e7947
2025-03-13,maximum,Morning,Consumption,3525,06:30,07:00,50.03,official_observed_reference,f09ce5b8c935df3f485cfab117f704dbc374cef8c919f5e75b957d8c851e7947
2025-03-13,minimum,Night,Generation,190,01:30,02:00,50.05,official_observed_reference,f09ce5b8c935df3f485cfab117f704dbc374cef8c919f5e75b957d8c851e7947
2025-03-13,minimum,Night,Consumption,3396,04:30,05:00,50.06,official_observed_reference,f09ce5b8c935df3f485cfab117f704dbc374cef8c919f5e75b957d8c851e7947
2025-03-13,minimum,Day,Generation,320,08:30,09:00,50.06,official_observed_reference,f09ce5b8c935df3f485cfab117f704dbc374cef8c919f5e75b957d8c851e7947
2025-03-13,minimum,Day,Consumption,3254,09:30,10:00,50.01,official_observed_reference,f09ce5b8c935df3f485cfab117f704dbc374cef8c919f5e75b957d8c851e7947
2025-03-14,maximum,Day,Generation,482,10:00,10:30,50.04,official_observed_reference,d99a9ab42a74d4e87a588d01f078ff13b8b16c0a9b813f59ea7066c04231a15b
2025-03-14,maximum,Day,Consumption,4201,17:30,18:00,50.23,official_observed_reference,d99a9ab42a74d4e87a588d01f078ff13b8b16c0a9b813f59ea7066c04231a15b
2025-03-14,maximum,Evening,Generation,864,19:30,20:00,50.06,official_observed_reference,d99a9ab42a74d4e87a588d01f078ff13b8b16c0a9b813f59ea7066c04231a15b
2025-03-14,maximum,Evening,Consumption,4980,22:30,23:00,50.04,official_observed_reference,d99a9ab42a74d4e87a588d01f078ff13b8b16c0a9b813f59ea7066c04231a15b
2025-03-14,maximum,Morning,Generation,630,06:30,07:00,50.02,official_observed_reference,d99a9ab42a74d4e87a588d01f078ff13b8b16c0a9b813f59ea7066c04231a15b
2025-03-14,maximum,Morning,Consumption,3736,06:30,07:00,50.02,official_observed_reference,d99a9ab42a74d4e87a588d01f078ff13b8b16c0a9b813f59ea7066c04231a15b
2025-03-14,minimum,Night,Generation,215,03:00,03:30,50.02,official_observed_reference,d99a9ab42a74d4e87a588d01f078ff13b8b16c0a9b813f59ea7066c04231a15b
2025-03-14,minimum,Night,Consumption,3590,04:30,05:00,50.06,official_observed_reference,d99a9ab42a74d4e87a588d01f078ff13b8b16c0a9b813f59ea7066c04231a15b
2025-03-14,minimum,Day,Generation,281,15:00,15:30,50.02,official_observed_reference,d99a9ab42a74d4e87a588d01f078ff13b8b16c0a9b813f59ea7066c04231a15b
2025-03-14,minimum,Day,Consumption,3450,13:00,13:30,50.20,official_observed_reference,d99a9ab42a74d4e87a588d01f078ff13b8b16c0a9b813f59ea7066c04231a15b
2025-03-15,maximum,Day,Generation,844,17:30,18:00,50.05,official_observed_reference,d6735fa76371804cd773b8b4b4bb092a4500ffc31b7aa14d6bc56860a999c49f
2025-03-15,maximum,Day,Consumption,4328,16:30,17:00,50.13,official_observed_reference,d6735fa76371804cd773b8b4b4bb092a4500ffc31b7aa14d6bc56860a999c49f
2025-03-15,maximum,Evening,Generation,1715,20:00,20:30,49.96,official_observed_reference,d6735fa76371804cd773b8b4b4bb092a4500ffc31b7aa14d6bc56860a999c49f
2025-03-15,maximum,Evening,Consumption,5234,22:30,23:00,50.04,official_observed_reference,d6735fa76371804cd773b8b4b4bb092a4500ffc31b7aa14d6bc56860a999c49f
2025-03-15,maximum,Morning,Generation,659,07:00,07:30,50.01,official_observed_reference,d6735fa76371804cd773b8b4b4bb092a4500ffc31b7aa14d6bc56860a999c49f
2025-03-15,maximum,Morning,Consumption,3759,06:00,06:30,50.14,official_observed_reference,d6735fa76371804cd773b8b4b4bb092a4500ffc31b7aa14d6bc56860a999c49f
2025-03-15,minimum,Night,Generation,183,02:30,03:00,50.04,official_observed_reference,d6735fa76371804cd773b8b4b4bb092a4500ffc31b7aa14d6bc56860a999c49f
2025-03-15,minimum,Night,Consumption,3640,04:00,04:30,50.06,official_observed_reference,d6735fa76371804cd773b8b4b4bb092a4500ffc31b7aa14d6bc56860a999c49f
2025-03-15,minimum,Day,Generation,310,08:30,09:00,49.98,official_observed_reference,d6735fa76371804cd773b8b4b4bb092a4500ffc31b7aa14d6bc56860a999c49f
2025-03-15,minimum,Day,Consumption,3559,09:30,10:00,50.02,official_observed_reference,d6735fa76371804cd773b8b4b4bb092a4500ffc31b7aa14d6bc56860a999c49f
2025-03-16,maximum,Day,Generation,458,15:30,16:00,50.06,official_observed_reference,0d30b19ceefb6c8faba0b006b65788d58466a5eab526e57f4e293e02c3f4f72f
2025-03-16,maximum,Day,Consumption,3769,16:30,17:00,50.11,official_observed_reference,0d30b19ceefb6c8faba0b006b65788d58466a5eab526e57f4e293e02c3f4f72f
2025-03-16,maximum,Evening,Generation,686,19:00,19:30,50.05,official_observed_reference,0d30b19ceefb6c8faba0b006b65788d58466a5eab526e57f4e293e02c3f4f72f
2025-03-16,maximum,Evening,Consumption,4481,22:30,23:00,49.99,official_observed_reference,0d30b19ceefb6c8faba0b006b65788d58466a5eab526e57f4e293e02c3f4f72f
2025-03-16,maximum,Morning,Generation,1010,05:30,06:00,50.08,official_observed_reference,0d30b19ceefb6c8faba0b006b65788d58466a5eab526e57f4e293e02c3f4f72f
2025-03-16,maximum,Morning,Consumption,3912,05:30,06:00,50.08,official_observed_reference,0d30b19ceefb6c8faba0b006b65788d58466a5eab526e57f4e293e02c3f4f72f
2025-03-16,minimum,Night,Generation,365,04:00,04:30,50.04,official_observed_reference,0d30b19ceefb6c8faba0b006b65788d58466a5eab526e57f4e293e02c3f4f72f
2025-03-16,minimum,Night,Consumption,3781,18:00,18:30,50.04,official_observed_reference,0d30b19ceefb6c8faba0b006b65788d58466a5eab526e57f4e293e02c3f4f72f
2025-03-16,minimum,Day,Generation,279,11:00,11:30,50.03,official_observed_reference,0d30b19ceefb6c8faba0b006b65788d58466a5eab526e57f4e293e02c3f4f72f
2025-03-16,minimum,Day,Consumption,3192,11:30,12:00,50.09,official_observed_reference,0d30b19ceefb6c8faba0b006b65788d58466a5eab526e57f4e293e02c3f4f72f
2025-03-18,maximum,Day,Generation,620,16:30,17:00,50.06,official_observed_reference,86c3b358e642421757833931d0cf6b54b398779a69a036bc395e6fdd4b190450
2025-03-18,maximum,Day,Consumption,4225,16:30,17:00,50.06,official_observed_reference,86c3b358e642421757833931d0cf6b54b398779a69a036bc395e6fdd4b190450
2025-03-18,maximum,Evening,Generation,1521,19:00,19:30,49.9,official_observed_reference,86c3b358e642421757833931d0cf6b54b398779a69a036bc395e6fdd4b190450
2025-03-18,maximum,Evening,Consumption,4932,22:30,23:00,50.01,official_observed_reference,86c3b358e642421757833931d0cf6b54b398779a69a036bc395e6fdd4b190450
2025-03-18,maximum,Morning,Generation,733,06:30,07:00,50.03,official_observed_reference,86c3b358e642421757833931d0cf6b54b398779a69a036bc395e6fdd4b190450
2025-03-18,maximum,Morning,Consumption,3545,07:00,07:30,49.99,official_observed_reference,86c3b358e642421757833931d0cf6b54b398779a69a036bc395e6fdd4b190450
2025-03-18,minimum,Night,Generation,308,02:00,02:30,50.01,official_observed_reference,86c3b358e642421757833931d0cf6b54b398779a69a036bc395e6fdd4b190450
2025-03-18,minimum,Night,Consumption,3325,03:30,04:00,50.01,official_observed_reference,86c3b358e642421757833931d0cf6b54b398779a69a036bc395e6fdd4b190450
2025-03-18,minimum,Day,Generation,244,09:00,09:30,50.04,official_observed_reference,86c3b358e642421757833931d0cf6b54b398779a69a036bc395e6fdd4b190450
2025-03-18,minimum,Day,Consumption,3334,09:00,09:30,50.04,official_observed_reference,86c3b358e642421757833931d0cf6b54b398779a69a036bc395e6fdd4b190450
2025-03-19,maximum,Day,Generation,848,16:30,17:00,50.05,official_observed_reference,e30df1af090abece8ff60c51f6432d77eeb9332445ebc0f42326da1b81c89092
2025-03-19,maximum,Day,Consumption,4382,17:00,17:30,50.06,official_observed_reference,e30df1af090abece8ff60c51f6432d77eeb9332445ebc0f42326da1b81c89092
2025-03-19,maximum,Evening,Generation,1654,19:00,19:30,49.95,official_observed_reference,e30df1af090abece8ff60c51f6432d77eeb9332445ebc0f42326da1b81c89092
2025-03-19,maximum,Evening,Consumption,5017,22:30,23:00,50.06,official_observed_reference,e30df1af090abece8ff60c51f6432d77eeb9332445ebc0f42326da1b81c89092
2025-03-19,maximum,Morning,Generation,973,06:30,07:00,49.92,official_observed_reference,e30df1af090abece8ff60c51f6432d77eeb9332445ebc0f42326da1b81c89092
2025-03-19,maximum,Morning,Consumption,3764,05:30,06:00,50.11,official_observed_reference,e30df1af090abece8ff60c51f6432d77eeb9332445ebc0f42326da1b81c89092
2025-03-19,minimum,Night,Generation,279,01:30,02:00,50.05,official_observed_reference,e30df1af090abece8ff60c51f6432d77eeb9332445ebc0f42326da1b81c89092
2025-03-19,minimum,Night,Consumption,3567,03:30,04:00,50.07,official_observed_reference,e30df1af090abece8ff60c51f6432d77eeb9332445ebc0f42326da1b81c89092
2025-03-19,minimum,Day,Generation,344,11:00,11:30,49.99,official_observed_reference,e30df1af090abece8ff60c51f6432d77eeb9332445ebc0f42326da1b81c89092
2025-03-19,minimum,Day,Consumption,3527,10:00,10:30,50.02,official_observed_reference,e30df1af090abece8ff60c51f6432d77eeb9332445ebc0f42326da1b81c89092
2025-03-20,maximum,Day,Generation,1030,17:30,18:00,50.05,official_observed_reference,e21c4f6ab3ddb3bcbcb42b693aa4f920c84d92356b9141c2c2e4497ccb854e21
2025-03-20,maximum,Day,Consumption,4476,17:00,17:30,49.99,official_observed_reference,e21c4f6ab3ddb3bcbcb42b693aa4f920c84d92356b9141c2c2e4497ccb854e21
2025-03-20,maximum,Evening,Generation,1737,20:00,20:30,50.02,official_observed_reference,e21c4f6ab3ddb3bcbcb42b693aa4f920c84d92356b9141c2c2e4497ccb854e21
2025-03-20,maximum,Evening,Consumption,5347,22:30,23:00,49.97,official_observed_reference,e21c4f6ab3ddb3bcbcb42b693aa4f920c84d92356b9141c2c2e4497ccb854e21
2025-03-20,maximum,Morning,Generation,1245,07:00,07:30,50.03,official_observed_reference,e21c4f6ab3ddb3bcbcb42b693aa4f920c84d92356b9141c2c2e4497ccb854e21
2025-03-20,maximum,Morning,Consumption,3856,05:00,05:30,50.03,official_observed_reference,e21c4f6ab3ddb3bcbcb42b693aa4f920c84d92356b9141c2c2e4497ccb854e21
2025-03-20,minimum,Night,Generation,281,01:30,02:00,49.97,official_observed_reference,e21c4f6ab3ddb3bcbcb42b693aa4f920c84d92356b9141c2c2e4497ccb854e21
2025-03-20,minimum,Night,Consumption,3713,04:00,04:30,50.05,official_observed_reference,e21c4f6ab3ddb3bcbcb42b693aa4f920c84d92356b9141c2c2e4497ccb854e21
2025-03-20,minimum,Day,Generation,362,11:00,11:30,50.00,official_observed_reference,e21c4f6ab3ddb3bcbcb42b693aa4f920c84d92356b9141c2c2e4497ccb854e21
2025-03-20,minimum,Day,Consumption,3542,09:00,09:30,50.09,official_observed_reference,e21c4f6ab3ddb3bcbcb42b693aa4f920c84d92356b9141c2c2e4497ccb854e21
2025-03-21,maximum,Day,Generation,750,17:00,17:30,49.99,official_observed_reference,e9d4fd34bfd63ea55084374c15a6079a86420d2d5cc979380ca58f8d4d411438
2025-03-21,maximum,Day,Consumption,4431,16:00,16:30,50.04,official_observed_reference,e9d4fd34bfd63ea55084374c15a6079a86420d2d5cc979380ca58f8d4d411438
2025-03-21,maximum,Evening,Generation,1753,19:00,19:30,50.05,official_observed_reference,e9d4fd34bfd63ea55084374c15a6079a86420d2d5cc979380ca58f8d4d411438
2025-03-21,maximum,Evening,Consumption,5002,22:30,23:00,50.00,official_observed_reference,e9d4fd34bfd63ea55084374c15a6079a86420d2d5cc979380ca58f8d4d411438
2025-03-21,maximum,Morning,Generation,1296,06:00,06:30,50.06,official_observed_reference,e9d4fd34bfd63ea55084374c15a6079a86420d2d5cc979380ca58f8d4d411438
2025-03-21,maximum,Morning,Consumption,3959,05:30,06:00,50.14,official_observed_reference,e9d4fd34bfd63ea55084374c15a6079a86420d2d5cc979380ca58f8d4d411438
2025-03-21,minimum,Night,Generation,299,04:00,04:30,50.03,official_observed_reference,e9d4fd34bfd63ea55084374c15a6079a86420d2d5cc979380ca58f8d4d411438
2025-03-21,minimum,Night,Consumption,3889,04:00,04:30,50.03,official_observed_reference,e9d4fd34bfd63ea55084374c15a6079a86420d2d5cc979380ca58f8d4d411438
2025-03-21,minimum,Day,Generation,387,13:00,13:30,50.02,official_observed_reference,e9d4fd34bfd63ea55084374c15a6079a86420d2d5cc979380ca58f8d4d411438
2025-03-21,minimum,Day,Consumption,3727,09:30,10:00,50.06,official_observed_reference,e9d4fd34bfd63ea55084374c15a6079a86420d2d5cc979380ca58f8d4d411438
2025-03-22,maximum,Day,Generation,645,12:30,13:00,50.06,official_observed_reference,a0b9a8579ab4310d649a5ff33de2ca4f56b10c10a229cdb9c1ba06085a056cfa
2025-03-22,maximum,Day,Consumption,3892,14:30,15:00,49.97,official_observed_reference,a0b9a8579ab4310d649a5ff33de2ca4f56b10c10a229cdb9c1ba06085a056cfa
2025-03-22,maximum,Evening,Generation,1309,19:30,20:00,50.08,official_observed_reference,a0b9a8579ab4310d649a5ff33de2ca4f56b10c10a229cdb9c1ba06085a056cfa
2025-03-22,maximum,Evening,Consumption,4508,22:30,23:00,50.04,official_observed_reference,a0b9a8579ab4310d649a5ff33de2ca4f56b10c10a229cdb9c1ba06085a056cfa
2025-03-22,maximum,Morning,Generation,1017,05:30,06:00,50.19,official_observed_reference,a0b9a8579ab4310d649a5ff33de2ca4f56b10c10a229cdb9c1ba06085a056cfa
2025-03-22,maximum,Morning,Consumption,3815,06:00,06:30,50.02,official_observed_reference,a0b9a8579ab4310d649a5ff33de2ca4f56b10c10a229cdb9c1ba06085a056cfa
2025-03-22,minimum,Night,Generation,285,01:30,02:00,50.03,official_observed_reference,a0b9a8579ab4310d649a5ff33de2ca4f56b10c10a229cdb9c1ba06085a056cfa
2025-03-22,minimum,Night,Consumption,3538,05:00,05:30,50.06,official_observed_reference,a0b9a8579ab4310d649a5ff33de2ca4f56b10c10a229cdb9c1ba06085a056cfa
2025-03-22,minimum,Day,Generation,282,17:00,17:30,50.13,official_observed_reference,a0b9a8579ab4310d649a5ff33de2ca4f56b10c10a229cdb9c1ba06085a056cfa
2025-03-22,minimum,Day,Consumption,3456,17:00,17:30,50.13,official_observed_reference,a0b9a8579ab4310d649a5ff33de2ca4f56b10c10a229cdb9c1ba06085a056cfa
2025-03-23,maximum,Day,Generation,726,17:30,18:00,50.08,official_observed_reference,a5bb0346ff40efb038403fe1fb135aecf70150584f9db1f2bc0ffdc1343c6679
2025-03-23,maximum,Day,Consumption,3500,17:30,18:00,50.08,official_observed_reference,a5bb0346ff40efb038403fe1fb135aecf70150584f9db1f2bc0ffdc1343c6679
2025-03-23,maximum,Evening,Generation,1078,19:30,20:00,50,official_observed_reference,a5bb0346ff40efb038403fe1fb135aecf70150584f9db1f2bc0ffdc1343c6679
2025-03-23,maximum,Evening,Consumption,4428,22:00,22:30,50.05,official_observed_reference,a5bb0346ff40efb038403fe1fb135aecf70150584f9db1f2bc0ffdc1343c6679
2025-03-23,maximum,Morning,Generation,912,06:00,06:30,50.08,official_observed_reference,a5bb0346ff40efb038403fe1fb135aecf70150584f9db1f2bc0ffdc1343c6679
2025-03-23,maximum,Morning,Consumption,3480,05:00,05:30,49.99,official_observed_reference,a5bb0346ff40efb038403fe1fb135aecf70150584f9db1f2bc0ffdc1343c6679
2025-03-23,minimum,Night,Generation,308,03:30,04:00,50.03,official_observed_reference,a5bb0346ff40efb038403fe1fb135aecf70150584f9db1f2bc0ffdc1343c6679
2025-03-23,minimum,Night,Consumption,3377,04:00,04:30,50.00,official_observed_reference,a5bb0346ff40efb038403fe1fb135aecf70150584f9db1f2bc0ffdc1343c6679
2025-03-23,minimum,Day,Generation,276,09:00,09:30,50.03,official_observed_reference,a5bb0346ff40efb038403fe1fb135aecf70150584f9db1f2bc0ffdc1343c6679
2025-03-23,minimum,Day,Consumption,2846,10:00,10:30,49.94,official_observed_reference,a5bb0346ff40efb038403fe1fb135aecf70150584f9db1f2bc0ffdc1343c6679
2025-03-24,maximum,Day,Generation,1128,17:30,18:00,50.1,official_observed_reference,25ca9134f5a76d0681157e8cb2ffc05cdfe94482fd07de96e0defdbeaee4d53f
2025-03-24,maximum,Day,Consumption,4340,17:00,17:30,50.09,official_observed_reference,25ca9134f5a76d0681157e8cb2ffc05cdfe94482fd07de96e0defdbeaee4d53f
2025-03-24,maximum,Evening,Generation,1730,19:30,20:00,50.07,official_observed_reference,25ca9134f5a76d0681157e8cb2ffc05cdfe94482fd07de96e0defdbeaee4d53f
2025-03-24,maximum,Evening,Consumption,5102,22:00,22:30,50.01,official_observed_reference,25ca9134f5a76d0681157e8cb2ffc05cdfe94482fd07de96e0defdbeaee4d53f
2025-03-24,maximum,Morning,Generation,1200,06:30,07:00,50.04,official_observed_reference,25ca9134f5a76d0681157e8cb2ffc05cdfe94482fd07de96e0defdbeaee4d53f
2025-03-24,maximum,Morning,Consumption,3542,06:30,07:00,50.04,official_observed_reference,25ca9134f5a76d0681157e8cb2ffc05cdfe94482fd07de96e0defdbeaee4d53f
2025-03-24,minimum,Night,Generation,297,03:30,04:00,50.01,official_observed_reference,25ca9134f5a76d0681157e8cb2ffc05cdfe94482fd07de96e0defdbeaee4d53f
2025-03-24,minimum,Night,Consumption,3336,04:00,04:30,50.02,official_observed_reference,25ca9134f5a76d0681157e8cb2ffc05cdfe94482fd07de96e0defdbeaee4d53f
2025-03-24,minimum,Day,Generation,649,15:00,15:30,50.00,official_observed_reference,25ca9134f5a76d0681157e8cb2ffc05cdfe94482fd07de96e0defdbeaee4d53f
2025-03-24,minimum,Day,Consumption,3386,09:00,09:30,49.99,official_observed_reference,25ca9134f5a76d0681157e8cb2ffc05cdfe94482fd07de96e0defdbeaee4d53f
2025-03-25,maximum,Day,Generation,1242,17:30,18:00,50.1,official_observed_reference,87cc7924b5bd0e19192ee1a36cd4ba7fca3d21b8a93efc9888cc4ec8f210afb9
2025-03-25,maximum,Day,Consumption,4451,17:30,18:00,50.10,official_observed_reference,87cc7924b5bd0e19192ee1a36cd4ba7fca3d21b8a93efc9888cc4ec8f210afb9
2025-03-25,maximum,Evening,Generation,1659,19:30,20:00,50.1,official_observed_reference,87cc7924b5bd0e19192ee1a36cd4ba7fca3d21b8a93efc9888cc4ec8f210afb9
2025-03-25,maximum,Evening,Consumption,4868,22:00,22:30,49.93,official_observed_reference,87cc7924b5bd0e19192ee1a36cd4ba7fca3d21b8a93efc9888cc4ec8f210afb9
2025-03-25,maximum,Morning,Generation,1332,06:00,06:30,50.05,official_observed_reference,87cc7924b5bd0e19192ee1a36cd4ba7fca3d21b8a93efc9888cc4ec8f210afb9
2025-03-25,maximum,Morning,Consumption,3793,06:00,06:30,50.05,official_observed_reference,87cc7924b5bd0e19192ee1a36cd4ba7fca3d21b8a93efc9888cc4ec8f210afb9
2025-03-25,minimum,Night,Generation,471,04:00,04:30,50.04,official_observed_reference,87cc7924b5bd0e19192ee1a36cd4ba7fca3d21b8a93efc9888cc4ec8f210afb9
2025-03-25,minimum,Night,Consumption,3648,04:00,04:30,50.04,official_observed_reference,87cc7924b5bd0e19192ee1a36cd4ba7fca3d21b8a93efc9888cc4ec8f210afb9
2025-03-25,minimum,Day,Generation,504,14:00,14:30,49.99,official_observed_reference,87cc7924b5bd0e19192ee1a36cd4ba7fca3d21b8a93efc9888cc4ec8f210afb9
2025-03-25,minimum,Day,Consumption,3592,09:00,09:30,50.02,official_observed_reference,87cc7924b5bd0e19192ee1a36cd4ba7fca3d21b8a93efc9888cc4ec8f210afb9
2025-03-26,maximum,Day,Generation,1036,17:30,18:00,50.17,official_observed_reference,d819f7c8059877ab7c3fabb8995d96c4caf58f0109ad6c0faf92ed907c8fb6b2
2025-03-26,maximum,Day,Consumption,4279,17:30,18:00,50.17,official_observed_reference,d819f7c8059877ab7c3fabb8995d96c4caf58f0109ad6c0faf92ed907c8fb6b2
2025-03-26,maximum,Evening,Generation,1650,19:30,20:00,50.05,official_observed_reference,d819f7c8059877ab7c3fabb8995d96c4caf58f0109ad6c0faf92ed907c8fb6b2
2025-03-26,maximum,Evening,Consumption,4776,22:00,22:30,49.99,official_observed_reference,d819f7c8059877ab7c3fabb8995d96c4caf58f0109ad6c0faf92ed907c8fb6b2
2025-03-26,maximum,Morning,Generation,1169,06:30,07:00,50.01,official_observed_reference,d819f7c8059877ab7c3fabb8995d96c4caf58f0109ad6c0faf92ed907c8fb6b2
2025-03-26,maximum,Morning,Consumption,3781,05:30,06:00,50.05,official_observed_reference,d819f7c8059877ab7c3fabb8995d96c4caf58f0109ad6c0faf92ed907c8fb6b2
2025-03-26,minimum,Night,Generation,385,04:30,05:00,50.07,official_observed_reference,d819f7c8059877ab7c3fabb8995d96c4caf58f0109ad6c0faf92ed907c8fb6b2
2025-03-26,minimum,Night,Consumption,3606,04:00,04:30,50.00,official_observed_reference,d819f7c8059877ab7c3fabb8995d96c4caf58f0109ad6c0faf92ed907c8fb6b2
2025-03-26,minimum,Day,Generation,383,09:30,10:00,50.11,official_observed_reference,d819f7c8059877ab7c3fabb8995d96c4caf58f0109ad6c0faf92ed907c8fb6b2
2025-03-26,minimum,Day,Consumption,3517,09:00,09:30,50.10,official_observed_reference,d819f7c8059877ab7c3fabb8995d96c4caf58f0109ad6c0faf92ed907c8fb6b2
2025-03-27,maximum,Day,Generation,1083,17:30,18:00,50.16,official_observed_reference,317a61a73993933c99d944ac5939c73f862b6a027796dd32faf6070462aea8fc
2025-03-27,maximum,Day,Consumption,4315,16:30,17:00,49.99,official_observed_reference,317a61a73993933c99d944ac5939c73f862b6a027796dd32faf6070462aea8fc
2025-03-27,maximum,Evening,Generation,1614,19:00,19:30,50.02,official_observed_reference,317a61a73993933c99d944ac5939c73f862b6a027796dd32faf6070462aea8fc
2025-03-27,maximum,Evening,Consumption,4962,22:30,23:00,50.02,official_observed_reference,317a61a73993933c99d944ac5939c73f862b6a027796dd32faf6070462aea8fc
2025-03-27,maximum,Morning,Generation,1062,06:00,06:30,50.08,official_observed_reference,317a61a73993933c99d944ac5939c73f862b6a027796dd32faf6070462aea8fc
2025-03-27,maximum,Morning,Consumption,3735,05:30,06:00,50.08,official_observed_reference,317a61a73993933c99d944ac5939c73f862b6a027796dd32faf6070462aea8fc
2025-03-27,minimum,Night,Generation,279,01:30,02:00,50.03,official_observed_reference,317a61a73993933c99d944ac5939c73f862b6a027796dd32faf6070462aea8fc
2025-03-27,minimum,Night,Consumption,3548,04:30,05:00,50.02,official_observed_reference,317a61a73993933c99d944ac5939c73f862b6a027796dd32faf6070462aea8fc
2025-03-27,minimum,Day,Generation,344,10:00,10:30,49.95,official_observed_reference,317a61a73993933c99d944ac5939c73f862b6a027796dd32faf6070462aea8fc
2025-03-27,minimum,Day,Consumption,3500,09:30,10:00,50.02,official_observed_reference,317a61a73993933c99d944ac5939c73f862b6a027796dd32faf6070462aea8fc
2025-03-28,maximum,Day,Generation,1208,17:30,18:00,50.04,official_observed_reference,21a1957a9f40d4b4182e36fabe59e3c9e13789e6592cb42f94e71b4c34f2e859
2025-03-28,maximum,Day,Consumption,4472,16:30,17:00,50.03,official_observed_reference,21a1957a9f40d4b4182e36fabe59e3c9e13789e6592cb42f94e71b4c34f2e859
2025-03-28,maximum,Evening,Generation,1712,21:30,22:00,50.09,official_observed_reference,21a1957a9f40d4b4182e36fabe59e3c9e13789e6592cb42f94e71b4c34f2e859
2025-03-28,maximum,Evening,Consumption,5181,22:30,23:00,50.03,official_observed_reference,21a1957a9f40d4b4182e36fabe59e3c9e13789e6592cb42f94e71b4c34f2e859
2025-03-28,maximum,Morning,Generation,907,06:00,06:30,50.06,official_observed_reference,21a1957a9f40d4b4182e36fabe59e3c9e13789e6592cb42f94e71b4c34f2e859
2025-03-28,maximum,Morning,Consumption,3777,06:30,07:00,50.04,official_observed_reference,21a1957a9f40d4b4182e36fabe59e3c9e13789e6592cb42f94e71b4c34f2e859
2025-03-28,minimum,Night,Generation,275,03:30,04:00,50.03,official_observed_reference,21a1957a9f40d4b4182e36fabe59e3c9e13789e6592cb42f94e71b4c34f2e859
2025-03-28,minimum,Night,Consumption,3608,03:30,04:00,50.03,official_observed_reference,21a1957a9f40d4b4182e36fabe59e3c9e13789e6592cb42f94e71b4c34f2e859
2025-03-28,minimum,Day,Generation,443,13:00,13:30,50.17,official_observed_reference,21a1957a9f40d4b4182e36fabe59e3c9e13789e6592cb42f94e71b4c34f2e859
2025-03-28,minimum,Day,Consumption,3630,09:00,09:30,50.05,official_observed_reference,21a1957a9f40d4b4182e36fabe59e3c9e13789e6592cb42f94e71b4c34f2e859
2025-03-29,maximum,Day,Generation,1444,17:30,18:00,50.1,official_observed_reference,e54fd94a728c88954171a7bbe20514cc5c57234bd6295c82ac65955ce8ce9b7e
2025-03-29,maximum,Day,Consumption,4573,17:30,18:00,50.10,official_observed_reference,e54fd94a728c88954171a7bbe20514cc5c57234bd6295c82ac65955ce8ce9b7e
2025-03-29,maximum,Evening,Generation,1735,20:30,21:00,50.03,official_observed_reference,e54fd94a728c88954171a7bbe20514cc5c57234bd6295c82ac65955ce8ce9b7e
2025-03-29,maximum,Evening,Consumption,5273,22:30,23:00,50.02,official_observed_reference,e54fd94a728c88954171a7bbe20514cc5c57234bd6295c82ac65955ce8ce9b7e
2025-03-29,maximum,Morning,Generation,1110,06:00,06:30,50.03,official_observed_reference,e54fd94a728c88954171a7bbe20514cc5c57234bd6295c82ac65955ce8ce9b7e
2025-03-29,maximum,Morning,Consumption,4045,05:30,06:00,50.04,official_observed_reference,e54fd94a728c88954171a7bbe20514cc5c57234bd6295c82ac65955ce8ce9b7e
2025-03-29,minimum,Night,Generation,322,03:30,04:00,49.99,official_observed_reference,e54fd94a728c88954171a7bbe20514cc5c57234bd6295c82ac65955ce8ce9b7e
2025-03-29,minimum,Night,Consumption,3798,03:30,04:00,49.99,official_observed_reference,e54fd94a728c88954171a7bbe20514cc5c57234bd6295c82ac65955ce8ce9b7e
2025-03-29,minimum,Day,Generation,323,08:00,08:30,50.01,official_observed_reference,e54fd94a728c88954171a7bbe20514cc5c57234bd6295c82ac65955ce8ce9b7e
2025-03-29,minimum,Day,Consumption,3760,09:00,09:30,50.06,official_observed_reference,e54fd94a728c88954171a7bbe20514cc5c57234bd6295c82ac65955ce8ce9b7e
2025-03-30,maximum,Day,Generation,857,17:30,18:00,50.09,official_observed_reference,ccaeba10fdcdffab77057df282e23697fea294c076851c33007473433462b3ae
2025-03-30,maximum,Day,Consumption,4026,17:30,18:00,50.09,official_observed_reference,ccaeba10fdcdffab77057df282e23697fea294c076851c33007473433462b3ae
2025-03-30,maximum,Evening,Generation,1454,22:00,22:30,50.01,official_observed_reference,ccaeba10fdcdffab77057df282e23697fea294c076851c33007473433462b3ae
2025-03-30,maximum,Evening,Consumption,5028,22:00,22:30,50.01,official_observed_reference,ccaeba10fdcdffab77057df282e23697fea294c076851c33007473433462b3ae
2025-03-30,maximum,Morning,Generation,1096,05:30,06:00,50.08,official_observed_reference,ccaeba10fdcdffab77057df282e23697fea294c076851c33007473433462b3ae
2025-03-30,maximum,Morning,Consumption,4063,05:30,06:00,50.08,official_observed_reference,ccaeba10fdcdffab77057df282e23697fea294c076851c33007473433462b3ae
2025-03-30,minimum,Night,Generation,376,03:30,04:00,50.04,official_observed_reference,ccaeba10fdcdffab77057df282e23697fea294c076851c33007473433462b3ae
2025-03-30,minimum,Night,Consumption,3830,04:30,05:00,50.08,official_observed_reference,ccaeba10fdcdffab77057df282e23697fea294c076851c33007473433462b3ae
2025-03-30,minimum,Day,Generation,308,08:30,09:00,50.05,official_observed_reference,ccaeba10fdcdffab77057df282e23697fea294c076851c33007473433462b3ae
2025-03-30,minimum,Day,Consumption,3230,11:00,11:30,49.99,official_observed_reference,ccaeba10fdcdffab77057df282e23697fea294c076851c33007473433462b3ae
2025-03-31,maximum,Day,Generation,888,17:30,18:00,50.13,official_observed_reference,a85215ffff6758e2c29cec1b5b78d8d3a419a2b56aa6cb439ece85a12ee64b6b
2025-03-31,maximum,Day,Consumption,4016,16:30,17:00,50.05,official_observed_reference,a85215ffff6758e2c29cec1b5b78d8d3a419a2b56aa6cb439ece85a12ee64b6b
2025-03-31,maximum,Evening,Generation,1474,20:30,21:00,50.02,official_observed_reference,a85215ffff6758e2c29cec1b5b78d8d3a419a2b56aa6cb439ece85a12ee64b6b
2025-03-31,maximum,Evening,Consumption,5039,22:30,23:00,50.03,official_observed_reference,a85215ffff6758e2c29cec1b5b78d8d3a419a2b56aa6cb439ece85a12ee64b6b
2025-03-31,maximum,Morning,Generation,1046,06:00,06:30,50.03,official_observed_reference,a85215ffff6758e2c29cec1b5b78d8d3a419a2b56aa6cb439ece85a12ee64b6b
2025-03-31,maximum,Morning,Consumption,3966,06:00,06:30,50.03,official_observed_reference,a85215ffff6758e2c29cec1b5b78d8d3a419a2b56aa6cb439ece85a12ee64b6b
2025-03-31,minimum,Night,Generation,392,03:00,03:30,50.05,official_observed_reference,a85215ffff6758e2c29cec1b5b78d8d3a419a2b56aa6cb439ece85a12ee64b6b
2025-03-31,minimum,Night,Consumption,3841,04:30,05:00,50.05,official_observed_reference,a85215ffff6758e2c29cec1b5b78d8d3a419a2b56aa6cb439ece85a12ee64b6b
2025-03-31,minimum,Day,Generation,218,08:30,09:00,50.03,official_observed_reference,a85215ffff6758e2c29cec1b5b78d8d3a419a2b56aa6cb439ece85a12ee64b6b
2025-03-31,minimum,Day,Consumption,3331,09:30,10:00,50.04,official_observed_reference,a85215ffff6758e2c29cec1b5b78d8d3a419a2b56aa6cb439ece85a12ee64b6b
